trial_id,trial_mode,algorithm,comm_model,comm_level,grid_size,grid_cells,robot_count,target_count,condition_id,scenario_file,robot_id,steps_total,targets_found,task_cell_revisits,unique_cells_contributed,system_revisits_by_robot,task_cell_replans,path_replans,collision_prevention_events,blocked_task_quarantines,blocked_task_quarantine_time_s,maximum_quarantine_level,stall_recoveries,messages_sent,core_messages_sent,allocation_messages_sent,messages_delivered_to_robot,messages_dropped_to_robot,allocator_calls,allocator_time_ms_total,allocator_time_ms_mean,allocator_time_ms_median,allocator_time_ms_p95,allocator_time_ms_max,allocator_solve_time_ms_total,allocator_solve_time_ms_mean,allocator_solve_time_ms_median,allocator_solve_time_ms_p95,allocator_solve_time_ms_max,candidate_filter_calls,candidate_filter_time_ms_total,candidate_filter_time_ms_mean,candidate_filter_time_ms_median,candidate_filter_time_ms_p95,candidate_filter_time_ms_max,trial_status
0,known_visit,HIPC,bernoulli,drop_0.25,19,361,4,10,hipc_h2_bernoulli_025,C:\Users\lottj\Desktop\research\decentralized benchmark\commitment-horizon-study\reference_core_benchmark_pilot\known_visit_10target_300.csv,00,25,1,2,15,11,2,0,0,0,0.0,0,0,67,52,15,122,27,11,5.7467,0.5224272727272727,0.5142,0.9853,0.9853,3.9819,0.3619909090909091,0.3009,0.8398,0.8398,11,1.7648,0.16043636363636363,0.1451,0.2889,0.2889,completed
0,known_visit,HIPC,bernoulli,drop_0.25,19,361,4,10,hipc_h2_bernoulli_025,C:\Users\lottj\Desktop\research\decentralized benchmark\commitment-horizon-study\reference_core_benchmark_pilot\known_visit_10target_300.csv,01,26,5,0,27,0,1,0,0,0,0.0,0,0,66,53,13,130,21,8,4.743,0.592875,0.5431,1.0656,1.0656,3.1694,0.396175,0.3202,0.8197,0.8197,8,1.5735999999999999,0.19669999999999999,0.20415,0.2587,0.2587,completed
0,known_visit,HIPC,bernoulli,drop_0.25,19,361,4,10,hipc_h2_bernoulli_025,C:\Users\lottj\Desktop\research\decentralized benchmark\commitment-horizon-study\reference_core_benchmark_pilot\known_visit_10target_300.csv,02,13,3,0,14,0,1,0,0,0,0.0,0,0,39,28,11,151,27,52,18.108,0.34823076923076923,0.31125,0.7464,1.4501,9.6944,0.18643076923076923,0.13995000000000002,0.5086,1.1924,52,8.4136,0.1618,0.169,0.2577,0.3426,completed
0,known_visit,HIPC,bernoulli,drop_0.25,19,361,4,10,hipc_h2_bernoulli_025,C:\Users\lottj\Desktop\research\decentralized benchmark\commitment-horizon-study\reference_core_benchmark_pilot\known_visit_10target_300.csv,03,14,1,1,12,3,3,7,2,2,20.0,2,0,45,32,13,146,25,51,17.9648,0.35225098039215685,0.2671,0.8446,1.6757,9.7221,0.19062941176470588,0.0987,0.5948,1.4042,51,8.2427,0.16162156862745097,0.1682,0.2633,0.3356,completed
1,known_visit,HIPC,bernoulli,drop_0.25,19,361,4,10,hipc_h2_bernoulli_025,C:\Users\lottj\Desktop\research\decentralized benchmark\commitment-horizon-study\reference_core_benchmark_pilot\known_visit_10target_300.csv,00,18,2,0,19,0,0,0,0,0,0.0,0,0,44,38,6,121,17,13,6.415,0.49346153846153845,0.3853,0.8874,0.8874,3.857,0.2966923076923077,0.2063,0.6445,0.6445,13,2.558,0.19676923076923075,0.1848,0.2451,0.2451,completed
1,known_visit,HIPC,bernoulli,drop_0.25,19,361,4,10,hipc_h2_bernoulli_025,C:\Users\lottj\Desktop\research\decentralized benchmark\commitment-horizon-study\reference_core_benchmark_pilot\known_visit_10target_300.csv,01,20,3,0,21,0,0,0,0,0,0.0,0,0,50,42,8,110,23,7,5.0062,0.7151714285714286,0.6845,1.0029,1.0029,3.4657999999999998,0.4951142857142857,0.4714,0.7827,0.7827,7,1.5404,0.22005714285714287,0.2202,0.2378,0.2378,completed
1,known_visit,HIPC,bernoulli,drop_0.25,19,361,4,10,hipc_h2_bernoulli_025,C:\Users\lottj\Desktop\research\decentralized benchmark\commitment-horizon-study\reference_core_benchmark_pilot\known_visit_10target_300.csv,02,21,3,0,22,0,0,0,0,0,0.0,0,0,48,43,5,113,22,6,4.901,0.8168333333333333,0.77505,1.4501,1.4501,3.5785,0.5964166666666667,0.5474,1.2255,1.2255,6,1.3225,0.22041666666666668,0.22365000000000002,0.2326,0.2326,completed
1,known_visit,HIPC,bernoulli,drop_0.25,19,361,4,10,hipc_h2_bernoulli_025,C:\Users\lottj\Desktop\research\decentralized benchmark\commitment-horizon-study\reference_core_benchmark_pilot\known_visit_10target_300.csv,03,16,2,0,17,0,0,0,0,0,0.0,0,0,41,34,7,119,23,21,12.8094,0.6099714285714286,0.6157,1.0379,1.1037,7.9559,0.37885238095238094,0.4028,0.5601,0.8747,21,4.8535,0.23111904761904764,0.2032,0.3821,0.4852,completed
2,known_visit,HIPC,bernoulli,drop_0.25,19,361,4,10,hipc_h2_bernoulli_025,C:\Users\lottj\Desktop\research\decentralized benchmark\commitment-horizon-study\reference_core_benchmark_pilot\known_visit_10target_300.csv,00,20,4,0,21,0,0,0,0,0,0.0,0,0,50,42,8,127,18,21,8.4961,0.4045761904761905,0.2883,1.1513,1.1556,4.6839,0.22304285714285715,0.1063,0.8992,0.9101,21,3.8122,0.18153333333333332,0.1751,0.2455,0.2521,completed
2,known_visit,HIPC,bernoulli,drop_0.25,19,361,4,10,hipc_h2_bernoulli_025,C:\Users\lottj\Desktop\research\decentralized benchmark\commitment-horizon-study\reference_core_benchmark_pilot\known_visit_10target_300.csv,01,24,3,0,25,0,0,0,0,0,0.0,0,0,56,49,7,123,17,6,4.163,0.6938333333333334,0.6292,1.3364,1.3364,3.0356,0.5059333333333333,0.43889999999999996,1.1068,1.1068,6,1.1274,0.18789999999999998,0.20135,0.2296,0.2296,completed
2,known_visit,HIPC,bernoulli,drop_0.25,19,361,4,10,hipc_h2_bernoulli_025,C:\Users\lottj\Desktop\research\decentralized benchmark\commitment-horizon-study\reference_core_benchmark_pilot\known_visit_10target_300.csv,02,15,1,0,16,0,3,0,0,0,0.0,0,0,43,33,10,137,15,37,16.5908,0.4484,0.4072,1.0894,1.1029,9.6557,0.26096486486486487,0.2175,0.7946,0.8608,37,6.9351,0.18743513513513516,0.1835,0.2341,0.3083,completed
2,known_visit,HIPC,bernoulli,drop_0.25,19,361,4,10,hipc_h2_bernoulli_025,C:\Users\lottj\Desktop\research\decentralized benchmark\commitment-horizon-study\reference_core_benchmark_pilot\known_visit_10target_300.csv,03,18,2,0,19,0,0,0,0,0,0.0,0,0,47,38,9,126,22,25,10.4775,0.4191,0.3377,0.7289,1.1659,5.8006,0.232024,0.1518,0.4975,0.9271,25,4.6769,0.187076,0.183,0.2481,0.26,completed
3,known_visit,HIPC,bernoulli,drop_0.25,19,361,4,10,hipc_h2_bernoulli_025,C:\Users\lottj\Desktop\research\decentralized benchmark\commitment-horizon-study\reference_core_benchmark_pilot\known_visit_10target_300.csv,00,24,0,0,24,1,3,0,0,0,0.0,0,0,59,49,10,132,20,9,5.7092,0.6343555555555556,0.6522,1.1343,1.1343,3.7829,0.42032222222222226,0.4042,0.8881,0.8881,9,1.9263,0.21403333333333333,0.2117,0.3913,0.3913,completed
3,known_visit,HIPC,bernoulli,drop_0.25,19,361,4,10,hipc_h2_bernoulli_025,C:\Users\lottj\Desktop\research\decentralized benchmark\commitment-horizon-study\reference_core_benchmark_pilot\known_visit_10target_300.csv,01,24,4,0,25,0,0,0,0,0,0.0,0,0,58,49,9,126,28,8,4.1223,0.5152875,0.43895,0.9773,0.9773,2.7323,0.3415375,0.2556,0.7286,0.7286,8,1.3900000000000001,0.17375000000000002,0.1592,0.2487,0.2487,completed
3,known_visit,HIPC,bernoulli,drop_0.25,19,361,4,10,hipc_h2_bernoulli_025,C:\Users\lottj\Desktop\research\decentralized benchmark\commitment-horizon-study\reference_core_benchmark_pilot\known_visit_10target_300.csv,02,13,4,0,14,0,0,0,0,0,0.0,0,0,38,28,10,154,19,42,11.8032,0.28102857142857146,0.21325,0.7516,0.9746,6.4274,0.15303333333333333,0.09715,0.584,0.6887,42,5.3758,0.1279952380952381,0.1155,0.1834,0.2859,completed
3,known_visit,HIPC,bernoulli,drop_0.25,19,361,4,10,hipc_h2_bernoulli_025,C:\Users\lottj\Desktop\research\decentralized benchmark\commitment-horizon-study\reference_core_benchmark_pilot\known_visit_10target_300.csv,03,23,2,0,24,0,1,1,1,0,0.0,0,0,57,48,9,130,24,8,5.2638,0.657975,0.7019,1.173,1.173,3.4614000000000003,0.43267500000000003,0.3808,0.9195,0.9195,8,1.8024,0.2253,0.2059,0.4666,0.4666,completed
4,known_visit,HIPC,bernoulli,drop_0.25,19,361,4,10,hipc_h2_bernoulli_025,C:\Users\lottj\Desktop\research\decentralized benchmark\commitment-horizon-study\reference_core_benchmark_pilot\known_visit_10target_300.csv,00,16,4,0,17,0,0,0,0,0,0.0,0,0,42,34,8,130,22,48,13.9725,0.29109375,0.24655,0.508,0.6738,6.4534,0.13444583333333335,0.10335,0.3501,0.4845,48,7.5191,0.15664791666666666,0.138,0.2671,0.3101,completed
4,known_visit,HIPC,bernoulli,drop_0.25,19,361,4,10,hipc_h2_bernoulli_025,C:\Users\lottj\Desktop\research\decentralized benchmark\commitment-horizon-study\reference_core_benchmark_pilot\known_visit_10target_300.csv,01,8,0,1,7,2,1,0,0,0,0.0,0,0,25,18,7,139,30,72,31.1067,0.4320375,0.39435,0.7314,0.9445,18.8368,0.2616222222222222,0.21250000000000002,0.5028,0.6251,72,12.2699,0.17041527777777776,0.1581,0.3002,0.3199,completed
4,known_visit,HIPC,bernoulli,drop_0.25,19,361,4,10,hipc_h2_bernoulli_025,C:\Users\lottj\Desktop\research\decentralized benchmark\commitment-horizon-study\reference_core_benchmark_pilot\known_visit_10target_300.csv,02,28,4,0,29,0,1,0,0,0,0.0,0,0,68,58,10,110,17,9,4.3344,0.4816,0.3864,1.1841,1.1841,2.8209,0.31343333333333334,0.2429,0.9958,0.9958,9,1.5134999999999998,0.16816666666666666,0.1435,0.2835,0.2835,completed
4,known_visit,HIPC,bernoulli,drop_0.25,19,361,4,10,hipc_h2_bernoulli_025,C:\Users\lottj\Desktop\research\decentralized benchmark\commitment-horizon-study\reference_core_benchmark_pilot\known_visit_10target_300.csv,03,22,2,0,21,2,1,3,3,0,0.0,0,0,60,48,12,114,20,25,8.088000000000001,0.32352000000000003,0.192,0.8343,1.1697,4.8345,0.19338,0.0759,0.616,0.9765,25,3.2535,0.13014,0.1161,0.1932,0.2183,completed
5,known_visit,HIPC,bernoulli,drop_0.25,19,361,4,10,hipc_h2_bernoulli_025,C:\Users\lottj\Desktop\research\decentralized benchmark\commitment-horizon-study\reference_core_benchmark_pilot\known_visit_10target_300.csv,00,29,3,0,30,0,1,4,1,1,5.0,1,0,76,60,16,156,28,13,8.052,0.6193846153846153,0.7328,1.0316,1.0316,5.5146999999999995,0.4242076923076923,0.53,0.7917,0.7917,13,2.5373,0.19517692307692308,0.1881,0.2629,0.2629,completed
5,known_visit,HIPC,bernoulli,drop_0.25,19,361,4,10,hipc_h2_bernoulli_025,C:\Users\lottj\Desktop\research\decentralized benchmark\commitment-horizon-study\reference_core_benchmark_pilot\known_visit_10target_300.csv,01,22,4,0,23,0,2,2,1,1,5.0,1,0,65,49,16,155,40,33,14.6744,0.4446787878787879,0.3506,0.9403,1.0018,9.2448,0.28014545454545453,0.1858,0.6659,0.7038,33,5.4296,0.16453333333333334,0.1456,0.2744,0.3752,completed
5,known_visit,HIPC,bernoulli,drop_0.25,19,361,4,10,hipc_h2_bernoulli_025,C:\Users\lottj\Desktop\research\decentralized benchmark\commitment-horizon-study\reference_core_benchmark_pilot\known_visit_10target_300.csv,02,26,1,4,19,8,1,1,1,0,0.0,0,0,73,56,17,152,34,19,8.7055,0.4581842105263158,0.2708,0.9754,0.9754,5.5845,0.29392105263157897,0.0941,0.7993,0.7993,19,3.121,0.16426315789473683,0.1726,0.2586,0.2586,completed
5,known_visit,HIPC,bernoulli,drop_0.25,19,361,4,10,hipc_h2_bernoulli_025,C:\Users\lottj\Desktop\research\decentralized benchmark\commitment-horizon-study\reference_core_benchmark_pilot\known_visit_10target_300.csv,03,19,2,0,20,0,0,0,0,0,0.0,0,0,46,40,6,184,29,41,12.9252,0.31524878048780486,0.2721,0.5929,1.1388,6.8685,0.16752439024390245,0.1066,0.4092,0.7744,41,6.0567,0.14772439024390244,0.1274,0.2351,0.3644,completed
6,known_visit,HIPC,bernoulli,drop_0.25,19,361,4,10,hipc_h2_bernoulli_025,C:\Users\lottj\Desktop\research\decentralized benchmark\commitment-horizon-study\reference_core_benchmark_pilot\known_visit_10target_300.csv,00,33,5,0,34,0,0,1,1,0,0.0,0,0,79,67,12,127,30,7,4.1445,0.5920714285714286,0.5697,1.0569,1.0569,3.0027,0.42895714285714287,0.4157,0.8691,0.8691,7,1.1418,0.1631142857142857,0.156,0.2388,0.2388,completed
6,known_visit,HIPC,bernoulli,drop_0.25,19,361,4,10,hipc_h2_bernoulli_025,C:\Users\lottj\Desktop\research\decentralized benchmark\commitment-horizon-study\reference_core_benchmark_pilot\known_visit_10target_300.csv,01,25,2,1,25,1,0,0,0,0,0.0,0,0,61,53,8,144,31,34,17.6961,0.5204735294117647,0.4568,0.9064,1.1227,11.3514,0.33386470588235295,0.32325000000000004,0.6306,0.8654,34,6.3447,0.18660882352941174,0.16775,0.2758,0.3181,completed
6,known_visit,HIPC,bernoulli,drop_0.25,19,361,4,10,hipc_h2_bernoulli_025,C:\Users\lottj\Desktop\research\decentralized benchmark\commitment-horizon-study\reference_core_benchmark_pilot\known_visit_10target_300.csv,02,24,2,0,25,0,2,2,1,1,5.0,1,0,63,52,11,139,34,34,11.0715,0.3256323529411765,0.30015000000000003,0.5632,0.8977,5.5626,0.16360588235294116,0.12355,0.4039,0.7424,34,5.5089,0.16202647058823527,0.1755,0.1951,0.2263,completed
6,known_visit,HIPC,bernoulli,drop_0.25,19,361,4,10,hipc_h2_bernoulli_025,C:\Users\lottj\Desktop\research\decentralized benchmark\commitment-horizon-study\reference_core_benchmark_pilot\known_visit_10target_300.csv,03,10,1,0,11,0,4,1,1,0,0.0,0,0,33,22,11,167,36,84,27.6374,0.3290166666666667,0.29125,0.6211,0.8215,13.9892,0.16653809523809524,0.12919999999999998,0.4131,0.6746,84,13.6482,0.16247857142857142,0.14325,0.239,0.334,completed
7,known_visit,HIPC,bernoulli,drop_0.25,19,361,4,10,hipc_h2_bernoulli_025,C:\Users\lottj\Desktop\research\decentralized benchmark\commitment-horizon-study\reference_core_benchmark_pilot\known_visit_10target_300.csv,00,17,3,0,18,0,0,0,0,0,0.0,0,0,46,36,10,115,17,17,9.8263,0.5780176470588235,0.5763,1.1273,1.1273,6.4297,0.37821764705882355,0.3312,0.906,0.906,17,3.3966,0.19979999999999998,0.2133,0.3649,0.3649,completed
7,known_visit,HIPC,bernoulli,drop_0.25,19,361,4,10,hipc_h2_bernoulli_025,C:\Users\lottj\Desktop\research\decentralized benchmark\commitment-horizon-study\reference_core_benchmark_pilot\known_visit_10target_300.csv,01,21,2,0,22,0,1,0,0,0,0.0,0,0,53,43,10,107,18,7,7.1568000000000005,1.0224,1.0395,1.4838,1.4838,5.6551,0.8078714285714286,0.8168,1.2535,1.2535,7,1.5017,0.21452857142857143,0.2247,0.232,0.232,completed
7,known_visit,HIPC,bernoulli,drop_0.25,19,361,4,10,hipc_h2_bernoulli_025,C:\Users\lottj\Desktop\research\decentralized benchmark\commitment-horizon-study\reference_core_benchmark_pilot\known_visit_10target_300.csv,02,21,4,0,22,0,1,0,0,0,0.0,0,0,53,43,10,108,18,10,6.4258,0.6425799999999999,0.56655,1.3644,1.3644,4.2815,0.42815000000000003,0.34850000000000003,1.1292,1.1292,10,2.1443,0.21442999999999998,0.2256,0.2733,0.2733,completed
7,known_visit,HIPC,bernoulli,drop_0.25,19,361,4,10,hipc_h2_bernoulli_025,C:\Users\lottj\Desktop\research\decentralized benchmark\commitment-horizon-study\reference_core_benchmark_pilot\known_visit_10target_300.csv,03,11,1,0,12,0,0,0,0,0,0.0,0,0,27,24,3,132,19,38,24.1,0.6342105263157896,0.61615,0.8489,1.5654,16.0289,0.42181315789473683,0.40285,0.6173,1.3064,38,8.0711,0.2123973684210526,0.21155000000000002,0.2608,0.3911,completed
8,known_visit,HIPC,bernoulli,drop_0.25,19,361,4,10,hipc_h2_bernoulli_025,C:\Users\lottj\Desktop\research\decentralized benchmark\commitment-horizon-study\reference_core_benchmark_pilot\known_visit_10target_300.csv,00,17,0,0,18,0,0,0,0,0,0.0,0,0,42,36,6,152,22,47,13.2887,0.28273829787234045,0.2008,0.8711,1.4771,6.6889,0.14231702127659576,0.0747,0.6126,1.2542,47,6.5998,0.1404212765957447,0.1258,0.2235,0.2627,completed
8,known_visit,HIPC,bernoulli,drop_0.25,19,361,4,10,hipc_h2_bernoulli_025,C:\Users\lottj\Desktop\research\decentralized benchmark\commitment-horizon-study\reference_core_benchmark_pilot\known_visit_10target_300.csv,01,29,7,0,30,0,0,0,0,0,0.0,0,0,72,59,13,119,25,10,6.4369000000000005,0.6436900000000001,0.4813,1.4801,1.4801,4.5681,0.45681000000000005,0.27285,1.2454,1.2454,10,1.8688,0.18688,0.2082,0.2347,0.2347,completed
8,known_visit,HIPC,bernoulli,drop_0.25,19,361,4,10,hipc_h2_bernoulli_025,C:\Users\lottj\Desktop\research\decentralized benchmark\commitment-horizon-study\reference_core_benchmark_pilot\known_visit_10target_300.csv,02,19,2,0,20,0,1,0,0,0,0.0,0,0,49,40,9,142,24,39,12.2737,0.3147102564102564,0.2537,0.9267,1.152,6.3665,0.16324358974358974,0.1229,0.6947,0.9001,39,5.9072000000000005,0.15146666666666667,0.1314,0.2519,0.5086,completed
8,known_visit,HIPC,bernoulli,drop_0.25,19,361,4,10,hipc_h2_bernoulli_025,C:\Users\lottj\Desktop\research\decentralized benchmark\commitment-horizon-study\reference_core_benchmark_pilot\known_visit_10target_300.csv,03,21,1,3,16,6,1,0,0,0,0.0,0,0,53,45,8,135,28,33,24.6098,0.7457515151515152,0.763,1.2138,1.2808,18.1945,0.5513484848484849,0.5312,0.951,1.0515,33,6.4153,0.1944030303030303,0.219,0.2911,0.3014,completed
9,known_visit,HIPC,bernoulli,drop_0.25,19,361,4,10,hipc_h2_bernoulli_025,C:\Users\lottj\Desktop\research\decentralized benchmark\commitment-horizon-study\reference_core_benchmark_pilot\known_visit_10target_300.csv,00,28,5,0,29,0,0,0,0,0,0.0,0,0,67,57,10,124,31,9,5.4578,0.6064222222222222,0.5915,0.9518,0.9518,3.4504,0.3833777777777778,0.3165,0.7358,0.7358,9,2.0074,0.22304444444444446,0.2213,0.278,0.278,completed
9,known_visit,HIPC,bernoulli,drop_0.25,19,361,4,10,hipc_h2_bernoulli_025,C:\Users\lottj\Desktop\research\decentralized benchmark\commitment-horizon-study\reference_core_benchmark_pilot\known_visit_10target_300.csv,01,14,1,2,8,7,1,0,0,0,0.0,0,0,41,31,10,152,28,52,42.0654,0.80895,0.55245,1.3223,1.4475,31.2184,0.6003538461538461,0.34395,1.0909,1.2172,52,10.847,0.20859615384615385,0.2024,0.2412,0.2781,completed
9,known_visit,HIPC,bernoulli,drop_0.25,19,361,4,10,hipc_h2_bernoulli_025,C:\Users\lottj\Desktop\research\decentralized benchmark\commitment-horizon-study\reference_core_benchmark_pilot\known_visit_10target_300.csv,02,21,1,1,21,1,0,3,1,1,5.0,1,0,55,45,10,142,25,31,11.8968,0.3837677419354839,0.3231,0.6756,0.7065,6.0595,0.19546774193548386,0.1452,0.43,0.4485,31,5.8373,0.1883,0.1775,0.2416,0.2765,completed
9,known_visit,HIPC,bernoulli,drop_0.25,19,361,4,10,hipc_h2_bernoulli_025,C:\Users\lottj\Desktop\research\decentralized benchmark\commitment-horizon-study\reference_core_benchmark_pilot\known_visit_10target_300.csv,03,24,3,0,25,0,0,0,0,0,0.0,0,0,59,51,8,140,22,21,12.8545,0.6121190476190476,0.7343,0.8873,1.0606,8.5873,0.4089190476190477,0.5249,0.6638,0.8324,21,4.2672,0.2032,0.2079,0.232,0.2438,completed
10,known_visit,HIPC,bernoulli,drop_0.25,19,361,4,10,hipc_h2_bernoulli_025,C:\Users\lottj\Desktop\research\decentralized benchmark\commitment-horizon-study\reference_core_benchmark_pilot\known_visit_10target_300.csv,00,20,1,0,20,1,0,0,0,0,0.0,0,0,50,41,9,137,14,8,4.4206,0.552575,0.4296,0.9475,0.9475,2.7888,0.3486,0.2247,0.7214,0.7214,8,1.6318,0.203975,0.2036,0.2275,0.2275,completed
10,known_visit,HIPC,bernoulli,drop_0.25,19,361,4,10,hipc_h2_bernoulli_025,C:\Users\lottj\Desktop\research\decentralized benchmark\commitment-horizon-study\reference_core_benchmark_pilot\known_visit_10target_300.csv,01,19,3,0,20,0,0,0,0,0,0.0,0,0,46,40,6,130,25,11,6.6652000000000005,0.6059272727272728,0.5613,1.4691,1.4691,4.4333,0.40302727272727273,0.3564,1.2344,1.2344,11,2.2319,0.2029,0.2049,0.2382,0.2382,completed
10,known_visit,HIPC,bernoulli,drop_0.25,19,361,4,10,hipc_h2_bernoulli_025,C:\Users\lottj\Desktop\research\decentralized benchmark\commitment-horizon-study\reference_core_benchmark_pilot\known_visit_10target_300.csv,02,20,4,0,21,0,0,0,0,0,0.0,0,0,53,42,11,122,27,9,6.0659,0.6739888888888889,0.5377,1.1735,1.1735,4.2161,0.46845555555555557,0.3483,0.9446,0.9446,9,1.8498,0.20553333333333335,0.2065,0.2289,0.2289,completed
10,known_visit,HIPC,bernoulli,drop_0.25,19,361,4,10,hipc_h2_bernoulli_025,C:\Users\lottj\Desktop\research\decentralized benchmark\commitment-horizon-study\reference_core_benchmark_pilot\known_visit_10target_300.csv,03,20,2,0,21,0,2,2,1,0,0.0,0,0,53,43,10,118,30,8,5.6684,0.70855,0.67315,0.922,0.922,3.9006000000000003,0.48757500000000004,0.46385,0.6831,0.6831,8,1.7678,0.220975,0.21395,0.2656,0.2656,completed
11,known_visit,HIPC,bernoulli,drop_0.25,19,361,4,10,hipc_h2_bernoulli_025,C:\Users\lottj\Desktop\research\decentralized benchmark\commitment-horizon-study\reference_core_benchmark_pilot\known_visit_10target_300.csv,00,28,1,2,22,7,1,0,0,0,0.0,0,0,67,58,9,151,15,20,7.7095,0.385475,0.27280000000000004,0.8055,0.8755,3.9662,0.19831000000000001,0.1099,0.5657,0.6881,20,3.7433,0.187165,0.16494999999999999,0.2808,0.2918,completed
11,known_visit,HIPC,bernoulli,drop_0.25,19,361,4,10,hipc_h2_bernoulli_025,C:\Users\lottj\Desktop\research\decentralized benchmark\commitment-horizon-study\reference_core_benchmark_pilot\known_visit_10target_300.csv,01,16,2,0,17,0,2,0,0,0,0.0,0,0,44,34,10,156,33,58,18.8193,0.3244706896551724,0.27505,0.7934,1.3167,8.5216,0.14692413793103448,0.0964,0.4911,1.0764,58,10.2977,0.17754655172413794,0.17715,0.2426,0.3023,completed
11,known_visit,HIPC,bernoulli,drop_0.25,19,361,4,10,hipc_h2_bernoulli_025,C:\Users\lottj\Desktop\research\decentralized benchmark\commitment-horizon-study\reference_core_benchmark_pilot\known_visit_10target_300.csv,02,31,6,0,32,0,0,0,0,0,0.0,0,0,78,63,15,133,23,9,6.7603,0.7511444444444444,0.5823,1.7807,1.7807,4.8205,0.5356111111111111,0.3938,1.4953,1.4953,9,1.9398,0.21553333333333333,0.204,0.3054,0.3054,completed
11,known_visit,HIPC,bernoulli,drop_0.25,19,361,4,10,hipc_h2_bernoulli_025,C:\Users\lottj\Desktop\research\decentralized benchmark\commitment-horizon-study\reference_core_benchmark_pilot\known_visit_10target_300.csv,03,16,1,2,11,6,1,0,0,0,0.0,0,0,45,35,10,159,30,55,18.8227,0.3422309090909091,0.2561,0.9919,1.3653,8.954,0.1628,0.0781,0.7481,1.0785,55,9.8687,0.1794309090909091,0.1754,0.3062,0.3396,completed
12,known_visit,HIPC,bernoulli,drop_0.25,19,361,4,10,hipc_h2_bernoulli_025,C:\Users\lottj\Desktop\research\decentralized benchmark\commitment-horizon-study\reference_core_benchmark_pilot\known_visit_10target_300.csv,00,17,1,0,18,0,0,1,1,0,0.0,0,0,43,38,5,144,22,30,9.4347,0.31449,0.2299,0.8925,1.0464,5.236,0.17453333333333332,0.10015,0.7073,0.8769,30,4.1987,0.13995666666666665,0.12140000000000001,0.2572,0.2626,completed
12,known_visit,HIPC,bernoulli,drop_0.25,19,361,4,10,hipc_h2_bernoulli_025,C:\Users\lottj\Desktop\research\decentralized benchmark\commitment-horizon-study\reference_core_benchmark_pilot\known_visit_10target_300.csv,01,24,4,0,25,0,1,0,0,0,0.0,0,0,59,49,10,131,19,10,5.902,0.5902000000000001,0.4566,1.6341,1.6341,4.155,0.41550000000000004,0.2963,1.3519,1.3519,10,1.7469999999999999,0.1747,0.1482,0.2822,0.2822,completed
12,known_visit,HIPC,bernoulli,drop_0.25,19,361,4,10,hipc_h2_bernoulli_025,C:\Users\lottj\Desktop\research\decentralized benchmark\commitment-horizon-study\reference_core_benchmark_pilot\known_visit_10target_300.csv,02,23,2,0,24,0,0,0,0,0,0.0,0,0,56,48,8,131,21,9,5.6209,0.6245444444444445,0.3855,1.8465,1.8465,4.0515,0.45016666666666666,0.2437,1.5753,1.5753,9,1.5694,0.17437777777777777,0.1418,0.2712,0.2712,completed
12,known_visit,HIPC,bernoulli,drop_0.25,19,361,4,10,hipc_h2_bernoulli_025,C:\Users\lottj\Desktop\research\decentralized benchmark\commitment-horizon-study\reference_core_benchmark_pilot\known_visit_10target_300.csv,03,21,3,0,22,0,0,0,0,0,0.0,0,0,51,44,7,138,19,16,6.8677,0.42923125,0.3966,0.7944,0.7944,4.1159,0.25724375,0.22565000000000002,0.6307,0.6307,16,2.7518,0.1719875,0.16235,0.2984,0.2984,completed
13,known_visit,HIPC,bernoulli,drop_0.25,19,361,4,10,hipc_h2_bernoulli_025,C:\Users\lottj\Desktop\research\decentralized benchmark\commitment-horizon-study\reference_core_benchmark_pilot\known_visit_10target_300.csv,00,27,1,1,25,3,1,0,0,0,0.0,0,0,69,56,13,154,33,23,8.7688,0.3812521739130435,0.3658,0.7532,0.765,4.5246,0.1967217391304348,0.1548,0.5293,0.5617,23,4.2442,0.1845304347826087,0.1923,0.2357,0.2381,completed
13,known_visit,HIPC,bernoulli,drop_0.25,19,361,4,10,hipc_h2_bernoulli_025,C:\Users\lottj\Desktop\research\decentralized benchmark\commitment-horizon-study\reference_core_benchmark_pilot\known_visit_10target_300.csv,01,31,4,1,31,1,3,0,0,0,0.0,0,0,78,63,15,153,25,11,5.7629,0.5239,0.4355,1.0586,1.0586,3.5977,0.3270636363636364,0.237,0.8817,0.8817,11,2.1652,0.19683636363636364,0.1873,0.3568,0.3568,completed
13,known_visit,HIPC,bernoulli,drop_0.25,19,361,4,10,hipc_h2_bernoulli_025,C:\Users\lottj\Desktop\research\decentralized benchmark\commitment-horizon-study\reference_core_benchmark_pilot\known_visit_10target_300.csv,02,26,5,0,27,0,1,0,0,0,0.0,0,0,67,54,13,149,40,24,8.1175,0.33822916666666664,0.2872,0.6977,0.8814,4.3577,0.18157083333333335,0.12775,0.5039,0.6742,24,3.7598,0.15665833333333332,0.1497,0.2133,0.2178,completed
13,known_visit,HIPC,bernoulli,drop_0.25,19,361,4,10,hipc_h2_bernoulli_025,C:\Users\lottj\Desktop\research\decentralized benchmark\commitment-horizon-study\reference_core_benchmark_pilot\known_visit_10target_300.csv,03,15,0,0,16,0,2,0,0,0,0.0,0,0,42,33,9,188,25,63,22.4654,0.3565936507936508,0.3476,0.5018,1.9411,11.5606,0.1835015873015873,0.1458,0.2949,1.6288,63,10.9048,0.1730920634920635,0.1767,0.2193,0.3123,completed
14,known_visit,HIPC,bernoulli,drop_0.25,19,361,4,10,hipc_h2_bernoulli_025,C:\Users\lottj\Desktop\research\decentralized benchmark\commitment-horizon-study\reference_core_benchmark_pilot\known_visit_10target_300.csv,00,12,3,0,13,0,0,0,0,0,0.0,0,0,32,26,6,118,21,55,23.5375,0.4279545454545455,0.4075,0.6963,1.0903,12.8924,0.23440727272727274,0.2093,0.5002,0.8485,55,10.6451,0.1935472727272727,0.1872,0.2495,0.2773,completed
14,known_visit,HIPC,bernoulli,drop_0.25,19,361,4,10,hipc_h2_bernoulli_025,C:\Users\lottj\Desktop\research\decentralized benchmark\commitment-horizon-study\reference_core_benchmark_pilot\known_visit_10target_300.csv,01,28,2,0,29,0,1,0,0,0,0.0,0,0,62,57,5,93,16,8,5.5948,0.69935,0.5790500000000001,1.3539,1.3539,3.8926,0.486575,0.33085,1.1662,1.1662,8,1.7022,0.212775,0.22055,0.2885,0.2885,completed
14,known_visit,HIPC,bernoulli,drop_0.25,19,361,4,10,hipc_h2_bernoulli_025,C:\Users\lottj\Desktop\research\decentralized benchmark\commitment-horizon-study\reference_core_benchmark_pilot\known_visit_10target_300.csv,02,14,2,0,15,0,2,0,0,0,0.0,0,0,38,30,8,108,25,53,20.6799,0.39018679245283017,0.3619,0.7942,0.9057,10.9999,0.20754528301886793,0.1772,0.5797,0.6901,53,9.68,0.18264150943396226,0.1759,0.2531,0.2778,completed
14,known_visit,HIPC,bernoulli,drop_0.25,19,361,4,10,hipc_h2_bernoulli_025,C:\Users\lottj\Desktop\research\decentralized benchmark\commitment-horizon-study\reference_core_benchmark_pilot\known_visit_10target_300.csv,03,14,3,0,15,0,0,0,0,0,0.0,0,0,39,30,9,117,14,51,24.0278,0.4711333333333333,0.4631,0.7627,0.9469,13.976,0.27403921568627454,0.2457,0.6136,0.6295,51,10.0518,0.19709411764705884,0.1916,0.2629,0.3293,completed
15,known_visit,HIPC,bernoulli,drop_0.25,19,361,4,10,hipc_h2_bernoulli_025,C:\Users\lottj\Desktop\research\decentralized benchmark\commitment-horizon-study\reference_core_benchmark_pilot\known_visit_10target_300.csv,00,8,1,1,7,2,2,1,1,0,0.0,0,0,28,20,8,111,17,51,21.509900000000002,0.42176274509803924,0.4064,0.7679,1.1595,12.4094,0.24332156862745097,0.2026,0.531,0.9876,51,9.1005,0.17844117647058824,0.1839,0.2505,0.2967,completed
15,known_visit,HIPC,bernoulli,drop_0.25,19,361,4,10,hipc_h2_bernoulli_025,C:\Users\lottj\Desktop\research\decentralized benchmark\commitment-horizon-study\reference_core_benchmark_pilot\known_visit_10target_300.csv,01,13,4,0,14,0,0,0,0,0,0.0,0,0,36,28,8,100,19,37,13.7491,0.3715972972972973,0.3463,0.8714,0.9843,6.8117,0.1841,0.1421,0.7147,0.8179,37,6.9374,0.1874972972972973,0.1916,0.2492,0.4542,completed
15,known_visit,HIPC,bernoulli,drop_0.25,19,361,4,10,hipc_h2_bernoulli_025,C:\Users\lottj\Desktop\research\decentralized benchmark\commitment-horizon-study\reference_core_benchmark_pilot\known_visit_10target_300.csv,02,17,1,1,17,1,0,0,0,0,0.0,0,0,45,36,9,98,12,24,8.1639,0.3401625,0.33,0.6224,0.862,3.8634,0.160975,0.11615,0.3717,0.6031,24,4.3004999999999995,0.17918749999999997,0.19205,0.2614,0.2632,completed
15,known_visit,HIPC,bernoulli,drop_0.25,19,361,4,10,hipc_h2_bernoulli_025,C:\Users\lottj\Desktop\research\decentralized benchmark\commitment-horizon-study\reference_core_benchmark_pilot\known_visit_10target_300.csv,03,20,4,0,21,0,0,0,0,0,0.0,0,0,47,42,5,93,16,16,6.2661,0.39163125,0.3358,1.1541,1.1541,3.8463,0.24039375,0.19465,1.0069,1.0069,16,2.4198,0.1512375,0.14115,0.2292,0.2292,completed
16,known_visit,HIPC,bernoulli,drop_0.25,19,361,4,10,hipc_h2_bernoulli_025,C:\Users\lottj\Desktop\research\decentralized benchmark\commitment-horizon-study\reference_core_benchmark_pilot\known_visit_10target_300.csv,00,24,2,0,19,6,2,3,3,0,0.0,0,0,63,50,13,188,28,54,19.5467,0.3619759259259259,0.266,0.8167,1.356,9.5554,0.17695185185185186,0.10025,0.5844,1.1299,54,9.9913,0.1850240740740741,0.1646,0.2846,0.3181,completed
16,known_visit,HIPC,bernoulli,drop_0.25,19,361,4,10,hipc_h2_bernoulli_025,C:\Users\lottj\Desktop\research\decentralized benchmark\commitment-horizon-study\reference_core_benchmark_pilot\known_visit_10target_300.csv,01,23,3,0,23,1,0,5,5,0,0.0,0,0,62,51,11,191,25,52,25.7725,0.49562500000000004,0.3851,0.9621,1.7483,15.3651,0.2954826923076923,0.2041,0.745,1.516,52,10.407399999999999,0.20014230769230767,0.1817,0.322,0.3525,completed
16,known_visit,HIPC,bernoulli,drop_0.25,19,361,4,10,hipc_h2_bernoulli_025,C:\Users\lottj\Desktop\research\decentralized benchmark\commitment-horizon-study\reference_core_benchmark_pilot\known_visit_10target_300.csv,02,34,3,1,33,2,0,0,0,0,0.0,0,0,81,70,11,167,31,24,13.6398,0.568325,0.44575,1.1127,1.5422,8.6446,0.3601916666666667,0.21625,0.886,1.3116,24,4.9952,0.2081333333333333,0.22394999999999998,0.2578,0.2655,completed
16,known_visit,HIPC,bernoulli,drop_0.25,19,361,4,10,hipc_h2_bernoulli_025,C:\Users\lottj\Desktop\research\decentralized benchmark\commitment-horizon-study\reference_core_benchmark_pilot\known_visit_10target_300.csv,03,31,2,2,27,5,0,0,0,0,0.0,0,0,73,64,9,183,22,28,10.1322,0.3618642857142857,0.27875,0.6562,1.6115,4.9534,0.17690714285714287,0.1085,0.3614,1.3559,28,5.1788,0.18495714285714285,0.16999999999999998,0.2948,0.3167,completed
17,known_visit,HIPC,bernoulli,drop_0.25,19,361,4,10,hipc_h2_bernoulli_025,C:\Users\lottj\Desktop\research\decentralized benchmark\commitment-horizon-study\reference_core_benchmark_pilot\known_visit_10target_300.csv,00,21,3,0,22,0,0,0,0,0,0.0,0,0,54,43,11,119,18,10,5.6593,0.56593,0.3816,1.3113,1.3113,3.7689,0.37689,0.2105,0.9959,0.9959,10,1.8904,0.18904,0.16185,0.3284,0.3284,completed
17,known_visit,HIPC,bernoulli,drop_0.25,19,361,4,10,hipc_h2_bernoulli_025,C:\Users\lottj\Desktop\research\decentralized benchmark\commitment-horizon-study\reference_core_benchmark_pilot\known_visit_10target_300.csv,01,15,3,0,16,0,1,0,0,0,0.0,0,0,43,32,11,125,22,29,12.0164,0.4143586206896552,0.3335,0.7697,0.9678,7.3717999999999995,0.2542,0.1979,0.5821,0.6798,29,4.6446,0.16015862068965517,0.1425,0.288,0.331,completed
17,known_visit,HIPC,bernoulli,drop_0.25,19,361,4,10,hipc_h2_bernoulli_025,C:\Users\lottj\Desktop\research\decentralized benchmark\commitment-horizon-study\reference_core_benchmark_pilot\known_visit_10target_300.csv,02,21,2,1,21,1,2,0,0,0,0.0,0,0,52,43,9,111,27,8,4.8575,0.6071875,0.45465,1.3426,1.3426,3.2067,0.4008375,0.27995000000000003,1.0305,1.0305,8,1.6508,0.20635,0.17745,0.3356,0.3356,completed
17,known_visit,HIPC,bernoulli,drop_0.25,19,361,4,10,hipc_h2_bernoulli_025,C:\Users\lottj\Desktop\research\decentralized benchmark\commitment-horizon-study\reference_core_benchmark_pilot\known_visit_10target_300.csv,03,18,2,0,19,0,0,0,0,0,0.0,0,0,42,38,4,119,29,15,6.1855,0.41236666666666666,0.3443,0.7073,0.7073,3.3542,0.22361333333333333,0.1678,0.4038,0.4038,15,2.8313,0.18875333333333336,0.163,0.3307,0.3307,completed
18,known_visit,HIPC,bernoulli,drop_0.25,19,361,4,10,hipc_h2_bernoulli_025,C:\Users\lottj\Desktop\research\decentralized benchmark\commitment-horizon-study\reference_core_benchmark_pilot\known_visit_10target_300.csv,00,16,3,0,17,0,0,0,0,0,0.0,0,0,41,34,7,130,24,20,10.6179,0.530895,0.382,1.3253,1.5548,6.7358,0.33679000000000003,0.2007,1.0208,1.3292,20,3.8821,0.194105,0.18130000000000002,0.2439,0.3045,completed
18,known_visit,HIPC,bernoulli,drop_0.25,19,361,4,10,hipc_h2_bernoulli_025,C:\Users\lottj\Desktop\research\decentralized benchmark\commitment-horizon-study\reference_core_benchmark_pilot\known_visit_10target_300.csv,01,19,2,0,20,0,1,0,0,0,0.0,0,0,51,40,11,119,25,17,8.076500000000001,0.4750882352941177,0.3166,1.0398,1.0398,4.795,0.28205882352941175,0.1406,0.8034,0.8034,17,3.2815,0.19302941176470587,0.1694,0.3099,0.3099,completed
18,known_visit,HIPC,bernoulli,drop_0.25,19,361,4,10,hipc_h2_bernoulli_025,C:\Users\lottj\Desktop\research\decentralized benchmark\commitment-horizon-study\reference_core_benchmark_pilot\known_visit_10target_300.csv,02,21,3,0,22,0,1,0,0,0,0.0,0,0,57,43,14,120,19,10,7.1606,0.7160599999999999,0.5770500000000001,1.5429,1.5429,5.1093,0.51093,0.3632,1.3076,1.3076,10,2.0513,0.20512999999999998,0.1976,0.3009,0.3009,completed
18,known_visit,HIPC,bernoulli,drop_0.25,19,361,4,10,hipc_h2_bernoulli_025,C:\Users\lottj\Desktop\research\decentralized benchmark\commitment-horizon-study\reference_core_benchmark_pilot\known_visit_10target_300.csv,03,18,2,0,19,0,0,0,0,0,0.0,0,0,47,38,9,130,19,18,10.5148,0.5841555555555555,0.40045,1.5494,1.5494,7.0971,0.3942833333333333,0.219,1.2987,1.2987,18,3.4177,0.18987222222222222,0.1771,0.2507,0.2507,completed
19,known_visit,HIPC,bernoulli,drop_0.25,19,361,4,10,hipc_h2_bernoulli_025,C:\Users\lottj\Desktop\research\decentralized benchmark\commitment-horizon-study\reference_core_benchmark_pilot\known_visit_10target_300.csv,00,17,3,0,18,0,1,0,0,0,0.0,0,0,45,36,9,104,24,21,8.4622,0.40296190476190474,0.3495,0.6072,0.6832,4.5645,0.21735714285714286,0.1479,0.4244,0.459,21,3.8977,0.1856047619047619,0.1773,0.2242,0.3045,completed
19,known_visit,HIPC,bernoulli,drop_0.25,19,361,4,10,hipc_h2_bernoulli_025,C:\Users\lottj\Desktop\research\decentralized benchmark\commitment-horizon-study\reference_core_benchmark_pilot\known_visit_10target_300.csv,01,14,2,0,15,0,1,0,0,0,0.0,0,0,42,31,11,111,19,26,14.8346,0.5705615384615385,0.40145,1.1655,1.2654,9.8703,0.3796269230769231,0.2097,0.9425,1.1007,26,4.9643,0.19093461538461537,0.1774,0.2313,0.2449,completed
19,known_visit,HIPC,bernoulli,drop_0.25,19,361,4,10,hipc_h2_bernoulli_025,C:\Users\lottj\Desktop\research\decentralized benchmark\commitment-horizon-study\reference_core_benchmark_pilot\known_visit_10target_300.csv,02,21,2,0,22,0,1,0,0,0,0.0,0,0,49,43,6,107,17,6,4.8829,0.8138166666666667,0.83345,1.3613,1.3613,3.6604,0.6100666666666666,0.6475,1.1321,1.1321,6,1.2225,0.20375,0.21835,0.2365,0.2365,completed
19,known_visit,HIPC,bernoulli,drop_0.25,19,361,4,10,hipc_h2_bernoulli_025,C:\Users\lottj\Desktop\research\decentralized benchmark\commitment-horizon-study\reference_core_benchmark_pilot\known_visit_10target_300.csv,03,13,3,0,14,0,0,0,0,0,0.0,0,0,37,29,8,118,17,32,12.1333,0.379165625,0.34585,0.8744,1.0214,6.3998,0.19999375,0.1708,0.6514,0.7918,32,5.7335,0.179171875,0.17565,0.223,0.2296,completed
20,known_visit,HIPC,bernoulli,drop_0.25,19,361,4,10,hipc_h2_bernoulli_025,C:\Users\lottj\Desktop\research\decentralized benchmark\commitment-horizon-study\reference_core_benchmark_pilot\known_visit_10target_300.csv,00,22,3,1,22,1,1,0,0,0,0.0,0,0,52,45,7,102,19,8,5.594799999999999,0.6993499999999999,0.61225,1.2811,1.2811,3.6781,0.4597625,0.32294999999999996,0.9396,0.9396,8,1.9167,0.2395875,0.24275,0.3415,0.3415,completed
20,known_visit,HIPC,bernoulli,drop_0.25,19,361,4,10,hipc_h2_bernoulli_025,C:\Users\lottj\Desktop\research\decentralized benchmark\commitment-horizon-study\reference_core_benchmark_pilot\known_visit_10target_300.csv,01,13,2,0,14,0,1,0,0,0,0.0,0,0,33,28,5,120,19,38,16.4892,0.4339263157894737,0.327,0.9563,2.9002,9.3916,0.24714736842105264,0.14095,0.7048,2.5401,38,7.0976,0.18677894736842104,0.17609999999999998,0.2537,0.3601,completed
20,known_visit,HIPC,bernoulli,drop_0.25,19,361,4,10,hipc_h2_bernoulli_025,C:\Users\lottj\Desktop\research\decentralized benchmark\commitment-horizon-study\reference_core_benchmark_pilot\known_visit_10target_300.csv,02,20,2,1,18,3,0,0,0,0,0.0,0,0,53,42,11,105,14,12,10.0036,0.8336333333333333,0.68325,1.9241,1.9241,7.0911,0.590925,0.48965000000000003,1.557,1.557,12,2.9125,0.24270833333333333,0.24425,0.4036,0.4036,completed
20,known_visit,HIPC,bernoulli,drop_0.25,19,361,4,10,hipc_h2_bernoulli_025,C:\Users\lottj\Desktop\research\decentralized benchmark\commitment-horizon-study\reference_core_benchmark_pilot\known_visit_10target_300.csv,03,13,3,0,14,0,0,0,0,0,0.0,0,0,35,28,7,119,18,38,17.016000000000002,0.44778947368421057,0.3885,0.9371,0.9652,9.6497,0.2539394736842105,0.20645000000000002,0.7057,0.7375,38,7.3663,0.19385,0.18295,0.2681,0.3942,completed
21,known_visit,HIPC,bernoulli,drop_0.25,19,361,4,10,hipc_h2_bernoulli_025,C:\Users\lottj\Desktop\research\decentralized benchmark\commitment-horizon-study\reference_core_benchmark_pilot\known_visit_10target_300.csv,00,22,0,1,18,5,1,0,0,0,0.0,0,0,53,45,8,127,20,9,7.0279,0.7808777777777778,0.5315,2.2558,2.2558,5.1564,0.5729333333333333,0.3316,1.962,1.962,9,1.8715,0.20794444444444443,0.1867,0.2938,0.2938,completed
21,known_visit,HIPC,bernoulli,drop_0.25,19,361,4,10,hipc_h2_bernoulli_025,C:\Users\lottj\Desktop\research\decentralized benchmark\commitment-horizon-study\reference_core_benchmark_pilot\known_visit_10target_300.csv,01,20,2,1,20,1,3,0,0,0,0.0,0,0,51,42,9,130,19,12,7.9907,0.6658916666666667,0.59355,1.5344,1.5344,5.6441,0.47034166666666666,0.3912,1.2467,1.2467,12,2.3466,0.19555,0.18695,0.3261,0.3261,completed
21,known_visit,HIPC,bernoulli,drop_0.25,19,361,4,10,hipc_h2_bernoulli_025,C:\Users\lottj\Desktop\research\decentralized benchmark\commitment-horizon-study\reference_core_benchmark_pilot\known_visit_10target_300.csv,02,16,3,0,17,0,0,0,0,0,0.0,0,0,42,34,8,137,22,23,11.4724,0.4988,0.4359,0.8895,2.0171,6.973,0.30317391304347824,0.2328,0.6674,1.5036,23,4.4994,0.19562608695652173,0.1931,0.2415,0.5135,completed
21,known_visit,HIPC,bernoulli,drop_0.25,19,361,4,10,hipc_h2_bernoulli_025,C:\Users\lottj\Desktop\research\decentralized benchmark\commitment-horizon-study\reference_core_benchmark_pilot\known_visit_10target_300.csv,03,22,5,0,23,0,0,0,0,0,0.0,0,0,55,45,10,126,20,8,4.9645,0.6205625,0.59765,1.0674,1.0674,3.2538,0.406725,0.3494,0.7496,0.7496,8,1.7107,0.2138375,0.2268,0.3178,0.3178,completed
22,known_visit,HIPC,bernoulli,drop_0.25,19,361,4,10,hipc_h2_bernoulli_025,C:\Users\lottj\Desktop\research\decentralized benchmark\commitment-horizon-study\reference_core_benchmark_pilot\known_visit_10target_300.csv,00,15,4,0,16,0,0,0,0,0,0.0,0,0,40,32,8,116,26,46,22.354499999999998,0.4859673913043478,0.3903,1.2898,1.6734,12.6246,0.2744478260869565,0.20255,0.9024,1.2594,46,9.7299,0.21151956521739132,0.18359999999999999,0.3919,0.414,completed
22,known_visit,HIPC,bernoulli,drop_0.25,19,361,4,10,hipc_h2_bernoulli_025,C:\Users\lottj\Desktop\research\decentralized benchmark\commitment-horizon-study\reference_core_benchmark_pilot\known_visit_10target_300.csv,01,15,2,0,16,0,2,0,0,0,0.0,0,0,42,32,10,123,17,49,26.543400000000002,0.5417020408163266,0.3301,1.84,2.6301,16.0343,0.327230612244898,0.15,1.3844,2.2157,49,10.5091,0.21447142857142856,0.1785,0.4556,0.6107,completed
22,known_visit,HIPC,bernoulli,drop_0.25,19,361,4,10,hipc_h2_bernoulli_025,C:\Users\lottj\Desktop\research\decentralized benchmark\commitment-horizon-study\reference_core_benchmark_pilot\known_visit_10target_300.csv,02,14,1,0,15,0,0,2,1,1,5.0,1,0,39,31,8,123,20,50,30.7293,0.614586,0.4988,1.2012,3.0353,19.6055,0.39210999999999996,0.29725,0.8449,2.5153,50,11.1238,0.22247599999999998,0.19985,0.3935,0.52,completed
22,known_visit,HIPC,bernoulli,drop_0.25,19,361,4,10,hipc_h2_bernoulli_025,C:\Users\lottj\Desktop\research\decentralized benchmark\commitment-horizon-study\reference_core_benchmark_pilot\known_visit_10target_300.csv,03,28,3,0,29,0,0,0,0,0,0.0,0,0,62,57,5,107,14,7,8.0162,1.1451714285714285,1.0499,2.7476,2.7476,5.6214,0.8030571428571429,0.6501,2.2996,2.2996,7,2.3948,0.3421142857142857,0.393,0.4491,0.4491,completed
23,known_visit,HIPC,bernoulli,drop_0.25,19,361,4,10,hipc_h2_bernoulli_025,C:\Users\lottj\Desktop\research\decentralized benchmark\commitment-horizon-study\reference_core_benchmark_pilot\known_visit_10target_300.csv,00,25,2,0,26,0,0,0,0,0,0.0,0,0,56,51,5,125,18,7,4.2035,0.6005,0.38,1.6013,1.6013,2.851,0.4072857142857143,0.1899,1.3731,1.3731,7,1.3525,0.19321428571428573,0.1901,0.2404,0.2404,completed
23,known_visit,HIPC,bernoulli,drop_0.25,19,361,4,10,hipc_h2_bernoulli_025,C:\Users\lottj\Desktop\research\decentralized benchmark\commitment-horizon-study\reference_core_benchmark_pilot\known_visit_10target_300.csv,01,21,4,0,22,0,0,0,0,0,0.0,0,0,53,44,9,128,18,17,6.9206,0.40709411764705883,0.2743,1.5291,1.5291,4.02,0.2364705882352941,0.103,1.3032,1.3032,17,2.9006,0.1706235294117647,0.1669,0.2702,0.2702,completed
23,known_visit,HIPC,bernoulli,drop_0.25,19,361,4,10,hipc_h2_bernoulli_025,C:\Users\lottj\Desktop\research\decentralized benchmark\commitment-horizon-study\reference_core_benchmark_pilot\known_visit_10target_300.csv,02,24,2,0,25,0,2,0,0,0,0.0,0,0,59,49,10,118,22,6,5.4189,0.90315,0.85485,1.3807,1.3807,4.0563,0.67605,0.621,1.132,1.132,6,1.3626,0.2271,0.23635,0.2718,0.2718,completed
23,known_visit,HIPC,bernoulli,drop_0.25,19,361,4,10,hipc_h2_bernoulli_025,C:\Users\lottj\Desktop\research\decentralized benchmark\commitment-horizon-study\reference_core_benchmark_pilot\known_visit_10target_300.csv,03,10,2,0,11,0,0,0,0,0,0.0,0,0,31,22,9,144,23,51,25.4281,0.49859019607843136,0.3885,0.9787,1.1215,15.9906,0.31354117647058827,0.2026,0.7217,0.8773,51,9.4375,0.18504901960784315,0.1809,0.2569,0.2988,completed
24,known_visit,HIPC,bernoulli,drop_0.25,19,361,4,10,hipc_h2_bernoulli_025,C:\Users\lottj\Desktop\research\decentralized benchmark\commitment-horizon-study\reference_core_benchmark_pilot\known_visit_10target_300.csv,00,14,3,0,15,0,0,0,0,0,0.0,0,0,36,30,6,108,16,27,8.9159,0.3302185185185185,0.2383,0.8032,1.0501,5.0829,0.18825555555555556,0.1024,0.5765,0.8206,27,3.833,0.14196296296296296,0.1253,0.2267,0.2295,completed
24,known_visit,HIPC,bernoulli,drop_0.25,19,361,4,10,hipc_h2_bernoulli_025,C:\Users\lottj\Desktop\research\decentralized benchmark\commitment-horizon-study\reference_core_benchmark_pilot\known_visit_10target_300.csv,01,14,2,0,15,0,0,0,0,0,0.0,0,0,37,30,7,113,10,25,10.2699,0.410796,0.3159,1.0292,1.4437,6.5372,0.261488,0.1664,0.8063,1.1765,25,3.7327,0.149308,0.1312,0.2427,0.2672,completed
24,known_visit,HIPC,bernoulli,drop_0.25,19,361,4,10,hipc_h2_bernoulli_025,C:\Users\lottj\Desktop\research\decentralized benchmark\commitment-horizon-study\reference_core_benchmark_pilot\known_visit_10target_300.csv,02,16,1,0,14,3,1,0,0,0,0.0,0,0,40,34,6,108,13,21,14.5762,0.6941047619047619,0.7758,0.8925,0.9126,10.4486,0.49755238095238097,0.5626,0.6639,0.6874,21,4.1276,0.19655238095238095,0.213,0.2288,0.2631,completed
24,known_visit,HIPC,bernoulli,drop_0.25,19,361,4,10,hipc_h2_bernoulli_025,C:\Users\lottj\Desktop\research\decentralized benchmark\commitment-horizon-study\reference_core_benchmark_pilot\known_visit_10target_300.csv,03,20,4,0,21,0,0,0,0,0,0.0,0,0,48,41,7,96,17,7,5.1818,0.7402571428571428,0.7209,1.4589,1.4589,3.7476000000000003,0.5353714285714286,0.4992,1.2087,1.2087,7,1.4342,0.20488571428571428,0.2217,0.2502,0.2502,completed
25,known_visit,HIPC,bernoulli,drop_0.25,19,361,4,10,hipc_h2_bernoulli_025,C:\Users\lottj\Desktop\research\decentralized benchmark\commitment-horizon-study\reference_core_benchmark_pilot\known_visit_10target_300.csv,00,15,2,0,16,0,1,0,0,0,0.0,0,0,38,31,7,79,14,8,4.8342,0.604275,0.59675,1.126,1.126,3.3974,0.424675,0.3421,0.9143,0.9143,8,1.4368,0.1796,0.1562,0.2614,0.2614,completed
25,known_visit,HIPC,bernoulli,drop_0.25,19,361,4,10,hipc_h2_bernoulli_025,C:\Users\lottj\Desktop\research\decentralized benchmark\commitment-horizon-study\reference_core_benchmark_pilot\known_visit_10target_300.csv,01,16,3,0,17,0,0,0,0,0,0.0,0,0,40,33,7,76,16,7,4.4455,0.6350714285714286,0.6329,1.1481,1.1481,3.1542,0.4506,0.4934,0.7742,0.7742,7,1.2913000000000001,0.1844714285714286,0.1588,0.3739,0.3739,completed
25,known_visit,HIPC,bernoulli,drop_0.25,19,361,4,10,hipc_h2_bernoulli_025,C:\Users\lottj\Desktop\research\decentralized benchmark\commitment-horizon-study\reference_core_benchmark_pilot\known_visit_10target_300.csv,02,7,2,0,8,0,0,1,1,0,0.0,0,0,24,17,7,91,16,34,12.0334,0.3539235294117647,0.3077,0.83,0.8997,6.7039,0.1971735294117647,0.16505,0.5447,0.6459,34,5.3295,0.15675,0.13745000000000002,0.3447,0.355,completed
25,known_visit,HIPC,bernoulli,drop_0.25,19,361,4,10,hipc_h2_bernoulli_025,C:\Users\lottj\Desktop\research\decentralized benchmark\commitment-horizon-study\reference_core_benchmark_pilot\known_visit_10target_300.csv,03,11,3,0,12,0,0,0,0,0,0.0,0,0,30,24,6,89,12,20,7.5907,0.379535,0.25495,0.8403,1.2947,4.2388,0.21194000000000002,0.13515,0.5991,0.8014,20,3.3519,0.167595,0.1215,0.3536,0.4933,completed
26,known_visit,HIPC,bernoulli,drop_0.25,19,361,4,10,hipc_h2_bernoulli_025,C:\Users\lottj\Desktop\research\decentralized benchmark\commitment-horizon-study\reference_core_benchmark_pilot\known_visit_10target_300.csv,00,25,4,0,26,0,1,0,0,0,0.0,0,0,63,52,11,142,18,13,6.504,0.5003076923076922,0.3262,1.0784,1.0784,3.9344,0.30264615384615384,0.1527,0.8141,0.8141,13,2.5696,0.19766153846153844,0.163,0.3641,0.3641,completed
26,known_visit,HIPC,bernoulli,drop_0.25,19,361,4,10,hipc_h2_bernoulli_025,C:\Users\lottj\Desktop\research\decentralized benchmark\commitment-horizon-study\reference_core_benchmark_pilot\known_visit_10target_300.csv,01,23,0,2,18,6,2,0,0,0,0.0,0,0,59,48,11,142,22,20,11.5656,0.57828,0.47640000000000005,1.2939,1.3349,7.4937,0.374685,0.29835,0.9449,1.0227,20,4.0719,0.20359500000000003,0.186,0.3122,0.349,completed
26,known_visit,HIPC,bernoulli,drop_0.25,19,361,4,10,hipc_h2_bernoulli_025,C:\Users\lottj\Desktop\research\decentralized benchmark\commitment-horizon-study\reference_core_benchmark_pilot\known_visit_10target_300.csv,02,27,5,0,28,0,0,0,0,0,0.0,0,0,67,55,12,128,29,7,4.4811,0.6401571428571428,0.5229,1.3425,1.3425,3.0881,0.44115714285714286,0.3745,1.0606,1.0606,7,1.393,0.199,0.1778,0.3304,0.3304,completed
26,known_visit,HIPC,bernoulli,drop_0.25,19,361,4,10,hipc_h2_bernoulli_025,C:\Users\lottj\Desktop\research\decentralized benchmark\commitment-horizon-study\reference_core_benchmark_pilot\known_visit_10target_300.csv,03,11,1,0,12,0,1,0,0,0,0.0,0,0,35,25,10,166,23,59,25.9434,0.4397186440677966,0.3695,0.9594,1.8715,15.2971,0.2592728813559322,0.2048,0.6024,1.5686,59,10.6463,0.1804457627118644,0.1721,0.3196,0.357,completed
27,known_visit,HIPC,bernoulli,drop_0.25,19,361,4,10,hipc_h2_bernoulli_025,C:\Users\lottj\Desktop\research\decentralized benchmark\commitment-horizon-study\reference_core_benchmark_pilot\known_visit_10target_300.csv,00,9,3,0,10,0,0,0,0,0,0.0,0,0,28,20,8,81,13,35,15.4916,0.4426171428571429,0.456,0.7459,0.8398,9.3409,0.26688285714285714,0.2732,0.5171,0.6251,35,6.1507,0.1757342857142857,0.1813,0.229,0.2348,completed
27,known_visit,HIPC,bernoulli,drop_0.25,19,361,4,10,hipc_h2_bernoulli_025,C:\Users\lottj\Desktop\research\decentralized benchmark\commitment-horizon-study\reference_core_benchmark_pilot\known_visit_10target_300.csv,01,2,1,0,3,0,0,0,0,0,0.0,0,0,10,6,4,102,9,57,31.1978,0.5473298245614036,0.5843,0.8325,1.4502,20.4479,0.35873508771929824,0.3813,0.6005,1.2235,57,10.7499,0.18859473684210526,0.2002,0.232,0.2466,completed
27,known_visit,HIPC,bernoulli,drop_0.25,19,361,4,10,hipc_h2_bernoulli_025,C:\Users\lottj\Desktop\research\decentralized benchmark\commitment-horizon-study\reference_core_benchmark_pilot\known_visit_10target_300.csv,02,18,6,0,19,0,0,0,0,0,0.0,0,0,48,37,11,61,13,7,4.0504,0.5786285714285714,0.4954,1.0733,1.0733,2.5977,0.37110000000000004,0.281,0.8442,0.8442,7,1.4527,0.20752857142857145,0.2144,0.2291,0.2291,completed
27,known_visit,HIPC,bernoulli,drop_0.25,19,361,4,10,hipc_h2_bernoulli_025,C:\Users\lottj\Desktop\research\decentralized benchmark\commitment-horizon-study\reference_core_benchmark_pilot\known_visit_10target_300.csv,03,12,0,1,10,3,1,0,0,0,0.0,0,0,36,26,10,76,9,27,9.4193,0.34886296296296293,0.3313,0.5709,0.8366,4.8907,0.18113703703703704,0.1491,0.3199,0.6097,27,4.5286,0.16772592592592592,0.175,0.2276,0.2517,completed
28,known_visit,HIPC,bernoulli,drop_0.25,19,361,4,10,hipc_h2_bernoulli_025,C:\Users\lottj\Desktop\research\decentralized benchmark\commitment-horizon-study\reference_core_benchmark_pilot\known_visit_10target_300.csv,00,20,3,0,20,1,1,0,0,0,0.0,0,0,52,42,10,172,28,62,21.5674,0.3478612903225806,0.30405000000000004,0.8105,0.9673,11.4477,0.18464032258064514,0.13774999999999998,0.5923,0.8122,62,10.1197,0.16322096774193548,0.1658,0.2296,0.2803,completed
28,known_visit,HIPC,bernoulli,drop_0.25,19,361,4,10,hipc_h2_bernoulli_025,C:\Users\lottj\Desktop\research\decentralized benchmark\commitment-horizon-study\reference_core_benchmark_pilot\known_visit_10target_300.csv,01,35,2,3,30,6,2,1,1,0,0.0,0,0,89,72,17,132,32,15,11.8134,0.7875599999999999,0.8356,1.1857,1.1857,8.7873,0.58582,0.6127,0.9596,0.9596,15,3.0261,0.20174,0.2151,0.242,0.242,completed
28,known_visit,HIPC,bernoulli,drop_0.25,19,361,4,10,hipc_h2_bernoulli_025,C:\Users\lottj\Desktop\research\decentralized benchmark\commitment-horizon-study\reference_core_benchmark_pilot\known_visit_10target_300.csv,02,21,3,0,22,0,0,0,0,0,0.0,0,0,56,44,12,171,25,58,22.4469,0.3870155172413793,0.3762,0.6049,0.8324,12.717,0.21925862068965518,0.19915,0.4498,0.6246,58,9.7299,0.16775689655172416,0.1748,0.228,0.2654,completed
28,known_visit,HIPC,bernoulli,drop_0.25,19,361,4,10,hipc_h2_bernoulli_025,C:\Users\lottj\Desktop\research\decentralized benchmark\commitment-horizon-study\reference_core_benchmark_pilot\known_visit_10target_300.csv,03,22,2,1,20,3,2,0,0,0,0.0,0,0,56,46,10,171,25,56,19.6977,0.35174464285714285,0.3013,0.8315,1.2369,10.1682,0.18157500000000001,0.12725,0.6196,1.0104,56,9.5295,0.17016964285714287,0.17354999999999998,0.2541,0.2749,completed
29,known_visit,HIPC,bernoulli,drop_0.25,19,361,4,10,hipc_h2_bernoulli_025,C:\Users\lottj\Desktop\research\decentralized benchmark\commitment-horizon-study\reference_core_benchmark_pilot\known_visit_10target_300.csv,00,8,2,0,9,0,0,0,0,0,0.0,0,0,24,18,6,116,13,68,26.7663,0.3936220588235294,0.3043,0.8281,1.3878,15.939,0.2343970588235294,0.17020000000000002,0.5639,1.1618,68,10.8273,0.15922499999999998,0.1345,0.3074,0.3662,completed
29,known_visit,HIPC,bernoulli,drop_0.25,19,361,4,10,hipc_h2_bernoulli_025,C:\Users\lottj\Desktop\research\decentralized benchmark\commitment-horizon-study\reference_core_benchmark_pilot\known_visit_10target_300.csv,01,27,3,0,28,0,0,0,0,0,0.0,0,0,62,55,7,74,17,8,5.6258,0.703225,0.61395,1.4004,1.4004,3.8812,0.48515,0.35975,1.1728,1.1728,8,1.7446,0.218075,0.22899999999999998,0.3166,0.3166,completed
29,known_visit,HIPC,bernoulli,drop_0.25,19,361,4,10,hipc_h2_bernoulli_025,C:\Users\lottj\Desktop\research\decentralized benchmark\commitment-horizon-study\reference_core_benchmark_pilot\known_visit_10target_300.csv,02,11,2,0,12,0,0,0,0,0,0.0,0,0,30,24,6,107,15,57,16.5983,0.29119824561403507,0.2166,0.6815,0.7652,7.8123,0.1370578947368421,0.0968,0.3257,0.5316,57,8.786,0.15414035087719297,0.1181,0.3444,0.4813,completed
29,known_visit,HIPC,bernoulli,drop_0.25,19,361,4,10,hipc_h2_bernoulli_025,C:\Users\lottj\Desktop\research\decentralized benchmark\commitment-horizon-study\reference_core_benchmark_pilot\known_visit_10target_300.csv,03,14,3,0,15,0,0,0,0,0,0.0,0,0,37,30,7,104,11,48,14.1947,0.29572291666666667,0.2593,0.6832,0.7705,7.5803,0.15792291666666666,0.124,0.4118,0.5323,48,6.6144,0.1378,0.12440000000000001,0.2239,0.3587,completed
30,known_visit,HIPC,bernoulli,drop_0.25,19,361,4,10,hipc_h2_bernoulli_025,C:\Users\lottj\Desktop\research\decentralized benchmark\commitment-horizon-study\reference_core_benchmark_pilot\known_visit_10target_300.csv,00,22,2,0,23,0,0,0,0,0,0.0,0,0,50,45,5,116,20,8,4.5674,0.570925,0.53155,1.2922,1.2922,3.0553,0.3819125,0.3232,1.0648,1.0648,8,1.5121,0.1890125,0.19465,0.2602,0.2602,completed
30,known_visit,HIPC,bernoulli,drop_0.25,19,361,4,10,hipc_h2_bernoulli_025,C:\Users\lottj\Desktop\research\decentralized benchmark\commitment-horizon-study\reference_core_benchmark_pilot\known_visit_10target_300.csv,01,16,3,0,17,0,1,0,0,0,0.0,0,0,43,34,9,119,23,24,7.9549,0.33145416666666666,0.2202,0.9442,1.0812,4.7542,0.19809166666666667,0.10619999999999999,0.7307,0.8624,24,3.2007,0.1333625,0.1075,0.2188,0.2525,completed
30,known_visit,HIPC,bernoulli,drop_0.25,19,361,4,10,hipc_h2_bernoulli_025,C:\Users\lottj\Desktop\research\decentralized benchmark\commitment-horizon-study\reference_core_benchmark_pilot\known_visit_10target_300.csv,02,21,2,0,22,0,2,0,0,0,0.0,0,0,49,43,6,116,20,7,5.2866,0.7552285714285715,0.8042,1.4833,1.4833,3.8695,0.5527857142857143,0.5707,1.1833,1.1833,7,1.4171,0.20244285714285715,0.1811,0.3648,0.3648,completed
30,known_visit,HIPC,bernoulli,drop_0.25,19,361,4,10,hipc_h2_bernoulli_025,C:\Users\lottj\Desktop\research\decentralized benchmark\commitment-horizon-study\reference_core_benchmark_pilot\known_visit_10target_300.csv,03,18,3,0,19,0,0,0,0,0,0.0,0,0,44,38,6,123,18,18,5.3073,0.29485,0.16725,0.7356,0.7356,2.8035,0.15575,0.06895000000000001,0.5,0.5,18,2.5038,0.1391,0.0951,0.402,0.402,completed
31,known_visit,HIPC,bernoulli,drop_0.25,19,361,4,10,hipc_h2_bernoulli_025,C:\Users\lottj\Desktop\research\decentralized benchmark\commitment-horizon-study\reference_core_benchmark_pilot\known_visit_10target_300.csv,00,22,4,0,23,0,0,0,0,0,0.0,0,0,54,46,8,143,22,10,4.8852,0.48852,0.37145,1.0274,1.0274,3.1999999999999997,0.31999999999999995,0.21899999999999997,0.8229,0.8229,10,1.6852,0.16852,0.15244999999999997,0.354,0.354,completed
31,known_visit,HIPC,bernoulli,drop_0.25,19,361,4,10,hipc_h2_bernoulli_025,C:\Users\lottj\Desktop\research\decentralized benchmark\commitment-horizon-study\reference_core_benchmark_pilot\known_visit_10target_300.csv,01,24,4,0,25,0,1,0,0,0,0.0,0,0,60,49,11,134,26,8,3.9466,0.493325,0.46975,0.9917,0.9917,2.6067,0.3258375,0.3002,0.6385,0.6385,8,1.3399,0.1674875,0.14215,0.3532,0.3532,completed
31,known_visit,HIPC,bernoulli,drop_0.25,19,361,4,10,hipc_h2_bernoulli_025,C:\Users\lottj\Desktop\research\decentralized benchmark\commitment-horizon-study\reference_core_benchmark_pilot\known_visit_10target_300.csv,02,19,1,0,19,1,1,0,0,0,0.0,0,0,51,40,11,141,27,21,12.4939,0.5949476190476191,0.5414,0.9762,1.0118,9.1453,0.4354904761904762,0.4005,0.7279,0.7465,21,3.3486,0.15945714285714285,0.1445,0.2483,0.2653,completed
31,known_visit,HIPC,bernoulli,drop_0.25,19,361,4,10,hipc_h2_bernoulli_025,C:\Users\lottj\Desktop\research\decentralized benchmark\commitment-horizon-study\reference_core_benchmark_pilot\known_visit_10target_300.csv,03,24,1,1,21,4,0,0,0,0,0.0,0,0,55,49,6,139,25,9,4.6117,0.5124111111111112,0.4068,0.8727,0.8727,3.1476,0.34973333333333334,0.243,0.6844,0.6844,9,1.4641,0.16267777777777778,0.1542,0.2586,0.2586,completed
32,known_visit,HIPC,bernoulli,drop_0.25,19,361,4,10,hipc_h2_bernoulli_025,C:\Users\lottj\Desktop\research\decentralized benchmark\commitment-horizon-study\reference_core_benchmark_pilot\known_visit_10target_300.csv,00,23,4,0,24,0,0,0,0,0,0.0,0,0,54,47,7,108,21,9,5.1264,0.5696,0.5029,1.3576,1.3576,3.4482,0.3831333333333333,0.2594,1.1373,1.1373,9,1.6782,0.18646666666666667,0.2176,0.2583,0.2583,completed
32,known_visit,HIPC,bernoulli,drop_0.25,19,361,4,10,hipc_h2_bernoulli_025,C:\Users\lottj\Desktop\research\decentralized benchmark\commitment-horizon-study\reference_core_benchmark_pilot\known_visit_10target_300.csv,01,16,2,0,17,0,1,0,0,0,0.0,0,0,40,34,6,119,24,29,10.8004,0.37242758620689653,0.2628,1.0662,1.1735,6.683,0.23044827586206895,0.141,0.8342,0.9366,29,4.1174,0.14197931034482758,0.1218,0.2369,0.2514,completed
32,known_visit,HIPC,bernoulli,drop_0.25,19,361,4,10,hipc_h2_bernoulli_025,C:\Users\lottj\Desktop\research\decentralized benchmark\commitment-horizon-study\reference_core_benchmark_pilot\known_visit_10target_300.csv,02,18,1,0,19,0,1,6,1,2,20.0,2,0,53,38,15,105,24,24,10.4893,0.4370541666666667,0.22735,1.2082,1.502,6.8238,0.284325,0.11174999999999999,0.963,1.2482,24,3.6655,0.15272916666666667,0.1184,0.2531,0.2538,completed
32,known_visit,HIPC,bernoulli,drop_0.25,19,361,4,10,hipc_h2_bernoulli_025,C:\Users\lottj\Desktop\research\decentralized benchmark\commitment-horizon-study\reference_core_benchmark_pilot\known_visit_10target_300.csv,03,15,3,0,16,0,0,0,0,0,0.0,0,0,36,32,4,130,16,32,9.4106,0.29408125,0.20725,0.7506,1.3658,5.1538,0.16105625,0.07965,0.5028,1.1471,32,4.2568,0.133025,0.1157,0.2205,0.2478,completed
33,known_visit,HIPC,bernoulli,drop_0.25,19,361,4,10,hipc_h2_bernoulli_025,C:\Users\lottj\Desktop\research\decentralized benchmark\commitment-horizon-study\reference_core_benchmark_pilot\known_visit_10target_300.csv,00,6,2,0,7,0,0,0,0,0,0.0,0,0,21,14,7,131,23,75,28.1572,0.37542933333333334,0.2465,0.9185,1.029,15.9876,0.213168,0.1091,0.6441,0.7556,75,12.169599999999999,0.1622613333333333,0.1447,0.2819,0.3214,completed
33,known_visit,HIPC,bernoulli,drop_0.25,19,361,4,10,hipc_h2_bernoulli_025,C:\Users\lottj\Desktop\research\decentralized benchmark\commitment-horizon-study\reference_core_benchmark_pilot\known_visit_10target_300.csv,01,27,4,0,28,0,0,0,0,0,0.0,0,0,65,55,10,99,13,9,6.3722,0.7080222222222222,0.7263,1.1493,1.1493,4.1992,0.4665777777777778,0.4058,0.8803,0.8803,9,2.173,0.24144444444444446,0.2305,0.3223,0.3223,completed
33,known_visit,HIPC,bernoulli,drop_0.25,19,361,4,10,hipc_h2_bernoulli_025,C:\Users\lottj\Desktop\research\decentralized benchmark\commitment-horizon-study\reference_core_benchmark_pilot\known_visit_10target_300.csv,02,11,2,0,12,0,1,0,0,0,0.0,0,0,31,24,7,122,24,60,17.4164,0.2902733333333333,0.23809999999999998,0.5993,0.9742,8.3371,0.13895166666666667,0.09259999999999999,0.3482,0.8222,60,9.0793,0.15132166666666666,0.13925,0.2633,0.2981,completed
33,known_visit,HIPC,bernoulli,drop_0.25,19,361,4,10,hipc_h2_bernoulli_025,C:\Users\lottj\Desktop\research\decentralized benchmark\commitment-horizon-study\reference_core_benchmark_pilot\known_visit_10target_300.csv,03,24,2,2,20,5,1,0,0,0,0.0,0,0,61,51,10,103,14,19,7.2707999999999995,0.3826736842105263,0.3076,0.9638,0.9638,4.2841,0.22547894736842103,0.161,0.8039,0.8039,19,2.9867,0.15719473684210525,0.1514,0.2428,0.2428,completed
34,known_visit,HIPC,bernoulli,drop_0.25,19,361,4,10,hipc_h2_bernoulli_025,C:\Users\lottj\Desktop\research\decentralized benchmark\commitment-horizon-study\reference_core_benchmark_pilot\known_visit_10target_300.csv,00,17,0,1,16,2,4,0,0,0,0.0,0,0,50,38,12,137,18,45,16.7554,0.37234222222222224,0.2672,0.7725,1.6404,10.3854,0.23078666666666667,0.136,0.5681,1.4117,45,6.37,0.14155555555555555,0.1258,0.2133,0.2919,completed
34,known_visit,HIPC,bernoulli,drop_0.25,19,361,4,10,hipc_h2_bernoulli_025,C:\Users\lottj\Desktop\research\decentralized benchmark\commitment-horizon-study\reference_core_benchmark_pilot\known_visit_10target_300.csv,01,18,2,0,19,0,0,0,0,0,0.0,0,0,42,38,4,145,17,38,11.0478,0.29073157894736845,0.2371,0.6026,1.7138,5.9888,0.15760000000000002,0.10705,0.4214,1.4192,38,5.059,0.13313157894736843,0.121,0.192,0.2946,completed
34,known_visit,HIPC,bernoulli,drop_0.25,19,361,4,10,hipc_h2_bernoulli_025,C:\Users\lottj\Desktop\research\decentralized benchmark\commitment-horizon-study\reference_core_benchmark_pilot\known_visit_10target_300.csv,02,16,3,0,17,0,0,0,0,0,0.0,0,0,44,34,10,141,20,46,13.000399999999999,0.2826173913043478,0.21625,0.5997,1.1775,6.6299,0.14412826086956523,0.09525,0.3418,0.8968,46,6.3705,0.13848913043478261,0.11835000000000001,0.2612,0.2807,completed
34,known_visit,HIPC,bernoulli,drop_0.25,19,361,4,10,hipc_h2_bernoulli_025,C:\Users\lottj\Desktop\research\decentralized benchmark\commitment-horizon-study\reference_core_benchmark_pilot\known_visit_10target_300.csv,03,28,5,0,29,0,0,0,0,0,0.0,0,0,69,57,12,109,27,9,4.188,0.4653333333333333,0.4397,0.8895,0.8895,2.8815,0.32016666666666665,0.3105,0.6812,0.6812,9,1.3065,0.14516666666666667,0.1292,0.2083,0.2083,completed
35,known_visit,HIPC,bernoulli,drop_0.25,19,361,4,10,hipc_h2_bernoulli_025,C:\Users\lottj\Desktop\research\decentralized benchmark\commitment-horizon-study\reference_core_benchmark_pilot\known_visit_10target_300.csv,00,23,2,0,24,0,1,0,0,0,0.0,0,0,59,48,11,105,27,33,13.7542,0.41679393939393944,0.3557,0.8789,1.0744,7.6379,0.23145151515151516,0.1737,0.6485,0.8433,33,6.1163,0.18534242424242423,0.1813,0.292,0.3114,completed
35,known_visit,HIPC,bernoulli,drop_0.25,19,361,4,10,hipc_h2_bernoulli_025,C:\Users\lottj\Desktop\research\decentralized benchmark\commitment-horizon-study\reference_core_benchmark_pilot\known_visit_10target_300.csv,01,31,4,0,32,0,0,0,0,0,0.0,0,0,73,63,10,101,18,9,6.1959,0.6884333333333333,0.5388,1.391,1.391,4.4055,0.4895,0.4043,1.1713,1.1713,9,1.7904,0.19893333333333332,0.2107,0.3187,0.3187,completed
35,known_visit,HIPC,bernoulli,drop_0.25,19,361,4,10,hipc_h2_bernoulli_025,C:\Users\lottj\Desktop\research\decentralized benchmark\commitment-horizon-study\reference_core_benchmark_pilot\known_visit_10target_300.csv,02,8,4,0,9,0,0,0,0,0,0.0,0,0,27,18,9,147,17,80,24.7375,0.30921875,0.28105,0.5094,0.6966,12.1777,0.15222125,0.13165,0.2915,0.4643,80,12.5598,0.15699749999999998,0.14600000000000002,0.2317,0.2882,completed
35,known_visit,HIPC,bernoulli,drop_0.25,19,361,4,10,hipc_h2_bernoulli_025,C:\Users\lottj\Desktop\research\decentralized benchmark\commitment-horizon-study\reference_core_benchmark_pilot\known_visit_10target_300.csv,03,10,0,2,6,5,2,0,0,0,0.0,0,0,33,23,10,146,12,75,25.2529,0.33670533333333336,0.2598,0.8424,1.5087,12.7697,0.17026266666666667,0.1111,0.5843,1.2838,75,12.4832,0.16644266666666666,0.1603,0.2652,0.2889,completed
36,known_visit,HIPC,bernoulli,drop_0.25,19,361,4,10,hipc_h2_bernoulli_025,C:\Users\lottj\Desktop\research\decentralized benchmark\commitment-horizon-study\reference_core_benchmark_pilot\known_visit_10target_300.csv,00,14,3,0,15,0,0,0,0,0,0.0,0,0,39,30,9,134,25,32,11.871,0.37096875,0.32284999999999997,0.7047,0.8464,6.8931,0.215409375,0.17554999999999998,0.5387,0.6931,32,4.9779,0.155559375,0.14695,0.2054,0.3074,completed
36,known_visit,HIPC,bernoulli,drop_0.25,19,361,4,10,hipc_h2_bernoulli_025,C:\Users\lottj\Desktop\research\decentralized benchmark\commitment-horizon-study\reference_core_benchmark_pilot\known_visit_10target_300.csv,01,22,3,0,23,0,2,0,0,0,0.0,0,0,58,45,13,115,25,13,5.7962,0.4458615384615384,0.3903,0.8095,0.8095,3.8839,0.29876153846153847,0.2447,0.6417,0.6417,13,1.9123,0.1471,0.1456,0.2085,0.2085,completed
36,known_visit,HIPC,bernoulli,drop_0.25,19,361,4,10,hipc_h2_bernoulli_025,C:\Users\lottj\Desktop\research\decentralized benchmark\commitment-horizon-study\reference_core_benchmark_pilot\known_visit_10target_300.csv,02,21,2,0,17,5,1,0,0,0,0.0,0,0,53,44,9,122,22,8,3.7865,0.4733125,0.4446,0.7775,0.7775,2.5232,0.3154,0.2847,0.5848,0.5848,8,1.2633,0.1579125,0.14895000000000003,0.1974,0.1974,completed
36,known_visit,HIPC,bernoulli,drop_0.25,19,361,4,10,hipc_h2_bernoulli_025,C:\Users\lottj\Desktop\research\decentralized benchmark\commitment-horizon-study\reference_core_benchmark_pilot\known_visit_10target_300.csv,03,19,2,0,20,0,1,0,0,0,0.0,0,0,48,40,8,122,27,14,7.0363,0.5025928571428572,0.44475,0.9022,0.9022,4.5733,0.3266642857142857,0.2888,0.629,0.629,14,2.463,0.17592857142857143,0.1565,0.2751,0.2751,completed
37,known_visit,HIPC,bernoulli,drop_0.25,19,361,4,10,hipc_h2_bernoulli_025,C:\Users\lottj\Desktop\research\decentralized benchmark\commitment-horizon-study\reference_core_benchmark_pilot\known_visit_10target_300.csv,00,19,3,0,20,0,0,0,0,0,0.0,0,0,47,40,7,165,22,68,22.8839,0.3365279411764706,0.36519999999999997,0.4504,0.6072,11.5328,0.1696,0.1878,0.2588,0.4573,68,11.3511,0.16692794117647058,0.1772,0.1979,0.2663,completed
37,known_visit,HIPC,bernoulli,drop_0.25,19,361,4,10,hipc_h2_bernoulli_025,C:\Users\lottj\Desktop\research\decentralized benchmark\commitment-horizon-study\reference_core_benchmark_pilot\known_visit_10target_300.csv,01,25,3,2,20,6,0,2,1,1,5.0,1,0,68,54,14,143,24,46,14.7796,0.32129565217391304,0.27295,0.5866,0.697,7.3766,0.1603608695652174,0.10315,0.3575,0.453,46,7.4030000000000005,0.16093478260869568,0.1626,0.244,0.2663,completed
37,known_visit,HIPC,bernoulli,drop_0.25,19,361,4,10,hipc_h2_bernoulli_025,C:\Users\lottj\Desktop\research\decentralized benchmark\commitment-horizon-study\reference_core_benchmark_pilot\known_visit_10target_300.csv,02,28,3,0,29,0,1,0,0,0,0.0,0,0,69,58,11,146,19,39,13.9012,0.35644102564102564,0.3318,0.6604,0.9079,7.7476,0.19865641025641026,0.1599,0.517,0.6719,39,6.1536,0.15778461538461538,0.1589,0.2391,0.2648,completed
37,known_visit,HIPC,bernoulli,drop_0.25,19,361,4,10,hipc_h2_bernoulli_025,C:\Users\lottj\Desktop\research\decentralized benchmark\commitment-horizon-study\reference_core_benchmark_pilot\known_visit_10target_300.csv,03,22,1,0,22,1,0,0,0,0,0.0,0,0,51,46,5,162,22,62,25.801099999999998,0.41614677419354834,0.32499999999999996,0.6761,0.9492,14.2297,0.22951129032258064,0.1422,0.442,0.7998,62,11.5714,0.18663548387096776,0.17804999999999999,0.2459,0.2549,completed
38,known_visit,HIPC,bernoulli,drop_0.25,19,361,4,10,hipc_h2_bernoulli_025,C:\Users\lottj\Desktop\research\decentralized benchmark\commitment-horizon-study\reference_core_benchmark_pilot\known_visit_10target_300.csv,00,33,2,2,32,2,0,0,0,0,0.0,0,0,76,67,9,147,27,9,3.8913,0.4323666666666667,0.4143,0.7312,0.7312,2.3427000000000002,0.26030000000000003,0.2272,0.5765,0.5765,9,1.5486,0.17206666666666667,0.1716,0.2068,0.2068,completed
38,known_visit,HIPC,bernoulli,drop_0.25,19,361,4,10,hipc_h2_bernoulli_025,C:\Users\lottj\Desktop\research\decentralized benchmark\commitment-horizon-study\reference_core_benchmark_pilot\known_visit_10target_300.csv,01,24,4,0,24,1,1,0,0,0,0.0,0,0,62,50,12,167,21,36,13.2293,0.3674805555555556,0.3234,0.8628,1.1239,7.059,0.19608333333333333,0.13535,0.7135,0.8675,36,6.1703,0.17139722222222223,0.1825,0.2278,0.2564,completed
38,known_visit,HIPC,bernoulli,drop_0.25,19,361,4,10,hipc_h2_bernoulli_025,C:\Users\lottj\Desktop\research\decentralized benchmark\commitment-horizon-study\reference_core_benchmark_pilot\known_visit_10target_300.csv,02,33,4,1,29,5,2,0,0,0,0.0,0,0,81,67,14,139,31,10,6.191,0.6191,0.497,1.314,1.314,4.3627,0.43627000000000005,0.32775,1.0937,1.0937,10,1.8283,0.18283,0.18795,0.2565,0.2565,completed
38,known_visit,HIPC,bernoulli,drop_0.25,19,361,4,10,hipc_h2_bernoulli_025,C:\Users\lottj\Desktop\research\decentralized benchmark\commitment-horizon-study\reference_core_benchmark_pilot\known_visit_10target_300.csv,03,10,0,0,11,0,1,0,0,0,0.0,0,0,32,22,10,190,28,83,40.4209,0.4869987951807229,0.477,0.7381,1.073,25.1186,0.30263373493975904,0.2877,0.5232,0.9298,83,15.3023,0.18436506024096386,0.1883,0.2196,0.2957,completed
39,known_visit,HIPC,bernoulli,drop_0.25,19,361,4,10,hipc_h2_bernoulli_025,C:\Users\lottj\Desktop\research\decentralized benchmark\commitment-horizon-study\reference_core_benchmark_pilot\known_visit_10target_300.csv,00,10,2,0,11,0,0,0,0,0,0.0,0,0,26,22,4,115,19,46,17.3143,0.3763978260869565,0.34185,0.6966,1.4339,10.1264,0.22013913043478261,0.17475000000000002,0.4366,1.2081,46,7.1879,0.1562586956521739,0.1516,0.2258,0.2652,completed
39,known_visit,HIPC,bernoulli,drop_0.25,19,361,4,10,hipc_h2_bernoulli_025,C:\Users\lottj\Desktop\research\decentralized benchmark\commitment-horizon-study\reference_core_benchmark_pilot\known_visit_10target_300.csv,01,23,4,0,24,0,0,0,0,0,0.0,0,0,53,47,6,90,17,7,3.8381,0.5483,0.4646,0.9069,0.9069,2.4093,0.34418571428571426,0.2637,0.5939,0.5939,7,1.4288,0.20411428571428572,0.1977,0.313,0.313,completed
39,known_visit,HIPC,bernoulli,drop_0.25,19,361,4,10,hipc_h2_bernoulli_025,C:\Users\lottj\Desktop\research\decentralized benchmark\commitment-horizon-study\reference_core_benchmark_pilot\known_visit_10target_300.csv,02,18,4,1,18,1,0,0,0,0,0.0,0,0,50,38,12,84,25,20,8.0858,0.40429000000000004,0.3019,0.88,1.3669,4.729,0.23645,0.13445000000000001,0.6813,1.0504,20,3.3568,0.16784,0.16505,0.275,0.3165,completed
39,known_visit,HIPC,bernoulli,drop_0.25,19,361,4,10,hipc_h2_bernoulli_025,C:\Users\lottj\Desktop\research\decentralized benchmark\commitment-horizon-study\reference_core_benchmark_pilot\known_visit_10target_300.csv,03,8,0,0,9,0,3,1,1,0,0.0,0,0,31,20,11,108,20,54,22.4816,0.41632592592592593,0.32715,1.1258,1.1952,13.6052,0.25194814814814814,0.1593,0.8895,0.937,54,8.8764,0.1643777777777778,0.1578,0.2791,0.3213,completed
40,known_visit,HIPC,bernoulli,drop_0.25,19,361,4,10,hipc_h2_bernoulli_025,C:\Users\lottj\Desktop\research\decentralized benchmark\commitment-horizon-study\reference_core_benchmark_pilot\known_visit_10target_300.csv,00,14,3,1,13,2,1,0,0,0,0.0,0,0,40,30,10,101,16,20,9.7178,0.48589000000000004,0.3778,0.9394,2.1622,5.5272,0.27636,0.16575,0.7058,1.7565,20,4.1906,0.20953,0.17049999999999998,0.3291,0.4057,completed
40,known_visit,HIPC,bernoulli,drop_0.25,19,361,4,10,hipc_h2_bernoulli_025,C:\Users\lottj\Desktop\research\decentralized benchmark\commitment-horizon-study\reference_core_benchmark_pilot\known_visit_10target_300.csv,01,18,3,0,19,0,1,0,0,0,0.0,0,0,44,37,7,94,20,8,4.9994,0.624925,0.60305,0.954,0.954,3.3095,0.4136875,0.4101,0.6562,0.6562,8,1.6899,0.2112375,0.16815000000000002,0.3349,0.3349,completed
40,known_visit,HIPC,bernoulli,drop_0.25,19,361,4,10,hipc_h2_bernoulli_025,C:\Users\lottj\Desktop\research\decentralized benchmark\commitment-horizon-study\reference_core_benchmark_pilot\known_visit_10target_300.csv,02,10,1,0,11,0,2,0,0,0,0.0,0,0,32,22,10,109,16,33,15.2113,0.46094848484848483,0.4721,1.0026,1.1095,8.1879,0.24811818181818185,0.226,0.8111,0.872,33,7.0234,0.212830303030303,0.2339,0.3001,0.3009,completed
40,known_visit,HIPC,bernoulli,drop_0.25,19,361,4,10,hipc_h2_bernoulli_025,C:\Users\lottj\Desktop\research\decentralized benchmark\commitment-horizon-study\reference_core_benchmark_pilot\known_visit_10target_300.csv,03,17,3,0,18,0,1,0,0,0,0.0,0,0,42,35,7,97,18,6,4.9521,0.8253499999999999,0.5906,2.0481,2.0481,3.8565,0.64275,0.4245,1.7942,1.7942,6,1.0956,0.18259999999999998,0.17615,0.2539,0.2539,completed
41,known_visit,HIPC,bernoulli,drop_0.25,19,361,4,10,hipc_h2_bernoulli_025,C:\Users\lottj\Desktop\research\decentralized benchmark\commitment-horizon-study\reference_core_benchmark_pilot\known_visit_10target_300.csv,00,18,6,0,19,0,0,0,0,0,0.0,0,0,47,37,10,108,23,8,5.9538,0.744225,0.7007,1.4555,1.4555,4.0974,0.512175,0.48510000000000003,1.2323,1.2323,8,1.8564,0.23205,0.22675,0.3322,0.3322,completed
41,known_visit,HIPC,bernoulli,drop_0.25,19,361,4,10,hipc_h2_bernoulli_025,C:\Users\lottj\Desktop\research\decentralized benchmark\commitment-horizon-study\reference_core_benchmark_pilot\known_visit_10target_300.csv,01,18,2,0,19,0,2,1,1,0,0.0,0,0,50,37,13,111,16,7,5.6118,0.8016857142857142,0.8541,1.1128,1.1128,4.163,0.5947142857142858,0.6426,0.8798,0.8798,7,1.4488,0.20697142857142858,0.2185,0.2479,0.2479,completed
41,known_visit,HIPC,bernoulli,drop_0.25,19,361,4,10,hipc_h2_bernoulli_025,C:\Users\lottj\Desktop\research\decentralized benchmark\commitment-horizon-study\reference_core_benchmark_pilot\known_visit_10target_300.csv,02,15,2,0,16,0,0,0,0,0,0.0,0,0,36,32,4,117,24,15,7.8662,0.5244133333333333,0.323,1.4637,1.4637,4.7613,0.31742000000000004,0.1248,1.2359,1.2359,15,3.1048999999999998,0.2069933333333333,0.1986,0.2925,0.2925,completed
41,known_visit,HIPC,bernoulli,drop_0.25,19,361,4,10,hipc_h2_bernoulli_025,C:\Users\lottj\Desktop\research\decentralized benchmark\commitment-horizon-study\reference_core_benchmark_pilot\known_visit_10target_300.csv,03,18,0,1,17,2,3,0,0,0,0.0,0,0,45,37,8,114,18,9,6.3537,0.7059666666666666,0.5753,1.5354,1.5354,4.3709,0.4856555555555555,0.3325,1.2731,1.2731,9,1.9828,0.2203111111111111,0.2157,0.32,0.32,completed
42,known_visit,HIPC,bernoulli,drop_0.25,19,361,4,10,hipc_h2_bernoulli_025,C:\Users\lottj\Desktop\research\decentralized benchmark\commitment-horizon-study\reference_core_benchmark_pilot\known_visit_10target_300.csv,00,19,1,0,18,2,0,0,0,0,0.0,0,0,47,40,7,160,22,48,15.1538,0.3157041666666667,0.27795000000000003,0.5464,1.1403,7.4835,0.15590625,0.1099,0.3703,0.8786,48,7.6703,0.15979791666666668,0.15245,0.2617,0.3721,completed
42,known_visit,HIPC,bernoulli,drop_0.25,19,361,4,10,hipc_h2_bernoulli_025,C:\Users\lottj\Desktop\research\decentralized benchmark\commitment-horizon-study\reference_core_benchmark_pilot\known_visit_10target_300.csv,01,30,3,0,31,0,2,0,0,0,0.0,0,0,72,62,10,138,20,9,6.5592,0.7288,0.6659,1.2923,1.2923,4.4985,0.49983333333333335,0.4051,1.1103,1.1103,9,2.0606999999999998,0.22896666666666665,0.2029,0.4276,0.4276,completed
42,known_visit,HIPC,bernoulli,drop_0.25,19,361,4,10,hipc_h2_bernoulli_025,C:\Users\lottj\Desktop\research\decentralized benchmark\commitment-horizon-study\reference_core_benchmark_pilot\known_visit_10target_300.csv,02,18,4,1,16,3,0,0,0,0,0.0,0,0,49,39,10,152,29,46,23.9645,0.5209673913043479,0.46094999999999997,1.1454,1.2405,14.7395,0.3204239130434782,0.2925,0.7411,0.7926,46,9.225,0.20054347826086955,0.1709,0.4211,0.4479,completed
42,known_visit,HIPC,bernoulli,drop_0.25,19,361,4,10,hipc_h2_bernoulli_025,C:\Users\lottj\Desktop\research\decentralized benchmark\commitment-horizon-study\reference_core_benchmark_pilot\known_visit_10target_300.csv,03,27,2,2,23,5,0,0,0,0,0.0,0,0,62,56,6,148,19,18,8.1943,0.4552388888888889,0.32235,1.0811,1.0811,4.9519,0.27510555555555555,0.15134999999999998,0.7669,0.7669,18,3.2424,0.18013333333333334,0.16695,0.3574,0.3574,completed
43,known_visit,HIPC,bernoulli,drop_0.25,19,361,4,10,hipc_h2_bernoulli_025,C:\Users\lottj\Desktop\research\decentralized benchmark\commitment-horizon-study\reference_core_benchmark_pilot\known_visit_10target_300.csv,00,24,3,0,25,0,4,1,1,0,0.0,0,0,64,49,15,140,24,10,7.9978,0.7997799999999999,0.7005,2.0223,2.0223,5.8495,0.58495,0.476,1.75,1.75,10,2.1483,0.21483,0.20029999999999998,0.3448,0.3448,completed
43,known_visit,HIPC,bernoulli,drop_0.25,19,361,4,10,hipc_h2_bernoulli_025,C:\Users\lottj\Desktop\research\decentralized benchmark\commitment-horizon-study\reference_core_benchmark_pilot\known_visit_10target_300.csv,01,23,3,0,24,0,2,5,3,1,5.0,1,0,62,50,12,139,27,9,5.4906999999999995,0.6100777777777777,0.6173,1.0954,1.0954,3.9173999999999998,0.43526666666666664,0.4563,0.8717,0.8717,9,1.5733,0.1748111111111111,0.163,0.2394,0.2394,completed
43,known_visit,HIPC,bernoulli,drop_0.25,19,361,4,10,hipc_h2_bernoulli_025,C:\Users\lottj\Desktop\research\decentralized benchmark\commitment-horizon-study\reference_core_benchmark_pilot\known_visit_10target_300.csv,02,23,3,0,24,0,0,0,0,0,0.0,0,0,54,47,7,145,28,7,4.2374,0.6053428571428572,0.4497,1.2764,1.2764,2.9169,0.4167,0.2857,1.0249,1.0249,7,1.3205,0.18864285714285714,0.1694,0.2515,0.2515,completed
43,known_visit,HIPC,bernoulli,drop_0.25,19,361,4,10,hipc_h2_bernoulli_025,C:\Users\lottj\Desktop\research\decentralized benchmark\commitment-horizon-study\reference_core_benchmark_pilot\known_visit_10target_300.csv,03,20,1,0,21,0,0,0,0,0,0.0,0,0,48,42,6,153,27,19,8.8545,0.4660263157894737,0.3261,1.3341,1.3341,5.3074,0.27933684210526316,0.1545,0.8674,0.8674,19,3.5471,0.18668947368421052,0.1707,0.4667,0.4667,completed
44,known_visit,HIPC,bernoulli,drop_0.25,19,361,4,10,hipc_h2_bernoulli_025,C:\Users\lottj\Desktop\research\decentralized benchmark\commitment-horizon-study\reference_core_benchmark_pilot\known_visit_10target_300.csv,00,20,1,1,19,2,0,0,0,0,0.0,0,0,50,42,8,134,23,14,6.4568,0.4612,0.43805,0.7159,0.7159,3.8965,0.27832142857142855,0.24995,0.4612,0.4612,14,2.5603,0.18287857142857142,0.18309999999999998,0.2547,0.2547,completed
44,known_visit,HIPC,bernoulli,drop_0.25,19,361,4,10,hipc_h2_bernoulli_025,C:\Users\lottj\Desktop\research\decentralized benchmark\commitment-horizon-study\reference_core_benchmark_pilot\known_visit_10target_300.csv,01,23,4,0,24,0,1,0,0,0,0.0,0,0,54,47,7,126,28,9,5.0391,0.5599000000000001,0.4096,1.2174,1.2174,3.47,0.3855555555555556,0.2544,1.0659,1.0659,9,1.5691,0.17434444444444444,0.1723,0.2524,0.2524,completed
44,known_visit,HIPC,bernoulli,drop_0.25,19,361,4,10,hipc_h2_bernoulli_025,C:\Users\lottj\Desktop\research\decentralized benchmark\commitment-horizon-study\reference_core_benchmark_pilot\known_visit_10target_300.csv,02,22,4,0,23,0,0,0,0,0,0.0,0,0,53,45,8,125,29,7,4.3351,0.6193,0.5525,0.9925,0.9925,3.0175,0.4310714285714286,0.3531,0.8338,0.8338,7,1.3176,0.18822857142857144,0.1836,0.2702,0.2702,completed
44,known_visit,HIPC,bernoulli,drop_0.25,19,361,4,10,hipc_h2_bernoulli_025,C:\Users\lottj\Desktop\research\decentralized benchmark\commitment-horizon-study\reference_core_benchmark_pilot\known_visit_10target_300.csv,03,21,1,0,22,0,0,0,0,0,0.0,0,0,51,44,7,134,23,12,4.8902,0.4075166666666667,0.35985,0.6668,0.6668,2.7803,0.23169166666666666,0.19005,0.4862,0.4862,12,2.1099,0.175825,0.16544999999999999,0.2416,0.2416,completed
45,known_visit,HIPC,bernoulli,drop_0.25,19,361,4,10,hipc_h2_bernoulli_025,C:\Users\lottj\Desktop\research\decentralized benchmark\commitment-horizon-study\reference_core_benchmark_pilot\known_visit_10target_300.csv,00,15,2,0,13,3,1,0,0,0,0.0,0,0,41,32,9,140,21,31,14.3926,0.4642774193548387,0.3961,0.8131,1.4415,8.4769,0.2734483870967742,0.2317,0.6754,1.2182,31,5.9157,0.19082903225806452,0.2052,0.2262,0.2728,completed
45,known_visit,HIPC,bernoulli,drop_0.25,19,361,4,10,hipc_h2_bernoulli_025,C:\Users\lottj\Desktop\research\decentralized benchmark\commitment-horizon-study\reference_core_benchmark_pilot\known_visit_10target_300.csv,01,23,4,0,24,0,2,0,0,0,0.0,0,0,58,47,11,130,15,10,6.4236,0.64236,0.4894,1.5474,1.5474,4.5014,0.45014000000000004,0.33135000000000003,1.3236,1.3236,10,1.9222,0.19222,0.2036,0.2395,0.2395,completed
45,known_visit,HIPC,bernoulli,drop_0.25,19,361,4,10,hipc_h2_bernoulli_025,C:\Users\lottj\Desktop\research\decentralized benchmark\commitment-horizon-study\reference_core_benchmark_pilot\known_visit_10target_300.csv,02,22,2,0,23,0,2,0,0,0,0.0,0,0,54,45,9,128,21,8,4.8235,0.6029375,0.53855,1.1114,1.1114,3.3411,0.4176375,0.37829999999999997,0.8863,0.8863,8,1.4824,0.1853,0.1666,0.2821,0.2821,completed
45,known_visit,HIPC,bernoulli,drop_0.25,19,361,4,10,hipc_h2_bernoulli_025,C:\Users\lottj\Desktop\research\decentralized benchmark\commitment-horizon-study\reference_core_benchmark_pilot\known_visit_10target_300.csv,03,20,2,0,21,0,1,0,0,0,0.0,0,0,50,42,8,130,22,17,7.5795,0.4458529411764706,0.3878,0.8231,0.8231,4.2164,0.24802352941176473,0.1895,0.5593,0.5593,17,3.3631,0.1978294117647059,0.1853,0.2638,0.2638,completed
46,known_visit,HIPC,bernoulli,drop_0.25,19,361,4,10,hipc_h2_bernoulli_025,C:\Users\lottj\Desktop\research\decentralized benchmark\commitment-horizon-study\reference_core_benchmark_pilot\known_visit_10target_300.csv,00,24,1,1,22,3,2,0,0,0,0.0,0,0,57,49,8,109,24,8,5.1817,0.6477125,0.5055499999999999,1.3259,1.3259,3.4908,0.43635,0.3206,1.0956,1.0956,8,1.6909,0.2113625,0.20245000000000002,0.3224,0.3224,completed
46,known_visit,HIPC,bernoulli,drop_0.25,19,361,4,10,hipc_h2_bernoulli_025,C:\Users\lottj\Desktop\research\decentralized benchmark\commitment-horizon-study\reference_core_benchmark_pilot\known_visit_10target_300.csv,01,8,2,0,9,0,0,0,0,0,0.0,0,0,24,18,6,145,21,57,23.695899999999998,0.4157175438596491,0.3518,0.7995,1.8506,11.8532,0.20795087719298244,0.1459,0.492,1.5698,57,11.8427,0.20776666666666668,0.1938,0.3108,0.3755,completed
46,known_visit,HIPC,bernoulli,drop_0.25,19,361,4,10,hipc_h2_bernoulli_025,C:\Users\lottj\Desktop\research\decentralized benchmark\commitment-horizon-study\reference_core_benchmark_pilot\known_visit_10target_300.csv,02,20,3,2,13,8,1,0,0,0,0.0,0,0,54,43,11,112,23,18,6.9456,0.38586666666666664,0.3245,1.0928,1.0928,3.5617,0.19787222222222223,0.14245,0.8673,0.8673,18,3.3839,0.18799444444444446,0.1815,0.3195,0.3195,completed
46,known_visit,HIPC,bernoulli,drop_0.25,19,361,4,10,hipc_h2_bernoulli_025,C:\Users\lottj\Desktop\research\decentralized benchmark\commitment-horizon-study\reference_core_benchmark_pilot\known_visit_10target_300.csv,03,24,4,0,25,0,0,0,0,0,0.0,0,0,55,49,6,107,28,7,4.5398,0.6485428571428571,0.5816,1.2013,1.2013,2.9082999999999997,0.41547142857142855,0.3503,0.828,0.828,7,1.6315,0.23307142857142857,0.2313,0.3733,0.3733,completed
47,known_visit,HIPC,bernoulli,drop_0.25,19,361,4,10,hipc_h2_bernoulli_025,C:\Users\lottj\Desktop\research\decentralized benchmark\commitment-horizon-study\reference_core_benchmark_pilot\known_visit_10target_300.csv,00,25,0,2,22,4,1,2,2,0,0.0,0,0,57,52,5,148,25,10,7.6948,0.7694799999999999,0.86775,0.9359,0.9359,5.5623,0.55623,0.62735,0.7136,0.7136,10,2.1325,0.21325,0.2242,0.2571,0.2571,completed
47,known_visit,HIPC,bernoulli,drop_0.25,19,361,4,10,hipc_h2_bernoulli_025,C:\Users\lottj\Desktop\research\decentralized benchmark\commitment-horizon-study\reference_core_benchmark_pilot\known_visit_10target_300.csv,01,26,3,0,27,0,0,0,0,0,0.0,0,0,62,54,8,153,16,12,5.5174,0.4597833333333334,0.39105,1.1139,1.1139,3.3466,0.2788833333333333,0.18064999999999998,0.8576,0.8576,12,2.1708,0.18089999999999998,0.1972,0.2563,0.2563,completed
47,known_visit,HIPC,bernoulli,drop_0.25,19,361,4,10,hipc_h2_bernoulli_025,C:\Users\lottj\Desktop\research\decentralized benchmark\commitment-horizon-study\reference_core_benchmark_pilot\known_visit_10target_300.csv,02,22,3,1,21,2,0,0,0,0,0.0,0,0,55,46,9,148,26,24,7.398,0.30824999999999997,0.16015000000000001,0.8032,0.9742,4.1526,0.17302499999999998,0.06335,0.5687,0.7437,24,3.2454,0.135225,0.09465000000000001,0.2345,0.2797,completed
47,known_visit,HIPC,bernoulli,drop_0.25,19,361,4,10,hipc_h2_bernoulli_025,C:\Users\lottj\Desktop\research\decentralized benchmark\commitment-horizon-study\reference_core_benchmark_pilot\known_visit_10target_300.csv,03,23,4,0,24,0,1,0,0,0,0.0,0,0,57,49,8,143,30,19,8.9747,0.4723526315789474,0.3783,1.0475,1.0475,5.8738,0.3091473684210526,0.2111,0.8325,0.8325,19,3.1009,0.16320526315789474,0.1444,0.239,0.239,completed
48,known_visit,HIPC,bernoulli,drop_0.25,19,361,4,10,hipc_h2_bernoulli_025,C:\Users\lottj\Desktop\research\decentralized benchmark\commitment-horizon-study\reference_core_benchmark_pilot\known_visit_10target_300.csv,00,13,3,0,14,0,0,0,0,0,0.0,0,0,34,28,6,146,24,62,19.3346,0.31184838709677415,0.29379999999999995,0.7959,1.3014,9.3733,0.15118225806451613,0.12165000000000001,0.5982,0.886,62,9.9613,0.16066612903225805,0.15415,0.2226,0.4154,completed
48,known_visit,HIPC,bernoulli,drop_0.25,19,361,4,10,hipc_h2_bernoulli_025,C:\Users\lottj\Desktop\research\decentralized benchmark\commitment-horizon-study\reference_core_benchmark_pilot\known_visit_10target_300.csv,01,16,3,0,17,0,2,0,0,0,0.0,0,0,42,34,8,130,32,56,16.6396,0.29713571428571434,0.25075000000000003,1.0286,1.3641,7.827,0.13976785714285714,0.0905,0.8097,0.8367,56,8.8126,0.15736785714285714,0.12645,0.2239,0.5274,completed
48,known_visit,HIPC,bernoulli,drop_0.25,19,361,4,10,hipc_h2_bernoulli_025,C:\Users\lottj\Desktop\research\decentralized benchmark\commitment-horizon-study\reference_core_benchmark_pilot\known_visit_10target_300.csv,02,23,2,1,23,1,1,0,0,0,0.0,0,0,56,49,7,124,24,29,14.4283,0.4975275862068966,0.4684,0.9747,1.1509,8.9599,0.3089620689655172,0.254,0.7707,0.8951,29,5.4684,0.18856551724137932,0.204,0.2558,0.4,completed
48,known_visit,HIPC,bernoulli,drop_0.25,19,361,4,10,hipc_h2_bernoulli_025,C:\Users\lottj\Desktop\research\decentralized benchmark\commitment-horizon-study\reference_core_benchmark_pilot\known_visit_10target_300.csv,03,31,2,0,31,1,1,0,0,0,0.0,0,0,73,63,10,106,26,7,5.267,0.7524285714285714,0.4829,1.42,1.42,3.8699,0.5528428571428571,0.3053,1.2386,1.2386,7,1.3971,0.19958571428571428,0.1814,0.3371,0.3371,completed
49,known_visit,HIPC,bernoulli,drop_0.25,19,361,4,10,hipc_h2_bernoulli_025,C:\Users\lottj\Desktop\research\decentralized benchmark\commitment-horizon-study\reference_core_benchmark_pilot\known_visit_10target_300.csv,00,22,4,0,23,0,0,0,0,0,0.0,0,0,54,46,8,139,20,237,62.4795,0.263626582278481,0.2519,0.4782,0.5645,23.4693,0.09902658227848102,0.0901,0.175,0.4018,237,39.0102,0.1646,0.1615,0.2643,0.4047,completed
49,known_visit,HIPC,bernoulli,drop_0.25,19,361,4,10,hipc_h2_bernoulli_025,C:\Users\lottj\Desktop\research\decentralized benchmark\commitment-horizon-study\reference_core_benchmark_pilot\known_visit_10target_300.csv,01,20,2,1,20,1,1,0,0,0,0.0,0,0,53,43,10,141,19,241,82.9944,0.3443751037344398,0.3184,0.5834,0.8548,40.4227,0.16772904564315352,0.1438,0.3456,0.6743,241,42.5717,0.1766460580912863,0.1717,0.2772,0.4417,completed
49,known_visit,HIPC,bernoulli,drop_0.25,19,361,4,10,hipc_h2_bernoulli_025,C:\Users\lottj\Desktop\research\decentralized benchmark\commitment-horizon-study\reference_core_benchmark_pilot\known_visit_10target_300.csv,02,19,1,1,19,1,1,1,1,0,0.0,0,1,52,41,11,137,24,247,85.777,0.3472753036437247,0.3111,0.6046,1.1724,42.4708,0.17194655870445344,0.1386,0.3453,0.8566,247,43.3062,0.17532874493927125,0.1699,0.2751,0.8357,completed
49,known_visit,HIPC,bernoulli,drop_0.25,19,361,4,10,hipc_h2_bernoulli_025,C:\Users\lottj\Desktop\research\decentralized benchmark\commitment-horizon-study\reference_core_benchmark_pilot\known_visit_10target_300.csv,03,23,3,0,24,0,1,0,0,0,0.0,0,0,55,48,7,137,22,235,133.982,0.570136170212766,0.5465,0.976,1.2171,85.2738,0.36286723404255317,0.3446,0.6759,0.9198,235,48.7082,0.20726893617021275,0.2011,0.3515,0.6959,completed
50,known_visit,HIPC,bernoulli,drop_0.25,19,361,4,10,hipc_h2_bernoulli_025,C:\Users\lottj\Desktop\research\decentralized benchmark\commitment-horizon-study\reference_core_benchmark_pilot\known_visit_10target_300.csv,00,32,4,0,29,4,0,3,3,0,0.0,0,0,79,68,11,137,27,8,4.5109,0.5638625,0.58525,0.9458,0.9458,2.7228,0.34035,0.35785,0.7032,0.7032,8,1.7881,0.2235125,0.22175,0.2574,0.2574,completed
50,known_visit,HIPC,bernoulli,drop_0.25,19,361,4,10,hipc_h2_bernoulli_025,C:\Users\lottj\Desktop\research\decentralized benchmark\commitment-horizon-study\reference_core_benchmark_pilot\known_visit_10target_300.csv,01,12,3,0,13,0,0,2,1,1,5.0,1,0,36,28,8,181,26,74,27.8813,0.37677432432432434,0.34675,0.6782,1.9787,13.4778,0.18213243243243243,0.13035,0.4608,1.4964,74,14.4035,0.19464189189189188,0.2011,0.2602,0.4823,completed
50,known_visit,HIPC,bernoulli,drop_0.25,19,361,4,10,hipc_h2_bernoulli_025,C:\Users\lottj\Desktop\research\decentralized benchmark\commitment-horizon-study\reference_core_benchmark_pilot\known_visit_10target_300.csv,02,20,3,0,21,0,1,0,0,0,0.0,0,0,49,42,7,157,36,52,20.4832,0.3939076923076923,0.32855,0.8593,2.0301,10.5352,0.2026,0.12075,0.6038,1.7975,52,9.948,0.19130769230769232,0.19269999999999998,0.2555,0.2694,completed
50,known_visit,HIPC,bernoulli,drop_0.25,19,361,4,10,hipc_h2_bernoulli_025,C:\Users\lottj\Desktop\research\decentralized benchmark\commitment-horizon-study\reference_core_benchmark_pilot\known_visit_10target_300.csv,03,33,0,4,20,14,3,0,0,0,0.0,0,0,79,67,12,142,21,11,7.383900000000001,0.6712636363636364,0.6472,1.3081,1.3081,4.9578999999999995,0.4507181818181818,0.4089,1.0752,1.0752,11,2.426,0.22054545454545457,0.2329,0.3063,0.3063,completed
51,known_visit,HIPC,bernoulli,drop_0.25,19,361,4,10,hipc_h2_bernoulli_025,C:\Users\lottj\Desktop\research\decentralized benchmark\commitment-horizon-study\reference_core_benchmark_pilot\known_visit_10target_300.csv,00,22,2,0,23,0,0,0,0,0,0.0,0,0,55,46,9,143,24,11,5.9756,0.5432363636363636,0.3685,1.0252,1.0252,3.6289,0.32989999999999997,0.1942,0.7664,0.7664,11,2.3467000000000002,0.21333636363636366,0.2093,0.3017,0.3017,completed
51,known_visit,HIPC,bernoulli,drop_0.25,19,361,4,10,hipc_h2_bernoulli_025,C:\Users\lottj\Desktop\research\decentralized benchmark\commitment-horizon-study\reference_core_benchmark_pilot\known_visit_10target_300.csv,01,21,1,2,20,2,2,0,0,0,0.0,0,0,55,45,10,144,24,15,7.7299,0.5153266666666666,0.4928,0.9816,0.9816,4.6316,0.3087733333333333,0.291,0.7207,0.7207,15,3.0983,0.20655333333333334,0.2147,0.2748,0.2748,completed
51,known_visit,HIPC,bernoulli,drop_0.25,19,361,4,10,hipc_h2_bernoulli_025,C:\Users\lottj\Desktop\research\decentralized benchmark\commitment-horizon-study\reference_core_benchmark_pilot\known_visit_10target_300.csv,02,18,3,0,19,0,0,0,0,0,0.0,0,0,48,38,10,152,23,24,11.5714,0.4821416666666667,0.45675,0.8486,1.3114,6.9405,0.2891875,0.27080000000000004,0.638,1.0169,24,4.6309,0.19295416666666665,0.1915,0.2567,0.2945,completed
51,known_visit,HIPC,bernoulli,drop_0.25,19,361,4,10,hipc_h2_bernoulli_025,C:\Users\lottj\Desktop\research\decentralized benchmark\commitment-horizon-study\reference_core_benchmark_pilot\known_visit_10target_300.csv,03,24,4,0,25,0,2,0,0,0,0.0,0,0,65,49,16,134,24,11,7.689,0.699,0.6921,1.7329,1.7329,5.3156,0.48323636363636363,0.4619,1.4852,1.4852,11,2.3734,0.21576363636363638,0.2315,0.2912,0.2912,completed
52,known_visit,HIPC,bernoulli,drop_0.25,19,361,4,10,hipc_h2_bernoulli_025,C:\Users\lottj\Desktop\research\decentralized benchmark\commitment-horizon-study\reference_core_benchmark_pilot\known_visit_10target_300.csv,00,24,3,0,25,0,0,0,0,0,0.0,0,0,54,49,5,122,24,9,7.3466000000000005,0.816288888888889,0.5193,2.0817,2.0817,4.7073,0.5230333333333334,0.3086,1.6054,1.6054,9,2.6393,0.29325555555555555,0.2142,0.701,0.701,completed
52,known_visit,HIPC,bernoulli,drop_0.25,19,361,4,10,hipc_h2_bernoulli_025,C:\Users\lottj\Desktop\research\decentralized benchmark\commitment-horizon-study\reference_core_benchmark_pilot\known_visit_10target_300.csv,01,19,3,0,20,0,0,0,0,0,0.0,0,0,48,40,8,133,19,22,8.7903,0.3995590909090909,0.25085,0.8667,1.3943,4.8406,0.22002727272727274,0.11374999999999999,0.5915,0.793,22,3.9497,0.17953181818181818,0.1371,0.2752,0.6013,completed
52,known_visit,HIPC,bernoulli,drop_0.25,19,361,4,10,hipc_h2_bernoulli_025,C:\Users\lottj\Desktop\research\decentralized benchmark\commitment-horizon-study\reference_core_benchmark_pilot\known_visit_10target_300.csv,02,22,1,3,14,9,0,0,0,0,0.0,0,0,54,46,8,122,24,12,10.091800000000001,0.8409833333333334,0.8294999999999999,1.3573,1.3573,7.3941,0.616175,0.60715,1.0493,1.0493,12,2.6977,0.22480833333333336,0.20865,0.308,0.308,completed
52,known_visit,HIPC,bernoulli,drop_0.25,19,361,4,10,hipc_h2_bernoulli_025,C:\Users\lottj\Desktop\research\decentralized benchmark\commitment-horizon-study\reference_core_benchmark_pilot\known_visit_10target_300.csv,03,14,3,0,15,0,2,0,0,0,0.0,0,0,44,30,14,130,25,39,22.6826,0.5816051282051282,0.4848,1.6652,1.8264,15.4305,0.3956538461538462,0.2947,1.3589,1.5213,39,7.2521,0.18595128205128206,0.1867,0.3051,0.3063,completed
53,known_visit,HIPC,bernoulli,drop_0.25,19,361,4,10,hipc_h2_bernoulli_025,C:\Users\lottj\Desktop\research\decentralized benchmark\commitment-horizon-study\reference_core_benchmark_pilot\known_visit_10target_300.csv,00,22,3,0,23,0,0,0,0,0,0.0,0,0,53,46,7,146,29,16,9.6412,0.602575,0.5163,1.1411,1.1411,5.7931,0.36206875,0.27925,0.91,0.91,16,3.8481,0.24050625,0.22335,0.3806,0.3806,completed
53,known_visit,HIPC,bernoulli,drop_0.25,19,361,4,10,hipc_h2_bernoulli_025,C:\Users\lottj\Desktop\research\decentralized benchmark\commitment-horizon-study\reference_core_benchmark_pilot\known_visit_10target_300.csv,01,24,2,0,25,0,0,0,0,0,0.0,0,0,57,50,7,140,31,9,9.1863,1.0207,1.1198,1.4957,1.4957,7.0086,0.7787333333333334,0.9035,1.1229,1.1229,9,2.1777,0.2419666666666667,0.209,0.3728,0.3728,completed
53,known_visit,HIPC,bernoulli,drop_0.25,19,361,4,10,hipc_h2_bernoulli_025,C:\Users\lottj\Desktop\research\decentralized benchmark\commitment-horizon-study\reference_core_benchmark_pilot\known_visit_10target_300.csv,02,25,3,0,26,0,0,1,1,0,0.0,0,0,57,51,6,148,24,8,5.1438,0.642975,0.61235,1.3349,1.3349,3.2485999999999997,0.40607499999999996,0.34095,1.0564,1.0564,8,1.8952,0.2369,0.2286,0.3497,0.3497,completed
53,known_visit,HIPC,bernoulli,drop_0.25,19,361,4,10,hipc_h2_bernoulli_025,C:\Users\lottj\Desktop\research\decentralized benchmark\commitment-horizon-study\reference_core_benchmark_pilot\known_visit_10target_300.csv,03,24,2,0,23,2,1,2,2,0,0.0,0,0,62,51,11,135,32,8,7.4986999999999995,0.9373374999999999,0.9562999999999999,1.4142,1.4142,5.4921999999999995,0.6865249999999999,0.7241500000000001,1.1336,1.1336,8,2.0065,0.2508125,0.23685,0.4056,0.4056,completed
54,known_visit,HIPC,bernoulli,drop_0.25,19,361,4,10,hipc_h2_bernoulli_025,C:\Users\lottj\Desktop\research\decentralized benchmark\commitment-horizon-study\reference_core_benchmark_pilot\known_visit_10target_300.csv,00,24,2,0,25,0,0,0,0,0,0.0,0,0,52,49,3,132,27,6,4.6305,0.7717499999999999,0.6517,1.4524,1.4524,3.216,0.536,0.43215000000000003,1.2012,1.2012,6,1.4145,0.23575000000000002,0.2366,0.2512,0.2512,completed
54,known_visit,HIPC,bernoulli,drop_0.25,19,361,4,10,hipc_h2_bernoulli_025,C:\Users\lottj\Desktop\research\decentralized benchmark\commitment-horizon-study\reference_core_benchmark_pilot\known_visit_10target_300.csv,01,22,5,0,23,0,0,0,0,0,0.0,0,0,56,46,10,135,19,10,5.1741,0.51741,0.4746,0.8731,0.8731,3.1951,0.31951,0.2721,0.6519,0.6519,10,1.979,0.19790000000000002,0.21015,0.261,0.261,completed
54,known_visit,HIPC,bernoulli,drop_0.25,19,361,4,10,hipc_h2_bernoulli_025,C:\Users\lottj\Desktop\research\decentralized benchmark\commitment-horizon-study\reference_core_benchmark_pilot\known_visit_10target_300.csv,02,20,2,1,18,3,3,1,1,0,0.0,0,0,58,44,14,129,23,17,10.2188,0.6011058823529412,0.4406,1.1118,1.1118,6.3923,0.3760176470588235,0.239,0.8672,0.8672,17,3.8265,0.22508823529411764,0.2123,0.3323,0.3323,completed
54,known_visit,HIPC,bernoulli,drop_0.25,19,361,4,10,hipc_h2_bernoulli_025,C:\Users\lottj\Desktop\research\decentralized benchmark\commitment-horizon-study\reference_core_benchmark_pilot\known_visit_10target_300.csv,03,17,1,0,16,2,1,0,0,0,0.0,0,0,45,36,9,135,30,27,16.0377,0.5939888888888889,0.6321,0.7698,1.1474,9.3771,0.3473,0.3427,0.5018,0.9046,27,6.6606,0.24668888888888887,0.2351,0.3394,0.3901,completed
55,known_visit,HIPC,bernoulli,drop_0.25,19,361,4,10,hipc_h2_bernoulli_025,C:\Users\lottj\Desktop\research\decentralized benchmark\commitment-horizon-study\reference_core_benchmark_pilot\known_visit_10target_300.csv,00,16,4,0,17,0,0,0,0,0,0.0,0,0,44,34,10,139,22,38,16.3685,0.43075,0.33545,1.115,1.1189,8.2751,0.21776578947368422,0.14225,0.8763,0.8907,38,8.0934,0.2129842105263158,0.19855,0.3214,0.4714,completed
55,known_visit,HIPC,bernoulli,drop_0.25,19,361,4,10,hipc_h2_bernoulli_025,C:\Users\lottj\Desktop\research\decentralized benchmark\commitment-horizon-study\reference_core_benchmark_pilot\known_visit_10target_300.csv,01,20,2,0,21,0,1,2,1,1,5.0,1,0,56,44,12,126,24,25,15.5588,0.622352,0.4654,1.3865,1.9378,10.1815,0.40726,0.2502,1.1485,1.6242,25,5.3773,0.215092,0.2143,0.3058,0.3136,completed
55,known_visit,HIPC,bernoulli,drop_0.25,19,361,4,10,hipc_h2_bernoulli_025,C:\Users\lottj\Desktop\research\decentralized benchmark\commitment-horizon-study\reference_core_benchmark_pilot\known_visit_10target_300.csv,02,26,3,0,26,1,2,0,0,0,0.0,0,0,66,53,13,118,22,9,8.8783,0.9864777777777777,1.0496,1.9392,1.9392,6.9232,0.7692444444444444,0.8162,1.655,1.655,9,1.9551,0.21723333333333333,0.2102,0.2842,0.2842,completed
55,known_visit,HIPC,bernoulli,drop_0.25,19,361,4,10,hipc_h2_bernoulli_025,C:\Users\lottj\Desktop\research\decentralized benchmark\commitment-horizon-study\reference_core_benchmark_pilot\known_visit_10target_300.csv,03,16,1,1,16,1,1,0,0,0,0.0,0,0,40,34,6,136,30,38,15.328,0.40336842105263154,0.36665,0.5749,1.2301,7.3188,0.19260000000000002,0.1527,0.3426,0.9912,38,8.0092,0.21076842105263158,0.2041,0.3104,0.3624,completed
56,known_visit,HIPC,bernoulli,drop_0.25,19,361,4,10,hipc_h2_bernoulli_025,C:\Users\lottj\Desktop\research\decentralized benchmark\commitment-horizon-study\reference_core_benchmark_pilot\known_visit_10target_300.csv,00,19,2,0,20,0,1,0,0,0,0.0,0,0,47,39,8,108,17,8,6.9873,0.8734125,0.6734,1.9031,1.9031,5.0081999999999995,0.6260249999999999,0.43745,1.6719,1.6719,8,1.9791,0.2473875,0.2341,0.4081,0.4081,completed
56,known_visit,HIPC,bernoulli,drop_0.25,19,361,4,10,hipc_h2_bernoulli_025,C:\Users\lottj\Desktop\research\decentralized benchmark\commitment-horizon-study\reference_core_benchmark_pilot\known_visit_10target_300.csv,01,10,1,1,9,2,1,0,0,0,0.0,0,0,30,23,7,124,18,34,16.5552,0.4869176470588235,0.2899,0.9603,1.2547,9.665,0.2842647058823529,0.11005000000000001,0.7106,0.989,34,6.8902,0.2026529411764706,0.1814,0.2581,0.2657,completed
56,known_visit,HIPC,bernoulli,drop_0.25,19,361,4,10,hipc_h2_bernoulli_025,C:\Users\lottj\Desktop\research\decentralized benchmark\commitment-horizon-study\reference_core_benchmark_pilot\known_visit_10target_300.csv,02,18,4,0,19,0,1,2,1,1,5.0,1,0,48,39,9,104,21,9,6.567,0.7296666666666667,0.5964,1.2271,1.2271,4.1849,0.4649888888888889,0.3382,0.9057,0.9057,9,2.3821,0.2646777777777778,0.2428,0.417,0.417,completed
56,known_visit,HIPC,bernoulli,drop_0.25,19,361,4,10,hipc_h2_bernoulli_025,C:\Users\lottj\Desktop\research\decentralized benchmark\commitment-horizon-study\reference_core_benchmark_pilot\known_visit_10target_300.csv,03,18,3,1,16,3,0,0,0,0,0.0,0,0,48,38,10,102,22,7,6.1399,0.8771285714285714,0.8951,1.7079,1.7079,4.2906,0.6129428571428572,0.6429,1.286,1.286,7,1.8493,0.2641857142857143,0.2522,0.4219,0.4219,completed
57,known_visit,HIPC,bernoulli,drop_0.25,19,361,4,10,hipc_h2_bernoulli_025,C:\Users\lottj\Desktop\research\decentralized benchmark\commitment-horizon-study\reference_core_benchmark_pilot\known_visit_10target_300.csv,00,18,4,0,19,0,0,0,0,0,0.0,0,0,46,38,8,120,18,13,6.859,0.5276153846153846,0.3716,1.7557,1.7557,4.4667,0.3435923076923077,0.1756,1.4401,1.4401,13,2.3923,0.18402307692307693,0.2046,0.3156,0.3156,completed
57,known_visit,HIPC,bernoulli,drop_0.25,19,361,4,10,hipc_h2_bernoulli_025,C:\Users\lottj\Desktop\research\decentralized benchmark\commitment-horizon-study\reference_core_benchmark_pilot\known_visit_10target_300.csv,01,17,1,0,18,0,1,2,1,1,5.0,1,0,47,37,10,111,25,16,7.8347,0.48966875,0.4488,1.2836,1.2836,4.6046000000000005,0.28778750000000003,0.22035,1.058,1.058,16,3.2300999999999997,0.20188124999999998,0.22594999999999998,0.2989,0.2989,completed
57,known_visit,HIPC,bernoulli,drop_0.25,19,361,4,10,hipc_h2_bernoulli_025,C:\Users\lottj\Desktop\research\decentralized benchmark\commitment-horizon-study\reference_core_benchmark_pilot\known_visit_10target_300.csv,02,20,4,0,21,0,1,0,0,0,0.0,0,0,51,41,10,115,18,10,6.8266,0.68266,0.6007499999999999,1.3146,1.3146,4.6833,0.46833,0.4111,1.0893,1.0893,10,2.1433,0.21433,0.2241,0.2352,0.2352,completed
57,known_visit,HIPC,bernoulli,drop_0.25,19,361,4,10,hipc_h2_bernoulli_025,C:\Users\lottj\Desktop\research\decentralized benchmark\commitment-horizon-study\reference_core_benchmark_pilot\known_visit_10target_300.csv,03,17,1,0,18,0,0,0,0,0,0.0,0,0,40,36,4,123,20,18,7.8694,0.43718888888888885,0.39855,1.1427,1.1427,4.3256,0.2403111111111111,0.18415,0.8789,0.8789,18,3.5438,0.1968777777777778,0.2188,0.2638,0.2638,completed
58,known_visit,HIPC,bernoulli,drop_0.25,19,361,4,10,hipc_h2_bernoulli_025,C:\Users\lottj\Desktop\research\decentralized benchmark\commitment-horizon-study\reference_core_benchmark_pilot\known_visit_10target_300.csv,00,23,3,0,24,0,1,0,0,0,0.0,0,0,56,47,9,137,31,7,4.3204,0.6172000000000001,0.591,0.8677,0.8677,2.7815,0.39735714285714285,0.3839,0.6362,0.6362,7,1.5389,0.21984285714285715,0.2275,0.2443,0.2443,completed
58,known_visit,HIPC,bernoulli,drop_0.25,19,361,4,10,hipc_h2_bernoulli_025,C:\Users\lottj\Desktop\research\decentralized benchmark\commitment-horizon-study\reference_core_benchmark_pilot\known_visit_10target_300.csv,01,22,2,0,23,0,0,0,0,0,0.0,0,0,53,46,7,148,22,11,6.0253,0.5477545454545454,0.4391,0.8655,0.8655,3.6522,0.3320181818181818,0.2493,0.6346,0.6346,11,2.3731,0.21573636363636364,0.205,0.3169,0.3169,completed
58,known_visit,HIPC,bernoulli,drop_0.25,19,361,4,10,hipc_h2_bernoulli_025,C:\Users\lottj\Desktop\research\decentralized benchmark\commitment-horizon-study\reference_core_benchmark_pilot\known_visit_10target_300.csv,02,24,2,0,25,0,4,0,0,0,0.0,0,0,62,49,13,142,20,13,9.572,0.7363076923076922,0.7005,1.3443,1.3443,6.7916,0.5224307692307693,0.4988,1.1127,1.1127,13,2.7804,0.2138769230769231,0.2189,0.2373,0.2373,completed
58,known_visit,HIPC,bernoulli,drop_0.25,19,361,4,10,hipc_h2_bernoulli_025,C:\Users\lottj\Desktop\research\decentralized benchmark\commitment-horizon-study\reference_core_benchmark_pilot\known_visit_10target_300.csv,03,19,3,1,19,1,0,2,1,1,5.0,1,0,53,42,11,143,27,20,10.9157,0.545785,0.40785,1.1325,1.3919,6.9955,0.349775,0.2227,0.9027,1.1679,20,3.9202,0.19601,0.19340000000000002,0.2298,0.23,completed
59,known_visit,HIPC,bernoulli,drop_0.25,19,361,4,10,hipc_h2_bernoulli_025,C:\Users\lottj\Desktop\research\decentralized benchmark\commitment-horizon-study\reference_core_benchmark_pilot\known_visit_10target_300.csv,00,17,2,0,18,0,0,0,0,0,0.0,0,0,42,36,6,160,29,38,15.385,0.4048684210526316,0.3857,0.7671,0.7965,9.622,0.2532105263157895,0.24835000000000002,0.6105,0.6417,38,5.763,0.1516578947368421,0.13365,0.2326,0.2404,completed
59,known_visit,HIPC,bernoulli,drop_0.25,19,361,4,10,hipc_h2_bernoulli_025,C:\Users\lottj\Desktop\research\decentralized benchmark\commitment-horizon-study\reference_core_benchmark_pilot\known_visit_10target_300.csv,01,25,1,1,22,4,0,2,2,0,0.0,0,0,64,54,10,136,31,10,5.1069,0.5106900000000001,0.49,0.8877,0.8877,3.666,0.3666,0.35095,0.652,0.652,10,1.4409,0.14409,0.13845,0.2357,0.2357,completed
59,known_visit,HIPC,bernoulli,drop_0.25,19,361,4,10,hipc_h2_bernoulli_025,C:\Users\lottj\Desktop\research\decentralized benchmark\commitment-horizon-study\reference_core_benchmark_pilot\known_visit_10target_300.csv,02,26,4,0,27,0,0,0,0,0,0.0,0,0,62,53,9,144,25,8,3.6042,0.450525,0.44575,0.5543,0.5543,2.3136,0.2892,0.29095,0.4072,0.4072,8,1.2906,0.161325,0.1548,0.223,0.223,completed
59,known_visit,HIPC,bernoulli,drop_0.25,19,361,4,10,hipc_h2_bernoulli_025,C:\Users\lottj\Desktop\research\decentralized benchmark\commitment-horizon-study\reference_core_benchmark_pilot\known_visit_10target_300.csv,03,27,3,1,24,4,0,0,0,0,0.0,0,0,63,55,8,142,26,7,3.5147,0.5021,0.524,0.76,0.76,2.2643,0.3234714285714286,0.363,0.5335,0.5335,7,1.2504,0.17862857142857141,0.1694,0.2352,0.2352,completed
60,known_visit,HIPC,bernoulli,drop_0.25,19,361,4,10,hipc_h2_bernoulli_025,C:\Users\lottj\Desktop\research\decentralized benchmark\commitment-horizon-study\reference_core_benchmark_pilot\known_visit_10target_300.csv,00,12,3,0,13,0,1,0,0,0,0.0,0,0,35,26,9,118,18,27,13.489,0.49959259259259264,0.397,0.8108,1.405,7.6936,0.2849481481481482,0.1865,0.5816,1.1754,27,5.7954,0.21464444444444444,0.2156,0.2739,0.3028,completed
60,known_visit,HIPC,bernoulli,drop_0.25,19,361,4,10,hipc_h2_bernoulli_025,C:\Users\lottj\Desktop\research\decentralized benchmark\commitment-horizon-study\reference_core_benchmark_pilot\known_visit_10target_300.csv,01,17,2,1,15,3,3,0,0,0,0.0,0,0,48,37,11,102,21,11,10.5455,0.9586818181818182,0.9495,1.443,1.443,7.8748000000000005,0.7158909090909091,0.6402,1.209,1.209,11,2.6707,0.24279090909090909,0.2297,0.3364,0.3364,completed
60,known_visit,HIPC,bernoulli,drop_0.25,19,361,4,10,hipc_h2_bernoulli_025,C:\Users\lottj\Desktop\research\decentralized benchmark\commitment-horizon-study\reference_core_benchmark_pilot\known_visit_10target_300.csv,02,18,1,0,19,0,0,0,0,0,0.0,0,0,44,37,7,113,15,7,5.3578,0.7654,0.8413,1.1208,1.1208,3.8876,0.5553714285714285,0.6163,0.8924,0.8924,7,1.4702,0.21002857142857143,0.2263,0.236,0.236,completed
60,known_visit,HIPC,bernoulli,drop_0.25,19,361,4,10,hipc_h2_bernoulli_025,C:\Users\lottj\Desktop\research\decentralized benchmark\commitment-horizon-study\reference_core_benchmark_pilot\known_visit_10target_300.csv,03,19,4,0,20,0,0,0,0,0,0.0,0,0,45,39,6,105,22,9,4.6041,0.5115666666666666,0.3902,0.8842,0.8842,2.9023,0.32247777777777775,0.2128,0.6609,0.6609,9,1.7018,0.1890888888888889,0.1957,0.2311,0.2311,completed
61,known_visit,HIPC,bernoulli,drop_0.25,19,361,4,10,hipc_h2_bernoulli_025,C:\Users\lottj\Desktop\research\decentralized benchmark\commitment-horizon-study\reference_core_benchmark_pilot\known_visit_10target_300.csv,00,4,1,0,5,0,0,0,0,0,0.0,0,0,15,10,5,124,17,81,32.4091,0.4001123456790124,0.3577,0.5909,1.9334,18.0316,0.22261234567901236,0.1615,0.3578,1.6469,81,14.3775,0.1775,0.1834,0.2718,0.2872,completed
61,known_visit,HIPC,bernoulli,drop_0.25,19,361,4,10,hipc_h2_bernoulli_025,C:\Users\lottj\Desktop\research\decentralized benchmark\commitment-horizon-study\reference_core_benchmark_pilot\known_visit_10target_300.csv,01,18,3,0,19,0,1,0,0,0,0.0,0,0,46,38,8,95,16,34,12.2044,0.3589529411764706,0.30920000000000003,0.9234,1.0311,5.9018,0.17358235294117647,0.11180000000000001,0.6537,0.7823,34,6.3026,0.18537058823529412,0.19519999999999998,0.2697,0.2831,completed
61,known_visit,HIPC,bernoulli,drop_0.25,19,361,4,10,hipc_h2_bernoulli_025,C:\Users\lottj\Desktop\research\decentralized benchmark\commitment-horizon-study\reference_core_benchmark_pilot\known_visit_10target_300.csv,02,26,5,0,27,0,0,0,0,0,0.0,0,0,62,53,9,79,16,6,4.6261,0.7710166666666667,0.46695,1.9309,1.9309,3.2722,0.5453666666666667,0.27425,1.6283,1.6283,6,1.3538999999999999,0.22565,0.22115,0.3026,0.3026,completed
61,known_visit,HIPC,bernoulli,drop_0.25,19,361,4,10,hipc_h2_bernoulli_025,C:\Users\lottj\Desktop\research\decentralized benchmark\commitment-horizon-study\reference_core_benchmark_pilot\known_visit_10target_300.csv,03,12,1,3,7,6,0,0,0,0,0.0,0,0,34,27,7,105,17,55,26.661,0.4847454545454546,0.4802,0.7977,1.0596,16.7354,0.30428,0.3079,0.5214,0.7765,55,9.9256,0.18046545454545454,0.1842,0.2763,0.2947,completed
62,known_visit,HIPC,bernoulli,drop_0.25,19,361,4,10,hipc_h2_bernoulli_025,C:\Users\lottj\Desktop\research\decentralized benchmark\commitment-horizon-study\reference_core_benchmark_pilot\known_visit_10target_300.csv,00,26,4,0,27,0,0,0,0,0,0.0,0,0,60,53,7,77,11,9,5.5245,0.6138333333333333,0.6005,1.1021,1.1021,3.6515,0.4057222222222222,0.3783,0.8754,0.8754,9,1.873,0.2081111111111111,0.2111,0.3101,0.3101,completed
62,known_visit,HIPC,bernoulli,drop_0.25,19,361,4,10,hipc_h2_bernoulli_025,C:\Users\lottj\Desktop\research\decentralized benchmark\commitment-horizon-study\reference_core_benchmark_pilot\known_visit_10target_300.csv,01,9,1,2,7,3,0,0,0,0,0.0,0,0,27,21,6,105,16,63,26.1193,0.41459206349206346,0.3439,0.8303,1.1606,14.6667,0.2328047619047619,0.1651,0.6002,0.9172,63,11.4526,0.18178730158730158,0.1765,0.2533,0.3081,completed
62,known_visit,HIPC,bernoulli,drop_0.25,19,361,4,10,hipc_h2_bernoulli_025,C:\Users\lottj\Desktop\research\decentralized benchmark\commitment-horizon-study\reference_core_benchmark_pilot\known_visit_10target_300.csv,02,7,2,0,8,0,0,0,0,0,0.0,0,0,24,16,8,103,20,70,29.185,0.4169285714285714,0.3755,0.8002,1.6084,16.362,0.2337428571428571,0.1698,0.553,1.3162,70,12.823,0.18318571428571429,0.1789,0.2602,0.3193,completed
62,known_visit,HIPC,bernoulli,drop_0.25,19,361,4,10,hipc_h2_bernoulli_025,C:\Users\lottj\Desktop\research\decentralized benchmark\commitment-horizon-study\reference_core_benchmark_pilot\known_visit_10target_300.csv,03,13,3,0,14,0,0,0,0,0,0.0,0,0,37,28,9,97,13,50,16.7027,0.334054,0.2912,0.808,1.146,7.8469,0.156938,0.1179,0.5362,0.7973,50,8.8558,0.177116,0.16499999999999998,0.3057,0.3487,completed
63,known_visit,HIPC,bernoulli,drop_0.25,19,361,4,10,hipc_h2_bernoulli_025,C:\Users\lottj\Desktop\research\decentralized benchmark\commitment-horizon-study\reference_core_benchmark_pilot\known_visit_10target_300.csv,00,23,3,0,24,0,0,0,0,0,0.0,0,0,55,47,8,100,16,10,4.7442,0.47442,0.45930000000000004,0.7568,0.7568,2.7574,0.27574,0.26849999999999996,0.5473,0.5473,10,1.9868000000000001,0.19868000000000002,0.2025,0.2323,0.2323,completed
63,known_visit,HIPC,bernoulli,drop_0.25,19,361,4,10,hipc_h2_bernoulli_025,C:\Users\lottj\Desktop\research\decentralized benchmark\commitment-horizon-study\reference_core_benchmark_pilot\known_visit_10target_300.csv,01,13,3,0,14,0,0,0,0,0,0.0,0,0,36,28,8,115,20,39,15.1929,0.38956153846153846,0.3522,0.6257,0.8195,7.725,0.19807692307692307,0.1474,0.4686,0.6091,39,7.4679,0.1914846153846154,0.1851,0.2557,0.2619,completed
63,known_visit,HIPC,bernoulli,drop_0.25,19,361,4,10,hipc_h2_bernoulli_025,C:\Users\lottj\Desktop\research\decentralized benchmark\commitment-horizon-study\reference_core_benchmark_pilot\known_visit_10target_300.csv,02,18,3,0,19,0,0,0,0,0,0.0,0,0,48,38,10,105,18,22,8.866,0.40299999999999997,0.3893,0.504,0.6618,4.546,0.20663636363636365,0.17120000000000002,0.3327,0.5248,22,4.32,0.19636363636363638,0.2,0.2356,0.2693,completed
63,known_visit,HIPC,bernoulli,drop_0.25,19,361,4,10,hipc_h2_bernoulli_025,C:\Users\lottj\Desktop\research\decentralized benchmark\commitment-horizon-study\reference_core_benchmark_pilot\known_visit_10target_300.csv,03,12,1,1,12,1,1,0,0,0,0.0,0,0,32,26,6,115,23,41,24.8652,0.6064682926829269,0.5107,0.9878,1.1757,15.442,0.3766341463414634,0.3047,0.6989,0.9348,41,9.4232,0.2298341463414634,0.2235,0.3124,0.4095,completed
64,known_visit,HIPC,bernoulli,drop_0.25,19,361,4,10,hipc_h2_bernoulli_025,C:\Users\lottj\Desktop\research\decentralized benchmark\commitment-horizon-study\reference_core_benchmark_pilot\known_visit_10target_300.csv,00,22,4,0,23,0,0,1,1,0,0.0,0,0,54,46,8,126,25,9,5.2244,0.5804888888888889,0.5269,1.0045,1.0045,3.4484,0.3831555555555555,0.3021,0.815,0.815,9,1.776,0.19733333333333333,0.1886,0.2715,0.2715,completed
64,known_visit,HIPC,bernoulli,drop_0.25,19,361,4,10,hipc_h2_bernoulli_025,C:\Users\lottj\Desktop\research\decentralized benchmark\commitment-horizon-study\reference_core_benchmark_pilot\known_visit_10target_300.csv,01,23,2,0,24,0,0,0,0,0,0.0,0,0,55,47,8,135,16,11,6.1954,0.5632181818181818,0.4251,1.1315,1.1315,4.084,0.37127272727272725,0.2839,0.9131,0.9131,11,2.1114,0.19194545454545456,0.1761,0.2965,0.2965,completed
64,known_visit,HIPC,bernoulli,drop_0.25,19,361,4,10,hipc_h2_bernoulli_025,C:\Users\lottj\Desktop\research\decentralized benchmark\commitment-horizon-study\reference_core_benchmark_pilot\known_visit_10target_300.csv,02,15,3,0,16,0,0,0,0,0,0.0,0,0,41,32,9,137,27,32,15.3679,0.480246875,0.41435,0.9942,2.3141,8.978,0.2805625,0.19945000000000002,0.7469,1.8229,32,6.3899,0.199684375,0.1905,0.3148,0.4912,completed
64,known_visit,HIPC,bernoulli,drop_0.25,19,361,4,10,hipc_h2_bernoulli_025,C:\Users\lottj\Desktop\research\decentralized benchmark\commitment-horizon-study\reference_core_benchmark_pilot\known_visit_10target_300.csv,03,22,1,1,19,4,1,0,0,0,0.0,0,0,56,46,10,125,24,9,5.081799999999999,0.5646444444444444,0.5475,1.2024,1.2024,3.4658,0.3850888888888889,0.3536,0.9653,0.9653,9,1.616,0.17955555555555558,0.142,0.3074,0.3074,completed
65,known_visit,HIPC,bernoulli,drop_0.25,19,361,4,10,hipc_h2_bernoulli_025,C:\Users\lottj\Desktop\research\decentralized benchmark\commitment-horizon-study\reference_core_benchmark_pilot\known_visit_10target_300.csv,00,20,2,0,21,0,0,0,0,0,0.0,0,0,51,42,9,143,23,30,20.9075,0.6969166666666666,0.669,1.1699,1.2442,13.5329,0.45109666666666665,0.43185,0.8846,0.9137,30,7.3746,0.24582,0.24855,0.3305,0.4338,completed
65,known_visit,HIPC,bernoulli,drop_0.25,19,361,4,10,hipc_h2_bernoulli_025,C:\Users\lottj\Desktop\research\decentralized benchmark\commitment-horizon-study\reference_core_benchmark_pilot\known_visit_10target_300.csv,01,27,4,0,28,0,2,1,1,0,0.0,0,0,69,56,13,132,17,11,7.351,0.6682727272727272,0.665,1.1138,1.1138,4.8437,0.44033636363636364,0.5131,0.8114,0.8114,11,2.5073,0.22793636363636363,0.217,0.4344,0.4344,completed
65,known_visit,HIPC,bernoulli,drop_0.25,19,361,4,10,hipc_h2_bernoulli_025,C:\Users\lottj\Desktop\research\decentralized benchmark\commitment-horizon-study\reference_core_benchmark_pilot\known_visit_10target_300.csv,02,19,3,0,20,0,1,0,0,0,0.0,0,0,51,40,11,141,25,35,17.8246,0.5092742857142857,0.3484,1.2001,3.7029,9.9371,0.2839171428571428,0.1094,0.9891,3.2711,35,7.8875,0.22535714285714287,0.2347,0.3323,0.4318,completed
65,known_visit,HIPC,bernoulli,drop_0.25,19,361,4,10,hipc_h2_bernoulli_025,C:\Users\lottj\Desktop\research\decentralized benchmark\commitment-horizon-study\reference_core_benchmark_pilot\known_visit_10target_300.csv,03,17,1,0,18,0,0,0,0,0,0.0,0,0,47,37,10,143,27,43,20.8307,0.48443488372093024,0.4732,0.7609,1.3269,11.4587,0.2664813953488372,0.2297,0.5575,1.0644,43,9.372,0.21795348837209302,0.2176,0.2744,0.3487,completed
66,known_visit,HIPC,bernoulli,drop_0.25,19,361,4,10,hipc_h2_bernoulli_025,C:\Users\lottj\Desktop\research\decentralized benchmark\commitment-horizon-study\reference_core_benchmark_pilot\known_visit_10target_300.csv,00,28,5,0,29,0,0,0,0,0,0.0,0,0,70,57,13,117,22,10,5.6615,0.56615,0.51065,1.0267,1.0267,3.4344,0.34344,0.27895000000000003,0.7724,0.7724,10,2.2271,0.22271000000000002,0.21465,0.3346,0.3346,completed
66,known_visit,HIPC,bernoulli,drop_0.25,19,361,4,10,hipc_h2_bernoulli_025,C:\Users\lottj\Desktop\research\decentralized benchmark\commitment-horizon-study\reference_core_benchmark_pilot\known_visit_10target_300.csv,01,17,4,0,18,0,1,2,1,1,5.0,1,0,47,38,9,142,19,42,17.241,0.4105,0.3335,0.86,1.416,9.6948,0.23082857142857144,0.12085000000000001,0.6193,1.1926,42,7.5462,0.17967142857142857,0.18195,0.2263,0.269,completed
66,known_visit,HIPC,bernoulli,drop_0.25,19,361,4,10,hipc_h2_bernoulli_025,C:\Users\lottj\Desktop\research\decentralized benchmark\commitment-horizon-study\reference_core_benchmark_pilot\known_visit_10target_300.csv,02,20,0,2,15,6,0,2,1,1,5.0,1,0,49,44,5,134,25,32,20.2082,0.63150625,0.7737,1.044,1.0476,13.5999,0.424996875,0.5650999999999999,0.786,0.7899,32,6.6083,0.206509375,0.2156,0.3066,0.3435,completed
66,known_visit,HIPC,bernoulli,drop_0.25,19,361,4,10,hipc_h2_bernoulli_025,C:\Users\lottj\Desktop\research\decentralized benchmark\commitment-horizon-study\reference_core_benchmark_pilot\known_visit_10target_300.csv,03,17,1,0,18,0,0,0,0,0,0.0,0,0,43,36,7,145,20,41,20.4922,0.499809756097561,0.4692,0.7494,1.0195,12.5885,0.30703658536585365,0.2815,0.5181,0.8041,41,7.9037,0.1927731707317073,0.187,0.2633,0.3822,completed
67,known_visit,HIPC,bernoulli,drop_0.25,19,361,4,10,hipc_h2_bernoulli_025,C:\Users\lottj\Desktop\research\decentralized benchmark\commitment-horizon-study\reference_core_benchmark_pilot\known_visit_10target_300.csv,00,25,3,0,26,0,1,3,3,0,0.0,0,0,73,55,18,157,29,12,9.3768,0.7814,0.6138,1.6732,1.6732,6.4295,0.5357916666666667,0.39944999999999997,1.3896,1.3896,12,2.9473000000000003,0.24560833333333335,0.24180000000000001,0.3064,0.3064,completed
67,known_visit,HIPC,bernoulli,drop_0.25,19,361,4,10,hipc_h2_bernoulli_025,C:\Users\lottj\Desktop\research\decentralized benchmark\commitment-horizon-study\reference_core_benchmark_pilot\known_visit_10target_300.csv,01,27,4,0,28,0,2,0,0,0,0.0,0,0,65,55,10,166,29,10,8.1787,0.8178699999999999,0.7474000000000001,1.6409,1.6409,5.8948,0.58948,0.5473,1.3331,1.3331,10,2.2839,0.22839,0.22355,0.3078,0.3078,completed
67,known_visit,HIPC,bernoulli,drop_0.25,19,361,4,10,hipc_h2_bernoulli_025,C:\Users\lottj\Desktop\research\decentralized benchmark\commitment-horizon-study\reference_core_benchmark_pilot\known_visit_10target_300.csv,02,23,1,0,24,0,3,0,0,0,0.0,0,0,58,48,10,172,30,23,13.2813,0.5774478260869566,0.3955,1.1297,1.7708,8.0088,0.34820869565217394,0.182,0.8623,1.4708,23,5.2725,0.2292391304347826,0.224,0.3091,0.3162,completed
67,known_visit,HIPC,bernoulli,drop_0.25,19,361,4,10,hipc_h2_bernoulli_025,C:\Users\lottj\Desktop\research\decentralized benchmark\commitment-horizon-study\reference_core_benchmark_pilot\known_visit_10target_300.csv,03,27,2,0,27,1,2,0,0,0,0.0,0,0,65,55,10,170,25,7,5.8482,0.8354571428571429,0.8147,1.2958,1.2958,4.0818,0.5831142857142858,0.6365,1.0313,1.0313,7,1.7664,0.25234285714285715,0.2636,0.3364,0.3364,completed
68,known_visit,HIPC,bernoulli,drop_0.25,19,361,4,10,hipc_h2_bernoulli_025,C:\Users\lottj\Desktop\research\decentralized benchmark\commitment-horizon-study\reference_core_benchmark_pilot\known_visit_10target_300.csv,00,19,3,0,20,0,0,0,0,0,0.0,0,0,45,39,6,114,21,6,4.5212,0.7535333333333334,0.6815,1.4814,1.4814,3.2475,0.54125,0.4693,1.1653,1.1653,6,1.2737,0.21228333333333335,0.20224999999999999,0.3161,0.3161,completed
68,known_visit,HIPC,bernoulli,drop_0.25,19,361,4,10,hipc_h2_bernoulli_025,C:\Users\lottj\Desktop\research\decentralized benchmark\commitment-horizon-study\reference_core_benchmark_pilot\known_visit_10target_300.csv,01,18,3,1,18,1,1,0,0,0,0.0,0,0,47,37,10,115,18,8,7.1014,0.887675,0.8666,1.7953,1.7953,5.1671,0.6458875,0.5777,1.4945,1.4945,8,1.9343,0.2417875,0.23270000000000002,0.3565,0.3565,completed
68,known_visit,HIPC,bernoulli,drop_0.25,19,361,4,10,hipc_h2_bernoulli_025,C:\Users\lottj\Desktop\research\decentralized benchmark\commitment-horizon-study\reference_core_benchmark_pilot\known_visit_10target_300.csv,02,18,2,0,19,0,2,0,0,0,0.0,0,0,46,38,8,116,18,14,11.4812,0.8200857142857142,0.66425,2.0921,2.0921,8.5893,0.6135214285714286,0.45740000000000003,1.7281,1.7281,14,2.8919,0.20656428571428573,0.1755,0.364,0.364,completed
68,known_visit,HIPC,bernoulli,drop_0.25,19,361,4,10,hipc_h2_bernoulli_025,C:\Users\lottj\Desktop\research\decentralized benchmark\commitment-horizon-study\reference_core_benchmark_pilot\known_visit_10target_300.csv,03,19,2,0,20,0,0,0,0,0,0.0,0,0,43,39,4,114,24,7,5.1379,0.7339857142857144,0.682,0.9853,0.9853,3.414,0.4877142857142857,0.5137,0.6706,0.6706,7,1.7239,0.24627142857142856,0.2286,0.3185,0.3185,completed
69,known_visit,HIPC,bernoulli,drop_0.25,19,361,4,10,hipc_h2_bernoulli_025,C:\Users\lottj\Desktop\research\decentralized benchmark\commitment-horizon-study\reference_core_benchmark_pilot\known_visit_10target_300.csv,00,25,4,0,26,0,0,0,0,0,0.0,0,0,59,51,8,113,27,8,4.2865,0.5358125,0.4686,0.9672,0.9672,2.8603,0.3575375,0.2899,0.7957,0.7957,8,1.4262,0.178275,0.1629,0.2782,0.2782,completed
69,known_visit,HIPC,bernoulli,drop_0.25,19,361,4,10,hipc_h2_bernoulli_025,C:\Users\lottj\Desktop\research\decentralized benchmark\commitment-horizon-study\reference_core_benchmark_pilot\known_visit_10target_300.csv,01,16,3,0,17,0,1,0,0,0,0.0,0,0,44,35,9,131,24,35,14.1121,0.40320285714285714,0.3477,1.2192,1.4308,8.28,0.23657142857142854,0.1817,1.0526,1.0895,35,5.8321,0.16663142857142857,0.154,0.3413,0.3524,completed
69,known_visit,HIPC,bernoulli,drop_0.25,19,361,4,10,hipc_h2_bernoulli_025,C:\Users\lottj\Desktop\research\decentralized benchmark\commitment-horizon-study\reference_core_benchmark_pilot\known_visit_10target_300.csv,02,25,3,0,26,0,2,0,0,0,0.0,0,0,60,51,9,121,18,12,6.4831,0.5402583333333334,0.4506,1.3203,1.3203,4.3957,0.3663083333333333,0.2539,1.0882,1.0882,12,2.0874,0.17395000000000002,0.1684,0.2414,0.2414,completed
69,known_visit,HIPC,bernoulli,drop_0.25,19,361,4,10,hipc_h2_bernoulli_025,C:\Users\lottj\Desktop\research\decentralized benchmark\commitment-horizon-study\reference_core_benchmark_pilot\known_visit_10target_300.csv,03,12,0,2,10,3,3,0,0,0,0.0,0,0,36,27,9,143,19,52,22.1994,0.42691153846153845,0.26005,1.1364,1.6196,14.4277,0.2774557692307692,0.12495,0.8644,1.3544,52,7.7717,0.14945576923076923,0.1349,0.272,0.355,completed
70,known_visit,HIPC,bernoulli,drop_0.25,19,361,4,10,hipc_h2_bernoulli_025,C:\Users\lottj\Desktop\research\decentralized benchmark\commitment-horizon-study\reference_core_benchmark_pilot\known_visit_10target_300.csv,00,29,2,2,26,4,0,0,0,0,0.0,0,0,67,59,8,115,21,9,3.7702,0.4189111111111111,0.4544,0.5769,0.5769,2.304,0.256,0.2603,0.3968,0.3968,9,1.4662,0.16291111111111112,0.1481,0.2367,0.2367,completed
70,known_visit,HIPC,bernoulli,drop_0.25,19,361,4,10,hipc_h2_bernoulli_025,C:\Users\lottj\Desktop\research\decentralized benchmark\commitment-horizon-study\reference_core_benchmark_pilot\known_visit_10target_300.csv,01,23,4,0,24,0,0,0,0,0,0.0,0,0,57,48,9,118,27,24,7.521599999999999,0.31339999999999996,0.2831,0.6086,0.6533,4.0491,0.16871250000000002,0.1379,0.4589,0.5083,24,3.4725,0.1446875,0.1305,0.2253,0.2294,completed
70,known_visit,HIPC,bernoulli,drop_0.25,19,361,4,10,hipc_h2_bernoulli_025,C:\Users\lottj\Desktop\research\decentralized benchmark\commitment-horizon-study\reference_core_benchmark_pilot\known_visit_10target_300.csv,02,10,2,1,9,2,0,0,0,0,0.0,0,0,29,23,6,143,30,68,26.6504,0.39191764705882354,0.3326,0.7674,1.035,15.7191,0.23116323529411764,0.19,0.5218,0.7916,68,10.9313,0.1607544117647059,0.14040000000000002,0.2511,0.2653,completed
70,known_visit,HIPC,bernoulli,drop_0.25,19,361,4,10,hipc_h2_bernoulli_025,C:\Users\lottj\Desktop\research\decentralized benchmark\commitment-horizon-study\reference_core_benchmark_pilot\known_visit_10target_300.csv,03,21,2,0,22,0,0,0,0,0,0.0,0,0,50,44,6,133,20,32,10.6221,0.331940625,0.2668,0.7861,0.8776,5.848,0.18275,0.1373,0.5418,0.7275,32,4.7741,0.149190625,0.12614999999999998,0.2443,0.2497,completed
71,known_visit,HIPC,bernoulli,drop_0.25,19,361,4,10,hipc_h2_bernoulli_025,C:\Users\lottj\Desktop\research\decentralized benchmark\commitment-horizon-study\reference_core_benchmark_pilot\known_visit_10target_300.csv,00,23,4,0,24,0,1,0,0,0,0.0,0,0,59,47,12,100,20,11,7.1055,0.6459545454545454,0.5714,1.2177,1.2177,4.5347,0.4122454545454545,0.3277,0.8001,0.8001,11,2.5707999999999998,0.2337090909090909,0.2213,0.4176,0.4176,completed
71,known_visit,HIPC,bernoulli,drop_0.25,19,361,4,10,hipc_h2_bernoulli_025,C:\Users\lottj\Desktop\research\decentralized benchmark\commitment-horizon-study\reference_core_benchmark_pilot\known_visit_10target_300.csv,01,14,2,1,12,3,2,0,0,0,0.0,0,0,39,30,9,123,16,36,17.6361,0.4898916666666666,0.45495,1.1096,1.2434,10.658,0.2960555555555555,0.2339,0.8461,1.0101,36,6.9781,0.19383611111111113,0.1871,0.3003,0.3109,completed
71,known_visit,HIPC,bernoulli,drop_0.25,19,361,4,10,hipc_h2_bernoulli_025,C:\Users\lottj\Desktop\research\decentralized benchmark\commitment-horizon-study\reference_core_benchmark_pilot\known_visit_10target_300.csv,02,11,2,0,12,0,0,0,0,0,0.0,0,0,30,24,6,126,23,46,23.1428,0.5031043478260869,0.46685,0.7915,1.2012,13.960700000000001,0.3034934782608696,0.2837,0.5762,0.9653,46,9.1821,0.1996108695652174,0.18645,0.3325,0.4007,completed
71,known_visit,HIPC,bernoulli,drop_0.25,19,361,4,10,hipc_h2_bernoulli_025,C:\Users\lottj\Desktop\research\decentralized benchmark\commitment-horizon-study\reference_core_benchmark_pilot\known_visit_10target_300.csv,03,21,2,0,22,0,1,0,0,0,0.0,0,0,51,44,7,111,16,14,7.3211,0.5229357142857143,0.52285,0.9096,0.9096,4.4819,0.3201357142857143,0.27290000000000003,0.7396,0.7396,14,2.8392,0.2028,0.20700000000000002,0.2654,0.2654,completed
72,known_visit,HIPC,bernoulli,drop_0.25,19,361,4,10,hipc_h2_bernoulli_025,C:\Users\lottj\Desktop\research\decentralized benchmark\commitment-horizon-study\reference_core_benchmark_pilot\known_visit_10target_300.csv,00,18,3,0,19,0,1,0,0,0,0.0,0,0,46,38,8,96,15,15,6.2657,0.4177133333333333,0.2973,1.04,1.04,3.4745,0.23163333333333333,0.1472,0.6873,0.6873,15,2.7912,0.18608,0.1681,0.3527,0.3527,completed
72,known_visit,HIPC,bernoulli,drop_0.25,19,361,4,10,hipc_h2_bernoulli_025,C:\Users\lottj\Desktop\research\decentralized benchmark\commitment-horizon-study\reference_core_benchmark_pilot\known_visit_10target_300.csv,01,21,3,0,22,0,0,0,0,0,0.0,0,0,50,43,7,87,21,7,7.5375,1.0767857142857142,1.01,1.639,1.639,5.763,0.8232857142857143,0.7205,1.4007,1.4007,7,1.7745,0.2535,0.2511,0.2895,0.2895,completed
72,known_visit,HIPC,bernoulli,drop_0.25,19,361,4,10,hipc_h2_bernoulli_025,C:\Users\lottj\Desktop\research\decentralized benchmark\commitment-horizon-study\reference_core_benchmark_pilot\known_visit_10target_300.csv,02,11,2,0,12,0,0,0,0,0,0.0,0,0,32,24,8,104,21,39,15.4616,0.39645128205128205,0.374,0.771,0.8649,7.6633000000000004,0.1964948717948718,0.1688,0.5352,0.6442,39,7.7983,0.19995641025641026,0.2106,0.2805,0.2912,completed
72,known_visit,HIPC,bernoulli,drop_0.25,19,361,4,10,hipc_h2_bernoulli_025,C:\Users\lottj\Desktop\research\decentralized benchmark\commitment-horizon-study\reference_core_benchmark_pilot\known_visit_10target_300.csv,03,11,2,0,12,0,0,0,0,0,0.0,0,0,30,24,6,109,18,39,23.457,0.6014615384615385,0.578,1.0113,1.7062,14.674,0.37625641025641027,0.3486,0.7847,1.4705,39,8.783,0.2252051282051282,0.2327,0.2969,0.3371,completed
73,known_visit,HIPC,bernoulli,drop_0.25,19,361,4,10,hipc_h2_bernoulli_025,C:\Users\lottj\Desktop\research\decentralized benchmark\commitment-horizon-study\reference_core_benchmark_pilot\known_visit_10target_300.csv,00,19,4,0,20,0,0,0,0,0,0.0,0,0,48,40,8,108,22,21,11.359,0.5409047619047619,0.4142,1.188,1.6864,7.076,0.33695238095238095,0.2273,0.9504,1.4221,21,4.283,0.20395238095238097,0.1869,0.2643,0.2835,completed
73,known_visit,HIPC,bernoulli,drop_0.25,19,361,4,10,hipc_h2_bernoulli_025,C:\Users\lottj\Desktop\research\decentralized benchmark\commitment-horizon-study\reference_core_benchmark_pilot\known_visit_10target_300.csv,01,16,1,1,14,3,1,0,0,0,0.0,0,0,44,35,9,112,22,31,18.2758,0.589541935483871,0.5016,0.8038,1.9294,12.1324,0.3913677419354839,0.3434,0.5864,1.4384,31,6.1434,0.19817419354838708,0.1866,0.2758,0.491,completed
73,known_visit,HIPC,bernoulli,drop_0.25,19,361,4,10,hipc_h2_bernoulli_025,C:\Users\lottj\Desktop\research\decentralized benchmark\commitment-horizon-study\reference_core_benchmark_pilot\known_visit_10target_300.csv,02,24,4,0,25,0,1,0,0,0,0.0,0,0,57,49,8,100,22,7,5.8465,0.8352142857142857,0.518,2.027,2.027,4.145,0.5921428571428571,0.334,1.7306,1.7306,7,1.7015,0.24307142857142858,0.2492,0.3518,0.3518,completed
73,known_visit,HIPC,bernoulli,drop_0.25,19,361,4,10,hipc_h2_bernoulli_025,C:\Users\lottj\Desktop\research\decentralized benchmark\commitment-horizon-study\reference_core_benchmark_pilot\known_visit_10target_300.csv,03,10,1,0,11,0,0,0,0,0,0.0,0,0,30,22,8,124,25,53,25.7168,0.48522264150943395,0.4561,0.8429,2.3946,14.7103,0.27755283018867927,0.2336,0.5687,2.1198,53,11.006499999999999,0.2076698113207547,0.2157,0.2591,0.2748,completed
74,known_visit,HIPC,bernoulli,drop_0.25,19,361,4,10,hipc_h2_bernoulli_025,C:\Users\lottj\Desktop\research\decentralized benchmark\commitment-horizon-study\reference_core_benchmark_pilot\known_visit_10target_300.csv,00,21,2,0,18,4,0,0,0,0,0.0,0,0,53,45,8,99,15,15,7.714,0.5142666666666666,0.3441,1.587,1.587,4.3862,0.2924133333333333,0.1475,1.1085,1.1085,15,3.3278,0.22185333333333332,0.1967,0.4785,0.4785,completed
74,known_visit,HIPC,bernoulli,drop_0.25,19,361,4,10,hipc_h2_bernoulli_025,C:\Users\lottj\Desktop\research\decentralized benchmark\commitment-horizon-study\reference_core_benchmark_pilot\known_visit_10target_300.csv,01,24,2,0,25,0,0,0,0,0,0.0,0,0,57,49,8,93,18,7,5.7351,0.8193,0.555,2.3361,2.3361,3.0832,0.4404571428571429,0.3813,0.7765,0.7765,7,2.6519,0.37884285714285715,0.1758,1.5654,1.5654,completed
74,known_visit,HIPC,bernoulli,drop_0.25,19,361,4,10,hipc_h2_bernoulli_025,C:\Users\lottj\Desktop\research\decentralized benchmark\commitment-horizon-study\reference_core_benchmark_pilot\known_visit_10target_300.csv,02,8,3,0,9,0,1,0,0,0,0.0,0,0,26,18,8,115,26,56,26.3735,0.47095535714285713,0.39575,0.8925,1.1481,15.6384,0.27925714285714287,0.21175,0.4954,0.8232,56,10.7351,0.19169821428571426,0.18265,0.2575,0.4694,completed
74,known_visit,HIPC,bernoulli,drop_0.25,19,361,4,10,hipc_h2_bernoulli_025,C:\Users\lottj\Desktop\research\decentralized benchmark\commitment-horizon-study\reference_core_benchmark_pilot\known_visit_10target_300.csv,03,11,3,0,12,0,0,0,0,0,0.0,0,0,32,24,8,115,20,47,26.7356,0.5688425531914894,0.4638,0.9913,1.8997,17.0563,0.3629,0.3094,0.5525,1.4391,47,9.6793,0.20594255319148935,0.197,0.2831,0.4676,completed
75,known_visit,HIPC,bernoulli,drop_0.25,19,361,4,10,hipc_h2_bernoulli_025,C:\Users\lottj\Desktop\research\decentralized benchmark\commitment-horizon-study\reference_core_benchmark_pilot\known_visit_10target_300.csv,00,31,4,0,31,1,0,0,0,0,0.0,0,0,72,63,9,137,25,10,4.9144000000000005,0.49144000000000004,0.42455,1.4547,1.4547,3.2596000000000003,0.32596,0.2394,1.2211,1.2211,10,1.6548,0.16548000000000002,0.15685,0.2678,0.2678,completed
75,known_visit,HIPC,bernoulli,drop_0.25,19,361,4,10,hipc_h2_bernoulli_025,C:\Users\lottj\Desktop\research\decentralized benchmark\commitment-horizon-study\reference_core_benchmark_pilot\known_visit_10target_300.csv,01,20,2,0,21,0,3,0,0,0,0.0,0,0,56,42,14,157,20,46,12.7549,0.27728043478260866,0.178,0.7952,1.1487,6.7002,0.14565652173913043,0.0759,0.6044,0.9094,46,6.0547,0.13162391304347826,0.10755,0.2472,0.2852,completed
75,known_visit,HIPC,bernoulli,drop_0.25,19,361,4,10,hipc_h2_bernoulli_025,C:\Users\lottj\Desktop\research\decentralized benchmark\commitment-horizon-study\reference_core_benchmark_pilot\known_visit_10target_300.csv,02,17,4,0,17,1,0,0,0,0,0.0,0,0,47,36,11,167,19,53,16.9232,0.3193056603773585,0.2438,0.6605,1.4604,9.0155,0.17010377358490564,0.1142,0.3982,1.2402,53,7.9077,0.14920188679245283,0.1247,0.2564,0.3147,completed
75,known_visit,HIPC,bernoulli,drop_0.25,19,361,4,10,hipc_h2_bernoulli_025,C:\Users\lottj\Desktop\research\decentralized benchmark\commitment-horizon-study\reference_core_benchmark_pilot\known_visit_10target_300.csv,03,23,0,3,16,8,3,0,0,0,0.0,0,0,59,49,10,151,23,35,22.3729,0.6392257142857143,0.6502,1.1885,1.1986,15.4477,0.4413628571428571,0.4553,0.9133,0.9186,35,6.9252,0.19786285714285715,0.1748,0.3321,0.3402,completed
76,known_visit,HIPC,bernoulli,drop_0.25,19,361,4,10,hipc_h2_bernoulli_025,C:\Users\lottj\Desktop\research\decentralized benchmark\commitment-horizon-study\reference_core_benchmark_pilot\known_visit_10target_300.csv,00,24,2,0,25,0,0,2,2,0,0.0,0,0,63,52,11,159,25,41,12.7932,0.31202926829268296,0.2289,0.6805,1.3094,6.6546,0.16230731707317073,0.0982,0.4943,1.0723,41,6.1386,0.1497219512195122,0.1311,0.2335,0.31,completed
76,known_visit,HIPC,bernoulli,drop_0.25,19,361,4,10,hipc_h2_bernoulli_025,C:\Users\lottj\Desktop\research\decentralized benchmark\commitment-horizon-study\reference_core_benchmark_pilot\known_visit_10target_300.csv,01,19,4,0,20,0,1,0,0,0,0.0,0,0,49,40,9,176,22,60,17.1765,0.286275,0.2054,0.6867,1.3922,8.4388,0.14064666666666667,0.0749,0.5287,1.177,60,8.7377,0.14562833333333333,0.1252,0.2465,0.306,completed
76,known_visit,HIPC,bernoulli,drop_0.25,19,361,4,10,hipc_h2_bernoulli_025,C:\Users\lottj\Desktop\research\decentralized benchmark\commitment-horizon-study\reference_core_benchmark_pilot\known_visit_10target_300.csv,02,20,1,0,21,0,3,2,1,1,5.0,1,0,55,44,11,170,22,58,17.2496,0.29740689655172414,0.2373,0.546,1.0665,8.8437,0.15247758620689655,0.10600000000000001,0.3665,0.8315,58,8.4059,0.1449293103448276,0.13095,0.2289,0.2594,completed
76,known_visit,HIPC,bernoulli,drop_0.25,19,361,4,10,hipc_h2_bernoulli_025,C:\Users\lottj\Desktop\research\decentralized benchmark\commitment-horizon-study\reference_core_benchmark_pilot\known_visit_10target_300.csv,03,34,3,0,35,0,1,2,1,1,5.0,1,0,81,71,10,144,23,8,5.0884,0.63605,0.5965,1.0013,1.0013,3.5011,0.4376375,0.424,0.7471,0.7471,8,1.5873,0.1984125,0.19519999999999998,0.2598,0.2598,completed
77,known_visit,HIPC,bernoulli,drop_0.25,19,361,4,10,hipc_h2_bernoulli_025,C:\Users\lottj\Desktop\research\decentralized benchmark\commitment-horizon-study\reference_core_benchmark_pilot\known_visit_10target_300.csv,00,23,2,0,24,0,0,0,0,0,0.0,0,0,54,48,6,101,25,15,5.7117,0.38078,0.2462,0.8427,0.8427,3.4595000000000002,0.23063333333333336,0.1197,0.6996,0.6996,15,2.2522,0.15014666666666668,0.1265,0.2206,0.2206,completed
77,known_visit,HIPC,bernoulli,drop_0.25,19,361,4,10,hipc_h2_bernoulli_025,C:\Users\lottj\Desktop\research\decentralized benchmark\commitment-horizon-study\reference_core_benchmark_pilot\known_visit_10target_300.csv,01,25,4,0,26,0,1,0,0,0,0.0,0,0,61,51,10,105,15,9,4.396100000000001,0.48845555555555564,0.4573,1.0254,1.0254,2.8778,0.31975555555555557,0.303,0.798,0.798,9,1.5183,0.1687,0.1572,0.2274,0.2274,completed
77,known_visit,HIPC,bernoulli,drop_0.25,19,361,4,10,hipc_h2_bernoulli_025,C:\Users\lottj\Desktop\research\decentralized benchmark\commitment-horizon-study\reference_core_benchmark_pilot\known_visit_10target_300.csv,02,13,4,0,14,0,0,0,0,0,0.0,0,0,37,28,9,128,15,46,18.7512,0.4076347826086957,0.38770000000000004,0.6668,1.0252,10.9705,0.2384891304347826,0.20295000000000002,0.4674,0.7076,46,7.7806999999999995,0.16914565217391303,0.16155,0.2443,0.3478,completed
77,known_visit,HIPC,bernoulli,drop_0.25,19,361,4,10,hipc_h2_bernoulli_025,C:\Users\lottj\Desktop\research\decentralized benchmark\commitment-horizon-study\reference_core_benchmark_pilot\known_visit_10target_300.csv,03,11,0,0,12,0,1,0,0,0,0.0,0,0,29,24,5,126,25,54,21.431,0.3968703703703704,0.33155,0.9102,1.131,12.724,0.23562962962962963,0.191,0.7343,0.9089,54,8.707,0.16124074074074077,0.1608,0.2229,0.2507,completed
78,known_visit,HIPC,bernoulli,drop_0.25,19,361,4,10,hipc_h2_bernoulli_025,C:\Users\lottj\Desktop\research\decentralized benchmark\commitment-horizon-study\reference_core_benchmark_pilot\known_visit_10target_300.csv,00,23,4,0,24,0,0,0,0,0,0.0,0,0,54,47,7,105,19,9,3.1033999999999997,0.3448222222222222,0.3497,0.5005,0.5005,1.7473,0.19414444444444445,0.199,0.3468,0.3468,9,1.3561,0.1506777777777778,0.1384,0.2277,0.2277,completed
78,known_visit,HIPC,bernoulli,drop_0.25,19,361,4,10,hipc_h2_bernoulli_025,C:\Users\lottj\Desktop\research\decentralized benchmark\commitment-horizon-study\reference_core_benchmark_pilot\known_visit_10target_300.csv,01,22,1,0,18,5,2,0,0,0,0.0,0,0,53,45,8,103,21,11,6.0269,0.5479,0.4278,0.9948,0.9948,4.3732,0.39756363636363634,0.2814,0.8424,0.8424,11,1.6537,0.15033636363636363,0.1524,0.2402,0.2402,completed
78,known_visit,HIPC,bernoulli,drop_0.25,19,361,4,10,hipc_h2_bernoulli_025,C:\Users\lottj\Desktop\research\decentralized benchmark\commitment-horizon-study\reference_core_benchmark_pilot\known_visit_10target_300.csv,02,20,3,0,21,0,0,0,0,0,0.0,0,0,51,42,9,106,20,14,6.4253,0.45895,0.326,1.3009,1.3009,4.2263,0.30187857142857144,0.1846,1.0719,1.0719,14,2.199,0.15707142857142856,0.1441,0.229,0.229,completed
78,known_visit,HIPC,bernoulli,drop_0.25,19,361,4,10,hipc_h2_bernoulli_025,C:\Users\lottj\Desktop\research\decentralized benchmark\commitment-horizon-study\reference_core_benchmark_pilot\known_visit_10target_300.csv,03,7,2,0,8,0,0,0,0,0,0.0,0,0,20,16,4,130,28,56,24.208,0.4322857142857143,0.3817,0.6617,1.0512,15.3819,0.2746767857142857,0.2484,0.4236,0.8819,56,8.8261,0.15760892857142858,0.14505,0.2381,0.2386,completed
79,known_visit,HIPC,bernoulli,drop_0.25,19,361,4,10,hipc_h2_bernoulli_025,C:\Users\lottj\Desktop\research\decentralized benchmark\commitment-horizon-study\reference_core_benchmark_pilot\known_visit_10target_300.csv,00,9,2,0,10,0,0,0,0,0,0.0,0,0,24,20,4,102,15,47,17.6623,0.37579361702127656,0.3826,0.5207,1.0128,9.8531,0.2096404255319149,0.2067,0.3243,0.8543,47,7.8092,0.1661531914893617,0.1744,0.2326,0.2475,completed
79,known_visit,HIPC,bernoulli,drop_0.25,19,361,4,10,hipc_h2_bernoulli_025,C:\Users\lottj\Desktop\research\decentralized benchmark\commitment-horizon-study\reference_core_benchmark_pilot\known_visit_10target_300.csv,01,22,3,0,23,0,0,0,0,0,0.0,0,0,50,45,5,73,18,7,3.7906,0.5415142857142857,0.5414,0.7152,0.7152,2.3298,0.3328285714285714,0.3681,0.459,0.459,7,1.4607999999999999,0.20868571428571428,0.2231,0.2586,0.2586,completed
79,known_visit,HIPC,bernoulli,drop_0.25,19,361,4,10,hipc_h2_bernoulli_025,C:\Users\lottj\Desktop\research\decentralized benchmark\commitment-horizon-study\reference_core_benchmark_pilot\known_visit_10target_300.csv,02,22,4,0,23,0,0,0,0,0,0.0,0,0,52,45,7,76,14,9,3.6182,0.4020222222222222,0.4222,0.7268,0.7268,2.2352,0.24835555555555555,0.221,0.5773,0.5773,9,1.383,0.15366666666666667,0.149,0.2012,0.2012,completed
79,known_visit,HIPC,bernoulli,drop_0.25,19,361,4,10,hipc_h2_bernoulli_025,C:\Users\lottj\Desktop\research\decentralized benchmark\commitment-horizon-study\reference_core_benchmark_pilot\known_visit_10target_300.csv,03,4,1,0,5,0,0,0,0,0,0.0,0,0,16,10,6,111,14,63,32.5054,0.5159587301587302,0.4917,0.7295,0.8874,21.2642,0.3375269841269841,0.3133,0.4712,0.5851,63,11.2412,0.17843174603174602,0.1596,0.2577,0.3614,completed
80,known_visit,HIPC,bernoulli,drop_0.25,19,361,4,10,hipc_h2_bernoulli_025,C:\Users\lottj\Desktop\research\decentralized benchmark\commitment-horizon-study\reference_core_benchmark_pilot\known_visit_10target_300.csv,00,21,2,0,22,0,0,1,1,0,0.0,0,0,53,44,9,101,25,6,3.4091,0.5681833333333334,0.579,0.7114,0.7114,2.2296,0.3716,0.35985,0.5474,0.5474,6,1.1795,0.19658333333333333,0.18930000000000002,0.2599,0.2599,completed
80,known_visit,HIPC,bernoulli,drop_0.25,19,361,4,10,hipc_h2_bernoulli_025,C:\Users\lottj\Desktop\research\decentralized benchmark\commitment-horizon-study\reference_core_benchmark_pilot\known_visit_10target_300.csv,01,12,1,0,13,0,2,0,0,0,0.0,0,0,34,26,8,125,19,38,25.3251,0.66645,0.57375,1.0687,1.2655,16.9421,0.44584473684210524,0.34535,0.8688,1.0342,38,8.383,0.22060526315789472,0.22185,0.3571,0.375,completed
80,known_visit,HIPC,bernoulli,drop_0.25,19,361,4,10,hipc_h2_bernoulli_025,C:\Users\lottj\Desktop\research\decentralized benchmark\commitment-horizon-study\reference_core_benchmark_pilot\known_visit_10target_300.csv,02,13,3,0,14,0,1,0,0,0,0.0,0,0,40,28,12,119,20,34,21.2235,0.6242205882352941,0.56045,1.2513,2.1997,12.2756,0.36104705882352944,0.33585,0.6492,1.0233,34,8.9479,0.26317352941176475,0.22715000000000002,0.3831,1.7202,completed
80,known_visit,HIPC,bernoulli,drop_0.25,19,361,4,10,hipc_h2_bernoulli_025,C:\Users\lottj\Desktop\research\decentralized benchmark\commitment-horizon-study\reference_core_benchmark_pilot\known_visit_10target_300.csv,03,22,4,0,23,0,0,0,0,0,0.0,0,0,52,45,7,99,28,8,4.6625,0.5828125,0.5630000000000001,1.0209,1.0209,3.2012,0.40015,0.38605,0.8573,0.8573,8,1.4613,0.1826625,0.17055,0.2311,0.2311,completed
81,known_visit,HIPC,bernoulli,drop_0.25,19,361,4,10,hipc_h2_bernoulli_025,C:\Users\lottj\Desktop\research\decentralized benchmark\commitment-horizon-study\reference_core_benchmark_pilot\known_visit_10target_300.csv,00,8,3,0,9,0,0,0,0,0,0.0,0,0,25,18,7,104,17,80,23.2151,0.29018875,0.2579,0.4505,0.8862,8.3644,0.104555,0.08310000000000001,0.1793,0.5893,80,14.8507,0.18563375,0.17585,0.2692,0.3195,completed
81,known_visit,HIPC,bernoulli,drop_0.25,19,361,4,10,hipc_h2_bernoulli_025,C:\Users\lottj\Desktop\research\decentralized benchmark\commitment-horizon-study\reference_core_benchmark_pilot\known_visit_10target_300.csv,01,13,3,0,14,0,0,0,0,0,0.0,0,0,34,28,6,100,12,64,20.0954,0.313990625,0.24545,0.527,1.458,8.2364,0.12869375,0.08095,0.2715,1.2315,64,11.859,0.185296875,0.16945,0.2599,0.3244,completed
81,known_visit,HIPC,bernoulli,drop_0.25,19,361,4,10,hipc_h2_bernoulli_025,C:\Users\lottj\Desktop\research\decentralized benchmark\commitment-horizon-study\reference_core_benchmark_pilot\known_visit_10target_300.csv,02,30,2,0,31,0,0,0,0,0,0.0,0,0,70,62,8,63,14,8,4.5568,0.5696,0.50475,1.0555,1.0555,2.7567,0.3445875,0.27205,0.8223,0.8223,8,1.8001,0.2250125,0.2322,0.2542,0.2542,completed
81,known_visit,HIPC,bernoulli,drop_0.25,19,361,4,10,hipc_h2_bernoulli_025,C:\Users\lottj\Desktop\research\decentralized benchmark\commitment-horizon-study\reference_core_benchmark_pilot\known_visit_10target_300.csv,03,6,2,0,7,0,0,0,0,0,0.0,0,0,18,14,4,111,18,84,40.313,0.4799166666666667,0.45565,0.9374,1.0769,23.5138,0.2799261904761905,0.26415,0.6638,0.6996,84,16.7992,0.1999904761904762,0.18745,0.2758,0.3797,completed
82,known_visit,HIPC,bernoulli,drop_0.25,19,361,4,10,hipc_h2_bernoulli_025,C:\Users\lottj\Desktop\research\decentralized benchmark\commitment-horizon-study\reference_core_benchmark_pilot\known_visit_10target_300.csv,00,23,2,0,24,0,0,0,0,0,0.0,0,0,54,47,7,105,29,8,6.4232000000000005,0.8029000000000001,0.72265,1.5175,1.5175,4.4928,0.5616,0.4729,1.2848,1.2848,8,1.9304000000000001,0.24130000000000001,0.2411,0.2749,0.2749,completed
82,known_visit,HIPC,bernoulli,drop_0.25,19,361,4,10,hipc_h2_bernoulli_025,C:\Users\lottj\Desktop\research\decentralized benchmark\commitment-horizon-study\reference_core_benchmark_pilot\known_visit_10target_300.csv,01,8,1,0,9,0,0,0,0,0,0.0,0,0,23,18,5,139,26,54,37.7626,0.6993074074074074,0.6307499999999999,1.0676,1.2029,24.781,0.4589074074074074,0.38549999999999995,0.7641,0.7844,54,12.9816,0.2404,0.2502,0.3852,0.4239,completed
82,known_visit,HIPC,bernoulli,drop_0.25,19,361,4,10,hipc_h2_bernoulli_025,C:\Users\lottj\Desktop\research\decentralized benchmark\commitment-horizon-study\reference_core_benchmark_pilot\known_visit_10target_300.csv,02,23,4,0,24,0,2,0,0,0,0.0,0,0,61,47,14,109,19,10,8.2531,0.82531,0.7844,1.3388,1.3388,5.9039,0.59039,0.5256000000000001,1.105,1.105,10,2.3492,0.23492000000000002,0.2336,0.3438,0.3438,completed
82,known_visit,HIPC,bernoulli,drop_0.25,19,361,4,10,hipc_h2_bernoulli_025,C:\Users\lottj\Desktop\research\decentralized benchmark\commitment-horizon-study\reference_core_benchmark_pilot\known_visit_10target_300.csv,03,20,3,0,21,0,0,0,0,0,0.0,0,0,51,42,9,117,20,15,11.0493,0.73662,0.6448,1.8135,1.8135,7.5533,0.5035533333333333,0.3846,1.373,1.373,15,3.496,0.23306666666666667,0.2379,0.4405,0.4405,completed
83,known_visit,HIPC,bernoulli,drop_0.25,19,361,4,10,hipc_h2_bernoulli_025,C:\Users\lottj\Desktop\research\decentralized benchmark\commitment-horizon-study\reference_core_benchmark_pilot\known_visit_10target_300.csv,00,23,4,0,24,0,0,0,0,0,0.0,0,0,54,47,7,93,15,9,5.2937,0.5881888888888889,0.5319,1.0393,1.0393,3.4692,0.3854666666666666,0.3644,0.8102,0.8102,9,1.8245,0.20272222222222222,0.2263,0.2359,0.2359,completed
83,known_visit,HIPC,bernoulli,drop_0.25,19,361,4,10,hipc_h2_bernoulli_025,C:\Users\lottj\Desktop\research\decentralized benchmark\commitment-horizon-study\reference_core_benchmark_pilot\known_visit_10target_300.csv,01,16,3,1,15,2,0,0,0,0,0.0,0,0,43,34,9,96,22,29,12.803,0.4414827586206897,0.4683,0.8137,1.124,7.4745,0.2577413793103448,0.2402,0.5949,0.8652,29,5.3285,0.18374137931034482,0.1886,0.2588,0.2831,completed
83,known_visit,HIPC,bernoulli,drop_0.25,19,361,4,10,hipc_h2_bernoulli_025,C:\Users\lottj\Desktop\research\decentralized benchmark\commitment-horizon-study\reference_core_benchmark_pilot\known_visit_10target_300.csv,02,10,0,1,10,1,1,1,1,0,0.0,0,0,29,23,6,117,15,48,23.319300000000002,0.48581875,0.43374999999999997,1.0334,1.2119,14.4518,0.3010791666666667,0.21375,0.7948,0.8379,48,8.8675,0.18473958333333332,0.19205,0.295,0.4171,completed
83,known_visit,HIPC,bernoulli,drop_0.25,19,361,4,10,hipc_h2_bernoulli_025,C:\Users\lottj\Desktop\research\decentralized benchmark\commitment-horizon-study\reference_core_benchmark_pilot\known_visit_10target_300.csv,03,14,3,0,15,0,0,0,0,0,0.0,0,0,36,30,6,110,15,35,11.9782,0.3422342857142857,0.2471,0.9652,1.0104,7.015,0.20042857142857143,0.1308,0.7225,0.7793,35,4.9632,0.14180571428571428,0.1162,0.2635,0.2687,completed
84,known_visit,HIPC,bernoulli,drop_0.25,19,361,4,10,hipc_h2_bernoulli_025,C:\Users\lottj\Desktop\research\decentralized benchmark\commitment-horizon-study\reference_core_benchmark_pilot\known_visit_10target_300.csv,00,31,2,1,28,4,1,0,0,0,0.0,0,0,76,63,13,188,32,7,5.4291,0.7755857142857143,0.6736,1.4199,1.4199,3.628,0.5182857142857143,0.4458,1.1908,1.1908,7,1.8011,0.2573,0.2278,0.456,0.456,completed
84,known_visit,HIPC,bernoulli,drop_0.25,19,361,4,10,hipc_h2_bernoulli_025,C:\Users\lottj\Desktop\research\decentralized benchmark\commitment-horizon-study\reference_core_benchmark_pilot\known_visit_10target_300.csv,01,31,4,0,32,0,1,0,0,0,0.0,0,0,75,63,12,198,24,10,6.7895,0.67895,0.47215,1.5421,1.5421,4.5563,0.45563000000000003,0.24485,1.2715,1.2715,10,2.2332,0.22332000000000002,0.2234,0.2706,0.2706,completed
84,known_visit,HIPC,bernoulli,drop_0.25,19,361,4,10,hipc_h2_bernoulli_025,C:\Users\lottj\Desktop\research\decentralized benchmark\commitment-horizon-study\reference_core_benchmark_pilot\known_visit_10target_300.csv,02,30,3,1,28,3,2,2,2,0,0.0,0,0,75,63,12,189,32,10,7.0839,0.70839,0.72505,1.2644,1.2644,5.0093,0.50093,0.49285,1.0187,1.0187,10,2.0746,0.20746000000000003,0.20645000000000002,0.2485,0.2485,completed
84,known_visit,HIPC,bernoulli,drop_0.25,19,361,4,10,hipc_h2_bernoulli_025,C:\Users\lottj\Desktop\research\decentralized benchmark\commitment-horizon-study\reference_core_benchmark_pilot\known_visit_10target_300.csv,03,31,1,0,32,0,2,1,1,0,0.0,0,0,71,63,8,187,38,9,4.9001,0.5444555555555556,0.4427,0.9653,0.9653,2.8761,0.31956666666666667,0.2284,0.7096,0.7096,9,2.024,0.2248888888888889,0.2237,0.262,0.262,completed
85,known_visit,HIPC,bernoulli,drop_0.25,19,361,4,10,hipc_h2_bernoulli_025,C:\Users\lottj\Desktop\research\decentralized benchmark\commitment-horizon-study\reference_core_benchmark_pilot\known_visit_10target_300.csv,00,28,3,0,29,0,1,0,0,0,0.0,0,0,67,57,10,154,30,10,5.4953,0.5495300000000001,0.51425,0.9496,0.9496,3.5135,0.35135,0.29710000000000003,0.7089,0.7089,10,1.9818,0.19818,0.19474999999999998,0.2465,0.2465,completed
85,known_visit,HIPC,bernoulli,drop_0.25,19,361,4,10,hipc_h2_bernoulli_025,C:\Users\lottj\Desktop\research\decentralized benchmark\commitment-horizon-study\reference_core_benchmark_pilot\known_visit_10target_300.csv,01,17,2,0,18,0,1,0,0,0,0.0,0,0,45,36,9,174,32,44,16.2011,0.36820681818181816,0.3212,0.595,0.7192,8.3696,0.19021818181818181,0.14705000000000001,0.4349,0.5558,44,7.8315,0.17798863636363638,0.17235,0.2151,0.2328,completed
85,known_visit,HIPC,bernoulli,drop_0.25,19,361,4,10,hipc_h2_bernoulli_025,C:\Users\lottj\Desktop\research\decentralized benchmark\commitment-horizon-study\reference_core_benchmark_pilot\known_visit_10target_300.csv,02,27,1,0,28,0,1,2,2,0,0.0,0,0,82,57,25,142,26,12,10.2645,0.855375,0.84785,1.2821,1.2821,7.878,0.6565,0.6803,1.0336,1.0336,12,2.3865,0.198875,0.19165,0.2733,0.2733,completed
85,known_visit,HIPC,bernoulli,drop_0.25,19,361,4,10,hipc_h2_bernoulli_025,C:\Users\lottj\Desktop\research\decentralized benchmark\commitment-horizon-study\reference_core_benchmark_pilot\known_visit_10target_300.csv,03,19,4,0,20,0,0,0,0,0,0.0,0,0,57,40,17,172,21,42,19.650199999999998,0.4678619047619047,0.37925,0.8687,1.398,12.1034,0.2881761904761905,0.19985,0.6685,1.1963,42,7.5468,0.17968571428571428,0.1763,0.2134,0.231,completed
86,known_visit,HIPC,bernoulli,drop_0.25,19,361,4,10,hipc_h2_bernoulli_025,C:\Users\lottj\Desktop\research\decentralized benchmark\commitment-horizon-study\reference_core_benchmark_pilot\known_visit_10target_300.csv,00,17,3,0,18,0,0,0,0,0,0.0,0,0,44,36,8,106,22,29,9.6353,0.3322517241379311,0.2073,0.954,1.1323,5.3046,0.18291724137931034,0.0916,0.7254,0.8361,29,4.3307,0.14933448275862068,0.1117,0.2962,0.3209,completed
86,known_visit,HIPC,bernoulli,drop_0.25,19,361,4,10,hipc_h2_bernoulli_025,C:\Users\lottj\Desktop\research\decentralized benchmark\commitment-horizon-study\reference_core_benchmark_pilot\known_visit_10target_300.csv,01,7,1,0,8,0,0,0,0,0,0.0,0,0,19,16,3,131,22,59,21.3781,0.3623406779661017,0.2358,0.8477,1.9272,12.6809,0.21493050847457626,0.1262,0.6161,1.4393,59,8.6972,0.14741016949152544,0.1152,0.2316,0.4879,completed
86,known_visit,HIPC,bernoulli,drop_0.25,19,361,4,10,hipc_h2_bernoulli_025,C:\Users\lottj\Desktop\research\decentralized benchmark\commitment-horizon-study\reference_core_benchmark_pilot\known_visit_10target_300.csv,02,20,3,1,20,1,2,0,0,0,0.0,0,0,53,42,11,104,15,21,11.3071,0.5384333333333333,0.3403,1.1238,2.9172,7.6158,0.36265714285714284,0.173,0.8864,2.4592,21,3.6913,0.17577619047619047,0.1673,0.2755,0.458,completed
86,known_visit,HIPC,bernoulli,drop_0.25,19,361,4,10,hipc_h2_bernoulli_025,C:\Users\lottj\Desktop\research\decentralized benchmark\commitment-horizon-study\reference_core_benchmark_pilot\known_visit_10target_300.csv,03,24,3,0,25,0,0,0,0,0,0.0,0,0,56,49,7,97,19,7,6.0025,0.8575,0.7388,2.0062,2.0062,4.3932,0.6276,0.5075,1.6963,1.6963,7,1.6093,0.2299,0.2241,0.3099,0.3099,completed
87,known_visit,HIPC,bernoulli,drop_0.25,19,361,4,10,hipc_h2_bernoulli_025,C:\Users\lottj\Desktop\research\decentralized benchmark\commitment-horizon-study\reference_core_benchmark_pilot\known_visit_10target_300.csv,00,25,1,0,25,1,0,0,0,0,0.0,0,0,57,51,6,100,25,7,5.0483,0.7211857142857143,0.7057,1.2664,1.2664,3.6004,0.5143428571428571,0.5154,1.0789,1.0789,7,1.4479,0.20684285714285713,0.1898,0.2822,0.2822,completed
87,known_visit,HIPC,bernoulli,drop_0.25,19,361,4,10,hipc_h2_bernoulli_025,C:\Users\lottj\Desktop\research\decentralized benchmark\commitment-horizon-study\reference_core_benchmark_pilot\known_visit_10target_300.csv,01,25,5,0,26,0,0,0,0,0,0.0,0,0,63,51,12,103,17,9,4.2729,0.47476666666666667,0.4063,0.7793,0.7793,2.7615,0.3068333333333333,0.2298,0.606,0.606,9,1.5114,0.16793333333333335,0.1682,0.192,0.192,completed
87,known_visit,HIPC,bernoulli,drop_0.25,19,361,4,10,hipc_h2_bernoulli_025,C:\Users\lottj\Desktop\research\decentralized benchmark\commitment-horizon-study\reference_core_benchmark_pilot\known_visit_10target_300.csv,02,15,1,0,16,0,0,0,0,0,0.0,0,0,39,32,7,127,16,39,22.0975,0.5666025641025642,0.543,1.0409,1.2775,14.3344,0.36754871794871796,0.359,0.8156,0.9724,39,7.7631,0.19905384615384614,0.195,0.3029,0.3051,completed
87,known_visit,HIPC,bernoulli,drop_0.25,19,361,4,10,hipc_h2_bernoulli_025,C:\Users\lottj\Desktop\research\decentralized benchmark\commitment-horizon-study\reference_core_benchmark_pilot\known_visit_10target_300.csv,03,8,3,0,9,0,0,0,0,0,0.0,0,0,24,18,6,135,23,60,28.8319,0.4805316666666667,0.43820000000000003,0.7259,0.8979,17.1896,0.2864933333333333,0.26615,0.4808,0.7039,60,11.6423,0.19403833333333334,0.185,0.2623,0.3405,completed
88,known_visit,HIPC,bernoulli,drop_0.25,19,361,4,10,hipc_h2_bernoulli_025,C:\Users\lottj\Desktop\research\decentralized benchmark\commitment-horizon-study\reference_core_benchmark_pilot\known_visit_10target_300.csv,00,22,2,0,23,0,1,0,0,0,0.0,0,0,50,45,5,117,23,6,4.0553,0.6758833333333333,0.7024,0.9317,0.9317,2.7099,0.45165000000000005,0.48305,0.6301,0.6301,6,1.3454,0.2242333333333333,0.21935,0.3016,0.3016,completed
88,known_visit,HIPC,bernoulli,drop_0.25,19,361,4,10,hipc_h2_bernoulli_025,C:\Users\lottj\Desktop\research\decentralized benchmark\commitment-horizon-study\reference_core_benchmark_pilot\known_visit_10target_300.csv,01,15,1,2,12,4,0,0,0,0,0.0,0,0,41,33,8,129,19,26,14.738,0.5668461538461538,0.43585,1.1782,1.1825,9.4606,0.3638692307692307,0.2494,0.9167,0.9225,26,5.2774,0.20297692307692308,0.1876,0.2658,0.2908,completed
88,known_visit,HIPC,bernoulli,drop_0.25,19,361,4,10,hipc_h2_bernoulli_025,C:\Users\lottj\Desktop\research\decentralized benchmark\commitment-horizon-study\reference_core_benchmark_pilot\known_visit_10target_300.csv,02,21,5,0,21,1,0,0,0,0,0.0,0,0,53,43,10,122,14,7,5.7918,0.8274,0.8579,1.0828,1.0828,4.2062,0.6008857142857142,0.6326,0.8249,0.8249,7,1.5856,0.2265142857142857,0.2315,0.2579,0.2579,completed
88,known_visit,HIPC,bernoulli,drop_0.25,19,361,4,10,hipc_h2_bernoulli_025,C:\Users\lottj\Desktop\research\decentralized benchmark\commitment-horizon-study\reference_core_benchmark_pilot\known_visit_10target_300.csv,03,19,2,0,20,0,0,0,0,0,0.0,0,0,46,40,6,120,23,13,7.3548,0.5657538461538462,0.4294,1.389,1.389,4.8106,0.37004615384615386,0.2332,1.1478,1.1478,13,2.5442,0.1957076923076923,0.1821,0.2412,0.2412,completed
89,known_visit,HIPC,bernoulli,drop_0.25,19,361,4,10,hipc_h2_bernoulli_025,C:\Users\lottj\Desktop\research\decentralized benchmark\commitment-horizon-study\reference_core_benchmark_pilot\known_visit_10target_300.csv,00,26,4,0,27,0,0,0,0,0,0.0,0,0,61,53,8,141,32,7,5.0907,0.7272428571428572,0.6167,1.8641,1.8641,3.6729,0.5246999999999999,0.4714,1.5756,1.5756,7,1.4178,0.20254285714285714,0.2142,0.2885,0.2885,completed
89,known_visit,HIPC,bernoulli,drop_0.25,19,361,4,10,hipc_h2_bernoulli_025,C:\Users\lottj\Desktop\research\decentralized benchmark\commitment-horizon-study\reference_core_benchmark_pilot\known_visit_10target_300.csv,01,24,2,1,20,5,2,0,0,0,0.0,0,0,63,50,13,147,24,14,8.7585,0.6256071428571428,0.60205,1.2169,1.2169,6.1925,0.4423214285714286,0.38575000000000004,0.9654,0.9654,14,2.566,0.18328571428571427,0.14179999999999998,0.3073,0.3073,completed
89,known_visit,HIPC,bernoulli,drop_0.25,19,361,4,10,hipc_h2_bernoulli_025,C:\Users\lottj\Desktop\research\decentralized benchmark\commitment-horizon-study\reference_core_benchmark_pilot\known_visit_10target_300.csv,02,27,3,0,26,2,2,0,0,0,0.0,0,0,67,55,12,141,26,8,5.1904,0.6488,0.62545,1.2089,1.2089,3.6578,0.457225,0.4445,0.9652,0.9652,8,1.5326,0.191575,0.18355,0.2987,0.2987,completed
89,known_visit,HIPC,bernoulli,drop_0.25,19,361,4,10,hipc_h2_bernoulli_025,C:\Users\lottj\Desktop\research\decentralized benchmark\commitment-horizon-study\reference_core_benchmark_pilot\known_visit_10target_300.csv,03,19,1,0,20,0,0,0,0,0,0.0,0,0,44,40,4,158,31,33,10.1515,0.30762121212121213,0.2527,0.7083,0.8136,5.5043,0.1667969696969697,0.1344,0.444,0.5507,33,4.6472,0.1408242424242424,0.1192,0.2629,0.2643,completed
90,known_visit,HIPC,bernoulli,drop_0.25,19,361,4,10,hipc_h2_bernoulli_025,C:\Users\lottj\Desktop\research\decentralized benchmark\commitment-horizon-study\reference_core_benchmark_pilot\known_visit_10target_300.csv,00,24,3,0,22,3,1,0,0,0,0.0,0,0,57,49,8,139,21,9,6.7439,0.7493222222222222,0.7123,1.3134,1.3134,4.7077,0.5230777777777778,0.495,1.0232,1.0232,9,2.0362,0.22624444444444444,0.2253,0.2902,0.2902,completed
90,known_visit,HIPC,bernoulli,drop_0.25,19,361,4,10,hipc_h2_bernoulli_025,C:\Users\lottj\Desktop\research\decentralized benchmark\commitment-horizon-study\reference_core_benchmark_pilot\known_visit_10target_300.csv,01,25,1,0,26,0,2,2,1,1,5.0,1,0,58,53,5,134,26,10,6.174,0.6174000000000001,0.4901,1.2692,1.2692,3.8749000000000002,0.38749,0.2848,0.8665,0.8665,10,2.2991,0.22991,0.2167,0.4148,0.4148,completed
90,known_visit,HIPC,bernoulli,drop_0.25,19,361,4,10,hipc_h2_bernoulli_025,C:\Users\lottj\Desktop\research\decentralized benchmark\commitment-horizon-study\reference_core_benchmark_pilot\known_visit_10target_300.csv,02,18,3,0,19,0,1,0,0,0,0.0,0,0,48,38,10,153,16,29,17.4222,0.6007655172413793,0.5588,0.9828,1.0706,11.3146,0.3901586206896552,0.3386,0.7317,0.8908,29,6.1076,0.21060689655172413,0.2206,0.2617,0.3062,completed
90,known_visit,HIPC,bernoulli,drop_0.25,19,361,4,10,hipc_h2_bernoulli_025,C:\Users\lottj\Desktop\research\decentralized benchmark\commitment-horizon-study\reference_core_benchmark_pilot\known_visit_10target_300.csv,03,23,3,0,24,0,1,0,0,0,0.0,0,0,55,48,7,134,29,13,5.9931,0.46100769230769234,0.3908,0.86,0.86,3.3684000000000003,0.2591076923076923,0.2059,0.6559,0.6559,13,2.6247,0.2019,0.2041,0.2589,0.2589,completed
91,known_visit,HIPC,bernoulli,drop_0.25,19,361,4,10,hipc_h2_bernoulli_025,C:\Users\lottj\Desktop\research\decentralized benchmark\commitment-horizon-study\reference_core_benchmark_pilot\known_visit_10target_300.csv,00,25,5,0,26,0,0,0,0,0,0.0,0,0,60,51,9,81,22,7,4.3234,0.6176285714285715,0.5264,0.9932,0.9932,2.81,0.4014285714285714,0.2911,0.7629,0.7629,7,1.5134,0.2162,0.2159,0.2353,0.2353,completed
91,known_visit,HIPC,bernoulli,drop_0.25,19,361,4,10,hipc_h2_bernoulli_025,C:\Users\lottj\Desktop\research\decentralized benchmark\commitment-horizon-study\reference_core_benchmark_pilot\known_visit_10target_300.csv,01,8,2,0,9,0,0,0,0,0,0.0,0,0,27,18,9,111,24,61,28.0748,0.4602426229508197,0.399,0.8598,0.9715,17.0351,0.2792639344262295,0.226,0.5606,0.7426,61,11.0397,0.18097868852459015,0.1825,0.2829,0.3618,completed
91,known_visit,HIPC,bernoulli,drop_0.25,19,361,4,10,hipc_h2_bernoulli_025,C:\Users\lottj\Desktop\research\decentralized benchmark\commitment-horizon-study\reference_core_benchmark_pilot\known_visit_10target_300.csv,02,20,2,0,21,0,1,0,0,0,0.0,0,0,54,42,12,92,16,21,10.7722,0.5129619047619047,0.3966,1.0606,1.4754,6.6237,0.31541428571428576,0.2152,0.8305,1.2397,21,4.1485,0.19754761904761906,0.1814,0.3752,0.4276,completed
91,known_visit,HIPC,bernoulli,drop_0.25,19,361,4,10,hipc_h2_bernoulli_025,C:\Users\lottj\Desktop\research\decentralized benchmark\commitment-horizon-study\reference_core_benchmark_pilot\known_visit_10target_300.csv,03,8,1,0,9,0,0,0,0,0,0.0,0,0,22,18,4,119,22,59,27.4539,0.46532033898305086,0.389,0.9775,1.4336,16.5271,0.2801203389830509,0.2471,0.6369,1.2091,59,10.9268,0.1852,0.1697,0.3454,0.3838,completed
92,known_visit,HIPC,bernoulli,drop_0.25,19,361,4,10,hipc_h2_bernoulli_025,C:\Users\lottj\Desktop\research\decentralized benchmark\commitment-horizon-study\reference_core_benchmark_pilot\known_visit_10target_300.csv,00,29,3,0,30,0,0,0,0,0,0.0,0,0,64,59,5,139,26,9,5.2378,0.5819777777777778,0.4524,1.4044,1.4044,3.3452,0.3716888888888889,0.2649,1.1828,1.1828,9,1.8926,0.2102888888888889,0.1761,0.4432,0.4432,completed
92,known_visit,HIPC,bernoulli,drop_0.25,19,361,4,10,hipc_h2_bernoulli_025,C:\Users\lottj\Desktop\research\decentralized benchmark\commitment-horizon-study\reference_core_benchmark_pilot\known_visit_10target_300.csv,01,20,2,0,21,0,1,2,1,0,0.0,0,0,56,44,12,148,24,37,17.2733,0.4668459459459459,0.324,1.2846,1.6125,10.4095,0.28133783783783783,0.1529,1.0988,1.4099,37,6.8638,0.1855081081081081,0.1742,0.2399,0.2873,completed
92,known_visit,HIPC,bernoulli,drop_0.25,19,361,4,10,hipc_h2_bernoulli_025,C:\Users\lottj\Desktop\research\decentralized benchmark\commitment-horizon-study\reference_core_benchmark_pilot\known_visit_10target_300.csv,02,29,4,0,29,1,1,2,1,1,5.0,1,0,78,61,17,121,30,8,6.8859,0.8607375,0.66405,1.8867,1.8867,5.0996,0.63745,0.44555,1.5672,1.5672,8,1.7863,0.2232875,0.1991,0.3195,0.3195,completed
92,known_visit,HIPC,bernoulli,drop_0.25,19,361,4,10,hipc_h2_bernoulli_025,C:\Users\lottj\Desktop\research\decentralized benchmark\commitment-horizon-study\reference_core_benchmark_pilot\known_visit_10target_300.csv,03,12,1,0,13,0,0,0,0,0,0.0,0,0,31,26,5,170,27,64,25.5627,0.3994171875,0.39475,0.5022,1.3911,12.6678,0.197934375,0.19,0.2752,1.1618,64,12.8949,0.2014828125,0.19695000000000001,0.2637,0.2896,completed
93,known_visit,HIPC,bernoulli,drop_0.25,19,361,4,10,hipc_h2_bernoulli_025,C:\Users\lottj\Desktop\research\decentralized benchmark\commitment-horizon-study\reference_core_benchmark_pilot\known_visit_10target_300.csv,00,21,3,0,22,0,0,0,0,0,0.0,0,0,48,43,5,107,14,7,5.247,0.7495714285714286,0.7282,1.1876,1.1876,3.4407,0.4915285714285714,0.4588,0.8282,0.8282,7,1.8063,0.25804285714285713,0.262,0.3594,0.3594,completed
93,known_visit,HIPC,bernoulli,drop_0.25,19,361,4,10,hipc_h2_bernoulli_025,C:\Users\lottj\Desktop\research\decentralized benchmark\commitment-horizon-study\reference_core_benchmark_pilot\known_visit_10target_300.csv,01,12,2,1,11,2,0,0,0,0,0.0,0,0,33,27,6,114,21,32,20.6975,0.646796875,0.5306,1.4434,1.4592,13.5992,0.424975,0.25315,1.0794,1.0851,32,7.0983,0.221821875,0.20965,0.364,0.3741,completed
93,known_visit,HIPC,bernoulli,drop_0.25,19,361,4,10,hipc_h2_bernoulli_025,C:\Users\lottj\Desktop\research\decentralized benchmark\commitment-horizon-study\reference_core_benchmark_pilot\known_visit_10target_300.csv,02,20,4,0,21,0,1,0,0,0,0.0,0,0,51,42,9,94,23,7,5.0743,0.7249,0.6424,1.2258,1.2258,3.3857,0.4836714285714286,0.3966,0.8261,0.8261,7,1.6886,0.24122857142857143,0.2458,0.3997,0.3997,completed
93,known_visit,HIPC,bernoulli,drop_0.25,19,361,4,10,hipc_h2_bernoulli_025,C:\Users\lottj\Desktop\research\decentralized benchmark\commitment-horizon-study\reference_core_benchmark_pilot\known_visit_10target_300.csv,03,14,1,0,15,0,1,0,0,0,0.0,0,0,37,30,7,111,20,30,17.823999999999998,0.5941333333333333,0.57545,1.0748,1.0951,11.5019,0.38339666666666666,0.36619999999999997,0.8188,0.8476,30,6.3221,0.21073666666666666,0.2001,0.2763,0.2795,completed
94,known_visit,HIPC,bernoulli,drop_0.25,19,361,4,10,hipc_h2_bernoulli_025,C:\Users\lottj\Desktop\research\decentralized benchmark\commitment-horizon-study\reference_core_benchmark_pilot\known_visit_10target_300.csv,00,23,2,0,24,0,1,0,0,0,0.0,0,0,59,48,11,137,17,16,8.4803,0.53001875,0.4135,1.221,1.221,5.0879,0.31799375,0.1922,0.9698,0.9698,16,3.3924,0.212025,0.2152,0.5266,0.5266,completed
94,known_visit,HIPC,bernoulli,drop_0.25,19,361,4,10,hipc_h2_bernoulli_025,C:\Users\lottj\Desktop\research\decentralized benchmark\commitment-horizon-study\reference_core_benchmark_pilot\known_visit_10target_300.csv,01,24,4,1,22,3,1,0,0,0,0.0,0,0,61,50,11,135,17,12,6.9656,0.5804666666666667,0.5621,1.0578,1.0578,4.4248,0.36873333333333336,0.3241,0.8297,0.8297,12,2.5408,0.21173333333333333,0.21945,0.3058,0.3058,completed
94,known_visit,HIPC,bernoulli,drop_0.25,19,361,4,10,hipc_h2_bernoulli_025,C:\Users\lottj\Desktop\research\decentralized benchmark\commitment-horizon-study\reference_core_benchmark_pilot\known_visit_10target_300.csv,02,14,2,0,15,0,0,0,0,0,0.0,0,0,36,30,6,153,24,43,19.5172,0.45388837209302324,0.3989,0.8024,0.8943,11.0247,0.25638837209302323,0.2091,0.5651,0.6694,43,8.4925,0.19749999999999998,0.2042,0.2437,0.3061,completed
94,known_visit,HIPC,bernoulli,drop_0.25,19,361,4,10,hipc_h2_bernoulli_025,C:\Users\lottj\Desktop\research\decentralized benchmark\commitment-horizon-study\reference_core_benchmark_pilot\known_visit_10target_300.csv,03,26,2,0,27,0,1,0,0,0,0.0,0,0,58,53,5,133,23,8,5.3357,0.6669625,0.5898,1.0935,1.0935,3.5936,0.4492,0.36345,0.8668,0.8668,8,1.7421,0.2177625,0.225,0.2466,0.2466,completed
95,known_visit,HIPC,bernoulli,drop_0.25,19,361,4,10,hipc_h2_bernoulli_025,C:\Users\lottj\Desktop\research\decentralized benchmark\commitment-horizon-study\reference_core_benchmark_pilot\known_visit_10target_300.csv,00,22,3,0,23,0,0,0,0,0,0.0,0,0,50,45,5,103,14,8,5.2655,0.6581875,0.52345,1.5122,1.5122,3.5476,0.44345,0.3584,1.2808,1.2808,8,1.7179,0.2147375,0.2132,0.2936,0.2936,completed
95,known_visit,HIPC,bernoulli,drop_0.25,19,361,4,10,hipc_h2_bernoulli_025,C:\Users\lottj\Desktop\research\decentralized benchmark\commitment-horizon-study\reference_core_benchmark_pilot\known_visit_10target_300.csv,01,22,3,0,23,0,0,0,0,0,0.0,0,0,48,45,3,105,13,6,4.3236,0.7206,0.593,1.1778,1.1778,2.7229,0.4538166666666667,0.35545000000000004,0.7897,0.7897,6,1.6007,0.2667833333333333,0.27090000000000003,0.4131,0.4131,completed
95,known_visit,HIPC,bernoulli,drop_0.25,19,361,4,10,hipc_h2_bernoulli_025,C:\Users\lottj\Desktop\research\decentralized benchmark\commitment-horizon-study\reference_core_benchmark_pilot\known_visit_10target_300.csv,02,16,1,1,15,2,1,0,0,0,0.0,0,0,41,34,7,102,24,25,15.3171,0.612684,0.6006,0.9196,0.9742,10.3596,0.41438400000000003,0.4044,0.672,0.6929,25,4.9575,0.19829999999999998,0.2016,0.2835,0.3166,completed
95,known_visit,HIPC,bernoulli,drop_0.25,19,361,4,10,hipc_h2_bernoulli_025,C:\Users\lottj\Desktop\research\decentralized benchmark\commitment-horizon-study\reference_core_benchmark_pilot\known_visit_10target_300.csv,03,10,3,0,11,0,0,0,0,0,0.0,0,0,28,22,6,122,16,42,17.6136,0.4193714285714286,0.3833,0.6573,1.4693,10.3885,0.24734523809523812,0.20879999999999999,0.3892,1.2322,42,7.2251,0.17202619047619047,0.17335,0.2609,0.2787,completed
96,known_visit,HIPC,bernoulli,drop_0.25,19,361,4,10,hipc_h2_bernoulli_025,C:\Users\lottj\Desktop\research\decentralized benchmark\commitment-horizon-study\reference_core_benchmark_pilot\known_visit_10target_300.csv,00,27,2,1,24,4,1,0,0,0,0.0,0,0,65,56,9,151,22,223,91.0733,0.4084004484304933,0.4172,0.5739,0.7943,50.335,0.22571748878923767,0.2299,0.3216,0.5611,223,40.7383,0.1826829596412556,0.1852,0.2428,0.4021,completed
96,known_visit,HIPC,bernoulli,drop_0.25,19,361,4,10,hipc_h2_bernoulli_025,C:\Users\lottj\Desktop\research\decentralized benchmark\commitment-horizon-study\reference_core_benchmark_pilot\known_visit_10target_300.csv,01,21,2,0,21,1,1,1,1,0,0.0,0,1,55,45,10,160,24,247,79.6761,0.3225753036437247,0.3067,0.5017,1.6494,38.2693,0.15493643724696357,0.1357,0.2576,1.372,247,41.4068,0.16763886639676112,0.1694,0.2501,0.3894,completed
96,known_visit,HIPC,bernoulli,drop_0.25,19,361,4,10,hipc_h2_bernoulli_025,C:\Users\lottj\Desktop\research\decentralized benchmark\commitment-horizon-study\reference_core_benchmark_pilot\known_visit_10target_300.csv,02,27,3,0,27,1,2,0,0,0,0.0,0,0,65,56,9,155,18,229,78.29,0.3418777292576419,0.3281,0.5381,1.3527,40.4555,0.17666157205240174,0.1575,0.2878,1.0737,229,37.8345,0.16521615720524016,0.168,0.2313,0.3438,completed
96,known_visit,HIPC,bernoulli,drop_0.25,19,361,4,10,hipc_h2_bernoulli_025,C:\Users\lottj\Desktop\research\decentralized benchmark\commitment-horizon-study\reference_core_benchmark_pilot\known_visit_10target_300.csv,03,23,3,0,24,0,0,0,0,0,0.0,0,0,54,48,6,156,28,239,74.3146,0.3109397489539749,0.3104,0.4192,0.8246,34.6323,0.1449050209205021,0.1406,0.1895,0.6541,239,39.6823,0.1660347280334728,0.168,0.2231,0.3498,completed
97,known_visit,HIPC,bernoulli,drop_0.25,19,361,4,10,hipc_h2_bernoulli_025,C:\Users\lottj\Desktop\research\decentralized benchmark\commitment-horizon-study\reference_core_benchmark_pilot\known_visit_10target_300.csv,00,10,1,0,11,0,0,0,0,0,0.0,0,0,28,22,6,148,32,58,31.6282,0.5453137931034483,0.57785,0.8841,1.0669,20.4907,0.35328793103448275,0.37934999999999997,0.542,0.8342,58,11.1375,0.1920258620689655,0.20165,0.2554,0.3566,completed
97,known_visit,HIPC,bernoulli,drop_0.25,19,361,4,10,hipc_h2_bernoulli_025,C:\Users\lottj\Desktop\research\decentralized benchmark\commitment-horizon-study\reference_core_benchmark_pilot\known_visit_10target_300.csv,01,19,1,0,19,1,0,0,0,0,0.0,0,0,50,40,10,135,23,31,10.184800000000001,0.328541935483871,0.2771,0.7517,0.7819,5.1519,0.16619032258064517,0.1131,0.5514,0.5701,31,5.0329,0.1623516129032258,0.1593,0.3206,0.3329,completed
97,known_visit,HIPC,bernoulli,drop_0.25,19,361,4,10,hipc_h2_bernoulli_025,C:\Users\lottj\Desktop\research\decentralized benchmark\commitment-horizon-study\reference_core_benchmark_pilot\known_visit_10target_300.csv,02,26,2,1,21,6,0,0,0,0,0.0,0,0,63,53,10,116,29,7,3.9636,0.5662285714285714,0.5279,0.9291,0.9291,2.4242,0.3463142857142857,0.3226,0.6379,0.6379,7,1.5394,0.21991428571428573,0.2053,0.4275,0.4275,completed
97,known_visit,HIPC,bernoulli,drop_0.25,19,361,4,10,hipc_h2_bernoulli_025,C:\Users\lottj\Desktop\research\decentralized benchmark\commitment-horizon-study\reference_core_benchmark_pilot\known_visit_10target_300.csv,03,26,6,0,27,0,0,0,0,0,0.0,0,0,68,53,15,122,19,10,5.3117,0.53117,0.545,0.8495,0.8495,3.4276999999999997,0.34276999999999996,0.34745000000000004,0.6373,0.6373,10,1.884,0.18839999999999998,0.1938,0.2222,0.2222,completed
98,known_visit,HIPC,bernoulli,drop_0.25,19,361,4,10,hipc_h2_bernoulli_025,C:\Users\lottj\Desktop\research\decentralized benchmark\commitment-horizon-study\reference_core_benchmark_pilot\known_visit_10target_300.csv,00,24,5,0,25,0,0,0,0,0,0.0,0,0,60,49,11,135,26,9,5.8155,0.6461666666666667,0.3994,1.3707,1.3707,4.0373,0.4485888888888889,0.261,1.0624,1.0624,9,1.7782,0.19757777777777777,0.189,0.3083,0.3083,completed
98,known_visit,HIPC,bernoulli,drop_0.25,19,361,4,10,hipc_h2_bernoulli_025,C:\Users\lottj\Desktop\research\decentralized benchmark\commitment-horizon-study\reference_core_benchmark_pilot\known_visit_10target_300.csv,01,17,2,1,16,2,0,0,0,0,0.0,0,0,44,36,8,147,29,28,12.5835,0.44941071428571433,0.4063,1.06,1.0958,6.3462000000000005,0.22665000000000002,0.1956,0.5371,0.7738,28,6.2373,0.22276071428571428,0.2047,0.2862,0.8443,completed
98,known_visit,HIPC,bernoulli,drop_0.25,19,361,4,10,hipc_h2_bernoulli_025,C:\Users\lottj\Desktop\research\decentralized benchmark\commitment-horizon-study\reference_core_benchmark_pilot\known_visit_10target_300.csv,02,22,2,0,23,0,0,0,0,0,0.0,0,0,59,46,13,134,27,10,6.2257,0.62257,0.39644999999999997,1.5128,1.5128,4.0875,0.40875000000000006,0.1829,1.1847,1.1847,10,2.1382,0.21381999999999998,0.2134,0.3281,0.3281,completed
98,known_visit,HIPC,bernoulli,drop_0.25,19,361,4,10,hipc_h2_bernoulli_025,C:\Users\lottj\Desktop\research\decentralized benchmark\commitment-horizon-study\reference_core_benchmark_pilot\known_visit_10target_300.csv,03,22,1,1,20,3,1,0,0,0,0.0,0,0,58,47,11,140,22,14,10.2804,0.7343142857142857,0.65,1.636,1.636,6.955,0.4967857142857143,0.4118,1.2727,1.2727,14,3.3254,0.23752857142857145,0.2365,0.3633,0.3633,completed
99,known_visit,HIPC,bernoulli,drop_0.25,19,361,4,10,hipc_h2_bernoulli_025,C:\Users\lottj\Desktop\research\decentralized benchmark\commitment-horizon-study\reference_core_benchmark_pilot\known_visit_10target_300.csv,00,20,4,0,21,0,1,0,0,0,0.0,0,0,54,42,12,115,19,21,11.2201,0.5342904761904762,0.4453,1.2695,1.4365,7.3931,0.35205238095238095,0.237,0.9949,1.2102,21,3.827,0.18223809523809523,0.1854,0.2746,0.3083,completed
99,known_visit,HIPC,bernoulli,drop_0.25,19,361,4,10,hipc_h2_bernoulli_025,C:\Users\lottj\Desktop\research\decentralized benchmark\commitment-horizon-study\reference_core_benchmark_pilot\known_visit_10target_300.csv,01,17,2,0,18,0,0,0,0,0,0.0,0,0,42,36,6,125,22,30,17.7106,0.5903533333333333,0.5051000000000001,1.2646,1.5156,11.978,0.39926666666666666,0.3347,0.8528,1.0823,30,5.7326,0.19108666666666665,0.1814,0.4118,0.4333,completed
99,known_visit,HIPC,bernoulli,drop_0.25,19,361,4,10,hipc_h2_bernoulli_025,C:\Users\lottj\Desktop\research\decentralized benchmark\commitment-horizon-study\reference_core_benchmark_pilot\known_visit_10target_300.csv,02,22,2,0,23,0,1,0,0,0,0.0,0,0,55,46,9,114,19,16,8.0655,0.50409375,0.3587,1.4576,1.4576,5.1329,0.32080625,0.2112,1.2138,1.2138,16,2.9326,0.1832875,0.15910000000000002,0.4044,0.4044,completed
99,known_visit,HIPC,bernoulli,drop_0.25,19,361,4,10,hipc_h2_bernoulli_025,C:\Users\lottj\Desktop\research\decentralized benchmark\commitment-horizon-study\reference_core_benchmark_pilot\known_visit_10target_300.csv,03,16,2,0,17,0,0,0,0,0,0.0,0,0,38,34,4,124,27,30,15.2738,0.5091266666666666,0.4839,0.9073,1.3209,9.528,0.3176,0.2972,0.6024,0.933,30,5.7458,0.19152666666666668,0.18635,0.3879,0.4255,completed
100,known_visit,HIPC,bernoulli,drop_0.25,19,361,4,10,hipc_h2_bernoulli_025,C:\Users\lottj\Desktop\research\decentralized benchmark\commitment-horizon-study\reference_core_benchmark_pilot\known_visit_10target_300.csv,00,25,3,0,26,0,0,0,0,0,0.0,0,0,56,51,5,93,18,9,4.2634,0.4737111111111111,0.4723,0.9061,0.9061,2.7745,0.3082777777777778,0.2439,0.7399,0.7399,9,1.4889,0.16543333333333332,0.1598,0.2341,0.2341,completed
100,known_visit,HIPC,bernoulli,drop_0.25,19,361,4,10,hipc_h2_bernoulli_025,C:\Users\lottj\Desktop\research\decentralized benchmark\commitment-horizon-study\reference_core_benchmark_pilot\known_visit_10target_300.csv,01,11,3,0,12,0,0,0,0,0,0.0,0,0,32,24,8,120,14,51,19.6914,0.3861058823529412,0.3504,0.5452,0.7856,10.7519,0.21082156862745097,0.184,0.3301,0.6291,51,8.9395,0.17528431372549022,0.1749,0.2581,0.2838,completed
100,known_visit,HIPC,bernoulli,drop_0.25,19,361,4,10,hipc_h2_bernoulli_025,C:\Users\lottj\Desktop\research\decentralized benchmark\commitment-horizon-study\reference_core_benchmark_pilot\known_visit_10target_300.csv,02,13,1,0,14,0,0,0,0,0,0.0,0,0,38,28,10,108,20,45,18.6165,0.41369999999999996,0.3806,0.6172,0.6847,10.6433,0.23651777777777777,0.1982,0.4416,0.5244,45,7.9732,0.17718222222222224,0.1755,0.2391,0.3362,completed
100,known_visit,HIPC,bernoulli,drop_0.25,19,361,4,10,hipc_h2_bernoulli_025,C:\Users\lottj\Desktop\research\decentralized benchmark\commitment-horizon-study\reference_core_benchmark_pilot\known_visit_10target_300.csv,03,14,3,0,15,0,0,0,0,0,0.0,0,0,41,30,11,101,24,42,17.026,0.4053809523809524,0.372,0.6639,1.3089,9.6936,0.2308,0.1975,0.4168,0.9732,42,7.3324,0.17458095238095236,0.1728,0.2782,0.3357,completed
101,known_visit,HIPC,bernoulli,drop_0.25,19,361,4,10,hipc_h2_bernoulli_025,C:\Users\lottj\Desktop\research\decentralized benchmark\commitment-horizon-study\reference_core_benchmark_pilot\known_visit_10target_300.csv,00,17,2,0,18,0,0,0,0,0,0.0,0,0,45,36,9,132,25,26,12.911,0.4965769230769231,0.41015,0.9268,1.0127,7.3607000000000005,0.28310384615384615,0.21595,0.6104,0.7704,26,5.5503,0.21347307692307693,0.2025,0.293,0.3164,completed
101,known_visit,HIPC,bernoulli,drop_0.25,19,361,4,10,hipc_h2_bernoulli_025,C:\Users\lottj\Desktop\research\decentralized benchmark\commitment-horizon-study\reference_core_benchmark_pilot\known_visit_10target_300.csv,01,24,5,0,25,0,0,0,0,0,0.0,0,0,58,49,9,115,30,8,4.8334,0.604175,0.52625,1.262,1.262,3.2818,0.410225,0.32685,1.0292,1.0292,8,1.5516,0.19395,0.17695,0.253,0.253,completed
101,known_visit,HIPC,bernoulli,drop_0.25,19,361,4,10,hipc_h2_bernoulli_025,C:\Users\lottj\Desktop\research\decentralized benchmark\commitment-horizon-study\reference_core_benchmark_pilot\known_visit_10target_300.csv,02,21,2,1,21,1,2,0,0,0,0.0,0,0,57,44,13,121,24,17,8.1453,0.4791352941176471,0.4675,1.1671,1.1671,4.5839,0.2696411764705882,0.2285,0.9403,0.9403,17,3.5614,0.20949411764705883,0.1917,0.344,0.344,completed
101,known_visit,HIPC,bernoulli,drop_0.25,19,361,4,10,hipc_h2_bernoulli_025,C:\Users\lottj\Desktop\research\decentralized benchmark\commitment-horizon-study\reference_core_benchmark_pilot\known_visit_10target_300.csv,03,15,1,0,16,0,3,0,0,0,0.0,0,0,43,32,11,140,19,34,17.8601,0.5252970588235294,0.43805,1.0621,1.7362,10.4977,0.30875588235294116,0.23654999999999998,0.8246,1.345,34,7.3624,0.21654117647058824,0.20029999999999998,0.3336,0.3912,completed
102,known_visit,HIPC,bernoulli,drop_0.25,19,361,4,10,hipc_h2_bernoulli_025,C:\Users\lottj\Desktop\research\decentralized benchmark\commitment-horizon-study\reference_core_benchmark_pilot\known_visit_10target_300.csv,00,22,4,0,23,0,2,0,0,0,0.0,0,0,50,45,5,95,17,9,6.2299,0.6922111111111111,0.4282,2.1239,2.1239,4.2825,0.47583333333333333,0.2356,1.814,1.814,9,1.9474,0.21637777777777778,0.2096,0.3099,0.3099,completed
102,known_visit,HIPC,bernoulli,drop_0.25,19,361,4,10,hipc_h2_bernoulli_025,C:\Users\lottj\Desktop\research\decentralized benchmark\commitment-horizon-study\reference_core_benchmark_pilot\known_visit_10target_300.csv,01,17,1,2,16,2,0,0,0,0,0.0,0,0,47,36,11,96,18,22,9.6308,0.4377636363636364,0.3866,0.7509,0.9358,5.3239,0.24199545454545454,0.19340000000000002,0.5271,0.6792,22,4.3069,0.1957681818181818,0.18135,0.2566,0.3413,completed
102,known_visit,HIPC,bernoulli,drop_0.25,19,361,4,10,hipc_h2_bernoulli_025,C:\Users\lottj\Desktop\research\decentralized benchmark\commitment-horizon-study\reference_core_benchmark_pilot\known_visit_10target_300.csv,02,13,3,0,14,0,0,0,0,0,0.0,0,0,37,28,9,109,15,35,13.5348,0.38670857142857146,0.2877,1.3015,1.396,7.1097,0.2031342857142857,0.1109,1.0554,1.0717,35,6.4251,0.1835742857142857,0.1723,0.3406,0.3568,completed
102,known_visit,HIPC,bernoulli,drop_0.25,19,361,4,10,hipc_h2_bernoulli_025,C:\Users\lottj\Desktop\research\decentralized benchmark\commitment-horizon-study\reference_core_benchmark_pilot\known_visit_10target_300.csv,03,11,2,0,12,0,0,0,0,0,0.0,0,0,28,24,4,117,16,41,14.7168,0.35894634146341464,0.2736,0.8754,1.5875,6.9245,0.16889024390243904,0.1027,0.559,1.2137,41,7.7923,0.1900560975609756,0.1717,0.3164,0.4304,completed
103,known_visit,HIPC,bernoulli,drop_0.25,19,361,4,10,hipc_h2_bernoulli_025,C:\Users\lottj\Desktop\research\decentralized benchmark\commitment-horizon-study\reference_core_benchmark_pilot\known_visit_10target_300.csv,00,24,3,0,22,3,0,0,0,0,0.0,0,0,62,49,13,111,18,10,5.4922,0.54922,0.472,1.0971,1.0971,3.5474,0.35474,0.24275000000000002,0.8205,0.8205,10,1.9448,0.19448000000000001,0.1888,0.2801,0.2801,completed
103,known_visit,HIPC,bernoulli,drop_0.25,19,361,4,10,hipc_h2_bernoulli_025,C:\Users\lottj\Desktop\research\decentralized benchmark\commitment-horizon-study\reference_core_benchmark_pilot\known_visit_10target_300.csv,01,23,4,1,23,1,0,0,0,0,0.0,0,0,57,47,10,117,16,9,6.5343,0.7260333333333333,0.745,1.5341,1.5341,4.3928,0.4880888888888889,0.4678,1.3032,1.3032,9,2.1415,0.23794444444444446,0.2309,0.3366,0.3366,completed
103,known_visit,HIPC,bernoulli,drop_0.25,19,361,4,10,hipc_h2_bernoulli_025,C:\Users\lottj\Desktop\research\decentralized benchmark\commitment-horizon-study\reference_core_benchmark_pilot\known_visit_10target_300.csv,02,16,3,1,15,2,1,1,1,0,0.0,0,0,44,35,9,128,18,31,13.1833,0.42526774193548383,0.3249,1.4459,1.4726,7.843999999999999,0.2530322580645161,0.1495,1.1903,1.212,31,5.3393,0.17223548387096774,0.1722,0.2354,0.2823,completed
103,known_visit,HIPC,bernoulli,drop_0.25,19,361,4,10,hipc_h2_bernoulli_025,C:\Users\lottj\Desktop\research\decentralized benchmark\commitment-horizon-study\reference_core_benchmark_pilot\known_visit_10target_300.csv,03,8,0,0,9,0,1,2,2,0,0.0,0,0,28,21,7,139,24,53,21.8644,0.4125358490566038,0.3149,1.117,1.8556,12.9917,0.2451264150943396,0.1662,0.8173,1.6293,53,8.8727,0.16740943396226415,0.167,0.2734,0.3184,completed
104,known_visit,HIPC,bernoulli,drop_0.25,19,361,4,10,hipc_h2_bernoulli_025,C:\Users\lottj\Desktop\research\decentralized benchmark\commitment-horizon-study\reference_core_benchmark_pilot\known_visit_10target_300.csv,00,12,3,0,13,0,1,8,2,3,25.0,2,0,47,28,19,111,15,46,28.2631,0.6144152173913043,0.5026999999999999,1.3256,1.4027,18.2416,0.3965565217391304,0.3016,1.0814,1.1679,46,10.0215,0.21785869565217392,0.20695000000000002,0.2833,0.428,completed
104,known_visit,HIPC,bernoulli,drop_0.25,19,361,4,10,hipc_h2_bernoulli_025,C:\Users\lottj\Desktop\research\decentralized benchmark\commitment-horizon-study\reference_core_benchmark_pilot\known_visit_10target_300.csv,01,11,1,0,12,0,2,1,1,0,0.0,0,0,33,25,8,108,32,48,27.7966,0.5790958333333334,0.4754,1.2732,1.316,17.8882,0.37267083333333334,0.28105,1.0371,1.0796,48,9.9084,0.206425,0.20195,0.2733,0.3981,completed
104,known_visit,HIPC,bernoulli,drop_0.25,19,361,4,10,hipc_h2_bernoulli_025,C:\Users\lottj\Desktop\research\decentralized benchmark\commitment-horizon-study\reference_core_benchmark_pilot\known_visit_10target_300.csv,02,23,6,0,24,0,1,0,0,0,0.0,0,0,58,47,11,93,23,7,3.9545000000000003,0.5649285714285714,0.6215,0.7508,0.7508,2.5175,0.35964285714285715,0.4057,0.5149,0.5149,7,1.437,0.2052857142857143,0.2158,0.2359,0.2359,completed
104,known_visit,HIPC,bernoulli,drop_0.25,19,361,4,10,hipc_h2_bernoulli_025,C:\Users\lottj\Desktop\research\decentralized benchmark\commitment-horizon-study\reference_core_benchmark_pilot\known_visit_10target_300.csv,03,14,0,0,15,0,0,0,0,0,0.0,0,0,36,30,6,116,22,36,14.1799,0.3938861111111111,0.32330000000000003,0.8595,1.4144,7.4559,0.20710833333333334,0.14555,0.6223,1.1898,36,6.724,0.1867777777777778,0.1771,0.2518,0.2529,completed
105,known_visit,HIPC,bernoulli,drop_0.25,19,361,4,10,hipc_h2_bernoulli_025,C:\Users\lottj\Desktop\research\decentralized benchmark\commitment-horizon-study\reference_core_benchmark_pilot\known_visit_10target_300.csv,00,29,6,0,30,0,0,0,0,0,0.0,0,0,70,59,11,102,17,8,5.2987,0.6623375,0.70785,1.117,1.117,3.625,0.453125,0.48355000000000004,0.8759,0.8759,8,1.6737,0.2092125,0.21635,0.2411,0.2411,completed
105,known_visit,HIPC,bernoulli,drop_0.25,19,361,4,10,hipc_h2_bernoulli_025,C:\Users\lottj\Desktop\research\decentralized benchmark\commitment-horizon-study\reference_core_benchmark_pilot\known_visit_10target_300.csv,01,18,2,0,19,0,0,0,0,0,0.0,0,0,45,38,7,123,20,43,13.4901,0.3137232558139535,0.2214,0.8558,1.3782,7.3096,0.1699906976744186,0.0998,0.6232,1.157,43,6.1805,0.1437325581395349,0.1211,0.2212,0.2326,completed
105,known_visit,HIPC,bernoulli,drop_0.25,19,361,4,10,hipc_h2_bernoulli_025,C:\Users\lottj\Desktop\research\decentralized benchmark\commitment-horizon-study\reference_core_benchmark_pilot\known_visit_10target_300.csv,02,16,1,0,17,0,0,0,0,0,0.0,0,0,39,34,5,126,23,47,28.0611,0.5970446808510638,0.5097,0.929,1.0087,20.1445,0.42860638297872344,0.3654,0.682,0.7866,47,7.9166,0.1684382978723404,0.1437,0.247,0.3374,completed
105,known_visit,HIPC,bernoulli,drop_0.25,19,361,4,10,hipc_h2_bernoulli_025,C:\Users\lottj\Desktop\research\decentralized benchmark\commitment-horizon-study\reference_core_benchmark_pilot\known_visit_10target_300.csv,03,13,1,0,13,1,0,0,0,0,0.0,0,0,35,28,7,127,26,57,19.1673,0.3362684210526316,0.2634,0.7692,1.1565,10.7203,0.18807543859649123,0.1324,0.5429,0.9271,57,8.447,0.14819298245614035,0.1253,0.2323,0.2512,completed
106,known_visit,HIPC,bernoulli,drop_0.25,19,361,4,10,hipc_h2_bernoulli_025,C:\Users\lottj\Desktop\research\decentralized benchmark\commitment-horizon-study\reference_core_benchmark_pilot\known_visit_10target_300.csv,00,27,2,1,25,3,2,6,3,2,10.0,1,0,72,60,12,191,33,21,7.7286,0.3680285714285714,0.215,0.6635,1.6036,4.4739,0.21304285714285717,0.0923,0.4468,1.2536,21,3.2547,0.15498571428571428,0.1227,0.2394,0.35,completed
106,known_visit,HIPC,bernoulli,drop_0.25,19,361,4,10,hipc_h2_bernoulli_025,C:\Users\lottj\Desktop\research\decentralized benchmark\commitment-horizon-study\reference_core_benchmark_pilot\known_visit_10target_300.csv,01,29,2,2,26,4,1,0,0,0,0.0,0,0,67,60,7,203,26,17,6.6443,0.39084117647058825,0.2534,0.9902,0.9902,3.9853,0.2344294117647059,0.0942,0.7336,0.7336,17,2.659,0.15641176470588233,0.1427,0.3082,0.3082,completed
106,known_visit,HIPC,bernoulli,drop_0.25,19,361,4,10,hipc_h2_bernoulli_025,C:\Users\lottj\Desktop\research\decentralized benchmark\commitment-horizon-study\reference_core_benchmark_pilot\known_visit_10target_300.csv,02,29,4,1,29,1,1,0,0,0,0.0,0,0,75,60,15,184,37,16,8.7933,0.54958125,0.4702,1.1017,1.1017,5.6669,0.35418125,0.2518,0.927,0.927,16,3.1264,0.1954,0.22160000000000002,0.2316,0.2316,completed
106,known_visit,HIPC,bernoulli,drop_0.25,19,361,4,10,hipc_h2_bernoulli_025,C:\Users\lottj\Desktop\research\decentralized benchmark\commitment-horizon-study\reference_core_benchmark_pilot\known_visit_10target_300.csv,03,31,2,0,31,1,2,3,3,0,0.0,0,0,83,67,16,187,27,10,9.3827,0.9382699999999999,0.9625999999999999,1.9821,1.9821,7.0375,0.70375,0.739,1.5209,1.5209,10,2.3452,0.23452,0.21265,0.4612,0.4612,completed
107,known_visit,HIPC,bernoulli,drop_0.25,19,361,4,10,hipc_h2_bernoulli_025,C:\Users\lottj\Desktop\research\decentralized benchmark\commitment-horizon-study\reference_core_benchmark_pilot\known_visit_10target_300.csv,00,22,1,0,23,0,1,0,0,0,0.0,0,0,53,46,7,128,29,5,3.2332,0.64664,0.6085,0.928,0.928,2.1422,0.42844,0.4257,0.6811,0.6811,5,1.091,0.2182,0.2423,0.2573,0.2573,completed
107,known_visit,HIPC,bernoulli,drop_0.25,19,361,4,10,hipc_h2_bernoulli_025,C:\Users\lottj\Desktop\research\decentralized benchmark\commitment-horizon-study\reference_core_benchmark_pilot\known_visit_10target_300.csv,01,22,4,0,23,0,0,0,0,0,0.0,0,0,52,45,7,132,27,8,4.4881,0.5610125,0.5063,1.1466,1.1466,2.9415,0.3676875,0.32284999999999997,0.725,0.725,8,1.5466,0.193325,0.1619,0.4216,0.4216,completed
107,known_visit,HIPC,bernoulli,drop_0.25,19,361,4,10,hipc_h2_bernoulli_025,C:\Users\lottj\Desktop\research\decentralized benchmark\commitment-horizon-study\reference_core_benchmark_pilot\known_visit_10target_300.csv,02,19,2,0,20,0,1,0,0,0,0.0,0,0,49,40,9,136,26,15,11.3588,0.7572533333333333,0.6091,1.8093,1.8093,8.3525,0.5568333333333333,0.4506,1.54,1.54,15,3.0063,0.20042,0.1585,0.2693,0.2693,completed
107,known_visit,HIPC,bernoulli,drop_0.25,19,361,4,10,hipc_h2_bernoulli_025,C:\Users\lottj\Desktop\research\decentralized benchmark\commitment-horizon-study\reference_core_benchmark_pilot\known_visit_10target_300.csv,03,22,3,0,23,0,2,0,0,0,0.0,0,0,57,45,12,129,24,9,5.8056,0.6450666666666667,0.6185,1.2764,1.2764,3.9526999999999997,0.43918888888888885,0.3722,1.0352,1.0352,9,1.8529,0.20587777777777777,0.232,0.2532,0.2532,completed
108,known_visit,HIPC,bernoulli,drop_0.25,19,361,4,10,hipc_h2_bernoulli_025,C:\Users\lottj\Desktop\research\decentralized benchmark\commitment-horizon-study\reference_core_benchmark_pilot\known_visit_10target_300.csv,00,9,1,0,10,0,0,0,0,0,0.0,0,0,24,20,4,85,12,32,14.4113,0.450353125,0.33095,1.229,1.5064,8.9344,0.2792,0.18005,0.8284,1.2714,32,5.4769,0.171153125,0.13805,0.2852,0.4006,completed
108,known_visit,HIPC,bernoulli,drop_0.25,19,361,4,10,hipc_h2_bernoulli_025,C:\Users\lottj\Desktop\research\decentralized benchmark\commitment-horizon-study\reference_core_benchmark_pilot\known_visit_10target_300.csv,01,12,3,0,13,0,0,0,0,0,0.0,0,0,35,26,9,75,12,22,7.6026,0.34557272727272725,0.2417,0.9427,1.0067,3.9501,0.17955,0.1099,0.4964,0.7756,22,3.6525,0.16602272727272727,0.1278,0.2421,0.4463,completed
108,known_visit,HIPC,bernoulli,drop_0.25,19,361,4,10,hipc_h2_bernoulli_025,C:\Users\lottj\Desktop\research\decentralized benchmark\commitment-horizon-study\reference_core_benchmark_pilot\known_visit_10target_300.csv,02,5,2,0,6,0,0,0,0,0,0.0,0,0,19,12,7,84,18,42,23.3129,0.5550690476190476,0.3805,1.1452,1.4752,15.3944,0.3665333333333333,0.22175,0.8835,1.301,42,7.9185,0.18853571428571428,0.16005,0.2792,0.3938,completed
108,known_visit,HIPC,bernoulli,drop_0.25,19,361,4,10,hipc_h2_bernoulli_025,C:\Users\lottj\Desktop\research\decentralized benchmark\commitment-horizon-study\reference_core_benchmark_pilot\known_visit_10target_300.csv,03,17,4,0,18,0,2,0,0,0,0.0,0,0,44,35,9,67,11,10,6.2062,0.62062,0.37070000000000003,1.3816,1.3816,3.9623,0.39622999999999997,0.19115,1.1427,1.1427,10,2.2439,0.22439,0.21665,0.3893,0.3893,completed
109,known_visit,HIPC,bernoulli,drop_0.25,19,361,4,10,hipc_h2_bernoulli_025,C:\Users\lottj\Desktop\research\decentralized benchmark\commitment-horizon-study\reference_core_benchmark_pilot\known_visit_10target_300.csv,00,19,4,0,20,0,0,0,0,0,0.0,0,0,48,40,8,126,21,22,9.2093,0.4186045454545455,0.24195,1.3199,1.429,5.273000000000001,0.23968181818181822,0.1108,1.0294,1.2015,22,3.9363,0.1789227272727273,0.14645,0.2905,0.3283,completed
109,known_visit,HIPC,bernoulli,drop_0.25,19,361,4,10,hipc_h2_bernoulli_025,C:\Users\lottj\Desktop\research\decentralized benchmark\commitment-horizon-study\reference_core_benchmark_pilot\known_visit_10target_300.csv,01,20,3,0,21,0,1,0,0,0,0.0,0,0,51,42,9,118,26,19,9.4778,0.49883157894736846,0.413,1.0937,1.0937,5.9903,0.31527894736842105,0.2128,0.8849,0.8849,19,3.4875,0.18355263157894736,0.1665,0.2988,0.2988,completed
109,known_visit,HIPC,bernoulli,drop_0.25,19,361,4,10,hipc_h2_bernoulli_025,C:\Users\lottj\Desktop\research\decentralized benchmark\commitment-horizon-study\reference_core_benchmark_pilot\known_visit_10target_300.csv,02,24,2,0,25,0,0,0,0,0,0.0,0,0,58,49,9,116,22,7,4.5298,0.6471142857142856,0.6511,1.1328,1.1328,3.1559,0.45084285714285716,0.4859,0.898,0.898,7,1.3739000000000001,0.1962714285714286,0.2169,0.2348,0.2348,completed
109,known_visit,HIPC,bernoulli,drop_0.25,19,361,4,10,hipc_h2_bernoulli_025,C:\Users\lottj\Desktop\research\decentralized benchmark\commitment-horizon-study\reference_core_benchmark_pilot\known_visit_10target_300.csv,03,15,1,0,16,0,0,0,0,0,0.0,0,0,39,32,7,135,21,33,17.3061,0.5244272727272727,0.4737,0.853,0.8779,11.3996,0.3454424242424242,0.3159,0.6242,0.7214,33,5.9065,0.1789848484848485,0.1668,0.2868,0.301,completed
110,known_visit,HIPC,bernoulli,drop_0.25,19,361,4,10,hipc_h2_bernoulli_025,C:\Users\lottj\Desktop\research\decentralized benchmark\commitment-horizon-study\reference_core_benchmark_pilot\known_visit_10target_300.csv,00,17,3,0,18,0,0,0,0,0,0.0,0,0,44,36,8,111,23,14,8.3557,0.5968357142857144,0.5192,1.3353,1.3353,5.4299,0.38785,0.3064,1.0664,1.0664,14,2.9257999999999997,0.20898571428571427,0.20395,0.3056,0.3056,completed
110,known_visit,HIPC,bernoulli,drop_0.25,19,361,4,10,hipc_h2_bernoulli_025,C:\Users\lottj\Desktop\research\decentralized benchmark\commitment-horizon-study\reference_core_benchmark_pilot\known_visit_10target_300.csv,01,17,3,0,18,0,1,0,0,0,0.0,0,0,47,36,11,110,21,16,7.9004,0.493775,0.3745,0.849,0.849,4.6433,0.29020625,0.1701,0.5959,0.5959,16,3.2571,0.20356875,0.20095,0.3193,0.3193,completed
110,known_visit,HIPC,bernoulli,drop_0.25,19,361,4,10,hipc_h2_bernoulli_025,C:\Users\lottj\Desktop\research\decentralized benchmark\commitment-horizon-study\reference_core_benchmark_pilot\known_visit_10target_300.csv,02,19,3,0,18,2,0,1,1,0,0.0,0,0,51,40,11,110,18,9,5.5107,0.6123,0.5397,1.1242,1.1242,3.7075,0.41194444444444445,0.3407,0.8922,0.8922,9,1.8032,0.20035555555555554,0.2043,0.232,0.232,completed
110,known_visit,HIPC,bernoulli,drop_0.25,19,361,4,10,hipc_h2_bernoulli_025,C:\Users\lottj\Desktop\research\decentralized benchmark\commitment-horizon-study\reference_core_benchmark_pilot\known_visit_10target_300.csv,03,12,1,0,13,0,2,0,0,0,0.0,0,0,37,26,11,122,20,30,14.2547,0.47515666666666667,0.41295,0.981,1.2604,8.4049,0.2801633333333333,0.20365,0.748,1.026,30,5.8498,0.19499333333333332,0.20345000000000002,0.2553,0.257,completed
111,known_visit,HIPC,bernoulli,drop_0.25,19,361,4,10,hipc_h2_bernoulli_025,C:\Users\lottj\Desktop\research\decentralized benchmark\commitment-horizon-study\reference_core_benchmark_pilot\known_visit_10target_300.csv,00,23,1,0,24,0,1,0,0,0,0.0,0,0,58,47,11,97,22,5,3.7506,0.75012,0.5675,1.651,1.651,2.956,0.5912,0.4212,1.4511,1.4511,5,0.7946,0.15892,0.1492,0.1999,0.1999,completed
111,known_visit,HIPC,bernoulli,drop_0.25,19,361,4,10,hipc_h2_bernoulli_025,C:\Users\lottj\Desktop\research\decentralized benchmark\commitment-horizon-study\reference_core_benchmark_pilot\known_visit_10target_300.csv,01,17,5,0,18,0,0,0,0,0,0.0,0,0,46,36,10,116,15,26,9.9422,0.3823923076923077,0.37039999999999995,0.6505,0.9822,5.5538,0.2136076923076923,0.16785,0.5075,0.7414,26,4.3884,0.16878461538461537,0.16085,0.2408,0.267,completed
111,known_visit,HIPC,bernoulli,drop_0.25,19,361,4,10,hipc_h2_bernoulli_025,C:\Users\lottj\Desktop\research\decentralized benchmark\commitment-horizon-study\reference_core_benchmark_pilot\known_visit_10target_300.csv,02,23,3,0,24,0,0,0,0,0,0.0,0,0,52,47,5,108,18,8,3.7832,0.4729,0.40549999999999997,0.87,0.87,2.4388,0.30485,0.2002,0.7302,0.7302,8,1.3444,0.16805,0.15860000000000002,0.2262,0.2262,completed
111,known_visit,HIPC,bernoulli,drop_0.25,19,361,4,10,hipc_h2_bernoulli_025,C:\Users\lottj\Desktop\research\decentralized benchmark\commitment-horizon-study\reference_core_benchmark_pilot\known_visit_10target_300.csv,03,7,1,0,8,0,1,0,0,0,0.0,0,0,22,16,6,131,24,57,21.9091,0.3843701754385965,0.3626,0.6245,0.9091,12.7182,0.22312631578947367,0.2225,0.4129,0.6925,57,9.1909,0.1612438596491228,0.146,0.2171,0.2802,completed
112,known_visit,HIPC,bernoulli,drop_0.25,19,361,4,10,hipc_h2_bernoulli_025,C:\Users\lottj\Desktop\research\decentralized benchmark\commitment-horizon-study\reference_core_benchmark_pilot\known_visit_10target_300.csv,00,16,1,0,17,0,1,0,0,0,0.0,0,0,45,34,11,115,23,37,14.5039,0.39199729729729726,0.3343,1.0173,1.0221,7.4259,0.20070000000000002,0.1306,0.7234,0.8214,37,7.078,0.1912972972972973,0.1772,0.3062,0.3266,completed
112,known_visit,HIPC,bernoulli,drop_0.25,19,361,4,10,hipc_h2_bernoulli_025,C:\Users\lottj\Desktop\research\decentralized benchmark\commitment-horizon-study\reference_core_benchmark_pilot\known_visit_10target_300.csv,01,9,2,0,10,0,0,0,0,0,0.0,0,0,26,20,6,136,21,57,22.6278,0.39697894736842104,0.3657,0.7149,0.7804,13.214,0.23182456140350877,0.1975,0.5019,0.5639,57,9.4138,0.16515438596491228,0.1487,0.2546,0.2647,completed
112,known_visit,HIPC,bernoulli,drop_0.25,19,361,4,10,hipc_h2_bernoulli_025,C:\Users\lottj\Desktop\research\decentralized benchmark\commitment-horizon-study\reference_core_benchmark_pilot\known_visit_10target_300.csv,02,25,4,0,25,1,1,0,0,0,0.0,0,0,61,51,10,106,17,8,4.7312,0.5914,0.56885,0.9764,0.9764,3.2115,0.4014375,0.37,0.7956,0.7956,8,1.5197,0.1899625,0.17859999999999998,0.2973,0.2973,completed
112,known_visit,HIPC,bernoulli,drop_0.25,19,361,4,10,hipc_h2_bernoulli_025,C:\Users\lottj\Desktop\research\decentralized benchmark\commitment-horizon-study\reference_core_benchmark_pilot\known_visit_10target_300.csv,03,21,3,0,22,0,0,0,0,0,0.0,0,0,52,44,8,112,19,17,6.3685,0.37461764705882356,0.3128,0.9867,0.9867,3.4175,0.20102941176470587,0.1164,0.7593,0.7593,17,2.951,0.17358823529411765,0.1674,0.2676,0.2676,completed
113,known_visit,HIPC,bernoulli,drop_0.25,19,361,4,10,hipc_h2_bernoulli_025,C:\Users\lottj\Desktop\research\decentralized benchmark\commitment-horizon-study\reference_core_benchmark_pilot\known_visit_10target_300.csv,00,31,4,0,32,0,2,3,1,1,5.0,1,0,78,65,13,164,30,11,6.6022,0.6002,0.6845,0.9412,0.9412,4.4419,0.40380909090909095,0.4611,0.752,0.752,11,2.1603,0.1963909090909091,0.2127,0.2525,0.2525,completed
113,known_visit,HIPC,bernoulli,drop_0.25,19,361,4,10,hipc_h2_bernoulli_025,C:\Users\lottj\Desktop\research\decentralized benchmark\commitment-horizon-study\reference_core_benchmark_pilot\known_visit_10target_300.csv,01,26,2,1,24,3,2,0,0,0,0.0,0,0,63,54,9,179,29,22,9.8174,0.4462454545454545,0.2051,1.3823,1.4586,6.2705,0.28502272727272726,0.07675,1.1271,1.23,22,3.5469,0.16122272727272727,0.12725,0.2552,0.2743,completed
113,known_visit,HIPC,bernoulli,drop_0.25,19,361,4,10,hipc_h2_bernoulli_025,C:\Users\lottj\Desktop\research\decentralized benchmark\commitment-horizon-study\reference_core_benchmark_pilot\known_visit_10target_300.csv,02,30,1,0,27,4,2,1,1,0,0.0,0,0,71,62,9,177,23,10,6.7109,0.67109,0.6837500000000001,1.0545,1.0545,4.4655,0.44654999999999995,0.42005000000000003,0.8297,0.8297,10,2.2454,0.22454000000000002,0.22505,0.2893,0.2893,completed
113,known_visit,HIPC,bernoulli,drop_0.25,19,361,4,10,hipc_h2_bernoulli_025,C:\Users\lottj\Desktop\research\decentralized benchmark\commitment-horizon-study\reference_core_benchmark_pilot\known_visit_10target_300.csv,03,24,3,0,25,0,2,0,0,0,0.0,0,0,60,51,9,180,32,31,19.2528,0.6210580645161291,0.6169,1.0813,1.2648,13.6677,0.44089354838709677,0.3987,0.8555,1.0082,31,5.5851,0.18016451612903225,0.2155,0.2566,0.2791,completed
114,known_visit,HIPC,bernoulli,drop_0.25,19,361,4,10,hipc_h2_bernoulli_025,C:\Users\lottj\Desktop\research\decentralized benchmark\commitment-horizon-study\reference_core_benchmark_pilot\known_visit_10target_300.csv,00,26,3,0,26,1,1,1,1,0,0.0,0,0,71,55,16,140,22,10,8.906600000000001,0.8906600000000001,0.8911,1.5506,1.5506,6.7617,0.67617,0.6547000000000001,1.3225,1.3225,10,2.1449,0.21449,0.22375,0.2484,0.2484,completed
114,known_visit,HIPC,bernoulli,drop_0.25,19,361,4,10,hipc_h2_bernoulli_025,C:\Users\lottj\Desktop\research\decentralized benchmark\commitment-horizon-study\reference_core_benchmark_pilot\known_visit_10target_300.csv,01,21,3,0,22,0,3,0,0,0,0.0,0,0,57,44,13,150,25,28,13.3558,0.47699285714285716,0.37705,1.265,1.3014,7.5863,0.2709392857142857,0.15835,1.0331,1.0751,28,5.7695,0.20605357142857142,0.2198,0.2466,0.2683,completed
114,known_visit,HIPC,bernoulli,drop_0.25,19,361,4,10,hipc_h2_bernoulli_025,C:\Users\lottj\Desktop\research\decentralized benchmark\commitment-horizon-study\reference_core_benchmark_pilot\known_visit_10target_300.csv,02,18,2,0,19,0,1,0,0,0,0.0,0,0,46,38,8,159,27,33,16.5698,0.5021151515151515,0.4901,0.7889,0.9509,10.0428,0.3043272727272727,0.2853,0.5153,0.6757,33,6.527,0.1977878787878788,0.1881,0.2752,0.2755,completed
114,known_visit,HIPC,bernoulli,drop_0.25,19,361,4,10,hipc_h2_bernoulli_025,C:\Users\lottj\Desktop\research\decentralized benchmark\commitment-horizon-study\reference_core_benchmark_pilot\known_visit_10target_300.csv,03,24,2,0,25,0,0,0,0,0,0.0,0,0,59,50,9,144,29,15,6.9093,0.46062,0.3459,1.5384,1.5384,3.9577,0.2638466666666667,0.143,1.2915,1.2915,15,2.9516,0.19677333333333333,0.2049,0.2469,0.2469,completed
115,known_visit,HIPC,bernoulli,drop_0.25,19,361,4,10,hipc_h2_bernoulli_025,C:\Users\lottj\Desktop\research\decentralized benchmark\commitment-horizon-study\reference_core_benchmark_pilot\known_visit_10target_300.csv,00,20,2,0,21,0,0,0,0,0,0.0,0,0,44,41,3,95,20,5,2.5914,0.5182800000000001,0.4539,0.9235,0.9235,1.8552,0.37104,0.3079,0.7678,0.7678,5,0.7362,0.14723999999999998,0.146,0.158,0.158,completed
115,known_visit,HIPC,bernoulli,drop_0.25,19,361,4,10,hipc_h2_bernoulli_025,C:\Users\lottj\Desktop\research\decentralized benchmark\commitment-horizon-study\reference_core_benchmark_pilot\known_visit_10target_300.csv,01,9,2,0,10,0,0,0,0,0,0.0,0,0,27,20,7,113,19,40,15.650599999999999,0.391265,0.3887,0.6102,0.7453,9.6019,0.24004750000000002,0.25325,0.3986,0.5106,40,6.0487,0.1512175,0.13690000000000002,0.2175,0.2347,completed
115,known_visit,HIPC,bernoulli,drop_0.25,19,361,4,10,hipc_h2_bernoulli_025,C:\Users\lottj\Desktop\research\decentralized benchmark\commitment-horizon-study\reference_core_benchmark_pilot\known_visit_10target_300.csv,02,18,3,0,19,0,1,0,0,0,0.0,0,0,50,38,12,89,20,9,5.1354999999999995,0.5706111111111111,0.5673,1.007,1.007,3.6357,0.40396666666666664,0.384,0.7654,0.7654,9,1.4998,0.16664444444444446,0.1451,0.2818,0.2818,completed
115,known_visit,HIPC,bernoulli,drop_0.25,19,361,4,10,hipc_h2_bernoulli_025,C:\Users\lottj\Desktop\research\decentralized benchmark\commitment-horizon-study\reference_core_benchmark_pilot\known_visit_10target_300.csv,03,14,3,0,15,0,0,0,0,0,0.0,0,0,38,30,8,109,11,22,6.6665,0.3030227272727273,0.2057,0.66,1.0212,3.7169,0.16895,0.09559999999999999,0.4639,0.8549,22,2.9496,0.1340727272727273,0.11025,0.2015,0.3136,completed
116,known_visit,HIPC,bernoulli,drop_0.25,19,361,4,10,hipc_h2_bernoulli_025,C:\Users\lottj\Desktop\research\decentralized benchmark\commitment-horizon-study\reference_core_benchmark_pilot\known_visit_10target_300.csv,00,20,3,0,21,0,0,0,0,0,0.0,0,0,48,42,6,102,15,14,6.6106,0.47218571428571426,0.3254,1.3952,1.3952,3.8343,0.2738785714285714,0.13715,1.1731,1.1731,14,2.7763,0.19830714285714285,0.18355,0.2979,0.2979,completed
116,known_visit,HIPC,bernoulli,drop_0.25,19,361,4,10,hipc_h2_bernoulli_025,C:\Users\lottj\Desktop\research\decentralized benchmark\commitment-horizon-study\reference_core_benchmark_pilot\known_visit_10target_300.csv,01,14,2,0,15,0,0,0,0,0,0.0,0,0,34,30,4,105,26,34,15.8065,0.4648970588235294,0.3821,0.7611,0.8578,8.63,0.2538235294117647,0.196,0.4888,0.5484,34,7.1765,0.21107352941176472,0.1814,0.3084,0.3094,completed
116,known_visit,HIPC,bernoulli,drop_0.25,19,361,4,10,hipc_h2_bernoulli_025,C:\Users\lottj\Desktop\research\decentralized benchmark\commitment-horizon-study\reference_core_benchmark_pilot\known_visit_10target_300.csv,02,9,2,0,10,0,0,0,0,0,0.0,0,0,27,20,7,124,14,51,24.4098,0.4786235294117647,0.4978,0.8074,1.0725,14.0978,0.2764274509803921,0.2868,0.5848,0.8318,51,10.312,0.20219607843137255,0.1989,0.2914,0.3945,completed
116,known_visit,HIPC,bernoulli,drop_0.25,19,361,4,10,hipc_h2_bernoulli_025,C:\Users\lottj\Desktop\research\decentralized benchmark\commitment-horizon-study\reference_core_benchmark_pilot\known_visit_10target_300.csv,03,23,3,0,24,0,0,0,0,0,0.0,0,0,57,47,10,97,12,7,5.9346,0.8478,0.8412,1.3217,1.3217,4.2763,0.6109,0.6231,1.0866,1.0866,7,1.6583,0.23690000000000003,0.2351,0.3028,0.3028,completed
117,known_visit,HIPC,bernoulli,drop_0.25,19,361,4,10,hipc_h2_bernoulli_025,C:\Users\lottj\Desktop\research\decentralized benchmark\commitment-horizon-study\reference_core_benchmark_pilot\known_visit_10target_300.csv,00,18,3,0,18,1,0,0,0,0,0.0,0,0,44,38,6,154,24,22,8.8712,0.4032363636363636,0.31120000000000003,0.9262,1.5177,5.0656,0.23025454545454546,0.134,0.6543,1.2911,22,3.8056,0.17298181818181818,0.17659999999999998,0.2719,0.2864,completed
117,known_visit,HIPC,bernoulli,drop_0.25,19,361,4,10,hipc_h2_bernoulli_025,C:\Users\lottj\Desktop\research\decentralized benchmark\commitment-horizon-study\reference_core_benchmark_pilot\known_visit_10target_300.csv,01,19,1,0,20,0,2,0,0,0,0.0,0,0,52,40,12,142,28,23,9.961500000000001,0.43310869565217397,0.2826,1.4157,1.4547,5.8678,0.2551217391304348,0.1053,1.193,1.2142,23,4.0937,0.17798695652173913,0.1757,0.2588,0.2721,completed
117,known_visit,HIPC,bernoulli,drop_0.25,19,361,4,10,hipc_h2_bernoulli_025,C:\Users\lottj\Desktop\research\decentralized benchmark\commitment-horizon-study\reference_core_benchmark_pilot\known_visit_10target_300.csv,02,23,4,0,23,1,2,1,1,0,0.0,0,0,64,49,15,131,28,12,8.5685,0.7140416666666667,0.7607,1.4922,1.4922,6.2609,0.5217416666666667,0.5650999999999999,1.2651,1.2651,12,2.3076,0.1923,0.1874,0.2892,0.2892,completed
117,known_visit,HIPC,bernoulli,drop_0.25,19,361,4,10,hipc_h2_bernoulli_025,C:\Users\lottj\Desktop\research\decentralized benchmark\commitment-horizon-study\reference_core_benchmark_pilot\known_visit_10target_300.csv,03,23,2,0,24,0,3,0,0,0,0.0,0,0,63,47,16,139,20,12,9.8411,0.8200916666666668,0.87685,1.4381,1.4381,7.374,0.6144999999999999,0.61095,1.213,1.213,12,2.4671,0.20559166666666664,0.2145,0.285,0.285,completed
118,known_visit,HIPC,bernoulli,drop_0.25,19,361,4,10,hipc_h2_bernoulli_025,C:\Users\lottj\Desktop\research\decentralized benchmark\commitment-horizon-study\reference_core_benchmark_pilot\known_visit_10target_300.csv,00,32,2,0,31,2,0,2,2,0,0.0,0,0,75,65,10,170,32,7,5.0775,0.7253571428571428,0.6423,1.5961,1.5961,3.4557,0.4936714285714286,0.3942,1.3122,1.3122,7,1.6218,0.23168571428571427,0.2481,0.2839,0.2839,completed
118,known_visit,HIPC,bernoulli,drop_0.25,19,361,4,10,hipc_h2_bernoulli_025,C:\Users\lottj\Desktop\research\decentralized benchmark\commitment-horizon-study\reference_core_benchmark_pilot\known_visit_10target_300.csv,01,31,4,1,28,4,1,2,2,0,0.0,0,0,80,65,15,168,29,10,7.1483,0.71483,0.5887,1.2062,1.2062,4.9593,0.49593,0.37939999999999996,0.9328,0.9328,10,2.189,0.2189,0.21775,0.2734,0.2734,completed
118,known_visit,HIPC,bernoulli,drop_0.25,19,361,4,10,hipc_h2_bernoulli_025,C:\Users\lottj\Desktop\research\decentralized benchmark\commitment-horizon-study\reference_core_benchmark_pilot\known_visit_10target_300.csv,02,23,3,0,24,0,0,0,0,0,0.0,0,0,54,48,6,192,30,36,15.328100000000001,0.4257805555555556,0.3486,0.9562,1.7355,8.9313,0.24809166666666668,0.17845,0.7133,1.3876,36,6.3968,0.1776888888888889,0.17149999999999999,0.3102,0.3479,completed
118,known_visit,HIPC,bernoulli,drop_0.25,19,361,4,10,hipc_h2_bernoulli_025,C:\Users\lottj\Desktop\research\decentralized benchmark\commitment-horizon-study\reference_core_benchmark_pilot\known_visit_10target_300.csv,03,28,1,2,19,10,1,0,0,0,0.0,0,0,68,59,9,179,30,21,10.7794,0.5133047619047619,0.3504,1.2117,1.2733,6.8974,0.32844761904761904,0.1518,0.9379,1.0158,21,3.882,0.18485714285714286,0.1922,0.2738,0.316,completed
119,known_visit,HIPC,bernoulli,drop_0.25,19,361,4,10,hipc_h2_bernoulli_025,C:\Users\lottj\Desktop\research\decentralized benchmark\commitment-horizon-study\reference_core_benchmark_pilot\known_visit_10target_300.csv,00,6,1,0,7,0,0,0,0,0,0.0,0,0,19,14,5,125,25,67,35.0048,0.5224597014925374,0.5028,0.9018,1.1316,23.1071,0.3448820895522388,0.3518,0.6471,0.9577,67,11.8977,0.1775776119402985,0.161,0.2623,0.3532,completed
119,known_visit,HIPC,bernoulli,drop_0.25,19,361,4,10,hipc_h2_bernoulli_025,C:\Users\lottj\Desktop\research\decentralized benchmark\commitment-horizon-study\reference_core_benchmark_pilot\known_visit_10target_300.csv,01,19,3,0,20,0,1,0,0,0,0.0,0,0,53,40,13,102,14,22,10.4237,0.4738045454545455,0.39390000000000003,0.9669,1.051,6.3855,0.29025,0.2217,0.7385,0.7416,22,4.0382,0.18355454545454544,0.1771,0.2862,0.3094,completed
119,known_visit,HIPC,bernoulli,drop_0.25,19,361,4,10,hipc_h2_bernoulli_025,C:\Users\lottj\Desktop\research\decentralized benchmark\commitment-horizon-study\reference_core_benchmark_pilot\known_visit_10target_300.csv,02,15,2,0,16,0,1,0,0,0,0.0,0,0,40,32,8,116,13,38,16.479400000000002,0.43366842105263165,0.3526,1.0993,1.3706,9.5364,0.2509578947368421,0.17545,0.926,1.1385,38,6.943,0.18271052631578946,0.17325000000000002,0.2911,0.3021,completed
119,known_visit,HIPC,bernoulli,drop_0.25,19,361,4,10,hipc_h2_bernoulli_025,C:\Users\lottj\Desktop\research\decentralized benchmark\commitment-horizon-study\reference_core_benchmark_pilot\known_visit_10target_300.csv,03,25,4,0,26,0,0,0,0,0,0.0,0,0,58,51,7,99,13,9,5.0715,0.5635,0.5049,1.2081,1.2081,3.2897,0.3655222222222222,0.2953,0.9162,0.9162,9,1.7818,0.19797777777777778,0.1808,0.2919,0.2919,completed
120,known_visit,HIPC,bernoulli,drop_0.25,19,361,4,10,hipc_h2_bernoulli_025,C:\Users\lottj\Desktop\research\decentralized benchmark\commitment-horizon-study\reference_core_benchmark_pilot\known_visit_10target_300.csv,00,18,3,0,19,0,0,0,0,0,0.0,0,0,44,38,6,103,18,12,6.1602,0.51335,0.43479999999999996,1.0265,1.0265,3.8803,0.32335833333333336,0.2376,0.7261,0.7261,12,2.2799,0.18999166666666667,0.1874,0.3114,0.3114,completed
120,known_visit,HIPC,bernoulli,drop_0.25,19,361,4,10,hipc_h2_bernoulli_025,C:\Users\lottj\Desktop\research\decentralized benchmark\commitment-horizon-study\reference_core_benchmark_pilot\known_visit_10target_300.csv,01,10,2,0,11,0,0,0,0,0,0.0,0,0,26,22,4,124,15,35,17.346,0.4956,0.4872,0.8974,1.059,10.564400000000001,0.30184000000000005,0.2913,0.593,0.7521,35,6.7816,0.19376000000000002,0.1928,0.305,0.3069,completed
120,known_visit,HIPC,bernoulli,drop_0.25,19,361,4,10,hipc_h2_bernoulli_025,C:\Users\lottj\Desktop\research\decentralized benchmark\commitment-horizon-study\reference_core_benchmark_pilot\known_visit_10target_300.csv,02,20,2,0,21,0,2,0,0,0,0.0,0,0,52,41,11,94,20,9,6.69,0.7433333333333334,0.7069,1.6489,1.6489,4.6186,0.5131777777777777,0.4107,1.3883,1.3883,9,2.0714,0.23015555555555556,0.2331,0.3029,0.3029,completed
120,known_visit,HIPC,bernoulli,drop_0.25,19,361,4,10,hipc_h2_bernoulli_025,C:\Users\lottj\Desktop\research\decentralized benchmark\commitment-horizon-study\reference_core_benchmark_pilot\known_visit_10target_300.csv,03,16,3,0,17,0,1,0,0,0,0.0,0,0,44,34,10,102,19,17,7.5179,0.44222941176470587,0.2596,1.6887,1.6887,4.5824,0.26955294117647055,0.1198,1.3731,1.3731,17,2.9355,0.17267647058823532,0.1398,0.3156,0.3156,completed
121,known_visit,HIPC,bernoulli,drop_0.25,19,361,4,10,hipc_h2_bernoulli_025,C:\Users\lottj\Desktop\research\decentralized benchmark\commitment-horizon-study\reference_core_benchmark_pilot\known_visit_10target_300.csv,00,16,5,0,17,0,0,0,0,0,0.0,0,0,42,33,9,94,14,7,5.272,0.7531428571428572,0.7374,1.6245,1.6245,3.8643,0.5520428571428572,0.5033,1.3851,1.3851,7,1.4077,0.2011,0.2105,0.2394,0.2394,completed
121,known_visit,HIPC,bernoulli,drop_0.25,19,361,4,10,hipc_h2_bernoulli_025,C:\Users\lottj\Desktop\research\decentralized benchmark\commitment-horizon-study\reference_core_benchmark_pilot\known_visit_10target_300.csv,01,15,2,0,16,0,0,0,0,0,0.0,0,0,37,32,5,97,16,9,6.1425,0.6825,0.5193,1.4283,1.4283,4.2682,0.47424444444444447,0.3105,1.1365,1.1365,9,1.8743,0.20825555555555555,0.2189,0.2942,0.2942,completed
121,known_visit,HIPC,bernoulli,drop_0.25,19,361,4,10,hipc_h2_bernoulli_025,C:\Users\lottj\Desktop\research\decentralized benchmark\commitment-horizon-study\reference_core_benchmark_pilot\known_visit_10target_300.csv,02,16,2,0,17,0,1,0,0,0,0.0,0,0,42,33,9,92,15,8,6.7421,0.8427625,0.7302500000000001,2.4366,2.4366,4.7491,0.5936375,0.47875,1.9373,1.9373,8,1.993,0.249125,0.2208,0.4993,0.4993,completed
121,known_visit,HIPC,bernoulli,drop_0.25,19,361,4,10,hipc_h2_bernoulli_025,C:\Users\lottj\Desktop\research\decentralized benchmark\commitment-horizon-study\reference_core_benchmark_pilot\known_visit_10target_300.csv,03,10,1,0,11,0,0,0,0,0,0.0,0,0,29,22,7,106,14,25,14.7975,0.5919,0.4986,1.3352,1.4286,10.2354,0.409416,0.3441,1.0327,1.1805,25,4.5621,0.182484,0.1505,0.2499,0.3025,completed
122,known_visit,HIPC,bernoulli,drop_0.25,19,361,4,10,hipc_h2_bernoulli_025,C:\Users\lottj\Desktop\research\decentralized benchmark\commitment-horizon-study\reference_core_benchmark_pilot\known_visit_10target_300.csv,00,27,4,0,28,0,0,0,0,0,0.0,0,0,66,55,11,130,14,7,3.9535,0.5647857142857143,0.5674,1.0356,1.0356,2.5223,0.36032857142857144,0.3447,0.7484,0.7484,7,1.4312,0.20445714285714287,0.2071,0.2872,0.2872,completed
122,known_visit,HIPC,bernoulli,drop_0.25,19,361,4,10,hipc_h2_bernoulli_025,C:\Users\lottj\Desktop\research\decentralized benchmark\commitment-horizon-study\reference_core_benchmark_pilot\known_visit_10target_300.csv,01,21,3,0,22,0,0,0,0,0,0.0,0,0,50,44,6,135,24,24,12.039200000000001,0.5016333333333334,0.48360000000000003,0.8262,1.021,7.6456,0.31856666666666666,0.2873,0.627,0.7929,24,4.3936,0.18306666666666668,0.1906,0.2342,0.2373,completed
122,known_visit,HIPC,bernoulli,drop_0.25,19,361,4,10,hipc_h2_bernoulli_025,C:\Users\lottj\Desktop\research\decentralized benchmark\commitment-horizon-study\reference_core_benchmark_pilot\known_visit_10target_300.csv,02,21,1,1,16,6,2,0,0,0,0.0,0,0,56,45,11,131,22,29,14.7881,0.5099344827586207,0.441,0.965,1.1026,9.3061,0.3209,0.1865,0.7407,0.8537,29,5.482,0.1890344827586207,0.1708,0.2769,0.3068,completed
122,known_visit,HIPC,bernoulli,drop_0.25,19,361,4,10,hipc_h2_bernoulli_025,C:\Users\lottj\Desktop\research\decentralized benchmark\commitment-horizon-study\reference_core_benchmark_pilot\known_visit_10target_300.csv,03,15,2,0,16,0,0,0,0,0,0.0,0,0,38,32,6,146,25,46,24.9286,0.5419260869565218,0.49060000000000004,0.8546,0.8791,15.5835,0.3387717391304348,0.2635,0.5991,0.6652,46,9.3451,0.20315434782608696,0.20515,0.2857,0.304,completed
123,known_visit,HIPC,bernoulli,drop_0.25,19,361,4,10,hipc_h2_bernoulli_025,C:\Users\lottj\Desktop\research\decentralized benchmark\commitment-horizon-study\reference_core_benchmark_pilot\known_visit_10target_300.csv,00,28,3,0,29,0,1,0,0,0,0.0,0,0,66,57,9,138,28,10,6.3794,0.6379400000000001,0.5142,1.577,1.577,4.2223,0.42223,0.30874999999999997,1.3155,1.3155,10,2.1571000000000002,0.21571,0.20045000000000002,0.2987,0.2987,completed
123,known_visit,HIPC,bernoulli,drop_0.25,19,361,4,10,hipc_h2_bernoulli_025,C:\Users\lottj\Desktop\research\decentralized benchmark\commitment-horizon-study\reference_core_benchmark_pilot\known_visit_10target_300.csv,01,27,3,0,28,0,3,0,0,0,0.0,0,0,69,55,14,134,28,10,7.899900000000001,0.7899900000000001,0.6708000000000001,1.4635,1.4635,5.6517,0.56517,0.4062,1.2006,1.2006,10,2.2482,0.22482000000000002,0.19685000000000002,0.4169,0.4169,completed
123,known_visit,HIPC,bernoulli,drop_0.25,19,361,4,10,hipc_h2_bernoulli_025,C:\Users\lottj\Desktop\research\decentralized benchmark\commitment-horizon-study\reference_core_benchmark_pilot\known_visit_10target_300.csv,02,22,3,1,20,3,3,1,1,0,0.0,0,0,62,47,15,146,23,26,14.99,0.5765384615384616,0.5104500000000001,1.001,1.4552,9.5891,0.36881153846153847,0.28064999999999996,0.7125,1.1826,26,5.4009,0.2077269230769231,0.2163,0.2885,0.3235,completed
123,known_visit,HIPC,bernoulli,drop_0.25,19,361,4,10,hipc_h2_bernoulli_025,C:\Users\lottj\Desktop\research\decentralized benchmark\commitment-horizon-study\reference_core_benchmark_pilot\known_visit_10target_300.csv,03,14,1,0,15,0,0,0,0,0,0.0,0,0,35,30,5,170,27,53,19.8745,0.3749905660377359,0.3425,0.5643,1.475,10.2478,0.19335471698113207,0.1528,0.3916,1.2321,53,9.6267,0.18163584905660377,0.1681,0.2567,0.3456,completed
124,known_visit,HIPC,bernoulli,drop_0.25,19,361,4,10,hipc_h2_bernoulli_025,C:\Users\lottj\Desktop\research\decentralized benchmark\commitment-horizon-study\reference_core_benchmark_pilot\known_visit_10target_300.csv,00,11,3,0,12,0,0,0,0,0,0.0,0,0,30,24,6,111,18,35,17.1191,0.48911714285714286,0.4731,0.8939,0.9429,9.9118,0.2831942857142857,0.2479,0.6218,0.6629,35,7.2073,0.20592285714285716,0.2261,0.28,0.3107,completed
124,known_visit,HIPC,bernoulli,drop_0.25,19,361,4,10,hipc_h2_bernoulli_025,C:\Users\lottj\Desktop\research\decentralized benchmark\commitment-horizon-study\reference_core_benchmark_pilot\known_visit_10target_300.csv,01,14,1,0,14,1,1,0,0,0,0.0,0,0,37,31,6,111,12,29,24.1581,0.8330379310344828,0.8581,1.5973,1.8069,16.3439,0.5635827586206897,0.6034,1.1278,1.3578,29,7.8142000000000005,0.26945517241379313,0.2395,0.3495,1.1867,completed
124,known_visit,HIPC,bernoulli,drop_0.25,19,361,4,10,hipc_h2_bernoulli_025,C:\Users\lottj\Desktop\research\decentralized benchmark\commitment-horizon-study\reference_core_benchmark_pilot\known_visit_10target_300.csv,02,15,2,0,16,0,1,1,1,0,0.0,0,0,44,33,11,97,18,22,14.5845,0.6629318181818182,0.5726500000000001,1.424,1.536,9.0273,0.4103318181818182,0.29995,1.1308,1.2755,22,5.5572,0.2526,0.26034999999999997,0.3516,0.3642,completed
124,known_visit,HIPC,bernoulli,drop_0.25,19,361,4,10,hipc_h2_bernoulli_025,C:\Users\lottj\Desktop\research\decentralized benchmark\commitment-horizon-study\reference_core_benchmark_pilot\known_visit_10target_300.csv,03,21,4,0,22,0,2,0,0,0,0.0,0,0,49,43,6,100,11,8,9.3607,1.1700875,1.16105,1.8756,1.8756,7.061,0.882625,0.8936,1.5823,1.5823,8,2.2997,0.2874625,0.2757,0.401,0.401,completed
125,known_visit,HIPC,bernoulli,drop_0.25,19,361,4,10,hipc_h2_bernoulli_025,C:\Users\lottj\Desktop\research\decentralized benchmark\commitment-horizon-study\reference_core_benchmark_pilot\known_visit_10target_300.csv,00,20,3,0,21,0,0,0,0,0,0.0,0,0,48,42,6,150,27,49,14.8275,0.3026020408163265,0.2669,0.4587,1.7229,7.4432,0.15190204081632652,0.1017,0.2463,1.4623,49,7.3843,0.1507,0.1218,0.2124,0.2606,completed
125,known_visit,HIPC,bernoulli,drop_0.25,19,361,4,10,hipc_h2_bernoulli_025,C:\Users\lottj\Desktop\research\decentralized benchmark\commitment-horizon-study\reference_core_benchmark_pilot\known_visit_10target_300.csv,01,8,1,0,9,0,0,0,0,0,0.0,0,0,26,18,8,171,28,90,44.9679,0.49964333333333333,0.37534999999999996,0.8816,0.963,28.5682,0.31742444444444445,0.20435,0.6257,0.7089,90,16.3997,0.18221888888888887,0.17995,0.2612,0.3055,completed
125,known_visit,HIPC,bernoulli,drop_0.25,19,361,4,10,hipc_h2_bernoulli_025,C:\Users\lottj\Desktop\research\decentralized benchmark\commitment-horizon-study\reference_core_benchmark_pilot\known_visit_10target_300.csv,02,29,5,0,30,0,0,0,0,0,0.0,0,0,71,60,11,137,17,20,8.3581,0.417905,0.3147,0.8483,1.111,4.7513,0.23756499999999997,0.1349,0.6021,0.8722,20,3.6068,0.18034,0.17575,0.2388,0.2462,completed
125,known_visit,HIPC,bernoulli,drop_0.25,19,361,4,10,hipc_h2_bernoulli_025,C:\Users\lottj\Desktop\research\decentralized benchmark\commitment-horizon-study\reference_core_benchmark_pilot\known_visit_10target_300.csv,03,33,1,1,25,9,5,0,0,0,0.0,0,0,81,67,14,122,23,12,5.628,0.46900000000000003,0.3765,0.9783,0.9783,3.4303,0.2858583333333333,0.1943,0.7199,0.7199,12,2.1977,0.18314166666666667,0.16795,0.2753,0.2753,completed
126,known_visit,HIPC,bernoulli,drop_0.25,19,361,4,10,hipc_h2_bernoulli_025,C:\Users\lottj\Desktop\research\decentralized benchmark\commitment-horizon-study\reference_core_benchmark_pilot\known_visit_10target_300.csv,00,16,2,0,17,0,0,0,0,0,0.0,0,0,44,34,10,150,17,39,17.9977,0.4614794871794871,0.3853,1.1663,1.4644,9.9745,0.25575641025641027,0.1726,0.905,1.2158,39,8.0232,0.2057230769230769,0.2031,0.2987,0.3642,completed
126,known_visit,HIPC,bernoulli,drop_0.25,19,361,4,10,hipc_h2_bernoulli_025,C:\Users\lottj\Desktop\research\decentralized benchmark\commitment-horizon-study\reference_core_benchmark_pilot\known_visit_10target_300.csv,01,26,5,0,27,0,0,0,0,0,0.0,0,0,62,53,9,130,20,8,6.3427999999999995,0.7928499999999999,0.6508499999999999,1.819,1.819,4.5706999999999995,0.5713374999999999,0.42025,1.5614,1.5614,8,1.7721,0.2215125,0.24305,0.2651,0.2651,completed
126,known_visit,HIPC,bernoulli,drop_0.25,19,361,4,10,hipc_h2_bernoulli_025,C:\Users\lottj\Desktop\research\decentralized benchmark\commitment-horizon-study\reference_core_benchmark_pilot\known_visit_10target_300.csv,02,18,2,0,19,0,0,0,0,0,0.0,0,0,46,38,8,143,22,32,15.3792,0.4806,0.4406,0.9109,0.9141,8.9399,0.279371875,0.22875,0.6537,0.6576,32,6.4393,0.201228125,0.2015,0.2604,0.2674,completed
126,known_visit,HIPC,bernoulli,drop_0.25,19,361,4,10,hipc_h2_bernoulli_025,C:\Users\lottj\Desktop\research\decentralized benchmark\commitment-horizon-study\reference_core_benchmark_pilot\known_visit_10target_300.csv,03,26,1,0,27,0,2,4,2,1,5.0,1,0,60,54,6,130,22,9,5.5757,0.6195222222222223,0.4625,1.6863,1.6863,3.6637,0.40707777777777776,0.2644,1.4118,1.4118,9,1.9120000000000001,0.21244444444444446,0.2039,0.2745,0.2745,completed
127,known_visit,HIPC,bernoulli,drop_0.25,19,361,4,10,hipc_h2_bernoulli_025,C:\Users\lottj\Desktop\research\decentralized benchmark\commitment-horizon-study\reference_core_benchmark_pilot\known_visit_10target_300.csv,00,9,1,0,10,0,0,0,0,0,0.0,0,0,26,20,6,121,14,68,38.6378,0.5682029411764705,0.5691999999999999,0.7563,2.1185,24.7811,0.3644279411764706,0.33725,0.498,1.8193,68,13.8567,0.203775,0.21475,0.2802,0.3055,completed
127,known_visit,HIPC,bernoulli,drop_0.25,19,361,4,10,hipc_h2_bernoulli_025,C:\Users\lottj\Desktop\research\decentralized benchmark\commitment-horizon-study\reference_core_benchmark_pilot\known_visit_10target_300.csv,01,28,3,0,29,0,0,0,0,0,0.0,0,0,62,57,5,84,16,8,5.5710999999999995,0.6963874999999999,0.6509,1.7587,1.7587,3.9084,0.48855,0.4206,1.4808,1.4808,8,1.6627,0.2078375,0.19035000000000002,0.2822,0.2822,completed
127,known_visit,HIPC,bernoulli,drop_0.25,19,361,4,10,hipc_h2_bernoulli_025,C:\Users\lottj\Desktop\research\decentralized benchmark\commitment-horizon-study\reference_core_benchmark_pilot\known_visit_10target_300.csv,02,9,1,0,10,0,0,0,0,0,0.0,0,0,26,20,6,114,21,69,41.3021,0.5985811594202899,0.6043,0.79,1.2858,26.8665,0.3893695652173913,0.3952,0.5798,1.0183,69,14.435599999999999,0.20921159420289853,0.2099,0.2675,0.4453,completed
127,known_visit,HIPC,bernoulli,drop_0.25,19,361,4,10,hipc_h2_bernoulli_025,C:\Users\lottj\Desktop\research\decentralized benchmark\commitment-horizon-study\reference_core_benchmark_pilot\known_visit_10target_300.csv,03,18,5,0,19,0,0,0,0,0,0.0,0,0,48,38,10,98,15,40,14.7263,0.3681575,0.32289999999999996,0.5668,1.4475,7.1444,0.17861,0.1242,0.34,1.0856,40,7.5819,0.1895475,0.18309999999999998,0.3117,0.395,completed
128,known_visit,HIPC,bernoulli,drop_0.25,19,361,4,10,hipc_h2_bernoulli_025,C:\Users\lottj\Desktop\research\decentralized benchmark\commitment-horizon-study\reference_core_benchmark_pilot\known_visit_10target_300.csv,00,28,3,0,29,0,0,0,0,0,0.0,0,0,64,57,7,147,24,7,4.4498,0.6356857142857143,0.5459,1.4721,1.4721,2.894,0.4134285714285714,0.2847,1.2008,1.2008,7,1.5558,0.22225714285714288,0.2408,0.2713,0.2713,completed
128,known_visit,HIPC,bernoulli,drop_0.25,19,361,4,10,hipc_h2_bernoulli_025,C:\Users\lottj\Desktop\research\decentralized benchmark\commitment-horizon-study\reference_core_benchmark_pilot\known_visit_10target_300.csv,01,29,3,2,26,4,3,0,0,0,0.0,0,0,73,59,14,140,23,10,8.1816,0.81816,0.7276,1.5531,1.5531,5.8584,0.5858399999999999,0.51835,1.216,1.216,10,2.3232,0.23232,0.23049999999999998,0.3959,0.3959,completed
128,known_visit,HIPC,bernoulli,drop_0.25,19,361,4,10,hipc_h2_bernoulli_025,C:\Users\lottj\Desktop\research\decentralized benchmark\commitment-horizon-study\reference_core_benchmark_pilot\known_visit_10target_300.csv,02,21,1,1,18,4,1,1,1,0,0.0,0,0,54,45,9,155,27,30,13.6366,0.4545533333333333,0.38075000000000003,1.0528,1.1866,7.4567000000000005,0.24855666666666668,0.1582,0.7841,0.937,30,6.1799,0.20599666666666666,0.1966,0.2687,0.2743,completed
128,known_visit,HIPC,bernoulli,drop_0.25,19,361,4,10,hipc_h2_bernoulli_025,C:\Users\lottj\Desktop\research\decentralized benchmark\commitment-horizon-study\reference_core_benchmark_pilot\known_visit_10target_300.csv,03,17,3,0,18,0,1,0,0,0,0.0,0,0,45,36,9,163,27,43,24.0723,0.5598209302325581,0.5305,0.7432,1.8445,15.0679,0.3504162790697674,0.3198,0.4885,1.5656,43,9.0044,0.2094046511627907,0.2067,0.2561,0.2879,completed
129,known_visit,HIPC,bernoulli,drop_0.25,19,361,4,10,hipc_h2_bernoulli_025,C:\Users\lottj\Desktop\research\decentralized benchmark\commitment-horizon-study\reference_core_benchmark_pilot\known_visit_10target_300.csv,00,18,0,3,13,6,1,0,0,0,0.0,0,0,48,38,10,145,32,37,20.887,0.5645135135135135,0.581,1.3403,1.6284,13.413,0.3625135135135135,0.3478,1.0374,1.3219,37,7.474,0.202,0.2143,0.3044,0.3065,completed
129,known_visit,HIPC,bernoulli,drop_0.25,19,361,4,10,hipc_h2_bernoulli_025,C:\Users\lottj\Desktop\research\decentralized benchmark\commitment-horizon-study\reference_core_benchmark_pilot\known_visit_10target_300.csv,01,20,4,1,20,1,0,0,0,0,0.0,0,0,53,42,11,142,29,28,14.2355,0.5084107142857143,0.3705,1.2547,1.7714,7.8228,0.2793857142857143,0.1376,1.0231,1.4846,28,6.4127,0.229025,0.2319,0.2868,0.2896,completed
129,known_visit,HIPC,bernoulli,drop_0.25,19,361,4,10,hipc_h2_bernoulli_025,C:\Users\lottj\Desktop\research\decentralized benchmark\commitment-horizon-study\reference_core_benchmark_pilot\known_visit_10target_300.csv,02,26,4,0,27,0,2,1,1,0,0.0,0,0,66,54,12,135,23,9,7.3282,0.8142444444444444,0.704,1.3293,1.3293,5.0382,0.5598,0.5331,1.0331,1.0331,9,2.29,0.2544444444444445,0.2444,0.3205,0.3205,completed
129,known_visit,HIPC,bernoulli,drop_0.25,19,361,4,10,hipc_h2_bernoulli_025,C:\Users\lottj\Desktop\research\decentralized benchmark\commitment-horizon-study\reference_core_benchmark_pilot\known_visit_10target_300.csv,03,25,2,1,23,3,1,0,0,0,0.0,0,0,58,52,6,138,28,11,6.4955,0.5905,0.4792,1.3465,1.3465,4.0386,0.3671454545454545,0.2337,1.0547,1.0547,11,2.4569,0.22335454545454547,0.2336,0.2918,0.2918,completed
130,known_visit,HIPC,bernoulli,drop_0.25,19,361,4,10,hipc_h2_bernoulli_025,C:\Users\lottj\Desktop\research\decentralized benchmark\commitment-horizon-study\reference_core_benchmark_pilot\known_visit_10target_300.csv,00,34,4,0,35,0,0,0,0,0,0.0,0,0,77,69,8,151,18,8,5.9825,0.7478125,0.5392,1.8751,1.8751,4.1793,0.5224125,0.34340000000000004,1.5807,1.5807,8,1.8032,0.2254,0.23120000000000002,0.2944,0.2944,completed
130,known_visit,HIPC,bernoulli,drop_0.25,19,361,4,10,hipc_h2_bernoulli_025,C:\Users\lottj\Desktop\research\decentralized benchmark\commitment-horizon-study\reference_core_benchmark_pilot\known_visit_10target_300.csv,01,24,1,1,23,2,1,0,0,0,0.0,0,0,56,50,6,158,31,40,17.0895,0.42723750000000005,0.3993,0.7643,0.991,9.7815,0.2445375,0.20775,0.5161,0.7375,40,7.308,0.1827,0.17225000000000001,0.2677,0.293,completed
130,known_visit,HIPC,bernoulli,drop_0.25,19,361,4,10,hipc_h2_bernoulli_025,C:\Users\lottj\Desktop\research\decentralized benchmark\commitment-horizon-study\reference_core_benchmark_pilot\known_visit_10target_300.csv,02,25,5,0,26,0,0,0,0,0,0.0,0,0,62,52,10,160,23,37,12.515,0.3382432432432433,0.2232,0.9107,1.3129,6.6322,0.17924864864864865,0.0871,0.6541,1.0336,37,5.8828,0.15899459459459458,0.1402,0.2709,0.2793,completed
130,known_visit,HIPC,bernoulli,drop_0.25,19,361,4,10,hipc_h2_bernoulli_025,C:\Users\lottj\Desktop\research\decentralized benchmark\commitment-horizon-study\reference_core_benchmark_pilot\known_visit_10target_300.csv,03,17,0,2,15,3,2,1,1,0,0.0,0,0,51,38,13,163,31,62,37.8748,0.610883870967742,0.4476,1.3607,1.6733,25.1465,0.40558870967741933,0.25225,1.0829,1.4111,62,12.7283,0.2052951612903226,0.20665,0.327,0.4121,completed
131,known_visit,HIPC,bernoulli,drop_0.25,19,361,4,10,hipc_h2_bernoulli_025,C:\Users\lottj\Desktop\research\decentralized benchmark\commitment-horizon-study\reference_core_benchmark_pilot\known_visit_10target_300.csv,00,34,4,0,33,2,0,1,1,0,0.0,0,0,79,69,10,168,30,9,6.7616,0.7512888888888889,0.5765,1.9053,1.9053,4.5594,0.5066,0.3362,1.4575,1.4575,9,2.2022,0.24468888888888887,0.2367,0.4478,0.4478,completed
131,known_visit,HIPC,bernoulli,drop_0.25,19,361,4,10,hipc_h2_bernoulli_025,C:\Users\lottj\Desktop\research\decentralized benchmark\commitment-horizon-study\reference_core_benchmark_pilot\known_visit_10target_300.csv,01,29,3,1,29,1,0,1,1,0,0.0,0,0,74,61,13,175,29,23,11.7732,0.5118782608695652,0.3929,0.9067,1.476,6.4336,0.2797217391304348,0.154,0.6708,1.2236,23,5.3396,0.23215652173913043,0.2256,0.2687,0.614,completed
131,known_visit,HIPC,bernoulli,drop_0.25,19,361,4,10,hipc_h2_bernoulli_025,C:\Users\lottj\Desktop\research\decentralized benchmark\commitment-horizon-study\reference_core_benchmark_pilot\known_visit_10target_300.csv,02,33,2,2,29,5,1,2,1,1,5.0,1,0,78,70,8,168,32,13,11.255700000000001,0.865823076923077,0.9345,1.6453,1.6453,8.161,0.6277692307692307,0.6642,1.3887,1.3887,13,3.0947,0.23805384615384614,0.2329,0.3145,0.3145,completed
131,known_visit,HIPC,bernoulli,drop_0.25,19,361,4,10,hipc_h2_bernoulli_025,C:\Users\lottj\Desktop\research\decentralized benchmark\commitment-horizon-study\reference_core_benchmark_pilot\known_visit_10target_300.csv,03,17,1,0,18,0,2,1,1,0,0.0,0,0,47,37,10,209,21,65,27.5205,0.4233923076923077,0.3616,1.0056,1.8628,14.1896,0.21830153846153846,0.1627,0.7482,1.5507,65,13.3309,0.20509076923076922,0.2096,0.2729,0.3121,completed
132,known_visit,HIPC,bernoulli,drop_0.25,19,361,4,10,hipc_h2_bernoulli_025,C:\Users\lottj\Desktop\research\decentralized benchmark\commitment-horizon-study\reference_core_benchmark_pilot\known_visit_10target_300.csv,00,20,3,0,21,0,0,0,0,0,0.0,0,0,50,42,8,138,15,10,4.9144000000000005,0.49144000000000004,0.3419,1.2069,1.2069,3.1129000000000002,0.31129,0.1859,0.9321,0.9321,10,1.8015,0.18015,0.156,0.2822,0.2822,completed
132,known_visit,HIPC,bernoulli,drop_0.25,19,361,4,10,hipc_h2_bernoulli_025,C:\Users\lottj\Desktop\research\decentralized benchmark\commitment-horizon-study\reference_core_benchmark_pilot\known_visit_10target_300.csv,01,22,3,0,23,0,0,0,0,0,0.0,0,0,52,45,7,133,19,5,3.5804,0.71608,0.6669,1.0514,1.0514,2.5949,0.51898,0.4895,0.8679,0.8679,5,0.9855,0.1971,0.1835,0.2738,0.2738,completed
132,known_visit,HIPC,bernoulli,drop_0.25,19,361,4,10,hipc_h2_bernoulli_025,C:\Users\lottj\Desktop\research\decentralized benchmark\commitment-horizon-study\reference_core_benchmark_pilot\known_visit_10target_300.csv,02,22,1,0,23,0,2,0,0,0,0.0,0,0,55,45,10,125,23,7,5.4538,0.7791142857142858,0.8083,1.1133,1.1133,4.0348,0.5763999999999999,0.5926,0.9185,0.9185,7,1.419,0.2027142857142857,0.1934,0.2692,0.2692,completed
132,known_visit,HIPC,bernoulli,drop_0.25,19,361,4,10,hipc_h2_bernoulli_025,C:\Users\lottj\Desktop\research\decentralized benchmark\commitment-horizon-study\reference_core_benchmark_pilot\known_visit_10target_300.csv,03,18,3,0,19,0,0,0,0,0,0.0,0,0,47,38,9,140,16,19,9.7337,0.5123000000000001,0.4895,0.9596,0.9596,5.7197000000000005,0.30103684210526316,0.2539,0.7108,0.7108,19,4.014,0.21126315789473685,0.23,0.2754,0.2754,completed
133,known_visit,HIPC,bernoulli,drop_0.25,19,361,4,10,hipc_h2_bernoulli_025,C:\Users\lottj\Desktop\research\decentralized benchmark\commitment-horizon-study\reference_core_benchmark_pilot\known_visit_10target_300.csv,00,21,2,0,21,1,0,0,0,0,0.0,0,0,51,44,7,115,25,10,6.6956999999999995,0.66957,0.52425,1.3635,1.3635,4.4453000000000005,0.44453000000000004,0.3094,1.112,1.112,10,2.2504,0.22504,0.2223,0.2537,0.2537,completed
133,known_visit,HIPC,bernoulli,drop_0.25,19,361,4,10,hipc_h2_bernoulli_025,C:\Users\lottj\Desktop\research\decentralized benchmark\commitment-horizon-study\reference_core_benchmark_pilot\known_visit_10target_300.csv,01,22,4,0,23,0,0,0,0,0,0.0,0,0,52,45,7,123,16,8,5.8243,0.7280375,0.61285,1.2555,1.2555,3.9395000000000002,0.49243750000000003,0.38539999999999996,0.9755,0.9755,8,1.8848,0.2356,0.24159999999999998,0.2987,0.2987,completed
133,known_visit,HIPC,bernoulli,drop_0.25,19,361,4,10,hipc_h2_bernoulli_025,C:\Users\lottj\Desktop\research\decentralized benchmark\commitment-horizon-study\reference_core_benchmark_pilot\known_visit_10target_300.csv,02,15,3,0,16,0,1,0,0,0,0.0,0,0,42,32,10,133,16,28,12.7917,0.4568464285714286,0.37615,1.1767,1.5462,7.4871,0.2673964285714286,0.18924999999999997,0.9212,1.3049,28,5.3046,0.18944999999999998,0.19235,0.2478,0.2555,completed
133,known_visit,HIPC,bernoulli,drop_0.25,19,361,4,10,hipc_h2_bernoulli_025,C:\Users\lottj\Desktop\research\decentralized benchmark\commitment-horizon-study\reference_core_benchmark_pilot\known_visit_10target_300.csv,03,17,1,2,11,7,3,0,0,0,0.0,0,0,46,37,9,130,14,25,16.8319,0.673276,0.5355,1.5874,1.6874,11.4537,0.458148,0.2516,1.3453,1.4413,25,5.3782,0.21512799999999999,0.2131,0.3281,0.4049,completed
134,known_visit,HIPC,bernoulli,drop_0.25,19,361,4,10,hipc_h2_bernoulli_025,C:\Users\lottj\Desktop\research\decentralized benchmark\commitment-horizon-study\reference_core_benchmark_pilot\known_visit_10target_300.csv,00,18,3,0,19,0,0,0,0,0,0.0,0,0,44,38,6,105,19,13,7.1072,0.5467076923076923,0.4316,0.878,0.878,4.3539,0.3349153846153846,0.2118,0.657,0.657,13,2.7533,0.21179230769230767,0.2177,0.2851,0.2851,completed
134,known_visit,HIPC,bernoulli,drop_0.25,19,361,4,10,hipc_h2_bernoulli_025,C:\Users\lottj\Desktop\research\decentralized benchmark\commitment-horizon-study\reference_core_benchmark_pilot\known_visit_10target_300.csv,01,14,2,0,15,0,2,0,0,0,0.0,0,0,38,30,8,109,20,32,13.3232,0.41635,0.34335,0.7673,1.2966,7.7688,0.242775,0.15994999999999998,0.5888,1.0229,32,5.5544,0.173575,0.173,0.2737,0.2945,completed
134,known_visit,HIPC,bernoulli,drop_0.25,19,361,4,10,hipc_h2_bernoulli_025,C:\Users\lottj\Desktop\research\decentralized benchmark\commitment-horizon-study\reference_core_benchmark_pilot\known_visit_10target_300.csv,02,21,3,0,22,0,1,2,1,1,5.0,1,0,53,46,7,94,21,7,5.8662,0.8380285714285715,0.8009,1.1802,1.1802,4.148499999999999,0.592642857142857,0.5447,0.9571,0.9571,7,1.7177,0.2453857142857143,0.2246,0.4298,0.4298,completed
134,known_visit,HIPC,bernoulli,drop_0.25,19,361,4,10,hipc_h2_bernoulli_025,C:\Users\lottj\Desktop\research\decentralized benchmark\commitment-horizon-study\reference_core_benchmark_pilot\known_visit_10target_300.csv,03,12,2,0,13,0,0,2,1,1,5.0,1,0,33,28,5,114,20,35,17.8599,0.5102828571428571,0.4474,1.0748,1.1844,11.2431,0.32123142857142856,0.2667,0.8535,0.9045,35,6.6168,0.18905142857142856,0.2011,0.2799,0.2809,completed
135,known_visit,HIPC,bernoulli,drop_0.25,19,361,4,10,hipc_h2_bernoulli_025,C:\Users\lottj\Desktop\research\decentralized benchmark\commitment-horizon-study\reference_core_benchmark_pilot\known_visit_10target_300.csv,00,32,2,1,27,6,0,0,0,0,0.0,0,0,72,66,6,187,25,16,7.5205,0.47003125,0.29735,1.807,1.807,4.285,0.2678125,0.126,1.529,1.529,16,3.2355,0.20221875,0.1887,0.278,0.278,completed
135,known_visit,HIPC,bernoulli,drop_0.25,19,361,4,10,hipc_h2_bernoulli_025,C:\Users\lottj\Desktop\research\decentralized benchmark\commitment-horizon-study\reference_core_benchmark_pilot\known_visit_10target_300.csv,01,24,1,2,19,6,2,0,0,0,0.0,0,0,63,50,13,184,37,45,15.5351,0.34522444444444444,0.2995,0.6973,0.7633,7.3726,0.16383555555555557,0.1178,0.4593,0.4874,45,8.1625,0.18138888888888888,0.1831,0.238,0.2759,completed
135,known_visit,HIPC,bernoulli,drop_0.25,19,361,4,10,hipc_h2_bernoulli_025,C:\Users\lottj\Desktop\research\decentralized benchmark\commitment-horizon-study\reference_core_benchmark_pilot\known_visit_10target_300.csv,02,35,2,2,26,10,0,0,0,0,0.0,0,0,83,71,12,172,30,8,5.2731,0.6591375,0.63045,1.0457,1.0457,3.4932,0.43665,0.4153,0.7661,0.7661,8,1.7799,0.2224875,0.22499999999999998,0.2796,0.2796,completed
135,known_visit,HIPC,bernoulli,drop_0.25,19,361,4,10,hipc_h2_bernoulli_025,C:\Users\lottj\Desktop\research\decentralized benchmark\commitment-horizon-study\reference_core_benchmark_pilot\known_visit_10target_300.csv,03,27,5,0,28,0,2,0,0,0,0.0,0,0,67,56,11,185,32,34,13.0956,0.3851647058823529,0.3006,1.0962,1.1616,6.5443,0.19247941176470587,0.10735,0.8805,0.894,34,6.5513,0.19268529411764707,0.1899,0.2676,0.2892,completed
136,known_visit,HIPC,bernoulli,drop_0.25,19,361,4,10,hipc_h2_bernoulli_025,C:\Users\lottj\Desktop\research\decentralized benchmark\commitment-horizon-study\reference_core_benchmark_pilot\known_visit_10target_300.csv,00,21,4,0,21,1,0,1,1,0,0.0,0,0,55,44,11,91,19,6,5.5828,0.9304666666666667,0.86385,1.4761,1.4761,4.4521,0.7420166666666667,0.64905,1.2924,1.2924,6,1.1307,0.18845,0.18155,0.241,0.241,completed
136,known_visit,HIPC,bernoulli,drop_0.25,19,361,4,10,hipc_h2_bernoulli_025,C:\Users\lottj\Desktop\research\decentralized benchmark\commitment-horizon-study\reference_core_benchmark_pilot\known_visit_10target_300.csv,01,11,1,0,12,0,2,0,0,0,0.0,0,0,30,24,6,125,9,40,18.5373,0.46343249999999997,0.39905,0.8203,1.3575,10.7444,0.26861,0.20850000000000002,0.5344,1.1771,40,7.7929,0.1948225,0.19125,0.269,0.2925,completed
136,known_visit,HIPC,bernoulli,drop_0.25,19,361,4,10,hipc_h2_bernoulli_025,C:\Users\lottj\Desktop\research\decentralized benchmark\commitment-horizon-study\reference_core_benchmark_pilot\known_visit_10target_300.csv,02,20,3,0,21,0,1,0,0,0,0.0,0,0,48,42,6,99,17,10,4.7918,0.47918000000000005,0.45735000000000003,0.6065,0.6065,2.7228,0.27227999999999997,0.27180000000000004,0.422,0.422,10,2.069,0.2069,0.1915,0.2834,0.2834,completed
136,known_visit,HIPC,bernoulli,drop_0.25,19,361,4,10,hipc_h2_bernoulli_025,C:\Users\lottj\Desktop\research\decentralized benchmark\commitment-horizon-study\reference_core_benchmark_pilot\known_visit_10target_300.csv,03,12,2,0,13,0,0,0,0,0,0.0,0,0,32,26,6,112,20,36,14.556799999999999,0.4043555555555555,0.3991,0.5816,0.847,7.6632,0.21286666666666665,0.20955000000000001,0.3585,0.5239,36,6.8936,0.1914888888888889,0.19140000000000001,0.229,0.3231,completed
137,known_visit,HIPC,bernoulli,drop_0.25,19,361,4,10,hipc_h2_bernoulli_025,C:\Users\lottj\Desktop\research\decentralized benchmark\commitment-horizon-study\reference_core_benchmark_pilot\known_visit_10target_300.csv,00,18,2,0,19,0,0,0,0,0,0.0,0,0,42,38,4,80,12,16,6.5855999999999995,0.41159999999999997,0.22544999999999998,2.0467,2.0467,4.2009,0.26255625,0.1074,1.7929,1.7929,16,2.3847,0.14904375,0.12029999999999999,0.2538,0.2538,completed
137,known_visit,HIPC,bernoulli,drop_0.25,19,361,4,10,hipc_h2_bernoulli_025,C:\Users\lottj\Desktop\research\decentralized benchmark\commitment-horizon-study\reference_core_benchmark_pilot\known_visit_10target_300.csv,01,12,3,0,13,0,0,0,0,0,0.0,0,0,32,26,6,86,16,34,14.5794,0.42880588235294115,0.35065,1.1777,1.7303,9.067,0.2666764705882353,0.2087,0.9206,1.4704,34,5.5124,0.16212941176470588,0.14234999999999998,0.2599,0.2667,completed
137,known_visit,HIPC,bernoulli,drop_0.25,19,361,4,10,hipc_h2_bernoulli_025,C:\Users\lottj\Desktop\research\decentralized benchmark\commitment-horizon-study\reference_core_benchmark_pilot\known_visit_10target_300.csv,02,2,1,0,3,0,0,0,0,0,0.0,0,0,9,6,3,111,15,68,31.0723,0.4569455882352941,0.3585,0.8885,1.7714,18.9161,0.2781779411764706,0.20274999999999999,0.6366,1.4921,68,12.1562,0.17876764705882353,0.1586,0.2793,0.2944,completed
137,known_visit,HIPC,bernoulli,drop_0.25,19,361,4,10,hipc_h2_bernoulli_025,C:\Users\lottj\Desktop\research\decentralized benchmark\commitment-horizon-study\reference_core_benchmark_pilot\known_visit_10target_300.csv,03,22,4,0,23,0,0,0,0,0,0.0,0,0,52,45,7,74,9,7,3.5328,0.5046857142857143,0.3967,1.1136,1.1136,2.1607,0.30867142857142854,0.1868,0.8541,0.8541,7,1.3721,0.19601428571428572,0.1947,0.3023,0.3023,completed
138,known_visit,HIPC,bernoulli,drop_0.25,19,361,4,10,hipc_h2_bernoulli_025,C:\Users\lottj\Desktop\research\decentralized benchmark\commitment-horizon-study\reference_core_benchmark_pilot\known_visit_10target_300.csv,00,23,2,0,24,0,2,0,0,0,0.0,0,0,54,47,7,108,22,10,4.8445,0.48445,0.4803,0.8122,0.8122,2.9942,0.29942,0.28295,0.6297,0.6297,10,1.8503,0.18503,0.18514999999999998,0.2417,0.2417,completed
138,known_visit,HIPC,bernoulli,drop_0.25,19,361,4,10,hipc_h2_bernoulli_025,C:\Users\lottj\Desktop\research\decentralized benchmark\commitment-horizon-study\reference_core_benchmark_pilot\known_visit_10target_300.csv,01,16,3,0,17,0,0,0,0,0,0.0,0,0,42,35,7,119,22,31,16.2654,0.5246903225806452,0.532,0.8032,0.9791,10.3605,0.33420967741935487,0.293,0.5764,0.8011,31,5.9049,0.19048064516129032,0.1783,0.2547,0.2728,completed
138,known_visit,HIPC,bernoulli,drop_0.25,19,361,4,10,hipc_h2_bernoulli_025,C:\Users\lottj\Desktop\research\decentralized benchmark\commitment-horizon-study\reference_core_benchmark_pilot\known_visit_10target_300.csv,02,24,3,0,25,0,0,0,0,0,0.0,0,0,57,49,8,107,20,7,5.0153,0.7164714285714285,0.5516,1.8586,1.8586,3.5928999999999998,0.5132714285714285,0.3208,1.5877,1.5877,7,1.4223999999999999,0.2032,0.1987,0.2709,0.2709,completed
138,known_visit,HIPC,bernoulli,drop_0.25,19,361,4,10,hipc_h2_bernoulli_025,C:\Users\lottj\Desktop\research\decentralized benchmark\commitment-horizon-study\reference_core_benchmark_pilot\known_visit_10target_300.csv,03,12,2,0,13,0,0,0,0,0,0.0,0,0,31,26,5,132,20,42,24.8216,0.5909904761904762,0.5193,0.9193,0.9914,16.4056,0.3906095238095238,0.35065,0.6532,0.6984,42,8.416,0.20038095238095238,0.2041,0.2791,0.2999,completed
139,known_visit,HIPC,bernoulli,drop_0.25,19,361,4,10,hipc_h2_bernoulli_025,C:\Users\lottj\Desktop\research\decentralized benchmark\commitment-horizon-study\reference_core_benchmark_pilot\known_visit_10target_300.csv,00,32,1,2,22,11,1,0,0,0,0.0,0,0,75,66,9,163,27,224,65.492,0.292375,0.2996,0.4016,1.2499,25.7016,0.11473928571428571,0.1069,0.1618,0.9731,224,39.7904,0.17763571428571429,0.188,0.2432,0.4012,completed
139,known_visit,HIPC,bernoulli,drop_0.25,19,361,4,10,hipc_h2_bernoulli_025,C:\Users\lottj\Desktop\research\decentralized benchmark\commitment-horizon-study\reference_core_benchmark_pilot\known_visit_10target_300.csv,01,25,3,2,21,5,0,0,0,0,0.0,0,1,64,52,12,171,29,251,101.4852,0.4043235059760956,0.4114,0.5784,2.2436,52.4645,0.2090219123505976,0.2116,0.3243,0.8811,251,49.0207,0.195301593625498,0.1955,0.2535,1.9654,completed
139,known_visit,HIPC,bernoulli,drop_0.25,19,361,4,10,hipc_h2_bernoulli_025,C:\Users\lottj\Desktop\research\decentralized benchmark\commitment-horizon-study\reference_core_benchmark_pilot\known_visit_10target_300.csv,02,25,4,0,26,0,2,0,0,0,0.0,0,1,67,53,14,164,33,254,89.1807,0.3511051181102362,0.35495,0.5148,1.1669,43.1954,0.17006062992125984,0.1578,0.2509,0.8979,254,45.9853,0.1810444881889764,0.19095,0.2484,0.3826,completed
139,known_visit,HIPC,bernoulli,drop_0.25,19,361,4,10,hipc_h2_bernoulli_025,C:\Users\lottj\Desktop\research\decentralized benchmark\commitment-horizon-study\reference_core_benchmark_pilot\known_visit_10target_300.csv,03,22,2,1,17,6,0,0,0,0,0.0,0,1,59,47,12,172,34,254,91.4442,0.36001653543307083,0.34175,0.8232,1.6568,45.1878,0.17790472440944882,0.14775,0.594,1.3876,254,46.2564,0.18211181102362203,0.18980000000000002,0.2472,0.5764,completed
140,known_visit,HIPC,bernoulli,drop_0.25,19,361,4,10,hipc_h2_bernoulli_025,C:\Users\lottj\Desktop\research\decentralized benchmark\commitment-horizon-study\reference_core_benchmark_pilot\known_visit_10target_300.csv,00,20,3,0,21,0,1,0,0,0,0.0,0,0,51,41,10,89,13,10,6.1355,0.61355,0.5873,1.1098,1.1098,3.9047,0.39047,0.363,0.8575,0.8575,10,2.2308,0.22308,0.22725,0.3041,0.3041,completed
140,known_visit,HIPC,bernoulli,drop_0.25,19,361,4,10,hipc_h2_bernoulli_025,C:\Users\lottj\Desktop\research\decentralized benchmark\commitment-horizon-study\reference_core_benchmark_pilot\known_visit_10target_300.csv,01,7,2,0,8,0,0,0,0,0,0.0,0,0,24,16,8,107,21,43,32.8355,0.7636162790697675,0.7936,1.1514,1.7915,22.7142,0.5282372093023256,0.5252,0.8868,1.4869,43,10.1213,0.23537906976744186,0.237,0.2646,0.4328,completed
140,known_visit,HIPC,bernoulli,drop_0.25,19,361,4,10,hipc_h2_bernoulli_025,C:\Users\lottj\Desktop\research\decentralized benchmark\commitment-horizon-study\reference_core_benchmark_pilot\known_visit_10target_300.csv,02,13,2,0,14,0,0,0,0,0,0.0,0,0,34,28,6,106,12,25,13.1389,0.525556,0.5065,1.1755,1.3985,8.002,0.32008000000000003,0.2964,0.9138,1.0813,25,5.1369,0.205476,0.2053,0.263,0.3172,completed
140,known_visit,HIPC,bernoulli,drop_0.25,19,361,4,10,hipc_h2_bernoulli_025,C:\Users\lottj\Desktop\research\decentralized benchmark\commitment-horizon-study\reference_core_benchmark_pilot\known_visit_10target_300.csv,03,19,3,0,20,0,0,0,0,0,0.0,0,0,44,39,5,89,20,6,5.821,0.9701666666666666,0.8931,1.8608,1.8608,4.0868,0.6811333333333334,0.5315000000000001,1.5607,1.5607,6,1.7342,0.2890333333333333,0.25175,0.476,0.476,completed
141,known_visit,HIPC,bernoulli,drop_0.25,19,361,4,10,hipc_h2_bernoulli_025,C:\Users\lottj\Desktop\research\decentralized benchmark\commitment-horizon-study\reference_core_benchmark_pilot\known_visit_10target_300.csv,00,21,3,0,22,0,0,0,0,0,0.0,0,0,52,44,8,148,25,25,8.7428,0.349712,0.2143,1.0618,1.2875,4.782,0.19128,0.0798,0.8087,1.0268,25,3.9608,0.158432,0.1338,0.2543,0.2607,completed
141,known_visit,HIPC,bernoulli,drop_0.25,19,361,4,10,hipc_h2_bernoulli_025,C:\Users\lottj\Desktop\research\decentralized benchmark\commitment-horizon-study\reference_core_benchmark_pilot\known_visit_10target_300.csv,01,14,1,0,15,0,3,0,0,0,0.0,0,0,41,30,11,159,24,52,24.0765,0.4630096153846154,0.4003,0.9105,1.102,15.2423,0.29312115384615384,0.238,0.6631,0.853,52,8.8342,0.16988846153846152,0.13765,0.249,0.2751,completed
141,known_visit,HIPC,bernoulli,drop_0.25,19,361,4,10,hipc_h2_bernoulli_025,C:\Users\lottj\Desktop\research\decentralized benchmark\commitment-horizon-study\reference_core_benchmark_pilot\known_visit_10target_300.csv,02,26,3,0,27,0,2,0,0,0,0.0,0,0,66,53,13,131,27,9,6.2033,0.6892555555555555,0.5536,1.3364,1.3364,4.5566,0.5062888888888889,0.3559,1.0825,1.0825,9,1.6467,0.18296666666666667,0.1572,0.2546,0.2546,completed
141,known_visit,HIPC,bernoulli,drop_0.25,19,361,4,10,hipc_h2_bernoulli_025,C:\Users\lottj\Desktop\research\decentralized benchmark\commitment-horizon-study\reference_core_benchmark_pilot\known_visit_10target_300.csv,03,27,3,0,28,0,3,0,0,0,0.0,0,0,66,55,11,139,20,10,6.0563,0.60563,0.58265,1.0645,1.0645,4.0442,0.40442,0.37865000000000004,0.8172,0.8172,10,2.0121,0.20121000000000003,0.20305,0.3012,0.3012,completed
142,known_visit,HIPC,bernoulli,drop_0.25,19,361,4,10,hipc_h2_bernoulli_025,C:\Users\lottj\Desktop\research\decentralized benchmark\commitment-horizon-study\reference_core_benchmark_pilot\known_visit_10target_300.csv,00,19,2,0,16,4,0,0,0,0,0.0,0,0,47,40,7,110,28,18,9.8974,0.5498555555555555,0.4788,0.9588,0.9588,6.6189,0.3677166666666667,0.32094999999999996,0.661,0.661,18,3.2785,0.1821388888888889,0.1628,0.3028,0.3028,completed
142,known_visit,HIPC,bernoulli,drop_0.25,19,361,4,10,hipc_h2_bernoulli_025,C:\Users\lottj\Desktop\research\decentralized benchmark\commitment-horizon-study\reference_core_benchmark_pilot\known_visit_10target_300.csv,01,23,3,0,24,0,0,0,0,0,0.0,0,0,56,48,8,111,19,9,6.2991,0.6999,0.5839,1.7317,1.7317,4.5128,0.5014222222222222,0.4121,1.4557,1.4557,9,1.7863,0.19847777777777778,0.1718,0.2821,0.2821,completed
142,known_visit,HIPC,bernoulli,drop_0.25,19,361,4,10,hipc_h2_bernoulli_025,C:\Users\lottj\Desktop\research\decentralized benchmark\commitment-horizon-study\reference_core_benchmark_pilot\known_visit_10target_300.csv,02,20,3,0,21,0,2,0,0,0,0.0,0,0,54,42,12,107,24,15,7.5809,0.5053933333333334,0.3941,1.2451,1.2451,4.7805,0.3187,0.1843,0.9565,0.9565,15,2.8004000000000002,0.18669333333333335,0.1831,0.2886,0.2886,completed
142,known_visit,HIPC,bernoulli,drop_0.25,19,361,4,10,hipc_h2_bernoulli_025,C:\Users\lottj\Desktop\research\decentralized benchmark\commitment-horizon-study\reference_core_benchmark_pilot\known_visit_10target_300.csv,03,9,2,0,10,0,0,0,0,0,0.0,0,0,29,20,9,138,18,54,16.532,0.30614814814814817,0.21015,0.7428,1.2714,7.6634,0.14191481481481483,0.07505,0.556,0.9977,54,8.8686,0.16423333333333334,0.14035,0.2737,0.3045,completed
143,known_visit,HIPC,bernoulli,drop_0.25,19,361,4,10,hipc_h2_bernoulli_025,C:\Users\lottj\Desktop\research\decentralized benchmark\commitment-horizon-study\reference_core_benchmark_pilot\known_visit_10target_300.csv,00,21,2,1,20,2,1,0,0,0,0.0,0,0,51,43,8,96,18,7,5.3638,0.7662571428571429,0.8114,0.9752,0.9752,3.6089,0.5155571428571429,0.5102,0.7552,0.7552,7,1.7549000000000001,0.25070000000000003,0.2428,0.3055,0.3055,completed
143,known_visit,HIPC,bernoulli,drop_0.25,19,361,4,10,hipc_h2_bernoulli_025,C:\Users\lottj\Desktop\research\decentralized benchmark\commitment-horizon-study\reference_core_benchmark_pilot\known_visit_10target_300.csv,01,17,3,0,18,0,0,0,0,0,0.0,0,0,46,36,10,100,18,17,7.5663,0.4450764705882353,0.3956,0.8208,0.8208,4.1266,0.24274117647058824,0.1966,0.6024,0.6024,17,3.4396999999999998,0.20233529411764706,0.1853,0.2763,0.2763,completed
143,known_visit,HIPC,bernoulli,drop_0.25,19,361,4,10,hipc_h2_bernoulli_025,C:\Users\lottj\Desktop\research\decentralized benchmark\commitment-horizon-study\reference_core_benchmark_pilot\known_visit_10target_300.csv,02,13,2,0,14,0,0,0,0,0,0.0,0,0,34,28,6,113,18,31,12.6783,0.4089774193548387,0.3862,0.8282,0.9373,6.9124,0.22298064516129032,0.1757,0.5571,0.6605,31,5.7659,0.1859967741935484,0.1844,0.2711,0.2768,completed
143,known_visit,HIPC,bernoulli,drop_0.25,19,361,4,10,hipc_h2_bernoulli_025,C:\Users\lottj\Desktop\research\decentralized benchmark\commitment-horizon-study\reference_core_benchmark_pilot\known_visit_10target_300.csv,03,12,3,0,13,0,0,0,0,0,0.0,0,0,34,26,8,115,15,32,17.7055,0.553296875,0.48624999999999996,1.3005,1.3625,11.213000000000001,0.35040625000000003,0.2554,1.0508,1.1145,32,6.4925,0.202890625,0.19845000000000002,0.2821,0.3117,completed
144,known_visit,HIPC,bernoulli,drop_0.25,19,361,4,10,hipc_h2_bernoulli_025,C:\Users\lottj\Desktop\research\decentralized benchmark\commitment-horizon-study\reference_core_benchmark_pilot\known_visit_10target_300.csv,00,13,1,0,13,1,1,0,0,0,0.0,0,0,38,28,10,118,23,31,24.413999999999998,0.7875483870967741,0.8024,1.0444,1.8468,18.0538,0.5823806451612903,0.5645,0.7735,1.5533,31,6.3602,0.20516774193548387,0.1799,0.3021,0.3025,completed
144,known_visit,HIPC,bernoulli,drop_0.25,19,361,4,10,hipc_h2_bernoulli_025,C:\Users\lottj\Desktop\research\decentralized benchmark\commitment-horizon-study\reference_core_benchmark_pilot\known_visit_10target_300.csv,01,20,3,0,21,0,0,0,0,0,0.0,0,0,48,41,7,113,18,7,5.29,0.7557142857142857,0.6262,1.2922,1.2922,3.8238,0.5462571428571429,0.3917,1.0359,1.0359,7,1.4662,0.20945714285714284,0.2345,0.2563,0.2563,completed
144,known_visit,HIPC,bernoulli,drop_0.25,19,361,4,10,hipc_h2_bernoulli_025,C:\Users\lottj\Desktop\research\decentralized benchmark\commitment-horizon-study\reference_core_benchmark_pilot\known_visit_10target_300.csv,02,15,4,1,15,1,0,0,0,0,0.0,0,0,42,32,10,118,18,25,9.8697,0.394788,0.3079,0.9742,1.7199,5.7718,0.230872,0.1174,0.7062,1.4741,25,4.0979,0.163916,0.1399,0.2458,0.268,completed
144,known_visit,HIPC,bernoulli,drop_0.25,19,361,4,10,hipc_h2_bernoulli_025,C:\Users\lottj\Desktop\research\decentralized benchmark\commitment-horizon-study\reference_core_benchmark_pilot\known_visit_10target_300.csv,03,21,2,0,22,0,1,0,0,0,0.0,0,0,51,43,8,107,21,9,5.6695,0.6299444444444444,0.3612,1.2743,1.2743,3.9569,0.4396555555555556,0.2146,1.0233,1.0233,9,1.7126000000000001,0.1902888888888889,0.2012,0.2582,0.2582,completed
145,known_visit,HIPC,bernoulli,drop_0.25,19,361,4,10,hipc_h2_bernoulli_025,C:\Users\lottj\Desktop\research\decentralized benchmark\commitment-horizon-study\reference_core_benchmark_pilot\known_visit_10target_300.csv,00,16,0,2,12,5,0,0,0,0,0.0,0,0,42,34,8,167,22,41,16.450499999999998,0.40123170731707314,0.294,0.7292,1.2676,9.0131,0.21983170731707316,0.135,0.4766,0.9668,41,7.4374,0.1814,0.1748,0.3008,0.419,completed
145,known_visit,HIPC,bernoulli,drop_0.25,19,361,4,10,hipc_h2_bernoulli_025,C:\Users\lottj\Desktop\research\decentralized benchmark\commitment-horizon-study\reference_core_benchmark_pilot\known_visit_10target_300.csv,01,24,4,0,25,0,0,0,0,0,0.0,0,0,60,50,10,142,29,15,8.7569,0.5837933333333333,0.2825,1.9829,1.9829,5.6252,0.37501333333333337,0.1177,1.5139,1.5139,15,3.1317,0.20878,0.1719,0.469,0.469,completed
145,known_visit,HIPC,bernoulli,drop_0.25,19,361,4,10,hipc_h2_bernoulli_025,C:\Users\lottj\Desktop\research\decentralized benchmark\commitment-horizon-study\reference_core_benchmark_pilot\known_visit_10target_300.csv,02,27,5,0,28,0,0,0,0,0,0.0,0,0,64,55,9,146,21,9,5.6997,0.6333,0.5493,1.6818,1.6818,3.6327,0.4036333333333333,0.2922,1.4375,1.4375,9,2.067,0.22966666666666669,0.2389,0.3872,0.3872,completed
145,known_visit,HIPC,bernoulli,drop_0.25,19,361,4,10,hipc_h2_bernoulli_025,C:\Users\lottj\Desktop\research\decentralized benchmark\commitment-horizon-study\reference_core_benchmark_pilot\known_visit_10target_300.csv,03,27,1,3,21,7,1,0,0,0,0.0,0,0,65,55,10,145,21,9,5.6156,0.6239555555555555,0.5702,1.2706,1.2706,3.5875,0.3986111111111111,0.3427,1.0017,1.0017,9,2.0281,0.22534444444444443,0.239,0.2841,0.2841,completed
146,known_visit,HIPC,bernoulli,drop_0.25,19,361,4,10,hipc_h2_bernoulli_025,C:\Users\lottj\Desktop\research\decentralized benchmark\commitment-horizon-study\reference_core_benchmark_pilot\known_visit_10target_300.csv,00,23,4,0,24,0,1,0,0,0,0.0,0,0,63,48,15,169,25,40,10.767,0.269175,0.1772,0.4648,1.1629,5.4691,0.1367275,0.0722,0.3143,0.8765,40,5.2979,0.1324475,0.1058,0.1899,0.2864,completed
146,known_visit,HIPC,bernoulli,drop_0.25,19,361,4,10,hipc_h2_bernoulli_025,C:\Users\lottj\Desktop\research\decentralized benchmark\commitment-horizon-study\reference_core_benchmark_pilot\known_visit_10target_300.csv,01,32,4,0,33,0,2,0,0,0,0.0,0,0,77,65,12,148,33,10,4.1488,0.41487999999999997,0.3898,0.65,0.65,2.3614,0.23614000000000002,0.22025,0.4015,0.4015,10,1.7873999999999999,0.17873999999999998,0.16125,0.293,0.293,completed
146,known_visit,HIPC,bernoulli,drop_0.25,19,361,4,10,hipc_h2_bernoulli_025,C:\Users\lottj\Desktop\research\decentralized benchmark\commitment-horizon-study\reference_core_benchmark_pilot\known_visit_10target_300.csv,02,32,1,1,29,4,4,0,0,0,0.0,0,0,83,65,18,145,30,12,7.0031,0.5835916666666666,0.47924999999999995,1.0706,1.0706,4.9193999999999996,0.40995,0.3298,0.8279,0.8279,12,2.0837,0.17364166666666667,0.153,0.244,0.244,completed
146,known_visit,HIPC,bernoulli,drop_0.25,19,361,4,10,hipc_h2_bernoulli_025,C:\Users\lottj\Desktop\research\decentralized benchmark\commitment-horizon-study\reference_core_benchmark_pilot\known_visit_10target_300.csv,03,13,1,0,14,0,2,0,0,0,0.0,0,0,35,28,7,191,31,73,24.5027,0.3356534246575343,0.3009,0.6241,1.2087,13.8136,0.18922739726027396,0.1541,0.4066,0.9009,73,10.6891,0.14642602739726027,0.1284,0.2091,0.3078,completed
147,known_visit,HIPC,bernoulli,drop_0.25,19,361,4,10,hipc_h2_bernoulli_025,C:\Users\lottj\Desktop\research\decentralized benchmark\commitment-horizon-study\reference_core_benchmark_pilot\known_visit_10target_300.csv,00,27,2,2,22,6,3,0,0,0,0.0,0,0,66,55,11,117,18,8,6.6266,0.828325,0.8545499999999999,1.3129,1.3129,4.7933,0.5991625,0.6173,1.0076,1.0076,8,1.8333,0.2291625,0.23304999999999998,0.3053,0.3053,completed
147,known_visit,HIPC,bernoulli,drop_0.25,19,361,4,10,hipc_h2_bernoulli_025,C:\Users\lottj\Desktop\research\decentralized benchmark\commitment-horizon-study\reference_core_benchmark_pilot\known_visit_10target_300.csv,01,19,3,0,20,0,2,0,0,0,0.0,0,0,50,40,10,130,20,33,15.3693,0.46573636363636367,0.3961,1.0691,1.0769,9.1618,0.277630303030303,0.193,0.9015,0.9124,33,6.2075000000000005,0.1881060606060606,0.2024,0.2419,0.2426,completed
147,known_visit,HIPC,bernoulli,drop_0.25,19,361,4,10,hipc_h2_bernoulli_025,C:\Users\lottj\Desktop\research\decentralized benchmark\commitment-horizon-study\reference_core_benchmark_pilot\known_visit_10target_300.csv,02,7,0,1,5,3,0,0,0,0,0.0,0,0,23,16,7,150,27,70,40.1449,0.5734985714285714,0.50265,0.9306,1.0153,25.5786,0.36540857142857147,0.29675,0.6525,0.768,70,14.5663,0.20809,0.21505000000000002,0.2395,0.2781,completed
147,known_visit,HIPC,bernoulli,drop_0.25,19,361,4,10,hipc_h2_bernoulli_025,C:\Users\lottj\Desktop\research\decentralized benchmark\commitment-horizon-study\reference_core_benchmark_pilot\known_visit_10target_300.csv,03,26,5,0,27,0,0,0,0,0,0.0,0,0,62,53,9,118,20,8,4.6373,0.5796625,0.5165,0.8879,0.8879,3.0193,0.3774125,0.3044,0.6538,0.6538,8,1.6179999999999999,0.20224999999999999,0.21445,0.2588,0.2588,completed
148,known_visit,HIPC,bernoulli,drop_0.25,19,361,4,10,hipc_h2_bernoulli_025,C:\Users\lottj\Desktop\research\decentralized benchmark\commitment-horizon-study\reference_core_benchmark_pilot\known_visit_10target_300.csv,00,25,2,0,26,0,1,0,0,0,0.0,0,0,58,51,7,153,29,9,6.0484,0.6720444444444444,0.628,1.1598,1.1598,4.1833,0.4648111111111111,0.4551,0.9155,0.9155,9,1.8651,0.20723333333333332,0.2345,0.2557,0.2557,completed
148,known_visit,HIPC,bernoulli,drop_0.25,19,361,4,10,hipc_h2_bernoulli_025,C:\Users\lottj\Desktop\research\decentralized benchmark\commitment-horizon-study\reference_core_benchmark_pilot\known_visit_10target_300.csv,01,25,4,0,26,0,1,0,0,0,0.0,0,0,63,51,12,156,22,10,7.3447,0.73447,0.60795,1.5264,1.5264,5.2137,0.52137,0.3971,1.2768,1.2768,10,2.1310000000000002,0.2131,0.2108,0.2544,0.2544,completed
148,known_visit,HIPC,bernoulli,drop_0.25,19,361,4,10,hipc_h2_bernoulli_025,C:\Users\lottj\Desktop\research\decentralized benchmark\commitment-horizon-study\reference_core_benchmark_pilot\known_visit_10target_300.csv,02,22,1,1,20,3,1,4,2,1,5.0,1,0,59,49,10,156,25,17,11.8711,0.6983,0.5904,1.3224,1.3224,7.4728,0.4395764705882353,0.3522,1.0727,1.0727,17,4.3983,0.2587235294117647,0.2393,0.7751,0.7751,completed
148,known_visit,HIPC,bernoulli,drop_0.25,19,361,4,10,hipc_h2_bernoulli_025,C:\Users\lottj\Desktop\research\decentralized benchmark\commitment-horizon-study\reference_core_benchmark_pilot\known_visit_10target_300.csv,03,23,3,0,24,0,3,0,0,0,0.0,0,0,61,49,12,154,26,14,6.9145,0.4938928571428572,0.41900000000000004,0.9728,0.9728,3.9939999999999998,0.28528571428571425,0.2272,0.7337,0.7337,14,2.9205,0.20860714285714285,0.2079,0.3077,0.3077,completed
149,known_visit,HIPC,bernoulli,drop_0.25,19,361,4,10,hipc_h2_bernoulli_025,C:\Users\lottj\Desktop\research\decentralized benchmark\commitment-horizon-study\reference_core_benchmark_pilot\known_visit_10target_300.csv,00,22,5,0,23,0,0,0,0,0,0.0,0,0,54,45,9,117,15,8,6.1686,0.771075,0.6435,1.337,1.337,4.1903,0.5237875,0.39249999999999996,1.041,1.041,8,1.9783,0.2472875,0.251,0.3021,0.3021,completed
149,known_visit,HIPC,bernoulli,drop_0.25,19,361,4,10,hipc_h2_bernoulli_025,C:\Users\lottj\Desktop\research\decentralized benchmark\commitment-horizon-study\reference_core_benchmark_pilot\known_visit_10target_300.csv,01,20,3,0,21,0,0,0,0,0,0.0,0,0,52,42,10,112,21,15,8.1817,0.5454466666666666,0.4061,1.2128,1.2128,5.0462,0.33641333333333334,0.2086,0.9201,0.9201,15,3.1355,0.20903333333333332,0.2069,0.2963,0.2963,completed
149,known_visit,HIPC,bernoulli,drop_0.25,19,361,4,10,hipc_h2_bernoulli_025,C:\Users\lottj\Desktop\research\decentralized benchmark\commitment-horizon-study\reference_core_benchmark_pilot\known_visit_10target_300.csv,02,20,1,0,20,1,0,0,0,0,0.0,0,0,50,42,8,119,16,15,11.806,0.7870666666666666,0.7978,1.3249,1.3249,8.245800000000001,0.5497200000000001,0.5715,1.0208,1.0208,15,3.5602,0.23734666666666668,0.2244,0.3041,0.3041,completed
149,known_visit,HIPC,bernoulli,drop_0.25,19,361,4,10,hipc_h2_bernoulli_025,C:\Users\lottj\Desktop\research\decentralized benchmark\commitment-horizon-study\reference_core_benchmark_pilot\known_visit_10target_300.csv,03,10,1,0,11,0,3,0,0,0,0.0,0,0,30,22,8,135,20,47,28.4803,0.6059638297872341,0.6339,0.8743,1.4943,18.3079,0.3895297872340426,0.4117,0.6454,1.1843,47,10.1724,0.21643404255319149,0.2171,0.3022,0.3108,completed
150,known_visit,HIPC,bernoulli,drop_0.25,19,361,4,10,hipc_h2_bernoulli_025,C:\Users\lottj\Desktop\research\decentralized benchmark\commitment-horizon-study\reference_core_benchmark_pilot\known_visit_10target_300.csv,00,18,2,1,18,1,0,0,0,0,0.0,0,0,46,38,8,131,27,22,13.656600000000001,0.6207545454545454,0.44555,1.2173,1.6512,8.7955,0.39979545454545456,0.2286,0.9609,1.3913,22,4.8611,0.22095909090909094,0.21639999999999998,0.2599,0.2662,completed
150,known_visit,HIPC,bernoulli,drop_0.25,19,361,4,10,hipc_h2_bernoulli_025,C:\Users\lottj\Desktop\research\decentralized benchmark\commitment-horizon-study\reference_core_benchmark_pilot\known_visit_10target_300.csv,01,19,2,0,20,0,2,0,0,0,0.0,0,0,50,41,9,129,24,23,12.6703,0.5508826086956521,0.4105,1.0824,1.4437,7.428,0.3229565217391304,0.1959,0.7762,1.1888,23,5.2423,0.22792608695652175,0.216,0.3062,0.3187,completed
150,known_visit,HIPC,bernoulli,drop_0.25,19,361,4,10,hipc_h2_bernoulli_025,C:\Users\lottj\Desktop\research\decentralized benchmark\commitment-horizon-study\reference_core_benchmark_pilot\known_visit_10target_300.csv,02,24,3,0,25,0,1,0,0,0,0.0,0,0,57,49,8,125,22,8,7.2574000000000005,0.9071750000000001,0.7674000000000001,1.7137,1.7137,5.254,0.65675,0.5073000000000001,1.4516,1.4516,8,2.0034,0.250425,0.2534,0.2701,0.2701,completed
150,known_visit,HIPC,bernoulli,drop_0.25,19,361,4,10,hipc_h2_bernoulli_025,C:\Users\lottj\Desktop\research\decentralized benchmark\commitment-horizon-study\reference_core_benchmark_pilot\known_visit_10target_300.csv,03,19,3,0,20,0,0,0,0,0,0.0,0,0,51,40,11,122,31,24,12.3878,0.5161583333333334,0.32715,1.2991,1.3737,6.9553,0.2898041666666667,0.11415,0.9478,1.0907,24,5.4325,0.22635416666666666,0.21705000000000002,0.3203,0.3513,completed
151,known_visit,HIPC,bernoulli,drop_0.25,19,361,4,10,hipc_h2_bernoulli_025,C:\Users\lottj\Desktop\research\decentralized benchmark\commitment-horizon-study\reference_core_benchmark_pilot\known_visit_10target_300.csv,00,19,2,0,20,0,1,0,0,0,0.0,0,0,47,40,7,125,24,22,13.3345,0.6061136363636364,0.5339499999999999,0.8756,1.067,8.2278,0.3739909090909091,0.3165,0.6004,0.8236,22,5.1067,0.23212272727272729,0.2116,0.2876,0.3061,completed
151,known_visit,HIPC,bernoulli,drop_0.25,19,361,4,10,hipc_h2_bernoulli_025,C:\Users\lottj\Desktop\research\decentralized benchmark\commitment-horizon-study\reference_core_benchmark_pilot\known_visit_10target_300.csv,01,18,3,0,19,0,0,0,0,0,0.0,0,0,44,38,6,127,25,24,10.766,0.44858333333333333,0.30725,1.1068,1.6098,5.8629,0.2442875,0.12145,0.8136,1.3637,24,4.9031,0.20429583333333334,0.18445,0.2829,0.2932,completed
151,known_visit,HIPC,bernoulli,drop_0.25,19,361,4,10,hipc_h2_bernoulli_025,C:\Users\lottj\Desktop\research\decentralized benchmark\commitment-horizon-study\reference_core_benchmark_pilot\known_visit_10target_300.csv,02,24,3,0,25,0,0,0,0,0,0.0,0,0,59,49,10,110,27,8,6.6261,0.8282625,0.7479,1.4112,1.4112,4.5125,0.5640625,0.4587,1.0844,1.0844,8,2.1136,0.2642,0.26134999999999997,0.3268,0.3268,completed
151,known_visit,HIPC,bernoulli,drop_0.25,19,361,4,10,hipc_h2_bernoulli_025,C:\Users\lottj\Desktop\research\decentralized benchmark\commitment-horizon-study\reference_core_benchmark_pilot\known_visit_10target_300.csv,03,19,2,0,20,0,0,0,0,0,0.0,0,0,46,40,6,123,26,21,12.8474,0.6117809523809524,0.5135,1.0197,1.3325,8.1969,0.3903285714285714,0.3102,0.7653,1.05,21,4.6505,0.22145238095238096,0.2068,0.2825,0.2856,completed
152,known_visit,HIPC,bernoulli,drop_0.25,19,361,4,10,hipc_h2_bernoulli_025,C:\Users\lottj\Desktop\research\decentralized benchmark\commitment-horizon-study\reference_core_benchmark_pilot\known_visit_10target_300.csv,00,16,2,0,17,0,2,4,4,0,0.0,0,0,43,35,8,97,21,7,6.7829999999999995,0.969,0.9771,1.2185,1.2185,4.6814,0.6687714285714286,0.684,0.9084,0.9084,7,2.1016,0.3002285714285714,0.287,0.4744,0.4744,completed
152,known_visit,HIPC,bernoulli,drop_0.25,19,361,4,10,hipc_h2_bernoulli_025,C:\Users\lottj\Desktop\research\decentralized benchmark\commitment-horizon-study\reference_core_benchmark_pilot\known_visit_10target_300.csv,01,15,3,0,16,0,1,0,0,0,0.0,0,0,44,32,12,102,15,14,9.0491,0.6463642857142856,0.5321499999999999,1.7396,1.7396,5.7625,0.4116071428571429,0.3304,1.4468,1.4468,14,3.2866,0.23475714285714286,0.22015,0.3119,0.3119,completed
152,known_visit,HIPC,bernoulli,drop_0.25,19,361,4,10,hipc_h2_bernoulli_025,C:\Users\lottj\Desktop\research\decentralized benchmark\commitment-horizon-study\reference_core_benchmark_pilot\known_visit_10target_300.csv,02,10,3,0,11,0,0,0,0,0,0.0,0,0,32,22,10,104,24,28,16.4202,0.5864357142857143,0.53535,1.1285,1.1959,10.1637,0.36298928571428574,0.31945,0.837,0.9251,28,6.2565,0.22344642857142857,0.21960000000000002,0.2915,0.3551,completed
152,known_visit,HIPC,bernoulli,drop_0.25,19,361,4,10,hipc_h2_bernoulli_025,C:\Users\lottj\Desktop\research\decentralized benchmark\commitment-horizon-study\reference_core_benchmark_pilot\known_visit_10target_300.csv,03,17,2,0,18,0,2,0,0,0,0.0,0,0,43,35,8,100,19,9,6.8652,0.7627999999999999,0.6373,1.723,1.723,4.5414,0.5046,0.3515,1.4468,1.4468,9,2.3238,0.2582,0.2722,0.3073,0.3073,completed
153,known_visit,HIPC,bernoulli,drop_0.25,19,361,4,10,hipc_h2_bernoulli_025,C:\Users\lottj\Desktop\research\decentralized benchmark\commitment-horizon-study\reference_core_benchmark_pilot\known_visit_10target_300.csv,00,21,4,0,22,0,1,0,0,0,0.0,0,0,53,43,10,107,17,11,7.8795,0.7163181818181819,0.5374,1.5769,1.5769,5.48,0.4981818181818182,0.361,1.3248,1.3248,11,2.3995,0.21813636363636366,0.2379,0.3618,0.3618,completed
153,known_visit,HIPC,bernoulli,drop_0.25,19,361,4,10,hipc_h2_bernoulli_025,C:\Users\lottj\Desktop\research\decentralized benchmark\commitment-horizon-study\reference_core_benchmark_pilot\known_visit_10target_300.csv,01,12,1,0,12,1,0,0,0,0,0.0,0,0,35,28,7,126,15,33,33.1507,1.0045666666666666,1.0028,1.4724,1.8251,24.6433,0.7467666666666667,0.7521,1.125,1.217,33,8.5074,0.25780000000000003,0.2472,0.3754,0.7001,completed
153,known_visit,HIPC,bernoulli,drop_0.25,19,361,4,10,hipc_h2_bernoulli_025,C:\Users\lottj\Desktop\research\decentralized benchmark\commitment-horizon-study\reference_core_benchmark_pilot\known_visit_10target_300.csv,02,16,2,0,17,0,0,0,0,0,0.0,0,0,39,34,5,112,25,21,9.328,0.44419047619047614,0.2733,1.0613,1.512,5.8437,0.27827142857142856,0.14,0.7199,1.2645,21,3.4843,0.16591904761904763,0.1224,0.2655,0.3414,completed
153,known_visit,HIPC,bernoulli,drop_0.25,19,361,4,10,hipc_h2_bernoulli_025,C:\Users\lottj\Desktop\research\decentralized benchmark\commitment-horizon-study\reference_core_benchmark_pilot\known_visit_10target_300.csv,03,21,3,0,22,0,0,0,0,0,0.0,0,0,50,43,7,117,10,9,5.0258,0.5584222222222223,0.4291,1.2716,1.2716,3.1118,0.3457555555555556,0.2658,1.0194,1.0194,9,1.914,0.21266666666666667,0.2167,0.2745,0.2745,completed
154,known_visit,HIPC,bernoulli,drop_0.25,19,361,4,10,hipc_h2_bernoulli_025,C:\Users\lottj\Desktop\research\decentralized benchmark\commitment-horizon-study\reference_core_benchmark_pilot\known_visit_10target_300.csv,00,25,3,0,25,1,0,0,0,0,0.0,0,0,60,51,9,98,11,9,6.6985,0.7442777777777778,0.6531,1.4157,1.4157,3.7919,0.4213222222222222,0.3575,0.9215,0.9215,9,2.9066,0.32295555555555555,0.2403,1.0582,1.0582,completed
154,known_visit,HIPC,bernoulli,drop_0.25,19,361,4,10,hipc_h2_bernoulli_025,C:\Users\lottj\Desktop\research\decentralized benchmark\commitment-horizon-study\reference_core_benchmark_pilot\known_visit_10target_300.csv,01,19,3,0,20,0,0,0,0,0,0.0,0,0,49,41,8,99,20,26,13.899799999999999,0.5346076923076922,0.47925,0.7918,1.406,8.4203,0.3238576923076923,0.2603,0.6265,1.1067,26,5.4795,0.21075,0.20915,0.2693,0.2993,completed
154,known_visit,HIPC,bernoulli,drop_0.25,19,361,4,10,hipc_h2_bernoulli_025,C:\Users\lottj\Desktop\research\decentralized benchmark\commitment-horizon-study\reference_core_benchmark_pilot\known_visit_10target_300.csv,02,5,2,0,6,0,0,0,0,0,0.0,0,0,17,12,5,126,26,69,46.5781,0.6750449275362319,0.5933,1.3974,2.3072,28.4844,0.41281739130434786,0.3676,0.9264,1.2511,69,18.093700000000002,0.2622275362318841,0.2282,0.5093,1.7372,completed
154,known_visit,HIPC,bernoulli,drop_0.25,19,361,4,10,hipc_h2_bernoulli_025,C:\Users\lottj\Desktop\research\decentralized benchmark\commitment-horizon-study\reference_core_benchmark_pilot\known_visit_10target_300.csv,03,16,2,0,17,0,1,2,2,0,0.0,0,0,43,36,7,107,18,34,20.081500000000002,0.5906323529411766,0.5384500000000001,1.0959,2.0867,12.7205,0.37413235294117647,0.31835,0.8554,1.8053,34,7.361,0.2165,0.22175,0.2814,0.291,completed
155,known_visit,HIPC,bernoulli,drop_0.25,19,361,4,10,hipc_h2_bernoulli_025,C:\Users\lottj\Desktop\research\decentralized benchmark\commitment-horizon-study\reference_core_benchmark_pilot\known_visit_10target_300.csv,00,26,5,0,27,0,1,0,0,0,0.0,0,0,64,53,11,134,25,9,6.9808,0.7756444444444445,0.6576,1.428,1.428,4.8703,0.5411444444444444,0.4368,1.1312,1.1312,9,2.1105,0.23450000000000001,0.2323,0.2968,0.2968,completed
155,known_visit,HIPC,bernoulli,drop_0.25,19,361,4,10,hipc_h2_bernoulli_025,C:\Users\lottj\Desktop\research\decentralized benchmark\commitment-horizon-study\reference_core_benchmark_pilot\known_visit_10target_300.csv,01,19,1,0,20,0,1,0,0,0,0.0,0,0,49,40,9,153,20,27,15.8074,0.5854592592592592,0.5422,1.0865,1.8171,10.2296,0.3788740740740741,0.3268,0.7868,1.522,27,5.5778,0.20658518518518518,0.2255,0.2951,0.2997,completed
155,known_visit,HIPC,bernoulli,drop_0.25,19,361,4,10,hipc_h2_bernoulli_025,C:\Users\lottj\Desktop\research\decentralized benchmark\commitment-horizon-study\reference_core_benchmark_pilot\known_visit_10target_300.csv,02,26,1,0,27,0,1,0,0,0,0.0,0,0,61,53,8,140,21,7,5.0626,0.7232285714285714,0.8196,1.1135,1.1135,3.431,0.49014285714285716,0.5549,0.8713,0.8713,7,1.6316,0.23308571428571428,0.2422,0.2982,0.2982,completed
155,known_visit,HIPC,bernoulli,drop_0.25,19,361,4,10,hipc_h2_bernoulli_025,C:\Users\lottj\Desktop\research\decentralized benchmark\commitment-horizon-study\reference_core_benchmark_pilot\known_visit_10target_300.csv,03,20,3,0,21,0,0,0,0,0,0.0,0,0,49,42,7,151,22,23,10.3713,0.45092608695652175,0.3421,1.0123,1.1669,5.9072,0.25683478260869563,0.1267,0.7836,0.8906,23,4.4641,0.1940913043478261,0.2122,0.2433,0.2763,completed
156,known_visit,HIPC,bernoulli,drop_0.25,19,361,4,10,hipc_h2_bernoulli_025,C:\Users\lottj\Desktop\research\decentralized benchmark\commitment-horizon-study\reference_core_benchmark_pilot\known_visit_10target_300.csv,00,16,2,0,17,0,1,0,0,0,0.0,0,0,41,34,7,110,24,13,5.9816,0.46012307692307697,0.3123,1.1184,1.1184,3.6452,0.2804,0.1218,0.935,0.935,13,2.3364000000000003,0.17972307692307693,0.1905,0.2725,0.2725,completed
156,known_visit,HIPC,bernoulli,drop_0.25,19,361,4,10,hipc_h2_bernoulli_025,C:\Users\lottj\Desktop\research\decentralized benchmark\commitment-horizon-study\reference_core_benchmark_pilot\known_visit_10target_300.csv,01,16,2,0,17,0,1,0,0,0,0.0,0,0,42,34,8,113,19,11,5.3789,0.4889909090909091,0.4746,1.1202,1.1202,3.2487,0.2953363636363636,0.2744,0.8709,0.8709,11,2.1302,0.19365454545454544,0.1762,0.3307,0.3307,completed
156,known_visit,HIPC,bernoulli,drop_0.25,19,361,4,10,hipc_h2_bernoulli_025,C:\Users\lottj\Desktop\research\decentralized benchmark\commitment-horizon-study\reference_core_benchmark_pilot\known_visit_10target_300.csv,02,18,3,0,19,0,0,0,0,0,0.0,0,0,44,37,7,110,21,8,5.2879,0.6609875,0.4568,1.8638,1.8638,3.4894,0.436175,0.2493,1.55,1.55,8,1.7985,0.2248125,0.22585,0.3138,0.3138,completed
156,known_visit,HIPC,bernoulli,drop_0.25,19,361,4,10,hipc_h2_bernoulli_025,C:\Users\lottj\Desktop\research\decentralized benchmark\commitment-horizon-study\reference_core_benchmark_pilot\known_visit_10target_300.csv,03,18,3,0,19,0,0,0,0,0,0.0,0,0,48,38,10,107,20,6,4.4498,0.7416333333333333,0.7354499999999999,1.1825,1.1825,3.0434,0.5072333333333333,0.47914999999999996,0.9096,0.9096,6,1.4064,0.23440000000000003,0.23660000000000003,0.2937,0.2937,completed
157,known_visit,HIPC,bernoulli,drop_0.25,19,361,4,10,hipc_h2_bernoulli_025,C:\Users\lottj\Desktop\research\decentralized benchmark\commitment-horizon-study\reference_core_benchmark_pilot\known_visit_10target_300.csv,00,22,3,0,23,0,0,0,0,0,0.0,0,0,55,46,9,137,18,18,8.8264,0.49035555555555554,0.37265,1.145,1.145,5.4041999999999994,0.3002333333333333,0.189,0.8451,0.8451,18,3.4222,0.19012222222222222,0.1664,0.3385,0.3385,completed
157,known_visit,HIPC,bernoulli,drop_0.25,19,361,4,10,hipc_h2_bernoulli_025,C:\Users\lottj\Desktop\research\decentralized benchmark\commitment-horizon-study\reference_core_benchmark_pilot\known_visit_10target_300.csv,01,18,2,0,19,0,0,3,3,0,0.0,0,0,47,41,6,129,34,22,12.4159,0.564359090909091,0.5908,0.8768,0.9596,7.6484,0.34765454545454544,0.3447,0.6174,0.6362,22,4.7675,0.21670454545454546,0.22145,0.3234,0.3652,completed
157,known_visit,HIPC,bernoulli,drop_0.25,19,361,4,10,hipc_h2_bernoulli_025,C:\Users\lottj\Desktop\research\decentralized benchmark\commitment-horizon-study\reference_core_benchmark_pilot\known_visit_10target_300.csv,02,19,3,0,20,0,1,1,1,0,0.0,0,0,49,40,9,136,24,22,11.1299,0.5059045454545454,0.40685,1.2217,1.2741,6.4785,0.29447727272727275,0.2127,0.9305,0.963,22,4.6514,0.2114272727272727,0.21645,0.3102,0.3111,completed
157,known_visit,HIPC,bernoulli,drop_0.25,19,361,4,10,hipc_h2_bernoulli_025,C:\Users\lottj\Desktop\research\decentralized benchmark\commitment-horizon-study\reference_core_benchmark_pilot\known_visit_10target_300.csv,03,24,2,0,25,0,1,1,1,0,0.0,0,0,59,51,8,126,25,9,7.5804,0.8422666666666667,0.8264,1.3689,1.3689,5.3551,0.5950111111111112,0.5846,1.1822,1.1822,9,2.2253,0.24725555555555553,0.1867,0.5175,0.5175,completed
158,known_visit,HIPC,bernoulli,drop_0.25,19,361,4,10,hipc_h2_bernoulli_025,C:\Users\lottj\Desktop\research\decentralized benchmark\commitment-horizon-study\reference_core_benchmark_pilot\known_visit_10target_300.csv,00,29,2,0,29,1,0,0,0,0,0.0,0,0,63,59,4,122,32,7,4.4350000000000005,0.6335714285714287,0.555,1.0596,1.0596,3.0412,0.4344571428571428,0.3404,0.8758,0.8758,7,1.3938,0.19911428571428572,0.1838,0.2986,0.2986,completed
158,known_visit,HIPC,bernoulli,drop_0.25,19,361,4,10,hipc_h2_bernoulli_025,C:\Users\lottj\Desktop\research\decentralized benchmark\commitment-horizon-study\reference_core_benchmark_pilot\known_visit_10target_300.csv,01,29,5,0,30,0,0,0,0,0,0.0,0,0,68,59,9,135,15,9,4.8747,0.5416333333333333,0.3838,1.6142,1.6142,3.1679,0.3519888888888889,0.21,1.3325,1.3325,9,1.7068,0.18964444444444445,0.1763,0.2817,0.2817,completed
158,known_visit,HIPC,bernoulli,drop_0.25,19,361,4,10,hipc_h2_bernoulli_025,C:\Users\lottj\Desktop\research\decentralized benchmark\commitment-horizon-study\reference_core_benchmark_pilot\known_visit_10target_300.csv,02,20,2,0,20,1,1,1,1,0,0.0,0,0,54,43,11,142,21,37,12.6187,0.34104594594594595,0.247,0.8181,1.0073,6.8639,0.1855108108108108,0.1263,0.6282,0.6674,37,5.7548,0.15553513513513514,0.1216,0.2319,0.3399,completed
158,known_visit,HIPC,bernoulli,drop_0.25,19,361,4,10,hipc_h2_bernoulli_025,C:\Users\lottj\Desktop\research\decentralized benchmark\commitment-horizon-study\reference_core_benchmark_pilot\known_visit_10target_300.csv,03,12,1,0,13,0,1,0,0,0,0.0,0,0,33,26,7,162,22,64,25.281200000000002,0.39501875000000003,0.31505,0.7886,1.1526,14.4383,0.2255984375,0.13795000000000002,0.6069,0.9046,64,10.8429,0.1694203125,0.17945,0.2475,0.2628,completed
159,known_visit,HIPC,bernoulli,drop_0.25,19,361,4,10,hipc_h2_bernoulli_025,C:\Users\lottj\Desktop\research\decentralized benchmark\commitment-horizon-study\reference_core_benchmark_pilot\known_visit_10target_300.csv,00,22,4,0,23,0,0,0,0,0,0.0,0,0,52,45,7,119,23,7,4.6466,0.6638000000000001,0.5602,1.1461,1.1461,2.8733,0.41047142857142854,0.3577,0.8058,0.8058,7,1.7733,0.25332857142857146,0.27,0.3403,0.3403,completed
159,known_visit,HIPC,bernoulli,drop_0.25,19,361,4,10,hipc_h2_bernoulli_025,C:\Users\lottj\Desktop\research\decentralized benchmark\commitment-horizon-study\reference_core_benchmark_pilot\known_visit_10target_300.csv,01,19,3,0,20,0,0,0,0,0,0.0,0,0,47,40,7,123,23,15,9.419,0.6279333333333333,0.5016,1.4104,1.4104,5.8826,0.3921733333333333,0.3235,1.1196,1.1196,15,3.5364,0.23576,0.2195,0.3813,0.3813,completed
159,known_visit,HIPC,bernoulli,drop_0.25,19,361,4,10,hipc_h2_bernoulli_025,C:\Users\lottj\Desktop\research\decentralized benchmark\commitment-horizon-study\reference_core_benchmark_pilot\known_visit_10target_300.csv,02,21,1,0,22,0,3,5,1,1,5.0,1,0,55,46,9,114,24,8,8.4982,1.062275,1.1116000000000001,1.6403,1.6403,6.5202,0.815025,0.8927,1.3511,1.3511,8,1.978,0.24725,0.239,0.3244,0.3244,completed
159,known_visit,HIPC,bernoulli,drop_0.25,19,361,4,10,hipc_h2_bernoulli_025,C:\Users\lottj\Desktop\research\decentralized benchmark\commitment-horizon-study\reference_core_benchmark_pilot\known_visit_10target_300.csv,03,16,2,0,17,0,0,0,0,0,0.0,0,0,40,34,6,133,20,23,12.3681,0.5377434782608695,0.4147,1.1766,1.3282,7.363,0.3201304347826087,0.191,0.9129,1.0657,23,5.0051,0.21761304347826085,0.2109,0.2864,0.2869,completed
160,known_visit,HIPC,bernoulli,drop_0.25,19,361,4,10,hipc_h2_bernoulli_025,C:\Users\lottj\Desktop\research\decentralized benchmark\commitment-horizon-study\reference_core_benchmark_pilot\known_visit_10target_300.csv,00,27,5,0,28,0,0,0,0,0,0.0,0,0,64,55,9,120,27,7,4.6615,0.6659285714285714,0.7083,1.0385,1.0385,3.1205,0.4457857142857143,0.4687,0.7431,0.7431,7,1.541,0.22014285714285714,0.203,0.2954,0.2954,completed
160,known_visit,HIPC,bernoulli,drop_0.25,19,361,4,10,hipc_h2_bernoulli_025,C:\Users\lottj\Desktop\research\decentralized benchmark\commitment-horizon-study\reference_core_benchmark_pilot\known_visit_10target_300.csv,01,27,1,0,28,0,1,3,3,0,0.0,0,0,61,55,6,127,22,6,4.1721,0.69535,0.6053999999999999,1.0703,1.0703,2.8811999999999998,0.48019999999999996,0.42135,0.8197,0.8197,6,1.2909,0.21514999999999998,0.20525,0.3049,0.3049,completed
160,known_visit,HIPC,bernoulli,drop_0.25,19,361,4,10,hipc_h2_bernoulli_025,C:\Users\lottj\Desktop\research\decentralized benchmark\commitment-horizon-study\reference_core_benchmark_pilot\known_visit_10target_300.csv,02,16,2,0,17,0,1,3,3,0,0.0,0,0,43,37,6,142,25,39,15.5489,0.3986897435897436,0.3616,0.7306,0.8632,8.5949,0.2203820512820513,0.1576,0.5576,0.5745,39,6.954,0.1783076923076923,0.1885,0.2294,0.2887,completed
160,known_visit,HIPC,bernoulli,drop_0.25,19,361,4,10,hipc_h2_bernoulli_025,C:\Users\lottj\Desktop\research\decentralized benchmark\commitment-horizon-study\reference_core_benchmark_pilot\known_visit_10target_300.csv,03,18,2,0,19,0,0,0,0,0,0.0,0,0,43,38,5,137,30,36,15.5093,0.4308138888888889,0.4138,0.9212,1.0514,8.8185,0.24495833333333333,0.215,0.6506,0.7662,36,6.6908,0.18585555555555555,0.1951,0.2756,0.2852,completed
161,known_visit,HIPC,bernoulli,drop_0.25,19,361,4,10,hipc_h2_bernoulli_025,C:\Users\lottj\Desktop\research\decentralized benchmark\commitment-horizon-study\reference_core_benchmark_pilot\known_visit_10target_300.csv,00,12,2,0,13,0,0,0,0,0,0.0,0,0,32,26,6,129,25,39,16.3781,0.41995128205128207,0.3693,0.9148,1.2882,9.3744,0.24036923076923075,0.2076,0.6389,1.0082,39,7.0037,0.1795820512820513,0.1739,0.28,0.3191,completed
161,known_visit,HIPC,bernoulli,drop_0.25,19,361,4,10,hipc_h2_bernoulli_025,C:\Users\lottj\Desktop\research\decentralized benchmark\commitment-horizon-study\reference_core_benchmark_pilot\known_visit_10target_300.csv,01,23,2,0,24,0,2,0,0,0,0.0,0,0,55,47,8,110,22,7,4.8664,0.6951999999999999,0.598,1.2546,1.2546,3.5247,0.5035285714285714,0.4176,0.9706,0.9706,7,1.3417,0.19167142857142855,0.175,0.284,0.284,completed
161,known_visit,HIPC,bernoulli,drop_0.25,19,361,4,10,hipc_h2_bernoulli_025,C:\Users\lottj\Desktop\research\decentralized benchmark\commitment-horizon-study\reference_core_benchmark_pilot\known_visit_10target_300.csv,02,17,3,0,18,0,0,0,0,0,0.0,0,0,47,37,10,116,23,24,14.2132,0.5922166666666667,0.4236,1.3137,1.4707,9.1112,0.3796333333333333,0.1906,1.0621,1.1861,24,5.102,0.21258333333333335,0.21455000000000002,0.2846,0.3672,completed
161,known_visit,HIPC,bernoulli,drop_0.25,19,361,4,10,hipc_h2_bernoulli_025,C:\Users\lottj\Desktop\research\decentralized benchmark\commitment-horizon-study\reference_core_benchmark_pilot\known_visit_10target_300.csv,03,23,3,0,24,0,0,0,0,0,0.0,0,0,54,47,7,112,21,8,4.3432,0.5429,0.4982,0.9097,0.9097,2.9118,0.363975,0.32685,0.6475,0.6475,8,1.4314,0.178925,0.16544999999999999,0.2622,0.2622,completed
162,known_visit,HIPC,bernoulli,drop_0.25,19,361,4,10,hipc_h2_bernoulli_025,C:\Users\lottj\Desktop\research\decentralized benchmark\commitment-horizon-study\reference_core_benchmark_pilot\known_visit_10target_300.csv,00,27,3,0,28,0,0,0,0,0,0.0,0,0,71,56,15,143,21,15,7.763999999999999,0.5176,0.4144,1.1722,1.1722,4.9174,0.32782666666666666,0.216,0.8661,0.8661,15,2.8466,0.18977333333333332,0.1506,0.3061,0.3061,completed
162,known_visit,HIPC,bernoulli,drop_0.25,19,361,4,10,hipc_h2_bernoulli_025,C:\Users\lottj\Desktop\research\decentralized benchmark\commitment-horizon-study\reference_core_benchmark_pilot\known_visit_10target_300.csv,01,29,4,0,26,4,0,0,0,0,0.0,0,0,70,59,11,133,33,7,4.6094,0.6584857142857142,0.5648,1.3868,1.3868,3.1325,0.44749999999999995,0.4038,1.0715,1.0715,7,1.4769,0.2109857142857143,0.161,0.3153,0.3153,completed
162,known_visit,HIPC,bernoulli,drop_0.25,19,361,4,10,hipc_h2_bernoulli_025,C:\Users\lottj\Desktop\research\decentralized benchmark\commitment-horizon-study\reference_core_benchmark_pilot\known_visit_10target_300.csv,02,25,2,1,24,2,3,0,0,0,0.0,0,0,66,53,13,138,31,20,9.5484,0.47742000000000007,0.27090000000000003,1.4215,1.6267,6.1079,0.30539499999999997,0.13240000000000002,1.1255,1.3244,20,3.4405,0.172025,0.1373,0.296,0.3023,completed
162,known_visit,HIPC,bernoulli,drop_0.25,19,361,4,10,hipc_h2_bernoulli_025,C:\Users\lottj\Desktop\research\decentralized benchmark\commitment-horizon-study\reference_core_benchmark_pilot\known_visit_10target_300.csv,03,9,1,0,10,0,0,0,0,0,0.0,0,0,29,20,9,177,29,72,39.5158,0.5488305555555555,0.46504999999999996,1.0021,1.5591,26.4946,0.36798055555555553,0.29135,0.6936,1.2539,72,13.0212,0.18085,0.15485,0.305,0.3246,completed
163,known_visit,HIPC,bernoulli,drop_0.25,19,361,4,10,hipc_h2_bernoulli_025,C:\Users\lottj\Desktop\research\decentralized benchmark\commitment-horizon-study\reference_core_benchmark_pilot\known_visit_10target_300.csv,00,27,5,0,27,1,0,0,0,0,0.0,0,0,64,55,9,135,26,8,6.3897,0.7987125,0.7335499999999999,1.6153,1.6153,4.3753,0.5469125,0.49360000000000004,1.3461,1.3461,8,2.0144,0.2518,0.25470000000000004,0.2913,0.2913,completed
163,known_visit,HIPC,bernoulli,drop_0.25,19,361,4,10,hipc_h2_bernoulli_025,C:\Users\lottj\Desktop\research\decentralized benchmark\commitment-horizon-study\reference_core_benchmark_pilot\known_visit_10target_300.csv,01,22,2,0,22,1,0,1,1,0,0.0,0,0,58,47,11,145,22,23,13.819700000000001,0.6008565217391305,0.4349,1.4404,1.4712,8.6068,0.3742086956521739,0.201,1.1805,1.2027,23,5.2129,0.22664782608695652,0.227,0.2685,0.2849,completed
163,known_visit,HIPC,bernoulli,drop_0.25,19,361,4,10,hipc_h2_bernoulli_025,C:\Users\lottj\Desktop\research\decentralized benchmark\commitment-horizon-study\reference_core_benchmark_pilot\known_visit_10target_300.csv,02,26,1,0,25,2,1,0,0,0,0.0,0,0,61,54,7,136,27,12,13.6454,1.1371166666666668,1.0459,1.617,1.617,10.2278,0.8523166666666667,0.7777499999999999,1.3322,1.3322,12,3.4176,0.2848,0.2655,0.4382,0.4382,completed
163,known_visit,HIPC,bernoulli,drop_0.25,19,361,4,10,hipc_h2_bernoulli_025,C:\Users\lottj\Desktop\research\decentralized benchmark\commitment-horizon-study\reference_core_benchmark_pilot\known_visit_10target_300.csv,03,18,2,0,19,0,0,0,0,0,0.0,0,0,42,38,4,160,22,38,21.8018,0.5737315789473684,0.4627,1.0416,2.2789,12.3218,0.3242578947368421,0.2384,0.7271,1.785,38,9.48,0.24947368421052632,0.22055,0.4939,0.6208,completed
164,known_visit,HIPC,bernoulli,drop_0.25,19,361,4,10,hipc_h2_bernoulli_025,C:\Users\lottj\Desktop\research\decentralized benchmark\commitment-horizon-study\reference_core_benchmark_pilot\known_visit_10target_300.csv,00,14,3,0,15,0,0,0,0,0,0.0,0,0,39,30,9,182,30,60,31.2473,0.5207883333333333,0.44725000000000004,0.8433,1.3427,19.0413,0.317355,0.28259999999999996,0.5093,1.0437,60,12.206,0.20343333333333333,0.20765,0.2807,0.3665,completed
164,known_visit,HIPC,bernoulli,drop_0.25,19,361,4,10,hipc_h2_bernoulli_025,C:\Users\lottj\Desktop\research\decentralized benchmark\commitment-horizon-study\reference_core_benchmark_pilot\known_visit_10target_300.csv,01,29,0,1,21,9,3,0,0,0,0.0,0,0,73,61,12,147,31,13,7.9071,0.6082384615384615,0.4829,1.2042,1.2042,5.5386,0.42604615384615385,0.3096,1.027,1.027,13,2.3685,0.1821923076923077,0.1786,0.2286,0.2286,completed
164,known_visit,HIPC,bernoulli,drop_0.25,19,361,4,10,hipc_h2_bernoulli_025,C:\Users\lottj\Desktop\research\decentralized benchmark\commitment-horizon-study\reference_core_benchmark_pilot\known_visit_10target_300.csv,02,30,3,0,31,0,1,2,1,1,5.0,1,0,73,63,10,150,29,10,6.0562000000000005,0.60562,0.51475,0.9979,0.9979,3.9287,0.39287,0.31165,0.831,0.831,10,2.1275,0.21275,0.20555,0.2729,0.2729,completed
164,known_visit,HIPC,bernoulli,drop_0.25,19,361,4,10,hipc_h2_bernoulli_025,C:\Users\lottj\Desktop\research\decentralized benchmark\commitment-horizon-study\reference_core_benchmark_pilot\known_visit_10target_300.csv,03,27,4,0,28,0,1,0,0,0,0.0,0,0,67,56,11,153,31,20,9.380700000000001,0.46903500000000004,0.32805,0.9204,1.1142,5.3,0.265,0.1354,0.5609,0.8374,20,4.0807,0.20403500000000002,0.18035,0.2768,0.451,completed
165,known_visit,HIPC,bernoulli,drop_0.25,19,361,4,10,hipc_h2_bernoulli_025,C:\Users\lottj\Desktop\research\decentralized benchmark\commitment-horizon-study\reference_core_benchmark_pilot\known_visit_10target_300.csv,00,19,3,0,20,0,0,0,0,0,0.0,0,0,46,40,6,120,20,48,23.5887,0.49143125,0.46495,0.9119,1.3768,12.9787,0.27038958333333335,0.23735,0.6565,1.0854,48,10.61,0.22104166666666666,0.2243,0.2899,0.4303,completed
165,known_visit,HIPC,bernoulli,drop_0.25,19,361,4,10,hipc_h2_bernoulli_025,C:\Users\lottj\Desktop\research\decentralized benchmark\commitment-horizon-study\reference_core_benchmark_pilot\known_visit_10target_300.csv,01,8,2,0,9,0,0,0,0,0,0.0,0,0,24,18,6,141,20,82,50.6014,0.617090243902439,0.5831,0.9235,1.0822,32.0333,0.39064999999999994,0.3473,0.6646,0.9016,82,18.5681,0.22644024390243903,0.2355,0.3033,0.3704,completed
165,known_visit,HIPC,bernoulli,drop_0.25,19,361,4,10,hipc_h2_bernoulli_025,C:\Users\lottj\Desktop\research\decentralized benchmark\commitment-horizon-study\reference_core_benchmark_pilot\known_visit_10target_300.csv,02,18,2,1,18,1,0,0,0,0,0.0,0,0,44,38,6,124,17,48,28.1041,0.5855020833333333,0.56355,1.012,1.8051,17.2181,0.35871041666666664,0.32925,0.7574,1.5188,48,10.886,0.22679166666666664,0.23065,0.2863,0.5358,completed
165,known_visit,HIPC,bernoulli,drop_0.25,19,361,4,10,hipc_h2_bernoulli_025,C:\Users\lottj\Desktop\research\decentralized benchmark\commitment-horizon-study\reference_core_benchmark_pilot\known_visit_10target_300.csv,03,31,3,0,31,1,2,1,1,0,0.0,0,0,72,64,8,94,20,7,9.7628,1.3946857142857143,1.7264,1.9052,1.9052,7.8238,1.1176857142857144,1.4702,1.5286,1.5286,7,1.939,0.277,0.2643,0.3766,0.3766,completed
166,known_visit,HIPC,bernoulli,drop_0.25,19,361,4,10,hipc_h2_bernoulli_025,C:\Users\lottj\Desktop\research\decentralized benchmark\commitment-horizon-study\reference_core_benchmark_pilot\known_visit_10target_300.csv,00,25,4,0,26,0,0,0,0,0,0.0,0,0,60,52,8,106,16,31,15.0346,0.48498709677419355,0.3303,1.5103,1.5197,8.0299,0.2590290322580645,0.1154,1.2012,1.22,31,7.0047,0.22595806451612901,0.2176,0.3462,0.3643,completed
166,known_visit,HIPC,bernoulli,drop_0.25,19,361,4,10,hipc_h2_bernoulli_025,C:\Users\lottj\Desktop\research\decentralized benchmark\commitment-horizon-study\reference_core_benchmark_pilot\known_visit_10target_300.csv,01,6,1,0,7,0,0,0,0,0,0.0,0,0,19,14,5,135,27,94,52.536,0.5588936170212766,0.5373,0.9399,1.4997,31.3531,0.3335436170212766,0.31884999999999997,0.5934,1.1534,94,21.1829,0.22535,0.2186,0.3093,0.3553,completed
166,known_visit,HIPC,bernoulli,drop_0.25,19,361,4,10,hipc_h2_bernoulli_025,C:\Users\lottj\Desktop\research\decentralized benchmark\commitment-horizon-study\reference_core_benchmark_pilot\known_visit_10target_300.csv,02,32,4,0,33,0,1,0,0,0,0.0,0,0,74,65,9,93,15,7,6.6287,0.9469571428571429,0.7427,1.6384,1.6384,4.8443,0.6920428571428571,0.5889,1.3229,1.3229,7,1.7844,0.2549142857142857,0.2621,0.3396,0.3396,completed
166,known_visit,HIPC,bernoulli,drop_0.25,19,361,4,10,hipc_h2_bernoulli_025,C:\Users\lottj\Desktop\research\decentralized benchmark\commitment-horizon-study\reference_core_benchmark_pilot\known_visit_10target_300.csv,03,8,1,0,7,2,1,0,0,0,0.0,0,0,29,19,10,128,24,88,57.3469,0.6516693181818182,0.61895,1.2002,1.5689,36.9941,0.4203875,0.40105,0.8725,1.2761,88,20.3528,0.23128181818181817,0.2296,0.3436,0.4961,completed
167,known_visit,HIPC,bernoulli,drop_0.25,19,361,4,10,hipc_h2_bernoulli_025,C:\Users\lottj\Desktop\research\decentralized benchmark\commitment-horizon-study\reference_core_benchmark_pilot\known_visit_10target_300.csv,00,25,1,0,26,0,0,1,1,0,0.0,0,0,59,51,8,125,31,7,4.501,0.643,0.4694,1.1684,1.1684,3.1861,0.45515714285714287,0.279,0.875,0.875,7,1.3149,0.18784285714285714,0.1641,0.2934,0.2934,completed
167,known_visit,HIPC,bernoulli,drop_0.25,19,361,4,10,hipc_h2_bernoulli_025,C:\Users\lottj\Desktop\research\decentralized benchmark\commitment-horizon-study\reference_core_benchmark_pilot\known_visit_10target_300.csv,01,18,4,1,16,3,0,0,0,0,0.0,0,0,49,39,10,148,18,29,11.0433,0.3808034482758621,0.2729,1.2597,1.73,6.4929,0.22389310344827584,0.1058,0.899,1.4361,29,4.5504,0.1569103448275862,0.1319,0.2939,0.3607,completed
167,known_visit,HIPC,bernoulli,drop_0.25,19,361,4,10,hipc_h2_bernoulli_025,C:\Users\lottj\Desktop\research\decentralized benchmark\commitment-horizon-study\reference_core_benchmark_pilot\known_visit_10target_300.csv,02,17,1,3,13,5,1,0,0,0,0.0,0,0,50,38,12,140,25,34,14.316,0.42105882352941176,0.41745,1.2018,1.2914,7.8903,0.23206764705882352,0.20140000000000002,0.9137,0.9942,34,6.4257,0.18899117647058825,0.2153,0.2972,0.3246,completed
167,known_visit,HIPC,bernoulli,drop_0.25,19,361,4,10,hipc_h2_bernoulli_025,C:\Users\lottj\Desktop\research\decentralized benchmark\commitment-horizon-study\reference_core_benchmark_pilot\known_visit_10target_300.csv,03,25,4,0,26,0,0,0,0,0,0.0,0,0,58,51,7,141,17,8,4.9949,0.6243625,0.43069999999999997,1.3746,1.3746,3.2977000000000003,0.41221250000000004,0.24475000000000002,1.0233,1.0233,8,1.6972,0.21215,0.18595,0.3513,0.3513,completed
168,known_visit,HIPC,bernoulli,drop_0.25,19,361,4,10,hipc_h2_bernoulli_025,C:\Users\lottj\Desktop\research\decentralized benchmark\commitment-horizon-study\reference_core_benchmark_pilot\known_visit_10target_300.csv,00,11,1,1,10,2,0,0,0,0,0.0,0,0,31,25,6,135,20,48,26.4083,0.5501729166666667,0.41569999999999996,1.0759,1.2591,16.2234,0.33798750000000005,0.20800000000000002,0.8089,0.9841,48,10.1849,0.21218541666666668,0.2287,0.286,0.3496,completed
168,known_visit,HIPC,bernoulli,drop_0.25,19,361,4,10,hipc_h2_bernoulli_025,C:\Users\lottj\Desktop\research\decentralized benchmark\commitment-horizon-study\reference_core_benchmark_pilot\known_visit_10target_300.csv,01,19,3,0,20,0,0,0,0,0,0.0,0,0,49,40,9,113,24,22,9.879,0.4490454545454545,0.408,0.9322,1.0586,5.2558,0.2389,0.1779,0.643,0.8097,22,4.6232,0.21014545454545452,0.22615000000000002,0.2819,0.2892,completed
168,known_visit,HIPC,bernoulli,drop_0.25,19,361,4,10,hipc_h2_bernoulli_025,C:\Users\lottj\Desktop\research\decentralized benchmark\commitment-horizon-study\reference_core_benchmark_pilot\known_visit_10target_300.csv,02,24,3,0,25,0,0,0,0,0,0.0,0,0,55,49,6,110,22,7,4.9382,0.7054571428571429,0.674,1.3327,1.3327,3.4684,0.49548571428571425,0.3748,1.169,1.169,7,1.4698,0.20997142857142856,0.1822,0.3544,0.3544,completed
168,known_visit,HIPC,bernoulli,drop_0.25,19,361,4,10,hipc_h2_bernoulli_025,C:\Users\lottj\Desktop\research\decentralized benchmark\commitment-horizon-study\reference_core_benchmark_pilot\known_visit_10target_300.csv,03,22,3,0,23,0,0,0,0,0,0.0,0,0,52,46,6,117,17,10,6.6385,0.6638499999999999,0.49595,1.7962,1.7962,4.5916,0.45915999999999996,0.28385,1.5343,1.5343,10,2.0469,0.20468999999999998,0.2121,0.2673,0.2673,completed
169,known_visit,HIPC,bernoulli,drop_0.25,19,361,4,10,hipc_h2_bernoulli_025,C:\Users\lottj\Desktop\research\decentralized benchmark\commitment-horizon-study\reference_core_benchmark_pilot\known_visit_10target_300.csv,00,21,2,2,19,3,1,0,0,0,0.0,0,0,53,44,9,131,18,12,6.4308,0.5358999999999999,0.43835,1.2142,1.2142,3.9681,0.330675,0.2486,1.0362,1.0362,12,2.4627,0.205225,0.2067,0.2746,0.2746,completed
169,known_visit,HIPC,bernoulli,drop_0.25,19,361,4,10,hipc_h2_bernoulli_025,C:\Users\lottj\Desktop\research\decentralized benchmark\commitment-horizon-study\reference_core_benchmark_pilot\known_visit_10target_300.csv,01,22,5,0,23,0,1,2,1,1,5.0,1,0,58,47,11,130,15,10,6.609,0.6609,0.64175,1.0036,1.0036,4.4192,0.44192,0.39465,0.8446,0.8446,10,2.1898,0.21898,0.228,0.2735,0.2735,completed
169,known_visit,HIPC,bernoulli,drop_0.25,19,361,4,10,hipc_h2_bernoulli_025,C:\Users\lottj\Desktop\research\decentralized benchmark\commitment-horizon-study\reference_core_benchmark_pilot\known_visit_10target_300.csv,02,16,2,0,17,0,2,0,0,0,0.0,0,0,47,34,13,135,20,29,12.2292,0.42169655172413795,0.3517,0.8527,1.1752,6.753,0.23286206896551725,0.1678,0.5841,0.9079,29,5.4762,0.1888344827586207,0.1672,0.2686,0.2776,completed
169,known_visit,HIPC,bernoulli,drop_0.25,19,361,4,10,hipc_h2_bernoulli_025,C:\Users\lottj\Desktop\research\decentralized benchmark\commitment-horizon-study\reference_core_benchmark_pilot\known_visit_10target_300.csv,03,15,1,1,14,2,2,0,0,0,0.0,0,0,45,32,13,139,19,29,11.8724,0.4093931034482759,0.3316,1.0311,1.3405,6.2448,0.21533793103448276,0.1353,0.7693,1.0703,29,5.6276,0.1940551724137931,0.1963,0.2702,0.2737,completed
170,known_visit,HIPC,bernoulli,drop_0.25,19,361,4,10,hipc_h2_bernoulli_025,C:\Users\lottj\Desktop\research\decentralized benchmark\commitment-horizon-study\reference_core_benchmark_pilot\known_visit_10target_300.csv,00,25,3,1,24,2,1,0,0,0,0.0,0,0,64,51,13,131,36,7,5.571,0.7958571428571428,0.808,1.3331,1.3331,3.9577,0.5653857142857143,0.5615,1.0591,1.0591,7,1.6133000000000002,0.2304714285714286,0.2479,0.274,0.274,completed
170,known_visit,HIPC,bernoulli,drop_0.25,19,361,4,10,hipc_h2_bernoulli_025,C:\Users\lottj\Desktop\research\decentralized benchmark\commitment-horizon-study\reference_core_benchmark_pilot\known_visit_10target_300.csv,01,17,1,1,15,3,4,0,0,0,0.0,0,0,50,36,14,153,28,34,17.9259,0.5272323529411764,0.3367,1.9501,2.1602,10.7364,0.31577647058823527,0.12440000000000001,1.6407,1.8215,34,7.1895,0.21145588235294116,0.1994,0.3609,0.5435,completed
170,known_visit,HIPC,bernoulli,drop_0.25,19,361,4,10,hipc_h2_bernoulli_025,C:\Users\lottj\Desktop\research\decentralized benchmark\commitment-horizon-study\reference_core_benchmark_pilot\known_visit_10target_300.csv,02,22,3,0,23,0,1,0,0,0,0.0,0,0,59,46,13,145,26,16,8.3885,0.52428125,0.36255000000000004,1.2085,1.2085,4.9773,0.31108125,0.173,0.7863,0.7863,16,3.4112,0.2132,0.1913,0.4559,0.4559,completed
170,known_visit,HIPC,bernoulli,drop_0.25,19,361,4,10,hipc_h2_bernoulli_025,C:\Users\lottj\Desktop\research\decentralized benchmark\commitment-horizon-study\reference_core_benchmark_pilot\known_visit_10target_300.csv,03,26,3,0,27,0,0,0,0,0,0.0,0,0,58,53,5,141,32,8,5.608,0.701,0.5685,1.7479,1.7479,3.8584,0.4823,0.33275,1.4378,1.4378,8,1.7496,0.2187,0.23295000000000002,0.3101,0.3101,completed
171,known_visit,HIPC,bernoulli,drop_0.25,19,361,4,10,hipc_h2_bernoulli_025,C:\Users\lottj\Desktop\research\decentralized benchmark\commitment-horizon-study\reference_core_benchmark_pilot\known_visit_10target_300.csv,00,17,5,0,18,0,0,0,0,0,0.0,0,0,46,36,10,151,25,46,15.8031,0.34354565217391303,0.2192,0.8779,1.6995,8.3097,0.18064565217391304,0.08595,0.5869,1.4211,46,7.4934,0.16290000000000002,0.13355,0.2784,0.3011,completed
171,known_visit,HIPC,bernoulli,drop_0.25,19,361,4,10,hipc_h2_bernoulli_025,C:\Users\lottj\Desktop\research\decentralized benchmark\commitment-horizon-study\reference_core_benchmark_pilot\known_visit_10target_300.csv,01,30,3,0,31,0,0,0,0,0,0.0,0,0,72,61,11,131,19,7,4.8966,0.6995142857142858,0.6488,1.1931,1.1931,3.3223000000000003,0.47461428571428577,0.4056,0.899,0.899,7,1.5743,0.22490000000000002,0.2077,0.2941,0.2941,completed
171,known_visit,HIPC,bernoulli,drop_0.25,19,361,4,10,hipc_h2_bernoulli_025,C:\Users\lottj\Desktop\research\decentralized benchmark\commitment-horizon-study\reference_core_benchmark_pilot\known_visit_10target_300.csv,02,29,2,1,26,4,0,2,2,0,0.0,0,0,67,61,6,125,30,7,5.0128,0.7161142857142858,0.6616,1.3408,1.3408,3.46,0.4942857142857143,0.4786,1.0832,1.0832,7,1.5528,0.22182857142857143,0.2246,0.2871,0.2871,completed
171,known_visit,HIPC,bernoulli,drop_0.25,19,361,4,10,hipc_h2_bernoulli_025,C:\Users\lottj\Desktop\research\decentralized benchmark\commitment-horizon-study\reference_core_benchmark_pilot\known_visit_10target_300.csv,03,14,0,0,15,0,0,0,0,0,0.0,0,0,37,30,7,153,31,58,23.5981,0.4068637931034483,0.35205,0.8129,1.1368,13.18,0.22724137931034483,0.15744999999999998,0.5755,0.8904,58,10.4181,0.17962241379310345,0.18355,0.2507,0.3027,completed
172,known_visit,HIPC,bernoulli,drop_0.25,19,361,4,10,hipc_h2_bernoulli_025,C:\Users\lottj\Desktop\research\decentralized benchmark\commitment-horizon-study\reference_core_benchmark_pilot\known_visit_10target_300.csv,00,19,1,0,20,0,1,1,1,0,0.0,0,0,52,40,12,115,23,9,8.6155,0.9572777777777779,0.8679,1.9008,1.9008,5.492,0.6102222222222222,0.5771,1.2367,1.2367,9,3.1235,0.34705555555555556,0.328,0.6641,0.6641,completed
172,known_visit,HIPC,bernoulli,drop_0.25,19,361,4,10,hipc_h2_bernoulli_025,C:\Users\lottj\Desktop\research\decentralized benchmark\commitment-horizon-study\reference_core_benchmark_pilot\known_visit_10target_300.csv,01,20,3,0,21,0,0,0,0,0,0.0,0,0,49,41,8,118,23,10,8.1236,0.81236,0.79085,1.1993,1.1993,5.6519,0.5651900000000001,0.55835,0.9116,0.9116,10,2.4717000000000002,0.24717000000000003,0.26154999999999995,0.2989,0.2989,completed
172,known_visit,HIPC,bernoulli,drop_0.25,19,361,4,10,hipc_h2_bernoulli_025,C:\Users\lottj\Desktop\research\decentralized benchmark\commitment-horizon-study\reference_core_benchmark_pilot\known_visit_10target_300.csv,02,19,3,0,20,0,1,0,0,0,0.0,0,0,47,39,8,117,25,8,6.1686,0.771075,0.72855,1.2396,1.2396,3.797,0.474625,0.41405000000000003,0.9626,0.9626,8,2.3716,0.29645,0.29525,0.4304,0.4304,completed
172,known_visit,HIPC,bernoulli,drop_0.25,19,361,4,10,hipc_h2_bernoulli_025,C:\Users\lottj\Desktop\research\decentralized benchmark\commitment-horizon-study\reference_core_benchmark_pilot\known_visit_10target_300.csv,03,16,3,0,17,0,0,0,0,0,0.0,0,0,42,34,8,124,23,17,9.0279,0.5310529411764706,0.498,0.9018,0.9018,4.8784,0.28696470588235296,0.2296,0.623,0.623,17,4.1495,0.24408823529411763,0.264,0.3008,0.3008,completed
173,known_visit,HIPC,bernoulli,drop_0.25,19,361,4,10,hipc_h2_bernoulli_025,C:\Users\lottj\Desktop\research\decentralized benchmark\commitment-horizon-study\reference_core_benchmark_pilot\known_visit_10target_300.csv,00,21,2,0,22,0,0,0,0,0,0.0,0,0,50,44,6,225,30,66,27.7164,0.41994545454545457,0.39465,0.8109,1.0987,14.8279,0.2246651515151515,0.1835,0.5348,0.786,66,12.8885,0.19528030303030303,0.19915,0.2677,0.3224,completed
173,known_visit,HIPC,bernoulli,drop_0.25,19,361,4,10,hipc_h2_bernoulli_025,C:\Users\lottj\Desktop\research\decentralized benchmark\commitment-horizon-study\reference_core_benchmark_pilot\known_visit_10target_300.csv,01,36,2,0,37,0,3,3,2,1,5.0,1,0,87,78,9,183,36,15,9.9371,0.6624733333333332,0.6042,1.4239,1.4239,6.9505,0.46336666666666665,0.3993,1.0969,1.0969,15,2.9866,0.19910666666666668,0.198,0.327,0.327,completed
173,known_visit,HIPC,bernoulli,drop_0.25,19,361,4,10,hipc_h2_bernoulli_025,C:\Users\lottj\Desktop\research\decentralized benchmark\commitment-horizon-study\reference_core_benchmark_pilot\known_visit_10target_300.csv,02,35,2,1,32,4,1,2,1,1,5.0,1,0,85,74,11,189,32,18,9.1295,0.5071944444444445,0.38139999999999996,1.745,1.745,5.467,0.3037222222222222,0.177,1.4294,1.4294,18,3.6625,0.20347222222222222,0.18695,0.3332,0.3332,completed
173,known_visit,HIPC,bernoulli,drop_0.25,19,361,4,10,hipc_h2_bernoulli_025,C:\Users\lottj\Desktop\research\decentralized benchmark\commitment-horizon-study\reference_core_benchmark_pilot\known_visit_10target_300.csv,03,35,4,0,36,0,1,0,0,0,0.0,0,0,84,72,12,196,25,20,11.1064,0.55532,0.3731,1.7993,1.8525,7.059,0.35295,0.15975,1.5248,1.5424,20,4.0474,0.20237,0.19290000000000002,0.2569,0.3277,completed
174,known_visit,HIPC,bernoulli,drop_0.25,19,361,4,10,hipc_h2_bernoulli_025,C:\Users\lottj\Desktop\research\decentralized benchmark\commitment-horizon-study\reference_core_benchmark_pilot\known_visit_10target_300.csv,00,16,3,0,17,0,0,0,0,0,0.0,0,0,41,34,7,135,25,30,13.4776,0.44925333333333334,0.387,0.9424,1.3539,7.1592,0.23864000000000002,0.1753,0.5119,1.065,30,6.3184,0.21061333333333332,0.20775,0.2889,0.4305,completed
174,known_visit,HIPC,bernoulli,drop_0.25,19,361,4,10,hipc_h2_bernoulli_025,C:\Users\lottj\Desktop\research\decentralized benchmark\commitment-horizon-study\reference_core_benchmark_pilot\known_visit_10target_300.csv,01,23,2,0,21,3,0,0,0,0,0.0,0,0,55,48,7,128,17,7,5.7352,0.8193142857142857,0.71,1.2617,1.2617,3.8915,0.5559285714285714,0.4147,0.9676,0.9676,7,1.8437,0.2633857142857143,0.2581,0.3194,0.3194,completed
174,known_visit,HIPC,bernoulli,drop_0.25,19,361,4,10,hipc_h2_bernoulli_025,C:\Users\lottj\Desktop\research\decentralized benchmark\commitment-horizon-study\reference_core_benchmark_pilot\known_visit_10target_300.csv,02,24,4,0,25,0,0,0,0,0,0.0,0,0,57,49,8,122,22,5,3.8338,0.76676,0.6245,1.4258,1.4258,2.5789,0.51578,0.3521,1.126,1.126,5,1.2549,0.25098,0.2499,0.2998,0.2998,completed
174,known_visit,HIPC,bernoulli,drop_0.25,19,361,4,10,hipc_h2_bernoulli_025,C:\Users\lottj\Desktop\research\decentralized benchmark\commitment-horizon-study\reference_core_benchmark_pilot\known_visit_10target_300.csv,03,20,1,1,14,7,1,0,0,0,0.0,0,0,48,42,6,126,26,18,9.229,0.5127222222222222,0.44965,0.9995,0.9995,5.4901,0.30500555555555553,0.2338,0.7136,0.7136,18,3.7389,0.20771666666666666,0.21375,0.3176,0.3176,completed
175,known_visit,HIPC,bernoulli,drop_0.25,19,361,4,10,hipc_h2_bernoulli_025,C:\Users\lottj\Desktop\research\decentralized benchmark\commitment-horizon-study\reference_core_benchmark_pilot\known_visit_10target_300.csv,00,18,1,0,19,0,1,0,0,0,0.0,0,0,45,38,7,136,22,19,9.1768,0.4829894736842105,0.3961,1.1215,1.1215,5.3855,0.28344736842105267,0.2266,0.9443,0.9443,19,3.7913,0.1995421052631579,0.1915,0.3606,0.3606,completed
175,known_visit,HIPC,bernoulli,drop_0.25,19,361,4,10,hipc_h2_bernoulli_025,C:\Users\lottj\Desktop\research\decentralized benchmark\commitment-horizon-study\reference_core_benchmark_pilot\known_visit_10target_300.csv,01,22,5,0,23,0,1,0,0,0,0.0,0,0,59,45,14,126,19,8,4.4591,0.5573875,0.4779,0.9192,0.9192,2.8121,0.3515125,0.29195,0.6564,0.6564,8,1.647,0.205875,0.20335,0.2628,0.2628,completed
175,known_visit,HIPC,bernoulli,drop_0.25,19,361,4,10,hipc_h2_bernoulli_025,C:\Users\lottj\Desktop\research\decentralized benchmark\commitment-horizon-study\reference_core_benchmark_pilot\known_visit_10target_300.csv,02,21,2,1,19,3,2,1,1,0,0.0,0,0,52,45,7,122,29,9,6.2227,0.6914111111111111,0.7131,1.1922,1.1922,4.2996,0.47773333333333334,0.4631,0.8722,0.8722,9,1.9231,0.21367777777777777,0.1933,0.32,0.32,completed
175,known_visit,HIPC,bernoulli,drop_0.25,19,361,4,10,hipc_h2_bernoulli_025,C:\Users\lottj\Desktop\research\decentralized benchmark\commitment-horizon-study\reference_core_benchmark_pilot\known_visit_10target_300.csv,03,19,2,0,20,0,1,0,0,0,0.0,0,0,48,40,8,139,17,15,7.0711,0.4714066666666667,0.3732,0.9058,0.9058,3.9614,0.26409333333333335,0.1592,0.6788,0.6788,15,3.1097,0.20731333333333335,0.1992,0.2545,0.2545,completed
176,known_visit,HIPC,bernoulli,drop_0.25,19,361,4,10,hipc_h2_bernoulli_025,C:\Users\lottj\Desktop\research\decentralized benchmark\commitment-horizon-study\reference_core_benchmark_pilot\known_visit_10target_300.csv,00,27,3,0,28,0,0,0,0,0,0.0,0,0,62,55,7,146,25,7,4.6314,0.6616285714285715,0.6063,0.9291,0.9291,3.0387,0.4341,0.4291,0.6492,0.6492,7,1.5927,0.22752857142857144,0.2278,0.3015,0.3015,completed
176,known_visit,HIPC,bernoulli,drop_0.25,19,361,4,10,hipc_h2_bernoulli_025,C:\Users\lottj\Desktop\research\decentralized benchmark\commitment-horizon-study\reference_core_benchmark_pilot\known_visit_10target_300.csv,01,19,0,1,17,3,1,3,1,1,5.0,1,0,50,41,9,157,26,32,25.1967,0.787396875,0.8192,1.0453,1.6999,18.1446,0.56701875,0.59125,0.8413,1.4567,32,7.0521,0.220378125,0.22444999999999998,0.2788,0.3161,completed
176,known_visit,HIPC,bernoulli,drop_0.25,19,361,4,10,hipc_h2_bernoulli_025,C:\Users\lottj\Desktop\research\decentralized benchmark\commitment-horizon-study\reference_core_benchmark_pilot\known_visit_10target_300.csv,02,27,3,0,28,0,4,0,0,0,0.0,0,0,67,55,12,137,30,10,9.0845,0.90845,0.83955,1.6264,1.6264,6.9313,0.69313,0.6351,1.3725,1.3725,10,2.1532,0.21532,0.20600000000000002,0.3193,0.3193,completed
176,known_visit,HIPC,bernoulli,drop_0.25,19,361,4,10,hipc_h2_bernoulli_025,C:\Users\lottj\Desktop\research\decentralized benchmark\commitment-horizon-study\reference_core_benchmark_pilot\known_visit_10target_300.csv,03,22,4,0,23,0,1,0,0,0,0.0,0,0,55,46,9,151,28,23,10.5594,0.45910434782608694,0.2876,1.3989,1.4116,5.8604,0.2548,0.0946,1.04,1.1511,23,4.699,0.20430434782608695,0.1904,0.2631,0.4062,completed
177,known_visit,HIPC,bernoulli,drop_0.25,19,361,4,10,hipc_h2_bernoulli_025,C:\Users\lottj\Desktop\research\decentralized benchmark\commitment-horizon-study\reference_core_benchmark_pilot\known_visit_10target_300.csv,00,20,4,0,21,0,1,0,0,0,0.0,0,0,50,41,9,121,22,7,5.7537,0.8219571428571429,0.8186,1.2925,1.2925,3.9576,0.5653714285714285,0.5546,1.0344,1.0344,7,1.7961,0.2565857142857143,0.2518,0.2893,0.2893,completed
177,known_visit,HIPC,bernoulli,drop_0.25,19,361,4,10,hipc_h2_bernoulli_025,C:\Users\lottj\Desktop\research\decentralized benchmark\commitment-horizon-study\reference_core_benchmark_pilot\known_visit_10target_300.csv,01,20,3,0,21,0,0,0,0,0,0.0,0,0,46,41,5,131,17,9,6.2667,0.6963,0.705,1.1793,1.1793,3.8813,0.43125555555555556,0.4315,0.8693,0.8693,9,2.3853999999999997,0.2650444444444444,0.2495,0.31,0.31,completed
177,known_visit,HIPC,bernoulli,drop_0.25,19,361,4,10,hipc_h2_bernoulli_025,C:\Users\lottj\Desktop\research\decentralized benchmark\commitment-horizon-study\reference_core_benchmark_pilot\known_visit_10target_300.csv,02,19,1,1,19,1,1,0,0,0,0.0,0,0,51,39,12,124,19,7,6.6757,0.9536714285714286,0.7768,1.9673,1.9673,4.3907,0.6272428571428571,0.4874,1.3232,1.3232,7,2.285,0.32642857142857146,0.2806,0.6441,0.6441,completed
177,known_visit,HIPC,bernoulli,drop_0.25,19,361,4,10,hipc_h2_bernoulli_025,C:\Users\lottj\Desktop\research\decentralized benchmark\commitment-horizon-study\reference_core_benchmark_pilot\known_visit_10target_300.csv,03,18,2,1,16,3,0,0,0,0,0.0,0,0,47,38,9,116,31,10,7.2559000000000005,0.7255900000000001,0.7055,1.2068,1.2068,4.6494,0.46494,0.41295000000000004,0.9061,0.9061,10,2.6065,0.26065,0.2589,0.3038,0.3038,completed
178,known_visit,HIPC,bernoulli,drop_0.25,19,361,4,10,hipc_h2_bernoulli_025,C:\Users\lottj\Desktop\research\decentralized benchmark\commitment-horizon-study\reference_core_benchmark_pilot\known_visit_10target_300.csv,00,18,2,0,19,0,0,0,0,0,0.0,0,0,40,37,3,111,15,7,5.4115,0.7730714285714286,0.7104,1.6106,1.6106,3.7283,0.5326142857142857,0.4789,1.2719,1.2719,7,1.6832,0.24045714285714287,0.2454,0.3387,0.3387,completed
178,known_visit,HIPC,bernoulli,drop_0.25,19,361,4,10,hipc_h2_bernoulli_025,C:\Users\lottj\Desktop\research\decentralized benchmark\commitment-horizon-study\reference_core_benchmark_pilot\known_visit_10target_300.csv,01,14,1,0,15,0,0,0,0,0,0.0,0,0,38,30,8,113,14,15,8.7837,0.58558,0.4924,1.6307,1.6307,5.7802999999999995,0.3853533333333333,0.2599,1.3492,1.3492,15,3.0034,0.20022666666666666,0.2105,0.2815,0.2815,completed
178,known_visit,HIPC,bernoulli,drop_0.25,19,361,4,10,hipc_h2_bernoulli_025,C:\Users\lottj\Desktop\research\decentralized benchmark\commitment-horizon-study\reference_core_benchmark_pilot\known_visit_10target_300.csv,02,17,5,0,18,0,0,0,0,0,0.0,0,0,44,35,9,106,15,7,5.1169,0.7309857142857143,0.7266,1.2459,1.2459,3.5387,0.5055285714285714,0.4901,1.0519,1.0519,7,1.5782,0.22545714285714286,0.2285,0.2475,0.2475,completed
178,known_visit,HIPC,bernoulli,drop_0.25,19,361,4,10,hipc_h2_bernoulli_025,C:\Users\lottj\Desktop\research\decentralized benchmark\commitment-horizon-study\reference_core_benchmark_pilot\known_visit_10target_300.csv,03,17,2,0,17,1,1,0,0,0,0.0,0,0,44,35,9,108,13,6,4.8837,0.8139500000000001,0.9099,1.1162,1.1162,3.4112,0.5685333333333333,0.65655,0.8849,0.8849,6,1.4725,0.24541666666666664,0.24,0.3459,0.3459,completed
179,known_visit,HIPC,bernoulli,drop_0.25,19,361,4,10,hipc_h2_bernoulli_025,C:\Users\lottj\Desktop\research\decentralized benchmark\commitment-horizon-study\reference_core_benchmark_pilot\known_visit_10target_300.csv,00,20,1,0,18,3,1,0,0,0,0.0,0,0,50,42,8,115,24,15,15.893,1.0595333333333334,1.1627,1.6228,1.6228,11.8382,0.7892133333333333,0.8682,1.2974,1.2974,15,4.0548,0.27032,0.2802,0.3572,0.3572,completed
179,known_visit,HIPC,bernoulli,drop_0.25,19,361,4,10,hipc_h2_bernoulli_025,C:\Users\lottj\Desktop\research\decentralized benchmark\commitment-horizon-study\reference_core_benchmark_pilot\known_visit_10target_300.csv,01,22,3,0,23,0,1,0,0,0,0.0,0,0,54,45,9,114,22,7,8.086500000000001,1.1552142857142857,1.0163,2.1286,2.1286,6.0725999999999996,0.8675142857142857,0.7364,1.8132,1.8132,7,2.0139,0.2877,0.3131,0.3697,0.3697,completed
179,known_visit,HIPC,bernoulli,drop_0.25,19,361,4,10,hipc_h2_bernoulli_025,C:\Users\lottj\Desktop\research\decentralized benchmark\commitment-horizon-study\reference_core_benchmark_pilot\known_visit_10target_300.csv,02,10,3,0,11,0,0,0,0,0,0.0,0,0,30,22,8,132,27,47,22.9576,0.4884595744680851,0.4328,0.9098,1.1647,13.4026,0.28516170212765957,0.2326,0.6667,0.9905,47,9.555,0.20329787234042554,0.1984,0.3086,0.4204,completed
179,known_visit,HIPC,bernoulli,drop_0.25,19,361,4,10,hipc_h2_bernoulli_025,C:\Users\lottj\Desktop\research\decentralized benchmark\commitment-horizon-study\reference_core_benchmark_pilot\known_visit_10target_300.csv,03,23,3,0,24,0,1,0,0,0,0.0,0,0,56,47,9,106,28,7,5.7417,0.8202428571428572,0.9143,1.1201,1.1201,4.0168,0.5738285714285715,0.6289,0.9256,0.9256,7,1.7249,0.24641428571428572,0.2651,0.2868,0.2868,completed
180,known_visit,HIPC,bernoulli,drop_0.25,19,361,4,10,hipc_h2_bernoulli_025,C:\Users\lottj\Desktop\research\decentralized benchmark\commitment-horizon-study\reference_core_benchmark_pilot\known_visit_10target_300.csv,00,29,3,0,30,0,0,0,0,0,0.0,0,0,70,59,11,115,20,9,6.2793,0.6977,0.64,1.1279,1.1279,4.2365,0.47072222222222226,0.4227,0.8768,0.8768,9,2.0427999999999997,0.22697777777777775,0.2478,0.2894,0.2894,completed
180,known_visit,HIPC,bernoulli,drop_0.25,19,361,4,10,hipc_h2_bernoulli_025,C:\Users\lottj\Desktop\research\decentralized benchmark\commitment-horizon-study\reference_core_benchmark_pilot\known_visit_10target_300.csv,01,13,2,0,14,0,0,0,0,0,0.0,0,0,35,28,7,146,24,57,23.9764,0.4206385964912281,0.3546,0.8278,1.4383,12.7865,0.2243245614035088,0.1676,0.5736,1.2611,57,11.1899,0.1963140350877193,0.1974,0.2918,0.3453,completed
180,known_visit,HIPC,bernoulli,drop_0.25,19,361,4,10,hipc_h2_bernoulli_025,C:\Users\lottj\Desktop\research\decentralized benchmark\commitment-horizon-study\reference_core_benchmark_pilot\known_visit_10target_300.csv,02,14,2,0,15,0,1,0,0,0,0.0,0,0,39,30,9,144,21,56,22.4172,0.40030714285714286,0.34595,0.7891,0.966,11.3102,0.20196785714285714,0.15415,0.5326,0.7739,56,11.107,0.1983392857142857,0.19669999999999999,0.264,0.3297,completed
180,known_visit,HIPC,bernoulli,drop_0.25,19,361,4,10,hipc_h2_bernoulli_025,C:\Users\lottj\Desktop\research\decentralized benchmark\commitment-horizon-study\reference_core_benchmark_pilot\known_visit_10target_300.csv,03,23,3,0,24,0,1,0,0,0,0.0,0,0,61,49,12,127,16,25,14.2112,0.568448,0.3626,1.2665,1.6781,8.5249,0.340996,0.1498,0.9463,1.3925,25,5.6863,0.22745200000000002,0.2186,0.2986,0.3202,completed
181,known_visit,HIPC,bernoulli,drop_0.25,19,361,4,10,hipc_h2_bernoulli_025,C:\Users\lottj\Desktop\research\decentralized benchmark\commitment-horizon-study\reference_core_benchmark_pilot\known_visit_10target_300.csv,00,20,2,0,21,0,0,0,0,0,0.0,0,0,52,42,10,139,29,21,7.5515,0.3595952380952381,0.2775,0.7478,0.9787,4.0521,0.19295714285714288,0.1149,0.569,0.7165,21,3.4994,0.16663809523809525,0.1657,0.2591,0.2622,completed
181,known_visit,HIPC,bernoulli,drop_0.25,19,361,4,10,hipc_h2_bernoulli_025,C:\Users\lottj\Desktop\research\decentralized benchmark\commitment-horizon-study\reference_core_benchmark_pilot\known_visit_10target_300.csv,01,25,4,0,26,0,0,0,0,0,0.0,0,0,61,51,10,127,32,7,4.9727,0.7103857142857143,0.487,1.6501,1.6501,3.5545,0.5077857142857143,0.3351,1.3477,1.3477,7,1.4182000000000001,0.20260000000000003,0.1897,0.3024,0.3024,completed
181,known_visit,HIPC,bernoulli,drop_0.25,19,361,4,10,hipc_h2_bernoulli_025,C:\Users\lottj\Desktop\research\decentralized benchmark\commitment-horizon-study\reference_core_benchmark_pilot\known_visit_10target_300.csv,02,21,2,0,22,0,0,0,0,0,0.0,0,0,57,45,12,133,29,18,7.9047,0.43915,0.3359,0.9372,0.9372,4.6654,0.2591888888888889,0.15775,0.6424,0.6424,18,3.2393,0.17996111111111113,0.17875000000000002,0.2948,0.2948,completed
181,known_visit,HIPC,bernoulli,drop_0.25,19,361,4,10,hipc_h2_bernoulli_025,C:\Users\lottj\Desktop\research\decentralized benchmark\commitment-horizon-study\reference_core_benchmark_pilot\known_visit_10target_300.csv,03,21,2,0,22,0,0,0,0,0,0.0,0,0,50,44,6,145,24,17,6.3279,0.37222941176470586,0.3354,0.7496,0.7496,3.318,0.19517647058823528,0.1494,0.4836,0.4836,17,3.0099,0.17705294117647058,0.1731,0.2738,0.2738,completed
182,known_visit,HIPC,bernoulli,drop_0.25,19,361,4,10,hipc_h2_bernoulli_025,C:\Users\lottj\Desktop\research\decentralized benchmark\commitment-horizon-study\reference_core_benchmark_pilot\known_visit_10target_300.csv,00,28,5,0,29,0,0,0,0,0,0.0,0,0,66,57,9,122,18,9,5.6991,0.6332333333333333,0.5821,1.4647,1.4647,3.6371,0.40412222222222227,0.3513,1.2072,1.2072,9,2.062,0.2291111111111111,0.2409,0.3632,0.3632,completed
182,known_visit,HIPC,bernoulli,drop_0.25,19,361,4,10,hipc_h2_bernoulli_025,C:\Users\lottj\Desktop\research\decentralized benchmark\commitment-horizon-study\reference_core_benchmark_pilot\known_visit_10target_300.csv,01,20,0,3,17,4,3,4,2,2,10.0,1,0,60,47,13,119,26,32,16.1324,0.5041375,0.4012,0.9772,1.5831,9.2463,0.288946875,0.1994,0.7434,1.2958,32,6.8861,0.215190625,0.21725,0.2656,0.2873,completed
182,known_visit,HIPC,bernoulli,drop_0.25,19,361,4,10,hipc_h2_bernoulli_025,C:\Users\lottj\Desktop\research\decentralized benchmark\commitment-horizon-study\reference_core_benchmark_pilot\known_visit_10target_300.csv,02,15,4,0,16,0,0,0,0,0,0.0,0,0,39,32,7,144,22,51,21.4153,0.4199078431372549,0.3412,1.016,1.7328,11.0038,0.2157607843137255,0.1336,0.7312,1.4529,51,10.4115,0.2041470588235294,0.199,0.2799,0.3064,completed
182,known_visit,HIPC,bernoulli,drop_0.25,19,361,4,10,hipc_h2_bernoulli_025,C:\Users\lottj\Desktop\research\decentralized benchmark\commitment-horizon-study\reference_core_benchmark_pilot\known_visit_10target_300.csv,03,15,1,0,16,0,2,0,0,0,0.0,0,0,41,32,9,135,30,52,40.4604,0.7780846153846154,0.7308,0.9577,1.8175,27.6054,0.530873076923077,0.47355,0.6681,1.5569,52,12.855,0.24721153846153848,0.24555,0.4157,0.4242,completed
183,known_visit,HIPC,bernoulli,drop_0.25,19,361,4,10,hipc_h2_bernoulli_025,C:\Users\lottj\Desktop\research\decentralized benchmark\commitment-horizon-study\reference_core_benchmark_pilot\known_visit_10target_300.csv,00,12,1,0,13,0,0,0,0,0,0.0,0,0,33,26,7,174,28,80,24.3852,0.304815,0.267,0.8303,1.1712,11.2184,0.14023000000000002,0.0806,0.578,0.9018,80,13.1668,0.164585,0.17635,0.2169,0.3526,completed
183,known_visit,HIPC,bernoulli,drop_0.25,19,361,4,10,hipc_h2_bernoulli_025,C:\Users\lottj\Desktop\research\decentralized benchmark\commitment-horizon-study\reference_core_benchmark_pilot\known_visit_10target_300.csv,01,34,3,0,35,0,2,0,0,0,0.0,0,0,80,69,11,131,25,10,8.315199999999999,0.8315199999999999,0.7252000000000001,1.7929,1.7929,6.1392,0.61392,0.53095,1.5264,1.5264,10,2.176,0.21760000000000002,0.22544999999999998,0.2665,0.2665,completed
183,known_visit,HIPC,bernoulli,drop_0.25,19,361,4,10,hipc_h2_bernoulli_025,C:\Users\lottj\Desktop\research\decentralized benchmark\commitment-horizon-study\reference_core_benchmark_pilot\known_visit_10target_300.csv,02,30,3,0,31,0,0,1,1,0,0.0,0,0,70,62,8,128,37,18,11.3239,0.6291055555555556,0.5307999999999999,1.1593,1.1593,8.3916,0.4662,0.38070000000000004,0.9808,0.9808,18,2.9323,0.16290555555555555,0.15015,0.2291,0.2291,completed
183,known_visit,HIPC,bernoulli,drop_0.25,19,361,4,10,hipc_h2_bernoulli_025,C:\Users\lottj\Desktop\research\decentralized benchmark\commitment-horizon-study\reference_core_benchmark_pilot\known_visit_10target_300.csv,03,20,3,1,19,2,0,0,0,0,0.0,0,0,53,43,10,160,23,55,16.3303,0.2969145454545455,0.2519,0.8768,1.0123,7.5516,0.13730181818181816,0.0975,0.5946,0.771,55,8.7787,0.1596127272727273,0.1618,0.2413,0.2822,completed
184,known_visit,HIPC,bernoulli,drop_0.25,19,361,4,10,hipc_h2_bernoulli_025,C:\Users\lottj\Desktop\research\decentralized benchmark\commitment-horizon-study\reference_core_benchmark_pilot\known_visit_10target_300.csv,00,13,1,1,13,1,0,0,0,0,0.0,0,0,35,28,7,135,20,36,16.2148,0.4504111111111111,0.38035,0.9344,1.0082,8.5872,0.23853333333333332,0.17145,0.6877,0.7716,36,7.6276,0.21187777777777778,0.20565,0.2553,0.3017,completed
184,known_visit,HIPC,bernoulli,drop_0.25,19,361,4,10,hipc_h2_bernoulli_025,C:\Users\lottj\Desktop\research\decentralized benchmark\commitment-horizon-study\reference_core_benchmark_pilot\known_visit_10target_300.csv,01,19,5,0,20,0,0,0,0,0,0.0,0,0,47,40,7,129,14,18,8.8381,0.4910055555555556,0.33485,1.3364,1.3364,5.0328,0.2796,0.14855000000000002,1.0729,1.0729,18,3.8053,0.21140555555555554,0.20274999999999999,0.2635,0.2635,completed
184,known_visit,HIPC,bernoulli,drop_0.25,19,361,4,10,hipc_h2_bernoulli_025,C:\Users\lottj\Desktop\research\decentralized benchmark\commitment-horizon-study\reference_core_benchmark_pilot\known_visit_10target_300.csv,02,23,2,0,23,1,1,0,0,0,0.0,0,0,55,47,8,115,21,9,5.2535,0.5837222222222223,0.5939,0.9755,0.9755,3.2724,0.36360000000000003,0.3274,0.7354,0.7354,9,1.9811,0.22012222222222222,0.2363,0.2665,0.2665,completed
184,known_visit,HIPC,bernoulli,drop_0.25,19,361,4,10,hipc_h2_bernoulli_025,C:\Users\lottj\Desktop\research\decentralized benchmark\commitment-horizon-study\reference_core_benchmark_pilot\known_visit_10target_300.csv,03,22,2,0,23,0,0,0,0,0,0.0,0,0,54,45,9,110,26,8,5.5034,0.687925,0.6557,1.1062,1.1062,3.718,0.46475,0.43270000000000003,0.8584,0.8584,8,1.7853999999999999,0.22317499999999998,0.2459,0.2562,0.2562,completed
185,known_visit,HIPC,bernoulli,drop_0.25,19,361,4,10,hipc_h2_bernoulli_025,C:\Users\lottj\Desktop\research\decentralized benchmark\commitment-horizon-study\reference_core_benchmark_pilot\known_visit_10target_300.csv,00,34,4,0,35,0,0,0,0,0,0.0,0,0,76,69,7,133,22,9,5.4472,0.6052444444444444,0.4278,1.3338,1.3338,3.5722,0.3969111111111111,0.2713,1.0386,1.0386,9,1.875,0.20833333333333334,0.1876,0.3472,0.3472,completed
185,known_visit,HIPC,bernoulli,drop_0.25,19,361,4,10,hipc_h2_bernoulli_025,C:\Users\lottj\Desktop\research\decentralized benchmark\commitment-horizon-study\reference_core_benchmark_pilot\known_visit_10target_300.csv,01,22,2,0,22,1,0,1,1,0,0.0,0,0,57,47,10,153,20,44,15.965300000000001,0.3628477272727273,0.3044,0.9173,0.9794,8.0321,0.18254772727272728,0.11845,0.6576,0.7963,44,7.9332,0.18030000000000002,0.1814,0.2361,0.2597,completed
185,known_visit,HIPC,bernoulli,drop_0.25,19,361,4,10,hipc_h2_bernoulli_025,C:\Users\lottj\Desktop\research\decentralized benchmark\commitment-horizon-study\reference_core_benchmark_pilot\known_visit_10target_300.csv,02,22,2,1,22,1,0,0,0,0,0.0,0,0,52,46,6,156,22,44,17.316,0.39354545454545453,0.32815,0.816,1.2588,8.8501,0.20113863636363635,0.1387,0.5723,0.996,44,8.4659,0.19240681818181818,0.1878,0.2572,0.2696,completed
185,known_visit,HIPC,bernoulli,drop_0.25,19,361,4,10,hipc_h2_bernoulli_025,C:\Users\lottj\Desktop\research\decentralized benchmark\commitment-horizon-study\reference_core_benchmark_pilot\known_visit_10target_300.csv,03,20,2,0,21,0,0,0,0,0,0.0,0,0,46,42,4,160,24,49,22.9329,0.4680183673469388,0.4512,0.6681,1.6812,13.0116,0.26554285714285714,0.2448,0.3717,1.363,49,9.9213,0.20247551020408164,0.2056,0.2526,0.3767,completed
186,known_visit,HIPC,bernoulli,drop_0.25,19,361,4,10,hipc_h2_bernoulli_025,C:\Users\lottj\Desktop\research\decentralized benchmark\commitment-horizon-study\reference_core_benchmark_pilot\known_visit_10target_300.csv,00,10,2,0,11,0,0,0,0,0,0.0,0,0,26,22,4,112,18,54,23.0274,0.42643333333333333,0.3391,0.8348,1.6946,13.0918,0.24244074074074073,0.15535,0.558,1.4452,54,9.935599999999999,0.18399259259259257,0.18155,0.2847,0.3314,completed
186,known_visit,HIPC,bernoulli,drop_0.25,19,361,4,10,hipc_h2_bernoulli_025,C:\Users\lottj\Desktop\research\decentralized benchmark\commitment-horizon-study\reference_core_benchmark_pilot\known_visit_10target_300.csv,01,13,3,0,14,0,0,0,0,0,0.0,0,0,34,28,6,101,21,44,19.8221,0.4505022727272727,0.4073,0.7453,1.8318,11.6182,0.26405,0.21465,0.4546,1.5547,44,8.2039,0.18645227272727274,0.1938,0.2771,0.3168,completed
186,known_visit,HIPC,bernoulli,drop_0.25,19,361,4,10,hipc_h2_bernoulli_025,C:\Users\lottj\Desktop\research\decentralized benchmark\commitment-horizon-study\reference_core_benchmark_pilot\known_visit_10target_300.csv,02,25,3,0,26,0,1,0,0,0,0.0,0,0,62,52,10,80,15,9,8.2463,0.9162555555555555,0.6744,2.5246,2.5246,5.9854,0.6650444444444444,0.4194,2.0897,2.0897,9,2.2609,0.2512111111111111,0.2433,0.4349,0.4349,completed
186,known_visit,HIPC,bernoulli,drop_0.25,19,361,4,10,hipc_h2_bernoulli_025,C:\Users\lottj\Desktop\research\decentralized benchmark\commitment-horizon-study\reference_core_benchmark_pilot\known_visit_10target_300.csv,03,13,2,0,14,0,0,0,0,0,0.0,0,0,35,28,7,102,19,47,18.3232,0.3898553191489362,0.3348,0.7172,2.0206,9.8898,0.21042127659574467,0.1469,0.5419,1.6385,47,8.4334,0.1794340425531915,0.1826,0.2866,0.3821,completed
187,known_visit,HIPC,bernoulli,drop_0.25,19,361,4,10,hipc_h2_bernoulli_025,C:\Users\lottj\Desktop\research\decentralized benchmark\commitment-horizon-study\reference_core_benchmark_pilot\known_visit_10target_300.csv,00,29,1,0,30,0,1,1,1,0,0.0,0,0,66,59,7,126,23,6,4.7139,0.78565,0.6358999999999999,1.5739,1.5739,3.2434,0.5405666666666666,0.38825,1.2538,1.2538,6,1.4705,0.24508333333333332,0.25365,0.3248,0.3248,completed
187,known_visit,HIPC,bernoulli,drop_0.25,19,361,4,10,hipc_h2_bernoulli_025,C:\Users\lottj\Desktop\research\decentralized benchmark\commitment-horizon-study\reference_core_benchmark_pilot\known_visit_10target_300.csv,01,23,4,0,24,0,0,0,0,0,0.0,0,0,55,48,7,135,24,22,11.0386,0.5017545454545455,0.4457,0.6312,1.494,5.9711,0.27141363636363636,0.2127,0.3934,1.2548,22,5.0675,0.2303409090909091,0.23265000000000002,0.2618,0.2962,completed
187,known_visit,HIPC,bernoulli,drop_0.25,19,361,4,10,hipc_h2_bernoulli_025,C:\Users\lottj\Desktop\research\decentralized benchmark\commitment-horizon-study\reference_core_benchmark_pilot\known_visit_10target_300.csv,02,13,3,0,14,0,0,0,0,0,0.0,0,0,34,28,6,153,27,56,33.6183,0.6003267857142857,0.5971,0.8198,0.8642,21.1055,0.37688392857142855,0.35440000000000005,0.5117,0.5726,56,12.5128,0.22344285714285714,0.2344,0.2916,0.3606,completed
187,known_visit,HIPC,bernoulli,drop_0.25,19,361,4,10,hipc_h2_bernoulli_025,C:\Users\lottj\Desktop\research\decentralized benchmark\commitment-horizon-study\reference_core_benchmark_pilot\known_visit_10target_300.csv,03,24,2,0,25,0,1,0,0,0,0.0,0,0,60,51,9,141,13,23,13.907,0.6046521739130435,0.4865,1.1534,1.214,8.3782,0.3642695652173913,0.2503,0.9054,0.9414,23,5.5288,0.2403826086956522,0.2337,0.2726,0.2907,completed
188,known_visit,HIPC,bernoulli,drop_0.25,19,361,4,10,hipc_h2_bernoulli_025,C:\Users\lottj\Desktop\research\decentralized benchmark\commitment-horizon-study\reference_core_benchmark_pilot\known_visit_10target_300.csv,00,15,2,0,16,0,0,0,0,0,0.0,0,0,38,32,6,123,17,71,33.317099999999996,0.46925492957746473,0.4149,0.6952,1.8646,19.3734,0.2728647887323944,0.22,0.438,1.5702,71,13.9437,0.19639014084507042,0.1984,0.2752,0.3109,completed
188,known_visit,HIPC,bernoulli,drop_0.25,19,361,4,10,hipc_h2_bernoulli_025,C:\Users\lottj\Desktop\research\decentralized benchmark\commitment-horizon-study\reference_core_benchmark_pilot\known_visit_10target_300.csv,01,35,5,0,36,0,0,0,0,0,0.0,0,0,79,71,8,85,15,8,5.7969,0.7246125,0.6626000000000001,1.4254,1.4254,3.8191,0.4773875,0.39175000000000004,1.1195,1.1195,8,1.9778,0.247225,0.27085000000000004,0.3059,0.3059,completed
188,known_visit,HIPC,bernoulli,drop_0.25,19,361,4,10,hipc_h2_bernoulli_025,C:\Users\lottj\Desktop\research\decentralized benchmark\commitment-horizon-study\reference_core_benchmark_pilot\known_visit_10target_300.csv,02,12,2,1,10,3,0,0,0,0,0.0,0,0,34,27,7,122,23,81,41.4638,0.5118987654320988,0.4016,1.1915,1.8822,25.5203,0.3150654320987654,0.1753,0.9014,1.5688,81,15.9435,0.19683333333333333,0.1913,0.2906,0.318,completed
188,known_visit,HIPC,bernoulli,drop_0.25,19,361,4,10,hipc_h2_bernoulli_025,C:\Users\lottj\Desktop\research\decentralized benchmark\commitment-horizon-study\reference_core_benchmark_pilot\known_visit_10target_300.csv,03,11,1,1,11,1,0,0,0,0,0.0,0,0,28,24,4,125,25,84,31.5364,0.37543333333333334,0.3412,0.5521,0.9238,16.2394,0.19332619047619048,0.16205,0.2935,0.629,84,15.297,0.18210714285714286,0.16555,0.277,0.2948,completed
189,known_visit,HIPC,bernoulli,drop_0.25,19,361,4,10,hipc_h2_bernoulli_025,C:\Users\lottj\Desktop\research\decentralized benchmark\commitment-horizon-study\reference_core_benchmark_pilot\known_visit_10target_300.csv,00,20,1,0,21,0,2,1,1,0,0.0,0,0,56,43,13,146,28,35,13.4153,0.3832942857142857,0.2189,1.3839,1.4735,7.5672,0.21620571428571428,0.0826,1.1319,1.2295,35,5.8481,0.16708857142857142,0.1337,0.252,0.2601,completed
189,known_visit,HIPC,bernoulli,drop_0.25,19,361,4,10,hipc_h2_bernoulli_025,C:\Users\lottj\Desktop\research\decentralized benchmark\commitment-horizon-study\reference_core_benchmark_pilot\known_visit_10target_300.csv,01,28,1,0,29,0,2,0,0,0,0.0,0,0,65,57,8,137,28,9,5.8489,0.6498777777777778,0.6223,1.5323,1.5323,3.8749,0.4305444444444444,0.3492,1.2728,1.2728,9,1.974,0.21933333333333332,0.2321,0.2731,0.2731,completed
189,known_visit,HIPC,bernoulli,drop_0.25,19,361,4,10,hipc_h2_bernoulli_025,C:\Users\lottj\Desktop\research\decentralized benchmark\commitment-horizon-study\reference_core_benchmark_pilot\known_visit_10target_300.csv,02,12,1,1,12,1,2,0,0,0,0.0,0,0,37,26,11,174,18,59,21.2496,0.3601627118644068,0.2844,0.8182,1.4476,11.501100000000001,0.19493389830508476,0.1362,0.5456,1.1933,59,9.7485,0.16522881355932204,0.1447,0.2543,0.2726,completed
189,known_visit,HIPC,bernoulli,drop_0.25,19,361,4,10,hipc_h2_bernoulli_025,C:\Users\lottj\Desktop\research\decentralized benchmark\commitment-horizon-study\reference_core_benchmark_pilot\known_visit_10target_300.csv,03,27,7,0,27,1,1,0,0,0,0.0,0,0,72,55,17,139,19,11,7.6444,0.6949454545454545,0.5456,1.5809,1.5809,5.4098,0.49179999999999996,0.3245,1.3412,1.3412,11,2.2346,0.20314545454545455,0.223,0.2462,0.2462,completed
190,known_visit,HIPC,bernoulli,drop_0.25,19,361,4,10,hipc_h2_bernoulli_025,C:\Users\lottj\Desktop\research\decentralized benchmark\commitment-horizon-study\reference_core_benchmark_pilot\known_visit_10target_300.csv,00,10,3,0,11,0,0,1,1,0,0.0,0,0,29,23,6,102,16,25,12.4966,0.49986400000000003,0.4879,0.8769,0.9436,7.3950000000000005,0.2958,0.2927,0.6492,0.6634,25,5.1016,0.20406400000000002,0.1948,0.2768,0.2802,completed
190,known_visit,HIPC,bernoulli,drop_0.25,19,361,4,10,hipc_h2_bernoulli_025,C:\Users\lottj\Desktop\research\decentralized benchmark\commitment-horizon-study\reference_core_benchmark_pilot\known_visit_10target_300.csv,01,15,3,0,16,0,1,1,1,0,0.0,0,0,39,32,7,86,23,11,6.5433,0.5948454545454546,0.4643,1.3648,1.3648,4.1131,0.3739181818181818,0.2733,1.0884,1.0884,11,2.4302,0.22092727272727275,0.2,0.2989,0.2989,completed
190,known_visit,HIPC,bernoulli,drop_0.25,19,361,4,10,hipc_h2_bernoulli_025,C:\Users\lottj\Desktop\research\decentralized benchmark\commitment-horizon-study\reference_core_benchmark_pilot\known_visit_10target_300.csv,02,16,2,0,17,0,0,0,0,0,0.0,0,0,39,34,5,89,19,4,3.3349,0.833725,0.8682000000000001,1.0362,1.0362,2.3827,0.595675,0.62595,0.7848,0.7848,4,0.9521999999999999,0.23804999999999998,0.2318,0.2723,0.2723,completed
190,known_visit,HIPC,bernoulli,drop_0.25,19,361,4,10,hipc_h2_bernoulli_025,C:\Users\lottj\Desktop\research\decentralized benchmark\commitment-horizon-study\reference_core_benchmark_pilot\known_visit_10target_300.csv,03,17,2,0,18,0,1,0,0,0,0.0,0,0,41,35,6,95,12,7,4.9223,0.7031857142857143,0.5418,1.3172,1.3172,3.2556,0.46508571428571427,0.3154,1.043,1.043,7,1.6667,0.2381,0.2264,0.2797,0.2797,completed
191,known_visit,HIPC,bernoulli,drop_0.25,19,361,4,10,hipc_h2_bernoulli_025,C:\Users\lottj\Desktop\research\decentralized benchmark\commitment-horizon-study\reference_core_benchmark_pilot\known_visit_10target_300.csv,00,20,1,0,21,0,0,0,0,0,0.0,0,0,46,42,4,178,27,62,21.9288,0.35369032258064514,0.29235,0.5998,1.3443,11.2107,0.18081774193548386,0.11855,0.3699,1.1578,62,10.7181,0.17287258064516128,0.1773,0.2473,0.3513,completed
191,known_visit,HIPC,bernoulli,drop_0.25,19,361,4,10,hipc_h2_bernoulli_025,C:\Users\lottj\Desktop\research\decentralized benchmark\commitment-horizon-study\reference_core_benchmark_pilot\known_visit_10target_300.csv,01,13,0,1,10,4,0,0,0,0,0.0,0,0,36,28,8,182,33,83,39.3043,0.4735457831325301,0.4066,0.8671,1.1076,24.0783,0.29009999999999997,0.2192,0.6279,0.8582,83,15.225999999999999,0.1834457831325301,0.1899,0.2455,0.2658,completed
191,known_visit,HIPC,bernoulli,drop_0.25,19,361,4,10,hipc_h2_bernoulli_025,C:\Users\lottj\Desktop\research\decentralized benchmark\commitment-horizon-study\reference_core_benchmark_pilot\known_visit_10target_300.csv,02,36,6,0,37,0,0,0,0,0,0.0,0,0,86,74,12,142,24,7,6.364,0.9091428571428571,0.7739,1.5237,1.5237,4.653,0.6647142857142857,0.5496,1.2101,1.2101,7,1.711,0.24442857142857144,0.2378,0.3136,0.3136,completed
191,known_visit,HIPC,bernoulli,drop_0.25,19,361,4,10,hipc_h2_bernoulli_025,C:\Users\lottj\Desktop\research\decentralized benchmark\commitment-horizon-study\reference_core_benchmark_pilot\known_visit_10target_300.csv,03,36,3,1,36,1,0,0,0,0,0.0,0,0,84,73,11,143,24,8,6.4237,0.8029625,0.61355,1.9526,1.9526,4.5508999999999995,0.5688624999999999,0.41125,1.6034,1.6034,8,1.8728,0.2341,0.23085,0.3492,0.3492,completed
192,known_visit,HIPC,bernoulli,drop_0.25,19,361,4,10,hipc_h2_bernoulli_025,C:\Users\lottj\Desktop\research\decentralized benchmark\commitment-horizon-study\reference_core_benchmark_pilot\known_visit_10target_300.csv,00,11,1,1,11,1,2,0,0,0,0.0,0,0,36,24,12,123,19,50,24.153,0.48306,0.42945,0.9139,1.5267,13.9742,0.279484,0.22625,0.6611,1.21,50,10.1788,0.203576,0.20085,0.3095,0.3202,completed
192,known_visit,HIPC,bernoulli,drop_0.25,19,361,4,10,hipc_h2_bernoulli_025,C:\Users\lottj\Desktop\research\decentralized benchmark\commitment-horizon-study\reference_core_benchmark_pilot\known_visit_10target_300.csv,01,20,4,0,21,0,0,0,0,0,0.0,0,0,50,42,8,111,16,17,9.7902,0.5758941176470589,0.3548,1.9289,1.9289,5.9268,0.34863529411764704,0.1561,1.6623,1.6623,17,3.8634,0.22725882352941176,0.1996,0.3156,0.3156,completed
192,known_visit,HIPC,bernoulli,drop_0.25,19,361,4,10,hipc_h2_bernoulli_025,C:\Users\lottj\Desktop\research\decentralized benchmark\commitment-horizon-study\reference_core_benchmark_pilot\known_visit_10target_300.csv,02,23,2,0,24,0,2,6,2,1,5.0,1,0,64,51,13,100,14,12,8.8549,0.7379083333333334,0.67475,1.5164,1.5164,5.912,0.49266666666666664,0.4497,1.1868,1.1868,12,2.9429,0.24524166666666666,0.2262,0.3296,0.3296,completed
192,known_visit,HIPC,bernoulli,drop_0.25,19,361,4,10,hipc_h2_bernoulli_025,C:\Users\lottj\Desktop\research\decentralized benchmark\commitment-horizon-study\reference_core_benchmark_pilot\known_visit_10target_300.csv,03,10,3,0,11,0,0,0,0,0,0.0,0,0,28,22,6,119,30,50,20.0974,0.401948,0.34205,0.7856,1.8963,10.5064,0.21012799999999998,0.1448,0.5317,1.6376,50,9.591,0.19182,0.19735,0.2587,0.2994,completed
193,known_visit,HIPC,bernoulli,drop_0.25,19,361,4,10,hipc_h2_bernoulli_025,C:\Users\lottj\Desktop\research\decentralized benchmark\commitment-horizon-study\reference_core_benchmark_pilot\known_visit_10target_300.csv,00,28,0,0,20,9,3,0,0,0,0.0,0,0,65,57,8,164,28,10,6.9479999999999995,0.6948,0.7848999999999999,1.0458,1.0458,4.8417,0.48417000000000004,0.5275000000000001,0.8067,0.8067,10,2.1063,0.21063,0.23135,0.2872,0.2872,completed
193,known_visit,HIPC,bernoulli,drop_0.25,19,361,4,10,hipc_h2_bernoulli_025,C:\Users\lottj\Desktop\research\decentralized benchmark\commitment-horizon-study\reference_core_benchmark_pilot\known_visit_10target_300.csv,01,26,3,0,27,0,0,0,0,0,0.0,0,0,60,54,6,172,26,13,6.4796,0.4984307692307692,0.4035,1.6088,1.6088,4.0854,0.3142615384615385,0.202,1.363,1.363,13,2.3942,0.18416923076923078,0.2015,0.2575,0.2575,completed
193,known_visit,HIPC,bernoulli,drop_0.25,19,361,4,10,hipc_h2_bernoulli_025,C:\Users\lottj\Desktop\research\decentralized benchmark\commitment-horizon-study\reference_core_benchmark_pilot\known_visit_10target_300.csv,02,27,5,0,28,0,1,2,2,0,0.0,0,0,74,57,17,164,20,10,8.4228,0.84228,0.8582000000000001,1.5637,1.5637,6.2288,0.62288,0.6474,1.2838,1.2838,10,2.194,0.21939999999999998,0.2476,0.2799,0.2799,completed
193,known_visit,HIPC,bernoulli,drop_0.25,19,361,4,10,hipc_h2_bernoulli_025,C:\Users\lottj\Desktop\research\decentralized benchmark\commitment-horizon-study\reference_core_benchmark_pilot\known_visit_10target_300.csv,03,20,2,1,19,2,2,3,1,1,5.0,1,0,59,44,15,172,27,34,14.4979,0.42640882352941173,0.28225,1.2325,1.6616,8.5127,0.2503735294117647,0.10930000000000001,0.9545,1.414,34,5.9852,0.17603529411764707,0.15005000000000002,0.259,0.278,completed
194,known_visit,HIPC,bernoulli,drop_0.25,19,361,4,10,hipc_h2_bernoulli_025,C:\Users\lottj\Desktop\research\decentralized benchmark\commitment-horizon-study\reference_core_benchmark_pilot\known_visit_10target_300.csv,00,16,2,0,17,0,0,0,0,0,0.0,0,0,45,34,11,142,24,33,15.359,0.4654242424242424,0.4356,0.9092,0.9777,8.4737,0.25677878787878783,0.2116,0.6757,0.6994,33,6.8853,0.20864545454545455,0.2274,0.2773,0.2783,completed
194,known_visit,HIPC,bernoulli,drop_0.25,19,361,4,10,hipc_h2_bernoulli_025,C:\Users\lottj\Desktop\research\decentralized benchmark\commitment-horizon-study\reference_core_benchmark_pilot\known_visit_10target_300.csv,01,22,3,1,22,1,5,1,1,0,0.0,0,0,61,46,15,125,25,17,10.2877,0.6051588235294117,0.43,1.236,1.236,6.3544,0.37378823529411764,0.191,0.961,0.961,17,3.9333,0.2313705882352941,0.2332,0.275,0.275,completed
194,known_visit,HIPC,bernoulli,drop_0.25,19,361,4,10,hipc_h2_bernoulli_025,C:\Users\lottj\Desktop\research\decentralized benchmark\commitment-horizon-study\reference_core_benchmark_pilot\known_visit_10target_300.csv,02,20,2,1,17,4,0,0,0,0,0.0,0,0,52,43,9,129,31,20,14.1836,0.70918,0.71965,1.0696,1.2118,9.0605,0.45302499999999996,0.45135000000000003,0.81,0.9298,20,5.1231,0.256155,0.26065,0.2847,0.3048,completed
194,known_visit,HIPC,bernoulli,drop_0.25,19,361,4,10,hipc_h2_bernoulli_025,C:\Users\lottj\Desktop\research\decentralized benchmark\commitment-horizon-study\reference_core_benchmark_pilot\known_visit_10target_300.csv,03,25,3,0,26,0,0,0,0,0,0.0,0,0,54,51,3,132,26,5,3.9102,0.7820400000000001,0.6011,1.5765,1.5765,2.7147,0.54294,0.3579,1.2974,1.2974,5,1.1955,0.2391,0.2482,0.2791,0.2791,completed
195,known_visit,HIPC,bernoulli,drop_0.25,19,361,4,10,hipc_h2_bernoulli_025,C:\Users\lottj\Desktop\research\decentralized benchmark\commitment-horizon-study\reference_core_benchmark_pilot\known_visit_10target_300.csv,00,13,3,0,14,0,0,0,0,0,0.0,0,0,34,28,6,104,16,28,11.9214,0.4257642857142857,0.34895,1.1644,1.4307,6.624,0.23657142857142857,0.1503,0.9082,1.1436,28,5.2974,0.18919285714285713,0.1908,0.3026,0.3562,completed
195,known_visit,HIPC,bernoulli,drop_0.25,19,361,4,10,hipc_h2_bernoulli_025,C:\Users\lottj\Desktop\research\decentralized benchmark\commitment-horizon-study\reference_core_benchmark_pilot\known_visit_10target_300.csv,01,9,1,1,8,2,0,0,0,0,0.0,0,0,27,20,7,115,12,43,18.1984,0.4232186046511628,0.3619,0.6584,1.3912,9.7564,0.22689302325581392,0.17,0.4089,1.0604,43,8.442,0.19632558139534884,0.1969,0.2965,0.4093,completed
195,known_visit,HIPC,bernoulli,drop_0.25,19,361,4,10,hipc_h2_bernoulli_025,C:\Users\lottj\Desktop\research\decentralized benchmark\commitment-horizon-study\reference_core_benchmark_pilot\known_visit_10target_300.csv,02,18,3,0,19,0,0,0,0,0,0.0,0,0,47,38,9,94,12,12,7.6697,0.6391416666666666,0.5094000000000001,1.5787,1.5787,4.8923,0.4076916666666666,0.2613,1.2889,1.2889,12,2.7774,0.23145000000000002,0.21625,0.3271,0.3271,completed
195,known_visit,HIPC,bernoulli,drop_0.25,19,361,4,10,hipc_h2_bernoulli_025,C:\Users\lottj\Desktop\research\decentralized benchmark\commitment-horizon-study\reference_core_benchmark_pilot\known_visit_10target_300.csv,03,20,3,0,20,1,0,0,0,0,0.0,0,0,46,41,5,92,16,7,6.6633,0.9519,0.7559,1.9149,1.9149,4.8834,0.6976285714285714,0.5061,1.6296,1.6296,7,1.7799,0.2542714285714286,0.2498,0.2981,0.2981,completed
196,known_visit,HIPC,bernoulli,drop_0.25,19,361,4,10,hipc_h2_bernoulli_025,C:\Users\lottj\Desktop\research\decentralized benchmark\commitment-horizon-study\reference_core_benchmark_pilot\known_visit_10target_300.csv,00,17,1,0,18,0,0,0,0,0,0.0,0,0,40,36,4,119,24,25,9.4319,0.377276,0.3055,0.8914,0.9139,5.604,0.22416,0.1731,0.6212,0.762,25,3.8279,0.153116,0.1379,0.2702,0.2905,completed
196,known_visit,HIPC,bernoulli,drop_0.25,19,361,4,10,hipc_h2_bernoulli_025,C:\Users\lottj\Desktop\research\decentralized benchmark\commitment-horizon-study\reference_core_benchmark_pilot\known_visit_10target_300.csv,01,23,4,0,24,0,1,0,0,0,0.0,0,0,58,47,11,112,13,11,5.3857,0.4896090909090909,0.3694,1.0873,1.0873,3.6423,0.3311181818181818,0.2233,0.849,0.849,11,1.7434,0.1584909090909091,0.1461,0.2748,0.2748,completed
196,known_visit,HIPC,bernoulli,drop_0.25,19,361,4,10,hipc_h2_bernoulli_025,C:\Users\lottj\Desktop\research\decentralized benchmark\commitment-horizon-study\reference_core_benchmark_pilot\known_visit_10target_300.csv,02,12,2,0,13,0,2,0,0,0,0.0,0,0,34,26,8,128,20,42,16.0896,0.3830857142857143,0.35750000000000004,0.8443,1.2345,10.0465,0.23920238095238094,0.18869999999999998,0.6021,0.9466,42,6.0431,0.14388333333333334,0.1336,0.206,0.2929,completed
196,known_visit,HIPC,bernoulli,drop_0.25,19,361,4,10,hipc_h2_bernoulli_025,C:\Users\lottj\Desktop\research\decentralized benchmark\commitment-horizon-study\reference_core_benchmark_pilot\known_visit_10target_300.csv,03,22,3,0,23,0,0,0,0,0,0.0,0,0,51,45,6,112,19,7,3.3701,0.4814428571428571,0.4089,0.8938,0.8938,2.2042,0.3148857142857143,0.261,0.6258,0.6258,7,1.1659,0.16655714285714285,0.1479,0.268,0.268,completed
197,known_visit,HIPC,bernoulli,drop_0.25,19,361,4,10,hipc_h2_bernoulli_025,C:\Users\lottj\Desktop\research\decentralized benchmark\commitment-horizon-study\reference_core_benchmark_pilot\known_visit_10target_300.csv,00,21,3,0,22,0,1,0,0,0,0.0,0,0,53,44,9,127,35,17,8.7352,0.5138352941176471,0.4057,1.1324,1.1324,4.9907,0.29357058823529414,0.2197,0.8534,0.8534,17,3.7445,0.22026470588235295,0.2026,0.2963,0.2963,completed
197,known_visit,HIPC,bernoulli,drop_0.25,19,361,4,10,hipc_h2_bernoulli_025,C:\Users\lottj\Desktop\research\decentralized benchmark\commitment-horizon-study\reference_core_benchmark_pilot\known_visit_10target_300.csv,01,18,3,0,19,0,0,0,0,0,0.0,0,0,47,38,9,139,29,24,12.6923,0.5288458333333333,0.41215,0.902,1.2019,7.5156,0.31315,0.2198,0.6492,0.951,24,5.1767,0.21569583333333334,0.19485,0.2528,0.4609,completed
197,known_visit,HIPC,bernoulli,drop_0.25,19,361,4,10,hipc_h2_bernoulli_025,C:\Users\lottj\Desktop\research\decentralized benchmark\commitment-horizon-study\reference_core_benchmark_pilot\known_visit_10target_300.csv,02,24,3,0,25,0,0,0,0,0,0.0,0,0,58,49,9,133,25,9,5.7620000000000005,0.6402222222222222,0.5542,1.1465,1.1465,3.8568,0.4285333333333333,0.3289,0.9007,0.9007,9,1.9052,0.2116888888888889,0.2153,0.2458,0.2458,completed
197,known_visit,HIPC,bernoulli,drop_0.25,19,361,4,10,hipc_h2_bernoulli_025,C:\Users\lottj\Desktop\research\decentralized benchmark\commitment-horizon-study\reference_core_benchmark_pilot\known_visit_10target_300.csv,03,23,1,0,23,1,1,0,0,0,0.0,0,0,58,48,10,137,20,12,6.9893,0.5824416666666666,0.50135,1.4107,1.4107,4.4054,0.3671166666666667,0.28795000000000004,1.1575,1.1575,12,2.5839,0.215325,0.2157,0.2532,0.2532,completed
198,known_visit,HIPC,bernoulli,drop_0.25,19,361,4,10,hipc_h2_bernoulli_025,C:\Users\lottj\Desktop\research\decentralized benchmark\commitment-horizon-study\reference_core_benchmark_pilot\known_visit_10target_300.csv,00,20,2,0,21,0,2,0,0,0,0.0,0,0,51,42,9,145,16,23,10.6528,0.4631652173913043,0.3599,0.8108,1.6263,5.7739,0.2510391304347826,0.1503,0.553,1.3832,23,4.8789,0.21212608695652174,0.2097,0.2501,0.2578,completed
198,known_visit,HIPC,bernoulli,drop_0.25,19,361,4,10,hipc_h2_bernoulli_025,C:\Users\lottj\Desktop\research\decentralized benchmark\commitment-horizon-study\reference_core_benchmark_pilot\known_visit_10target_300.csv,01,19,3,0,20,0,0,0,0,0,0.0,0,0,51,41,10,143,18,23,17.802599999999998,0.7740260869565216,0.7224,1.0852,1.5372,12.293800000000001,0.5345130434782609,0.4797,0.8382,1.2879,23,5.5088,0.23951304347826086,0.2391,0.25,0.2993,completed
198,known_visit,HIPC,bernoulli,drop_0.25,19,361,4,10,hipc_h2_bernoulli_025,C:\Users\lottj\Desktop\research\decentralized benchmark\commitment-horizon-study\reference_core_benchmark_pilot\known_visit_10target_300.csv,02,20,4,0,21,0,0,0,0,0,0.0,0,0,53,42,11,131,28,22,15.633,0.710590909090909,0.69835,0.792,0.9366,10.4204,0.4736545454545455,0.4565,0.5423,0.6631,22,5.2126,0.23693636363636364,0.24175,0.2535,0.2735,completed
198,known_visit,HIPC,bernoulli,drop_0.25,19,361,4,10,hipc_h2_bernoulli_025,C:\Users\lottj\Desktop\research\decentralized benchmark\commitment-horizon-study\reference_core_benchmark_pilot\known_visit_10target_300.csv,03,21,1,2,17,5,3,0,0,0,0.0,0,0,57,44,13,125,29,19,11.0226,0.5801368421052632,0.4346,1.1901,1.1901,6.7815,0.35692105263157897,0.2114,1.012,1.012,19,4.2411,0.22321578947368423,0.2239,0.248,0.248,completed
199,known_visit,HIPC,bernoulli,drop_0.25,19,361,4,10,hipc_h2_bernoulli_025,C:\Users\lottj\Desktop\research\decentralized benchmark\commitment-horizon-study\reference_core_benchmark_pilot\known_visit_10target_300.csv,00,21,4,0,22,0,0,0,0,0,0.0,0,0,52,44,8,149,17,16,7.7428,0.483925,0.31965,1.86,1.86,4.5011,0.28131875,0.11710000000000001,1.5279,1.5279,16,3.2417000000000002,0.20260625000000002,0.19695000000000001,0.3321,0.3321,completed
199,known_visit,HIPC,bernoulli,drop_0.25,19,361,4,10,hipc_h2_bernoulli_025,C:\Users\lottj\Desktop\research\decentralized benchmark\commitment-horizon-study\reference_core_benchmark_pilot\known_visit_10target_300.csv,01,24,1,0,18,7,1,1,1,0,0.0,0,0,57,50,7,143,18,10,6.6175,0.66175,0.5902499999999999,1.7164,1.7164,4.3734,0.43734,0.37660000000000005,1.4589,1.4589,10,2.2441,0.22441,0.2389,0.2595,0.2595,completed
199,known_visit,HIPC,bernoulli,drop_0.25,19,361,4,10,hipc_h2_bernoulli_025,C:\Users\lottj\Desktop\research\decentralized benchmark\commitment-horizon-study\reference_core_benchmark_pilot\known_visit_10target_300.csv,02,25,2,0,26,0,1,2,1,0,0.0,0,0,60,52,8,134,25,7,6.0668,0.8666857142857143,0.7397,1.3638,1.3638,4.2914,0.6130571428571429,0.4905,1.0695,1.0695,7,1.7754,0.2536285714285714,0.2592,0.2943,0.2943,completed
199,known_visit,HIPC,bernoulli,drop_0.25,19,361,4,10,hipc_h2_bernoulli_025,C:\Users\lottj\Desktop\research\decentralized benchmark\commitment-horizon-study\reference_core_benchmark_pilot\known_visit_10target_300.csv,03,21,3,0,22,0,0,0,0,0,0.0,0,0,50,44,6,141,27,17,9.296,0.5468235294117647,0.4268,1.7597,1.7597,5.9849,0.35205294117647057,0.2253,1.4879,1.4879,17,3.3111,0.19477058823529414,0.1984,0.3217,0.3217,completed
200,known_visit,HIPC,bernoulli,drop_0.25,19,361,4,10,hipc_h2_bernoulli_025,C:\Users\lottj\Desktop\research\decentralized benchmark\commitment-horizon-study\reference_core_benchmark_pilot\known_visit_10target_300.csv,00,23,3,0,24,0,0,0,0,0,0.0,0,0,54,47,7,108,22,6,4.8924,0.8154,0.9075500000000001,1.1718,1.1718,3.4221,0.57035,0.6473500000000001,0.9157,0.9157,6,1.4703,0.24505,0.24914999999999998,0.2862,0.2862,completed
200,known_visit,HIPC,bernoulli,drop_0.25,19,361,4,10,hipc_h2_bernoulli_025,C:\Users\lottj\Desktop\research\decentralized benchmark\commitment-horizon-study\reference_core_benchmark_pilot\known_visit_10target_300.csv,01,18,1,1,12,7,1,0,0,0,0.0,0,0,47,39,8,118,18,19,11.5527,0.6080368421052631,0.547,1.4787,1.4787,7.2126,0.37961052631578945,0.3331,1.2079,1.2079,19,4.3401,0.22842631578947367,0.2193,0.3152,0.3152,completed
200,known_visit,HIPC,bernoulli,drop_0.25,19,361,4,10,hipc_h2_bernoulli_025,C:\Users\lottj\Desktop\research\decentralized benchmark\commitment-horizon-study\reference_core_benchmark_pilot\known_visit_10target_300.csv,02,10,2,0,11,0,0,0,0,0,0.0,0,0,29,22,7,130,24,49,22.7195,0.46366326530612245,0.4428,0.7773,1.8177,12.402,0.25310204081632653,0.2311,0.5387,1.1836,49,10.3175,0.21056122448979595,0.2046,0.3241,0.6341,completed
200,known_visit,HIPC,bernoulli,drop_0.25,19,361,4,10,hipc_h2_bernoulli_025,C:\Users\lottj\Desktop\research\decentralized benchmark\commitment-horizon-study\reference_core_benchmark_pilot\known_visit_10target_300.csv,03,21,4,0,22,0,0,0,0,0,0.0,0,0,54,44,10,112,18,11,6.8793,0.6253909090909091,0.5312,1.266,1.266,4.3265,0.39331818181818184,0.3266,1.0079,1.0079,11,2.5528,0.23207272727272726,0.2089,0.3191,0.3191,completed
201,known_visit,HIPC,bernoulli,drop_0.25,19,361,4,10,hipc_h2_bernoulli_025,C:\Users\lottj\Desktop\research\decentralized benchmark\commitment-horizon-study\reference_core_benchmark_pilot\known_visit_10target_300.csv,00,19,3,0,20,0,0,0,0,0,0.0,0,0,46,40,6,100,17,28,12.6256,0.4509142857142857,0.33640000000000003,1.3404,2.3091,7.5564,0.2698714285714286,0.14885,1.0327,2.0389,28,5.0692,0.18104285714285714,0.18695,0.2982,0.3077,completed
201,known_visit,HIPC,bernoulli,drop_0.25,19,361,4,10,hipc_h2_bernoulli_025,C:\Users\lottj\Desktop\research\decentralized benchmark\commitment-horizon-study\reference_core_benchmark_pilot\known_visit_10target_300.csv,01,25,5,0,26,0,0,0,0,0,0.0,0,0,60,51,9,92,12,8,6.75,0.84375,0.75465,1.8099,1.8099,4.7481,0.5935125,0.53345,1.4752,1.4752,8,2.0019,0.2502375,0.25095,0.3347,0.3347,completed
201,known_visit,HIPC,bernoulli,drop_0.25,19,361,4,10,hipc_h2_bernoulli_025,C:\Users\lottj\Desktop\research\decentralized benchmark\commitment-horizon-study\reference_core_benchmark_pilot\known_visit_10target_300.csv,02,9,1,0,10,0,0,0,0,0,0.0,0,0,26,20,6,122,16,59,25.7602,0.43661355932203394,0.3779,0.869,1.1873,14.3439,0.24311694915254237,0.2058,0.6585,0.9294,59,11.4163,0.19349661016949152,0.192,0.2906,0.3074,completed
201,known_visit,HIPC,bernoulli,drop_0.25,19,361,4,10,hipc_h2_bernoulli_025,C:\Users\lottj\Desktop\research\decentralized benchmark\commitment-horizon-study\reference_core_benchmark_pilot\known_visit_10target_300.csv,03,13,1,0,14,0,0,0,0,0,0.0,0,0,32,28,4,113,18,47,21.6857,0.46139787234042556,0.4462,0.7957,1.6564,12.2909,0.2615085106382979,0.2261,0.5348,1.4078,47,9.3948,0.19988936170212765,0.2162,0.2711,0.3439,completed
202,known_visit,HIPC,bernoulli,drop_0.25,19,361,4,10,hipc_h2_bernoulli_025,C:\Users\lottj\Desktop\research\decentralized benchmark\commitment-horizon-study\reference_core_benchmark_pilot\known_visit_10target_300.csv,00,15,3,0,16,0,1,0,0,0,0.0,0,0,43,32,11,120,24,39,14.2785,0.3661153846153846,0.314,0.9904,1.0722,7.1787,0.18406923076923076,0.1234,0.7171,0.812,39,7.0998,0.18204615384615386,0.1824,0.2733,0.3088,completed
202,known_visit,HIPC,bernoulli,drop_0.25,19,361,4,10,hipc_h2_bernoulli_025,C:\Users\lottj\Desktop\research\decentralized benchmark\commitment-horizon-study\reference_core_benchmark_pilot\known_visit_10target_300.csv,01,19,4,1,19,1,0,0,0,0,0.0,0,0,53,40,13,112,23,25,12.5232,0.5009279999999999,0.4261,1.2414,1.3576,8.0318,0.321272,0.2243,1.0264,1.0664,25,4.4914000000000005,0.179656,0.1995,0.2548,0.2912,completed
202,known_visit,HIPC,bernoulli,drop_0.25,19,361,4,10,hipc_h2_bernoulli_025,C:\Users\lottj\Desktop\research\decentralized benchmark\commitment-horizon-study\reference_core_benchmark_pilot\known_visit_10target_300.csv,02,25,3,0,26,0,0,0,0,0,0.0,0,0,59,51,8,108,21,8,6.1024,0.7628,0.62095,1.4756,1.4756,4.2733,0.5341625,0.38055,1.3011,1.3011,8,1.8291,0.2286375,0.2197,0.4052,0.4052,completed
202,known_visit,HIPC,bernoulli,drop_0.25,19,361,4,10,hipc_h2_bernoulli_025,C:\Users\lottj\Desktop\research\decentralized benchmark\commitment-horizon-study\reference_core_benchmark_pilot\known_visit_10target_300.csv,03,11,0,0,12,0,2,0,0,0,0.0,0,0,33,24,9,131,23,53,40.1937,0.7583716981132076,0.7082,1.1602,1.4122,27.9307,0.5269943396226415,0.4788,0.8331,1.1506,53,12.263,0.23137735849056604,0.2321,0.3368,0.3983,completed
203,known_visit,HIPC,bernoulli,drop_0.25,19,361,4,10,hipc_h2_bernoulli_025,C:\Users\lottj\Desktop\research\decentralized benchmark\commitment-horizon-study\reference_core_benchmark_pilot\known_visit_10target_300.csv,00,29,3,0,30,0,0,0,0,0,0.0,0,0,68,59,9,87,15,7,6.076,0.868,0.8938,1.503,1.503,4.4415000000000004,0.6345000000000001,0.6515,1.3398,1.3398,7,1.6345,0.2335,0.2366,0.2694,0.2694,completed
203,known_visit,HIPC,bernoulli,drop_0.25,19,361,4,10,hipc_h2_bernoulli_025,C:\Users\lottj\Desktop\research\decentralized benchmark\commitment-horizon-study\reference_core_benchmark_pilot\known_visit_10target_300.csv,01,9,3,0,10,0,0,0,0,0,0.0,0,0,31,20,11,126,12,73,37.853,0.5185342465753425,0.4439,0.8451,1.392,21.7494,0.2979369863013699,0.2368,0.6086,1.1001,73,16.1036,0.2205972602739726,0.2136,0.2919,0.3223,completed
203,known_visit,HIPC,bernoulli,drop_0.25,19,361,4,10,hipc_h2_bernoulli_025,C:\Users\lottj\Desktop\research\decentralized benchmark\commitment-horizon-study\reference_core_benchmark_pilot\known_visit_10target_300.csv,02,13,3,0,14,0,2,0,0,0,0.0,0,0,37,28,9,116,17,60,26.7014,0.4450233333333333,0.37505,1.0098,1.3096,13.9855,0.23309166666666667,0.1689,0.7494,1.0704,60,12.7159,0.21193166666666666,0.2025,0.2556,0.4462,completed
203,known_visit,HIPC,bernoulli,drop_0.25,19,361,4,10,hipc_h2_bernoulli_025,C:\Users\lottj\Desktop\research\decentralized benchmark\commitment-horizon-study\reference_core_benchmark_pilot\known_visit_10target_300.csv,03,14,1,0,15,0,0,0,0,0,0.0,0,0,34,30,4,115,20,57,25.083,0.44005263157894736,0.3944,0.8698,1.1513,12.767,0.22398245614035087,0.184,0.6149,0.9122,57,12.316,0.2160701754385965,0.2069,0.2642,0.4426,completed
204,known_visit,HIPC,bernoulli,drop_0.25,19,361,4,10,hipc_h2_bernoulli_025,C:\Users\lottj\Desktop\research\decentralized benchmark\commitment-horizon-study\reference_core_benchmark_pilot\known_visit_10target_300.csv,00,13,1,1,13,1,0,2,1,1,5.0,1,0,43,30,13,137,24,39,24.6114,0.6310615384615385,0.588,1.1411,1.5791,17.1681,0.4402076923076923,0.4224,0.8732,1.3333,39,7.4433,0.19085384615384615,0.1819,0.2679,0.2926,completed
204,known_visit,HIPC,bernoulli,drop_0.25,19,361,4,10,hipc_h2_bernoulli_025,C:\Users\lottj\Desktop\research\decentralized benchmark\commitment-horizon-study\reference_core_benchmark_pilot\known_visit_10target_300.csv,01,20,2,0,21,0,1,0,0,0,0.0,0,0,55,42,13,124,24,18,10.953899999999999,0.6085499999999999,0.36214999999999997,1.5695,1.5695,7.4521999999999995,0.4140111111111111,0.16685,1.3274,1.3274,18,3.5017,0.1945388888888889,0.1984,0.294,0.294,completed
204,known_visit,HIPC,bernoulli,drop_0.25,19,361,4,10,hipc_h2_bernoulli_025,C:\Users\lottj\Desktop\research\decentralized benchmark\commitment-horizon-study\reference_core_benchmark_pilot\known_visit_10target_300.csv,02,23,5,0,24,0,1,0,0,0,0.0,0,0,58,47,11,125,21,8,4.394,0.54925,0.50185,0.9607,0.9607,2.8969,0.3621125,0.3405,0.7217,0.7217,8,1.4971,0.1871375,0.19495,0.239,0.239,completed
204,known_visit,HIPC,bernoulli,drop_0.25,19,361,4,10,hipc_h2_bernoulli_025,C:\Users\lottj\Desktop\research\decentralized benchmark\commitment-horizon-study\reference_core_benchmark_pilot\known_visit_10target_300.csv,03,20,2,0,21,0,0,0,0,0,0.0,0,0,48,42,6,132,23,18,7.2438,0.40243333333333337,0.2965,1.658,1.658,4.0894,0.2271888888888889,0.10419999999999999,1.3829,1.3829,18,3.1544,0.17524444444444442,0.1879,0.2751,0.2751,completed
205,known_visit,HIPC,bernoulli,drop_0.25,19,361,4,10,hipc_h2_bernoulli_025,C:\Users\lottj\Desktop\research\decentralized benchmark\commitment-horizon-study\reference_core_benchmark_pilot\known_visit_10target_300.csv,00,21,0,2,19,3,2,0,0,0,0.0,0,0,50,44,6,148,23,20,11.5979,0.5798949999999999,0.4629,1.0973,1.5554,6.8464,0.34232,0.24975000000000003,0.9162,1.2838,20,4.7515,0.237575,0.20475,0.3307,0.6235,completed
205,known_visit,HIPC,bernoulli,drop_0.25,19,361,4,10,hipc_h2_bernoulli_025,C:\Users\lottj\Desktop\research\decentralized benchmark\commitment-horizon-study\reference_core_benchmark_pilot\known_visit_10target_300.csv,01,24,4,0,25,0,1,0,0,0,0.0,0,0,62,49,13,136,23,9,6.4221,0.7135666666666667,0.6551,1.2551,1.2551,4.3375,0.4819444444444445,0.4932,0.9514,0.9514,9,2.0846,0.23162222222222223,0.2246,0.3037,0.3037,completed
205,known_visit,HIPC,bernoulli,drop_0.25,19,361,4,10,hipc_h2_bernoulli_025,C:\Users\lottj\Desktop\research\decentralized benchmark\commitment-horizon-study\reference_core_benchmark_pilot\known_visit_10target_300.csv,02,19,2,0,20,0,2,0,0,0,0.0,0,0,51,40,11,142,28,27,14.7071,0.5447074074074074,0.422,1.1248,1.1713,7.9902999999999995,0.295937037037037,0.2226,0.825,0.8805,27,6.7168,0.24877037037037036,0.2034,0.3842,0.9244,completed
205,known_visit,HIPC,bernoulli,drop_0.25,19,361,4,10,hipc_h2_bernoulli_025,C:\Users\lottj\Desktop\research\decentralized benchmark\commitment-horizon-study\reference_core_benchmark_pilot\known_visit_10target_300.csv,03,25,4,0,26,0,0,0,0,0,0.0,0,0,59,51,8,142,21,10,6.1655999999999995,0.61656,0.63045,0.908,0.908,3.9755000000000003,0.39755,0.3944,0.6554,0.6554,10,2.1901,0.21901,0.22785,0.2803,0.2803,completed
206,known_visit,HIPC,bernoulli,drop_0.25,19,361,4,10,hipc_h2_bernoulli_025,C:\Users\lottj\Desktop\research\decentralized benchmark\commitment-horizon-study\reference_core_benchmark_pilot\known_visit_10target_300.csv,00,7,0,0,8,0,0,2,1,1,5.0,1,0,26,17,9,198,30,111,39.6119,0.35686396396396397,0.3168,0.6064,1.5028,18.3961,0.16573063063063065,0.1197,0.3191,1.1521,111,21.2158,0.19113333333333335,0.197,0.2879,0.7154,completed
206,known_visit,HIPC,bernoulli,drop_0.25,19,361,4,10,hipc_h2_bernoulli_025,C:\Users\lottj\Desktop\research\decentralized benchmark\commitment-horizon-study\reference_core_benchmark_pilot\known_visit_10target_300.csv,01,35,5,2,23,13,1,1,1,0,0.0,0,0,88,73,15,141,25,16,6.0697,0.37935625,0.2648,0.9034,0.9034,3.3634,0.2102125,0.09720000000000001,0.6942,0.6942,16,2.7063,0.16914375,0.17670000000000002,0.282,0.282,completed
206,known_visit,HIPC,bernoulli,drop_0.25,19,361,4,10,hipc_h2_bernoulli_025,C:\Users\lottj\Desktop\research\decentralized benchmark\commitment-horizon-study\reference_core_benchmark_pilot\known_visit_10target_300.csv,02,19,3,0,20,0,0,1,1,0,0.0,0,0,52,42,10,171,32,71,21.1096,0.2973183098591549,0.2598,0.5177,1.3939,8.6984,0.12251267605633802,0.0777,0.3459,1.059,71,12.4112,0.17480563380281688,0.177,0.2858,0.3981,completed
206,known_visit,HIPC,bernoulli,drop_0.25,19,361,4,10,hipc_h2_bernoulli_025,C:\Users\lottj\Desktop\research\decentralized benchmark\commitment-horizon-study\reference_core_benchmark_pilot\known_visit_10target_300.csv,03,39,2,1,37,3,2,0,0,0,0.0,0,0,89,79,10,142,24,9,6.3666,0.7074,0.8335,1.1582,1.1582,4.2821,0.4757888888888889,0.409,0.8954,0.8954,9,2.0845,0.2316111111111111,0.2259,0.4245,0.4245,completed
207,known_visit,HIPC,bernoulli,drop_0.25,19,361,4,10,hipc_h2_bernoulli_025,C:\Users\lottj\Desktop\research\decentralized benchmark\commitment-horizon-study\reference_core_benchmark_pilot\known_visit_10target_300.csv,00,23,1,3,13,11,2,0,0,0,0.0,0,0,62,49,13,171,30,25,9.4018,0.37607199999999996,0.2623,0.7856,1.9699,5.0398,0.201592,0.0985,0.5391,1.7006,25,4.362,0.17448,0.1691,0.2626,0.2693,completed
207,known_visit,HIPC,bernoulli,drop_0.25,19,361,4,10,hipc_h2_bernoulli_025,C:\Users\lottj\Desktop\research\decentralized benchmark\commitment-horizon-study\reference_core_benchmark_pilot\known_visit_10target_300.csv,01,27,4,0,25,3,4,3,3,0,0.0,0,0,76,58,18,166,22,11,7.3796,0.6708727272727273,0.656,1.2614,1.2614,5.3187999999999995,0.4835272727272727,0.4825,0.9952,0.9952,11,2.0608,0.18734545454545454,0.1735,0.3092,0.3092,completed
207,known_visit,HIPC,bernoulli,drop_0.25,19,361,4,10,hipc_h2_bernoulli_025,C:\Users\lottj\Desktop\research\decentralized benchmark\commitment-horizon-study\reference_core_benchmark_pilot\known_visit_10target_300.csv,02,22,1,1,22,1,2,2,2,0,0.0,0,0,61,48,13,171,31,25,12.9754,0.519016,0.3594,1.1496,1.4242,7.8416,0.313664,0.1843,0.8986,1.1191,25,5.1338,0.205352,0.1899,0.3051,0.3301,completed
207,known_visit,HIPC,bernoulli,drop_0.25,19,361,4,10,hipc_h2_bernoulli_025,C:\Users\lottj\Desktop\research\decentralized benchmark\commitment-horizon-study\reference_core_benchmark_pilot\known_visit_10target_300.csv,03,27,4,0,25,3,1,2,2,0,0.0,0,0,66,56,10,167,31,9,4.6323,0.5146999999999999,0.3696,1.1392,1.1392,2.6677,0.2964111111111111,0.1415,0.8788,0.8788,9,1.9646000000000001,0.2182888888888889,0.2329,0.3033,0.3033,completed
208,known_visit,HIPC,bernoulli,drop_0.25,19,361,4,10,hipc_h2_bernoulli_025,C:\Users\lottj\Desktop\research\decentralized benchmark\commitment-horizon-study\reference_core_benchmark_pilot\known_visit_10target_300.csv,00,28,0,2,23,6,2,0,0,0,0.0,0,0,64,57,7,130,26,9,8.1223,0.9024777777777777,0.6735,1.8409,1.8409,5.9397,0.6599666666666667,0.4854,1.6556,1.6556,9,2.1826,0.2425111111111111,0.2438,0.3716,0.3716,completed
208,known_visit,HIPC,bernoulli,drop_0.25,19,361,4,10,hipc_h2_bernoulli_025,C:\Users\lottj\Desktop\research\decentralized benchmark\commitment-horizon-study\reference_core_benchmark_pilot\known_visit_10target_300.csv,01,23,4,0,24,0,0,0,0,0,0.0,0,0,55,48,7,139,26,23,11.2882,0.4907913043478261,0.4049,0.9142,1.4994,6.5575,0.2851086956521739,0.1947,0.6409,1.2485,23,4.7307,0.20568260869565216,0.1972,0.2509,0.2733,completed
208,known_visit,HIPC,bernoulli,drop_0.25,19,361,4,10,hipc_h2_bernoulli_025,C:\Users\lottj\Desktop\research\decentralized benchmark\commitment-horizon-study\reference_core_benchmark_pilot\known_visit_10target_300.csv,02,12,2,0,13,0,1,0,0,0,0.0,0,0,37,27,10,156,26,56,32.3889,0.5783732142857143,0.5486,0.8359,1.2957,19.9037,0.3554232142857143,0.33294999999999997,0.5941,0.644,56,12.4852,0.22295,0.2089,0.3145,0.6517,completed
208,known_visit,HIPC,bernoulli,drop_0.25,19,361,4,10,hipc_h2_bernoulli_025,C:\Users\lottj\Desktop\research\decentralized benchmark\commitment-horizon-study\reference_core_benchmark_pilot\known_visit_10target_300.csv,03,28,4,0,29,0,0,0,0,0,0.0,0,0,64,57,7,135,21,9,4.7432,0.5270222222222222,0.5216,0.8872,0.8872,2.8443,0.31603333333333333,0.2672,0.633,0.633,9,1.8989,0.2109888888888889,0.2187,0.2544,0.2544,completed
209,known_visit,HIPC,bernoulli,drop_0.25,19,361,4,10,hipc_h2_bernoulli_025,C:\Users\lottj\Desktop\research\decentralized benchmark\commitment-horizon-study\reference_core_benchmark_pilot\known_visit_10target_300.csv,00,24,5,0,25,0,0,0,0,0,0.0,0,0,60,49,11,131,21,8,5.7161,0.7145125,0.6790499999999999,1.2452,1.2452,3.7975,0.4746875,0.4369,0.9921,0.9921,8,1.9186,0.239825,0.2501,0.2627,0.2627,completed
209,known_visit,HIPC,bernoulli,drop_0.25,19,361,4,10,hipc_h2_bernoulli_025,C:\Users\lottj\Desktop\research\decentralized benchmark\commitment-horizon-study\reference_core_benchmark_pilot\known_visit_10target_300.csv,01,19,2,0,20,0,0,0,0,0,0.0,0,0,50,40,10,146,16,26,12.9831,0.49935,0.499,0.8828,1.3136,7.9652,0.30635384615384614,0.28385,0.6211,1.0593,26,5.0179,0.19299615384615385,0.20065,0.2617,0.2844,completed
209,known_visit,HIPC,bernoulli,drop_0.25,19,361,4,10,hipc_h2_bernoulli_025,C:\Users\lottj\Desktop\research\decentralized benchmark\commitment-horizon-study\reference_core_benchmark_pilot\known_visit_10target_300.csv,02,16,1,1,16,1,2,0,0,0,0.0,0,0,45,35,10,139,28,35,24.2076,0.6916457142857143,0.4619,1.3264,1.4656,16.2619,0.4646257142857143,0.2439,1.078,1.2145,35,7.9457,0.22702,0.2212,0.266,0.3079,completed
209,known_visit,HIPC,bernoulli,drop_0.25,19,361,4,10,hipc_h2_bernoulli_025,C:\Users\lottj\Desktop\research\decentralized benchmark\commitment-horizon-study\reference_core_benchmark_pilot\known_visit_10target_300.csv,03,24,2,0,25,0,0,0,0,0,0.0,0,0,58,49,9,134,21,8,5.7048000000000005,0.7131000000000001,0.66435,1.2273,1.2273,3.7244,0.46555,0.39955,0.9796,0.9796,8,1.9804,0.24755,0.24530000000000002,0.3312,0.3312,completed
210,known_visit,HIPC,bernoulli,drop_0.25,19,361,4,10,hipc_h2_bernoulli_025,C:\Users\lottj\Desktop\research\decentralized benchmark\commitment-horizon-study\reference_core_benchmark_pilot\known_visit_10target_300.csv,00,16,2,1,14,3,2,0,0,0,0.0,0,0,44,34,10,119,25,47,25.6124,0.5449446808510638,0.5163,1.1181,1.2712,16.1328,0.3432510638297872,0.3114,0.8116,0.9111,47,9.4796,0.20169361702127658,0.2045,0.326,0.4596,completed
210,known_visit,HIPC,bernoulli,drop_0.25,19,361,4,10,hipc_h2_bernoulli_025,C:\Users\lottj\Desktop\research\decentralized benchmark\commitment-horizon-study\reference_core_benchmark_pilot\known_visit_10target_300.csv,01,16,3,0,17,0,0,0,0,0,0.0,0,0,43,34,9,124,21,48,24.258399999999998,0.5053833333333333,0.4689,1.1022,1.7059,15.0578,0.3137041666666667,0.27695000000000003,0.8606,1.4183,48,9.2006,0.19167916666666665,0.2005,0.2606,0.4298,completed
210,known_visit,HIPC,bernoulli,drop_0.25,19,361,4,10,hipc_h2_bernoulli_025,C:\Users\lottj\Desktop\research\decentralized benchmark\commitment-horizon-study\reference_core_benchmark_pilot\known_visit_10target_300.csv,02,28,4,0,29,0,0,0,0,0,0.0,0,0,66,57,9,106,17,8,6.4726,0.809075,0.67055,1.6035,1.6035,4.5735,0.5716875,0.42745,1.3583,1.3583,8,1.8991,0.2373875,0.2386,0.2542,0.2542,completed
210,known_visit,HIPC,bernoulli,drop_0.25,19,361,4,10,hipc_h2_bernoulli_025,C:\Users\lottj\Desktop\research\decentralized benchmark\commitment-horizon-study\reference_core_benchmark_pilot\known_visit_10target_300.csv,03,15,1,0,16,0,0,0,0,0,0.0,0,0,36,32,4,130,22,49,31.275,0.6382653061224489,0.632,1.0347,1.1639,21.169,0.4320204081632653,0.4343,0.7873,0.9058,49,10.106,0.20624489795918366,0.2227,0.2808,0.3023,completed
211,known_visit,HIPC,bernoulli,drop_0.25,19,361,4,10,hipc_h2_bernoulli_025,C:\Users\lottj\Desktop\research\decentralized benchmark\commitment-horizon-study\reference_core_benchmark_pilot\known_visit_10target_300.csv,00,25,5,0,26,0,1,0,0,0,0.0,0,0,64,51,13,128,24,8,6.6042,0.825525,0.7436499999999999,1.5229,1.5229,4.8138,0.601725,0.48205,1.277,1.277,8,1.7904,0.2238,0.2452,0.2777,0.2777,completed
211,known_visit,HIPC,bernoulli,drop_0.25,19,361,4,10,hipc_h2_bernoulli_025,C:\Users\lottj\Desktop\research\decentralized benchmark\commitment-horizon-study\reference_core_benchmark_pilot\known_visit_10target_300.csv,01,21,1,1,20,2,2,0,0,0,0.0,0,0,59,44,15,142,15,24,11.9284,0.49701666666666666,0.3463,1.1756,1.2572,7.1185,0.29660416666666667,0.13269999999999998,0.9166,1.0021,24,4.8099,0.2004125,0.20095000000000002,0.2597,0.2743,completed
211,known_visit,HIPC,bernoulli,drop_0.25,19,361,4,10,hipc_h2_bernoulli_025,C:\Users\lottj\Desktop\research\decentralized benchmark\commitment-horizon-study\reference_core_benchmark_pilot\known_visit_10target_300.csv,02,13,2,0,14,0,0,0,0,0,0.0,0,0,35,28,7,152,29,51,20.6097,0.40411176470588234,0.3797,0.7666,1.0921,10.9409,0.21452745098039214,0.1658,0.524,0.8494,51,9.668800000000001,0.18958431372549023,0.2024,0.2456,0.2514,completed
211,known_visit,HIPC,bernoulli,drop_0.25,19,361,4,10,hipc_h2_bernoulli_025,C:\Users\lottj\Desktop\research\decentralized benchmark\commitment-horizon-study\reference_core_benchmark_pilot\known_visit_10target_300.csv,03,26,2,0,27,0,0,0,0,0,0.0,0,0,59,53,6,129,29,8,6.0304,0.7538,0.6722,1.722,1.722,4.1751,0.5218875,0.40615,1.429,1.429,8,1.8553,0.2319125,0.24195,0.299,0.299,completed
212,known_visit,HIPC,bernoulli,drop_0.25,19,361,4,10,hipc_h2_bernoulli_025,C:\Users\lottj\Desktop\research\decentralized benchmark\commitment-horizon-study\reference_core_benchmark_pilot\known_visit_10target_300.csv,00,13,2,2,12,2,1,0,0,0,0.0,0,0,37,28,9,109,26,32,16.7822,0.52444375,0.38885000000000003,1.2273,2.7278,9.6247,0.300771875,0.17475000000000002,0.9655,2.452,32,7.1575,0.223671875,0.21135,0.2983,0.4952,completed
212,known_visit,HIPC,bernoulli,drop_0.25,19,361,4,10,hipc_h2_bernoulli_025,C:\Users\lottj\Desktop\research\decentralized benchmark\commitment-horizon-study\reference_core_benchmark_pilot\known_visit_10target_300.csv,01,21,3,0,22,0,1,0,0,0,0.0,0,0,54,43,11,105,14,6,6.0807,1.01345,0.8849,1.72,1.72,4.4604,0.7434,0.6225,1.3626,1.3626,6,1.6203,0.27005,0.2695,0.3574,0.3574,completed
212,known_visit,HIPC,bernoulli,drop_0.25,19,361,4,10,hipc_h2_bernoulli_025,C:\Users\lottj\Desktop\research\decentralized benchmark\commitment-horizon-study\reference_core_benchmark_pilot\known_visit_10target_300.csv,02,13,2,0,14,0,0,0,0,0,0.0,0,0,34,28,6,115,23,31,14.2898,0.46096129032258065,0.4132,0.6927,1.476,6.9778,0.22509032258064518,0.1693,0.3908,1.1733,31,7.312,0.2358709677419355,0.2379,0.3027,0.3114,completed
212,known_visit,HIPC,bernoulli,drop_0.25,19,361,4,10,hipc_h2_bernoulli_025,C:\Users\lottj\Desktop\research\decentralized benchmark\commitment-horizon-study\reference_core_benchmark_pilot\known_visit_10target_300.csv,03,19,3,0,20,0,1,0,0,0,0.0,0,0,48,40,8,103,21,15,7.5175,0.5011666666666666,0.3652,1.0237,1.0237,4.1121,0.27414,0.1646,0.7585,0.7585,15,3.4054,0.22702666666666668,0.2074,0.2952,0.2952,completed
213,known_visit,HIPC,bernoulli,drop_0.25,19,361,4,10,hipc_h2_bernoulli_025,C:\Users\lottj\Desktop\research\decentralized benchmark\commitment-horizon-study\reference_core_benchmark_pilot\known_visit_10target_300.csv,00,17,2,0,18,0,0,0,0,0,0.0,0,0,42,36,6,117,31,25,11.4983,0.459932,0.3852,0.8061,1.0752,6.3479,0.25391600000000003,0.1735,0.5712,0.9049,25,5.1504,0.206016,0.1908,0.262,0.2658,completed
213,known_visit,HIPC,bernoulli,drop_0.25,19,361,4,10,hipc_h2_bernoulli_025,C:\Users\lottj\Desktop\research\decentralized benchmark\commitment-horizon-study\reference_core_benchmark_pilot\known_visit_10target_300.csv,01,17,3,0,18,0,0,0,0,0,0.0,0,0,42,36,6,127,21,22,15.2712,0.6941454545454545,0.5736,1.2707,1.6987,10.1912,0.46323636363636367,0.33935,0.9964,1.4296,22,5.08,0.23090909090909092,0.21589999999999998,0.2936,0.3973,completed
213,known_visit,HIPC,bernoulli,drop_0.25,19,361,4,10,hipc_h2_bernoulli_025,C:\Users\lottj\Desktop\research\decentralized benchmark\commitment-horizon-study\reference_core_benchmark_pilot\known_visit_10target_300.csv,02,22,4,0,23,0,1,0,0,0,0.0,0,0,55,45,10,117,19,8,4.672,0.584,0.5665,0.8698,0.8698,2.9811,0.3726375,0.39565,0.6415,0.6415,8,1.6908999999999998,0.21136249999999998,0.2089,0.2749,0.2749,completed
213,known_visit,HIPC,bernoulli,drop_0.25,19,361,4,10,hipc_h2_bernoulli_025,C:\Users\lottj\Desktop\research\decentralized benchmark\commitment-horizon-study\reference_core_benchmark_pilot\known_visit_10target_300.csv,03,22,1,0,23,0,0,0,0,0,0.0,0,0,52,45,7,118,20,9,6.8581,0.7620111111111112,0.6553,1.4326,1.4326,4.7199,0.5244333333333333,0.4119,1.1614,1.1614,9,2.1382,0.23757777777777778,0.2508,0.2844,0.2844,completed
214,known_visit,HIPC,bernoulli,drop_0.25,19,361,4,10,hipc_h2_bernoulli_025,C:\Users\lottj\Desktop\research\decentralized benchmark\commitment-horizon-study\reference_core_benchmark_pilot\known_visit_10target_300.csv,00,26,3,0,27,0,0,0,0,0,0.0,0,0,61,53,8,128,19,10,5.9655000000000005,0.59655,0.6307,1.0437,1.0437,3.7203,0.37202999999999997,0.3438,0.7987,0.7987,10,2.2452,0.22452,0.2195,0.3075,0.3075,completed
214,known_visit,HIPC,bernoulli,drop_0.25,19,361,4,10,hipc_h2_bernoulli_025,C:\Users\lottj\Desktop\research\decentralized benchmark\commitment-horizon-study\reference_core_benchmark_pilot\known_visit_10target_300.csv,01,22,2,2,15,8,2,3,1,1,5.0,1,0,59,47,12,122,26,19,11.3024,0.5948631578947369,0.3662,1.4304,1.4304,7.3076,0.38461052631578946,0.1909,1.1761,1.1761,19,3.9948,0.21025263157894739,0.184,0.32,0.32,completed
214,known_visit,HIPC,bernoulli,drop_0.25,19,361,4,10,hipc_h2_bernoulli_025,C:\Users\lottj\Desktop\research\decentralized benchmark\commitment-horizon-study\reference_core_benchmark_pilot\known_visit_10target_300.csv,02,15,3,1,14,2,0,0,0,0,0.0,0,0,44,33,11,139,24,43,21.3213,0.49584418604651165,0.4611,0.8372,1.1641,13.1722,0.3063302325581395,0.295,0.5998,0.9238,43,8.1491,0.1895139534883721,0.1856,0.2682,0.3127,completed
214,known_visit,HIPC,bernoulli,drop_0.25,19,361,4,10,hipc_h2_bernoulli_025,C:\Users\lottj\Desktop\research\decentralized benchmark\commitment-horizon-study\reference_core_benchmark_pilot\known_visit_10target_300.csv,03,19,2,0,20,0,0,0,0,0,0.0,0,0,44,40,4,136,27,29,13.7716,0.4748827586206896,0.4233,1.0964,1.3262,8.1023,0.27938965517241376,0.2048,0.8236,1.0262,29,5.6693,0.19549310344827586,0.1969,0.2751,0.3,completed
215,known_visit,HIPC,bernoulli,drop_0.25,19,361,4,10,hipc_h2_bernoulli_025,C:\Users\lottj\Desktop\research\decentralized benchmark\commitment-horizon-study\reference_core_benchmark_pilot\known_visit_10target_300.csv,00,19,3,0,20,0,0,0,0,0,0.0,0,0,46,40,6,171,24,41,13.4244,0.32742439024390246,0.2894,0.5919,0.9447,5.9119,0.14419268292682927,0.1122,0.3589,0.6403,41,7.5125,0.18323170731707317,0.1854,0.2991,0.3507,completed
215,known_visit,HIPC,bernoulli,drop_0.25,19,361,4,10,hipc_h2_bernoulli_025,C:\Users\lottj\Desktop\research\decentralized benchmark\commitment-horizon-study\reference_core_benchmark_pilot\known_visit_10target_300.csv,01,30,3,0,30,1,0,1,1,0,0.0,0,0,71,62,9,149,22,7,4.831799999999999,0.6902571428571428,0.7363,1.0068,1.0068,3.1172999999999997,0.4453285714285714,0.4564,0.6964,0.6964,7,1.7145000000000001,0.24492857142857144,0.2654,0.3104,0.3104,completed
215,known_visit,HIPC,bernoulli,drop_0.25,19,361,4,10,hipc_h2_bernoulli_025,C:\Users\lottj\Desktop\research\decentralized benchmark\commitment-horizon-study\reference_core_benchmark_pilot\known_visit_10target_300.csv,02,28,2,0,28,1,2,6,6,0,0.0,0,0,70,58,12,148,23,12,9.702399999999999,0.8085333333333332,0.7200500000000001,1.5171,1.5171,6.6392999999999995,0.553275,0.4629,1.2151,1.2151,12,3.0631,0.2552583333333333,0.2547,0.3184,0.3184,completed
215,known_visit,HIPC,bernoulli,drop_0.25,19,361,4,10,hipc_h2_bernoulli_025,C:\Users\lottj\Desktop\research\decentralized benchmark\commitment-horizon-study\reference_core_benchmark_pilot\known_visit_10target_300.csv,03,21,2,2,16,6,1,0,0,0,0.0,0,0,55,44,11,163,23,35,16.3673,0.46763714285714286,0.3419,1.5355,2.0189,9.5557,0.27302,0.1447,1.2302,1.7139,35,6.8116,0.19461714285714288,0.1916,0.3053,0.3186,completed
216,known_visit,HIPC,bernoulli,drop_0.25,19,361,4,10,hipc_h2_bernoulli_025,C:\Users\lottj\Desktop\research\decentralized benchmark\commitment-horizon-study\reference_core_benchmark_pilot\known_visit_10target_300.csv,00,24,3,0,25,0,0,0,0,0,0.0,0,0,59,49,10,144,23,6,3.5539,0.5923166666666667,0.5373,1.0903,1.0903,2.5508,0.42513333333333336,0.37255000000000005,0.9032,0.9032,6,1.0030999999999999,0.16718333333333332,0.16475,0.1871,0.1871,completed
216,known_visit,HIPC,bernoulli,drop_0.25,19,361,4,10,hipc_h2_bernoulli_025,C:\Users\lottj\Desktop\research\decentralized benchmark\commitment-horizon-study\reference_core_benchmark_pilot\known_visit_10target_300.csv,01,19,2,0,20,0,0,0,0,0,0.0,0,0,53,40,13,146,28,25,10.5207,0.420828,0.2449,1.1771,1.2748,6.4067,0.256268,0.1122,0.9315,0.9832,25,4.114,0.16455999999999998,0.136,0.2916,0.311,completed
216,known_visit,HIPC,bernoulli,drop_0.25,19,361,4,10,hipc_h2_bernoulli_025,C:\Users\lottj\Desktop\research\decentralized benchmark\commitment-horizon-study\reference_core_benchmark_pilot\known_visit_10target_300.csv,02,22,1,2,20,3,2,0,0,0,0.0,0,0,57,46,11,133,37,11,6.6030999999999995,0.6002818181818181,0.4387,1.3759,1.3759,4.411,0.40099999999999997,0.2707,1.0753,1.0753,11,2.1921,0.19928181818181817,0.1844,0.3006,0.3006,completed
216,known_visit,HIPC,bernoulli,drop_0.25,19,361,4,10,hipc_h2_bernoulli_025,C:\Users\lottj\Desktop\research\decentralized benchmark\commitment-horizon-study\reference_core_benchmark_pilot\known_visit_10target_300.csv,03,24,4,0,25,0,0,0,0,0,0.0,0,0,58,49,9,141,28,9,5.4852,0.6094666666666666,0.4593,1.2704,1.2704,3.6803000000000003,0.40892222222222224,0.3012,0.9794,0.9794,9,1.8049,0.20054444444444444,0.1792,0.341,0.341,completed
217,known_visit,HIPC,bernoulli,drop_0.25,19,361,4,10,hipc_h2_bernoulli_025,C:\Users\lottj\Desktop\research\decentralized benchmark\commitment-horizon-study\reference_core_benchmark_pilot\known_visit_10target_300.csv,00,23,3,0,24,0,0,0,0,0,0.0,0,0,54,47,7,115,20,5,3.5989999999999998,0.7198,0.5713,1.3336,1.3336,2.505,0.501,0.333,1.0654,1.0654,5,1.094,0.21880000000000002,0.2383,0.2682,0.2682,completed
217,known_visit,HIPC,bernoulli,drop_0.25,19,361,4,10,hipc_h2_bernoulli_025,C:\Users\lottj\Desktop\research\decentralized benchmark\commitment-horizon-study\reference_core_benchmark_pilot\known_visit_10target_300.csv,01,11,1,0,12,0,0,0,0,0,0.0,0,0,31,24,7,134,24,46,25.6874,0.5584217391304348,0.486,0.8163,1.0928,17.165,0.37315217391304345,0.3109,0.581,0.8368,46,8.5224,0.1852695652173913,0.1658,0.256,0.2703,completed
217,known_visit,HIPC,bernoulli,drop_0.25,19,361,4,10,hipc_h2_bernoulli_025,C:\Users\lottj\Desktop\research\decentralized benchmark\commitment-horizon-study\reference_core_benchmark_pilot\known_visit_10target_300.csv,02,21,3,0,22,0,0,0,0,0,0.0,0,0,53,44,9,119,17,15,7.2816,0.48544,0.3486,0.9823,0.9823,4.4692,0.29794666666666664,0.1348,0.7303,0.7303,15,2.8124000000000002,0.18749333333333335,0.1818,0.3088,0.3088,completed
217,known_visit,HIPC,bernoulli,drop_0.25,19,361,4,10,hipc_h2_bernoulli_025,C:\Users\lottj\Desktop\research\decentralized benchmark\commitment-horizon-study\reference_core_benchmark_pilot\known_visit_10target_300.csv,03,24,3,0,25,0,0,0,0,0,0.0,0,0,52,49,3,116,22,6,3.5685000000000002,0.59475,0.6547000000000001,0.6888,0.6888,2.3105,0.3850833333333334,0.43235,0.4874,0.4874,6,1.258,0.20966666666666667,0.22215,0.2438,0.2438,completed
218,known_visit,HIPC,bernoulli,drop_0.25,19,361,4,10,hipc_h2_bernoulli_025,C:\Users\lottj\Desktop\research\decentralized benchmark\commitment-horizon-study\reference_core_benchmark_pilot\known_visit_10target_300.csv,00,24,3,0,25,0,0,0,0,0,0.0,0,0,55,49,6,115,21,7,5.0623000000000005,0.7231857142857143,0.8275,1.0866,1.0866,3.4341,0.4905857142857143,0.5518,0.8514,0.8514,7,1.6282,0.2326,0.2352,0.2808,0.2808,completed
218,known_visit,HIPC,bernoulli,drop_0.25,19,361,4,10,hipc_h2_bernoulli_025,C:\Users\lottj\Desktop\research\decentralized benchmark\commitment-horizon-study\reference_core_benchmark_pilot\known_visit_10target_300.csv,01,12,1,0,13,0,0,0,0,0,0.0,0,0,36,26,10,137,17,43,23.6155,0.5491976744186047,0.6089,0.9504,1.113,14.921899999999999,0.34702093023255814,0.3419,0.6824,0.8593,43,8.6936,0.2021767441860465,0.2109,0.2537,0.2947,completed
218,known_visit,HIPC,bernoulli,drop_0.25,19,361,4,10,hipc_h2_bernoulli_025,C:\Users\lottj\Desktop\research\decentralized benchmark\commitment-horizon-study\reference_core_benchmark_pilot\known_visit_10target_300.csv,02,21,6,0,22,0,0,0,0,0,0.0,0,0,56,44,12,110,24,9,6.772,0.7524444444444445,0.5656,1.662,1.662,4.8898,0.5433111111111111,0.3525,1.3805,1.3805,9,1.8821999999999999,0.2091333333333333,0.2131,0.2815,0.2815,completed
218,known_visit,HIPC,bernoulli,drop_0.25,19,361,4,10,hipc_h2_bernoulli_025,C:\Users\lottj\Desktop\research\decentralized benchmark\commitment-horizon-study\reference_core_benchmark_pilot\known_visit_10target_300.csv,03,18,0,0,19,0,1,0,0,0,0.0,0,0,44,38,6,117,30,25,13.609,0.54436,0.4344,1.1673,1.6495,8.6541,0.34616399999999997,0.2309,0.9128,1.3894,25,4.9549,0.198196,0.2086,0.2647,0.2813,completed
219,known_visit,HIPC,bernoulli,drop_0.25,19,361,4,10,hipc_h2_bernoulli_025,C:\Users\lottj\Desktop\research\decentralized benchmark\commitment-horizon-study\reference_core_benchmark_pilot\known_visit_10target_300.csv,00,19,2,1,19,1,0,0,0,0,0.0,0,0,54,41,13,159,24,47,16.4938,0.350931914893617,0.2746,0.6882,1.3313,7.1298,0.15169787234042553,0.0919,0.4573,1.0368,47,9.364,0.1992340425531915,0.1829,0.2945,0.3008,completed
219,known_visit,HIPC,bernoulli,drop_0.25,19,361,4,10,hipc_h2_bernoulli_025,C:\Users\lottj\Desktop\research\decentralized benchmark\commitment-horizon-study\reference_core_benchmark_pilot\known_visit_10target_300.csv,01,31,5,0,32,0,1,0,0,0,0.0,0,0,75,63,12,140,23,10,6.4746,0.6474599999999999,0.6125,1.0465,1.0465,4.0216,0.40216,0.34909999999999997,0.7729,0.7729,10,2.453,0.2453,0.23325,0.2949,0.2949,completed
219,known_visit,HIPC,bernoulli,drop_0.25,19,361,4,10,hipc_h2_bernoulli_025,C:\Users\lottj\Desktop\research\decentralized benchmark\commitment-horizon-study\reference_core_benchmark_pilot\known_visit_10target_300.csv,02,12,1,0,13,0,0,1,1,0,0.0,0,0,40,27,13,170,27,68,27.1548,0.39933529411764707,0.33915,0.6912,1.6867,14.1132,0.20754705882352942,0.15555,0.4614,1.4091,68,13.0416,0.19178823529411765,0.1879,0.2421,0.2977,completed
219,known_visit,HIPC,bernoulli,drop_0.25,19,361,4,10,hipc_h2_bernoulli_025,C:\Users\lottj\Desktop\research\decentralized benchmark\commitment-horizon-study\reference_core_benchmark_pilot\known_visit_10target_300.csv,03,27,2,2,24,4,1,1,1,0,0.0,0,0,69,56,13,139,29,20,10.154399999999999,0.50772,0.2834,1.4862,1.7967,6.0489999999999995,0.30245,0.1043,1.2346,1.5042,20,4.1054,0.20527,0.18695,0.2737,0.2925,completed
220,known_visit,HIPC,bernoulli,drop_0.25,19,361,4,10,hipc_h2_bernoulli_025,C:\Users\lottj\Desktop\research\decentralized benchmark\commitment-horizon-study\reference_core_benchmark_pilot\known_visit_10target_300.csv,00,23,3,0,24,0,0,0,0,0,0.0,0,0,52,47,5,80,22,7,3.9185,0.5597857142857142,0.5401,0.7229,0.7229,2.1682,0.30974285714285715,0.2958,0.4505,0.4505,7,1.7503,0.2500428571428571,0.2577,0.2932,0.2932,completed
220,known_visit,HIPC,bernoulli,drop_0.25,19,361,4,10,hipc_h2_bernoulli_025,C:\Users\lottj\Desktop\research\decentralized benchmark\commitment-horizon-study\reference_core_benchmark_pilot\known_visit_10target_300.csv,01,17,3,0,18,0,0,0,0,0,0.0,0,0,42,36,6,94,17,24,13.3889,0.5578708333333333,0.44435,1.2578,1.8054,7.805,0.3252083333333333,0.219,0.9769,1.5053,24,5.5839,0.2326625,0.21439999999999998,0.3001,0.3382,completed
220,known_visit,HIPC,bernoulli,drop_0.25,19,361,4,10,hipc_h2_bernoulli_025,C:\Users\lottj\Desktop\research\decentralized benchmark\commitment-horizon-study\reference_core_benchmark_pilot\known_visit_10target_300.csv,02,14,3,0,14,1,0,0,0,0,0.0,0,0,37,30,7,101,15,32,23.4859,0.733934375,0.64555,1.8612,2.944,16.2514,0.50785625,0.4209,1.6029,2.6723,32,7.2345,0.226078125,0.22544999999999998,0.2717,0.2809,completed
220,known_visit,HIPC,bernoulli,drop_0.25,19,361,4,10,hipc_h2_bernoulli_025,C:\Users\lottj\Desktop\research\decentralized benchmark\commitment-horizon-study\reference_core_benchmark_pilot\known_visit_10target_300.csv,03,6,1,0,6,1,1,0,0,0,0.0,0,0,23,14,9,118,12,61,34.2752,0.5618885245901639,0.5516,0.81,1.3421,20.7588,0.34030819672131146,0.3385,0.5134,1.0542,61,13.5164,0.22158032786885248,0.2166,0.2868,0.4519,completed
221,known_visit,HIPC,bernoulli,drop_0.25,19,361,4,10,hipc_h2_bernoulli_025,C:\Users\lottj\Desktop\research\decentralized benchmark\commitment-horizon-study\reference_core_benchmark_pilot\known_visit_10target_300.csv,00,19,1,0,20,0,0,0,0,0,0.0,0,0,47,40,7,126,19,21,10.355599999999999,0.49312380952380946,0.4218,0.7904,1.3629,5.7736,0.27493333333333336,0.1986,0.5482,1.1108,21,4.582,0.21819047619047618,0.2239,0.2608,0.2904,completed
221,known_visit,HIPC,bernoulli,drop_0.25,19,361,4,10,hipc_h2_bernoulli_025,C:\Users\lottj\Desktop\research\decentralized benchmark\commitment-horizon-study\reference_core_benchmark_pilot\known_visit_10target_300.csv,01,24,5,0,25,0,0,0,0,0,0.0,0,0,58,49,9,121,14,8,6.2857,0.7857125,0.5990500000000001,1.7121,1.7121,4.3667,0.5458375,0.37135,1.4135,1.4135,8,1.919,0.239875,0.2308,0.3089,0.3089,completed
221,known_visit,HIPC,bernoulli,drop_0.25,19,361,4,10,hipc_h2_bernoulli_025,C:\Users\lottj\Desktop\research\decentralized benchmark\commitment-horizon-study\reference_core_benchmark_pilot\known_visit_10target_300.csv,02,18,3,0,19,0,0,0,0,0,0.0,0,0,49,38,11,120,23,23,14.366999999999999,0.6246521739130434,0.535,1.2405,1.3608,9.1238,0.3966869565217391,0.3196,0.9501,1.0425,23,5.2432,0.22796521739130435,0.22,0.3176,0.3183,completed
221,known_visit,HIPC,bernoulli,drop_0.25,19,361,4,10,hipc_h2_bernoulli_025,C:\Users\lottj\Desktop\research\decentralized benchmark\commitment-horizon-study\reference_core_benchmark_pilot\known_visit_10target_300.csv,03,15,1,0,16,0,1,0,0,0,0.0,0,0,39,32,7,133,21,33,23.060100000000002,0.6987909090909091,0.5746,1.6869,1.7787,15.46,0.4684848484848485,0.3149,1.4134,1.4616,33,7.6001,0.23030606060606063,0.227,0.331,0.4067,completed
222,known_visit,HIPC,bernoulli,drop_0.25,19,361,4,10,hipc_h2_bernoulli_025,C:\Users\lottj\Desktop\research\decentralized benchmark\commitment-horizon-study\reference_core_benchmark_pilot\known_visit_10target_300.csv,00,11,2,0,12,0,0,0,0,0,0.0,0,0,28,24,4,76,20,16,8.237,0.5148125,0.37934999999999997,1.7357,1.7357,4.8543,0.30339375,0.1637,1.432,1.432,16,3.3827000000000003,0.21141875000000002,0.2135,0.3037,0.3037,completed
222,known_visit,HIPC,bernoulli,drop_0.25,19,361,4,10,hipc_h2_bernoulli_025,C:\Users\lottj\Desktop\research\decentralized benchmark\commitment-horizon-study\reference_core_benchmark_pilot\known_visit_10target_300.csv,01,9,3,0,10,0,0,0,0,0,0.0,0,0,26,20,6,84,13,22,9.7003,0.4409227272727273,0.3482,0.8001,1.2677,5.132,0.23327272727272727,0.14735,0.5595,1.0166,22,4.5683,0.20765,0.20465,0.2786,0.2939,completed
222,known_visit,HIPC,bernoulli,drop_0.25,19,361,4,10,hipc_h2_bernoulli_025,C:\Users\lottj\Desktop\research\decentralized benchmark\commitment-horizon-study\reference_core_benchmark_pilot\known_visit_10target_300.csv,02,12,2,1,10,3,0,0,0,0,0.0,0,0,36,27,9,73,14,11,9.4215,0.8565,0.6582,1.7958,1.7958,6.7583,0.6143909090909091,0.4274,1.4982,1.4982,11,2.6632,0.24210909090909088,0.2308,0.3079,0.3079,completed
222,known_visit,HIPC,bernoulli,drop_0.25,19,361,4,10,hipc_h2_bernoulli_025,C:\Users\lottj\Desktop\research\decentralized benchmark\commitment-horizon-study\reference_core_benchmark_pilot\known_visit_10target_300.csv,03,14,3,0,15,0,0,0,0,0,0.0,0,0,34,29,5,77,13,7,5.3004,0.7572,0.4768,1.6217,1.6217,3.8067,0.5438142857142857,0.3054,1.3247,1.3247,7,1.4937,0.2133857142857143,0.2229,0.297,0.297,completed
223,known_visit,HIPC,bernoulli,drop_0.25,19,361,4,10,hipc_h2_bernoulli_025,C:\Users\lottj\Desktop\research\decentralized benchmark\commitment-horizon-study\reference_core_benchmark_pilot\known_visit_10target_300.csv,00,19,4,0,20,0,0,0,0,0,0.0,0,0,48,40,8,98,24,8,5.2592,0.6574,0.5969,1.0129,1.0129,3.451,0.431375,0.38225,0.7499,0.7499,8,1.8082,0.226025,0.2314,0.2958,0.2958,completed
223,known_visit,HIPC,bernoulli,drop_0.25,19,361,4,10,hipc_h2_bernoulli_025,C:\Users\lottj\Desktop\research\decentralized benchmark\commitment-horizon-study\reference_core_benchmark_pilot\known_visit_10target_300.csv,01,20,3,0,21,0,0,0,0,0,0.0,0,0,51,41,10,101,18,7,5.5184,0.7883428571428571,0.6949,1.3542,1.3542,3.8207,0.5458142857142857,0.4417,1.0743,1.0743,7,1.6977,0.24252857142857143,0.2519,0.2799,0.2799,completed
223,known_visit,HIPC,bernoulli,drop_0.25,19,361,4,10,hipc_h2_bernoulli_025,C:\Users\lottj\Desktop\research\decentralized benchmark\commitment-horizon-study\reference_core_benchmark_pilot\known_visit_10target_300.csv,02,21,2,0,22,0,0,0,0,0,0.0,0,0,46,43,3,103,22,8,5.1754,0.646925,0.6171,1.0227,1.0227,3.3999,0.4249875,0.394,0.8532,0.8532,8,1.7755,0.2219375,0.22294999999999998,0.2827,0.2827,completed
223,known_visit,HIPC,bernoulli,drop_0.25,19,361,4,10,hipc_h2_bernoulli_025,C:\Users\lottj\Desktop\research\decentralized benchmark\commitment-horizon-study\reference_core_benchmark_pilot\known_visit_10target_300.csv,03,9,1,0,10,0,0,0,0,0,0.0,0,0,26,20,6,124,20,42,27.2341,0.6484309523809524,0.63995,1.053,1.2003,17.6693,0.42069761904761904,0.41485000000000005,0.7647,0.9291,42,9.5648,0.22773333333333334,0.22975,0.2489,0.2883,completed
224,known_visit,HIPC,bernoulli,drop_0.25,19,361,4,10,hipc_h2_bernoulli_025,C:\Users\lottj\Desktop\research\decentralized benchmark\commitment-horizon-study\reference_core_benchmark_pilot\known_visit_10target_300.csv,00,27,4,0,28,0,0,1,1,0,0.0,0,0,64,55,9,133,31,8,4.4725,0.5590625,0.41825,1.1853,1.1853,2.9411,0.3676375,0.2694,0.9331,0.9331,8,1.5313999999999999,0.19142499999999998,0.14884999999999998,0.3727,0.3727,completed
224,known_visit,HIPC,bernoulli,drop_0.25,19,361,4,10,hipc_h2_bernoulli_025,C:\Users\lottj\Desktop\research\decentralized benchmark\commitment-horizon-study\reference_core_benchmark_pilot\known_visit_10target_300.csv,01,12,4,0,13,0,0,0,0,0,0.0,0,0,34,26,8,165,29,55,16.7925,0.3053181818181818,0.2478,0.9267,1.2495,9.1064,0.1655709090909091,0.111,0.6804,0.9879,55,7.6861,0.13974727272727272,0.1195,0.2567,0.2642,completed
224,known_visit,HIPC,bernoulli,drop_0.25,19,361,4,10,hipc_h2_bernoulli_025,C:\Users\lottj\Desktop\research\decentralized benchmark\commitment-horizon-study\reference_core_benchmark_pilot\known_visit_10target_300.csv,02,25,1,3,14,12,1,0,0,0,0.0,0,0,65,53,12,132,30,13,7.4136,0.570276923076923,0.5283,1.1592,1.1592,4.9545,0.38111538461538463,0.3788,0.8868,0.8868,13,2.4591,0.18916153846153844,0.1536,0.2834,0.2834,completed
224,known_visit,HIPC,bernoulli,drop_0.25,19,361,4,10,hipc_h2_bernoulli_025,C:\Users\lottj\Desktop\research\decentralized benchmark\commitment-horizon-study\reference_core_benchmark_pilot\known_visit_10target_300.csv,03,26,1,0,27,0,3,1,1,0,0.0,0,0,65,54,11,145,17,9,4.8463,0.5384777777777778,0.5586,0.9125,0.9125,3.1653,0.35169999999999996,0.3545,0.6472,0.6472,9,1.681,0.1867777777777778,0.1472,0.2834,0.2834,completed
225,known_visit,HIPC,bernoulli,drop_0.25,19,361,4,10,hipc_h2_bernoulli_025,C:\Users\lottj\Desktop\research\decentralized benchmark\commitment-horizon-study\reference_core_benchmark_pilot\known_visit_10target_300.csv,00,5,0,0,6,0,1,0,0,0,0.0,0,0,18,12,6,165,30,108,47.0159,0.4353324074074074,0.3604,0.9717,1.3665,25.6083,0.23711388888888887,0.17855,0.6965,1.0556,108,21.4076,0.19821851851851852,0.1996,0.2901,0.3563,completed
225,known_visit,HIPC,bernoulli,drop_0.25,19,361,4,10,hipc_h2_bernoulli_025,C:\Users\lottj\Desktop\research\decentralized benchmark\commitment-horizon-study\reference_core_benchmark_pilot\known_visit_10target_300.csv,01,25,4,0,26,0,0,0,0,0,0.0,0,0,62,52,10,123,27,39,13.7007,0.3513,0.2513,1.2375,1.2861,6.6774,0.1712153846153846,0.0963,0.8706,1.0332,39,7.0233,0.18008461538461537,0.1576,0.2827,0.3669,completed
225,known_visit,HIPC,bernoulli,drop_0.25,19,361,4,10,hipc_h2_bernoulli_025,C:\Users\lottj\Desktop\research\decentralized benchmark\commitment-horizon-study\reference_core_benchmark_pilot\known_visit_10target_300.csv,02,23,2,2,20,4,1,2,1,1,5.0,1,0,68,50,18,125,20,53,33.3288,0.628845283018868,0.6205,1.0255,1.1897,21.0765,0.3976698113207547,0.3754,0.6479,0.8347,53,12.2523,0.2311754716981132,0.2311,0.368,0.5418,completed
225,known_visit,HIPC,bernoulli,drop_0.25,19,361,4,10,hipc_h2_bernoulli_025,C:\Users\lottj\Desktop\research\decentralized benchmark\commitment-horizon-study\reference_core_benchmark_pilot\known_visit_10target_300.csv,03,24,4,0,25,0,3,0,0,0,0.0,0,0,65,50,15,125,23,45,17.4663,0.38814,0.3265,1.0404,1.1165,9.4088,0.20908444444444443,0.1459,0.7643,0.8622,45,8.0575,0.17905555555555555,0.1512,0.2801,0.3656,completed
226,known_visit,HIPC,bernoulli,drop_0.25,19,361,4,10,hipc_h2_bernoulli_025,C:\Users\lottj\Desktop\research\decentralized benchmark\commitment-horizon-study\reference_core_benchmark_pilot\known_visit_10target_300.csv,00,17,1,0,18,0,0,0,0,0,0.0,0,0,40,36,4,129,19,29,11.333,0.3907931034482759,0.315,1.0008,1.0546,6.1406,0.21174482758620689,0.1535,0.7461,0.7752,29,5.1924,0.17904827586206898,0.1559,0.2794,0.2822,completed
226,known_visit,HIPC,bernoulli,drop_0.25,19,361,4,10,hipc_h2_bernoulli_025,C:\Users\lottj\Desktop\research\decentralized benchmark\commitment-horizon-study\reference_core_benchmark_pilot\known_visit_10target_300.csv,01,25,3,0,26,0,0,0,0,0,0.0,0,0,56,51,5,110,23,8,5.1859,0.6482375,0.5908,1.1232,1.1232,3.2729,0.4091125,0.36065,0.8259,0.8259,8,1.913,0.239125,0.24375,0.2973,0.2973,completed
226,known_visit,HIPC,bernoulli,drop_0.25,19,361,4,10,hipc_h2_bernoulli_025,C:\Users\lottj\Desktop\research\decentralized benchmark\commitment-horizon-study\reference_core_benchmark_pilot\known_visit_10target_300.csv,02,13,1,0,14,0,1,1,1,0,0.0,0,0,38,29,9,124,27,41,15.397499999999999,0.3755487804878049,0.3362,0.6315,1.0895,8.601700000000001,0.20979756097560978,0.1594,0.3507,0.8475,41,6.7958,0.16575121951219512,0.1479,0.2489,0.2808,completed
226,known_visit,HIPC,bernoulli,drop_0.25,19,361,4,10,hipc_h2_bernoulli_025,C:\Users\lottj\Desktop\research\decentralized benchmark\commitment-horizon-study\reference_core_benchmark_pilot\known_visit_10target_300.csv,03,22,5,0,23,0,1,1,1,0,0.0,0,0,55,47,8,106,28,12,7.2837,0.6069749999999999,0.47705,1.3747,1.3747,4.6758,0.38965,0.29665,1.106,1.106,12,2.6079,0.217325,0.19519999999999998,0.3427,0.3427,completed
227,known_visit,HIPC,bernoulli,drop_0.25,19,361,4,10,hipc_h2_bernoulli_025,C:\Users\lottj\Desktop\research\decentralized benchmark\commitment-horizon-study\reference_core_benchmark_pilot\known_visit_10target_300.csv,00,18,4,0,19,0,0,0,0,0,0.0,0,0,46,37,9,108,13,7,6.6166,0.9452285714285714,0.998,1.8686,1.8686,4.8063,0.6866142857142857,0.7026,1.5465,1.5465,7,1.8103,0.25861428571428574,0.2954,0.3447,0.3447,completed
227,known_visit,HIPC,bernoulli,drop_0.25,19,361,4,10,hipc_h2_bernoulli_025,C:\Users\lottj\Desktop\research\decentralized benchmark\commitment-horizon-study\reference_core_benchmark_pilot\known_visit_10target_300.csv,01,16,3,0,17,0,1,0,0,0,0.0,0,0,43,34,9,103,21,15,8.9604,0.59736,0.3638,1.6379,1.6379,5.6141000000000005,0.37427333333333335,0.2018,1.2998,1.2998,15,3.3463000000000003,0.22308666666666668,0.1988,0.385,0.385,completed
227,known_visit,HIPC,bernoulli,drop_0.25,19,361,4,10,hipc_h2_bernoulli_025,C:\Users\lottj\Desktop\research\decentralized benchmark\commitment-horizon-study\reference_core_benchmark_pilot\known_visit_10target_300.csv,02,17,2,0,17,1,0,0,0,0,0.0,0,0,43,36,7,101,22,13,8.5839,0.6603,0.637,1.2953,1.2953,5.5978,0.43060000000000004,0.426,1.0839,1.0839,13,2.9861,0.2297,0.2291,0.327,0.327,completed
227,known_visit,HIPC,bernoulli,drop_0.25,19,361,4,10,hipc_h2_bernoulli_025,C:\Users\lottj\Desktop\research\decentralized benchmark\commitment-horizon-study\reference_core_benchmark_pilot\known_visit_10target_300.csv,03,13,1,0,14,0,0,0,0,0,0.0,0,0,35,28,7,104,27,22,16.2219,0.737359090909091,0.6653,1.218,1.3277,10.7551,0.48886818181818187,0.4345,0.9413,1.051,22,5.4668,0.2484909090909091,0.2331,0.3146,0.3167,completed
228,known_visit,HIPC,bernoulli,drop_0.25,19,361,4,10,hipc_h2_bernoulli_025,C:\Users\lottj\Desktop\research\decentralized benchmark\commitment-horizon-study\reference_core_benchmark_pilot\known_visit_10target_300.csv,00,20,1,0,21,0,0,0,0,0,0.0,0,0,46,42,4,134,23,17,8.7751,0.5161823529411764,0.3493,2.0156,2.0156,5.2094,0.30643529411764703,0.1484,1.5583,1.5583,17,3.5657,0.20974705882352943,0.1749,0.4573,0.4573,completed
228,known_visit,HIPC,bernoulli,drop_0.25,19,361,4,10,hipc_h2_bernoulli_025,C:\Users\lottj\Desktop\research\decentralized benchmark\commitment-horizon-study\reference_core_benchmark_pilot\known_visit_10target_300.csv,01,15,2,0,16,0,1,0,0,0,0.0,0,0,43,32,11,135,25,33,17.3609,0.5260878787878788,0.4786,1.2294,1.3426,10.3966,0.31504848484848486,0.2475,0.962,1.0683,33,6.9643,0.21103939393939394,0.231,0.2743,0.2797,completed
228,known_visit,HIPC,bernoulli,drop_0.25,19,361,4,10,hipc_h2_bernoulli_025,C:\Users\lottj\Desktop\research\decentralized benchmark\commitment-horizon-study\reference_core_benchmark_pilot\known_visit_10target_300.csv,02,22,2,1,21,2,3,0,0,0,0.0,0,0,58,45,13,116,28,11,9.2334,0.8393999999999999,0.7239,2.683,2.683,6.5163,0.5923909090909091,0.438,2.4459,2.4459,11,2.7171000000000003,0.24700909090909093,0.2625,0.3103,0.3103,completed
228,known_visit,HIPC,bernoulli,drop_0.25,19,361,4,10,hipc_h2_bernoulli_025,C:\Users\lottj\Desktop\research\decentralized benchmark\commitment-horizon-study\reference_core_benchmark_pilot\known_visit_10target_300.csv,03,23,5,0,24,0,0,0,0,0,0.0,0,0,56,47,9,123,24,10,7.2432,0.72432,0.6959500000000001,1.7219,1.7219,4.9043,0.49043000000000003,0.42785,1.4478,1.4478,10,2.3389,0.23389000000000001,0.25539999999999996,0.2755,0.2755,completed
229,known_visit,HIPC,bernoulli,drop_0.25,19,361,4,10,hipc_h2_bernoulli_025,C:\Users\lottj\Desktop\research\decentralized benchmark\commitment-horizon-study\reference_core_benchmark_pilot\known_visit_10target_300.csv,00,8,0,0,9,0,1,0,0,0,0.0,0,0,22,18,4,130,20,57,38.9105,0.682640350877193,0.6648,1.1323,1.4832,27.0602,0.47474035087719296,0.4441,0.8622,1.1617,57,11.8503,0.2079,0.2195,0.281,0.3215,completed
229,known_visit,HIPC,bernoulli,drop_0.25,19,361,4,10,hipc_h2_bernoulli_025,C:\Users\lottj\Desktop\research\decentralized benchmark\commitment-horizon-study\reference_core_benchmark_pilot\known_visit_10target_300.csv,01,20,3,0,21,0,0,0,0,0,0.0,0,0,51,42,9,97,24,17,7.9033,0.4649,0.3122,1.068,1.068,5.025,0.29558823529411765,0.1786,0.7637,0.7637,17,2.8783,0.16931176470588236,0.1336,0.3043,0.3043,completed
229,known_visit,HIPC,bernoulli,drop_0.25,19,361,4,10,hipc_h2_bernoulli_025,C:\Users\lottj\Desktop\research\decentralized benchmark\commitment-horizon-study\reference_core_benchmark_pilot\known_visit_10target_300.csv,02,24,5,0,25,0,0,0,0,0,0.0,0,0,57,49,8,98,18,8,4.7879000000000005,0.5984875000000001,0.41869999999999996,1.1505,1.1505,3.2039,0.4004875,0.2301,0.8974,0.8974,8,1.584,0.198,0.18845,0.2697,0.2697,completed
229,known_visit,HIPC,bernoulli,drop_0.25,19,361,4,10,hipc_h2_bernoulli_025,C:\Users\lottj\Desktop\research\decentralized benchmark\commitment-horizon-study\reference_core_benchmark_pilot\known_visit_10target_300.csv,03,15,2,1,15,1,0,2,1,1,5.0,1,0,43,34,9,111,19,35,14.1057,0.40302,0.4216,0.9117,1.0607,7.9359,0.22674,0.2269,0.6576,0.8077,35,6.1698,0.17628000000000002,0.1943,0.2541,0.2706,completed
230,known_visit,HIPC,bernoulli,drop_0.25,19,361,4,10,hipc_h2_bernoulli_025,C:\Users\lottj\Desktop\research\decentralized benchmark\commitment-horizon-study\reference_core_benchmark_pilot\known_visit_10target_300.csv,00,23,2,0,24,0,0,0,0,0,0.0,0,0,52,48,4,127,15,10,5.3727,0.53727,0.39735,1.0628,1.0628,3.5058000000000002,0.35058,0.2158,0.8919,0.8919,10,1.8669,0.18669,0.18080000000000002,0.26,0.26,completed
230,known_visit,HIPC,bernoulli,drop_0.25,19,361,4,10,hipc_h2_bernoulli_025,C:\Users\lottj\Desktop\research\decentralized benchmark\commitment-horizon-study\reference_core_benchmark_pilot\known_visit_10target_300.csv,01,15,2,0,16,0,0,0,0,0,0.0,0,0,42,33,9,137,15,34,14.9349,0.43926176470588235,0.3416,0.8834,1.035,8.7373,0.25697941176470585,0.18265,0.627,0.7922,34,6.1976,0.18228235294117648,0.18065,0.2649,0.2852,completed
230,known_visit,HIPC,bernoulli,drop_0.25,19,361,4,10,hipc_h2_bernoulli_025,C:\Users\lottj\Desktop\research\decentralized benchmark\commitment-horizon-study\reference_core_benchmark_pilot\known_visit_10target_300.csv,02,18,3,0,19,0,0,0,0,0,0.0,0,0,44,38,6,129,20,22,9.0556,0.4116181818181818,0.3406,0.8742,0.9513,4.9491,0.2249590909090909,0.15745,0.6433,0.6496,22,4.1065000000000005,0.18665909090909094,0.18265,0.2427,0.3017,completed
230,known_visit,HIPC,bernoulli,drop_0.25,19,361,4,10,hipc_h2_bernoulli_025,C:\Users\lottj\Desktop\research\decentralized benchmark\commitment-horizon-study\reference_core_benchmark_pilot\known_visit_10target_300.csv,03,24,3,0,25,0,0,0,0,0,0.0,0,0,56,49,7,113,25,7,4.6415,0.6630714285714285,0.6084,1.2484,1.2484,2.9764,0.42519999999999997,0.3261,0.9535,0.9535,7,1.6651,0.23787142857142857,0.2296,0.3306,0.3306,completed
231,known_visit,HIPC,bernoulli,drop_0.25,19,361,4,10,hipc_h2_bernoulli_025,C:\Users\lottj\Desktop\research\decentralized benchmark\commitment-horizon-study\reference_core_benchmark_pilot\known_visit_10target_300.csv,00,23,3,0,24,0,0,0,0,0,0.0,0,0,56,48,8,147,23,20,8.501,0.42505,0.3137,0.6224,1.0211,3.8725,0.193625,0.09335,0.432,0.8373,20,4.6285,0.231425,0.21945,0.3001,0.4512,completed
231,known_visit,HIPC,bernoulli,drop_0.25,19,361,4,10,hipc_h2_bernoulli_025,C:\Users\lottj\Desktop\research\decentralized benchmark\commitment-horizon-study\reference_core_benchmark_pilot\known_visit_10target_300.csv,01,23,4,0,24,0,1,0,0,0,0.0,0,0,61,48,13,137,29,26,14.8736,0.5720615384615384,0.5723,0.7524,0.8302,8.9526,0.3443307692307692,0.33955,0.5727,0.599,26,5.921,0.22773076923076924,0.2334,0.2714,0.3231,completed
231,known_visit,HIPC,bernoulli,drop_0.25,19,361,4,10,hipc_h2_bernoulli_025,C:\Users\lottj\Desktop\research\decentralized benchmark\commitment-horizon-study\reference_core_benchmark_pilot\known_visit_10target_300.csv,02,16,2,0,17,0,0,1,1,0,0.0,0,0,42,35,7,148,36,41,19.1918,0.46809268292682926,0.4456,0.6709,1.0018,10.153,0.2476341463414634,0.2363,0.4055,0.6908,41,9.0388,0.22045853658536585,0.2205,0.2654,0.311,completed
231,known_visit,HIPC,bernoulli,drop_0.25,19,361,4,10,hipc_h2_bernoulli_025,C:\Users\lottj\Desktop\research\decentralized benchmark\commitment-horizon-study\reference_core_benchmark_pilot\known_visit_10target_300.csv,03,27,1,0,23,5,2,1,1,0,0.0,0,0,68,55,13,135,24,8,6.5344999999999995,0.8168124999999999,0.80185,1.2982,1.2982,4.5123,0.5640375,0.55775,0.9966,0.9966,8,2.0221999999999998,0.25277499999999997,0.2655,0.3016,0.3016,completed
232,known_visit,HIPC,bernoulli,drop_0.25,19,361,4,10,hipc_h2_bernoulli_025,C:\Users\lottj\Desktop\research\decentralized benchmark\commitment-horizon-study\reference_core_benchmark_pilot\known_visit_10target_300.csv,00,15,2,0,14,2,1,0,0,0,0.0,0,0,40,32,8,120,25,28,18.7473,0.6695464285714285,0.66055,1.0361,1.1269,12.5425,0.4479464285714286,0.44630000000000003,0.7906,0.8587,28,6.2048,0.2216,0.2327,0.2682,0.2698,completed
232,known_visit,HIPC,bernoulli,drop_0.25,19,361,4,10,hipc_h2_bernoulli_025,C:\Users\lottj\Desktop\research\decentralized benchmark\commitment-horizon-study\reference_core_benchmark_pilot\known_visit_10target_300.csv,01,14,1,0,15,0,0,0,0,0,0.0,0,0,39,30,9,128,17,32,13.1034,0.40948125,0.31,1.1372,1.2219,7.0108,0.2190875,0.13005,0.8579,0.9454,32,6.0926,0.19039375,0.18335,0.2765,0.2793,completed
232,known_visit,HIPC,bernoulli,drop_0.25,19,361,4,10,hipc_h2_bernoulli_025,C:\Users\lottj\Desktop\research\decentralized benchmark\commitment-horizon-study\reference_core_benchmark_pilot\known_visit_10target_300.csv,02,21,2,0,22,0,0,1,1,0,0.0,0,0,52,45,7,115,17,8,5.0815,0.6351875,0.5957,0.9861,0.9861,3.3217,0.4152125,0.3428,0.7418,0.7418,8,1.7597999999999998,0.21997499999999998,0.2251,0.2633,0.2633,completed
232,known_visit,HIPC,bernoulli,drop_0.25,19,361,4,10,hipc_h2_bernoulli_025,C:\Users\lottj\Desktop\research\decentralized benchmark\commitment-horizon-study\reference_core_benchmark_pilot\known_visit_10target_300.csv,03,22,5,0,23,0,0,0,0,0,0.0,0,0,54,45,9,116,15,8,4.7637,0.5954625,0.44395,1.0556,1.0556,3.046,0.38075,0.2586,0.8092,0.8092,8,1.7177,0.2147125,0.22105000000000002,0.2508,0.2508,completed
233,known_visit,HIPC,bernoulli,drop_0.25,19,361,4,10,hipc_h2_bernoulli_025,C:\Users\lottj\Desktop\research\decentralized benchmark\commitment-horizon-study\reference_core_benchmark_pilot\known_visit_10target_300.csv,00,20,3,0,21,0,0,0,0,0,0.0,0,0,49,42,7,104,18,14,7.6118,0.5437,0.41100000000000003,1.4424,1.4424,4.9752,0.35537142857142856,0.2207,1.1812,1.1812,14,2.6366,0.18832857142857143,0.17735,0.2612,0.2612,completed
233,known_visit,HIPC,bernoulli,drop_0.25,19,361,4,10,hipc_h2_bernoulli_025,C:\Users\lottj\Desktop\research\decentralized benchmark\commitment-horizon-study\reference_core_benchmark_pilot\known_visit_10target_300.csv,01,23,3,0,24,0,0,0,0,0,0.0,0,0,57,47,10,101,14,8,6.8934,0.861675,0.66065,2.2727,2.2727,5.1088000000000005,0.6386000000000001,0.4558,1.9132,1.9132,8,1.7846,0.223075,0.2032,0.3595,0.3595,completed
233,known_visit,HIPC,bernoulli,drop_0.25,19,361,4,10,hipc_h2_bernoulli_025,C:\Users\lottj\Desktop\research\decentralized benchmark\commitment-horizon-study\reference_core_benchmark_pilot\known_visit_10target_300.csv,02,12,2,0,13,0,0,0,0,0,0.0,0,0,32,26,6,115,24,39,22.9878,0.5894307692307692,0.531,0.9557,1.1099,15.0039,0.3847153846153846,0.3639,0.6477,0.6726,39,7.9839,0.20471538461538463,0.1601,0.2889,0.7657,completed
233,known_visit,HIPC,bernoulli,drop_0.25,19,361,4,10,hipc_h2_bernoulli_025,C:\Users\lottj\Desktop\research\decentralized benchmark\commitment-horizon-study\reference_core_benchmark_pilot\known_visit_10target_300.csv,03,14,2,0,15,0,0,0,0,0,0.0,0,0,34,30,4,116,21,33,12.0876,0.3662909090909091,0.331,0.6871,1.2135,5.7224,0.17340606060606062,0.1314,0.4043,0.8878,33,6.3652,0.19288484848484846,0.1678,0.3003,0.3257,completed
234,known_visit,HIPC,bernoulli,drop_0.25,19,361,4,10,hipc_h2_bernoulli_025,C:\Users\lottj\Desktop\research\decentralized benchmark\commitment-horizon-study\reference_core_benchmark_pilot\known_visit_10target_300.csv,00,16,3,0,17,0,0,0,0,0,0.0,0,0,40,34,6,124,12,23,10.8248,0.47064347826086955,0.3095,1.0303,1.693,6.6462,0.2889652173913044,0.1643,0.7867,1.4369,23,4.1786,0.18167826086956523,0.1539,0.2561,0.2989,completed
234,known_visit,HIPC,bernoulli,drop_0.25,19,361,4,10,hipc_h2_bernoulli_025,C:\Users\lottj\Desktop\research\decentralized benchmark\commitment-horizon-study\reference_core_benchmark_pilot\known_visit_10target_300.csv,01,15,2,0,16,0,1,0,0,0,0.0,0,0,38,32,6,113,25,28,14.7955,0.5284107142857143,0.50885,0.9341,1.0808,9.2672,0.3309714285714286,0.29800000000000004,0.6784,0.838,28,5.5283,0.1974392857142857,0.21084999999999998,0.2643,0.2766,completed
234,known_visit,HIPC,bernoulli,drop_0.25,19,361,4,10,hipc_h2_bernoulli_025,C:\Users\lottj\Desktop\research\decentralized benchmark\commitment-horizon-study\reference_core_benchmark_pilot\known_visit_10target_300.csv,02,22,3,0,23,0,0,0,0,0,0.0,0,0,51,45,6,112,14,9,6.3153,0.7017,0.5387,1.4135,1.4135,4.3205,0.48005555555555557,0.3656,1.1479,1.1479,9,1.9948000000000001,0.22164444444444445,0.2335,0.2901,0.2901,completed
234,known_visit,HIPC,bernoulli,drop_0.25,19,361,4,10,hipc_h2_bernoulli_025,C:\Users\lottj\Desktop\research\decentralized benchmark\commitment-horizon-study\reference_core_benchmark_pilot\known_visit_10target_300.csv,03,21,2,0,22,0,0,0,0,0,0.0,0,0,48,43,5,113,15,6,4.805,0.8008333333333333,0.8853500000000001,1.032,1.032,3.2301,0.53835,0.637,0.7721,0.7721,6,1.5749,0.26248333333333335,0.2492,0.3529,0.3529,completed
235,known_visit,HIPC,bernoulli,drop_0.25,19,361,4,10,hipc_h2_bernoulli_025,C:\Users\lottj\Desktop\research\decentralized benchmark\commitment-horizon-study\reference_core_benchmark_pilot\known_visit_10target_300.csv,00,27,4,0,28,0,0,0,0,0,0.0,0,0,62,55,7,127,13,8,5.6175,0.7021875,0.65815,1.9625,1.9625,3.8584,0.4823,0.41605000000000003,1.6947,1.6947,8,1.7590999999999999,0.21988749999999999,0.24209999999999998,0.3355,0.3355,completed
235,known_visit,HIPC,bernoulli,drop_0.25,19,361,4,10,hipc_h2_bernoulli_025,C:\Users\lottj\Desktop\research\decentralized benchmark\commitment-horizon-study\reference_core_benchmark_pilot\known_visit_10target_300.csv,01,12,1,2,9,4,0,0,0,0,0.0,0,0,33,26,7,136,32,54,17.5826,0.3256037037037037,0.3005,0.8209,1.032,8.5784,0.15885925925925926,0.13755,0.5113,0.7718,54,9.004199999999999,0.16674444444444442,0.15055000000000002,0.2788,0.3096,completed
235,known_visit,HIPC,bernoulli,drop_0.25,19,361,4,10,hipc_h2_bernoulli_025,C:\Users\lottj\Desktop\research\decentralized benchmark\commitment-horizon-study\reference_core_benchmark_pilot\known_visit_10target_300.csv,02,23,3,0,24,0,2,0,0,0,0.0,0,0,59,48,11,124,18,21,10.7884,0.5137333333333333,0.2786,1.8276,2.4401,7.238,0.3446666666666667,0.1471,1.5807,2.1997,21,3.5504,0.16906666666666664,0.1288,0.2482,0.2637,completed
235,known_visit,HIPC,bernoulli,drop_0.25,19,361,4,10,hipc_h2_bernoulli_025,C:\Users\lottj\Desktop\research\decentralized benchmark\commitment-horizon-study\reference_core_benchmark_pilot\known_visit_10target_300.csv,03,17,2,0,18,0,1,0,0,0,0.0,0,0,48,36,12,132,21,42,16.7826,0.39958571428571427,0.31925000000000003,1.149,1.3425,8.7003,0.20715,0.14065,0.9103,1.0288,42,8.0823,0.1924357142857143,0.1765,0.3253,0.7616,completed
236,known_visit,HIPC,bernoulli,drop_0.25,19,361,4,10,hipc_h2_bernoulli_025,C:\Users\lottj\Desktop\research\decentralized benchmark\commitment-horizon-study\reference_core_benchmark_pilot\known_visit_10target_300.csv,00,19,1,1,19,1,0,0,0,0,0.0,0,0,46,40,6,108,22,21,6.8176,0.324647619047619,0.3172,0.4387,0.4861,2.9655,0.1412142857142857,0.1162,0.2733,0.3225,21,3.8521,0.18343333333333334,0.1779,0.2178,0.2254,completed
236,known_visit,HIPC,bernoulli,drop_0.25,19,361,4,10,hipc_h2_bernoulli_025,C:\Users\lottj\Desktop\research\decentralized benchmark\commitment-horizon-study\reference_core_benchmark_pilot\known_visit_10target_300.csv,01,8,1,1,7,2,0,0,0,0,0.0,0,0,21,18,3,131,24,60,38.6517,0.644195,0.62725,1.0046,1.1049,26.3047,0.4384116666666667,0.4419,0.6819,0.9226,60,12.347,0.20578333333333332,0.1859,0.2996,0.3868,completed
236,known_visit,HIPC,bernoulli,drop_0.25,19,361,4,10,hipc_h2_bernoulli_025,C:\Users\lottj\Desktop\research\decentralized benchmark\commitment-horizon-study\reference_core_benchmark_pilot\known_visit_10target_300.csv,02,25,5,0,26,0,1,0,0,0,0.0,0,0,61,51,10,103,13,8,3.8372,0.47965,0.3921,0.9684,0.9684,2.4945,0.3118125,0.19525,0.7913,0.7913,8,1.3427,0.1678375,0.15115,0.2279,0.2279,completed
236,known_visit,HIPC,bernoulli,drop_0.25,19,361,4,10,hipc_h2_bernoulli_025,C:\Users\lottj\Desktop\research\decentralized benchmark\commitment-horizon-study\reference_core_benchmark_pilot\known_visit_10target_300.csv,03,20,3,0,21,0,0,0,0,0,0.0,0,0,49,42,7,117,10,23,8.823,0.3836086956521739,0.3271,0.5927,1.1508,4.6017,0.20007391304347827,0.1241,0.4507,0.9699,23,4.2213,0.18353478260869566,0.1717,0.2344,0.2427,completed
237,known_visit,HIPC,bernoulli,drop_0.25,19,361,4,10,hipc_h2_bernoulli_025,C:\Users\lottj\Desktop\research\decentralized benchmark\commitment-horizon-study\reference_core_benchmark_pilot\known_visit_10target_300.csv,00,21,4,0,22,0,0,0,0,0,0.0,0,0,50,43,7,89,17,5,3.9995,0.7998999999999999,0.7597,1.3904,1.3904,2.9157,0.58314,0.5846,1.1093,1.1093,5,1.0838,0.21676,0.2269,0.2811,0.2811,completed
237,known_visit,HIPC,bernoulli,drop_0.25,19,361,4,10,hipc_h2_bernoulli_025,C:\Users\lottj\Desktop\research\decentralized benchmark\commitment-horizon-study\reference_core_benchmark_pilot\known_visit_10target_300.csv,01,15,2,0,16,0,0,0,0,0,0.0,0,0,40,32,8,99,16,27,13.1252,0.4861185185185185,0.445,0.9514,1.31,7.7836,0.28828148148148147,0.2384,0.7058,1.0549,27,5.3416,0.19783703703703703,0.1981,0.2656,0.2723,completed
237,known_visit,HIPC,bernoulli,drop_0.25,19,361,4,10,hipc_h2_bernoulli_025,C:\Users\lottj\Desktop\research\decentralized benchmark\commitment-horizon-study\reference_core_benchmark_pilot\known_visit_10target_300.csv,02,20,3,0,21,0,0,0,0,0,0.0,0,0,48,42,6,93,14,7,5.266,0.7522857142857143,0.6399,1.8737,1.8737,3.6805000000000003,0.5257857142857143,0.2993,1.5938,1.5938,7,1.5855,0.22649999999999998,0.2295,0.3406,0.3406,completed
237,known_visit,HIPC,bernoulli,drop_0.25,19,361,4,10,hipc_h2_bernoulli_025,C:\Users\lottj\Desktop\research\decentralized benchmark\commitment-horizon-study\reference_core_benchmark_pilot\known_visit_10target_300.csv,03,5,1,0,6,0,0,0,0,0,0.0,0,0,18,12,6,120,17,56,36.1035,0.644705357142857,0.6093,1.2366,1.8812,24.433,0.4363035714285714,0.37965,0.9772,1.5392,56,11.6705,0.20840178571428572,0.21234999999999998,0.2887,0.342,completed
238,known_visit,HIPC,bernoulli,drop_0.25,19,361,4,10,hipc_h2_bernoulli_025,C:\Users\lottj\Desktop\research\decentralized benchmark\commitment-horizon-study\reference_core_benchmark_pilot\known_visit_10target_300.csv,00,19,3,0,20,0,0,0,0,0,0.0,0,0,56,40,16,128,21,26,14.0022,0.5385461538461539,0.38235,1.4592,1.8737,8.5004,0.32693846153846157,0.13775,1.1241,1.5583,26,5.5018,0.21160769230769233,0.21035,0.3154,0.4096,completed
238,known_visit,HIPC,bernoulli,drop_0.25,19,361,4,10,hipc_h2_bernoulli_025,C:\Users\lottj\Desktop\research\decentralized benchmark\commitment-horizon-study\reference_core_benchmark_pilot\known_visit_10target_300.csv,01,24,2,0,25,0,2,2,1,1,5.0,1,0,65,51,14,118,23,11,9.2826,0.8438727272727273,0.6881,1.6636,1.6636,6.6533,0.6048454545454546,0.4596,1.347,1.347,11,2.6292999999999997,0.2390272727272727,0.2478,0.3166,0.3166,completed
238,known_visit,HIPC,bernoulli,drop_0.25,19,361,4,10,hipc_h2_bernoulli_025,C:\Users\lottj\Desktop\research\decentralized benchmark\commitment-horizon-study\reference_core_benchmark_pilot\known_visit_10target_300.csv,02,21,4,0,22,0,0,0,0,0,0.0,0,0,54,44,10,135,16,16,8.1318,0.5082375,0.398,1.5242,1.5242,4.7475000000000005,0.29671875000000003,0.17055,1.1774,1.1774,16,3.3843,0.21151875,0.2137,0.3468,0.3468,completed
238,known_visit,HIPC,bernoulli,drop_0.25,19,361,4,10,hipc_h2_bernoulli_025,C:\Users\lottj\Desktop\research\decentralized benchmark\commitment-horizon-study\reference_core_benchmark_pilot\known_visit_10target_300.csv,03,10,1,1,10,1,0,1,1,0,0.0,0,0,31,22,9,149,25,49,30.998,0.6326122448979592,0.6637,0.9235,1.1511,20.5812,0.42002448979591833,0.44,0.6768,0.9068,49,10.4168,0.2125877551020408,0.221,0.2692,0.3026,completed
239,known_visit,HIPC,bernoulli,drop_0.25,19,361,4,10,hipc_h2_bernoulli_025,C:\Users\lottj\Desktop\research\decentralized benchmark\commitment-horizon-study\reference_core_benchmark_pilot\known_visit_10target_300.csv,00,23,4,0,24,0,2,0,0,0,0.0,0,0,64,47,17,118,14,12,8.7804,0.7317,0.62335,1.6087,1.6087,6.1968,0.5164,0.40859999999999996,1.3392,1.3392,12,2.5836,0.21530000000000002,0.2341,0.2695,0.2695,completed
239,known_visit,HIPC,bernoulli,drop_0.25,19,361,4,10,hipc_h2_bernoulli_025,C:\Users\lottj\Desktop\research\decentralized benchmark\commitment-horizon-study\reference_core_benchmark_pilot\known_visit_10target_300.csv,01,14,3,0,15,0,0,0,0,0,0.0,0,0,43,30,13,132,20,36,17.1918,0.47755000000000003,0.36145000000000005,1.4362,1.6445,10.5412,0.29281111111111113,0.21005000000000001,1.1788,1.3984,36,6.6506,0.1847388888888889,0.14925,0.2745,0.2759,completed
239,known_visit,HIPC,bernoulli,drop_0.25,19,361,4,10,hipc_h2_bernoulli_025,C:\Users\lottj\Desktop\research\decentralized benchmark\commitment-horizon-study\reference_core_benchmark_pilot\known_visit_10target_300.csv,02,22,2,0,23,0,1,0,0,0,0.0,0,0,55,45,10,116,25,8,6.1604,0.77005,0.60695,1.6493,1.6493,4.3937,0.5492125,0.375,1.4013,1.4013,8,1.7667,0.2208375,0.24080000000000001,0.2775,0.2775,completed
239,known_visit,HIPC,bernoulli,drop_0.25,19,361,4,10,hipc_h2_bernoulli_025,C:\Users\lottj\Desktop\research\decentralized benchmark\commitment-horizon-study\reference_core_benchmark_pilot\known_visit_10target_300.csv,03,10,1,0,10,1,2,0,0,0,0.0,0,0,34,22,12,140,22,50,24.6505,0.49301,0.4407,0.9747,1.4035,15.3335,0.30667,0.276,0.7471,1.1532,50,9.317,0.18634,0.15810000000000002,0.2878,0.3073,completed
240,known_visit,HIPC,bernoulli,drop_0.25,19,361,4,10,hipc_h2_bernoulli_025,C:\Users\lottj\Desktop\research\decentralized benchmark\commitment-horizon-study\reference_core_benchmark_pilot\known_visit_10target_300.csv,00,25,2,0,26,0,1,0,0,0,0.0,0,0,58,51,7,98,20,7,4.8366,0.6909428571428571,0.6054,1.2613,1.2613,3.4766,0.49665714285714285,0.3954,1.0896,1.0896,7,1.3599999999999999,0.19428571428571426,0.1813,0.2386,0.2386,completed
240,known_visit,HIPC,bernoulli,drop_0.25,19,361,4,10,hipc_h2_bernoulli_025,C:\Users\lottj\Desktop\research\decentralized benchmark\commitment-horizon-study\reference_core_benchmark_pilot\known_visit_10target_300.csv,01,9,2,0,10,0,0,0,0,0,0.0,0,0,31,20,11,124,20,58,29.8024,0.5138344827586206,0.4541,0.962,1.0234,19.114,0.32955172413793105,0.2934,0.7048,0.7416,58,10.6884,0.18428275862068966,0.16415000000000002,0.2765,0.2973,completed
240,known_visit,HIPC,bernoulli,drop_0.25,19,361,4,10,hipc_h2_bernoulli_025,C:\Users\lottj\Desktop\research\decentralized benchmark\commitment-horizon-study\reference_core_benchmark_pilot\known_visit_10target_300.csv,02,10,3,0,11,0,0,0,0,0,0.0,0,0,28,22,6,132,15,54,17.9807,0.3329759259259259,0.284,0.6377,1.0665,9.4673,0.17532037037037038,0.13335,0.4526,0.8946,54,8.5134,0.15765555555555558,0.13685,0.2497,0.2929,completed
240,known_visit,HIPC,bernoulli,drop_0.25,19,361,4,10,hipc_h2_bernoulli_025,C:\Users\lottj\Desktop\research\decentralized benchmark\commitment-horizon-study\reference_core_benchmark_pilot\known_visit_10target_300.csv,03,24,3,0,25,0,1,0,0,0,0.0,0,0,59,50,9,97,19,7,4.1975999999999996,0.5996571428571428,0.559,0.9669,0.9669,2.987,0.4267142857142857,0.3863,0.7988,0.7988,7,1.2106,0.17294285714285712,0.1681,0.2165,0.2165,completed
241,known_visit,HIPC,bernoulli,drop_0.25,19,361,4,10,hipc_h2_bernoulli_025,C:\Users\lottj\Desktop\research\decentralized benchmark\commitment-horizon-study\reference_core_benchmark_pilot\known_visit_10target_300.csv,00,25,4,0,26,0,0,0,0,0,0.0,0,0,58,51,7,104,14,8,3.6210999999999998,0.45263749999999997,0.41075,1.1217,1.1217,2.1355,0.2669375,0.2123,0.821,0.821,8,1.4856,0.1857,0.18345,0.3007,0.3007,completed
241,known_visit,HIPC,bernoulli,drop_0.25,19,361,4,10,hipc_h2_bernoulli_025,C:\Users\lottj\Desktop\research\decentralized benchmark\commitment-horizon-study\reference_core_benchmark_pilot\known_visit_10target_300.csv,01,18,3,0,19,0,1,0,0,0,0.0,0,0,48,38,10,109,18,27,10.9939,0.4071814814814815,0.3384,0.7602,1.8271,6.2695,0.2322037037037037,0.1574,0.5873,1.5223,27,4.7244,0.1749777777777778,0.1719,0.261,0.3048,completed
241,known_visit,HIPC,bernoulli,drop_0.25,19,361,4,10,hipc_h2_bernoulli_025,C:\Users\lottj\Desktop\research\decentralized benchmark\commitment-horizon-study\reference_core_benchmark_pilot\known_visit_10target_300.csv,02,17,2,0,18,0,2,2,1,1,5.0,1,0,48,38,10,107,20,29,12.9443,0.44635517241379313,0.4025,0.8896,1.8337,7.5018,0.2586827586206897,0.1881,0.7062,1.5256,29,5.4425,0.18767241379310345,0.2025,0.2518,0.3081,completed
241,known_visit,HIPC,bernoulli,drop_0.25,19,361,4,10,hipc_h2_bernoulli_025,C:\Users\lottj\Desktop\research\decentralized benchmark\commitment-horizon-study\reference_core_benchmark_pilot\known_visit_10target_300.csv,03,6,1,1,6,1,1,1,1,0,0.0,0,0,22,15,7,126,27,65,29.538,0.45443076923076925,0.3772,0.8476,1.38,18.0153,0.2771584615384615,0.2079,0.5981,1.0853,65,11.5227,0.1772723076923077,0.1638,0.2564,0.3312,completed
242,known_visit,HIPC,bernoulli,drop_0.25,19,361,4,10,hipc_h2_bernoulli_025,C:\Users\lottj\Desktop\research\decentralized benchmark\commitment-horizon-study\reference_core_benchmark_pilot\known_visit_10target_300.csv,00,26,4,0,27,0,0,0,0,0,0.0,0,0,60,53,7,110,14,8,5.4662999999999995,0.6832874999999999,0.603,1.5129,1.5129,3.7449,0.4681125,0.36345,1.2643,1.2643,8,1.7214,0.215175,0.22599999999999998,0.2735,0.2735,completed
242,known_visit,HIPC,bernoulli,drop_0.25,19,361,4,10,hipc_h2_bernoulli_025,C:\Users\lottj\Desktop\research\decentralized benchmark\commitment-horizon-study\reference_core_benchmark_pilot\known_visit_10target_300.csv,01,14,2,0,15,0,0,0,0,0,0.0,0,0,35,30,5,129,19,47,20.7001,0.44042765957446806,0.3908,0.9145,0.9266,11.3012,0.24045106382978723,0.1705,0.6367,0.6495,47,9.3989,0.19997659574468082,0.2061,0.2764,0.2788,completed
242,known_visit,HIPC,bernoulli,drop_0.25,19,361,4,10,hipc_h2_bernoulli_025,C:\Users\lottj\Desktop\research\decentralized benchmark\commitment-horizon-study\reference_core_benchmark_pilot\known_visit_10target_300.csv,02,14,3,0,15,0,0,0,0,0,0.0,0,0,39,30,9,124,21,47,19.9326,0.42409787234042556,0.3833,0.7341,0.8975,10.5763,0.22502765957446808,0.1649,0.5115,0.6282,47,9.356300000000001,0.19907021276595746,0.2037,0.274,0.3653,completed
242,known_visit,HIPC,bernoulli,drop_0.25,19,361,4,10,hipc_h2_bernoulli_025,C:\Users\lottj\Desktop\research\decentralized benchmark\commitment-horizon-study\reference_core_benchmark_pilot\known_visit_10target_300.csv,03,19,1,0,20,0,1,0,0,0,0.0,0,0,50,40,10,119,14,33,14.209,0.43057575757575756,0.3325,0.9927,1.9608,7.4903,0.2269787878787879,0.1188,0.811,1.6099,33,6.7187,0.2035969696969697,0.2059,0.328,0.3509,completed
243,known_visit,HIPC,bernoulli,drop_0.25,19,361,4,10,hipc_h2_bernoulli_025,C:\Users\lottj\Desktop\research\decentralized benchmark\commitment-horizon-study\reference_core_benchmark_pilot\known_visit_10target_300.csv,00,22,3,0,23,0,0,0,0,0,0.0,0,0,51,45,6,123,23,9,5.9159,0.6573222222222221,0.5752,1.4243,1.4243,4.023,0.44699999999999995,0.3452,1.1557,1.1557,9,1.8929,0.21032222222222222,0.2014,0.2686,0.2686,completed
243,known_visit,HIPC,bernoulli,drop_0.25,19,361,4,10,hipc_h2_bernoulli_025,C:\Users\lottj\Desktop\research\decentralized benchmark\commitment-horizon-study\reference_core_benchmark_pilot\known_visit_10target_300.csv,01,18,3,0,19,0,0,0,0,0,0.0,0,0,44,38,6,133,19,18,8.5565,0.4753611111111111,0.3553,1.1642,1.1642,5.049,0.2805,0.16260000000000002,0.9898,0.9898,18,3.5075,0.1948611111111111,0.18345,0.2543,0.2543,completed
243,known_visit,HIPC,bernoulli,drop_0.25,19,361,4,10,hipc_h2_bernoulli_025,C:\Users\lottj\Desktop\research\decentralized benchmark\commitment-horizon-study\reference_core_benchmark_pilot\known_visit_10target_300.csv,02,20,2,1,19,2,0,0,0,0,0.0,0,0,50,42,8,126,20,11,5.9368,0.5397090909090909,0.5433,0.8781,0.8781,3.7878,0.3443454545454545,0.3694,0.706,0.706,11,2.149,0.19536363636363638,0.1917,0.2327,0.2327,completed
243,known_visit,HIPC,bernoulli,drop_0.25,19,361,4,10,hipc_h2_bernoulli_025,C:\Users\lottj\Desktop\research\decentralized benchmark\commitment-horizon-study\reference_core_benchmark_pilot\known_visit_10target_300.csv,03,21,2,0,22,0,1,0,0,0,0.0,0,0,52,44,8,125,19,10,7.7509,0.77509,0.66785,1.5678,1.5678,4.6943,0.46943,0.4447,0.8043,0.8043,10,3.0566,0.30566,0.22315000000000002,0.9171,0.9171,completed
244,known_visit,HIPC,bernoulli,drop_0.25,19,361,4,10,hipc_h2_bernoulli_025,C:\Users\lottj\Desktop\research\decentralized benchmark\commitment-horizon-study\reference_core_benchmark_pilot\known_visit_10target_300.csv,00,22,2,0,23,0,1,0,0,0,0.0,0,0,52,46,6,138,23,21,8.1799,0.3895190476190476,0.3721,0.5885,1.115,4.5113,0.21482380952380953,0.1668,0.3465,0.9309,21,3.6686,0.1746952380952381,0.1787,0.2213,0.2859,completed
244,known_visit,HIPC,bernoulli,drop_0.25,19,361,4,10,hipc_h2_bernoulli_025,C:\Users\lottj\Desktop\research\decentralized benchmark\commitment-horizon-study\reference_core_benchmark_pilot\known_visit_10target_300.csv,01,26,4,0,26,1,0,0,0,0,0.0,0,0,61,53,8,125,28,10,4.8859,0.48859,0.45185,0.7798,0.7798,2.9943,0.29943,0.26839999999999997,0.614,0.614,10,1.8916,0.18916,0.1837,0.2444,0.2444,completed
244,known_visit,HIPC,bernoulli,drop_0.25,19,361,4,10,hipc_h2_bernoulli_025,C:\Users\lottj\Desktop\research\decentralized benchmark\commitment-horizon-study\reference_core_benchmark_pilot\known_visit_10target_300.csv,02,18,1,0,19,0,2,0,0,0,0.0,0,0,48,38,10,136,29,34,14.6084,0.42965882352941176,0.3876,1.3069,1.3741,8.0302,0.23618235294117648,0.15645,1.0559,1.0769,34,6.5782,0.19347647058823528,0.19824999999999998,0.2788,0.2972,completed
244,known_visit,HIPC,bernoulli,drop_0.25,19,361,4,10,hipc_h2_bernoulli_025,C:\Users\lottj\Desktop\research\decentralized benchmark\commitment-horizon-study\reference_core_benchmark_pilot\known_visit_10target_300.csv,03,21,3,0,22,0,0,0,0,0,0.0,0,0,53,44,9,143,17,25,11.1919,0.447676,0.3819,1.0345,1.2615,6.7788,0.271152,0.1681,0.7832,1.0953,25,4.4131,0.17652400000000001,0.1764,0.233,0.2513,completed
245,known_visit,HIPC,bernoulli,drop_0.25,19,361,4,10,hipc_h2_bernoulli_025,C:\Users\lottj\Desktop\research\decentralized benchmark\commitment-horizon-study\reference_core_benchmark_pilot\known_visit_10target_300.csv,00,25,3,0,26,0,0,0,0,0,0.0,0,0,64,51,13,124,24,6,5.8417,0.9736166666666667,0.94035,1.5473,1.5473,4.3663,0.7277166666666667,0.68245,1.2967,1.2967,6,1.4754,0.2459,0.2498,0.2828,0.2828,completed
245,known_visit,HIPC,bernoulli,drop_0.25,19,361,4,10,hipc_h2_bernoulli_025,C:\Users\lottj\Desktop\research\decentralized benchmark\commitment-horizon-study\reference_core_benchmark_pilot\known_visit_10target_300.csv,01,20,4,0,20,1,0,0,0,0,0.0,0,0,52,42,10,134,25,20,11.3338,0.56669,0.4685,1.0506,1.3769,6.9611,0.348055,0.26305,0.7978,1.1268,20,4.3727,0.218635,0.20829999999999999,0.2528,0.27,completed
245,known_visit,HIPC,bernoulli,drop_0.25,19,361,4,10,hipc_h2_bernoulli_025,C:\Users\lottj\Desktop\research\decentralized benchmark\commitment-horizon-study\reference_core_benchmark_pilot\known_visit_10target_300.csv,02,15,1,1,14,2,0,0,0,0,0.0,0,0,41,32,9,149,21,40,16.3465,0.4086625,0.37475,0.9152,1.1951,9.2014,0.230035,0.1789,0.6851,0.937,40,7.1451,0.1786275,0.18995,0.2524,0.28,completed
245,known_visit,HIPC,bernoulli,drop_0.25,19,361,4,10,hipc_h2_bernoulli_025,C:\Users\lottj\Desktop\research\decentralized benchmark\commitment-horizon-study\reference_core_benchmark_pilot\known_visit_10target_300.csv,03,25,2,0,26,0,0,0,0,0,0.0,0,0,56,51,5,138,18,7,5.0651,0.7235857142857143,0.5442,1.5798,1.5798,3.4387,0.49124285714285715,0.3011,1.3264,1.3264,7,1.6264,0.23234285714285716,0.242,0.2534,0.2534,completed
246,known_visit,HIPC,bernoulli,drop_0.25,19,361,4,10,hipc_h2_bernoulli_025,C:\Users\lottj\Desktop\research\decentralized benchmark\commitment-horizon-study\reference_core_benchmark_pilot\known_visit_10target_300.csv,00,22,4,0,23,0,0,0,0,0,0.0,0,0,54,45,9,120,22,6,3.6563,0.6093833333333333,0.55455,0.9488,0.9488,2.5569,0.42615000000000003,0.40025,0.7939,0.7939,6,1.0994,0.18323333333333333,0.17099999999999999,0.2272,0.2272,completed
246,known_visit,HIPC,bernoulli,drop_0.25,19,361,4,10,hipc_h2_bernoulli_025,C:\Users\lottj\Desktop\research\decentralized benchmark\commitment-horizon-study\reference_core_benchmark_pilot\known_visit_10target_300.csv,01,19,3,0,20,0,0,0,0,0,0.0,0,0,48,40,8,128,20,15,7.7517,0.51678,0.4564,1.3454,1.3454,4.5487,0.30324666666666666,0.2483,1.0416,1.0416,15,3.203,0.21353333333333332,0.2102,0.3038,0.3038,completed
246,known_visit,HIPC,bernoulli,drop_0.25,19,361,4,10,hipc_h2_bernoulli_025,C:\Users\lottj\Desktop\research\decentralized benchmark\commitment-horizon-study\reference_core_benchmark_pilot\known_visit_10target_300.csv,02,18,1,0,19,0,1,0,0,0,0.0,0,0,47,38,9,128,21,18,7.9873,0.4437388888888889,0.36665000000000003,1.1094,1.1094,4.5664,0.25368888888888885,0.1854,0.8646,0.8646,18,3.4209,0.19005,0.19085000000000002,0.2448,0.2448,completed
246,known_visit,HIPC,bernoulli,drop_0.25,19,361,4,10,hipc_h2_bernoulli_025,C:\Users\lottj\Desktop\research\decentralized benchmark\commitment-horizon-study\reference_core_benchmark_pilot\known_visit_10target_300.csv,03,19,2,0,20,0,0,0,0,0,0.0,0,0,47,40,7,125,23,14,9.157300000000001,0.6540928571428573,0.5322,1.6402,1.6402,6.0982,0.4355857142857143,0.31779999999999997,1.392,1.392,14,3.0591,0.21850714285714284,0.2298,0.2751,0.2751,completed
247,known_visit,HIPC,bernoulli,drop_0.25,19,361,4,10,hipc_h2_bernoulli_025,C:\Users\lottj\Desktop\research\decentralized benchmark\commitment-horizon-study\reference_core_benchmark_pilot\known_visit_10target_300.csv,00,14,2,0,15,0,0,0,0,0,0.0,0,0,39,30,9,133,27,62,22.9237,0.36973709677419353,0.3347,0.5835,1.6688,11.6754,0.18831290322580646,0.14235,0.3456,1.415,62,11.2483,0.1814241935483871,0.19065,0.2484,0.2903,completed
247,known_visit,HIPC,bernoulli,drop_0.25,19,361,4,10,hipc_h2_bernoulli_025,C:\Users\lottj\Desktop\research\decentralized benchmark\commitment-horizon-study\reference_core_benchmark_pilot\known_visit_10target_300.csv,01,18,2,0,19,0,0,0,0,0,0.0,0,0,49,39,10,128,21,49,21.7886,0.444665306122449,0.3549,1.0569,1.5502,12.7223,0.2596387755102041,0.1744,0.7802,1.3024,49,9.0663,0.1850265306122449,0.1832,0.2629,0.2773,completed
247,known_visit,HIPC,bernoulli,drop_0.25,19,361,4,10,hipc_h2_bernoulli_025,C:\Users\lottj\Desktop\research\decentralized benchmark\commitment-horizon-study\reference_core_benchmark_pilot\known_visit_10target_300.csv,02,31,4,0,28,4,1,0,0,0,0.0,0,0,71,63,8,108,20,8,5.9999,0.7499875,0.6621,1.3446,1.3446,4.3058000000000005,0.5382250000000001,0.4329,1.0958,1.0958,8,1.6941,0.2117625,0.2207,0.267,0.267,completed
247,known_visit,HIPC,bernoulli,drop_0.25,19,361,4,10,hipc_h2_bernoulli_025,C:\Users\lottj\Desktop\research\decentralized benchmark\commitment-horizon-study\reference_core_benchmark_pilot\known_visit_10target_300.csv,03,16,2,0,17,0,0,0,0,0,0.0,0,0,40,34,6,138,21,57,21.3644,0.3748140350877193,0.326,0.791,1.3732,11.2304,0.19702456140350877,0.1507,0.5392,1.0923,57,10.134,0.17778947368421052,0.1842,0.2618,0.2809,completed
248,known_visit,HIPC,bernoulli,drop_0.25,19,361,4,10,hipc_h2_bernoulli_025,C:\Users\lottj\Desktop\research\decentralized benchmark\commitment-horizon-study\reference_core_benchmark_pilot\known_visit_10target_300.csv,00,12,3,0,13,0,0,1,1,0,0.0,0,0,35,27,8,123,17,26,12.2015,0.4692884615384615,0.34099999999999997,0.9163,1.6428,6.9524,0.26739999999999997,0.16160000000000002,0.6365,1.3618,26,5.2491,0.20188846153846154,0.1857,0.281,0.3111,completed
248,known_visit,HIPC,bernoulli,drop_0.25,19,361,4,10,hipc_h2_bernoulli_025,C:\Users\lottj\Desktop\research\decentralized benchmark\commitment-horizon-study\reference_core_benchmark_pilot\known_visit_10target_300.csv,01,18,0,1,16,3,0,1,1,0,0.0,0,0,46,39,7,113,16,9,6.0882,0.6764666666666667,0.4274,1.2849,1.2849,4.2727,0.47474444444444447,0.2528,1.0337,1.0337,9,1.8155000000000001,0.20172222222222225,0.171,0.2951,0.2951,completed
248,known_visit,HIPC,bernoulli,drop_0.25,19,361,4,10,hipc_h2_bernoulli_025,C:\Users\lottj\Desktop\research\decentralized benchmark\commitment-horizon-study\reference_core_benchmark_pilot\known_visit_10target_300.csv,02,18,5,0,19,0,0,0,0,0,0.0,0,0,48,37,11,110,18,7,5.8218000000000005,0.8316857142857144,0.8969,1.4592,1.4592,4.0207999999999995,0.5743999999999999,0.5684,1.029,1.029,7,1.8010000000000002,0.2572857142857143,0.2469,0.4302,0.4302,completed
248,known_visit,HIPC,bernoulli,drop_0.25,19,361,4,10,hipc_h2_bernoulli_025,C:\Users\lottj\Desktop\research\decentralized benchmark\commitment-horizon-study\reference_core_benchmark_pilot\known_visit_10target_300.csv,03,18,2,0,19,0,0,0,0,0,0.0,0,0,47,38,9,111,17,11,7.9804,0.7254909090909091,0.6432,1.2824,1.2824,5.3345,0.48495454545454547,0.3498,0.9909,0.9909,11,2.6459,0.24053636363636366,0.235,0.3021,0.3021,completed
249,known_visit,HIPC,bernoulli,drop_0.25,19,361,4,10,hipc_h2_bernoulli_025,C:\Users\lottj\Desktop\research\decentralized benchmark\commitment-horizon-study\reference_core_benchmark_pilot\known_visit_10target_300.csv,00,17,2,0,18,0,0,0,0,0,0.0,0,0,41,36,5,170,25,47,21.0582,0.4480468085106383,0.3105,0.8576,2.2684,12.7203,0.2706446808510638,0.1601,0.5754,1.8628,47,8.3379,0.17740212765957444,0.1432,0.2822,0.4056,completed
249,known_visit,HIPC,bernoulli,drop_0.25,19,361,4,10,hipc_h2_bernoulli_025,C:\Users\lottj\Desktop\research\decentralized benchmark\commitment-horizon-study\reference_core_benchmark_pilot\known_visit_10target_300.csv,01,29,4,0,30,0,1,0,0,0,0.0,0,0,68,59,9,143,26,10,6.1169,0.6116900000000001,0.6353,1.2158,1.2158,4.0556,0.40556000000000003,0.43179999999999996,0.9096,0.9096,10,2.0613,0.20613,0.196,0.3062,0.3062,completed
249,known_visit,HIPC,bernoulli,drop_0.25,19,361,4,10,hipc_h2_bernoulli_025,C:\Users\lottj\Desktop\research\decentralized benchmark\commitment-horizon-study\reference_core_benchmark_pilot\known_visit_10target_300.csv,02,25,2,1,25,1,1,0,0,0,0.0,0,0,62,52,10,152,22,21,7.303,0.34776190476190477,0.2892,0.6802,0.9107,3.6983,0.17610952380952383,0.088,0.5066,0.6537,21,3.6047,0.17165238095238095,0.1736,0.257,0.2627,completed
249,known_visit,HIPC,bernoulli,drop_0.25,19,361,4,10,hipc_h2_bernoulli_025,C:\Users\lottj\Desktop\research\decentralized benchmark\commitment-horizon-study\reference_core_benchmark_pilot\known_visit_10target_300.csv,03,28,2,0,26,3,1,0,0,0,0.0,0,0,66,57,9,147,23,9,5.8442,0.6493555555555556,0.5719,1.0622,1.0622,3.9451,0.4383444444444444,0.3484,0.7909,0.7909,9,1.8991,0.21101111111111112,0.2201,0.2788,0.2788,completed
250,known_visit,HIPC,bernoulli,drop_0.25,19,361,4,10,hipc_h2_bernoulli_025,C:\Users\lottj\Desktop\research\decentralized benchmark\commitment-horizon-study\reference_core_benchmark_pilot\known_visit_10target_300.csv,00,39,4,0,40,0,1,0,0,0,0.0,0,0,88,79,9,166,24,8,6.8845,0.8605625,0.6392500000000001,1.5279,1.5279,4.9261,0.6157625,0.43655,1.2855,1.2855,8,1.9584000000000001,0.24480000000000002,0.24780000000000002,0.3095,0.3095,completed
250,known_visit,HIPC,bernoulli,drop_0.25,19,361,4,10,hipc_h2_bernoulli_025,C:\Users\lottj\Desktop\research\decentralized benchmark\commitment-horizon-study\reference_core_benchmark_pilot\known_visit_10target_300.csv,01,31,3,0,29,3,0,1,1,0,0.0,0,0,79,65,14,164,34,36,13.83,0.38416666666666666,0.2825,0.8757,0.8941,7.986,0.22183333333333333,0.14845,0.6272,0.7181,36,5.844,0.16233333333333333,0.13319999999999999,0.2434,0.2669,completed
250,known_visit,HIPC,bernoulli,drop_0.25,19,361,4,10,hipc_h2_bernoulli_025,C:\Users\lottj\Desktop\research\decentralized benchmark\commitment-horizon-study\reference_core_benchmark_pilot\known_visit_10target_300.csv,02,29,1,2,21,9,1,1,1,0,0.0,0,0,73,63,10,174,30,40,21.8114,0.545285,0.5257499999999999,0.8799,1.1606,13.1227,0.3280675,0.30875,0.6049,0.8914,40,8.6887,0.2172175,0.2146,0.2692,0.2912,completed
250,known_visit,HIPC,bernoulli,drop_0.25,19,361,4,10,hipc_h2_bernoulli_025,C:\Users\lottj\Desktop\research\decentralized benchmark\commitment-horizon-study\reference_core_benchmark_pilot\known_visit_10target_300.csv,03,15,2,0,16,0,0,0,0,0,0.0,0,0,38,32,6,212,27,86,52.2563,0.6076313953488373,0.5442499999999999,0.8091,1.5029,34.2816,0.39862325581395347,0.34955,0.5427,1.2634,86,17.9747,0.2090081395348837,0.2264,0.2673,0.3993,completed
251,known_visit,HIPC,bernoulli,drop_0.25,19,361,4,10,hipc_h2_bernoulli_025,C:\Users\lottj\Desktop\research\decentralized benchmark\commitment-horizon-study\reference_core_benchmark_pilot\known_visit_10target_300.csv,00,21,4,0,22,0,0,0,0,0,0.0,0,0,50,43,7,125,14,7,4.3624,0.6232,0.612,1.1037,1.1037,2.8705,0.41007142857142853,0.4061,0.8631,0.8631,7,1.4919,0.21312857142857142,0.2207,0.2587,0.2587,completed
251,known_visit,HIPC,bernoulli,drop_0.25,19,361,4,10,hipc_h2_bernoulli_025,C:\Users\lottj\Desktop\research\decentralized benchmark\commitment-horizon-study\reference_core_benchmark_pilot\known_visit_10target_300.csv,01,21,3,0,22,0,0,0,0,0,0.0,0,0,52,43,9,111,25,7,5.4504,0.7786285714285714,0.8365,1.135,1.135,3.976,0.568,0.649,0.9187,0.9187,7,1.4744,0.21062857142857142,0.2163,0.2511,0.2511,completed
251,known_visit,HIPC,bernoulli,drop_0.25,19,361,4,10,hipc_h2_bernoulli_025,C:\Users\lottj\Desktop\research\decentralized benchmark\commitment-horizon-study\reference_core_benchmark_pilot\known_visit_10target_300.csv,02,20,2,1,19,2,0,0,0,0,0.0,0,0,49,42,7,115,24,7,5.7909,0.8272714285714285,0.8195,1.1272,1.1272,4.3433,0.6204714285714286,0.6461,0.9456,0.9456,7,1.4476,0.2068,0.2025,0.2725,0.2725,completed
251,known_visit,HIPC,bernoulli,drop_0.25,19,361,4,10,hipc_h2_bernoulli_025,C:\Users\lottj\Desktop\research\decentralized benchmark\commitment-horizon-study\reference_core_benchmark_pilot\known_visit_10target_300.csv,03,16,1,0,17,0,0,0,0,0,0.0,0,0,38,34,4,133,17,22,10.8555,0.49343181818181814,0.42205000000000004,0.7937,1.2578,6.495,0.2952272727272727,0.22475,0.5527,0.8086,22,4.3605,0.19820454545454547,0.19345,0.271,0.4492,completed
252,known_visit,HIPC,bernoulli,drop_0.25,19,361,4,10,hipc_h2_bernoulli_025,C:\Users\lottj\Desktop\research\decentralized benchmark\commitment-horizon-study\reference_core_benchmark_pilot\known_visit_10target_300.csv,00,22,1,2,20,3,3,1,1,0,0.0,0,0,63,46,17,138,22,13,9.0355,0.6950384615384616,0.5686,1.6178,1.6178,6.1058,0.4696769230769231,0.2475,1.3678,1.3678,13,2.9297,0.22536153846153845,0.2321,0.3211,0.3211,completed
252,known_visit,HIPC,bernoulli,drop_0.25,19,361,4,10,hipc_h2_bernoulli_025,C:\Users\lottj\Desktop\research\decentralized benchmark\commitment-horizon-study\reference_core_benchmark_pilot\known_visit_10target_300.csv,01,23,3,0,24,0,1,0,0,0,0.0,0,0,64,48,16,132,27,12,9.2566,0.7713833333333334,0.82415,1.1892,1.1892,6.6436,0.5536333333333333,0.5949,0.9356,0.9356,12,2.613,0.21775,0.22225,0.2614,0.2614,completed
252,known_visit,HIPC,bernoulli,drop_0.25,19,361,4,10,hipc_h2_bernoulli_025,C:\Users\lottj\Desktop\research\decentralized benchmark\commitment-horizon-study\reference_core_benchmark_pilot\known_visit_10target_300.csv,02,18,5,0,19,0,0,0,0,0,0.0,0,0,48,38,10,138,36,24,10.9041,0.4543375,0.34155,0.8041,1.5603,5.3157,0.22148749999999998,0.13015,0.5272,0.6349,24,5.5884,0.23285,0.2028,0.2421,1.1576,completed
252,known_visit,HIPC,bernoulli,drop_0.25,19,361,4,10,hipc_h2_bernoulli_025,C:\Users\lottj\Desktop\research\decentralized benchmark\commitment-horizon-study\reference_core_benchmark_pilot\known_visit_10target_300.csv,03,19,1,0,20,0,2,0,0,0,0.0,0,0,48,40,8,149,25,23,10.0081,0.4351347826086957,0.3112,0.8275,1.1817,4.999,0.21734782608695652,0.1034,0.5997,0.9101,23,5.0091,0.21778695652173913,0.2094,0.3297,0.447,completed
253,known_visit,HIPC,bernoulli,drop_0.25,19,361,4,10,hipc_h2_bernoulli_025,C:\Users\lottj\Desktop\research\decentralized benchmark\commitment-horizon-study\reference_core_benchmark_pilot\known_visit_10target_300.csv,00,20,3,0,21,0,0,0,0,0,0.0,0,0,49,41,8,90,18,7,4.8712,0.6958857142857143,0.6371,1.1732,1.1732,3.1054,0.4436285714285714,0.3741,0.9008,0.9008,7,1.7658,0.25225714285714285,0.263,0.2842,0.2842,completed
253,known_visit,HIPC,bernoulli,drop_0.25,19,361,4,10,hipc_h2_bernoulli_025,C:\Users\lottj\Desktop\research\decentralized benchmark\commitment-horizon-study\reference_core_benchmark_pilot\known_visit_10target_300.csv,01,20,3,0,18,3,1,0,0,0,0.0,0,0,51,41,10,88,17,8,7.734,0.96675,0.8956999999999999,1.6373,1.6373,5.3749,0.6718625,0.5912,1.3524,1.3524,8,2.3590999999999998,0.29488749999999997,0.25739999999999996,0.4911,0.4911,completed
253,known_visit,HIPC,bernoulli,drop_0.25,19,361,4,10,hipc_h2_bernoulli_025,C:\Users\lottj\Desktop\research\decentralized benchmark\commitment-horizon-study\reference_core_benchmark_pilot\known_visit_10target_300.csv,02,14,4,0,15,0,1,0,0,0,0.0,0,0,40,30,10,98,18,26,13.1547,0.50595,0.34305,1.0306,1.4627,7.242,0.2785384615384615,0.14195000000000002,0.6904,0.8754,26,5.9127,0.22741153846153847,0.1916,0.3475,0.5873,completed
253,known_visit,HIPC,bernoulli,drop_0.25,19,361,4,10,hipc_h2_bernoulli_025,C:\Users\lottj\Desktop\research\decentralized benchmark\commitment-horizon-study\reference_core_benchmark_pilot\known_visit_10target_300.csv,03,6,0,0,7,0,0,0,0,0,0.0,0,0,17,14,3,122,17,50,47.8483,0.956966,0.7219500000000001,1.724,7.9247,34.0617,0.681234,0.44835,1.5071,7.2659,50,13.7866,0.275732,0.23704999999999998,0.3949,0.9873,completed
254,known_visit,HIPC,bernoulli,drop_0.25,19,361,4,10,hipc_h2_bernoulli_025,C:\Users\lottj\Desktop\research\decentralized benchmark\commitment-horizon-study\reference_core_benchmark_pilot\known_visit_10target_300.csv,00,28,5,0,29,0,0,0,0,0,0.0,0,0,66,57,9,129,19,8,5.5516,0.69395,0.67085,1.2588,1.2588,3.5826000000000002,0.44782500000000003,0.40815,0.9977,0.9977,8,1.969,0.246125,0.24205000000000002,0.3482,0.3482,completed
254,known_visit,HIPC,bernoulli,drop_0.25,19,361,4,10,hipc_h2_bernoulli_025,C:\Users\lottj\Desktop\research\decentralized benchmark\commitment-horizon-study\reference_core_benchmark_pilot\known_visit_10target_300.csv,01,22,3,0,23,0,1,0,0,0,0.0,0,0,56,46,10,146,11,27,12.123899999999999,0.4490333333333333,0.3382,1.2704,1.6238,6.8898,0.2551777777777778,0.1536,0.9306,1.3598,27,5.2341,0.19385555555555556,0.1852,0.2813,0.3398,completed
254,known_visit,HIPC,bernoulli,drop_0.25,19,361,4,10,hipc_h2_bernoulli_025,C:\Users\lottj\Desktop\research\decentralized benchmark\commitment-horizon-study\reference_core_benchmark_pilot\known_visit_10target_300.csv,02,16,1,0,17,0,1,0,0,0,0.0,0,0,43,34,9,146,24,46,20.83,0.4528260869565217,0.386,0.6393,1.5095,11.746599999999999,0.25536086956521736,0.1824,0.4138,1.2311,46,9.0834,0.19746521739130432,0.19765,0.25,0.2784,completed
254,known_visit,HIPC,bernoulli,drop_0.25,19,361,4,10,hipc_h2_bernoulli_025,C:\Users\lottj\Desktop\research\decentralized benchmark\commitment-horizon-study\reference_core_benchmark_pilot\known_visit_10target_300.csv,03,19,1,0,20,0,0,0,0,0,0.0,0,0,49,40,9,133,31,36,16.1916,0.4497666666666667,0.38155,1.1657,1.276,9.0351,0.250975,0.1644,0.8652,0.984,36,7.1565,0.19879166666666667,0.19790000000000002,0.292,0.3005,completed
255,known_visit,HIPC,bernoulli,drop_0.25,19,361,4,10,hipc_h2_bernoulli_025,C:\Users\lottj\Desktop\research\decentralized benchmark\commitment-horizon-study\reference_core_benchmark_pilot\known_visit_10target_300.csv,00,24,2,1,24,1,0,0,0,0,0.0,0,0,58,50,8,140,20,19,9.5774,0.5040736842105263,0.346,1.4702,1.4702,6.2132,0.3270105263157895,0.1886,1.1911,1.1911,19,3.3642000000000003,0.17706315789473687,0.1531,0.2791,0.2791,completed
255,known_visit,HIPC,bernoulli,drop_0.25,19,361,4,10,hipc_h2_bernoulli_025,C:\Users\lottj\Desktop\research\decentralized benchmark\commitment-horizon-study\reference_core_benchmark_pilot\known_visit_10target_300.csv,01,23,3,0,24,0,1,2,1,1,5.0,1,0,60,49,11,135,23,22,11.3837,0.517440909090909,0.34315,1.4041,1.8402,7.325,0.33295454545454545,0.1518,1.1065,1.5893,22,4.0587,0.18448636363636364,0.1859,0.293,0.2986,completed
255,known_visit,HIPC,bernoulli,drop_0.25,19,361,4,10,hipc_h2_bernoulli_025,C:\Users\lottj\Desktop\research\decentralized benchmark\commitment-horizon-study\reference_core_benchmark_pilot\known_visit_10target_300.csv,02,28,5,0,28,1,0,0,0,0,0.0,0,0,66,57,9,140,13,10,6.2338000000000005,0.62338,0.5368999999999999,1.4389,1.4389,3.8958,0.38958,0.3204,1.0605,1.0605,10,2.338,0.2338,0.22954999999999998,0.4528,0.4528,completed
255,known_visit,HIPC,bernoulli,drop_0.25,19,361,4,10,hipc_h2_bernoulli_025,C:\Users\lottj\Desktop\research\decentralized benchmark\commitment-horizon-study\reference_core_benchmark_pilot\known_visit_10target_300.csv,03,15,0,0,16,0,0,0,0,0,0.0,0,0,35,32,3,162,22,49,21.1943,0.43253673469387754,0.3368,0.8818,1.6554,12.4828,0.2547510204081633,0.1674,0.6476,1.393,49,8.7115,0.17778571428571427,0.1808,0.2727,0.3927,completed
256,known_visit,HIPC,bernoulli,drop_0.25,19,361,4,10,hipc_h2_bernoulli_025,C:\Users\lottj\Desktop\research\decentralized benchmark\commitment-horizon-study\reference_core_benchmark_pilot\known_visit_10target_300.csv,00,21,2,0,22,0,3,2,2,0,0.0,0,0,57,44,13,109,22,43,12.8148,0.2980186046511628,0.1942,0.668,1.1645,6.4972,0.15109767441860467,0.0751,0.4962,0.922,43,6.3176,0.14692093023255814,0.1183,0.2526,0.2635,completed
256,known_visit,HIPC,bernoulli,drop_0.25,19,361,4,10,hipc_h2_bernoulli_025,C:\Users\lottj\Desktop\research\decentralized benchmark\commitment-horizon-study\reference_core_benchmark_pilot\known_visit_10target_300.csv,01,31,6,0,32,0,1,0,0,0,0.0,0,0,75,63,12,101,13,10,6.0277,0.60277,0.425,1.5168,1.5168,4.2621,0.42621000000000003,0.26339999999999997,1.2644,1.2644,10,1.7656,0.17656,0.16160000000000002,0.2524,0.2524,completed
256,known_visit,HIPC,bernoulli,drop_0.25,19,361,4,10,hipc_h2_bernoulli_025,C:\Users\lottj\Desktop\research\decentralized benchmark\commitment-horizon-study\reference_core_benchmark_pilot\known_visit_10target_300.csv,02,17,1,0,17,1,1,0,0,0,0.0,0,0,43,36,7,117,28,54,18.3351,0.3395388888888889,0.3034,0.8584,1.2385,10.826,0.20048148148148148,0.1778,0.6058,0.9953,54,7.5091,0.1390574074074074,0.12405,0.2418,0.2526,completed
256,known_visit,HIPC,bernoulli,drop_0.25,19,361,4,10,hipc_h2_bernoulli_025,C:\Users\lottj\Desktop\research\decentralized benchmark\commitment-horizon-study\reference_core_benchmark_pilot\known_visit_10target_300.csv,03,3,1,0,4,0,2,0,0,0,0.0,0,0,14,8,6,147,27,100,38.4719,0.384719,0.30379999999999996,0.8369,1.4235,23.3605,0.23360499999999998,0.1763,0.5926,1.1379,100,15.1114,0.151114,0.12545,0.247,0.3791,completed
257,known_visit,HIPC,bernoulli,drop_0.25,19,361,4,10,hipc_h2_bernoulli_025,C:\Users\lottj\Desktop\research\decentralized benchmark\commitment-horizon-study\reference_core_benchmark_pilot\known_visit_10target_300.csv,00,22,2,0,23,0,0,0,0,0,0.0,0,0,57,45,12,140,23,6,4.43,0.7383333333333333,0.64725,1.5153,1.5153,3.2167,0.5361166666666667,0.4457,1.2751,1.2751,6,1.2133,0.20221666666666668,0.2031,0.268,0.268,completed
257,known_visit,HIPC,bernoulli,drop_0.25,19,361,4,10,hipc_h2_bernoulli_025,C:\Users\lottj\Desktop\research\decentralized benchmark\commitment-horizon-study\reference_core_benchmark_pilot\known_visit_10target_300.csv,01,23,5,0,24,0,0,0,0,0,0.0,0,0,56,47,9,142,22,6,3.4032999999999998,0.5672166666666666,0.5116499999999999,1.1535,1.1535,2.2203,0.37005,0.30210000000000004,0.8705,0.8705,6,1.183,0.19716666666666668,0.19405,0.283,0.283,completed
257,known_visit,HIPC,bernoulli,drop_0.25,19,361,4,10,hipc_h2_bernoulli_025,C:\Users\lottj\Desktop\research\decentralized benchmark\commitment-horizon-study\reference_core_benchmark_pilot\known_visit_10target_300.csv,02,21,1,2,17,5,2,2,1,1,5.0,1,0,55,46,9,136,28,12,8.2201,0.6850083333333333,0.5238499999999999,1.5896,1.5896,5.9099,0.4924916666666667,0.36195,1.2975,1.2975,12,2.3102,0.19251666666666667,0.1613,0.2921,0.2921,completed
257,known_visit,HIPC,bernoulli,drop_0.25,19,361,4,10,hipc_h2_bernoulli_025,C:\Users\lottj\Desktop\research\decentralized benchmark\commitment-horizon-study\reference_core_benchmark_pilot\known_visit_10target_300.csv,03,19,2,0,20,0,2,2,1,1,5.0,1,0,52,42,10,142,25,20,9.7148,0.48574,0.21284999999999998,1.4689,1.5018,6.4719,0.32359499999999997,0.09939999999999999,1.25,1.2987,20,3.2429,0.162145,0.11760000000000001,0.2816,0.2826,completed
258,known_visit,HIPC,bernoulli,drop_0.25,19,361,4,10,hipc_h2_bernoulli_025,C:\Users\lottj\Desktop\research\decentralized benchmark\commitment-horizon-study\reference_core_benchmark_pilot\known_visit_10target_300.csv,00,22,2,1,21,2,1,0,0,0,0.0,0,0,54,45,9,117,24,7,5.4243,0.7748999999999999,0.4722,1.6817,1.6817,4.0062,0.5723142857142857,0.3179,1.4287,1.4287,7,1.4181,0.20258571428571429,0.1543,0.2948,0.2948,completed
258,known_visit,HIPC,bernoulli,drop_0.25,19,361,4,10,hipc_h2_bernoulli_025,C:\Users\lottj\Desktop\research\decentralized benchmark\commitment-horizon-study\reference_core_benchmark_pilot\known_visit_10target_300.csv,01,22,4,0,22,1,0,0,0,0,0.0,0,0,52,45,7,123,21,7,5.7078,0.8154,0.7234,1.6493,1.6493,4.09,0.5842857142857143,0.4414,1.4079,1.4079,7,1.6178,0.2311142857142857,0.2613,0.298,0.298,completed
258,known_visit,HIPC,bernoulli,drop_0.25,19,361,4,10,hipc_h2_bernoulli_025,C:\Users\lottj\Desktop\research\decentralized benchmark\commitment-horizon-study\reference_core_benchmark_pilot\known_visit_10target_300.csv,02,17,2,0,18,0,1,0,0,0,0.0,0,0,45,36,9,123,27,23,10.3981,0.4520913043478261,0.2818,1.2047,1.2302,6.4831,0.28187391304347825,0.1565,0.875,0.9345,23,3.915,0.17021739130434782,0.1321,0.2957,0.4304,completed
258,known_visit,HIPC,bernoulli,drop_0.25,19,361,4,10,hipc_h2_bernoulli_025,C:\Users\lottj\Desktop\research\decentralized benchmark\commitment-horizon-study\reference_core_benchmark_pilot\known_visit_10target_300.csv,03,18,2,0,19,0,1,0,0,0,0.0,0,0,45,38,7,128,23,23,9.7492,0.4238782608695652,0.2569,0.9294,1.4568,5.9475,0.25858695652173913,0.1184,0.672,1.208,23,3.8017,0.16529130434782607,0.1262,0.2701,0.2817,completed
259,known_visit,HIPC,bernoulli,drop_0.25,19,361,4,10,hipc_h2_bernoulli_025,C:\Users\lottj\Desktop\research\decentralized benchmark\commitment-horizon-study\reference_core_benchmark_pilot\known_visit_10target_300.csv,00,13,0,0,13,1,1,0,0,0,0.0,0,0,32,28,4,125,23,34,18.2594,0.5370411764705882,0.44995,1.1448,1.5163,10.5892,0.3114470588235294,0.23070000000000002,0.8728,1.259,34,7.6702,0.22559411764705883,0.218,0.2675,0.272,completed
259,known_visit,HIPC,bernoulli,drop_0.25,19,361,4,10,hipc_h2_bernoulli_025,C:\Users\lottj\Desktop\research\decentralized benchmark\commitment-horizon-study\reference_core_benchmark_pilot\known_visit_10target_300.csv,01,17,2,0,18,0,0,0,0,0,0.0,0,0,42,36,6,111,27,18,9.747300000000001,0.5415166666666668,0.3719,1.5102,1.5102,5.2504,0.2916888888888889,0.15335,1.2399,1.2399,18,4.4969,0.2498277777777778,0.22315000000000002,0.5333,0.5333,completed
259,known_visit,HIPC,bernoulli,drop_0.25,19,361,4,10,hipc_h2_bernoulli_025,C:\Users\lottj\Desktop\research\decentralized benchmark\commitment-horizon-study\reference_core_benchmark_pilot\known_visit_10target_300.csv,02,21,6,0,22,0,0,0,0,0,0.0,0,0,55,43,12,104,22,7,5.5669,0.7952714285714286,0.6411,1.1933,1.1933,3.8346,0.5478,0.4168,0.9152,0.9152,7,1.7323,0.24747142857142856,0.2413,0.2814,0.2814,completed
259,known_visit,HIPC,bernoulli,drop_0.25,19,361,4,10,hipc_h2_bernoulli_025,C:\Users\lottj\Desktop\research\decentralized benchmark\commitment-horizon-study\reference_core_benchmark_pilot\known_visit_10target_300.csv,03,21,2,2,17,5,1,0,0,0,0.0,0,0,52,43,9,113,16,8,6.0928,0.7616,0.5458000000000001,1.5144,1.5144,4.0949,0.5118625,0.2976,1.2581,1.2581,8,1.9979,0.2497375,0.2482,0.2893,0.2893,completed
260,known_visit,HIPC,bernoulli,drop_0.25,19,361,4,10,hipc_h2_bernoulli_025,C:\Users\lottj\Desktop\research\decentralized benchmark\commitment-horizon-study\reference_core_benchmark_pilot\known_visit_10target_300.csv,00,18,3,1,16,3,0,0,0,0,0.0,0,0,47,38,9,143,15,35,9.2043,0.26298,0.1727,0.7668,1.0291,4.3861,0.12531714285714285,0.0636,0.5314,0.7815,35,4.8182,0.13766285714285714,0.1166,0.2476,0.2915,completed
260,known_visit,HIPC,bernoulli,drop_0.25,19,361,4,10,hipc_h2_bernoulli_025,C:\Users\lottj\Desktop\research\decentralized benchmark\commitment-horizon-study\reference_core_benchmark_pilot\known_visit_10target_300.csv,01,28,3,1,28,1,2,0,0,0,0.0,0,0,68,57,11,114,24,7,5.0231,0.7175857142857144,0.6786,1.1786,1.1786,3.5056,0.5008,0.423,0.9406,0.9406,7,1.5175,0.2167857142857143,0.238,0.2782,0.2782,completed
260,known_visit,HIPC,bernoulli,drop_0.25,19,361,4,10,hipc_h2_bernoulli_025,C:\Users\lottj\Desktop\research\decentralized benchmark\commitment-horizon-study\reference_core_benchmark_pilot\known_visit_10target_300.csv,02,22,3,0,23,0,1,0,0,0,0.0,0,0,55,46,9,130,20,24,6.6779,0.27824583333333336,0.18055,0.7371,0.8134,3.2749,0.13645416666666668,0.06135,0.4963,0.6418,24,3.403,0.14179166666666668,0.12004999999999999,0.2265,0.2408,completed
260,known_visit,HIPC,bernoulli,drop_0.25,19,361,4,10,hipc_h2_bernoulli_025,C:\Users\lottj\Desktop\research\decentralized benchmark\commitment-horizon-study\reference_core_benchmark_pilot\known_visit_10target_300.csv,03,13,1,1,13,1,1,0,0,0,0.0,0,0,36,29,7,144,26,56,23.1601,0.4135732142857143,0.35115,0.7217,1.7169,13.2682,0.23693214285714287,0.19145,0.4896,1.3958,56,9.8919,0.1766410714285714,0.15665,0.246,0.3211,completed
261,known_visit,HIPC,bernoulli,drop_0.25,19,361,4,10,hipc_h2_bernoulli_025,C:\Users\lottj\Desktop\research\decentralized benchmark\commitment-horizon-study\reference_core_benchmark_pilot\known_visit_10target_300.csv,00,9,2,0,10,0,0,0,0,0,0.0,0,0,24,20,4,127,21,40,17.1112,0.42778,0.39485000000000003,0.6168,0.9974,10.5739,0.2643475,0.23865,0.4212,0.757,40,6.5373,0.1634325,0.1372,0.2458,0.2719,completed
261,known_visit,HIPC,bernoulli,drop_0.25,19,361,4,10,hipc_h2_bernoulli_025,C:\Users\lottj\Desktop\research\decentralized benchmark\commitment-horizon-study\reference_core_benchmark_pilot\known_visit_10target_300.csv,01,16,3,0,17,0,1,0,0,0,0.0,0,0,50,34,16,109,13,21,11.1998,0.5333238095238095,0.4791,1.045,1.2193,7.3517,0.3500809523809524,0.3122,0.7941,0.9795,21,3.8481,0.18324285714285715,0.1804,0.2509,0.2801,completed
261,known_visit,HIPC,bernoulli,drop_0.25,19,361,4,10,hipc_h2_bernoulli_025,C:\Users\lottj\Desktop\research\decentralized benchmark\commitment-horizon-study\reference_core_benchmark_pilot\known_visit_10target_300.csv,02,18,3,0,19,0,0,0,0,0,0.0,0,0,50,38,12,103,19,16,7.6961,0.48100625,0.43965,0.8554,0.8554,4.8842,0.3052625,0.27925,0.605,0.605,16,2.8119,0.17574375,0.17045,0.2726,0.2726,completed
261,known_visit,HIPC,bernoulli,drop_0.25,19,361,4,10,hipc_h2_bernoulli_025,C:\Users\lottj\Desktop\research\decentralized benchmark\commitment-horizon-study\reference_core_benchmark_pilot\known_visit_10target_300.csv,03,21,2,0,22,0,1,0,0,0,0.0,0,0,49,43,6,106,18,9,4.345,0.48277777777777775,0.4037,1.1006,1.1006,2.6521,0.29467777777777776,0.2552,0.86,0.86,9,1.6928999999999998,0.1881,0.1865,0.2762,0.2762,completed
262,known_visit,HIPC,bernoulli,drop_0.25,19,361,4,10,hipc_h2_bernoulli_025,C:\Users\lottj\Desktop\research\decentralized benchmark\commitment-horizon-study\reference_core_benchmark_pilot\known_visit_10target_300.csv,00,17,3,0,18,0,0,0,0,0,0.0,0,0,42,36,6,114,23,12,5.6463,0.470525,0.5209,0.8245,0.8245,3.3819999999999997,0.2818333333333333,0.30774999999999997,0.57,0.57,12,2.2643,0.18869166666666667,0.18364999999999998,0.3174,0.3174,completed
262,known_visit,HIPC,bernoulli,drop_0.25,19,361,4,10,hipc_h2_bernoulli_025,C:\Users\lottj\Desktop\research\decentralized benchmark\commitment-horizon-study\reference_core_benchmark_pilot\known_visit_10target_300.csv,01,17,2,0,18,0,0,0,0,0,0.0,0,0,40,36,4,122,18,9,5.4473,0.6052555555555555,0.5554,1.2429,1.2429,3.5366,0.39295555555555556,0.3296,0.9668,0.9668,9,1.9107,0.21230000000000002,0.2378,0.2772,0.2772,completed
262,known_visit,HIPC,bernoulli,drop_0.25,19,361,4,10,hipc_h2_bernoulli_025,C:\Users\lottj\Desktop\research\decentralized benchmark\commitment-horizon-study\reference_core_benchmark_pilot\known_visit_10target_300.csv,02,18,3,0,19,0,0,0,0,0,0.0,0,0,48,38,10,120,11,9,6.4721,0.7191222222222222,0.7096,1.2974,1.2974,4.514,0.5015555555555555,0.4678,1.0176,1.0176,9,1.9581,0.21756666666666666,0.2418,0.2798,0.2798,completed
262,known_visit,HIPC,bernoulli,drop_0.25,19,361,4,10,hipc_h2_bernoulli_025,C:\Users\lottj\Desktop\research\decentralized benchmark\commitment-horizon-study\reference_core_benchmark_pilot\known_visit_10target_300.csv,03,19,2,0,20,0,3,0,0,0,0.0,0,0,50,39,11,111,19,9,6.6106,0.7345111111111111,0.6255,1.3077,1.3077,4.5517,0.5057444444444444,0.3888,1.0392,1.0392,9,2.0589,0.22876666666666667,0.2563,0.3125,0.3125,completed
263,known_visit,HIPC,bernoulli,drop_0.25,19,361,4,10,hipc_h2_bernoulli_025,C:\Users\lottj\Desktop\research\decentralized benchmark\commitment-horizon-study\reference_core_benchmark_pilot\known_visit_10target_300.csv,00,31,4,0,32,0,1,0,0,0,0.0,0,0,72,63,9,125,16,11,6.5016,0.5910545454545454,0.4919,1.6493,1.6493,4.3989,0.39990000000000003,0.2601,1.4054,1.4054,11,2.1027,0.19115454545454547,0.2282,0.2475,0.2475,completed
263,known_visit,HIPC,bernoulli,drop_0.25,19,361,4,10,hipc_h2_bernoulli_025,C:\Users\lottj\Desktop\research\decentralized benchmark\commitment-horizon-study\reference_core_benchmark_pilot\known_visit_10target_300.csv,01,27,2,0,27,1,2,0,0,0,0.0,0,0,69,57,12,128,16,18,14.8632,0.8257333333333334,0.9405,1.6357,1.6357,10.934000000000001,0.6074444444444445,0.6995,1.3951,1.3951,18,3.9292,0.21828888888888887,0.23970000000000002,0.2663,0.2663,completed
263,known_visit,HIPC,bernoulli,drop_0.25,19,361,4,10,hipc_h2_bernoulli_025,C:\Users\lottj\Desktop\research\decentralized benchmark\commitment-horizon-study\reference_core_benchmark_pilot\known_visit_10target_300.csv,02,17,2,2,16,2,1,0,0,0,0.0,0,0,44,36,8,150,18,50,14.2075,0.28415,0.19335000000000002,0.8085,1.6266,7.3341,0.146682,0.07585,0.559,1.3783,50,6.8734,0.137468,0.11860000000000001,0.2483,0.2515,completed
263,known_visit,HIPC,bernoulli,drop_0.25,19,361,4,10,hipc_h2_bernoulli_025,C:\Users\lottj\Desktop\research\decentralized benchmark\commitment-horizon-study\reference_core_benchmark_pilot\known_visit_10target_300.csv,03,9,2,0,10,0,0,1,1,0,0.0,0,0,29,21,8,161,22,75,24.3002,0.32400266666666666,0.2539,0.8462,1.299,13.2925,0.17723333333333333,0.1214,0.6203,1.0499,75,11.0077,0.14676933333333333,0.1323,0.2429,0.2711,completed
264,known_visit,HIPC,bernoulli,drop_0.25,19,361,4,10,hipc_h2_bernoulli_025,C:\Users\lottj\Desktop\research\decentralized benchmark\commitment-horizon-study\reference_core_benchmark_pilot\known_visit_10target_300.csv,00,25,2,1,20,6,2,0,0,0,0.0,0,0,63,53,10,159,28,18,10.216899999999999,0.5676055555555555,0.3998,1.8052,1.8052,6.4749,0.3597166666666667,0.19865,1.5014,1.5014,18,3.742,0.2078888888888889,0.2127,0.3038,0.3038,completed
264,known_visit,HIPC,bernoulli,drop_0.25,19,361,4,10,hipc_h2_bernoulli_025,C:\Users\lottj\Desktop\research\decentralized benchmark\commitment-horizon-study\reference_core_benchmark_pilot\known_visit_10target_300.csv,01,27,4,0,28,0,1,0,0,0,0.0,0,0,67,55,12,160,24,11,6.6371,0.6033727272727273,0.4669,1.0589,1.0589,4.3802,0.39820000000000005,0.2697,0.8354,0.8354,11,2.2569,0.20517272727272726,0.1972,0.2855,0.2855,completed
264,known_visit,HIPC,bernoulli,drop_0.25,19,361,4,10,hipc_h2_bernoulli_025,C:\Users\lottj\Desktop\research\decentralized benchmark\commitment-horizon-study\reference_core_benchmark_pilot\known_visit_10target_300.csv,02,27,2,0,18,10,0,0,0,0,0.0,0,0,63,55,8,160,27,7,8.4988,1.2141142857142857,0.9161,2.7124,2.7124,6.7974000000000006,0.971057142857143,0.6813,2.4405,2.4405,7,1.7014,0.24305714285714286,0.2348,0.37,0.37,completed
264,known_visit,HIPC,bernoulli,drop_0.25,19,361,4,10,hipc_h2_bernoulli_025,C:\Users\lottj\Desktop\research\decentralized benchmark\commitment-horizon-study\reference_core_benchmark_pilot\known_visit_10target_300.csv,03,24,2,0,25,0,0,0,0,0,0.0,0,0,58,50,8,155,37,15,11.5562,0.7704133333333334,0.6003,2.0123,2.0123,8.4974,0.5664933333333334,0.44,1.7195,1.7195,15,3.0588,0.20392000000000002,0.1703,0.3263,0.3263,completed
265,known_visit,HIPC,bernoulli,drop_0.25,19,361,4,10,hipc_h2_bernoulli_025,C:\Users\lottj\Desktop\research\decentralized benchmark\commitment-horizon-study\reference_core_benchmark_pilot\known_visit_10target_300.csv,00,27,1,0,28,0,1,0,0,0,0.0,0,0,66,56,10,153,26,7,5.1574,0.7367714285714285,0.6463,1.5545,1.5545,3.5766,0.5109428571428571,0.4081,1.312,1.312,7,1.5808,0.22582857142857143,0.2382,0.2978,0.2978,completed
265,known_visit,HIPC,bernoulli,drop_0.25,19,361,4,10,hipc_h2_bernoulli_025,C:\Users\lottj\Desktop\research\decentralized benchmark\commitment-horizon-study\reference_core_benchmark_pilot\known_visit_10target_300.csv,01,17,4,0,18,0,1,0,0,0,0.0,0,0,46,36,10,161,37,40,17.2377,0.4309425,0.365,0.7681,0.9759,9.2767,0.2319175,0.17175,0.5913,0.7056,40,7.961,0.199025,0.18975,0.2376,0.2708,completed
265,known_visit,HIPC,bernoulli,drop_0.25,19,361,4,10,hipc_h2_bernoulli_025,C:\Users\lottj\Desktop\research\decentralized benchmark\commitment-horizon-study\reference_core_benchmark_pilot\known_visit_10target_300.csv,02,26,3,1,24,3,3,2,2,0,0.0,0,0,68,55,13,149,28,9,6.29,0.6988888888888889,0.479,1.5987,1.5987,4.4376,0.49306666666666665,0.3151,1.2904,1.2904,9,1.8524,0.20582222222222224,0.1981,0.3083,0.3083,completed
265,known_visit,HIPC,bernoulli,drop_0.25,19,361,4,10,hipc_h2_bernoulli_025,C:\Users\lottj\Desktop\research\decentralized benchmark\commitment-horizon-study\reference_core_benchmark_pilot\known_visit_10target_300.csv,03,27,2,1,25,3,3,0,0,0,0.0,0,0,65,55,10,157,23,8,6.022,0.75275,0.7068000000000001,1.3336,1.3336,4.192,0.524,0.4263,1.0442,1.0442,8,1.83,0.22875,0.21205000000000002,0.3802,0.3802,completed
266,known_visit,HIPC,bernoulli,drop_0.25,19,361,4,10,hipc_h2_bernoulli_025,C:\Users\lottj\Desktop\research\decentralized benchmark\commitment-horizon-study\reference_core_benchmark_pilot\known_visit_10target_300.csv,00,16,0,2,11,6,4,0,0,0,0.0,0,0,47,35,12,156,28,48,19.3179,0.40245625,0.32284999999999997,1.2004,1.2272,10.4889,0.21851874999999998,0.12225,0.9289,0.9865,48,8.829,0.1839375,0.20115,0.249,0.2715,completed
266,known_visit,HIPC,bernoulli,drop_0.25,19,361,4,10,hipc_h2_bernoulli_025,C:\Users\lottj\Desktop\research\decentralized benchmark\commitment-horizon-study\reference_core_benchmark_pilot\known_visit_10target_300.csv,01,21,1,2,19,3,3,1,1,0,0.0,0,0,60,46,14,147,25,30,15.2282,0.5076066666666667,0.431,1.0145,1.4848,9.7257,0.32419,0.2303,0.7784,1.24,30,5.5025,0.18341666666666667,0.19365,0.2448,0.2545,completed
266,known_visit,HIPC,bernoulli,drop_0.25,19,361,4,10,hipc_h2_bernoulli_025,C:\Users\lottj\Desktop\research\decentralized benchmark\commitment-horizon-study\reference_core_benchmark_pilot\known_visit_10target_300.csv,02,22,4,0,23,0,3,0,0,0,0.0,0,0,57,46,11,154,20,27,13.6444,0.5053481481481481,0.3694,1.2439,1.5567,8.1759,0.30281111111111114,0.1523,1.0025,1.3013,27,5.4685,0.20253703703703702,0.213,0.2554,0.31,completed
266,known_visit,HIPC,bernoulli,drop_0.25,19,361,4,10,hipc_h2_bernoulli_025,C:\Users\lottj\Desktop\research\decentralized benchmark\commitment-horizon-study\reference_core_benchmark_pilot\known_visit_10target_300.csv,03,28,5,0,29,0,0,0,0,0,0.0,0,0,68,57,11,145,19,10,6.1178,0.61178,0.5991,1.1222,1.1222,4.0552,0.40552,0.39615,0.8837,0.8837,10,2.0625999999999998,0.20625999999999997,0.21325,0.2577,0.2577,completed
267,known_visit,HIPC,bernoulli,drop_0.25,19,361,4,10,hipc_h2_bernoulli_025,C:\Users\lottj\Desktop\research\decentralized benchmark\commitment-horizon-study\reference_core_benchmark_pilot\known_visit_10target_300.csv,00,25,3,1,23,3,1,0,0,0,0.0,0,0,59,51,8,95,14,10,4.4273,0.44272999999999996,0.47705,0.6419,0.6419,2.5219,0.25219,0.256,0.3956,0.3956,10,1.9054,0.19054,0.17635,0.2755,0.2755,completed
267,known_visit,HIPC,bernoulli,drop_0.25,19,361,4,10,hipc_h2_bernoulli_025,C:\Users\lottj\Desktop\research\decentralized benchmark\commitment-horizon-study\reference_core_benchmark_pilot\known_visit_10target_300.csv,01,10,3,0,11,0,0,0,0,0,0.0,0,0,30,22,8,120,18,53,17.6118,0.33229811320754715,0.3321,0.6667,1.0034,9.5492,0.1801735849056604,0.1532,0.4858,0.7392,53,8.0626,0.15212452830188677,0.1363,0.243,0.2644,completed
267,known_visit,HIPC,bernoulli,drop_0.25,19,361,4,10,hipc_h2_bernoulli_025,C:\Users\lottj\Desktop\research\decentralized benchmark\commitment-horizon-study\reference_core_benchmark_pilot\known_visit_10target_300.csv,02,20,3,0,21,0,1,0,0,0,0.0,0,0,53,42,11,95,19,23,9.0414,0.39310434782608694,0.1888,1.0066,1.2903,5.2965,0.23028260869565217,0.0729,0.8063,1.0124,23,3.7449,0.16282173913043477,0.1174,0.2779,0.3376,completed
267,known_visit,HIPC,bernoulli,drop_0.25,19,361,4,10,hipc_h2_bernoulli_025,C:\Users\lottj\Desktop\research\decentralized benchmark\commitment-horizon-study\reference_core_benchmark_pilot\known_visit_10target_300.csv,03,9,1,0,10,0,1,0,0,0,0.0,0,0,26,20,6,117,25,56,25.8492,0.46159285714285714,0.4335,0.7118,0.9704,16.3785,0.29247321428571427,0.2842,0.4663,0.7011,56,9.4707,0.16911964285714287,0.14915,0.257,0.2799,completed
268,known_visit,HIPC,bernoulli,drop_0.25,19,361,4,10,hipc_h2_bernoulli_025,C:\Users\lottj\Desktop\research\decentralized benchmark\commitment-horizon-study\reference_core_benchmark_pilot\known_visit_10target_300.csv,00,23,1,0,24,0,0,0,0,0,0.0,0,0,59,49,10,146,25,19,6.7593,0.3557526315789474,0.2872,0.8115,0.8115,3.887,0.20457894736842105,0.1344,0.6403,0.6403,19,2.8723,0.15117368421052632,0.1456,0.272,0.272,completed
268,known_visit,HIPC,bernoulli,drop_0.25,19,361,4,10,hipc_h2_bernoulli_025,C:\Users\lottj\Desktop\research\decentralized benchmark\commitment-horizon-study\reference_core_benchmark_pilot\known_visit_10target_300.csv,01,26,5,0,27,0,1,0,0,0,0.0,0,0,65,53,12,138,28,8,3.775,0.471875,0.39,0.95,0.95,2.5474,0.318425,0.2365,0.7339,0.7339,8,1.2276,0.15345,0.14534999999999998,0.2161,0.2161,completed
268,known_visit,HIPC,bernoulli,drop_0.25,19,361,4,10,hipc_h2_bernoulli_025,C:\Users\lottj\Desktop\research\decentralized benchmark\commitment-horizon-study\reference_core_benchmark_pilot\known_visit_10target_300.csv,02,15,1,1,14,2,2,0,0,0,0.0,0,0,43,33,10,160,27,47,24.8765,0.5292872340425532,0.4397,1.2966,1.3988,17.2749,0.3675510638297872,0.2894,1.0147,1.1217,47,7.6016,0.16173617021276596,0.1467,0.2811,0.2866,completed
268,known_visit,HIPC,bernoulli,drop_0.25,19,361,4,10,hipc_h2_bernoulli_025,C:\Users\lottj\Desktop\research\decentralized benchmark\commitment-horizon-study\reference_core_benchmark_pilot\known_visit_10target_300.csv,03,23,3,0,24,0,3,0,0,0,0.0,0,0,64,48,16,145,21,21,9.3249,0.44404285714285713,0.2711,0.9708,1.4065,5.8188,0.2770857142857143,0.1268,0.776,1.124,21,3.5061,0.16695714285714286,0.1437,0.2826,0.2836,completed
269,known_visit,HIPC,bernoulli,drop_0.25,19,361,4,10,hipc_h2_bernoulli_025,C:\Users\lottj\Desktop\research\decentralized benchmark\commitment-horizon-study\reference_core_benchmark_pilot\known_visit_10target_300.csv,00,16,1,1,15,2,1,0,0,0,0.0,0,0,45,35,10,121,18,18,8.1422,0.4523444444444445,0.4262,1.0859,1.0859,4.8314,0.26841111111111116,0.19545,0.8366,0.8366,18,3.3108,0.18393333333333334,0.1844,0.2897,0.2897,completed
269,known_visit,HIPC,bernoulli,drop_0.25,19,361,4,10,hipc_h2_bernoulli_025,C:\Users\lottj\Desktop\research\decentralized benchmark\commitment-horizon-study\reference_core_benchmark_pilot\known_visit_10target_300.csv,01,19,3,0,18,2,1,0,0,0,0.0,0,0,50,39,11,108,25,8,6.6395,0.8299375,0.7901499999999999,1.4617,1.4617,4.7317,0.5914625,0.56895,1.2036,1.2036,8,1.9078,0.238475,0.25325,0.3217,0.3217,completed
269,known_visit,HIPC,bernoulli,drop_0.25,19,361,4,10,hipc_h2_bernoulli_025,C:\Users\lottj\Desktop\research\decentralized benchmark\commitment-horizon-study\reference_core_benchmark_pilot\known_visit_10target_300.csv,02,19,4,0,20,0,0,0,0,0,0.0,0,0,46,39,7,118,20,8,5.713,0.714125,0.66235,1.5123,1.5123,3.9221,0.4902625,0.44525000000000003,1.253,1.253,8,1.7909,0.2238625,0.2475,0.2856,0.2856,completed
269,known_visit,HIPC,bernoulli,drop_0.25,19,361,4,10,hipc_h2_bernoulli_025,C:\Users\lottj\Desktop\research\decentralized benchmark\commitment-horizon-study\reference_core_benchmark_pilot\known_visit_10target_300.csv,03,17,2,0,18,0,1,0,0,0,0.0,0,0,43,36,7,115,26,14,6.5535,0.46810714285714283,0.37755,1.1332,1.1332,3.9687,0.2834785714285714,0.2111,0.8714,0.8714,14,2.5848,0.18462857142857142,0.16645,0.2648,0.2648,completed
270,known_visit,HIPC,bernoulli,drop_0.25,19,361,4,10,hipc_h2_bernoulli_025,C:\Users\lottj\Desktop\research\decentralized benchmark\commitment-horizon-study\reference_core_benchmark_pilot\known_visit_10target_300.csv,00,21,3,0,22,0,0,0,0,0,0.0,0,0,54,44,10,128,17,24,11.337,0.472375,0.3524,0.8942,1.6439,7.5100999999999996,0.3129208333333333,0.2112,0.625,1.3875,24,3.8269,0.15945416666666667,0.1403,0.2692,0.2762,completed
270,known_visit,HIPC,bernoulli,drop_0.25,19,361,4,10,hipc_h2_bernoulli_025,C:\Users\lottj\Desktop\research\decentralized benchmark\commitment-horizon-study\reference_core_benchmark_pilot\known_visit_10target_300.csv,01,26,4,0,26,1,1,0,0,0,0.0,0,0,64,53,11,123,13,8,5.9314,0.741425,0.74675,1.3378,1.3378,3.9912,0.4989,0.44995,1.0688,1.0688,8,1.9402,0.242525,0.24059999999999998,0.3691,0.3691,completed
270,known_visit,HIPC,bernoulli,drop_0.25,19,361,4,10,hipc_h2_bernoulli_025,C:\Users\lottj\Desktop\research\decentralized benchmark\commitment-horizon-study\reference_core_benchmark_pilot\known_visit_10target_300.csv,02,5,1,0,6,0,1,0,0,0,0.0,0,0,17,12,5,160,23,77,44.2657,0.5748792207792208,0.5489,1.0075,1.5817,28.6522,0.3721064935064935,0.3275,0.7062,1.3412,77,15.6135,0.20277272727272727,0.218,0.2634,0.3526,completed
270,known_visit,HIPC,bernoulli,drop_0.25,19,361,4,10,hipc_h2_bernoulli_025,C:\Users\lottj\Desktop\research\decentralized benchmark\commitment-horizon-study\reference_core_benchmark_pilot\known_visit_10target_300.csv,03,27,2,0,28,0,0,0,0,0,0.0,0,0,65,55,10,111,23,7,5.3034,0.7576285714285714,0.591,1.2494,1.2494,3.5221,0.5031571428571429,0.2944,1.0057,1.0057,7,1.7812999999999999,0.25447142857142857,0.2777,0.3208,0.3208,completed
271,known_visit,HIPC,bernoulli,drop_0.25,19,361,4,10,hipc_h2_bernoulli_025,C:\Users\lottj\Desktop\research\decentralized benchmark\commitment-horizon-study\reference_core_benchmark_pilot\known_visit_10target_300.csv,00,21,4,0,22,0,0,0,0,0,0.0,0,0,55,44,11,113,25,8,5.5934,0.699175,0.65035,1.2422,1.2422,3.7634,0.470425,0.40425,0.9538,0.9538,8,1.83,0.22875,0.22849999999999998,0.3061,0.3061,completed
271,known_visit,HIPC,bernoulli,drop_0.25,19,361,4,10,hipc_h2_bernoulli_025,C:\Users\lottj\Desktop\research\decentralized benchmark\commitment-horizon-study\reference_core_benchmark_pilot\known_visit_10target_300.csv,01,17,1,0,18,0,1,0,0,0,0.0,0,0,44,36,8,121,29,19,15.8367,0.8335105263157895,0.7057,1.6859,1.6859,12.0956,0.6366105263157894,0.549,1.4039,1.4039,19,3.7411,0.1969,0.1625,0.282,0.282,completed
271,known_visit,HIPC,bernoulli,drop_0.25,19,361,4,10,hipc_h2_bernoulli_025,C:\Users\lottj\Desktop\research\decentralized benchmark\commitment-horizon-study\reference_core_benchmark_pilot\known_visit_10target_300.csv,02,18,1,0,19,0,0,0,0,0,0.0,0,0,45,38,7,124,24,17,7.3209,0.43064117647058825,0.2287,1.6912,1.6912,4.586,0.26976470588235296,0.1059,1.3976,1.3976,17,2.7349,0.1608764705882353,0.1228,0.2936,0.2936,completed
271,known_visit,HIPC,bernoulli,drop_0.25,19,361,4,10,hipc_h2_bernoulli_025,C:\Users\lottj\Desktop\research\decentralized benchmark\commitment-horizon-study\reference_core_benchmark_pilot\known_visit_10target_300.csv,03,21,4,0,22,0,0,0,0,0,0.0,0,0,50,43,7,123,21,9,5.5096,0.6121777777777777,0.5029,1.1733,1.1733,3.5023,0.38914444444444446,0.2912,0.8978,0.8978,9,2.0073,0.2230333333333333,0.2293,0.3195,0.3195,completed
272,known_visit,HIPC,bernoulli,drop_0.25,19,361,4,10,hipc_h2_bernoulli_025,C:\Users\lottj\Desktop\research\decentralized benchmark\commitment-horizon-study\reference_core_benchmark_pilot\known_visit_10target_300.csv,00,20,2,1,20,1,0,0,0,0,0.0,0,0,49,42,7,114,18,8,5.9087,0.7385875,0.6718,1.1214,1.1214,4.1608,0.5201,0.45275,0.8526,0.8526,8,1.7479,0.2184875,0.20625,0.2688,0.2688,completed
272,known_visit,HIPC,bernoulli,drop_0.25,19,361,4,10,hipc_h2_bernoulli_025,C:\Users\lottj\Desktop\research\decentralized benchmark\commitment-horizon-study\reference_core_benchmark_pilot\known_visit_10target_300.csv,01,21,5,0,22,0,0,0,0,0,0.0,0,0,52,43,9,116,14,9,5.5643,0.6182555555555556,0.6361,0.9664,0.9664,3.6584000000000003,0.4064888888888889,0.3783,0.6936,0.6936,9,1.9059,0.21176666666666666,0.2011,0.2728,0.2728,completed
272,known_visit,HIPC,bernoulli,drop_0.25,19,361,4,10,hipc_h2_bernoulli_025,C:\Users\lottj\Desktop\research\decentralized benchmark\commitment-horizon-study\reference_core_benchmark_pilot\known_visit_10target_300.csv,02,19,2,0,20,0,2,0,0,0,0.0,0,0,50,40,10,109,22,13,6.3855,0.4911923076923077,0.4123,1.0183,1.0183,4.0073,0.30825384615384616,0.2108,0.8419,0.8419,13,2.3782,0.18293846153846155,0.1888,0.272,0.272,completed
272,known_visit,HIPC,bernoulli,drop_0.25,19,361,4,10,hipc_h2_bernoulli_025,C:\Users\lottj\Desktop\research\decentralized benchmark\commitment-horizon-study\reference_core_benchmark_pilot\known_visit_10target_300.csv,03,12,1,0,13,0,1,0,0,0,0.0,0,0,31,26,5,127,23,34,17.6822,0.520064705882353,0.42625,0.9457,1.6519,11.6778,0.34346470588235295,0.2174,0.6639,1.4784,34,6.0043999999999995,0.17659999999999998,0.18095,0.2754,0.2818,completed
273,known_visit,HIPC,bernoulli,drop_0.25,19,361,4,10,hipc_h2_bernoulli_025,C:\Users\lottj\Desktop\research\decentralized benchmark\commitment-horizon-study\reference_core_benchmark_pilot\known_visit_10target_300.csv,00,19,3,0,20,0,0,0,0,0,0.0,0,0,46,40,6,102,25,12,5.7321,0.477675,0.358,0.9048,0.9048,3.4071000000000002,0.28392500000000004,0.19805,0.6245,0.6245,12,2.325,0.19375,0.18285,0.2803,0.2803,completed
273,known_visit,HIPC,bernoulli,drop_0.25,19,361,4,10,hipc_h2_bernoulli_025,C:\Users\lottj\Desktop\research\decentralized benchmark\commitment-horizon-study\reference_core_benchmark_pilot\known_visit_10target_300.csv,01,21,4,0,22,0,0,0,0,0,0.0,0,0,50,43,7,109,15,6,4.5448,0.7574666666666667,0.60405,1.5395,1.5395,3.3266999999999998,0.55445,0.4309,1.2893,1.2893,6,1.2181,0.20301666666666665,0.18785000000000002,0.2535,0.2535,completed
273,known_visit,HIPC,bernoulli,drop_0.25,19,361,4,10,hipc_h2_bernoulli_025,C:\Users\lottj\Desktop\research\decentralized benchmark\commitment-horizon-study\reference_core_benchmark_pilot\known_visit_10target_300.csv,02,19,2,0,20,0,1,0,0,0,0.0,0,0,48,40,8,109,16,12,6.5691,0.5474249999999999,0.30610000000000004,1.524,1.524,4.2631,0.3552583333333333,0.13169999999999998,1.2777,1.2777,12,2.306,0.19216666666666668,0.177,0.2513,0.2513,completed
273,known_visit,HIPC,bernoulli,drop_0.25,19,361,4,10,hipc_h2_bernoulli_025,C:\Users\lottj\Desktop\research\decentralized benchmark\commitment-horizon-study\reference_core_benchmark_pilot\known_visit_10target_300.csv,03,11,1,0,12,0,0,0,0,0,0.0,0,0,30,24,6,125,18,38,25.0482,0.6591631578947369,0.64935,1.1841,1.2188,16.8151,0.44250263157894737,0.4239,0.8697,0.961,38,8.2331,0.21666052631578947,0.21805,0.2778,0.5134,completed
274,known_visit,HIPC,bernoulli,drop_0.25,19,361,4,10,hipc_h2_bernoulli_025,C:\Users\lottj\Desktop\research\decentralized benchmark\commitment-horizon-study\reference_core_benchmark_pilot\known_visit_10target_300.csv,00,10,0,0,9,2,1,0,0,0,0.0,0,0,29,22,7,148,24,60,28.7574,0.47929,0.4113,0.665,1.3388,16.2278,0.27046333333333333,0.21710000000000002,0.4451,1.0401,60,12.5296,0.20882666666666666,0.2016,0.2555,0.2987,completed
274,known_visit,HIPC,bernoulli,drop_0.25,19,361,4,10,hipc_h2_bernoulli_025,C:\Users\lottj\Desktop\research\decentralized benchmark\commitment-horizon-study\reference_core_benchmark_pilot\known_visit_10target_300.csv,01,26,5,0,27,0,1,0,0,0,0.0,0,0,65,54,11,118,19,8,7.0184,0.8773,0.8407,1.6038,1.6038,5.0383,0.6297875,0.56835,1.3081,1.3081,8,1.9801,0.2475125,0.23835,0.3041,0.3041,completed
274,known_visit,HIPC,bernoulli,drop_0.25,19,361,4,10,hipc_h2_bernoulli_025,C:\Users\lottj\Desktop\research\decentralized benchmark\commitment-horizon-study\reference_core_benchmark_pilot\known_visit_10target_300.csv,02,26,2,0,18,9,1,0,0,0,0.0,0,0,61,53,8,121,19,7,5.059,0.7227142857142858,0.7083,1.2626,1.2626,3.2729,0.46755714285714284,0.4599,0.9669,0.9669,7,1.7861,0.25515714285714286,0.2484,0.2957,0.2957,completed
274,known_visit,HIPC,bernoulli,drop_0.25,19,361,4,10,hipc_h2_bernoulli_025,C:\Users\lottj\Desktop\research\decentralized benchmark\commitment-horizon-study\reference_core_benchmark_pilot\known_visit_10target_300.csv,03,19,3,0,20,0,0,0,0,0,0.0,0,0,47,40,7,138,16,32,13.0551,0.407971875,0.304,0.9761,1.1445,6.4398,0.20124375,0.113,0.7019,0.8517,32,6.6152999999999995,0.20672812499999998,0.19055,0.2928,0.3021,completed
275,known_visit,HIPC,bernoulli,drop_0.25,19,361,4,10,hipc_h2_bernoulli_025,C:\Users\lottj\Desktop\research\decentralized benchmark\commitment-horizon-study\reference_core_benchmark_pilot\known_visit_10target_300.csv,00,21,3,0,22,0,0,0,0,0,0.0,0,0,51,43,8,95,26,6,4.2095,0.7015833333333333,0.45994999999999997,1.6119,1.6119,2.9669,0.49448333333333333,0.31295,1.3545,1.3545,6,1.2426,0.20709999999999998,0.2123,0.2666,0.2666,completed
275,known_visit,HIPC,bernoulli,drop_0.25,19,361,4,10,hipc_h2_bernoulli_025,C:\Users\lottj\Desktop\research\decentralized benchmark\commitment-horizon-study\reference_core_benchmark_pilot\known_visit_10target_300.csv,01,4,1,0,5,0,0,0,0,0,0.0,0,0,14,10,4,137,21,60,26.5352,0.44225333333333333,0.41490000000000005,0.7956,1.3422,16.7097,0.27849500000000005,0.2231,0.5621,1.0628,60,9.8255,0.16375833333333334,0.1422,0.2375,0.4122,completed
275,known_visit,HIPC,bernoulli,drop_0.25,19,361,4,10,hipc_h2_bernoulli_025,C:\Users\lottj\Desktop\research\decentralized benchmark\commitment-horizon-study\reference_core_benchmark_pilot\known_visit_10target_300.csv,02,21,3,0,22,0,2,0,0,0,0.0,0,0,56,43,13,101,15,8,5.7878,0.723475,0.6670499999999999,1.3175,1.3175,4.1926,0.524075,0.46209999999999996,1.065,1.065,8,1.5952,0.1994,0.21405000000000002,0.2525,0.2525,completed
275,known_visit,HIPC,bernoulli,drop_0.25,19,361,4,10,hipc_h2_bernoulli_025,C:\Users\lottj\Desktop\research\decentralized benchmark\commitment-horizon-study\reference_core_benchmark_pilot\known_visit_10target_300.csv,03,21,3,0,22,0,0,0,0,0,0.0,0,0,51,43,8,104,16,7,4.7607,0.6801,0.5604,1.2852,1.2852,3.3756,0.4822285714285714,0.3365,1.0355,1.0355,7,1.3851,0.19787142857142856,0.2096,0.2535,0.2535,completed
276,known_visit,HIPC,bernoulli,drop_0.25,19,361,4,10,hipc_h2_bernoulli_025,C:\Users\lottj\Desktop\research\decentralized benchmark\commitment-horizon-study\reference_core_benchmark_pilot\known_visit_10target_300.csv,00,26,3,0,27,0,0,0,0,0,0.0,0,0,58,53,5,80,18,9,5.0132,0.5570222222222223,0.5162,0.9623,0.9623,3.1011,0.3445666666666667,0.3572,0.7138,0.7138,9,1.9121,0.21245555555555554,0.2186,0.2493,0.2493,completed
276,known_visit,HIPC,bernoulli,drop_0.25,19,361,4,10,hipc_h2_bernoulli_025,C:\Users\lottj\Desktop\research\decentralized benchmark\commitment-horizon-study\reference_core_benchmark_pilot\known_visit_10target_300.csv,01,6,1,0,7,0,0,0,0,0,0.0,0,0,22,14,8,112,22,71,44.576,0.6278309859154929,0.5705,0.9998,1.2256,29.8281,0.42011408450704224,0.3441,0.7603,0.9683,71,14.7479,0.2077169014084507,0.2198,0.2573,0.2735,completed
276,known_visit,HIPC,bernoulli,drop_0.25,19,361,4,10,hipc_h2_bernoulli_025,C:\Users\lottj\Desktop\research\decentralized benchmark\commitment-horizon-study\reference_core_benchmark_pilot\known_visit_10target_300.csv,02,11,1,0,12,0,0,0,0,0,0.0,0,0,28,24,4,109,18,54,20.4654,0.3789888888888889,0.35495,0.8155,1.0803,10.1142,0.1873,0.1494,0.5651,0.8188,54,10.3512,0.1916888888888889,0.201,0.2549,0.2615,completed
276,known_visit,HIPC,bernoulli,drop_0.25,19,361,4,10,hipc_h2_bernoulli_025,C:\Users\lottj\Desktop\research\decentralized benchmark\commitment-horizon-study\reference_core_benchmark_pilot\known_visit_10target_300.csv,03,18,5,0,19,0,0,0,0,0,0.0,0,0,48,38,10,86,21,33,17.265,0.5231818181818182,0.4565,1.1512,1.2025,10.0994,0.3060424242424242,0.2376,0.9105,0.9554,33,7.1656,0.21713939393939397,0.218,0.267,0.267,completed
277,known_visit,HIPC,bernoulli,drop_0.25,19,361,4,10,hipc_h2_bernoulli_025,C:\Users\lottj\Desktop\research\decentralized benchmark\commitment-horizon-study\reference_core_benchmark_pilot\known_visit_10target_300.csv,00,17,2,0,18,0,2,0,0,0,0.0,0,0,45,36,9,100,16,12,5.7347,0.47789166666666666,0.3071,1.1488,1.1488,3.7273,0.3106083333333333,0.1684,0.909,0.909,12,2.0074,0.16728333333333334,0.15134999999999998,0.2466,0.2466,completed
277,known_visit,HIPC,bernoulli,drop_0.25,19,361,4,10,hipc_h2_bernoulli_025,C:\Users\lottj\Desktop\research\decentralized benchmark\commitment-horizon-study\reference_core_benchmark_pilot\known_visit_10target_300.csv,01,15,3,0,16,0,1,0,0,0,0.0,0,0,44,32,12,100,18,16,8.2371,0.51481875,0.41500000000000004,1.2401,1.2401,5.5792,0.3487,0.2724,0.9848,0.9848,16,2.6579,0.16611875,0.14715,0.2877,0.2877,completed
277,known_visit,HIPC,bernoulli,drop_0.25,19,361,4,10,hipc_h2_bernoulli_025,C:\Users\lottj\Desktop\research\decentralized benchmark\commitment-horizon-study\reference_core_benchmark_pilot\known_visit_10target_300.csv,02,10,3,0,11,0,0,0,0,0,0.0,0,0,31,22,9,113,17,32,15.187,0.47459375,0.4795,0.745,0.9491,10.0784,0.31495,0.29669999999999996,0.504,0.7087,32,5.1086,0.15964375,0.1504,0.241,0.2619,completed
277,known_visit,HIPC,bernoulli,drop_0.25,19,361,4,10,hipc_h2_bernoulli_025,C:\Users\lottj\Desktop\research\decentralized benchmark\commitment-horizon-study\reference_core_benchmark_pilot\known_visit_10target_300.csv,03,19,2,0,20,0,0,0,0,0,0.0,0,0,42,39,3,103,17,6,3.3237,0.55395,0.4099,1.1695,1.1695,2.2448,0.3741333333333334,0.2559,0.9295,0.9295,6,1.0789,0.17981666666666665,0.154,0.2584,0.2584,completed
278,known_visit,HIPC,bernoulli,drop_0.25,19,361,4,10,hipc_h2_bernoulli_025,C:\Users\lottj\Desktop\research\decentralized benchmark\commitment-horizon-study\reference_core_benchmark_pilot\known_visit_10target_300.csv,00,14,3,0,15,0,0,0,0,0,0.0,0,0,40,30,10,152,34,67,23.9955,0.3581417910447761,0.3387,0.6461,1.1695,12.556,0.18740298507462685,0.1532,0.3969,0.9193,67,11.4395,0.17073880597014926,0.1823,0.2492,0.312,completed
278,known_visit,HIPC,bernoulli,drop_0.25,19,361,4,10,hipc_h2_bernoulli_025,C:\Users\lottj\Desktop\research\decentralized benchmark\commitment-horizon-study\reference_core_benchmark_pilot\known_visit_10target_300.csv,01,32,3,0,33,0,1,0,0,0,0.0,0,0,72,65,7,137,18,10,7.6415,0.76415,0.7366999999999999,1.2377,1.2377,5.4616,0.54616,0.49285,0.9933,0.9933,10,2.1799,0.21799,0.22954999999999998,0.2618,0.2618,completed
278,known_visit,HIPC,bernoulli,drop_0.25,19,361,4,10,hipc_h2_bernoulli_025,C:\Users\lottj\Desktop\research\decentralized benchmark\commitment-horizon-study\reference_core_benchmark_pilot\known_visit_10target_300.csv,02,31,2,1,30,2,0,0,0,0,0.0,0,0,71,63,8,132,23,7,4.8784,0.6969142857142857,0.7344,0.8808,0.8808,3.2715,0.46735714285714286,0.5091,0.6308,0.6308,7,1.6069,0.22955714285714285,0.238,0.25,0.25,completed
278,known_visit,HIPC,bernoulli,drop_0.25,19,361,4,10,hipc_h2_bernoulli_025,C:\Users\lottj\Desktop\research\decentralized benchmark\commitment-horizon-study\reference_core_benchmark_pilot\known_visit_10target_300.csv,03,17,2,1,13,5,1,0,0,0,0.0,0,0,44,37,7,158,24,57,22.7946,0.3999052631578947,0.3942,0.8761,1.5457,13.0015,0.2280964912280702,0.2075,0.649,1.2956,57,9.7931,0.17180877192982458,0.1886,0.2501,0.2986,completed
279,known_visit,HIPC,bernoulli,drop_0.25,19,361,4,10,hipc_h2_bernoulli_025,C:\Users\lottj\Desktop\research\decentralized benchmark\commitment-horizon-study\reference_core_benchmark_pilot\known_visit_10target_300.csv,00,13,2,0,14,0,0,0,0,0,0.0,0,0,32,28,4,138,21,31,11.7046,0.37756774193548387,0.3924,0.5953,0.6252,5.8984,0.19027096774193547,0.1834,0.3518,0.3539,31,5.8062,0.18729677419354837,0.1953,0.262,0.2754,completed
279,known_visit,HIPC,bernoulli,drop_0.25,19,361,4,10,hipc_h2_bernoulli_025,C:\Users\lottj\Desktop\research\decentralized benchmark\commitment-horizon-study\reference_core_benchmark_pilot\known_visit_10target_300.csv,01,20,2,2,18,3,2,1,1,0,0.0,0,0,52,41,11,118,22,10,6.385,0.6385,0.54705,1.1666,1.1666,4.0631,0.40631000000000006,0.30175,0.9215,0.9215,10,2.3219000000000003,0.23219000000000004,0.23320000000000002,0.2911,0.2911,completed
279,known_visit,HIPC,bernoulli,drop_0.25,19,361,4,10,hipc_h2_bernoulli_025,C:\Users\lottj\Desktop\research\decentralized benchmark\commitment-horizon-study\reference_core_benchmark_pilot\known_visit_10target_300.csv,02,19,2,2,17,3,1,3,3,0,0.0,0,0,55,40,15,113,23,10,6.1086,0.61086,0.5477000000000001,1.0659,1.0659,3.8887,0.38887,0.3228,0.7844,0.7844,10,2.2199,0.22199,0.2344,0.3003,0.3003,completed
279,known_visit,HIPC,bernoulli,drop_0.25,19,361,4,10,hipc_h2_bernoulli_025,C:\Users\lottj\Desktop\research\decentralized benchmark\commitment-horizon-study\reference_core_benchmark_pilot\known_visit_10target_300.csv,03,21,4,0,21,1,0,0,0,0,0.0,0,0,53,43,10,106,33,10,7.9363,0.7936300000000001,0.6930000000000001,1.4897,1.4897,5.6249,0.56249,0.4537,1.1995,1.1995,10,2.3114,0.23113999999999998,0.24495,0.2954,0.2954,completed
280,known_visit,HIPC,bernoulli,drop_0.25,19,361,4,10,hipc_h2_bernoulli_025,C:\Users\lottj\Desktop\research\decentralized benchmark\commitment-horizon-study\reference_core_benchmark_pilot\known_visit_10target_300.csv,00,22,3,0,23,0,0,0,0,0,0.0,0,0,51,45,6,142,19,7,4.4741,0.6391571428571429,0.588,1.155,1.155,3.3082,0.47259999999999996,0.4091,0.983,0.983,7,1.1659,0.16655714285714285,0.1532,0.2484,0.2484,completed
280,known_visit,HIPC,bernoulli,drop_0.25,19,361,4,10,hipc_h2_bernoulli_025,C:\Users\lottj\Desktop\research\decentralized benchmark\commitment-horizon-study\reference_core_benchmark_pilot\known_visit_10target_300.csv,01,21,1,0,22,0,3,1,1,0,0.0,0,0,58,45,13,123,30,10,5.5434,0.55434,0.5100499999999999,0.9511,0.9511,4.0235,0.40235000000000004,0.3646,0.7747,0.7747,10,1.5199,0.15199000000000001,0.1459,0.1908,0.1908,completed
280,known_visit,HIPC,bernoulli,drop_0.25,19,361,4,10,hipc_h2_bernoulli_025,C:\Users\lottj\Desktop\research\decentralized benchmark\commitment-horizon-study\reference_core_benchmark_pilot\known_visit_10target_300.csv,02,20,2,0,21,0,0,0,0,0,0.0,0,0,51,42,9,138,22,14,7.0725999999999996,0.5051857142857142,0.39415,1.2761,1.2761,4.8706000000000005,0.34790000000000004,0.25765000000000005,1.0817,1.0817,14,2.202,0.15728571428571428,0.13905,0.2413,0.2413,completed
280,known_visit,HIPC,bernoulli,drop_0.25,19,361,4,10,hipc_h2_bernoulli_025,C:\Users\lottj\Desktop\research\decentralized benchmark\commitment-horizon-study\reference_core_benchmark_pilot\known_visit_10target_300.csv,03,20,4,0,21,0,0,0,0,0,0.0,0,0,52,42,10,138,21,13,5.6649,0.4357615384615385,0.3908,0.9106,0.9106,3.5456,0.27273846153846154,0.1942,0.6133,0.6133,13,2.1193,0.1630230769230769,0.1535,0.2973,0.2973,completed
281,known_visit,HIPC,bernoulli,drop_0.25,19,361,4,10,hipc_h2_bernoulli_025,C:\Users\lottj\Desktop\research\decentralized benchmark\commitment-horizon-study\reference_core_benchmark_pilot\known_visit_10target_300.csv,00,21,4,0,22,0,0,0,0,0,0.0,0,0,50,43,7,98,14,8,3.7536,0.4692,0.3974,0.6841,0.6841,2.4979999999999998,0.31224999999999997,0.23085,0.5208,0.5208,8,1.2556,0.15695,0.15645,0.207,0.207,completed
281,known_visit,HIPC,bernoulli,drop_0.25,19,361,4,10,hipc_h2_bernoulli_025,C:\Users\lottj\Desktop\research\decentralized benchmark\commitment-horizon-study\reference_core_benchmark_pilot\known_visit_10target_300.csv,01,16,3,0,17,0,0,0,0,0,0.0,0,0,43,34,9,102,16,27,10.1137,0.37458148148148146,0.3267,0.7162,1.1803,5.2863,0.19578888888888887,0.1514,0.5449,0.9309,27,4.8274,0.1787925925925926,0.196,0.226,0.2494,completed
281,known_visit,HIPC,bernoulli,drop_0.25,19,361,4,10,hipc_h2_bernoulli_025,C:\Users\lottj\Desktop\research\decentralized benchmark\commitment-horizon-study\reference_core_benchmark_pilot\known_visit_10target_300.csv,02,19,2,0,20,0,3,0,0,0,0.0,0,0,51,40,11,91,19,15,9.311,0.6207333333333334,0.5109,1.4509,1.4509,6.33,0.422,0.3296,1.1898,1.1898,15,2.981,0.19873333333333332,0.2032,0.2729,0.2729,completed
281,known_visit,HIPC,bernoulli,drop_0.25,19,361,4,10,hipc_h2_bernoulli_025,C:\Users\lottj\Desktop\research\decentralized benchmark\commitment-horizon-study\reference_core_benchmark_pilot\known_visit_10target_300.csv,03,6,1,0,7,0,0,0,0,0,0.0,0,0,18,14,4,133,11,57,23.515,0.4125438596491228,0.347,0.8262,1.1413,14.2746,0.2504315789473684,0.1581,0.5644,0.9886,57,9.2404,0.16211228070175437,0.1528,0.2426,0.2618,completed
282,known_visit,HIPC,bernoulli,drop_0.25,19,361,4,10,hipc_h2_bernoulli_025,C:\Users\lottj\Desktop\research\decentralized benchmark\commitment-horizon-study\reference_core_benchmark_pilot\known_visit_10target_300.csv,00,26,4,0,27,0,0,0,0,0,0.0,0,0,61,53,8,85,17,6,4.5746,0.7624333333333334,0.7678,1.12,1.12,3.3736,0.5622666666666667,0.5472,0.9134,0.9134,6,1.201,0.2001666666666667,0.17195,0.2876,0.2876,completed
282,known_visit,HIPC,bernoulli,drop_0.25,19,361,4,10,hipc_h2_bernoulli_025,C:\Users\lottj\Desktop\research\decentralized benchmark\commitment-horizon-study\reference_core_benchmark_pilot\known_visit_10target_300.csv,01,15,2,0,16,0,0,0,0,0,0.0,0,0,36,32,4,107,20,44,14.8683,0.3379159090909091,0.28985,0.6313,1.649,7.7198,0.17545,0.1208,0.4425,1.3794,44,7.1485,0.1624659090909091,0.17295,0.2348,0.2696,completed
282,known_visit,HIPC,bernoulli,drop_0.25,19,361,4,10,hipc_h2_bernoulli_025,C:\Users\lottj\Desktop\research\decentralized benchmark\commitment-horizon-study\reference_core_benchmark_pilot\known_visit_10target_300.csv,02,11,2,0,12,0,0,0,0,0,0.0,0,0,34,25,9,110,18,54,25.1892,0.46646666666666664,0.39339999999999997,1.0393,1.2249,15.432500000000001,0.28578703703703706,0.20775,0.8046,1.0032,54,9.7567,0.18067962962962963,0.18745,0.2472,0.2587,completed
282,known_visit,HIPC,bernoulli,drop_0.25,19,361,4,10,hipc_h2_bernoulli_025,C:\Users\lottj\Desktop\research\decentralized benchmark\commitment-horizon-study\reference_core_benchmark_pilot\known_visit_10target_300.csv,03,12,2,0,13,0,0,0,0,0,0.0,0,0,32,26,6,114,16,52,17.8127,0.34255192307692306,0.31805,0.6659,1.0799,9.106,0.17511538461538462,0.14145,0.4333,0.8371,52,8.7067,0.16743653846153844,0.174,0.2428,0.2965,completed
283,known_visit,HIPC,bernoulli,drop_0.25,19,361,4,10,hipc_h2_bernoulli_025,C:\Users\lottj\Desktop\research\decentralized benchmark\commitment-horizon-study\reference_core_benchmark_pilot\known_visit_10target_300.csv,00,8,2,0,9,0,0,0,0,0,0.0,0,0,22,18,4,125,22,46,26.1397,0.568254347826087,0.5028,0.9174,1.6726,15.9362,0.3464391304347826,0.2778,0.654,1.4285,46,10.2035,0.22181521739130436,0.22294999999999998,0.2679,0.3755,completed
283,known_visit,HIPC,bernoulli,drop_0.25,19,361,4,10,hipc_h2_bernoulli_025,C:\Users\lottj\Desktop\research\decentralized benchmark\commitment-horizon-study\reference_core_benchmark_pilot\known_visit_10target_300.csv,01,21,4,0,22,0,1,0,0,0,0.0,0,0,50,43,7,103,17,9,7.2304,0.8033777777777779,0.6012,1.7215,1.7215,5.1878,0.5764222222222223,0.3443,1.4678,1.4678,9,2.0425999999999997,0.22695555555555552,0.2537,0.2865,0.2865,completed
283,known_visit,HIPC,bernoulli,drop_0.25,19,361,4,10,hipc_h2_bernoulli_025,C:\Users\lottj\Desktop\research\decentralized benchmark\commitment-horizon-study\reference_core_benchmark_pilot\known_visit_10target_300.csv,02,18,2,0,19,0,0,0,0,0,0.0,0,0,50,38,12,101,18,15,10.225,0.6816666666666666,0.7034,1.2495,1.2495,6.7662,0.45108000000000004,0.4538,0.9627,0.9627,15,3.4588,0.23058666666666666,0.2497,0.2976,0.2976,completed
283,known_visit,HIPC,bernoulli,drop_0.25,19,361,4,10,hipc_h2_bernoulli_025,C:\Users\lottj\Desktop\research\decentralized benchmark\commitment-horizon-study\reference_core_benchmark_pilot\known_visit_10target_300.csv,03,20,2,0,21,0,0,0,0,0,0.0,0,0,48,41,7,105,17,7,5.9465,0.8495,0.9668,1.1428,1.1428,4.2639000000000005,0.6091285714285715,0.6661,0.8787,0.8787,7,1.6826,0.2403714285714286,0.2631,0.3007,0.3007,completed
284,known_visit,HIPC,bernoulli,drop_0.25,19,361,4,10,hipc_h2_bernoulli_025,C:\Users\lottj\Desktop\research\decentralized benchmark\commitment-horizon-study\reference_core_benchmark_pilot\known_visit_10target_300.csv,00,14,3,0,15,0,0,0,0,0,0.0,0,0,36,30,6,84,19,39,14.5389,0.3727923076923077,0.3476,0.9101,1.0383,7.7537,0.1988128205128205,0.15,0.663,0.7977,39,6.7852,0.17397948717948716,0.1935,0.2523,0.2629,completed
284,known_visit,HIPC,bernoulli,drop_0.25,19,361,4,10,hipc_h2_bernoulli_025,C:\Users\lottj\Desktop\research\decentralized benchmark\commitment-horizon-study\reference_core_benchmark_pilot\known_visit_10target_300.csv,01,7,1,0,8,0,0,0,0,0,0.0,0,0,23,16,7,101,15,63,22.5852,0.3584952380952381,0.2932,0.6669,1.0985,11.962299999999999,0.18987777777777776,0.1432,0.4457,0.825,63,10.6229,0.1686174603174603,0.1442,0.2503,0.3372,completed
284,known_visit,HIPC,bernoulli,drop_0.25,19,361,4,10,hipc_h2_bernoulli_025,C:\Users\lottj\Desktop\research\decentralized benchmark\commitment-horizon-study\reference_core_benchmark_pilot\known_visit_10target_300.csv,02,24,4,0,25,0,0,0,0,0,0.0,0,0,56,49,7,71,12,10,5.8827,0.58827,0.5157,1.3617,1.3617,3.7478,0.37478,0.294,1.053,1.053,10,2.1349,0.21349,0.22345,0.3087,0.3087,completed
284,known_visit,HIPC,bernoulli,drop_0.25,19,361,4,10,hipc_h2_bernoulli_025,C:\Users\lottj\Desktop\research\decentralized benchmark\commitment-horizon-study\reference_core_benchmark_pilot\known_visit_10target_300.csv,03,9,2,0,10,0,0,0,0,0,0.0,0,0,24,20,4,98,16,54,24.6166,0.4558629629629629,0.42195,0.8067,1.5816,15.197,0.2814259259259259,0.2294,0.5614,1.3401,54,9.419599999999999,0.17443703703703703,0.15825,0.2446,0.2675,completed
285,known_visit,HIPC,bernoulli,drop_0.25,19,361,4,10,hipc_h2_bernoulli_025,C:\Users\lottj\Desktop\research\decentralized benchmark\commitment-horizon-study\reference_core_benchmark_pilot\known_visit_10target_300.csv,00,15,2,0,16,0,0,0,0,0,0.0,0,0,39,33,6,132,30,30,20.1953,0.6731766666666666,0.6697500000000001,0.9008,1.1553,13.3382,0.4446066666666667,0.43579999999999997,0.6179,0.8812,30,6.8571,0.22857,0.22935,0.2899,0.2925,completed
285,known_visit,HIPC,bernoulli,drop_0.25,19,361,4,10,hipc_h2_bernoulli_025,C:\Users\lottj\Desktop\research\decentralized benchmark\commitment-horizon-study\reference_core_benchmark_pilot\known_visit_10target_300.csv,01,23,3,0,24,0,0,0,0,0,0.0,0,0,52,47,5,134,16,8,5.2625,0.6578125,0.66145,1.0313,1.0313,3.4011,0.4251375,0.4118,0.8674,0.8674,8,1.8614,0.232675,0.22905,0.3628,0.3628,completed
285,known_visit,HIPC,bernoulli,drop_0.25,19,361,4,10,hipc_h2_bernoulli_025,C:\Users\lottj\Desktop\research\decentralized benchmark\commitment-horizon-study\reference_core_benchmark_pilot\known_visit_10target_300.csv,02,22,2,1,15,8,1,0,0,0,0.0,0,0,58,45,13,121,22,8,5.5107,0.6888375,0.48314999999999997,1.318,1.318,3.8095,0.4761875,0.3282,1.0327,1.0327,8,1.7012,0.21265,0.21095,0.2853,0.2853,completed
285,known_visit,HIPC,bernoulli,drop_0.25,19,361,4,10,hipc_h2_bernoulli_025,C:\Users\lottj\Desktop\research\decentralized benchmark\commitment-horizon-study\reference_core_benchmark_pilot\known_visit_10target_300.csv,03,20,3,0,21,0,2,0,0,0,0.0,0,0,53,42,11,130,19,15,9.3427,0.6228466666666667,0.4803,1.2612,1.2612,6.3899,0.42599333333333333,0.2805,0.9914,0.9914,15,2.9528,0.19685333333333332,0.1863,0.2711,0.2711,completed
286,known_visit,HIPC,bernoulli,drop_0.25,19,361,4,10,hipc_h2_bernoulli_025,C:\Users\lottj\Desktop\research\decentralized benchmark\commitment-horizon-study\reference_core_benchmark_pilot\known_visit_10target_300.csv,00,17,1,0,18,0,2,0,0,0,0.0,0,0,45,36,9,131,29,28,11.6099,0.4146392857142857,0.34145000000000003,0.745,1.0761,7.1364,0.2548714285714286,0.20579999999999998,0.5806,0.9117,28,4.4735,0.15976785714285713,0.13674999999999998,0.2283,0.2573,completed
286,known_visit,HIPC,bernoulli,drop_0.25,19,361,4,10,hipc_h2_bernoulli_025,C:\Users\lottj\Desktop\research\decentralized benchmark\commitment-horizon-study\reference_core_benchmark_pilot\known_visit_10target_300.csv,01,23,4,0,24,0,0,0,0,0,0.0,0,0,59,47,12,123,24,9,4.6506,0.5167333333333333,0.5586,0.8096,0.8096,3.16,0.35111111111111115,0.2977,0.6408,0.6408,9,1.4906,0.16562222222222223,0.1586,0.2609,0.2609,completed
286,known_visit,HIPC,bernoulli,drop_0.25,19,361,4,10,hipc_h2_bernoulli_025,C:\Users\lottj\Desktop\research\decentralized benchmark\commitment-horizon-study\reference_core_benchmark_pilot\known_visit_10target_300.csv,02,20,2,0,21,0,2,0,0,0,0.0,0,0,55,42,13,133,17,21,7.6611,0.3648142857142857,0.3245,0.7206,1.0814,4.6428,0.2210857142857143,0.1326,0.479,0.9213,21,3.0183,0.14372857142857143,0.1336,0.1919,0.2416,completed
286,known_visit,HIPC,bernoulli,drop_0.25,19,361,4,10,hipc_h2_bernoulli_025,C:\Users\lottj\Desktop\research\decentralized benchmark\commitment-horizon-study\reference_core_benchmark_pilot\known_visit_10target_300.csv,03,18,3,0,19,0,0,0,0,0,0.0,0,0,47,38,9,131,27,21,7.7929,0.3710904761904762,0.287,0.6549,0.7597,4.4862,0.21362857142857145,0.1539,0.4928,0.5875,21,3.3067,0.15746190476190478,0.1342,0.2262,0.2292,completed
287,known_visit,HIPC,bernoulli,drop_0.25,19,361,4,10,hipc_h2_bernoulli_025,C:\Users\lottj\Desktop\research\decentralized benchmark\commitment-horizon-study\reference_core_benchmark_pilot\known_visit_10target_300.csv,00,22,5,0,23,0,0,0,0,0,0.0,0,0,54,45,9,120,21,9,4.6186,0.5131777777777777,0.3461,1.5315,1.5315,3.1966,0.3551777777777778,0.1999,1.276,1.276,9,1.422,0.158,0.141,0.2555,0.2555,completed
287,known_visit,HIPC,bernoulli,drop_0.25,19,361,4,10,hipc_h2_bernoulli_025,C:\Users\lottj\Desktop\research\decentralized benchmark\commitment-horizon-study\reference_core_benchmark_pilot\known_visit_10target_300.csv,01,21,2,0,22,0,1,1,1,0,0.0,0,0,55,44,11,114,26,7,4.6506,0.6643714285714285,0.6027,1.2579,1.2579,3.3605,0.4800714285714286,0.4492,1.0186,1.0186,7,1.2901,0.1843,0.1655,0.2636,0.2636,completed
287,known_visit,HIPC,bernoulli,drop_0.25,19,361,4,10,hipc_h2_bernoulli_025,C:\Users\lottj\Desktop\research\decentralized benchmark\commitment-horizon-study\reference_core_benchmark_pilot\known_visit_10target_300.csv,02,20,2,0,21,0,0,0,0,0,0.0,0,0,52,42,10,122,20,11,5.3351,0.4850090909090909,0.2815,1.5321,1.5321,3.5883,0.3262090909090909,0.1191,1.2786,1.2786,11,1.7468,0.1588,0.1515,0.2535,0.2535,completed
287,known_visit,HIPC,bernoulli,drop_0.25,19,361,4,10,hipc_h2_bernoulli_025,C:\Users\lottj\Desktop\research\decentralized benchmark\commitment-horizon-study\reference_core_benchmark_pilot\known_visit_10target_300.csv,03,13,1,1,12,2,1,0,0,0,0.0,0,0,34,29,5,131,30,33,15.7573,0.4774939393939394,0.4684,0.8186,1.5894,10.6969,0.32414848484848485,0.3202,0.5715,1.3414,33,5.0604,0.15334545454545453,0.1398,0.2471,0.248,completed
288,known_visit,HIPC,bernoulli,drop_0.25,19,361,4,10,hipc_h2_bernoulli_025,C:\Users\lottj\Desktop\research\decentralized benchmark\commitment-horizon-study\reference_core_benchmark_pilot\known_visit_10target_300.csv,00,35,5,0,35,1,0,0,0,0,0.0,0,0,83,71,12,159,29,8,4.8092,0.60115,0.61085,0.8368,0.8368,2.9611,0.3701375,0.3638,0.5723,0.5723,8,1.8481,0.2310125,0.24230000000000002,0.2645,0.2645,completed
288,known_visit,HIPC,bernoulli,drop_0.25,19,361,4,10,hipc_h2_bernoulli_025,C:\Users\lottj\Desktop\research\decentralized benchmark\commitment-horizon-study\reference_core_benchmark_pilot\known_visit_10target_300.csv,01,27,1,1,25,3,1,9,7,1,5.0,1,0,73,60,13,165,32,32,13.7569,0.429903125,0.33835,1.4094,1.4688,8.1534,0.25479375,0.1451,1.1626,1.237,32,5.6035,0.175109375,0.19105,0.2566,0.2653,completed
288,known_visit,HIPC,bernoulli,drop_0.25,19,361,4,10,hipc_h2_bernoulli_025,C:\Users\lottj\Desktop\research\decentralized benchmark\commitment-horizon-study\reference_core_benchmark_pilot\known_visit_10target_300.csv,02,19,3,0,20,0,1,0,0,0,0.0,0,0,52,40,12,193,25,63,21.1866,0.3362952380952381,0.3258,0.6137,1.4855,9.8181,0.15584285714285714,0.1297,0.3404,1.2457,63,11.3685,0.18045238095238095,0.1918,0.2398,0.304,completed
288,known_visit,HIPC,bernoulli,drop_0.25,19,361,4,10,hipc_h2_bernoulli_025,C:\Users\lottj\Desktop\research\decentralized benchmark\commitment-horizon-study\reference_core_benchmark_pilot\known_visit_10target_300.csv,03,24,1,0,24,1,1,6,1,2,20.0,2,0,63,50,13,175,33,44,16.3624,0.3718727272727273,0.38985000000000003,0.6419,0.9423,8.0842,0.18373181818181816,0.18059999999999998,0.3622,0.7101,44,8.2782,0.18814090909090908,0.20955000000000001,0.2357,0.3157,completed
289,known_visit,HIPC,bernoulli,drop_0.25,19,361,4,10,hipc_h2_bernoulli_025,C:\Users\lottj\Desktop\research\decentralized benchmark\commitment-horizon-study\reference_core_benchmark_pilot\known_visit_10target_300.csv,00,23,3,0,24,0,0,0,0,0,0.0,0,0,52,47,5,136,21,8,4.1688,0.5211,0.46215000000000006,0.8831,0.8831,2.641,0.330125,0.26185,0.6429,0.6429,8,1.5278,0.190975,0.18080000000000002,0.2402,0.2402,completed
289,known_visit,HIPC,bernoulli,drop_0.25,19,361,4,10,hipc_h2_bernoulli_025,C:\Users\lottj\Desktop\research\decentralized benchmark\commitment-horizon-study\reference_core_benchmark_pilot\known_visit_10target_300.csv,01,22,2,0,23,0,0,0,0,0,0.0,0,0,54,46,8,130,24,7,4.9026000000000005,0.7003714285714286,0.5068,1.1854,1.1854,3.6067,0.5152428571428571,0.3341,1.0076,1.0076,7,1.2959,0.18512857142857145,0.1778,0.2378,0.2378,completed
289,known_visit,HIPC,bernoulli,drop_0.25,19,361,4,10,hipc_h2_bernoulli_025,C:\Users\lottj\Desktop\research\decentralized benchmark\commitment-horizon-study\reference_core_benchmark_pilot\known_visit_10target_300.csv,02,21,2,0,20,2,0,0,0,0,0.0,0,0,54,44,10,136,18,11,8.0373,0.7306636363636364,0.6481,1.3946,1.3946,5.9567,0.5415181818181818,0.481,1.222,1.222,11,2.0806,0.18914545454545453,0.1726,0.2425,0.2425,completed
289,known_visit,HIPC,bernoulli,drop_0.25,19,361,4,10,hipc_h2_bernoulli_025,C:\Users\lottj\Desktop\research\decentralized benchmark\commitment-horizon-study\reference_core_benchmark_pilot\known_visit_10target_300.csv,03,19,3,0,20,0,1,0,0,0,0.0,0,0,49,40,9,139,21,18,9.8361,0.54645,0.50795,1.158,1.158,6.3473999999999995,0.3526333333333333,0.3122,0.9702,0.9702,18,3.4887,0.19381666666666666,0.19190000000000002,0.2634,0.2634,completed
290,known_visit,HIPC,bernoulli,drop_0.25,19,361,4,10,hipc_h2_bernoulli_025,C:\Users\lottj\Desktop\research\decentralized benchmark\commitment-horizon-study\reference_core_benchmark_pilot\known_visit_10target_300.csv,00,19,2,0,20,0,0,0,0,0,0.0,0,0,49,40,9,106,20,23,12.7409,0.5539521739130435,0.5648,0.8308,1.1372,8.2714,0.3596260869565217,0.3191,0.6145,0.9066,23,4.4695,0.19432608695652173,0.21,0.2402,0.2542,completed
290,known_visit,HIPC,bernoulli,drop_0.25,19,361,4,10,hipc_h2_bernoulli_025,C:\Users\lottj\Desktop\research\decentralized benchmark\commitment-horizon-study\reference_core_benchmark_pilot\known_visit_10target_300.csv,01,17,2,0,18,0,0,0,0,0,0.0,0,0,44,36,8,114,17,27,11.0112,0.40782222222222225,0.3408,1.1288,1.3263,5.947,0.22025925925925927,0.1414,0.8878,1.0893,27,5.0642,0.18756296296296296,0.195,0.2403,0.241,completed
290,known_visit,HIPC,bernoulli,drop_0.25,19,361,4,10,hipc_h2_bernoulli_025,C:\Users\lottj\Desktop\research\decentralized benchmark\commitment-horizon-study\reference_core_benchmark_pilot\known_visit_10target_300.csv,02,24,5,0,25,0,1,0,0,0,0.0,0,0,59,49,10,102,15,10,6.6431000000000004,0.6643100000000001,0.6354,1.234,1.234,4.453,0.44530000000000003,0.40975,0.9949,0.9949,10,2.1901,0.21901,0.21845,0.2719,0.2719,completed
290,known_visit,HIPC,bernoulli,drop_0.25,19,361,4,10,hipc_h2_bernoulli_025,C:\Users\lottj\Desktop\research\decentralized benchmark\commitment-horizon-study\reference_core_benchmark_pilot\known_visit_10target_300.csv,03,6,1,0,7,0,1,0,0,0,0.0,0,0,24,14,10,124,27,65,39.817099999999996,0.6125707692307691,0.6069,0.8529,1.1496,26.6294,0.4096830769230769,0.4013,0.5673,0.9117,65,13.1877,0.2028876923076923,0.2085,0.2379,0.3289,completed
291,known_visit,HIPC,bernoulli,drop_0.25,19,361,4,10,hipc_h2_bernoulli_025,C:\Users\lottj\Desktop\research\decentralized benchmark\commitment-horizon-study\reference_core_benchmark_pilot\known_visit_10target_300.csv,00,29,6,0,29,1,0,0,0,0,0.0,0,0,70,59,11,126,22,9,6.1287,0.6809666666666667,0.5025,1.4886,1.4886,4.3183,0.4798111111111111,0.3039,1.2402,1.2402,9,1.8104,0.20115555555555556,0.1916,0.2536,0.2536,completed
291,known_visit,HIPC,bernoulli,drop_0.25,19,361,4,10,hipc_h2_bernoulli_025,C:\Users\lottj\Desktop\research\decentralized benchmark\commitment-horizon-study\reference_core_benchmark_pilot\known_visit_10target_300.csv,01,24,3,0,25,0,1,0,0,0,0.0,0,0,58,50,8,136,23,24,9.6554,0.4023083333333333,0.3216,0.8851,1.0348,5.1318,0.21382500000000002,0.13955,0.6239,0.7938,24,4.5236,0.18848333333333334,0.18155,0.2498,0.2612,completed
291,known_visit,HIPC,bernoulli,drop_0.25,19,361,4,10,hipc_h2_bernoulli_025,C:\Users\lottj\Desktop\research\decentralized benchmark\commitment-horizon-study\reference_core_benchmark_pilot\known_visit_10target_300.csv,02,24,0,1,24,1,1,0,0,0,0.0,0,0,56,50,6,135,27,24,10.8599,0.4524958333333333,0.3879,0.7928,0.8912,6.4993,0.2708041666666667,0.2054,0.5865,0.6392,24,4.3606,0.18169166666666667,0.18165,0.2461,0.252,completed
291,known_visit,HIPC,bernoulli,drop_0.25,19,361,4,10,hipc_h2_bernoulli_025,C:\Users\lottj\Desktop\research\decentralized benchmark\commitment-horizon-study\reference_core_benchmark_pilot\known_visit_10target_300.csv,03,13,1,0,14,0,0,0,0,0,0.0,0,0,34,28,6,153,31,61,22.3464,0.3663344262295082,0.3076,0.5938,0.8695,11.2049,0.18368688524590165,0.1388,0.3459,0.614,61,11.1415,0.18264754098360655,0.1682,0.2494,0.4112,completed
292,known_visit,HIPC,bernoulli,drop_0.25,19,361,4,10,hipc_h2_bernoulli_025,C:\Users\lottj\Desktop\research\decentralized benchmark\commitment-horizon-study\reference_core_benchmark_pilot\known_visit_10target_300.csv,00,12,2,0,12,1,0,0,0,0,0.0,0,0,33,26,7,110,18,70,42.2604,0.6037199999999999,0.6292,0.7722,1.1776,28.3975,0.40567857142857144,0.42210000000000003,0.4857,0.9408,70,13.8629,0.19804142857142856,0.2084,0.2405,0.2957,completed
292,known_visit,HIPC,bernoulli,drop_0.25,19,361,4,10,hipc_h2_bernoulli_025,C:\Users\lottj\Desktop\research\decentralized benchmark\commitment-horizon-study\reference_core_benchmark_pilot\known_visit_10target_300.csv,01,32,4,0,33,0,0,0,0,0,0.0,0,0,72,65,7,74,15,8,5.8378,0.729725,0.6616500000000001,1.5262,1.5262,4.0663,0.5082875,0.4291,1.2882,1.2882,8,1.7715,0.2214375,0.2228,0.253,0.253,completed
292,known_visit,HIPC,bernoulli,drop_0.25,19,361,4,10,hipc_h2_bernoulli_025,C:\Users\lottj\Desktop\research\decentralized benchmark\commitment-horizon-study\reference_core_benchmark_pilot\known_visit_10target_300.csv,02,10,2,0,11,0,0,0,0,0,0.0,0,0,26,22,4,108,26,77,35.9811,0.467287012987013,0.4753,0.7754,1.2077,21.5719,0.28015454545454543,0.2819,0.5358,0.9574,77,14.4092,0.18713246753246754,0.1931,0.2555,0.2786,completed
292,known_visit,HIPC,bernoulli,drop_0.25,19,361,4,10,hipc_h2_bernoulli_025,C:\Users\lottj\Desktop\research\decentralized benchmark\commitment-horizon-study\reference_core_benchmark_pilot\known_visit_10target_300.csv,03,11,2,0,12,0,0,0,0,0,0.0,0,0,30,24,6,115,15,75,25.4533,0.3393773333333333,0.3169,0.5421,1.7394,12.6872,0.16916266666666668,0.1401,0.3333,1.4674,75,12.7661,0.17021466666666665,0.1768,0.2412,0.272,completed
293,known_visit,HIPC,bernoulli,drop_0.25,19,361,4,10,hipc_h2_bernoulli_025,C:\Users\lottj\Desktop\research\decentralized benchmark\commitment-horizon-study\reference_core_benchmark_pilot\known_visit_10target_300.csv,00,35,3,0,34,2,2,0,0,0,0.0,0,0,82,71,11,186,30,9,5.2816,0.5868444444444445,0.4903,1.0044,1.0044,3.6681,0.40756666666666663,0.3372,0.8378,0.8378,9,1.6135,0.17927777777777776,0.159,0.2541,0.2541,completed
293,known_visit,HIPC,bernoulli,drop_0.25,19,361,4,10,hipc_h2_bernoulli_025,C:\Users\lottj\Desktop\research\decentralized benchmark\commitment-horizon-study\reference_core_benchmark_pilot\known_visit_10target_300.csv,01,30,1,2,26,5,2,0,0,0,0.0,0,0,75,62,13,191,32,24,8.1344,0.3389333333333333,0.33999999999999997,0.5805,0.8569,3.9241,0.16350416666666667,0.1212,0.4186,0.7031,24,4.2103,0.17542916666666666,0.16094999999999998,0.227,0.2424,completed
293,known_visit,HIPC,bernoulli,drop_0.25,19,361,4,10,hipc_h2_bernoulli_025,C:\Users\lottj\Desktop\research\decentralized benchmark\commitment-horizon-study\reference_core_benchmark_pilot\known_visit_10target_300.csv,02,32,2,2,26,7,1,0,0,0,0.0,0,0,80,66,14,184,33,20,11.6951,0.584755,0.58345,0.8628,1.0774,7.7253,0.38626499999999997,0.36145,0.705,0.9084,20,3.9698,0.19849,0.22039999999999998,0.2363,0.2549,completed
293,known_visit,HIPC,bernoulli,drop_0.25,19,361,4,10,hipc_h2_bernoulli_025,C:\Users\lottj\Desktop\research\decentralized benchmark\commitment-horizon-study\reference_core_benchmark_pilot\known_visit_10target_300.csv,03,25,4,0,26,0,1,0,0,0,0.0,0,0,61,52,9,206,30,43,14.0363,0.32642558139534883,0.2716,0.5907,1.0187,6.9931,0.16263023255813955,0.1027,0.4197,0.8425,43,7.0432,0.16379534883720928,0.1689,0.2204,0.2304,completed
294,known_visit,HIPC,bernoulli,drop_0.25,19,361,4,10,hipc_h2_bernoulli_025,C:\Users\lottj\Desktop\research\decentralized benchmark\commitment-horizon-study\reference_core_benchmark_pilot\known_visit_10target_300.csv,00,20,2,0,21,0,0,0,0,0,0.0,0,0,53,42,11,158,35,33,10.6627,0.3231121212121212,0.2666,0.7767,0.8223,5.5684,0.16873939393939394,0.108,0.599,0.6439,33,5.0943,0.15437272727272727,0.166,0.203,0.2399,completed
294,known_visit,HIPC,bernoulli,drop_0.25,19,361,4,10,hipc_h2_bernoulli_025,C:\Users\lottj\Desktop\research\decentralized benchmark\commitment-horizon-study\reference_core_benchmark_pilot\known_visit_10target_300.csv,01,21,4,0,22,0,0,0,0,0,0.0,0,0,54,44,10,165,27,29,10.0741,0.3473827586206896,0.2867,0.8876,0.985,5.3602,0.1848344827586207,0.113,0.71,0.8134,29,4.7139,0.16254827586206896,0.1687,0.2342,0.2518,completed
294,known_visit,HIPC,bernoulli,drop_0.25,19,361,4,10,hipc_h2_bernoulli_025,C:\Users\lottj\Desktop\research\decentralized benchmark\commitment-horizon-study\reference_core_benchmark_pilot\known_visit_10target_300.csv,02,27,3,0,27,1,2,1,1,0,0.0,0,0,70,56,14,153,24,9,5.5151,0.6127888888888889,0.5756,1.3262,1.3262,3.8887,0.4320777777777778,0.3901,1.0327,1.0327,9,1.6264,0.18071111111111113,0.1725,0.2935,0.2935,completed
294,known_visit,HIPC,bernoulli,drop_0.25,19,361,4,10,hipc_h2_bernoulli_025,C:\Users\lottj\Desktop\research\decentralized benchmark\commitment-horizon-study\reference_core_benchmark_pilot\known_visit_10target_300.csv,03,28,1,1,19,10,3,0,0,0,0.0,0,0,71,58,13,149,27,9,6.0228,0.6692,0.5797,1.3343,1.3343,4.5209,0.5023222222222222,0.3933,1.1617,1.1617,9,1.5019,0.1668777777777778,0.1726,0.1864,0.1864,completed
295,known_visit,HIPC,bernoulli,drop_0.25,19,361,4,10,hipc_h2_bernoulli_025,C:\Users\lottj\Desktop\research\decentralized benchmark\commitment-horizon-study\reference_core_benchmark_pilot\known_visit_10target_300.csv,00,26,3,1,26,1,0,0,0,0,0.0,0,0,60,53,7,144,25,9,5.2189,0.5798777777777777,0.6559,0.957,0.957,3.4995,0.3888333333333333,0.377,0.7195,0.7195,9,1.7194,0.19104444444444446,0.1764,0.2789,0.2789,completed
295,known_visit,HIPC,bernoulli,drop_0.25,19,361,4,10,hipc_h2_bernoulli_025,C:\Users\lottj\Desktop\research\decentralized benchmark\commitment-horizon-study\reference_core_benchmark_pilot\known_visit_10target_300.csv,01,26,1,0,20,7,0,0,0,0,0.0,0,0,65,54,11,141,23,7,6.5384,0.9340571428571429,0.9527,1.7723,1.7723,4.9361,0.7051571428571428,0.6375,1.4971,1.4971,7,1.6023,0.22890000000000002,0.2423,0.3152,0.3152,completed
295,known_visit,HIPC,bernoulli,drop_0.25,19,361,4,10,hipc_h2_bernoulli_025,C:\Users\lottj\Desktop\research\decentralized benchmark\commitment-horizon-study\reference_core_benchmark_pilot\known_visit_10target_300.csv,02,22,3,0,23,0,0,0,0,0,0.0,0,0,53,46,7,159,18,22,11.906,0.5411818181818182,0.3604,1.0284,1.814,8.0828,0.3674,0.222,0.7532,1.6077,22,3.8232,0.17378181818181818,0.1365,0.2752,0.2772,completed
295,known_visit,HIPC,bernoulli,drop_0.25,19,361,4,10,hipc_h2_bernoulli_025,C:\Users\lottj\Desktop\research\decentralized benchmark\commitment-horizon-study\reference_core_benchmark_pilot\known_visit_10target_300.csv,03,22,3,0,23,0,0,0,0,0,0.0,0,0,52,46,6,146,31,19,8.2516,0.43429473684210523,0.2779,1.0934,1.0934,5.1595,0.2715526315789474,0.15,0.9224,0.9224,19,3.0921,0.16274210526315788,0.1285,0.2856,0.2856,completed
296,known_visit,HIPC,bernoulli,drop_0.25,19,361,4,10,hipc_h2_bernoulli_025,C:\Users\lottj\Desktop\research\decentralized benchmark\commitment-horizon-study\reference_core_benchmark_pilot\known_visit_10target_300.csv,00,15,2,0,16,0,0,0,0,0,0.0,0,0,43,33,10,148,26,61,20.2513,0.3319885245901639,0.3254,0.5654,1.0153,10.3687,0.16997868852459017,0.1561,0.3209,0.7701,61,9.8826,0.16200983606557376,0.1376,0.2265,0.2452,completed
296,known_visit,HIPC,bernoulli,drop_0.25,19,361,4,10,hipc_h2_bernoulli_025,C:\Users\lottj\Desktop\research\decentralized benchmark\commitment-horizon-study\reference_core_benchmark_pilot\known_visit_10target_300.csv,01,31,5,0,32,0,2,0,0,0,0.0,0,0,79,63,16,111,27,11,7.4783,0.6798454545454545,0.5419,1.2985,1.2985,5.1668,0.4697090909090909,0.3672,1.0195,1.0195,11,2.3115,0.21013636363636365,0.224,0.279,0.279,completed
296,known_visit,HIPC,bernoulli,drop_0.25,19,361,4,10,hipc_h2_bernoulli_025,C:\Users\lottj\Desktop\research\decentralized benchmark\commitment-horizon-study\reference_core_benchmark_pilot\known_visit_10target_300.csv,02,21,2,0,22,0,3,3,2,1,5.0,1,0,61,47,14,134,21,42,18.843,0.4486428571428571,0.38465,0.965,1.394,10.542,0.251,0.17459999999999998,0.7055,1.0906,42,8.301,0.19764285714285715,0.2137,0.2736,0.3034,completed
296,known_visit,HIPC,bernoulli,drop_0.25,19,361,4,10,hipc_h2_bernoulli_025,C:\Users\lottj\Desktop\research\decentralized benchmark\commitment-horizon-study\reference_core_benchmark_pilot\known_visit_10target_300.csv,03,12,1,0,13,0,1,0,0,0,0.0,0,0,34,26,8,163,19,73,26.1063,0.3576205479452055,0.3255,0.7374,1.0146,13.6093,0.18642876712328765,0.1652,0.4994,0.7421,73,12.497,0.1711917808219178,0.1718,0.238,0.3227,completed
297,known_visit,HIPC,bernoulli,drop_0.25,19,361,4,10,hipc_h2_bernoulli_025,C:\Users\lottj\Desktop\research\decentralized benchmark\commitment-horizon-study\reference_core_benchmark_pilot\known_visit_10target_300.csv,00,5,1,0,6,0,1,0,0,0,0.0,0,0,20,12,8,136,21,68,26.5552,0.3905176470588235,0.30065,0.6531,1.0151,14.3757,0.21140735294117646,0.11280000000000001,0.4535,0.812,68,12.179499999999999,0.17911029411764703,0.17115,0.2186,0.3085,completed
297,known_visit,HIPC,bernoulli,drop_0.25,19,361,4,10,hipc_h2_bernoulli_025,C:\Users\lottj\Desktop\research\decentralized benchmark\commitment-horizon-study\reference_core_benchmark_pilot\known_visit_10target_300.csv,01,20,2,1,16,5,0,0,0,0,0.0,0,0,52,42,10,109,16,21,8.0983,0.38563333333333333,0.3156,0.7393,0.7691,4.3204,0.20573333333333335,0.1369,0.5676,0.59,21,3.7779000000000003,0.1799,0.1761,0.2124,0.25,completed
297,known_visit,HIPC,bernoulli,drop_0.25,19,361,4,10,hipc_h2_bernoulli_025,C:\Users\lottj\Desktop\research\decentralized benchmark\commitment-horizon-study\reference_core_benchmark_pilot\known_visit_10target_300.csv,02,22,4,2,20,3,2,1,1,0,0.0,0,0,61,47,14,95,21,11,5.7766,0.5251454545454546,0.5569,0.9031,0.9031,3.6847,0.33497272727272726,0.3728,0.6772,0.6772,11,2.0919,0.19017272727272727,0.183,0.2259,0.2259,completed
297,known_visit,HIPC,bernoulli,drop_0.25,19,361,4,10,hipc_h2_bernoulli_025,C:\Users\lottj\Desktop\research\decentralized benchmark\commitment-horizon-study\reference_core_benchmark_pilot\known_visit_10target_300.csv,03,18,3,0,19,0,1,0,0,0,0.0,0,0,45,38,7,114,19,29,11.5212,0.3972827586206897,0.3459,0.7917,0.823,6.1269,0.21127241379310344,0.1538,0.6208,0.647,29,5.3943,0.18601034482758622,0.1845,0.2062,0.2163,completed
298,known_visit,HIPC,bernoulli,drop_0.25,19,361,4,10,hipc_h2_bernoulli_025,C:\Users\lottj\Desktop\research\decentralized benchmark\commitment-horizon-study\reference_core_benchmark_pilot\known_visit_10target_300.csv,00,13,1,1,12,2,2,1,1,0,0.0,0,0,37,28,9,133,30,51,21.1715,0.41512745098039217,0.4289,0.6872,0.8214,12.4018,0.24317254901960783,0.2216,0.4871,0.65,51,8.7697,0.1719549019607843,0.1589,0.2366,0.2887,completed
298,known_visit,HIPC,bernoulli,drop_0.25,19,361,4,10,hipc_h2_bernoulli_025,C:\Users\lottj\Desktop\research\decentralized benchmark\commitment-horizon-study\reference_core_benchmark_pilot\known_visit_10target_300.csv,01,27,4,0,28,0,1,0,0,0,0.0,0,0,65,55,10,114,22,8,4.5344,0.5668,0.5428999999999999,1.0749,1.0749,3.2638000000000003,0.40797500000000003,0.37185,0.8987,0.8987,8,1.2706,0.158825,0.16449999999999998,0.1776,0.1776,completed
298,known_visit,HIPC,bernoulli,drop_0.25,19,361,4,10,hipc_h2_bernoulli_025,C:\Users\lottj\Desktop\research\decentralized benchmark\commitment-horizon-study\reference_core_benchmark_pilot\known_visit_10target_300.csv,02,18,2,1,18,1,0,0,0,0,0.0,0,0,48,39,9,132,21,37,15.8418,0.42815675675675674,0.4275,0.6648,0.9333,9.8969,0.2674837837837838,0.2767,0.4767,0.6732,37,5.9449,0.16067297297297295,0.154,0.2301,0.2601,completed
298,known_visit,HIPC,bernoulli,drop_0.25,19,361,4,10,hipc_h2_bernoulli_025,C:\Users\lottj\Desktop\research\decentralized benchmark\commitment-horizon-study\reference_core_benchmark_pilot\known_visit_10target_300.csv,03,20,3,0,21,0,0,0,0,0,0.0,0,0,51,42,9,127,23,30,10.7907,0.35968999999999995,0.322,0.6054,1.1593,4.955,0.16516666666666666,0.11105000000000001,0.4238,0.8319,30,5.8357,0.19452333333333333,0.2106,0.2386,0.3274,completed
299,known_visit,HIPC,bernoulli,drop_0.25,19,361,4,10,hipc_h2_bernoulli_025,C:\Users\lottj\Desktop\research\decentralized benchmark\commitment-horizon-study\reference_core_benchmark_pilot\known_visit_10target_300.csv,00,20,1,1,19,2,0,0,0,0,0.0,0,1,48,42,6,131,20,247,75.2992,0.3048550607287449,0.3129,0.4638,0.6743,35.4886,0.14367854251012144,0.1378,0.2797,0.5126,247,39.8106,0.1611765182186235,0.1744,0.2193,0.3152,completed
299,known_visit,HIPC,bernoulli,drop_0.25,19,361,4,10,hipc_h2_bernoulli_025,C:\Users\lottj\Desktop\research\decentralized benchmark\commitment-horizon-study\reference_core_benchmark_pilot\known_visit_10target_300.csv,01,20,2,0,21,0,0,0,0,0,0.0,0,0,49,42,7,129,22,247,83.1625,0.3366902834008097,0.3501,0.4674,1.1629,40.7106,0.16482024291497976,0.1671,0.2324,0.9633,247,42.4519,0.17187004048582996,0.1828,0.2338,0.346,completed
299,known_visit,HIPC,bernoulli,drop_0.25,19,361,4,10,hipc_h2_bernoulli_025,C:\Users\lottj\Desktop\research\decentralized benchmark\commitment-horizon-study\reference_core_benchmark_pilot\known_visit_10target_300.csv,02,20,3,0,21,0,0,0,0,0,0.0,0,1,53,42,11,122,25,248,89.8444,0.3622758064516129,0.38055,0.5267,0.6697,47.1329,0.19005201612903225,0.19525,0.2841,0.5165,248,42.7115,0.17222379032258064,0.18535000000000001,0.2358,0.3621,completed
299,known_visit,HIPC,bernoulli,drop_0.25,19,361,4,10,hipc_h2_bernoulli_025,C:\Users\lottj\Desktop\research\decentralized benchmark\commitment-horizon-study\reference_core_benchmark_pilot\known_visit_10target_300.csv,03,20,4,0,21,0,0,0,0,0,0.0,0,0,50,42,8,127,22,244,115.48,0.4732786885245902,0.5115000000000001,0.6483,0.88,71.1869,0.2917495901639344,0.3191,0.3963,0.727,244,44.2931,0.18152909836065576,0.193,0.2519,0.3542,completed
