trial_id,trial_mode,algorithm,comm_model,comm_level,grid_size,grid_cells,robot_count,target_count,condition_id,scenario_file,target_index,target_x,target_y,first_completion_time_s,first_completion_sim_time_s,first_found_by_robot,first_finder_robot_id,total_visits,duplicate_visits,completed,trial_status
0,known_visit,ACBBA,ideal,1.0,19,361,4,10,acbba_h1_ideal,C:\Users\lottj\Desktop\research\decentralized benchmark\commitment-horizon-study\reference_core_benchmark_pilot\known_visit_10target_300.csv,1,9,10,25.566531464734332,25.566531464734332,01,01,1,0,True,completed
0,known_visit,ACBBA,ideal,1.0,19,361,4,10,acbba_h1_ideal,C:\Users\lottj\Desktop\research\decentralized benchmark\commitment-horizon-study\reference_core_benchmark_pilot\known_visit_10target_300.csv,2,8,11,21.508935936815224,21.508935936815224,01,01,1,0,True,completed
0,known_visit,ACBBA,ideal,1.0,19,361,4,10,acbba_h1_ideal,C:\Users\lottj\Desktop\research\decentralized benchmark\commitment-horizon-study\reference_core_benchmark_pilot\known_visit_10target_300.csv,3,2,1,3.8098331957190346,3.8098331957190346,00,00,1,0,True,completed
0,known_visit,ACBBA,ideal,1.0,19,361,4,10,acbba_h1_ideal,C:\Users\lottj\Desktop\research\decentralized benchmark\commitment-horizon-study\reference_core_benchmark_pilot\known_visit_10target_300.csv,4,1,7,2.209926477920259,2.209926477920259,01,01,1,0,True,completed
0,known_visit,ACBBA,ideal,1.0,19,361,4,10,acbba_h1_ideal,C:\Users\lottj\Desktop\research\decentralized benchmark\commitment-horizon-study\reference_core_benchmark_pilot\known_visit_10target_300.csv,5,17,13,38.9081900955928,38.9081900955928,02,02,1,0,True,completed
0,known_visit,ACBBA,ideal,1.0,19,361,4,10,acbba_h1_ideal,C:\Users\lottj\Desktop\research\decentralized benchmark\commitment-horizon-study\reference_core_benchmark_pilot\known_visit_10target_300.csv,6,4,13,11.731492524252706,11.731492524252706,02,02,1,0,True,completed
0,known_visit,ACBBA,ideal,1.0,19,361,4,10,acbba_h1_ideal,C:\Users\lottj\Desktop\research\decentralized benchmark\commitment-horizon-study\reference_core_benchmark_pilot\known_visit_10target_300.csv,7,0,11,0.49893903946805307,0.49893903946805307,02,02,2,1,True,completed
0,known_visit,ACBBA,ideal,1.0,19,361,4,10,acbba_h1_ideal,C:\Users\lottj\Desktop\research\decentralized benchmark\commitment-horizon-study\reference_core_benchmark_pilot\known_visit_10target_300.csv,8,5,8,11.064145468487984,11.064145468487984,01,01,1,0,True,completed
0,known_visit,ACBBA,ideal,1.0,19,361,4,10,acbba_h1_ideal,C:\Users\lottj\Desktop\research\decentralized benchmark\commitment-horizon-study\reference_core_benchmark_pilot\known_visit_10target_300.csv,9,0,13,7.391782359863502,7.391782359863502,03,03,1,0,True,completed
0,known_visit,ACBBA,ideal,1.0,19,361,4,10,acbba_h1_ideal,C:\Users\lottj\Desktop\research\decentralized benchmark\commitment-horizon-study\reference_core_benchmark_pilot\known_visit_10target_300.csv,10,14,9,35.90654189554156,35.90654189554156,01,01,1,0,True,completed
1,known_visit,ACBBA,ideal,1.0,19,361,4,10,acbba_h1_ideal,C:\Users\lottj\Desktop\research\decentralized benchmark\commitment-horizon-study\reference_core_benchmark_pilot\known_visit_10target_300.csv,1,16,15,36.37743587956483,36.37743587956483,02,02,1,0,True,completed
1,known_visit,ACBBA,ideal,1.0,19,361,4,10,acbba_h1_ideal,C:\Users\lottj\Desktop\research\decentralized benchmark\commitment-horizon-study\reference_core_benchmark_pilot\known_visit_10target_300.csv,2,17,5,34.21507926719546,34.21507926719546,01,01,1,0,True,completed
1,known_visit,ACBBA,ideal,1.0,19,361,4,10,acbba_h1_ideal,C:\Users\lottj\Desktop\research\decentralized benchmark\commitment-horizon-study\reference_core_benchmark_pilot\known_visit_10target_300.csv,3,14,13,28.448342164618985,28.448342164618985,02,02,1,0,True,completed
1,known_visit,ACBBA,ideal,1.0,19,361,4,10,acbba_h1_ideal,C:\Users\lottj\Desktop\research\decentralized benchmark\commitment-horizon-study\reference_core_benchmark_pilot\known_visit_10target_300.csv,4,15,3,29.6998344361979,29.6998344361979,00,00,1,0,True,completed
1,known_visit,ACBBA,ideal,1.0,19,361,4,10,acbba_h1_ideal,C:\Users\lottj\Desktop\research\decentralized benchmark\commitment-horizon-study\reference_core_benchmark_pilot\known_visit_10target_300.csv,5,13,7,23.034514483405697,23.034514483405697,01,01,1,0,True,completed
1,known_visit,ACBBA,ideal,1.0,19,361,4,10,acbba_h1_ideal,C:\Users\lottj\Desktop\research\decentralized benchmark\commitment-horizon-study\reference_core_benchmark_pilot\known_visit_10target_300.csv,6,11,2,21.045582142511552,21.045582142511552,00,00,1,0,True,completed
1,known_visit,ACBBA,ideal,1.0,19,361,4,10,acbba_h1_ideal,C:\Users\lottj\Desktop\research\decentralized benchmark\commitment-horizon-study\reference_core_benchmark_pilot\known_visit_10target_300.csv,7,15,16,34.92792806603767,34.92792806603767,03,03,1,0,True,completed
1,known_visit,ACBBA,ideal,1.0,19,361,4,10,acbba_h1_ideal,C:\Users\lottj\Desktop\research\decentralized benchmark\commitment-horizon-study\reference_core_benchmark_pilot\known_visit_10target_300.csv,8,16,6,30.525981433238396,30.525981433238396,01,01,1,0,True,completed
1,known_visit,ACBBA,ideal,1.0,19,361,4,10,acbba_h1_ideal,C:\Users\lottj\Desktop\research\decentralized benchmark\commitment-horizon-study\reference_core_benchmark_pilot\known_visit_10target_300.csv,9,9,14,17.46714171060252,17.46714171060252,02,02,1,0,True,completed
1,known_visit,ACBBA,ideal,1.0,19,361,4,10,acbba_h1_ideal,C:\Users\lottj\Desktop\research\decentralized benchmark\commitment-horizon-study\reference_core_benchmark_pilot\known_visit_10target_300.csv,10,7,16,13.945437768238715,13.945437768238715,03,03,1,0,True,completed
2,known_visit,ACBBA,ideal,1.0,19,361,4,10,acbba_h1_ideal,C:\Users\lottj\Desktop\research\decentralized benchmark\commitment-horizon-study\reference_core_benchmark_pilot\known_visit_10target_300.csv,1,0,4,2.3558604787364796,2.3558604787364796,01,01,1,0,True,completed
2,known_visit,ACBBA,ideal,1.0,19,361,4,10,acbba_h1_ideal,C:\Users\lottj\Desktop\research\decentralized benchmark\commitment-horizon-study\reference_core_benchmark_pilot\known_visit_10target_300.csv,2,8,8,19.45054456545888,19.45054456545888,02,02,1,0,True,completed
2,known_visit,ACBBA,ideal,1.0,19,361,4,10,acbba_h1_ideal,C:\Users\lottj\Desktop\research\decentralized benchmark\commitment-horizon-study\reference_core_benchmark_pilot\known_visit_10target_300.csv,3,13,2,24.51156237578354,24.51156237578354,00,00,1,0,True,completed
2,known_visit,ACBBA,ideal,1.0,19,361,4,10,acbba_h1_ideal,C:\Users\lottj\Desktop\research\decentralized benchmark\commitment-horizon-study\reference_core_benchmark_pilot\known_visit_10target_300.csv,4,0,2,2.170918262580033,2.170918262580033,00,00,1,0,True,completed
2,known_visit,ACBBA,ideal,1.0,19,361,4,10,acbba_h1_ideal,C:\Users\lottj\Desktop\research\decentralized benchmark\commitment-horizon-study\reference_core_benchmark_pilot\known_visit_10target_300.csv,5,12,18,30.219909598894912,30.219909598894912,03,03,1,0,True,completed
2,known_visit,ACBBA,ideal,1.0,19,361,4,10,acbba_h1_ideal,C:\Users\lottj\Desktop\research\decentralized benchmark\commitment-horizon-study\reference_core_benchmark_pilot\known_visit_10target_300.csv,6,0,9,3.78990244098568,3.78990244098568,02,02,1,0,True,completed
2,known_visit,ACBBA,ideal,1.0,19,361,4,10,acbba_h1_ideal,C:\Users\lottj\Desktop\research\decentralized benchmark\commitment-horizon-study\reference_core_benchmark_pilot\known_visit_10target_300.csv,7,16,12,40.89628102422259,40.89628102422259,02,02,1,0,True,completed
2,known_visit,ACBBA,ideal,1.0,19,361,4,10,acbba_h1_ideal,C:\Users\lottj\Desktop\research\decentralized benchmark\commitment-horizon-study\reference_core_benchmark_pilot\known_visit_10target_300.csv,8,4,15,10.67838127534832,10.67838127534832,03,03,1,0,True,completed
2,known_visit,ACBBA,ideal,1.0,19,361,4,10,acbba_h1_ideal,C:\Users\lottj\Desktop\research\decentralized benchmark\commitment-horizon-study\reference_core_benchmark_pilot\known_visit_10target_300.csv,9,14,2,26.277368944811002,26.277368944811002,00,00,1,0,True,completed
2,known_visit,ACBBA,ideal,1.0,19,361,4,10,acbba_h1_ideal,C:\Users\lottj\Desktop\research\decentralized benchmark\commitment-horizon-study\reference_core_benchmark_pilot\known_visit_10target_300.csv,10,12,9,28.49526675048562,28.49526675048562,02,02,1,0,True,completed
3,known_visit,ACBBA,ideal,1.0,19,361,4,10,acbba_h1_ideal,C:\Users\lottj\Desktop\research\decentralized benchmark\commitment-horizon-study\reference_core_benchmark_pilot\known_visit_10target_300.csv,1,15,11,37.59124170776739,37.59124170776739,02,02,1,0,True,completed
3,known_visit,ACBBA,ideal,1.0,19,361,4,10,acbba_h1_ideal,C:\Users\lottj\Desktop\research\decentralized benchmark\commitment-horizon-study\reference_core_benchmark_pilot\known_visit_10target_300.csv,2,11,8,21.533824911674138,21.533824911674138,01,01,1,0,True,completed
3,known_visit,ACBBA,ideal,1.0,19,361,4,10,acbba_h1_ideal,C:\Users\lottj\Desktop\research\decentralized benchmark\commitment-horizon-study\reference_core_benchmark_pilot\known_visit_10target_300.csv,3,11,16,32.82922595817926,32.82922595817926,03,03,1,0,True,completed
3,known_visit,ACBBA,ideal,1.0,19,361,4,10,acbba_h1_ideal,C:\Users\lottj\Desktop\research\decentralized benchmark\commitment-horizon-study\reference_core_benchmark_pilot\known_visit_10target_300.csv,4,7,17,23.86977101838691,23.86977101838691,03,03,1,0,True,completed
3,known_visit,ACBBA,ideal,1.0,19,361,4,10,acbba_h1_ideal,C:\Users\lottj\Desktop\research\decentralized benchmark\commitment-horizon-study\reference_core_benchmark_pilot\known_visit_10target_300.csv,5,10,5,24.829360767804154,24.829360767804154,00,00,1,0,True,completed
3,known_visit,ACBBA,ideal,1.0,19,361,4,10,acbba_h1_ideal,C:\Users\lottj\Desktop\research\decentralized benchmark\commitment-horizon-study\reference_core_benchmark_pilot\known_visit_10target_300.csv,6,0,15,3.8478756312547464,3.8478756312547464,02,02,1,0,True,completed
3,known_visit,ACBBA,ideal,1.0,19,361,4,10,acbba_h1_ideal,C:\Users\lottj\Desktop\research\decentralized benchmark\commitment-horizon-study\reference_core_benchmark_pilot\known_visit_10target_300.csv,7,0,13,0.4308417972604245,0.4308417972604245,02,02,1,0,True,completed
3,known_visit,ACBBA,ideal,1.0,19,361,4,10,acbba_h1_ideal,C:\Users\lottj\Desktop\research\decentralized benchmark\commitment-horizon-study\reference_core_benchmark_pilot\known_visit_10target_300.csv,8,1,12,11.458931374546982,11.458931374546982,02,02,1,0,True,completed
3,known_visit,ACBBA,ideal,1.0,19,361,4,10,acbba_h1_ideal,C:\Users\lottj\Desktop\research\decentralized benchmark\commitment-horizon-study\reference_core_benchmark_pilot\known_visit_10target_300.csv,9,3,14,11.312324012135628,11.312324012135628,03,03,1,0,True,completed
3,known_visit,ACBBA,ideal,1.0,19,361,4,10,acbba_h1_ideal,C:\Users\lottj\Desktop\research\decentralized benchmark\commitment-horizon-study\reference_core_benchmark_pilot\known_visit_10target_300.csv,10,2,7,4.016331317386121,4.016331317386121,01,01,1,0,True,completed
4,known_visit,ACBBA,ideal,1.0,19,361,4,10,acbba_h1_ideal,C:\Users\lottj\Desktop\research\decentralized benchmark\commitment-horizon-study\reference_core_benchmark_pilot\known_visit_10target_300.csv,1,13,1,26.259248045971127,26.259248045971127,00,00,1,0,True,completed
4,known_visit,ACBBA,ideal,1.0,19,361,4,10,acbba_h1_ideal,C:\Users\lottj\Desktop\research\decentralized benchmark\commitment-horizon-study\reference_core_benchmark_pilot\known_visit_10target_300.csv,2,17,14,38.7546161200794,38.7546161200794,02,02,1,0,True,completed
4,known_visit,ACBBA,ideal,1.0,19,361,4,10,acbba_h1_ideal,C:\Users\lottj\Desktop\research\decentralized benchmark\commitment-horizon-study\reference_core_benchmark_pilot\known_visit_10target_300.csv,3,8,0,11.919853409895268,11.919853409895268,00,00,1,0,True,completed
4,known_visit,ACBBA,ideal,1.0,19,361,4,10,acbba_h1_ideal,C:\Users\lottj\Desktop\research\decentralized benchmark\commitment-horizon-study\reference_core_benchmark_pilot\known_visit_10target_300.csv,4,10,2,18.936076292897347,18.936076292897347,00,00,1,0,True,completed
4,known_visit,ACBBA,ideal,1.0,19,361,4,10,acbba_h1_ideal,C:\Users\lottj\Desktop\research\decentralized benchmark\commitment-horizon-study\reference_core_benchmark_pilot\known_visit_10target_300.csv,5,16,10,33.45092924308795,33.45092924308795,01,01,1,0,True,completed
4,known_visit,ACBBA,ideal,1.0,19,361,4,10,acbba_h1_ideal,C:\Users\lottj\Desktop\research\decentralized benchmark\commitment-horizon-study\reference_core_benchmark_pilot\known_visit_10target_300.csv,6,4,18,9.591139448494886,9.591139448494886,03,03,1,0,True,completed
4,known_visit,ACBBA,ideal,1.0,19,361,4,10,acbba_h1_ideal,C:\Users\lottj\Desktop\research\decentralized benchmark\commitment-horizon-study\reference_core_benchmark_pilot\known_visit_10target_300.csv,7,0,17,0.41701776032942595,0.41701776032942595,03,03,1,0,True,completed
4,known_visit,ACBBA,ideal,1.0,19,361,4,10,acbba_h1_ideal,C:\Users\lottj\Desktop\research\decentralized benchmark\commitment-horizon-study\reference_core_benchmark_pilot\known_visit_10target_300.csv,8,1,0,0.16800535616875542,0.16800535616875542,00,00,1,0,True,completed
4,known_visit,ACBBA,ideal,1.0,19,361,4,10,acbba_h1_ideal,C:\Users\lottj\Desktop\research\decentralized benchmark\commitment-horizon-study\reference_core_benchmark_pilot\known_visit_10target_300.csv,9,12,16,26.457021121407045,26.457021121407045,02,02,1,0,True,completed
4,known_visit,ACBBA,ideal,1.0,19,361,4,10,acbba_h1_ideal,C:\Users\lottj\Desktop\research\decentralized benchmark\commitment-horizon-study\reference_core_benchmark_pilot\known_visit_10target_300.csv,10,8,13,14.51267578364448,14.51267578364448,02,02,1,0,True,completed
5,known_visit,ACBBA,ideal,1.0,19,361,4,10,acbba_h1_ideal,C:\Users\lottj\Desktop\research\decentralized benchmark\commitment-horizon-study\reference_core_benchmark_pilot\known_visit_10target_300.csv,1,1,9,5.5052892779875355,5.5052892779875355,02,02,1,0,True,completed
5,known_visit,ACBBA,ideal,1.0,19,361,4,10,acbba_h1_ideal,C:\Users\lottj\Desktop\research\decentralized benchmark\commitment-horizon-study\reference_core_benchmark_pilot\known_visit_10target_300.csv,2,12,6,27.06072747279556,27.06072747279556,01,01,1,0,True,completed
5,known_visit,ACBBA,ideal,1.0,19,361,4,10,acbba_h1_ideal,C:\Users\lottj\Desktop\research\decentralized benchmark\commitment-horizon-study\reference_core_benchmark_pilot\known_visit_10target_300.csv,3,16,8,33.49975644267855,33.49975644267855,02,02,1,0,True,completed
5,known_visit,ACBBA,ideal,1.0,19,361,4,10,acbba_h1_ideal,C:\Users\lottj\Desktop\research\decentralized benchmark\commitment-horizon-study\reference_core_benchmark_pilot\known_visit_10target_300.csv,4,14,1,39.335532955209466,39.335532955209466,01,01,1,0,True,completed
5,known_visit,ACBBA,ideal,1.0,19,361,4,10,acbba_h1_ideal,C:\Users\lottj\Desktop\research\decentralized benchmark\commitment-horizon-study\reference_core_benchmark_pilot\known_visit_10target_300.csv,5,3,5,12.152882294738264,12.152882294738264,00,00,1,0,True,completed
5,known_visit,ACBBA,ideal,1.0,19,361,4,10,acbba_h1_ideal,C:\Users\lottj\Desktop\research\decentralized benchmark\commitment-horizon-study\reference_core_benchmark_pilot\known_visit_10target_300.csv,6,8,15,17.413295636731466,17.413295636731466,03,03,1,0,True,completed
5,known_visit,ACBBA,ideal,1.0,19,361,4,10,acbba_h1_ideal,C:\Users\lottj\Desktop\research\decentralized benchmark\commitment-horizon-study\reference_core_benchmark_pilot\known_visit_10target_300.csv,7,1,6,0.11559040578008108,0.11559040578008108,01,01,1,0,True,completed
5,known_visit,ACBBA,ideal,1.0,19,361,4,10,acbba_h1_ideal,C:\Users\lottj\Desktop\research\decentralized benchmark\commitment-horizon-study\reference_core_benchmark_pilot\known_visit_10target_300.csv,8,10,6,23.35232023700414,23.35232023700414,01,01,1,0,True,completed
5,known_visit,ACBBA,ideal,1.0,19,361,4,10,acbba_h1_ideal,C:\Users\lottj\Desktop\research\decentralized benchmark\commitment-horizon-study\reference_core_benchmark_pilot\known_visit_10target_300.csv,9,16,3,42.040447699629105,42.040447699629105,02,02,1,0,True,completed
5,known_visit,ACBBA,ideal,1.0,19,361,4,10,acbba_h1_ideal,C:\Users\lottj\Desktop\research\decentralized benchmark\commitment-horizon-study\reference_core_benchmark_pilot\known_visit_10target_300.csv,10,15,14,31.244341977927665,31.244341977927665,03,03,1,0,True,completed
6,known_visit,ACBBA,ideal,1.0,19,361,4,10,acbba_h1_ideal,C:\Users\lottj\Desktop\research\decentralized benchmark\commitment-horizon-study\reference_core_benchmark_pilot\known_visit_10target_300.csv,1,4,12,13.336468904675813,13.336468904675813,02,02,2,1,True,completed
6,known_visit,ACBBA,ideal,1.0,19,361,4,10,acbba_h1_ideal,C:\Users\lottj\Desktop\research\decentralized benchmark\commitment-horizon-study\reference_core_benchmark_pilot\known_visit_10target_300.csv,2,9,2,17.531661263113865,17.531661263113865,00,00,1,0,True,completed
6,known_visit,ACBBA,ideal,1.0,19,361,4,10,acbba_h1_ideal,C:\Users\lottj\Desktop\research\decentralized benchmark\commitment-horizon-study\reference_core_benchmark_pilot\known_visit_10target_300.csv,3,4,2,8.863616444188041,8.863616444188041,00,00,1,0,True,completed
6,known_visit,ACBBA,ideal,1.0,19,361,4,10,acbba_h1_ideal,C:\Users\lottj\Desktop\research\decentralized benchmark\commitment-horizon-study\reference_core_benchmark_pilot\known_visit_10target_300.csv,4,13,8,34.88509487847569,34.88509487847569,01,01,1,0,True,completed
6,known_visit,ACBBA,ideal,1.0,19,361,4,10,acbba_h1_ideal,C:\Users\lottj\Desktop\research\decentralized benchmark\commitment-horizon-study\reference_core_benchmark_pilot\known_visit_10target_300.csv,5,16,13,36.49636683948376,36.49636683948376,02,02,1,0,True,completed
6,known_visit,ACBBA,ideal,1.0,19,361,4,10,acbba_h1_ideal,C:\Users\lottj\Desktop\research\decentralized benchmark\commitment-horizon-study\reference_core_benchmark_pilot\known_visit_10target_300.csv,6,6,13,19.05944082218887,19.05944082218887,02,02,1,0,True,completed
6,known_visit,ACBBA,ideal,1.0,19,361,4,10,acbba_h1_ideal,C:\Users\lottj\Desktop\research\decentralized benchmark\commitment-horizon-study\reference_core_benchmark_pilot\known_visit_10target_300.csv,7,18,2,32.504290766371255,32.504290766371255,00,00,1,0,True,completed
6,known_visit,ACBBA,ideal,1.0,19,361,4,10,acbba_h1_ideal,C:\Users\lottj\Desktop\research\decentralized benchmark\commitment-horizon-study\reference_core_benchmark_pilot\known_visit_10target_300.csv,8,4,8,9.211538679614712,9.211538679614712,01,01,1,0,True,completed
6,known_visit,ACBBA,ideal,1.0,19,361,4,10,acbba_h1_ideal,C:\Users\lottj\Desktop\research\decentralized benchmark\commitment-horizon-study\reference_core_benchmark_pilot\known_visit_10target_300.csv,9,0,15,8.352051974044068,8.352051974044068,03,03,1,0,True,completed
6,known_visit,ACBBA,ideal,1.0,19,361,4,10,acbba_h1_ideal,C:\Users\lottj\Desktop\research\decentralized benchmark\commitment-horizon-study\reference_core_benchmark_pilot\known_visit_10target_300.csv,10,18,7,41.418681950319666,41.418681950319666,00,00,1,0,True,completed
7,known_visit,ACBBA,ideal,1.0,19,361,4,10,acbba_h1_ideal,C:\Users\lottj\Desktop\research\decentralized benchmark\commitment-horizon-study\reference_core_benchmark_pilot\known_visit_10target_300.csv,1,7,3,15.886321060865757,15.886321060865757,00,00,1,0,True,completed
7,known_visit,ACBBA,ideal,1.0,19,361,4,10,acbba_h1_ideal,C:\Users\lottj\Desktop\research\decentralized benchmark\commitment-horizon-study\reference_core_benchmark_pilot\known_visit_10target_300.csv,2,17,14,31.373142745107096,31.373142745107096,02,02,1,0,True,completed
7,known_visit,ACBBA,ideal,1.0,19,361,4,10,acbba_h1_ideal,C:\Users\lottj\Desktop\research\decentralized benchmark\commitment-horizon-study\reference_core_benchmark_pilot\known_visit_10target_300.csv,3,1,9,5.497878965420387,5.497878965420387,01,01,1,0,True,completed
7,known_visit,ACBBA,ideal,1.0,19,361,4,10,acbba_h1_ideal,C:\Users\lottj\Desktop\research\decentralized benchmark\commitment-horizon-study\reference_core_benchmark_pilot\known_visit_10target_300.csv,4,13,14,24.335807360005223,24.335807360005223,02,02,1,0,True,completed
7,known_visit,ACBBA,ideal,1.0,19,361,4,10,acbba_h1_ideal,C:\Users\lottj\Desktop\research\decentralized benchmark\commitment-horizon-study\reference_core_benchmark_pilot\known_visit_10target_300.csv,5,10,5,28.362920306967336,28.362920306967336,01,01,1,0,True,completed
7,known_visit,ACBBA,ideal,1.0,19,361,4,10,acbba_h1_ideal,C:\Users\lottj\Desktop\research\decentralized benchmark\commitment-horizon-study\reference_core_benchmark_pilot\known_visit_10target_300.csv,6,7,16,13.950644245482422,13.950644245482422,03,03,1,0,True,completed
7,known_visit,ACBBA,ideal,1.0,19,361,4,10,acbba_h1_ideal,C:\Users\lottj\Desktop\research\decentralized benchmark\commitment-horizon-study\reference_core_benchmark_pilot\known_visit_10target_300.csv,7,18,15,35.183002895207274,35.183002895207274,02,02,1,0,True,completed
7,known_visit,ACBBA,ideal,1.0,19,361,4,10,acbba_h1_ideal,C:\Users\lottj\Desktop\research\decentralized benchmark\commitment-horizon-study\reference_core_benchmark_pilot\known_visit_10target_300.csv,8,16,7,42.541367750780886,42.541367750780886,01,01,1,0,True,completed
7,known_visit,ACBBA,ideal,1.0,19,361,4,10,acbba_h1_ideal,C:\Users\lottj\Desktop\research\decentralized benchmark\commitment-horizon-study\reference_core_benchmark_pilot\known_visit_10target_300.csv,9,2,12,1.8853647686778228,1.8853647686778228,02,02,1,0,True,completed
7,known_visit,ACBBA,ideal,1.0,19,361,4,10,acbba_h1_ideal,C:\Users\lottj\Desktop\research\decentralized benchmark\commitment-horizon-study\reference_core_benchmark_pilot\known_visit_10target_300.csv,10,9,2,21.666351903710417,21.666351903710417,00,00,1,0,True,completed
8,known_visit,ACBBA,ideal,1.0,19,361,4,10,acbba_h1_ideal,C:\Users\lottj\Desktop\research\decentralized benchmark\commitment-horizon-study\reference_core_benchmark_pilot\known_visit_10target_300.csv,1,4,16,9.18895066336471,9.18895066336471,03,03,1,0,True,completed
8,known_visit,ACBBA,ideal,1.0,19,361,4,10,acbba_h1_ideal,C:\Users\lottj\Desktop\research\decentralized benchmark\commitment-horizon-study\reference_core_benchmark_pilot\known_visit_10target_300.csv,2,9,10,21.79116758907375,21.79116758907375,02,02,1,0,True,completed
8,known_visit,ACBBA,ideal,1.0,19,361,4,10,acbba_h1_ideal,C:\Users\lottj\Desktop\research\decentralized benchmark\commitment-horizon-study\reference_core_benchmark_pilot\known_visit_10target_300.csv,3,12,8,26.594472885938654,26.594472885938654,01,01,1,0,True,completed
8,known_visit,ACBBA,ideal,1.0,19,361,4,10,acbba_h1_ideal,C:\Users\lottj\Desktop\research\decentralized benchmark\commitment-horizon-study\reference_core_benchmark_pilot\known_visit_10target_300.csv,4,12,15,24.49272991682784,24.49272991682784,03,03,1,0,True,completed
8,known_visit,ACBBA,ideal,1.0,19,361,4,10,acbba_h1_ideal,C:\Users\lottj\Desktop\research\decentralized benchmark\commitment-horizon-study\reference_core_benchmark_pilot\known_visit_10target_300.csv,5,11,6,21.305448259142135,21.305448259142135,01,01,2,1,True,completed
8,known_visit,ACBBA,ideal,1.0,19,361,4,10,acbba_h1_ideal,C:\Users\lottj\Desktop\research\decentralized benchmark\commitment-horizon-study\reference_core_benchmark_pilot\known_visit_10target_300.csv,6,17,7,37.01417272113848,37.01417272113848,01,01,1,0,True,completed
8,known_visit,ACBBA,ideal,1.0,19,361,4,10,acbba_h1_ideal,C:\Users\lottj\Desktop\research\decentralized benchmark\commitment-horizon-study\reference_core_benchmark_pilot\known_visit_10target_300.csv,7,0,5,0.5065340402355365,0.5065340402355365,01,01,2,1,True,completed
8,known_visit,ACBBA,ideal,1.0,19,361,4,10,acbba_h1_ideal,C:\Users\lottj\Desktop\research\decentralized benchmark\commitment-horizon-study\reference_core_benchmark_pilot\known_visit_10target_300.csv,8,2,5,4.056026309927918,4.056026309927918,01,01,1,0,True,completed
8,known_visit,ACBBA,ideal,1.0,19,361,4,10,acbba_h1_ideal,C:\Users\lottj\Desktop\research\decentralized benchmark\commitment-horizon-study\reference_core_benchmark_pilot\known_visit_10target_300.csv,9,1,5,2.4447823746551918,2.4447823746551918,01,01,1,0,True,completed
8,known_visit,ACBBA,ideal,1.0,19,361,4,10,acbba_h1_ideal,C:\Users\lottj\Desktop\research\decentralized benchmark\commitment-horizon-study\reference_core_benchmark_pilot\known_visit_10target_300.csv,10,17,0,49.16521004870485,49.16521004870485,01,01,1,0,True,completed
9,known_visit,ACBBA,ideal,1.0,19,361,4,10,acbba_h1_ideal,C:\Users\lottj\Desktop\research\decentralized benchmark\commitment-horizon-study\reference_core_benchmark_pilot\known_visit_10target_300.csv,1,12,16,22.67164208237089,22.67164208237089,03,03,1,0,True,completed
9,known_visit,ACBBA,ideal,1.0,19,361,4,10,acbba_h1_ideal,C:\Users\lottj\Desktop\research\decentralized benchmark\commitment-horizon-study\reference_core_benchmark_pilot\known_visit_10target_300.csv,2,16,17,31.606368646277218,31.606368646277218,03,03,1,0,True,completed
9,known_visit,ACBBA,ideal,1.0,19,361,4,10,acbba_h1_ideal,C:\Users\lottj\Desktop\research\decentralized benchmark\commitment-horizon-study\reference_core_benchmark_pilot\known_visit_10target_300.csv,3,2,7,10.62282025722111,10.62282025722111,02,02,1,0,True,completed
9,known_visit,ACBBA,ideal,1.0,19,361,4,10,acbba_h1_ideal,C:\Users\lottj\Desktop\research\decentralized benchmark\commitment-horizon-study\reference_core_benchmark_pilot\known_visit_10target_300.csv,4,18,12,44.20044608816785,44.20044608816785,03,03,1,0,True,completed
9,known_visit,ACBBA,ideal,1.0,19,361,4,10,acbba_h1_ideal,C:\Users\lottj\Desktop\research\decentralized benchmark\commitment-horizon-study\reference_core_benchmark_pilot\known_visit_10target_300.csv,5,17,1,41.292636306199505,41.292636306199505,00,00,1,0,True,completed
9,known_visit,ACBBA,ideal,1.0,19,361,4,10,acbba_h1_ideal,C:\Users\lottj\Desktop\research\decentralized benchmark\commitment-horizon-study\reference_core_benchmark_pilot\known_visit_10target_300.csv,6,8,2,19.602095074967423,19.602095074967423,00,00,1,0,True,completed
9,known_visit,ACBBA,ideal,1.0,19,361,4,10,acbba_h1_ideal,C:\Users\lottj\Desktop\research\decentralized benchmark\commitment-horizon-study\reference_core_benchmark_pilot\known_visit_10target_300.csv,7,9,18,13.925278465722826,13.925278465722826,03,03,1,0,True,completed
9,known_visit,ACBBA,ideal,1.0,19,361,4,10,acbba_h1_ideal,C:\Users\lottj\Desktop\research\decentralized benchmark\commitment-horizon-study\reference_core_benchmark_pilot\known_visit_10target_300.csv,8,10,3,25.371482659893736,25.371482659893736,00,00,1,0,True,completed
9,known_visit,ACBBA,ideal,1.0,19,361,4,10,acbba_h1_ideal,C:\Users\lottj\Desktop\research\decentralized benchmark\commitment-horizon-study\reference_core_benchmark_pilot\known_visit_10target_300.csv,9,1,4,3.9325050131264647,3.9325050131264647,01,01,1,0,True,completed
9,known_visit,ACBBA,ideal,1.0,19,361,4,10,acbba_h1_ideal,C:\Users\lottj\Desktop\research\decentralized benchmark\commitment-horizon-study\reference_core_benchmark_pilot\known_visit_10target_300.csv,10,1,1,2.083433775779978,2.083433775779978,00,00,1,0,True,completed
10,known_visit,ACBBA,ideal,1.0,19,361,4,10,acbba_h1_ideal,C:\Users\lottj\Desktop\research\decentralized benchmark\commitment-horizon-study\reference_core_benchmark_pilot\known_visit_10target_300.csv,1,4,2,8.803961981057267,8.803961981057267,00,00,1,0,True,completed
10,known_visit,ACBBA,ideal,1.0,19,361,4,10,acbba_h1_ideal,C:\Users\lottj\Desktop\research\decentralized benchmark\commitment-horizon-study\reference_core_benchmark_pilot\known_visit_10target_300.csv,2,13,14,25.330211932589805,25.330211932589805,02,02,1,0,True,completed
10,known_visit,ACBBA,ideal,1.0,19,361,4,10,acbba_h1_ideal,C:\Users\lottj\Desktop\research\decentralized benchmark\commitment-horizon-study\reference_core_benchmark_pilot\known_visit_10target_300.csv,3,11,18,28.4239909992948,28.4239909992948,03,03,1,0,True,completed
10,known_visit,ACBBA,ideal,1.0,19,361,4,10,acbba_h1_ideal,C:\Users\lottj\Desktop\research\decentralized benchmark\commitment-horizon-study\reference_core_benchmark_pilot\known_visit_10target_300.csv,4,12,10,26.547342005380507,26.547342005380507,01,01,1,0,True,completed
10,known_visit,ACBBA,ideal,1.0,19,361,4,10,acbba_h1_ideal,C:\Users\lottj\Desktop\research\decentralized benchmark\commitment-horizon-study\reference_core_benchmark_pilot\known_visit_10target_300.csv,5,5,14,11.058818100986493,11.058818100986493,02,02,1,0,True,completed
10,known_visit,ACBBA,ideal,1.0,19,361,4,10,acbba_h1_ideal,C:\Users\lottj\Desktop\research\decentralized benchmark\commitment-horizon-study\reference_core_benchmark_pilot\known_visit_10target_300.csv,6,10,7,17.497965893171678,17.497965893171678,01,01,1,0,True,completed
10,known_visit,ACBBA,ideal,1.0,19,361,4,10,acbba_h1_ideal,C:\Users\lottj\Desktop\research\decentralized benchmark\commitment-horizon-study\reference_core_benchmark_pilot\known_visit_10target_300.csv,7,4,14,9.01895615880317,9.01895615880317,02,02,1,0,True,completed
10,known_visit,ACBBA,ideal,1.0,19,361,4,10,acbba_h1_ideal,C:\Users\lottj\Desktop\research\decentralized benchmark\commitment-horizon-study\reference_core_benchmark_pilot\known_visit_10target_300.csv,8,8,6,12.143824894654115,12.143824894654115,01,01,1,0,True,completed
10,known_visit,ACBBA,ideal,1.0,19,361,4,10,acbba_h1_ideal,C:\Users\lottj\Desktop\research\decentralized benchmark\commitment-horizon-study\reference_core_benchmark_pilot\known_visit_10target_300.csv,9,16,5,34.636649013194976,34.636649013194976,00,00,1,0,True,completed
10,known_visit,ACBBA,ideal,1.0,19,361,4,10,acbba_h1_ideal,C:\Users\lottj\Desktop\research\decentralized benchmark\commitment-horizon-study\reference_core_benchmark_pilot\known_visit_10target_300.csv,10,9,18,24.603424665183045,24.603424665183045,03,03,1,0,True,completed
11,known_visit,ACBBA,ideal,1.0,19,361,4,10,acbba_h1_ideal,C:\Users\lottj\Desktop\research\decentralized benchmark\commitment-horizon-study\reference_core_benchmark_pilot\known_visit_10target_300.csv,1,0,16,2.2189757097028404,2.2189757097028404,03,03,1,0,True,completed
11,known_visit,ACBBA,ideal,1.0,19,361,4,10,acbba_h1_ideal,C:\Users\lottj\Desktop\research\decentralized benchmark\commitment-horizon-study\reference_core_benchmark_pilot\known_visit_10target_300.csv,2,7,11,16.556871670346137,16.556871670346137,02,02,1,0,True,completed
11,known_visit,ACBBA,ideal,1.0,19,361,4,10,acbba_h1_ideal,C:\Users\lottj\Desktop\research\decentralized benchmark\commitment-horizon-study\reference_core_benchmark_pilot\known_visit_10target_300.csv,3,14,15,32.156017163880456,32.156017163880456,03,03,1,0,True,completed
11,known_visit,ACBBA,ideal,1.0,19,361,4,10,acbba_h1_ideal,C:\Users\lottj\Desktop\research\decentralized benchmark\commitment-horizon-study\reference_core_benchmark_pilot\known_visit_10target_300.csv,4,9,7,15.596984257123808,15.596984257123808,01,01,1,0,True,completed
11,known_visit,ACBBA,ideal,1.0,19,361,4,10,acbba_h1_ideal,C:\Users\lottj\Desktop\research\decentralized benchmark\commitment-horizon-study\reference_core_benchmark_pilot\known_visit_10target_300.csv,5,5,12,11.093013601276706,11.093013601276706,02,02,1,0,True,completed
11,known_visit,ACBBA,ideal,1.0,19,361,4,10,acbba_h1_ideal,C:\Users\lottj\Desktop\research\decentralized benchmark\commitment-horizon-study\reference_core_benchmark_pilot\known_visit_10target_300.csv,6,8,13,21.83427843928003,21.83427843928003,02,02,1,0,True,completed
11,known_visit,ACBBA,ideal,1.0,19,361,4,10,acbba_h1_ideal,C:\Users\lottj\Desktop\research\decentralized benchmark\commitment-horizon-study\reference_core_benchmark_pilot\known_visit_10target_300.csv,7,18,17,42.99710831549929,42.99710831549929,03,03,1,0,True,completed
11,known_visit,ACBBA,ideal,1.0,19,361,4,10,acbba_h1_ideal,C:\Users\lottj\Desktop\research\decentralized benchmark\commitment-horizon-study\reference_core_benchmark_pilot\known_visit_10target_300.csv,8,8,17,18.08274171834231,18.08274171834231,03,03,1,0,True,completed
11,known_visit,ACBBA,ideal,1.0,19,361,4,10,acbba_h1_ideal,C:\Users\lottj\Desktop\research\decentralized benchmark\commitment-horizon-study\reference_core_benchmark_pilot\known_visit_10target_300.csv,9,13,9,26.001301268782857,26.001301268782857,01,01,1,0,True,completed
11,known_visit,ACBBA,ideal,1.0,19,361,4,10,acbba_h1_ideal,C:\Users\lottj\Desktop\research\decentralized benchmark\commitment-horizon-study\reference_core_benchmark_pilot\known_visit_10target_300.csv,10,5,2,10.68929565552912,10.68929565552912,00,00,1,0,True,completed
12,known_visit,ACBBA,ideal,1.0,19,361,4,10,acbba_h1_ideal,C:\Users\lottj\Desktop\research\decentralized benchmark\commitment-horizon-study\reference_core_benchmark_pilot\known_visit_10target_300.csv,1,16,8,37.591003803508755,37.591003803508755,02,02,1,0,True,completed
12,known_visit,ACBBA,ideal,1.0,19,361,4,10,acbba_h1_ideal,C:\Users\lottj\Desktop\research\decentralized benchmark\commitment-horizon-study\reference_core_benchmark_pilot\known_visit_10target_300.csv,2,12,16,33.51343611308159,33.51343611308159,03,03,1,0,True,completed
12,known_visit,ACBBA,ideal,1.0,19,361,4,10,acbba_h1_ideal,C:\Users\lottj\Desktop\research\decentralized benchmark\commitment-horizon-study\reference_core_benchmark_pilot\known_visit_10target_300.csv,3,3,3,9.630038487021356,9.630038487021356,01,01,1,0,True,completed
12,known_visit,ACBBA,ideal,1.0,19,361,4,10,acbba_h1_ideal,C:\Users\lottj\Desktop\research\decentralized benchmark\commitment-horizon-study\reference_core_benchmark_pilot\known_visit_10target_300.csv,4,5,13,16.155294512189784,16.155294512189784,03,03,1,0,True,completed
12,known_visit,ACBBA,ideal,1.0,19,361,4,10,acbba_h1_ideal,C:\Users\lottj\Desktop\research\decentralized benchmark\commitment-horizon-study\reference_core_benchmark_pilot\known_visit_10target_300.csv,5,18,15,45.92126889091876,45.92126889091876,03,03,1,0,True,completed
12,known_visit,ACBBA,ideal,1.0,19,361,4,10,acbba_h1_ideal,C:\Users\lottj\Desktop\research\decentralized benchmark\commitment-horizon-study\reference_core_benchmark_pilot\known_visit_10target_300.csv,6,2,17,3.8836605681491307,3.8836605681491307,03,03,1,0,True,completed
12,known_visit,ACBBA,ideal,1.0,19,361,4,10,acbba_h1_ideal,C:\Users\lottj\Desktop\research\decentralized benchmark\commitment-horizon-study\reference_core_benchmark_pilot\known_visit_10target_300.csv,7,2,9,7.303351944937583,7.303351944937583,02,02,1,0,True,completed
12,known_visit,ACBBA,ideal,1.0,19,361,4,10,acbba_h1_ideal,C:\Users\lottj\Desktop\research\decentralized benchmark\commitment-horizon-study\reference_core_benchmark_pilot\known_visit_10target_300.csv,8,3,5,5.677426837460306,5.677426837460306,01,01,1,0,True,completed
12,known_visit,ACBBA,ideal,1.0,19,361,4,10,acbba_h1_ideal,C:\Users\lottj\Desktop\research\decentralized benchmark\commitment-horizon-study\reference_core_benchmark_pilot\known_visit_10target_300.csv,9,12,6,30.275453965023786,30.275453965023786,01,01,1,0,True,completed
12,known_visit,ACBBA,ideal,1.0,19,361,4,10,acbba_h1_ideal,C:\Users\lottj\Desktop\research\decentralized benchmark\commitment-horizon-study\reference_core_benchmark_pilot\known_visit_10target_300.csv,10,9,0,22.67376978728417,22.67376978728417,00,00,1,0,True,completed
13,known_visit,ACBBA,ideal,1.0,19,361,4,10,acbba_h1_ideal,C:\Users\lottj\Desktop\research\decentralized benchmark\commitment-horizon-study\reference_core_benchmark_pilot\known_visit_10target_300.csv,1,7,7,20.104245290559426,20.104245290559426,01,01,1,0,True,completed
13,known_visit,ACBBA,ideal,1.0,19,361,4,10,acbba_h1_ideal,C:\Users\lottj\Desktop\research\decentralized benchmark\commitment-horizon-study\reference_core_benchmark_pilot\known_visit_10target_300.csv,2,3,3,9.13275323595097,9.13275323595097,00,00,1,0,True,completed
13,known_visit,ACBBA,ideal,1.0,19,361,4,10,acbba_h1_ideal,C:\Users\lottj\Desktop\research\decentralized benchmark\commitment-horizon-study\reference_core_benchmark_pilot\known_visit_10target_300.csv,3,18,5,43.03427032062014,43.03427032062014,01,01,1,0,True,completed
13,known_visit,ACBBA,ideal,1.0,19,361,4,10,acbba_h1_ideal,C:\Users\lottj\Desktop\research\decentralized benchmark\commitment-horizon-study\reference_core_benchmark_pilot\known_visit_10target_300.csv,4,2,10,5.511606590899793,5.511606590899793,02,02,1,0,True,completed
13,known_visit,ACBBA,ideal,1.0,19,361,4,10,acbba_h1_ideal,C:\Users\lottj\Desktop\research\decentralized benchmark\commitment-horizon-study\reference_core_benchmark_pilot\known_visit_10target_300.csv,5,12,4,26.23220700105303,26.23220700105303,00,00,1,0,True,completed
13,known_visit,ACBBA,ideal,1.0,19,361,4,10,acbba_h1_ideal,C:\Users\lottj\Desktop\research\decentralized benchmark\commitment-horizon-study\reference_core_benchmark_pilot\known_visit_10target_300.csv,6,1,9,5.5306376545201985,5.5306376545201985,01,01,1,0,True,completed
13,known_visit,ACBBA,ideal,1.0,19,361,4,10,acbba_h1_ideal,C:\Users\lottj\Desktop\research\decentralized benchmark\commitment-horizon-study\reference_core_benchmark_pilot\known_visit_10target_300.csv,7,11,11,23.07272064328739,23.07272064328739,02,02,2,1,True,completed
13,known_visit,ACBBA,ideal,1.0,19,361,4,10,acbba_h1_ideal,C:\Users\lottj\Desktop\research\decentralized benchmark\commitment-horizon-study\reference_core_benchmark_pilot\known_visit_10target_300.csv,8,13,1,33.19048010972342,33.19048010972342,00,00,1,0,True,completed
13,known_visit,ACBBA,ideal,1.0,19,361,4,10,acbba_h1_ideal,C:\Users\lottj\Desktop\research\decentralized benchmark\commitment-horizon-study\reference_core_benchmark_pilot\known_visit_10target_300.csv,9,14,2,37.152914644852444,37.152914644852444,00,00,1,0,True,completed
13,known_visit,ACBBA,ideal,1.0,19,361,4,10,acbba_h1_ideal,C:\Users\lottj\Desktop\research\decentralized benchmark\commitment-horizon-study\reference_core_benchmark_pilot\known_visit_10target_300.csv,10,18,3,45.93752041574411,45.93752041574411,00,00,1,0,True,completed
14,known_visit,ACBBA,ideal,1.0,19,361,4,10,acbba_h1_ideal,C:\Users\lottj\Desktop\research\decentralized benchmark\commitment-horizon-study\reference_core_benchmark_pilot\known_visit_10target_300.csv,1,18,5,38.09629562949446,38.09629562949446,01,01,1,0,True,completed
14,known_visit,ACBBA,ideal,1.0,19,361,4,10,acbba_h1_ideal,C:\Users\lottj\Desktop\research\decentralized benchmark\commitment-horizon-study\reference_core_benchmark_pilot\known_visit_10target_300.csv,2,5,1,12.92456362534777,12.92456362534777,00,00,1,0,True,completed
14,known_visit,ACBBA,ideal,1.0,19,361,4,10,acbba_h1_ideal,C:\Users\lottj\Desktop\research\decentralized benchmark\commitment-horizon-study\reference_core_benchmark_pilot\known_visit_10target_300.csv,3,11,15,23.019951236283983,23.019951236283983,02,02,1,0,True,completed
14,known_visit,ACBBA,ideal,1.0,19,361,4,10,acbba_h1_ideal,C:\Users\lottj\Desktop\research\decentralized benchmark\commitment-horizon-study\reference_core_benchmark_pilot\known_visit_10target_300.csv,4,4,17,7.155475286580958,7.155475286580958,03,03,1,0,True,completed
14,known_visit,ACBBA,ideal,1.0,19,361,4,10,acbba_h1_ideal,C:\Users\lottj\Desktop\research\decentralized benchmark\commitment-horizon-study\reference_core_benchmark_pilot\known_visit_10target_300.csv,5,10,14,19.244987096554674,19.244987096554674,02,02,1,0,True,completed
14,known_visit,ACBBA,ideal,1.0,19,361,4,10,acbba_h1_ideal,C:\Users\lottj\Desktop\research\decentralized benchmark\commitment-horizon-study\reference_core_benchmark_pilot\known_visit_10target_300.csv,6,7,16,14.265481347203737,14.265481347203737,03,03,1,0,True,completed
14,known_visit,ACBBA,ideal,1.0,19,361,4,10,acbba_h1_ideal,C:\Users\lottj\Desktop\research\decentralized benchmark\commitment-horizon-study\reference_core_benchmark_pilot\known_visit_10target_300.csv,7,10,18,23.209295927950937,23.209295927950937,03,03,1,0,True,completed
14,known_visit,ACBBA,ideal,1.0,19,361,4,10,acbba_h1_ideal,C:\Users\lottj\Desktop\research\decentralized benchmark\commitment-horizon-study\reference_core_benchmark_pilot\known_visit_10target_300.csv,8,0,2,2.1655290972945314,2.1655290972945314,00,00,1,0,True,completed
14,known_visit,ACBBA,ideal,1.0,19,361,4,10,acbba_h1_ideal,C:\Users\lottj\Desktop\research\decentralized benchmark\commitment-horizon-study\reference_core_benchmark_pilot\known_visit_10target_300.csv,9,14,0,30.575072889255637,30.575072889255637,00,00,1,0,True,completed
14,known_visit,ACBBA,ideal,1.0,19,361,4,10,acbba_h1_ideal,C:\Users\lottj\Desktop\research\decentralized benchmark\commitment-horizon-study\reference_core_benchmark_pilot\known_visit_10target_300.csv,10,7,3,15.822237396602626,15.822237396602626,01,01,1,0,True,completed
15,known_visit,ACBBA,ideal,1.0,19,361,4,10,acbba_h1_ideal,C:\Users\lottj\Desktop\research\decentralized benchmark\commitment-horizon-study\reference_core_benchmark_pilot\known_visit_10target_300.csv,1,5,17,8.7475891857948,8.7475891857948,03,03,1,0,True,completed
15,known_visit,ACBBA,ideal,1.0,19,361,4,10,acbba_h1_ideal,C:\Users\lottj\Desktop\research\decentralized benchmark\commitment-horizon-study\reference_core_benchmark_pilot\known_visit_10target_300.csv,2,2,5,3.8491595093308857,3.8491595093308857,01,01,1,0,True,completed
15,known_visit,ACBBA,ideal,1.0,19,361,4,10,acbba_h1_ideal,C:\Users\lottj\Desktop\research\decentralized benchmark\commitment-horizon-study\reference_core_benchmark_pilot\known_visit_10target_300.csv,3,9,16,17.275013444998915,17.275013444998915,03,03,1,0,True,completed
15,known_visit,ACBBA,ideal,1.0,19,361,4,10,acbba_h1_ideal,C:\Users\lottj\Desktop\research\decentralized benchmark\commitment-horizon-study\reference_core_benchmark_pilot\known_visit_10target_300.csv,4,12,15,24.434847741232623,24.434847741232623,03,03,1,0,True,completed
15,known_visit,ACBBA,ideal,1.0,19,361,4,10,acbba_h1_ideal,C:\Users\lottj\Desktop\research\decentralized benchmark\commitment-horizon-study\reference_core_benchmark_pilot\known_visit_10target_300.csv,5,5,3,12.595818579613278,12.595818579613278,01,01,1,0,True,completed
15,known_visit,ACBBA,ideal,1.0,19,361,4,10,acbba_h1_ideal,C:\Users\lottj\Desktop\research\decentralized benchmark\commitment-horizon-study\reference_core_benchmark_pilot\known_visit_10target_300.csv,6,12,10,33.088845696006835,33.088845696006835,03,03,1,0,True,completed
15,known_visit,ACBBA,ideal,1.0,19,361,4,10,acbba_h1_ideal,C:\Users\lottj\Desktop\research\decentralized benchmark\commitment-horizon-study\reference_core_benchmark_pilot\known_visit_10target_300.csv,7,9,2,21.41279592598984,21.41279592598984,01,01,1,0,True,completed
15,known_visit,ACBBA,ideal,1.0,19,361,4,10,acbba_h1_ideal,C:\Users\lottj\Desktop\research\decentralized benchmark\commitment-horizon-study\reference_core_benchmark_pilot\known_visit_10target_300.csv,8,1,10,4.003428873214203,4.003428873214203,02,02,1,0,True,completed
15,known_visit,ACBBA,ideal,1.0,19,361,4,10,acbba_h1_ideal,C:\Users\lottj\Desktop\research\decentralized benchmark\commitment-horizon-study\reference_core_benchmark_pilot\known_visit_10target_300.csv,9,3,3,9.29573571871411,9.29573571871411,01,01,1,0,True,completed
15,known_visit,ACBBA,ideal,1.0,19,361,4,10,acbba_h1_ideal,C:\Users\lottj\Desktop\research\decentralized benchmark\commitment-horizon-study\reference_core_benchmark_pilot\known_visit_10target_300.csv,10,0,1,0.5201157718247934,0.5201157718247934,00,00,1,0,True,completed
16,known_visit,ACBBA,ideal,1.0,19,361,4,10,acbba_h1_ideal,C:\Users\lottj\Desktop\research\decentralized benchmark\commitment-horizon-study\reference_core_benchmark_pilot\known_visit_10target_300.csv,1,9,16,17.242061257158813,17.242061257158813,03,03,2,1,True,completed
16,known_visit,ACBBA,ideal,1.0,19,361,4,10,acbba_h1_ideal,C:\Users\lottj\Desktop\research\decentralized benchmark\commitment-horizon-study\reference_core_benchmark_pilot\known_visit_10target_300.csv,2,12,0,30.208615599681114,30.208615599681114,00,00,1,0,True,completed
16,known_visit,ACBBA,ideal,1.0,19,361,4,10,acbba_h1_ideal,C:\Users\lottj\Desktop\research\decentralized benchmark\commitment-horizon-study\reference_core_benchmark_pilot\known_visit_10target_300.csv,3,5,5,9.321715637781573,9.321715637781573,01,01,1,0,True,completed
16,known_visit,ACBBA,ideal,1.0,19,361,4,10,acbba_h1_ideal,C:\Users\lottj\Desktop\research\decentralized benchmark\commitment-horizon-study\reference_core_benchmark_pilot\known_visit_10target_300.csv,4,0,5,0.5239017553728974,0.5239017553728974,01,01,1,0,True,completed
16,known_visit,ACBBA,ideal,1.0,19,361,4,10,acbba_h1_ideal,C:\Users\lottj\Desktop\research\decentralized benchmark\commitment-horizon-study\reference_core_benchmark_pilot\known_visit_10target_300.csv,5,7,3,16.256058486929355,16.256058486929355,00,00,1,0,True,completed
16,known_visit,ACBBA,ideal,1.0,19,361,4,10,acbba_h1_ideal,C:\Users\lottj\Desktop\research\decentralized benchmark\commitment-horizon-study\reference_core_benchmark_pilot\known_visit_10target_300.csv,6,1,13,2.1475721748569816,2.1475721748569816,02,02,1,0,True,completed
16,known_visit,ACBBA,ideal,1.0,19,361,4,10,acbba_h1_ideal,C:\Users\lottj\Desktop\research\decentralized benchmark\commitment-horizon-study\reference_core_benchmark_pilot\known_visit_10target_300.csv,7,13,5,27.22136686043776,27.22136686043776,01,01,1,0,True,completed
16,known_visit,ACBBA,ideal,1.0,19,361,4,10,acbba_h1_ideal,C:\Users\lottj\Desktop\research\decentralized benchmark\commitment-horizon-study\reference_core_benchmark_pilot\known_visit_10target_300.csv,8,13,1,34.135052235966015,34.135052235966015,00,00,1,0,True,completed
16,known_visit,ACBBA,ideal,1.0,19,361,4,10,acbba_h1_ideal,C:\Users\lottj\Desktop\research\decentralized benchmark\commitment-horizon-study\reference_core_benchmark_pilot\known_visit_10target_300.csv,9,9,18,13.64650179045631,13.64650179045631,03,03,1,0,True,completed
16,known_visit,ACBBA,ideal,1.0,19,361,4,10,acbba_h1_ideal,C:\Users\lottj\Desktop\research\decentralized benchmark\commitment-horizon-study\reference_core_benchmark_pilot\known_visit_10target_300.csv,10,15,14,31.197514221520244,31.197514221520244,03,03,1,0,True,completed
17,known_visit,ACBBA,ideal,1.0,19,361,4,10,acbba_h1_ideal,C:\Users\lottj\Desktop\research\decentralized benchmark\commitment-horizon-study\reference_core_benchmark_pilot\known_visit_10target_300.csv,1,10,11,17.132773524722083,17.132773524722083,02,02,1,0,True,completed
17,known_visit,ACBBA,ideal,1.0,19,361,4,10,acbba_h1_ideal,C:\Users\lottj\Desktop\research\decentralized benchmark\commitment-horizon-study\reference_core_benchmark_pilot\known_visit_10target_300.csv,2,16,16,29.52206660152865,29.52206660152865,03,03,1,0,True,completed
17,known_visit,ACBBA,ideal,1.0,19,361,4,10,acbba_h1_ideal,C:\Users\lottj\Desktop\research\decentralized benchmark\commitment-horizon-study\reference_core_benchmark_pilot\known_visit_10target_300.csv,3,14,2,25.846923609556587,25.846923609556587,00,00,1,0,True,completed
17,known_visit,ACBBA,ideal,1.0,19,361,4,10,acbba_h1_ideal,C:\Users\lottj\Desktop\research\decentralized benchmark\commitment-horizon-study\reference_core_benchmark_pilot\known_visit_10target_300.csv,4,2,7,4.029201212594618,4.029201212594618,01,01,1,0,True,completed
17,known_visit,ACBBA,ideal,1.0,19,361,4,10,acbba_h1_ideal,C:\Users\lottj\Desktop\research\decentralized benchmark\commitment-horizon-study\reference_core_benchmark_pilot\known_visit_10target_300.csv,5,17,1,33.33343566577261,33.33343566577261,00,00,1,0,True,completed
17,known_visit,ACBBA,ideal,1.0,19,361,4,10,acbba_h1_ideal,C:\Users\lottj\Desktop\research\decentralized benchmark\commitment-horizon-study\reference_core_benchmark_pilot\known_visit_10target_300.csv,6,1,6,0.21329598793776605,0.21329598793776605,01,01,1,0,True,completed
17,known_visit,ACBBA,ideal,1.0,19,361,4,10,acbba_h1_ideal,C:\Users\lottj\Desktop\research\decentralized benchmark\commitment-horizon-study\reference_core_benchmark_pilot\known_visit_10target_300.csv,7,18,1,35.28941789350769,35.28941789350769,00,00,1,0,True,completed
17,known_visit,ACBBA,ideal,1.0,19,361,4,10,acbba_h1_ideal,C:\Users\lottj\Desktop\research\decentralized benchmark\commitment-horizon-study\reference_core_benchmark_pilot\known_visit_10target_300.csv,8,11,17,19.30469918454797,19.30469918454797,03,03,1,0,True,completed
17,known_visit,ACBBA,ideal,1.0,19,361,4,10,acbba_h1_ideal,C:\Users\lottj\Desktop\research\decentralized benchmark\commitment-horizon-study\reference_core_benchmark_pilot\known_visit_10target_300.csv,9,4,8,9.319783367441955,9.319783367441955,01,01,1,0,True,completed
17,known_visit,ACBBA,ideal,1.0,19,361,4,10,acbba_h1_ideal,C:\Users\lottj\Desktop\research\decentralized benchmark\commitment-horizon-study\reference_core_benchmark_pilot\known_visit_10target_300.csv,10,10,9,20.636517546696883,20.636517546696883,02,02,1,0,True,completed
18,known_visit,ACBBA,ideal,1.0,19,361,4,10,acbba_h1_ideal,C:\Users\lottj\Desktop\research\decentralized benchmark\commitment-horizon-study\reference_core_benchmark_pilot\known_visit_10target_300.csv,1,16,11,35.92618438235816,35.92618438235816,02,02,1,0,True,completed
18,known_visit,ACBBA,ideal,1.0,19,361,4,10,acbba_h1_ideal,C:\Users\lottj\Desktop\research\decentralized benchmark\commitment-horizon-study\reference_core_benchmark_pilot\known_visit_10target_300.csv,2,17,4,31.910864570028306,31.910864570028306,01,01,1,0,True,completed
18,known_visit,ACBBA,ideal,1.0,19,361,4,10,acbba_h1_ideal,C:\Users\lottj\Desktop\research\decentralized benchmark\commitment-horizon-study\reference_core_benchmark_pilot\known_visit_10target_300.csv,3,13,1,22.85153604139037,22.85153604139037,00,00,1,0,True,completed
18,known_visit,ACBBA,ideal,1.0,19,361,4,10,acbba_h1_ideal,C:\Users\lottj\Desktop\research\decentralized benchmark\commitment-horizon-study\reference_core_benchmark_pilot\known_visit_10target_300.csv,4,13,13,29.58443618605795,29.58443618605795,03,03,1,0,True,completed
18,known_visit,ACBBA,ideal,1.0,19,361,4,10,acbba_h1_ideal,C:\Users\lottj\Desktop\research\decentralized benchmark\commitment-horizon-study\reference_core_benchmark_pilot\known_visit_10target_300.csv,5,14,12,30.30911292622838,30.30911292622838,02,02,1,0,True,completed
18,known_visit,ACBBA,ideal,1.0,19,361,4,10,acbba_h1_ideal,C:\Users\lottj\Desktop\research\decentralized benchmark\commitment-horizon-study\reference_core_benchmark_pilot\known_visit_10target_300.csv,6,2,1,3.963573091280167,3.963573091280167,00,00,1,0,True,completed
18,known_visit,ACBBA,ideal,1.0,19,361,4,10,acbba_h1_ideal,C:\Users\lottj\Desktop\research\decentralized benchmark\commitment-horizon-study\reference_core_benchmark_pilot\known_visit_10target_300.csv,7,4,16,8.986187641033816,8.986187641033816,03,03,1,0,True,completed
18,known_visit,ACBBA,ideal,1.0,19,361,4,10,acbba_h1_ideal,C:\Users\lottj\Desktop\research\decentralized benchmark\commitment-horizon-study\reference_core_benchmark_pilot\known_visit_10target_300.csv,8,14,2,26.635576874221865,26.635576874221865,00,00,1,0,True,completed
18,known_visit,ACBBA,ideal,1.0,19,361,4,10,acbba_h1_ideal,C:\Users\lottj\Desktop\research\decentralized benchmark\commitment-horizon-study\reference_core_benchmark_pilot\known_visit_10target_300.csv,9,12,10,22.637319156501825,22.637319156501825,02,02,1,0,True,completed
18,known_visit,ACBBA,ideal,1.0,19,361,4,10,acbba_h1_ideal,C:\Users\lottj\Desktop\research\decentralized benchmark\commitment-horizon-study\reference_core_benchmark_pilot\known_visit_10target_300.csv,10,8,5,14.114228734602253,14.114228734602253,01,01,1,0,True,completed
19,known_visit,ACBBA,ideal,1.0,19,361,4,10,acbba_h1_ideal,C:\Users\lottj\Desktop\research\decentralized benchmark\commitment-horizon-study\reference_core_benchmark_pilot\known_visit_10target_300.csv,1,2,7,3.7209698167968512,3.7209698167968512,01,01,1,0,True,completed
19,known_visit,ACBBA,ideal,1.0,19,361,4,10,acbba_h1_ideal,C:\Users\lottj\Desktop\research\decentralized benchmark\commitment-horizon-study\reference_core_benchmark_pilot\known_visit_10target_300.csv,2,14,9,39.29742701651454,39.29742701651454,02,02,1,0,True,completed
19,known_visit,ACBBA,ideal,1.0,19,361,4,10,acbba_h1_ideal,C:\Users\lottj\Desktop\research\decentralized benchmark\commitment-horizon-study\reference_core_benchmark_pilot\known_visit_10target_300.csv,3,15,12,32.24786935039073,32.24786935039073,02,02,1,0,True,completed
19,known_visit,ACBBA,ideal,1.0,19,361,4,10,acbba_h1_ideal,C:\Users\lottj\Desktop\research\decentralized benchmark\commitment-horizon-study\reference_core_benchmark_pilot\known_visit_10target_300.csv,4,9,15,23.668252635163835,23.668252635163835,03,03,1,0,True,completed
19,known_visit,ACBBA,ideal,1.0,19,361,4,10,acbba_h1_ideal,C:\Users\lottj\Desktop\research\decentralized benchmark\commitment-horizon-study\reference_core_benchmark_pilot\known_visit_10target_300.csv,5,11,4,24.961006363502033,24.961006363502033,01,01,1,0,True,completed
19,known_visit,ACBBA,ideal,1.0,19,361,4,10,acbba_h1_ideal,C:\Users\lottj\Desktop\research\decentralized benchmark\commitment-horizon-study\reference_core_benchmark_pilot\known_visit_10target_300.csv,6,6,18,8.59973771965372,8.59973771965372,03,03,1,0,True,completed
19,known_visit,ACBBA,ideal,1.0,19,361,4,10,acbba_h1_ideal,C:\Users\lottj\Desktop\research\decentralized benchmark\commitment-horizon-study\reference_core_benchmark_pilot\known_visit_10target_300.csv,7,10,5,21.41081015508457,21.41081015508457,01,01,2,1,True,completed
19,known_visit,ACBBA,ideal,1.0,19,361,4,10,acbba_h1_ideal,C:\Users\lottj\Desktop\research\decentralized benchmark\commitment-horizon-study\reference_core_benchmark_pilot\known_visit_10target_300.csv,8,11,1,30.314585847970804,30.314585847970804,01,01,1,0,True,completed
19,known_visit,ACBBA,ideal,1.0,19,361,4,10,acbba_h1_ideal,C:\Users\lottj\Desktop\research\decentralized benchmark\commitment-horizon-study\reference_core_benchmark_pilot\known_visit_10target_300.csv,9,8,18,12.097983855015757,12.097983855015757,03,03,1,0,True,completed
19,known_visit,ACBBA,ideal,1.0,19,361,4,10,acbba_h1_ideal,C:\Users\lottj\Desktop\research\decentralized benchmark\commitment-horizon-study\reference_core_benchmark_pilot\known_visit_10target_300.csv,10,6,4,15.753401929376823,15.753401929376823,00,00,1,0,True,completed
20,known_visit,ACBBA,ideal,1.0,19,361,4,10,acbba_h1_ideal,C:\Users\lottj\Desktop\research\decentralized benchmark\commitment-horizon-study\reference_core_benchmark_pilot\known_visit_10target_300.csv,1,7,4,14.574773820460491,14.574773820460491,01,01,2,1,True,completed
20,known_visit,ACBBA,ideal,1.0,19,361,4,10,acbba_h1_ideal,C:\Users\lottj\Desktop\research\decentralized benchmark\commitment-horizon-study\reference_core_benchmark_pilot\known_visit_10target_300.csv,2,6,9,14.09627442367647,14.09627442367647,02,02,1,0,True,completed
20,known_visit,ACBBA,ideal,1.0,19,361,4,10,acbba_h1_ideal,C:\Users\lottj\Desktop\research\decentralized benchmark\commitment-horizon-study\reference_core_benchmark_pilot\known_visit_10target_300.csv,3,8,14,19.66450180077996,19.66450180077996,03,03,1,0,True,completed
20,known_visit,ACBBA,ideal,1.0,19,361,4,10,acbba_h1_ideal,C:\Users\lottj\Desktop\research\decentralized benchmark\commitment-horizon-study\reference_core_benchmark_pilot\known_visit_10target_300.csv,4,16,6,43.39546103858694,43.39546103858694,02,02,1,0,True,completed
20,known_visit,ACBBA,ideal,1.0,19,361,4,10,acbba_h1_ideal,C:\Users\lottj\Desktop\research\decentralized benchmark\commitment-horizon-study\reference_core_benchmark_pilot\known_visit_10target_300.csv,5,4,3,10.917539422689783,10.917539422689783,00,00,1,0,True,completed
20,known_visit,ACBBA,ideal,1.0,19,361,4,10,acbba_h1_ideal,C:\Users\lottj\Desktop\research\decentralized benchmark\commitment-horizon-study\reference_core_benchmark_pilot\known_visit_10target_300.csv,6,4,16,8.956243542197146,8.956243542197146,03,03,1,0,True,completed
20,known_visit,ACBBA,ideal,1.0,19,361,4,10,acbba_h1_ideal,C:\Users\lottj\Desktop\research\decentralized benchmark\commitment-horizon-study\reference_core_benchmark_pilot\known_visit_10target_300.csv,7,1,12,0.14842220643038526,0.14842220643038526,02,02,1,0,True,completed
20,known_visit,ACBBA,ideal,1.0,19,361,4,10,acbba_h1_ideal,C:\Users\lottj\Desktop\research\decentralized benchmark\commitment-horizon-study\reference_core_benchmark_pilot\known_visit_10target_300.csv,8,2,18,1.7990138739149217,1.7990138739149217,03,03,1,0,True,completed
20,known_visit,ACBBA,ideal,1.0,19,361,4,10,acbba_h1_ideal,C:\Users\lottj\Desktop\research\decentralized benchmark\commitment-horizon-study\reference_core_benchmark_pilot\known_visit_10target_300.csv,9,14,4,36.544885948906646,36.544885948906646,02,02,1,0,True,completed
20,known_visit,ACBBA,ideal,1.0,19,361,4,10,acbba_h1_ideal,C:\Users\lottj\Desktop\research\decentralized benchmark\commitment-horizon-study\reference_core_benchmark_pilot\known_visit_10target_300.csv,10,7,0,21.65304811934888,21.65304811934888,01,01,1,0,True,completed
21,known_visit,ACBBA,ideal,1.0,19,361,4,10,acbba_h1_ideal,C:\Users\lottj\Desktop\research\decentralized benchmark\commitment-horizon-study\reference_core_benchmark_pilot\known_visit_10target_300.csv,1,16,12,36.890535376273654,36.890535376273654,03,03,1,0,True,completed
21,known_visit,ACBBA,ideal,1.0,19,361,4,10,acbba_h1_ideal,C:\Users\lottj\Desktop\research\decentralized benchmark\commitment-horizon-study\reference_core_benchmark_pilot\known_visit_10target_300.csv,2,10,18,15.310857152589152,15.310857152589152,03,03,1,0,True,completed
21,known_visit,ACBBA,ideal,1.0,19,361,4,10,acbba_h1_ideal,C:\Users\lottj\Desktop\research\decentralized benchmark\commitment-horizon-study\reference_core_benchmark_pilot\known_visit_10target_300.csv,3,2,11,3.9327479024199445,3.9327479024199445,02,02,1,0,True,completed
21,known_visit,ACBBA,ideal,1.0,19,361,4,10,acbba_h1_ideal,C:\Users\lottj\Desktop\research\decentralized benchmark\commitment-horizon-study\reference_core_benchmark_pilot\known_visit_10target_300.csv,4,9,15,51.84414805135792,51.84414805135792,01,01,1,0,True,completed
21,known_visit,ACBBA,ideal,1.0,19,361,4,10,acbba_h1_ideal,C:\Users\lottj\Desktop\research\decentralized benchmark\commitment-horizon-study\reference_core_benchmark_pilot\known_visit_10target_300.csv,5,16,13,35.118210314849186,35.118210314849186,03,03,1,0,True,completed
21,known_visit,ACBBA,ideal,1.0,19,361,4,10,acbba_h1_ideal,C:\Users\lottj\Desktop\research\decentralized benchmark\commitment-horizon-study\reference_core_benchmark_pilot\known_visit_10target_300.csv,6,9,8,17.443171691032273,17.443171691032273,01,01,1,0,True,completed
21,known_visit,ACBBA,ideal,1.0,19,361,4,10,acbba_h1_ideal,C:\Users\lottj\Desktop\research\decentralized benchmark\commitment-horizon-study\reference_core_benchmark_pilot\known_visit_10target_300.csv,7,12,17,20.750606303341296,20.750606303341296,03,03,1,0,True,completed
21,known_visit,ACBBA,ideal,1.0,19,361,4,10,acbba_h1_ideal,C:\Users\lottj\Desktop\research\decentralized benchmark\commitment-horizon-study\reference_core_benchmark_pilot\known_visit_10target_300.csv,8,13,9,26.40342095144125,26.40342095144125,02,02,2,1,True,completed
21,known_visit,ACBBA,ideal,1.0,19,361,4,10,acbba_h1_ideal,C:\Users\lottj\Desktop\research\decentralized benchmark\commitment-horizon-study\reference_core_benchmark_pilot\known_visit_10target_300.csv,9,10,10,19.123316586614898,19.123316586614898,02,02,1,0,True,completed
21,known_visit,ACBBA,ideal,1.0,19,361,4,10,acbba_h1_ideal,C:\Users\lottj\Desktop\research\decentralized benchmark\commitment-horizon-study\reference_core_benchmark_pilot\known_visit_10target_300.csv,10,16,17,27.853861812501137,27.853861812501137,03,03,1,0,True,completed
22,known_visit,ACBBA,ideal,1.0,19,361,4,10,acbba_h1_ideal,C:\Users\lottj\Desktop\research\decentralized benchmark\commitment-horizon-study\reference_core_benchmark_pilot\known_visit_10target_300.csv,1,16,6,44.46514976669561,44.46514976669561,01,01,1,0,True,completed
22,known_visit,ACBBA,ideal,1.0,19,361,4,10,acbba_h1_ideal,C:\Users\lottj\Desktop\research\decentralized benchmark\commitment-horizon-study\reference_core_benchmark_pilot\known_visit_10target_300.csv,2,3,4,10.712493482661381,10.712493482661381,00,00,1,0,True,completed
22,known_visit,ACBBA,ideal,1.0,19,361,4,10,acbba_h1_ideal,C:\Users\lottj\Desktop\research\decentralized benchmark\commitment-horizon-study\reference_core_benchmark_pilot\known_visit_10target_300.csv,3,5,15,12.140607091519696,12.140607091519696,03,03,1,0,True,completed
22,known_visit,ACBBA,ideal,1.0,19,361,4,10,acbba_h1_ideal,C:\Users\lottj\Desktop\research\decentralized benchmark\commitment-horizon-study\reference_core_benchmark_pilot\known_visit_10target_300.csv,4,15,18,42.61643151205447,42.61643151205447,03,03,1,0,True,completed
22,known_visit,ACBBA,ideal,1.0,19,361,4,10,acbba_h1_ideal,C:\Users\lottj\Desktop\research\decentralized benchmark\commitment-horizon-study\reference_core_benchmark_pilot\known_visit_10target_300.csv,5,7,0,25.266430577009185,25.266430577009185,00,00,1,0,True,completed
22,known_visit,ACBBA,ideal,1.0,19,361,4,10,acbba_h1_ideal,C:\Users\lottj\Desktop\research\decentralized benchmark\commitment-horizon-study\reference_core_benchmark_pilot\known_visit_10target_300.csv,6,9,12,21.907520573212,21.907520573212,02,02,1,0,True,completed
22,known_visit,ACBBA,ideal,1.0,19,361,4,10,acbba_h1_ideal,C:\Users\lottj\Desktop\research\decentralized benchmark\commitment-horizon-study\reference_core_benchmark_pilot\known_visit_10target_300.csv,7,3,2,7.31916986855051,7.31916986855051,00,00,1,0,True,completed
22,known_visit,ACBBA,ideal,1.0,19,361,4,10,acbba_h1_ideal,C:\Users\lottj\Desktop\research\decentralized benchmark\commitment-horizon-study\reference_core_benchmark_pilot\known_visit_10target_300.csv,8,2,9,7.340994495093578,7.340994495093578,01,01,1,0,True,completed
22,known_visit,ACBBA,ideal,1.0,19,361,4,10,acbba_h1_ideal,C:\Users\lottj\Desktop\research\decentralized benchmark\commitment-horizon-study\reference_core_benchmark_pilot\known_visit_10target_300.csv,9,5,1,19.96628663015638,19.96628663015638,00,00,1,0,True,completed
22,known_visit,ACBBA,ideal,1.0,19,361,4,10,acbba_h1_ideal,C:\Users\lottj\Desktop\research\decentralized benchmark\commitment-horizon-study\reference_core_benchmark_pilot\known_visit_10target_300.csv,10,15,14,31.4110412652568,31.4110412652568,03,03,1,0,True,completed
23,known_visit,ACBBA,ideal,1.0,19,361,4,10,acbba_h1_ideal,C:\Users\lottj\Desktop\research\decentralized benchmark\commitment-horizon-study\reference_core_benchmark_pilot\known_visit_10target_300.csv,1,12,7,20.85502899654926,20.85502899654926,01,01,1,0,True,completed
23,known_visit,ACBBA,ideal,1.0,19,361,4,10,acbba_h1_ideal,C:\Users\lottj\Desktop\research\decentralized benchmark\commitment-horizon-study\reference_core_benchmark_pilot\known_visit_10target_300.csv,2,13,3,25.805621090327683,25.805621090327683,00,00,1,0,True,completed
23,known_visit,ACBBA,ideal,1.0,19,361,4,10,acbba_h1_ideal,C:\Users\lottj\Desktop\research\decentralized benchmark\commitment-horizon-study\reference_core_benchmark_pilot\known_visit_10target_300.csv,3,10,6,15.352888951408682,15.352888951408682,01,01,1,0,True,completed
23,known_visit,ACBBA,ideal,1.0,19,361,4,10,acbba_h1_ideal,C:\Users\lottj\Desktop\research\decentralized benchmark\commitment-horizon-study\reference_core_benchmark_pilot\known_visit_10target_300.csv,4,2,13,3.9754930215501827,3.9754930215501827,02,02,1,0,True,completed
23,known_visit,ACBBA,ideal,1.0,19,361,4,10,acbba_h1_ideal,C:\Users\lottj\Desktop\research\decentralized benchmark\commitment-horizon-study\reference_core_benchmark_pilot\known_visit_10target_300.csv,5,11,9,26.26165989957684,26.26165989957684,01,01,1,0,True,completed
23,known_visit,ACBBA,ideal,1.0,19,361,4,10,acbba_h1_ideal,C:\Users\lottj\Desktop\research\decentralized benchmark\commitment-horizon-study\reference_core_benchmark_pilot\known_visit_10target_300.csv,6,11,16,25.291112356052277,25.291112356052277,02,02,1,0,True,completed
23,known_visit,ACBBA,ideal,1.0,19,361,4,10,acbba_h1_ideal,C:\Users\lottj\Desktop\research\decentralized benchmark\commitment-horizon-study\reference_core_benchmark_pilot\known_visit_10target_300.csv,7,16,7,37.7593468575466,37.7593468575466,00,00,1,0,True,completed
23,known_visit,ACBBA,ideal,1.0,19,361,4,10,acbba_h1_ideal,C:\Users\lottj\Desktop\research\decentralized benchmark\commitment-horizon-study\reference_core_benchmark_pilot\known_visit_10target_300.csv,8,6,18,16.598746160028416,16.598746160028416,03,03,1,0,True,completed
23,known_visit,ACBBA,ideal,1.0,19,361,4,10,acbba_h1_ideal,C:\Users\lottj\Desktop\research\decentralized benchmark\commitment-horizon-study\reference_core_benchmark_pilot\known_visit_10target_300.csv,9,14,9,35.80282632978801,35.80282632978801,01,01,1,0,True,completed
23,known_visit,ACBBA,ideal,1.0,19,361,4,10,acbba_h1_ideal,C:\Users\lottj\Desktop\research\decentralized benchmark\commitment-horizon-study\reference_core_benchmark_pilot\known_visit_10target_300.csv,10,1,16,3.783170281440524,3.783170281440524,03,03,1,0,True,completed
24,known_visit,ACBBA,ideal,1.0,19,361,4,10,acbba_h1_ideal,C:\Users\lottj\Desktop\research\decentralized benchmark\commitment-horizon-study\reference_core_benchmark_pilot\known_visit_10target_300.csv,1,4,17,11.372241379448244,11.372241379448244,03,03,1,0,True,completed
24,known_visit,ACBBA,ideal,1.0,19,361,4,10,acbba_h1_ideal,C:\Users\lottj\Desktop\research\decentralized benchmark\commitment-horizon-study\reference_core_benchmark_pilot\known_visit_10target_300.csv,2,16,16,34.105739439835936,34.105739439835936,03,03,1,0,True,completed
24,known_visit,ACBBA,ideal,1.0,19,361,4,10,acbba_h1_ideal,C:\Users\lottj\Desktop\research\decentralized benchmark\commitment-horizon-study\reference_core_benchmark_pilot\known_visit_10target_300.csv,3,11,3,22.806586937522322,22.806586937522322,00,00,1,0,True,completed
24,known_visit,ACBBA,ideal,1.0,19,361,4,10,acbba_h1_ideal,C:\Users\lottj\Desktop\research\decentralized benchmark\commitment-horizon-study\reference_core_benchmark_pilot\known_visit_10target_300.csv,4,8,8,16.26168804068383,16.26168804068383,01,01,1,0,True,completed
24,known_visit,ACBBA,ideal,1.0,19,361,4,10,acbba_h1_ideal,C:\Users\lottj\Desktop\research\decentralized benchmark\commitment-horizon-study\reference_core_benchmark_pilot\known_visit_10target_300.csv,5,10,10,19.603719538640426,19.603719538640426,02,02,1,0,True,completed
24,known_visit,ACBBA,ideal,1.0,19,361,4,10,acbba_h1_ideal,C:\Users\lottj\Desktop\research\decentralized benchmark\commitment-horizon-study\reference_core_benchmark_pilot\known_visit_10target_300.csv,6,5,11,9.064108283898609,9.064108283898609,02,02,1,0,True,completed
24,known_visit,ACBBA,ideal,1.0,19,361,4,10,acbba_h1_ideal,C:\Users\lottj\Desktop\research\decentralized benchmark\commitment-horizon-study\reference_core_benchmark_pilot\known_visit_10target_300.csv,7,13,17,26.969099661218117,26.969099661218117,03,03,1,0,True,completed
24,known_visit,ACBBA,ideal,1.0,19,361,4,10,acbba_h1_ideal,C:\Users\lottj\Desktop\research\decentralized benchmark\commitment-horizon-study\reference_core_benchmark_pilot\known_visit_10target_300.csv,8,4,2,8.821952032283036,8.821952032283036,00,00,1,0,True,completed
24,known_visit,ACBBA,ideal,1.0,19,361,4,10,acbba_h1_ideal,C:\Users\lottj\Desktop\research\decentralized benchmark\commitment-horizon-study\reference_core_benchmark_pilot\known_visit_10target_300.csv,9,1,0,0.1516923760165861,0.1516923760165861,00,00,1,0,True,completed
24,known_visit,ACBBA,ideal,1.0,19,361,4,10,acbba_h1_ideal,C:\Users\lottj\Desktop\research\decentralized benchmark\commitment-horizon-study\reference_core_benchmark_pilot\known_visit_10target_300.csv,10,3,16,7.473240238170013,7.473240238170013,03,03,1,0,True,completed
25,known_visit,ACBBA,ideal,1.0,19,361,4,10,acbba_h1_ideal,C:\Users\lottj\Desktop\research\decentralized benchmark\commitment-horizon-study\reference_core_benchmark_pilot\known_visit_10target_300.csv,1,4,5,14.646267821560722,14.646267821560722,00,00,2,1,True,completed
25,known_visit,ACBBA,ideal,1.0,19,361,4,10,acbba_h1_ideal,C:\Users\lottj\Desktop\research\decentralized benchmark\commitment-horizon-study\reference_core_benchmark_pilot\known_visit_10target_300.csv,2,2,9,7.352699860524663,7.352699860524663,01,01,1,0,True,completed
25,known_visit,ACBBA,ideal,1.0,19,361,4,10,acbba_h1_ideal,C:\Users\lottj\Desktop\research\decentralized benchmark\commitment-horizon-study\reference_core_benchmark_pilot\known_visit_10target_300.csv,3,6,4,20.34425396560369,20.34425396560369,00,00,1,0,True,completed
25,known_visit,ACBBA,ideal,1.0,19,361,4,10,acbba_h1_ideal,C:\Users\lottj\Desktop\research\decentralized benchmark\commitment-horizon-study\reference_core_benchmark_pilot\known_visit_10target_300.csv,4,10,6,26.45766651788039,26.45766651788039,02,02,1,0,True,completed
25,known_visit,ACBBA,ideal,1.0,19,361,4,10,acbba_h1_ideal,C:\Users\lottj\Desktop\research\decentralized benchmark\commitment-horizon-study\reference_core_benchmark_pilot\known_visit_10target_300.csv,5,2,6,1.8808528630797154,1.8808528630797154,01,01,1,0,True,completed
25,known_visit,ACBBA,ideal,1.0,19,361,4,10,acbba_h1_ideal,C:\Users\lottj\Desktop\research\decentralized benchmark\commitment-horizon-study\reference_core_benchmark_pilot\known_visit_10target_300.csv,6,6,17,11.004694371390785,11.004694371390785,03,03,1,0,True,completed
25,known_visit,ACBBA,ideal,1.0,19,361,4,10,acbba_h1_ideal,C:\Users\lottj\Desktop\research\decentralized benchmark\commitment-horizon-study\reference_core_benchmark_pilot\known_visit_10target_300.csv,7,4,12,5.429171738086674,5.429171738086674,02,02,1,0,True,completed
25,known_visit,ACBBA,ideal,1.0,19,361,4,10,acbba_h1_ideal,C:\Users\lottj\Desktop\research\decentralized benchmark\commitment-horizon-study\reference_core_benchmark_pilot\known_visit_10target_300.csv,8,5,10,10.802031132612248,10.802031132612248,02,02,1,0,True,completed
25,known_visit,ACBBA,ideal,1.0,19,361,4,10,acbba_h1_ideal,C:\Users\lottj\Desktop\research\decentralized benchmark\commitment-horizon-study\reference_core_benchmark_pilot\known_visit_10target_300.csv,9,6,18,8.850470090896632,8.850470090896632,03,03,1,0,True,completed
25,known_visit,ACBBA,ideal,1.0,19,361,4,10,acbba_h1_ideal,C:\Users\lottj\Desktop\research\decentralized benchmark\commitment-horizon-study\reference_core_benchmark_pilot\known_visit_10target_300.csv,10,8,15,18.133074905541406,18.133074905541406,03,03,1,0,True,completed
26,known_visit,ACBBA,ideal,1.0,19,361,4,10,acbba_h1_ideal,C:\Users\lottj\Desktop\research\decentralized benchmark\commitment-horizon-study\reference_core_benchmark_pilot\known_visit_10target_300.csv,1,5,11,8.792798905924606,8.792798905924606,02,02,1,0,True,completed
26,known_visit,ACBBA,ideal,1.0,19,361,4,10,acbba_h1_ideal,C:\Users\lottj\Desktop\research\decentralized benchmark\commitment-horizon-study\reference_core_benchmark_pilot\known_visit_10target_300.csv,2,17,0,35.59868485656505,35.59868485656505,00,00,1,0,True,completed
26,known_visit,ACBBA,ideal,1.0,19,361,4,10,acbba_h1_ideal,C:\Users\lottj\Desktop\research\decentralized benchmark\commitment-horizon-study\reference_core_benchmark_pilot\known_visit_10target_300.csv,3,17,10,31.374437819593965,31.374437819593965,02,02,1,0,True,completed
26,known_visit,ACBBA,ideal,1.0,19,361,4,10,acbba_h1_ideal,C:\Users\lottj\Desktop\research\decentralized benchmark\commitment-horizon-study\reference_core_benchmark_pilot\known_visit_10target_300.csv,4,8,15,17.51706040207211,17.51706040207211,03,03,1,0,True,completed
26,known_visit,ACBBA,ideal,1.0,19,361,4,10,acbba_h1_ideal,C:\Users\lottj\Desktop\research\decentralized benchmark\commitment-horizon-study\reference_core_benchmark_pilot\known_visit_10target_300.csv,5,7,11,12.618316597446299,12.618316597446299,02,02,1,0,True,completed
26,known_visit,ACBBA,ideal,1.0,19,361,4,10,acbba_h1_ideal,C:\Users\lottj\Desktop\research\decentralized benchmark\commitment-horizon-study\reference_core_benchmark_pilot\known_visit_10target_300.csv,6,1,18,0.2110086396920396,0.2110086396920396,03,03,1,0,True,completed
26,known_visit,ACBBA,ideal,1.0,19,361,4,10,acbba_h1_ideal,C:\Users\lottj\Desktop\research\decentralized benchmark\commitment-horizon-study\reference_core_benchmark_pilot\known_visit_10target_300.csv,7,5,1,8.938790429082603,8.938790429082603,00,00,1,0,True,completed
26,known_visit,ACBBA,ideal,1.0,19,361,4,10,acbba_h1_ideal,C:\Users\lottj\Desktop\research\decentralized benchmark\commitment-horizon-study\reference_core_benchmark_pilot\known_visit_10target_300.csv,8,9,4,17.32384097641385,17.32384097641385,01,01,1,0,True,completed
26,known_visit,ACBBA,ideal,1.0,19,361,4,10,acbba_h1_ideal,C:\Users\lottj\Desktop\research\decentralized benchmark\commitment-horizon-study\reference_core_benchmark_pilot\known_visit_10target_300.csv,9,3,12,3.475544603407195,3.475544603407195,02,02,1,0,True,completed
26,known_visit,ACBBA,ideal,1.0,19,361,4,10,acbba_h1_ideal,C:\Users\lottj\Desktop\research\decentralized benchmark\commitment-horizon-study\reference_core_benchmark_pilot\known_visit_10target_300.csv,10,14,1,28.366142234500714,28.366142234500714,00,00,1,0,True,completed
27,known_visit,ACBBA,ideal,1.0,19,361,4,10,acbba_h1_ideal,C:\Users\lottj\Desktop\research\decentralized benchmark\commitment-horizon-study\reference_core_benchmark_pilot\known_visit_10target_300.csv,1,1,7,2.348493257070535,2.348493257070535,01,01,1,0,True,completed
27,known_visit,ACBBA,ideal,1.0,19,361,4,10,acbba_h1_ideal,C:\Users\lottj\Desktop\research\decentralized benchmark\commitment-horizon-study\reference_core_benchmark_pilot\known_visit_10target_300.csv,2,5,4,14.277963074561063,14.277963074561063,00,00,1,0,True,completed
27,known_visit,ACBBA,ideal,1.0,19,361,4,10,acbba_h1_ideal,C:\Users\lottj\Desktop\research\decentralized benchmark\commitment-horizon-study\reference_core_benchmark_pilot\known_visit_10target_300.csv,3,3,12,3.718266826277327,3.718266826277327,02,02,1,0,True,completed
27,known_visit,ACBBA,ideal,1.0,19,361,4,10,acbba_h1_ideal,C:\Users\lottj\Desktop\research\decentralized benchmark\commitment-horizon-study\reference_core_benchmark_pilot\known_visit_10target_300.csv,4,7,14,14.593124770016312,14.593124770016312,02,02,1,0,True,completed
27,known_visit,ACBBA,ideal,1.0,19,361,4,10,acbba_h1_ideal,C:\Users\lottj\Desktop\research\decentralized benchmark\commitment-horizon-study\reference_core_benchmark_pilot\known_visit_10target_300.csv,5,5,13,9.218803790239944,9.218803790239944,02,02,2,1,True,completed
27,known_visit,ACBBA,ideal,1.0,19,361,4,10,acbba_h1_ideal,C:\Users\lottj\Desktop\research\decentralized benchmark\commitment-horizon-study\reference_core_benchmark_pilot\known_visit_10target_300.csv,6,5,15,12.40693061040742,12.40693061040742,03,03,1,0,True,completed
27,known_visit,ACBBA,ideal,1.0,19,361,4,10,acbba_h1_ideal,C:\Users\lottj\Desktop\research\decentralized benchmark\commitment-horizon-study\reference_core_benchmark_pilot\known_visit_10target_300.csv,7,8,16,19.786398953538882,19.786398953538882,03,03,1,0,True,completed
27,known_visit,ACBBA,ideal,1.0,19,361,4,10,acbba_h1_ideal,C:\Users\lottj\Desktop\research\decentralized benchmark\commitment-horizon-study\reference_core_benchmark_pilot\known_visit_10target_300.csv,8,1,0,0.11534723479975201,0.11534723479975201,00,00,1,0,True,completed
27,known_visit,ACBBA,ideal,1.0,19,361,4,10,acbba_h1_ideal,C:\Users\lottj\Desktop\research\decentralized benchmark\commitment-horizon-study\reference_core_benchmark_pilot\known_visit_10target_300.csv,9,1,1,2.1081617619468203,2.1081617619468203,00,00,1,0,True,completed
27,known_visit,ACBBA,ideal,1.0,19,361,4,10,acbba_h1_ideal,C:\Users\lottj\Desktop\research\decentralized benchmark\commitment-horizon-study\reference_core_benchmark_pilot\known_visit_10target_300.csv,10,9,13,20.823360807056478,20.823360807056478,02,02,1,0,True,completed
28,known_visit,ACBBA,ideal,1.0,19,361,4,10,acbba_h1_ideal,C:\Users\lottj\Desktop\research\decentralized benchmark\commitment-horizon-study\reference_core_benchmark_pilot\known_visit_10target_300.csv,1,16,8,32.945328918570176,32.945328918570176,02,02,1,0,True,completed
28,known_visit,ACBBA,ideal,1.0,19,361,4,10,acbba_h1_ideal,C:\Users\lottj\Desktop\research\decentralized benchmark\commitment-horizon-study\reference_core_benchmark_pilot\known_visit_10target_300.csv,2,9,8,20.877910509091755,20.877910509091755,02,02,1,0,True,completed
28,known_visit,ACBBA,ideal,1.0,19,361,4,10,acbba_h1_ideal,C:\Users\lottj\Desktop\research\decentralized benchmark\commitment-horizon-study\reference_core_benchmark_pilot\known_visit_10target_300.csv,3,14,12,33.15039365270744,33.15039365270744,03,03,1,0,True,completed
28,known_visit,ACBBA,ideal,1.0,19,361,4,10,acbba_h1_ideal,C:\Users\lottj\Desktop\research\decentralized benchmark\commitment-horizon-study\reference_core_benchmark_pilot\known_visit_10target_300.csv,4,7,1,16.35029111246404,16.35029111246404,00,00,1,0,True,completed
28,known_visit,ACBBA,ideal,1.0,19,361,4,10,acbba_h1_ideal,C:\Users\lottj\Desktop\research\decentralized benchmark\commitment-horizon-study\reference_core_benchmark_pilot\known_visit_10target_300.csv,5,5,11,8.759094543084046,8.759094543084046,02,02,1,0,True,completed
28,known_visit,ACBBA,ideal,1.0,19,361,4,10,acbba_h1_ideal,C:\Users\lottj\Desktop\research\decentralized benchmark\commitment-horizon-study\reference_core_benchmark_pilot\known_visit_10target_300.csv,6,2,5,4.021600315992363,4.021600315992363,01,01,1,0,True,completed
28,known_visit,ACBBA,ideal,1.0,19,361,4,10,acbba_h1_ideal,C:\Users\lottj\Desktop\research\decentralized benchmark\commitment-horizon-study\reference_core_benchmark_pilot\known_visit_10target_300.csv,7,17,14,42.038144693228396,42.038144693228396,03,03,1,0,True,completed
28,known_visit,ACBBA,ideal,1.0,19,361,4,10,acbba_h1_ideal,C:\Users\lottj\Desktop\research\decentralized benchmark\commitment-horizon-study\reference_core_benchmark_pilot\known_visit_10target_300.csv,8,4,17,7.34375888851593,7.34375888851593,03,03,1,0,True,completed
28,known_visit,ACBBA,ideal,1.0,19,361,4,10,acbba_h1_ideal,C:\Users\lottj\Desktop\research\decentralized benchmark\commitment-horizon-study\reference_core_benchmark_pilot\known_visit_10target_300.csv,9,5,2,10.6674214763414,10.6674214763414,00,00,1,0,True,completed
28,known_visit,ACBBA,ideal,1.0,19,361,4,10,acbba_h1_ideal,C:\Users\lottj\Desktop\research\decentralized benchmark\commitment-horizon-study\reference_core_benchmark_pilot\known_visit_10target_300.csv,10,10,3,25.240980306819946,25.240980306819946,01,01,1,0,True,completed
29,known_visit,ACBBA,ideal,1.0,19,361,4,10,acbba_h1_ideal,C:\Users\lottj\Desktop\research\decentralized benchmark\commitment-horizon-study\reference_core_benchmark_pilot\known_visit_10target_300.csv,1,8,0,12.158339150914417,12.158339150914417,00,00,1,0,True,completed
29,known_visit,ACBBA,ideal,1.0,19,361,4,10,acbba_h1_ideal,C:\Users\lottj\Desktop\research\decentralized benchmark\commitment-horizon-study\reference_core_benchmark_pilot\known_visit_10target_300.csv,2,17,10,35.521712569582235,35.521712569582235,01,01,1,0,True,completed
29,known_visit,ACBBA,ideal,1.0,19,361,4,10,acbba_h1_ideal,C:\Users\lottj\Desktop\research\decentralized benchmark\commitment-horizon-study\reference_core_benchmark_pilot\known_visit_10target_300.csv,3,9,18,13.60033451369097,13.60033451369097,03,03,1,0,True,completed
29,known_visit,ACBBA,ideal,1.0,19,361,4,10,acbba_h1_ideal,C:\Users\lottj\Desktop\research\decentralized benchmark\commitment-horizon-study\reference_core_benchmark_pilot\known_visit_10target_300.csv,4,6,11,10.734376068393168,10.734376068393168,02,02,1,0,True,completed
29,known_visit,ACBBA,ideal,1.0,19,361,4,10,acbba_h1_ideal,C:\Users\lottj\Desktop\research\decentralized benchmark\commitment-horizon-study\reference_core_benchmark_pilot\known_visit_10target_300.csv,5,11,8,20.948901799634815,20.948901799634815,01,01,1,0,True,completed
29,known_visit,ACBBA,ideal,1.0,19,361,4,10,acbba_h1_ideal,C:\Users\lottj\Desktop\research\decentralized benchmark\commitment-horizon-study\reference_core_benchmark_pilot\known_visit_10target_300.csv,6,2,0,1.7910323221016962,1.7910323221016962,00,00,1,0,True,completed
29,known_visit,ACBBA,ideal,1.0,19,361,4,10,acbba_h1_ideal,C:\Users\lottj\Desktop\research\decentralized benchmark\commitment-horizon-study\reference_core_benchmark_pilot\known_visit_10target_300.csv,7,15,5,32.74704073830145,32.74704073830145,00,00,1,0,True,completed
29,known_visit,ACBBA,ideal,1.0,19,361,4,10,acbba_h1_ideal,C:\Users\lottj\Desktop\research\decentralized benchmark\commitment-horizon-study\reference_core_benchmark_pilot\known_visit_10target_300.csv,8,7,18,10.178364905695569,10.178364905695569,03,03,1,0,True,completed
29,known_visit,ACBBA,ideal,1.0,19,361,4,10,acbba_h1_ideal,C:\Users\lottj\Desktop\research\decentralized benchmark\commitment-horizon-study\reference_core_benchmark_pilot\known_visit_10target_300.csv,9,7,14,18.227422843932608,18.227422843932608,02,02,1,0,True,completed
29,known_visit,ACBBA,ideal,1.0,19,361,4,10,acbba_h1_ideal,C:\Users\lottj\Desktop\research\decentralized benchmark\commitment-horizon-study\reference_core_benchmark_pilot\known_visit_10target_300.csv,10,12,16,22.425449507174186,22.425449507174186,03,03,1,0,True,completed
30,known_visit,ACBBA,ideal,1.0,19,361,4,10,acbba_h1_ideal,C:\Users\lottj\Desktop\research\decentralized benchmark\commitment-horizon-study\reference_core_benchmark_pilot\known_visit_10target_300.csv,1,13,2,25.792437970065823,25.792437970065823,00,00,1,0,True,completed
30,known_visit,ACBBA,ideal,1.0,19,361,4,10,acbba_h1_ideal,C:\Users\lottj\Desktop\research\decentralized benchmark\commitment-horizon-study\reference_core_benchmark_pilot\known_visit_10target_300.csv,2,3,5,5.454817002967471,5.454817002967471,01,01,1,0,True,completed
30,known_visit,ACBBA,ideal,1.0,19,361,4,10,acbba_h1_ideal,C:\Users\lottj\Desktop\research\decentralized benchmark\commitment-horizon-study\reference_core_benchmark_pilot\known_visit_10target_300.csv,3,4,3,10.896178732755535,10.896178732755535,01,01,1,0,True,completed
30,known_visit,ACBBA,ideal,1.0,19,361,4,10,acbba_h1_ideal,C:\Users\lottj\Desktop\research\decentralized benchmark\commitment-horizon-study\reference_core_benchmark_pilot\known_visit_10target_300.csv,4,10,16,19.679278548068588,19.679278548068588,03,03,1,0,True,completed
30,known_visit,ACBBA,ideal,1.0,19,361,4,10,acbba_h1_ideal,C:\Users\lottj\Desktop\research\decentralized benchmark\commitment-horizon-study\reference_core_benchmark_pilot\known_visit_10target_300.csv,5,12,17,25.494903278638038,25.494903278638038,03,03,1,0,True,completed
30,known_visit,ACBBA,ideal,1.0,19,361,4,10,acbba_h1_ideal,C:\Users\lottj\Desktop\research\decentralized benchmark\commitment-horizon-study\reference_core_benchmark_pilot\known_visit_10target_300.csv,6,7,5,19.679967071083137,19.679967071083137,01,01,1,0,True,completed
30,known_visit,ACBBA,ideal,1.0,19,361,4,10,acbba_h1_ideal,C:\Users\lottj\Desktop\research\decentralized benchmark\commitment-horizon-study\reference_core_benchmark_pilot\known_visit_10target_300.csv,7,4,8,12.240949797742907,12.240949797742907,02,02,1,0,True,completed
30,known_visit,ACBBA,ideal,1.0,19,361,4,10,acbba_h1_ideal,C:\Users\lottj\Desktop\research\decentralized benchmark\commitment-horizon-study\reference_core_benchmark_pilot\known_visit_10target_300.csv,8,12,7,27.65179309639877,27.65179309639877,02,02,1,0,True,completed
30,known_visit,ACBBA,ideal,1.0,19,361,4,10,acbba_h1_ideal,C:\Users\lottj\Desktop\research\decentralized benchmark\commitment-horizon-study\reference_core_benchmark_pilot\known_visit_10target_300.csv,9,14,18,30.874278083020172,30.874278083020172,03,03,1,0,True,completed
30,known_visit,ACBBA,ideal,1.0,19,361,4,10,acbba_h1_ideal,C:\Users\lottj\Desktop\research\decentralized benchmark\commitment-horizon-study\reference_core_benchmark_pilot\known_visit_10target_300.csv,10,18,4,38.365744756348654,38.365744756348654,00,00,1,0,True,completed
31,known_visit,ACBBA,ideal,1.0,19,361,4,10,acbba_h1_ideal,C:\Users\lottj\Desktop\research\decentralized benchmark\commitment-horizon-study\reference_core_benchmark_pilot\known_visit_10target_300.csv,1,14,2,37.10232176879337,37.10232176879337,00,00,1,0,True,completed
31,known_visit,ACBBA,ideal,1.0,19,361,4,10,acbba_h1_ideal,C:\Users\lottj\Desktop\research\decentralized benchmark\commitment-horizon-study\reference_core_benchmark_pilot\known_visit_10target_300.csv,2,18,12,40.32264169152646,40.32264169152646,03,03,1,0,True,completed
31,known_visit,ACBBA,ideal,1.0,19,361,4,10,acbba_h1_ideal,C:\Users\lottj\Desktop\research\decentralized benchmark\commitment-horizon-study\reference_core_benchmark_pilot\known_visit_10target_300.csv,3,15,10,32.21115887831169,32.21115887831169,02,02,1,0,True,completed
31,known_visit,ACBBA,ideal,1.0,19,361,4,10,acbba_h1_ideal,C:\Users\lottj\Desktop\research\decentralized benchmark\commitment-horizon-study\reference_core_benchmark_pilot\known_visit_10target_300.csv,4,1,17,2.2018227445850016,2.2018227445850016,03,03,1,0,True,completed
31,known_visit,ACBBA,ideal,1.0,19,361,4,10,acbba_h1_ideal,C:\Users\lottj\Desktop\research\decentralized benchmark\commitment-horizon-study\reference_core_benchmark_pilot\known_visit_10target_300.csv,5,4,2,12.712115469386703,12.712115469386703,00,00,1,0,True,completed
31,known_visit,ACBBA,ideal,1.0,19,361,4,10,acbba_h1_ideal,C:\Users\lottj\Desktop\research\decentralized benchmark\commitment-horizon-study\reference_core_benchmark_pilot\known_visit_10target_300.csv,6,12,0,30.043972213820847,30.043972213820847,00,00,1,0,True,completed
31,known_visit,ACBBA,ideal,1.0,19,361,4,10,acbba_h1_ideal,C:\Users\lottj\Desktop\research\decentralized benchmark\commitment-horizon-study\reference_core_benchmark_pilot\known_visit_10target_300.csv,7,9,7,23.617965983046652,23.617965983046652,01,01,1,0,True,completed
31,known_visit,ACBBA,ideal,1.0,19,361,4,10,acbba_h1_ideal,C:\Users\lottj\Desktop\research\decentralized benchmark\commitment-horizon-study\reference_core_benchmark_pilot\known_visit_10target_300.csv,8,6,12,12.869176388646656,12.869176388646656,02,02,2,1,True,completed
31,known_visit,ACBBA,ideal,1.0,19,361,4,10,acbba_h1_ideal,C:\Users\lottj\Desktop\research\decentralized benchmark\commitment-horizon-study\reference_core_benchmark_pilot\known_visit_10target_300.csv,9,3,3,8.838888243832166,8.838888243832166,00,00,1,0,True,completed
31,known_visit,ACBBA,ideal,1.0,19,361,4,10,acbba_h1_ideal,C:\Users\lottj\Desktop\research\decentralized benchmark\commitment-horizon-study\reference_core_benchmark_pilot\known_visit_10target_300.csv,10,0,7,0.4754873468268642,0.4754873468268642,01,01,1,0,True,completed
32,known_visit,ACBBA,ideal,1.0,19,361,4,10,acbba_h1_ideal,C:\Users\lottj\Desktop\research\decentralized benchmark\commitment-horizon-study\reference_core_benchmark_pilot\known_visit_10target_300.csv,1,12,3,32.92602543129188,32.92602543129188,00,00,1,0,True,completed
32,known_visit,ACBBA,ideal,1.0,19,361,4,10,acbba_h1_ideal,C:\Users\lottj\Desktop\research\decentralized benchmark\commitment-horizon-study\reference_core_benchmark_pilot\known_visit_10target_300.csv,2,14,17,24.52076969509144,24.52076969509144,03,03,1,0,True,completed
32,known_visit,ACBBA,ideal,1.0,19,361,4,10,acbba_h1_ideal,C:\Users\lottj\Desktop\research\decentralized benchmark\commitment-horizon-study\reference_core_benchmark_pilot\known_visit_10target_300.csv,3,3,14,7.361866008047931,7.361866008047931,02,02,1,0,True,completed
32,known_visit,ACBBA,ideal,1.0,19,361,4,10,acbba_h1_ideal,C:\Users\lottj\Desktop\research\decentralized benchmark\commitment-horizon-study\reference_core_benchmark_pilot\known_visit_10target_300.csv,4,13,17,22.832759196424014,22.832759196424014,03,03,1,0,True,completed
32,known_visit,ACBBA,ideal,1.0,19,361,4,10,acbba_h1_ideal,C:\Users\lottj\Desktop\research\decentralized benchmark\commitment-horizon-study\reference_core_benchmark_pilot\known_visit_10target_300.csv,5,10,17,17.42969290404603,17.42969290404603,03,03,1,0,True,completed
32,known_visit,ACBBA,ideal,1.0,19,361,4,10,acbba_h1_ideal,C:\Users\lottj\Desktop\research\decentralized benchmark\commitment-horizon-study\reference_core_benchmark_pilot\known_visit_10target_300.csv,6,8,9,24.990602051948336,24.990602051948336,02,02,1,0,True,completed
32,known_visit,ACBBA,ideal,1.0,19,361,4,10,acbba_h1_ideal,C:\Users\lottj\Desktop\research\decentralized benchmark\commitment-horizon-study\reference_core_benchmark_pilot\known_visit_10target_300.csv,7,2,3,7.161922564445376,7.161922564445376,01,01,1,0,True,completed
32,known_visit,ACBBA,ideal,1.0,19,361,4,10,acbba_h1_ideal,C:\Users\lottj\Desktop\research\decentralized benchmark\commitment-horizon-study\reference_core_benchmark_pilot\known_visit_10target_300.csv,8,4,4,12.83873514206812,12.83873514206812,01,01,1,0,True,completed
32,known_visit,ACBBA,ideal,1.0,19,361,4,10,acbba_h1_ideal,C:\Users\lottj\Desktop\research\decentralized benchmark\commitment-horizon-study\reference_core_benchmark_pilot\known_visit_10target_300.csv,9,11,7,30.272980335936033,30.272980335936033,01,01,1,0,True,completed
32,known_visit,ACBBA,ideal,1.0,19,361,4,10,acbba_h1_ideal,C:\Users\lottj\Desktop\research\decentralized benchmark\commitment-horizon-study\reference_core_benchmark_pilot\known_visit_10target_300.csv,10,10,0,23.75301970597913,23.75301970597913,00,00,1,0,True,completed
33,known_visit,ACBBA,ideal,1.0,19,361,4,10,acbba_h1_ideal,C:\Users\lottj\Desktop\research\decentralized benchmark\commitment-horizon-study\reference_core_benchmark_pilot\known_visit_10target_300.csv,1,3,1,5.712155738125937,5.712155738125937,00,00,1,0,True,completed
33,known_visit,ACBBA,ideal,1.0,19,361,4,10,acbba_h1_ideal,C:\Users\lottj\Desktop\research\decentralized benchmark\commitment-horizon-study\reference_core_benchmark_pilot\known_visit_10target_300.csv,2,2,1,3.7613651306877807,3.7613651306877807,00,00,1,0,True,completed
33,known_visit,ACBBA,ideal,1.0,19,361,4,10,acbba_h1_ideal,C:\Users\lottj\Desktop\research\decentralized benchmark\commitment-horizon-study\reference_core_benchmark_pilot\known_visit_10target_300.csv,3,11,5,26.80519455722234,26.80519455722234,00,00,1,0,True,completed
33,known_visit,ACBBA,ideal,1.0,19,361,4,10,acbba_h1_ideal,C:\Users\lottj\Desktop\research\decentralized benchmark\commitment-horizon-study\reference_core_benchmark_pilot\known_visit_10target_300.csv,4,10,18,23.694005081719666,23.694005081719666,03,03,1,0,True,completed
33,known_visit,ACBBA,ideal,1.0,19,361,4,10,acbba_h1_ideal,C:\Users\lottj\Desktop\research\decentralized benchmark\commitment-horizon-study\reference_core_benchmark_pilot\known_visit_10target_300.csv,5,1,7,2.072698673851768,2.072698673851768,01,01,1,0,True,completed
33,known_visit,ACBBA,ideal,1.0,19,361,4,10,acbba_h1_ideal,C:\Users\lottj\Desktop\research\decentralized benchmark\commitment-horizon-study\reference_core_benchmark_pilot\known_visit_10target_300.csv,6,3,15,8.960834713853679,8.960834713853679,02,02,1,0,True,completed
33,known_visit,ACBBA,ideal,1.0,19,361,4,10,acbba_h1_ideal,C:\Users\lottj\Desktop\research\decentralized benchmark\commitment-horizon-study\reference_core_benchmark_pilot\known_visit_10target_300.csv,7,11,8,21.454981543124337,21.454981543124337,01,01,1,0,True,completed
33,known_visit,ACBBA,ideal,1.0,19,361,4,10,acbba_h1_ideal,C:\Users\lottj\Desktop\research\decentralized benchmark\commitment-horizon-study\reference_core_benchmark_pilot\known_visit_10target_300.csv,8,18,9,35.86922789737893,35.86922789737893,01,01,1,0,True,completed
33,known_visit,ACBBA,ideal,1.0,19,361,4,10,acbba_h1_ideal,C:\Users\lottj\Desktop\research\decentralized benchmark\commitment-horizon-study\reference_core_benchmark_pilot\known_visit_10target_300.csv,9,8,15,17.676060247732153,17.676060247732153,02,02,1,0,True,completed
33,known_visit,ACBBA,ideal,1.0,19,361,4,10,acbba_h1_ideal,C:\Users\lottj\Desktop\research\decentralized benchmark\commitment-horizon-study\reference_core_benchmark_pilot\known_visit_10target_300.csv,10,10,16,19.96508546558468,19.96508546558468,03,03,1,0,True,completed
34,known_visit,ACBBA,ideal,1.0,19,361,4,10,acbba_h1_ideal,C:\Users\lottj\Desktop\research\decentralized benchmark\commitment-horizon-study\reference_core_benchmark_pilot\known_visit_10target_300.csv,1,15,17,40.94780145559685,40.94780145559685,03,03,1,0,True,completed
34,known_visit,ACBBA,ideal,1.0,19,361,4,10,acbba_h1_ideal,C:\Users\lottj\Desktop\research\decentralized benchmark\commitment-horizon-study\reference_core_benchmark_pilot\known_visit_10target_300.csv,2,9,13,23.357231085302004,23.357231085302004,03,03,1,0,True,completed
34,known_visit,ACBBA,ideal,1.0,19,361,4,10,acbba_h1_ideal,C:\Users\lottj\Desktop\research\decentralized benchmark\commitment-horizon-study\reference_core_benchmark_pilot\known_visit_10target_300.csv,3,9,17,16.361832861694488,16.361832861694488,03,03,1,0,True,completed
34,known_visit,ACBBA,ideal,1.0,19,361,4,10,acbba_h1_ideal,C:\Users\lottj\Desktop\research\decentralized benchmark\commitment-horizon-study\reference_core_benchmark_pilot\known_visit_10target_300.csv,4,9,12,21.919861321167108,21.919861321167108,02,02,1,0,True,completed
34,known_visit,ACBBA,ideal,1.0,19,361,4,10,acbba_h1_ideal,C:\Users\lottj\Desktop\research\decentralized benchmark\commitment-horizon-study\reference_core_benchmark_pilot\known_visit_10target_300.csv,5,7,17,12.529658535632292,12.529658535632292,03,03,1,0,True,completed
34,known_visit,ACBBA,ideal,1.0,19,361,4,10,acbba_h1_ideal,C:\Users\lottj\Desktop\research\decentralized benchmark\commitment-horizon-study\reference_core_benchmark_pilot\known_visit_10target_300.csv,6,15,11,35.41580408464806,35.41580408464806,02,02,1,0,True,completed
34,known_visit,ACBBA,ideal,1.0,19,361,4,10,acbba_h1_ideal,C:\Users\lottj\Desktop\research\decentralized benchmark\commitment-horizon-study\reference_core_benchmark_pilot\known_visit_10target_300.csv,7,2,10,5.836419218142437,5.836419218142437,02,02,1,0,True,completed
34,known_visit,ACBBA,ideal,1.0,19,361,4,10,acbba_h1_ideal,C:\Users\lottj\Desktop\research\decentralized benchmark\commitment-horizon-study\reference_core_benchmark_pilot\known_visit_10target_300.csv,8,12,14,30.653224918935535,30.653224918935535,03,03,1,0,True,completed
34,known_visit,ACBBA,ideal,1.0,19,361,4,10,acbba_h1_ideal,C:\Users\lottj\Desktop\research\decentralized benchmark\commitment-horizon-study\reference_core_benchmark_pilot\known_visit_10target_300.csv,9,16,4,29.940088391304286,29.940088391304286,01,01,1,0,True,completed
34,known_visit,ACBBA,ideal,1.0,19,361,4,10,acbba_h1_ideal,C:\Users\lottj\Desktop\research\decentralized benchmark\commitment-horizon-study\reference_core_benchmark_pilot\known_visit_10target_300.csv,10,12,5,21.03143536252804,21.03143536252804,01,01,1,0,True,completed
35,known_visit,ACBBA,ideal,1.0,19,361,4,10,acbba_h1_ideal,C:\Users\lottj\Desktop\research\decentralized benchmark\commitment-horizon-study\reference_core_benchmark_pilot\known_visit_10target_300.csv,1,4,10,13.8276296987102,13.8276296987102,02,02,2,1,True,completed
35,known_visit,ACBBA,ideal,1.0,19,361,4,10,acbba_h1_ideal,C:\Users\lottj\Desktop\research\decentralized benchmark\commitment-horizon-study\reference_core_benchmark_pilot\known_visit_10target_300.csv,2,18,15,51.99222201919781,51.99222201919781,03,03,1,0,True,completed
35,known_visit,ACBBA,ideal,1.0,19,361,4,10,acbba_h1_ideal,C:\Users\lottj\Desktop\research\decentralized benchmark\commitment-horizon-study\reference_core_benchmark_pilot\known_visit_10target_300.csv,3,18,7,43.3699721309352,43.3699721309352,02,02,1,0,True,completed
35,known_visit,ACBBA,ideal,1.0,19,361,4,10,acbba_h1_ideal,C:\Users\lottj\Desktop\research\decentralized benchmark\commitment-horizon-study\reference_core_benchmark_pilot\known_visit_10target_300.csv,4,5,0,6.849197358407268,6.849197358407268,00,00,1,0,True,completed
35,known_visit,ACBBA,ideal,1.0,19,361,4,10,acbba_h1_ideal,C:\Users\lottj\Desktop\research\decentralized benchmark\commitment-horizon-study\reference_core_benchmark_pilot\known_visit_10target_300.csv,5,14,3,37.24240744562959,37.24240744562959,01,01,1,0,True,completed
35,known_visit,ACBBA,ideal,1.0,19,361,4,10,acbba_h1_ideal,C:\Users\lottj\Desktop\research\decentralized benchmark\commitment-horizon-study\reference_core_benchmark_pilot\known_visit_10target_300.csv,6,2,4,19.41713080934112,19.41713080934112,00,00,1,0,True,completed
35,known_visit,ACBBA,ideal,1.0,19,361,4,10,acbba_h1_ideal,C:\Users\lottj\Desktop\research\decentralized benchmark\commitment-horizon-study\reference_core_benchmark_pilot\known_visit_10target_300.csv,7,7,7,18.21190148744332,18.21190148744332,01,01,1,0,True,completed
35,known_visit,ACBBA,ideal,1.0,19,361,4,10,acbba_h1_ideal,C:\Users\lottj\Desktop\research\decentralized benchmark\commitment-horizon-study\reference_core_benchmark_pilot\known_visit_10target_300.csv,8,1,9,6.34021275901809,6.34021275901809,02,02,1,0,True,completed
35,known_visit,ACBBA,ideal,1.0,19,361,4,10,acbba_h1_ideal,C:\Users\lottj\Desktop\research\decentralized benchmark\commitment-horizon-study\reference_core_benchmark_pilot\known_visit_10target_300.csv,9,3,9,10.15496171791309,10.15496171791309,02,02,1,0,True,completed
35,known_visit,ACBBA,ideal,1.0,19,361,4,10,acbba_h1_ideal,C:\Users\lottj\Desktop\research\decentralized benchmark\commitment-horizon-study\reference_core_benchmark_pilot\known_visit_10target_300.csv,10,0,10,2.2755066564251796,2.2755066564251796,02,02,2,1,True,completed
36,known_visit,ACBBA,ideal,1.0,19,361,4,10,acbba_h1_ideal,C:\Users\lottj\Desktop\research\decentralized benchmark\commitment-horizon-study\reference_core_benchmark_pilot\known_visit_10target_300.csv,1,10,2,19.984107284288573,19.984107284288573,00,00,1,0,True,completed
36,known_visit,ACBBA,ideal,1.0,19,361,4,10,acbba_h1_ideal,C:\Users\lottj\Desktop\research\decentralized benchmark\commitment-horizon-study\reference_core_benchmark_pilot\known_visit_10target_300.csv,2,4,9,10.572500742643301,10.572500742643301,02,02,1,0,True,completed
36,known_visit,ACBBA,ideal,1.0,19,361,4,10,acbba_h1_ideal,C:\Users\lottj\Desktop\research\decentralized benchmark\commitment-horizon-study\reference_core_benchmark_pilot\known_visit_10target_300.csv,3,16,16,33.2216424020542,33.2216424020542,03,03,1,0,True,completed
36,known_visit,ACBBA,ideal,1.0,19,361,4,10,acbba_h1_ideal,C:\Users\lottj\Desktop\research\decentralized benchmark\commitment-horizon-study\reference_core_benchmark_pilot\known_visit_10target_300.csv,4,0,1,0.5519518190010665,0.5519518190010665,00,00,1,0,True,completed
36,known_visit,ACBBA,ideal,1.0,19,361,4,10,acbba_h1_ideal,C:\Users\lottj\Desktop\research\decentralized benchmark\commitment-horizon-study\reference_core_benchmark_pilot\known_visit_10target_300.csv,5,3,1,6.045532157482584,6.045532157482584,00,00,1,0,True,completed
36,known_visit,ACBBA,ideal,1.0,19,361,4,10,acbba_h1_ideal,C:\Users\lottj\Desktop\research\decentralized benchmark\commitment-horizon-study\reference_core_benchmark_pilot\known_visit_10target_300.csv,6,7,7,19.497224214814924,19.497224214814924,02,02,1,0,True,completed
36,known_visit,ACBBA,ideal,1.0,19,361,4,10,acbba_h1_ideal,C:\Users\lottj\Desktop\research\decentralized benchmark\commitment-horizon-study\reference_core_benchmark_pilot\known_visit_10target_300.csv,7,8,4,16.244933437565027,16.244933437565027,01,01,1,0,True,completed
36,known_visit,ACBBA,ideal,1.0,19,361,4,10,acbba_h1_ideal,C:\Users\lottj\Desktop\research\decentralized benchmark\commitment-horizon-study\reference_core_benchmark_pilot\known_visit_10target_300.csv,8,1,4,3.7304891318267344,3.7304891318267344,01,01,1,0,True,completed
36,known_visit,ACBBA,ideal,1.0,19,361,4,10,acbba_h1_ideal,C:\Users\lottj\Desktop\research\decentralized benchmark\commitment-horizon-study\reference_core_benchmark_pilot\known_visit_10target_300.csv,9,16,15,31.30743262197913,31.30743262197913,03,03,1,0,True,completed
36,known_visit,ACBBA,ideal,1.0,19,361,4,10,acbba_h1_ideal,C:\Users\lottj\Desktop\research\decentralized benchmark\commitment-horizon-study\reference_core_benchmark_pilot\known_visit_10target_300.csv,10,17,7,36.70987707629651,36.70987707629651,02,02,1,0,True,completed
37,known_visit,ACBBA,ideal,1.0,19,361,4,10,acbba_h1_ideal,C:\Users\lottj\Desktop\research\decentralized benchmark\commitment-horizon-study\reference_core_benchmark_pilot\known_visit_10target_300.csv,1,15,9,34.0002251739649,34.0002251739649,02,02,1,0,True,completed
37,known_visit,ACBBA,ideal,1.0,19,361,4,10,acbba_h1_ideal,C:\Users\lottj\Desktop\research\decentralized benchmark\commitment-horizon-study\reference_core_benchmark_pilot\known_visit_10target_300.csv,2,14,10,30.30383214190979,30.30383214190979,02,02,1,0,True,completed
37,known_visit,ACBBA,ideal,1.0,19,361,4,10,acbba_h1_ideal,C:\Users\lottj\Desktop\research\decentralized benchmark\commitment-horizon-study\reference_core_benchmark_pilot\known_visit_10target_300.csv,3,17,14,35.097600055246744,35.097600055246744,03,03,1,0,True,completed
37,known_visit,ACBBA,ideal,1.0,19,361,4,10,acbba_h1_ideal,C:\Users\lottj\Desktop\research\decentralized benchmark\commitment-horizon-study\reference_core_benchmark_pilot\known_visit_10target_300.csv,4,10,3,28.728002938115214,28.728002938115214,01,01,1,0,True,completed
37,known_visit,ACBBA,ideal,1.0,19,361,4,10,acbba_h1_ideal,C:\Users\lottj\Desktop\research\decentralized benchmark\commitment-horizon-study\reference_core_benchmark_pilot\known_visit_10target_300.csv,5,0,8,2.230436839285305,2.230436839285305,01,01,1,0,True,completed
37,known_visit,ACBBA,ideal,1.0,19,361,4,10,acbba_h1_ideal,C:\Users\lottj\Desktop\research\decentralized benchmark\commitment-horizon-study\reference_core_benchmark_pilot\known_visit_10target_300.csv,6,2,3,7.34165079517974,7.34165079517974,00,00,1,0,True,completed
37,known_visit,ACBBA,ideal,1.0,19,361,4,10,acbba_h1_ideal,C:\Users\lottj\Desktop\research\decentralized benchmark\commitment-horizon-study\reference_core_benchmark_pilot\known_visit_10target_300.csv,7,0,13,0.4052727352794727,0.4052727352794727,02,02,1,0,True,completed
37,known_visit,ACBBA,ideal,1.0,19,361,4,10,acbba_h1_ideal,C:\Users\lottj\Desktop\research\decentralized benchmark\commitment-horizon-study\reference_core_benchmark_pilot\known_visit_10target_300.csv,8,10,6,23.423070376417538,23.423070376417538,01,01,1,0,True,completed
37,known_visit,ACBBA,ideal,1.0,19,361,4,10,acbba_h1_ideal,C:\Users\lottj\Desktop\research\decentralized benchmark\commitment-horizon-study\reference_core_benchmark_pilot\known_visit_10target_300.csv,9,6,1,18.204747135110768,18.204747135110768,00,00,1,0,True,completed
37,known_visit,ACBBA,ideal,1.0,19,361,4,10,acbba_h1_ideal,C:\Users\lottj\Desktop\research\decentralized benchmark\commitment-horizon-study\reference_core_benchmark_pilot\known_visit_10target_300.csv,10,7,8,14.370980499441094,14.370980499441094,01,01,1,0,True,completed
38,known_visit,ACBBA,ideal,1.0,19,361,4,10,acbba_h1_ideal,C:\Users\lottj\Desktop\research\decentralized benchmark\commitment-horizon-study\reference_core_benchmark_pilot\known_visit_10target_300.csv,1,16,4,40.49982679357403,40.49982679357403,00,00,1,0,True,completed
38,known_visit,ACBBA,ideal,1.0,19,361,4,10,acbba_h1_ideal,C:\Users\lottj\Desktop\research\decentralized benchmark\commitment-horizon-study\reference_core_benchmark_pilot\known_visit_10target_300.csv,2,4,14,8.950703135208869,8.950703135208869,02,02,1,0,True,completed
38,known_visit,ACBBA,ideal,1.0,19,361,4,10,acbba_h1_ideal,C:\Users\lottj\Desktop\research\decentralized benchmark\commitment-horizon-study\reference_core_benchmark_pilot\known_visit_10target_300.csv,3,18,1,49.637520780569446,49.637520780569446,00,00,1,0,True,completed
38,known_visit,ACBBA,ideal,1.0,19,361,4,10,acbba_h1_ideal,C:\Users\lottj\Desktop\research\decentralized benchmark\commitment-horizon-study\reference_core_benchmark_pilot\known_visit_10target_300.csv,4,4,8,9.327929389551462,9.327929389551462,01,01,1,0,True,completed
38,known_visit,ACBBA,ideal,1.0,19,361,4,10,acbba_h1_ideal,C:\Users\lottj\Desktop\research\decentralized benchmark\commitment-horizon-study\reference_core_benchmark_pilot\known_visit_10target_300.csv,5,18,10,37.405787836062146,37.405787836062146,01,01,2,1,True,completed
38,known_visit,ACBBA,ideal,1.0,19,361,4,10,acbba_h1_ideal,C:\Users\lottj\Desktop\research\decentralized benchmark\commitment-horizon-study\reference_core_benchmark_pilot\known_visit_10target_300.csv,6,18,8,41.14010924240544,41.14010924240544,01,01,1,0,True,completed
38,known_visit,ACBBA,ideal,1.0,19,361,4,10,acbba_h1_ideal,C:\Users\lottj\Desktop\research\decentralized benchmark\commitment-horizon-study\reference_core_benchmark_pilot\known_visit_10target_300.csv,7,3,8,7.3133137179039345,7.3133137179039345,01,01,1,0,True,completed
38,known_visit,ACBBA,ideal,1.0,19,361,4,10,acbba_h1_ideal,C:\Users\lottj\Desktop\research\decentralized benchmark\commitment-horizon-study\reference_core_benchmark_pilot\known_visit_10target_300.csv,8,5,11,16.49671764568004,16.49671764568004,02,02,1,0,True,completed
38,known_visit,ACBBA,ideal,1.0,19,361,4,10,acbba_h1_ideal,C:\Users\lottj\Desktop\research\decentralized benchmark\commitment-horizon-study\reference_core_benchmark_pilot\known_visit_10target_300.csv,9,18,2,47.955414937275734,47.955414937275734,00,00,1,0,True,completed
38,known_visit,ACBBA,ideal,1.0,19,361,4,10,acbba_h1_ideal,C:\Users\lottj\Desktop\research\decentralized benchmark\commitment-horizon-study\reference_core_benchmark_pilot\known_visit_10target_300.csv,10,13,2,31.302801791758288,31.302801791758288,00,00,1,0,True,completed
39,known_visit,ACBBA,ideal,1.0,19,361,4,10,acbba_h1_ideal,C:\Users\lottj\Desktop\research\decentralized benchmark\commitment-horizon-study\reference_core_benchmark_pilot\known_visit_10target_300.csv,1,5,15,12.763867373011715,12.763867373011715,03,03,1,0,True,completed
39,known_visit,ACBBA,ideal,1.0,19,361,4,10,acbba_h1_ideal,C:\Users\lottj\Desktop\research\decentralized benchmark\commitment-horizon-study\reference_core_benchmark_pilot\known_visit_10target_300.csv,2,2,13,4.225317823395446,4.225317823395446,02,02,1,0,True,completed
39,known_visit,ACBBA,ideal,1.0,19,361,4,10,acbba_h1_ideal,C:\Users\lottj\Desktop\research\decentralized benchmark\commitment-horizon-study\reference_core_benchmark_pilot\known_visit_10target_300.csv,3,17,12,42.60722569430989,42.60722569430989,03,03,1,0,True,completed
39,known_visit,ACBBA,ideal,1.0,19,361,4,10,acbba_h1_ideal,C:\Users\lottj\Desktop\research\decentralized benchmark\commitment-horizon-study\reference_core_benchmark_pilot\known_visit_10target_300.csv,4,3,9,13.267579591269074,13.267579591269074,02,02,1,0,True,completed
39,known_visit,ACBBA,ideal,1.0,19,361,4,10,acbba_h1_ideal,C:\Users\lottj\Desktop\research\decentralized benchmark\commitment-horizon-study\reference_core_benchmark_pilot\known_visit_10target_300.csv,5,6,9,18.582204955148285,18.582204955148285,02,02,1,0,True,completed
39,known_visit,ACBBA,ideal,1.0,19,361,4,10,acbba_h1_ideal,C:\Users\lottj\Desktop\research\decentralized benchmark\commitment-horizon-study\reference_core_benchmark_pilot\known_visit_10target_300.csv,6,7,3,15.859605598387189,15.859605598387189,01,01,1,0,True,completed
39,known_visit,ACBBA,ideal,1.0,19,361,4,10,acbba_h1_ideal,C:\Users\lottj\Desktop\research\decentralized benchmark\commitment-horizon-study\reference_core_benchmark_pilot\known_visit_10target_300.csv,7,1,13,2.193111960298131,2.193111960298131,02,02,1,0,True,completed
39,known_visit,ACBBA,ideal,1.0,19,361,4,10,acbba_h1_ideal,C:\Users\lottj\Desktop\research\decentralized benchmark\commitment-horizon-study\reference_core_benchmark_pilot\known_visit_10target_300.csv,8,3,3,8.808472461844383,8.808472461844383,01,01,1,0,True,completed
39,known_visit,ACBBA,ideal,1.0,19,361,4,10,acbba_h1_ideal,C:\Users\lottj\Desktop\research\decentralized benchmark\commitment-horizon-study\reference_core_benchmark_pilot\known_visit_10target_300.csv,9,10,13,24.994330499378073,24.994330499378073,03,03,1,0,True,completed
39,known_visit,ACBBA,ideal,1.0,19,361,4,10,acbba_h1_ideal,C:\Users\lottj\Desktop\research\decentralized benchmark\commitment-horizon-study\reference_core_benchmark_pilot\known_visit_10target_300.csv,10,11,11,30.331466658847955,30.331466658847955,03,03,1,0,True,completed
40,known_visit,ACBBA,ideal,1.0,19,361,4,10,acbba_h1_ideal,C:\Users\lottj\Desktop\research\decentralized benchmark\commitment-horizon-study\reference_core_benchmark_pilot\known_visit_10target_300.csv,1,1,1,2.291491366272599,2.291491366272599,00,00,1,0,True,completed
40,known_visit,ACBBA,ideal,1.0,19,361,4,10,acbba_h1_ideal,C:\Users\lottj\Desktop\research\decentralized benchmark\commitment-horizon-study\reference_core_benchmark_pilot\known_visit_10target_300.csv,2,4,8,13.146327900731666,13.146327900731666,01,01,1,0,True,completed
40,known_visit,ACBBA,ideal,1.0,19,361,4,10,acbba_h1_ideal,C:\Users\lottj\Desktop\research\decentralized benchmark\commitment-horizon-study\reference_core_benchmark_pilot\known_visit_10target_300.csv,3,2,9,7.326278754762368,7.326278754762368,01,01,1,0,True,completed
40,known_visit,ACBBA,ideal,1.0,19,361,4,10,acbba_h1_ideal,C:\Users\lottj\Desktop\research\decentralized benchmark\commitment-horizon-study\reference_core_benchmark_pilot\known_visit_10target_300.csv,4,13,18,32.29257451681454,32.29257451681454,03,03,1,0,True,completed
40,known_visit,ACBBA,ideal,1.0,19,361,4,10,acbba_h1_ideal,C:\Users\lottj\Desktop\research\decentralized benchmark\commitment-horizon-study\reference_core_benchmark_pilot\known_visit_10target_300.csv,5,4,4,12.996240743904968,12.996240743904968,00,00,1,0,True,completed
40,known_visit,ACBBA,ideal,1.0,19,361,4,10,acbba_h1_ideal,C:\Users\lottj\Desktop\research\decentralized benchmark\commitment-horizon-study\reference_core_benchmark_pilot\known_visit_10target_300.csv,6,10,4,23.19141785959827,23.19141785959827,00,00,1,0,True,completed
40,known_visit,ACBBA,ideal,1.0,19,361,4,10,acbba_h1_ideal,C:\Users\lottj\Desktop\research\decentralized benchmark\commitment-horizon-study\reference_core_benchmark_pilot\known_visit_10target_300.csv,7,0,17,0.46090889400392754,0.46090889400392754,03,03,1,0,True,completed
40,known_visit,ACBBA,ideal,1.0,19,361,4,10,acbba_h1_ideal,C:\Users\lottj\Desktop\research\decentralized benchmark\commitment-horizon-study\reference_core_benchmark_pilot\known_visit_10target_300.csv,8,7,15,16.32969735051541,16.32969735051541,03,03,1,0,True,completed
40,known_visit,ACBBA,ideal,1.0,19,361,4,10,acbba_h1_ideal,C:\Users\lottj\Desktop\research\decentralized benchmark\commitment-horizon-study\reference_core_benchmark_pilot\known_visit_10target_300.csv,9,4,10,12.76067277561586,12.76067277561586,02,02,1,0,True,completed
40,known_visit,ACBBA,ideal,1.0,19,361,4,10,acbba_h1_ideal,C:\Users\lottj\Desktop\research\decentralized benchmark\commitment-horizon-study\reference_core_benchmark_pilot\known_visit_10target_300.csv,10,7,17,12.609536561669923,12.609536561669923,03,03,1,0,True,completed
41,known_visit,ACBBA,ideal,1.0,19,361,4,10,acbba_h1_ideal,C:\Users\lottj\Desktop\research\decentralized benchmark\commitment-horizon-study\reference_core_benchmark_pilot\known_visit_10target_300.csv,1,7,2,14.067940816404809,14.067940816404809,00,00,1,0,True,completed
41,known_visit,ACBBA,ideal,1.0,19,361,4,10,acbba_h1_ideal,C:\Users\lottj\Desktop\research\decentralized benchmark\commitment-horizon-study\reference_core_benchmark_pilot\known_visit_10target_300.csv,2,15,1,29.871488918418162,29.871488918418162,00,00,1,0,True,completed
41,known_visit,ACBBA,ideal,1.0,19,361,4,10,acbba_h1_ideal,C:\Users\lottj\Desktop\research\decentralized benchmark\commitment-horizon-study\reference_core_benchmark_pilot\known_visit_10target_300.csv,3,6,2,12.115324781679092,12.115324781679092,00,00,1,0,True,completed
41,known_visit,ACBBA,ideal,1.0,19,361,4,10,acbba_h1_ideal,C:\Users\lottj\Desktop\research\decentralized benchmark\commitment-horizon-study\reference_core_benchmark_pilot\known_visit_10target_300.csv,4,7,5,12.363510871029744,12.363510871029744,01,01,1,0,True,completed
41,known_visit,ACBBA,ideal,1.0,19,361,4,10,acbba_h1_ideal,C:\Users\lottj\Desktop\research\decentralized benchmark\commitment-horizon-study\reference_core_benchmark_pilot\known_visit_10target_300.csv,5,1,6,0.192717630071594,0.192717630071594,01,01,1,0,True,completed
41,known_visit,ACBBA,ideal,1.0,19,361,4,10,acbba_h1_ideal,C:\Users\lottj\Desktop\research\decentralized benchmark\commitment-horizon-study\reference_core_benchmark_pilot\known_visit_10target_300.csv,6,13,1,26.253308171207088,26.253308171207088,00,00,1,0,True,completed
41,known_visit,ACBBA,ideal,1.0,19,361,4,10,acbba_h1_ideal,C:\Users\lottj\Desktop\research\decentralized benchmark\commitment-horizon-study\reference_core_benchmark_pilot\known_visit_10target_300.csv,7,9,10,17.248632528057055,17.248632528057055,02,02,1,0,True,completed
41,known_visit,ACBBA,ideal,1.0,19,361,4,10,acbba_h1_ideal,C:\Users\lottj\Desktop\research\decentralized benchmark\commitment-horizon-study\reference_core_benchmark_pilot\known_visit_10target_300.csv,8,5,0,6.6720179192058335,6.6720179192058335,00,00,1,0,True,completed
41,known_visit,ACBBA,ideal,1.0,19,361,4,10,acbba_h1_ideal,C:\Users\lottj\Desktop\research\decentralized benchmark\commitment-horizon-study\reference_core_benchmark_pilot\known_visit_10target_300.csv,9,13,2,24.27874304365167,24.27874304365167,00,00,1,0,True,completed
41,known_visit,ACBBA,ideal,1.0,19,361,4,10,acbba_h1_ideal,C:\Users\lottj\Desktop\research\decentralized benchmark\commitment-horizon-study\reference_core_benchmark_pilot\known_visit_10target_300.csv,10,13,10,24.54724234372994,24.54724234372994,02,02,1,0,True,completed
42,known_visit,ACBBA,ideal,1.0,19,361,4,10,acbba_h1_ideal,C:\Users\lottj\Desktop\research\decentralized benchmark\commitment-horizon-study\reference_core_benchmark_pilot\known_visit_10target_300.csv,1,2,15,7.426836139325585,7.426836139325585,03,03,1,0,True,completed
42,known_visit,ACBBA,ideal,1.0,19,361,4,10,acbba_h1_ideal,C:\Users\lottj\Desktop\research\decentralized benchmark\commitment-horizon-study\reference_core_benchmark_pilot\known_visit_10target_300.csv,2,2,14,5.674386956761402,5.674386956761402,02,02,1,0,True,completed
42,known_visit,ACBBA,ideal,1.0,19,361,4,10,acbba_h1_ideal,C:\Users\lottj\Desktop\research\decentralized benchmark\commitment-horizon-study\reference_core_benchmark_pilot\known_visit_10target_300.csv,3,17,7,39.84845002300145,39.84845002300145,00,00,1,0,True,completed
42,known_visit,ACBBA,ideal,1.0,19,361,4,10,acbba_h1_ideal,C:\Users\lottj\Desktop\research\decentralized benchmark\commitment-horizon-study\reference_core_benchmark_pilot\known_visit_10target_300.csv,4,4,12,13.56652616946472,13.56652616946472,02,02,1,0,True,completed
42,known_visit,ACBBA,ideal,1.0,19,361,4,10,acbba_h1_ideal,C:\Users\lottj\Desktop\research\decentralized benchmark\commitment-horizon-study\reference_core_benchmark_pilot\known_visit_10target_300.csv,5,6,13,18.21160109923458,18.21160109923458,03,03,1,0,True,completed
42,known_visit,ACBBA,ideal,1.0,19,361,4,10,acbba_h1_ideal,C:\Users\lottj\Desktop\research\decentralized benchmark\commitment-horizon-study\reference_core_benchmark_pilot\known_visit_10target_300.csv,6,17,15,42.20023196293751,42.20023196293751,02,02,1,0,True,completed
42,known_visit,ACBBA,ideal,1.0,19,361,4,10,acbba_h1_ideal,C:\Users\lottj\Desktop\research\decentralized benchmark\commitment-horizon-study\reference_core_benchmark_pilot\known_visit_10target_300.csv,7,9,18,32.51095031440237,32.51095031440237,03,03,1,0,True,completed
42,known_visit,ACBBA,ideal,1.0,19,361,4,10,acbba_h1_ideal,C:\Users\lottj\Desktop\research\decentralized benchmark\commitment-horizon-study\reference_core_benchmark_pilot\known_visit_10target_300.csv,8,17,5,36.089153251994595,36.089153251994595,00,00,1,0,True,completed
42,known_visit,ACBBA,ideal,1.0,19,361,4,10,acbba_h1_ideal,C:\Users\lottj\Desktop\research\decentralized benchmark\commitment-horizon-study\reference_core_benchmark_pilot\known_visit_10target_300.csv,9,9,11,23.172259500730046,23.172259500730046,01,01,1,0,True,completed
42,known_visit,ACBBA,ideal,1.0,19,361,4,10,acbba_h1_ideal,C:\Users\lottj\Desktop\research\decentralized benchmark\commitment-horizon-study\reference_core_benchmark_pilot\known_visit_10target_300.csv,10,5,2,10.330819839838552,10.330819839838552,00,00,1,0,True,completed
43,known_visit,ACBBA,ideal,1.0,19,361,4,10,acbba_h1_ideal,C:\Users\lottj\Desktop\research\decentralized benchmark\commitment-horizon-study\reference_core_benchmark_pilot\known_visit_10target_300.csv,1,0,10,2.122184701061437,2.122184701061437,02,02,1,0,True,completed
43,known_visit,ACBBA,ideal,1.0,19,361,4,10,acbba_h1_ideal,C:\Users\lottj\Desktop\research\decentralized benchmark\commitment-horizon-study\reference_core_benchmark_pilot\known_visit_10target_300.csv,2,18,5,42.317995382573216,42.317995382573216,02,02,1,0,True,completed
43,known_visit,ACBBA,ideal,1.0,19,361,4,10,acbba_h1_ideal,C:\Users\lottj\Desktop\research\decentralized benchmark\commitment-horizon-study\reference_core_benchmark_pilot\known_visit_10target_300.csv,3,2,7,3.8979798802399244,3.8979798802399244,01,01,1,0,True,completed
43,known_visit,ACBBA,ideal,1.0,19,361,4,10,acbba_h1_ideal,C:\Users\lottj\Desktop\research\decentralized benchmark\commitment-horizon-study\reference_core_benchmark_pilot\known_visit_10target_300.csv,4,17,15,46.81269034927395,46.81269034927395,03,03,1,0,True,completed
43,known_visit,ACBBA,ideal,1.0,19,361,4,10,acbba_h1_ideal,C:\Users\lottj\Desktop\research\decentralized benchmark\commitment-horizon-study\reference_core_benchmark_pilot\known_visit_10target_300.csv,5,10,4,22.74321182036645,22.74321182036645,00,00,1,0,True,completed
43,known_visit,ACBBA,ideal,1.0,19,361,4,10,acbba_h1_ideal,C:\Users\lottj\Desktop\research\decentralized benchmark\commitment-horizon-study\reference_core_benchmark_pilot\known_visit_10target_300.csv,6,13,11,32.945841276239406,32.945841276239406,03,03,1,0,True,completed
43,known_visit,ACBBA,ideal,1.0,19,361,4,10,acbba_h1_ideal,C:\Users\lottj\Desktop\research\decentralized benchmark\commitment-horizon-study\reference_core_benchmark_pilot\known_visit_10target_300.csv,7,4,5,11.588542314617419,11.588542314617419,01,01,1,0,True,completed
43,known_visit,ACBBA,ideal,1.0,19,361,4,10,acbba_h1_ideal,C:\Users\lottj\Desktop\research\decentralized benchmark\commitment-horizon-study\reference_core_benchmark_pilot\known_visit_10target_300.csv,8,14,9,35.94554531601661,35.94554531601661,01,01,1,0,True,completed
43,known_visit,ACBBA,ideal,1.0,19,361,4,10,acbba_h1_ideal,C:\Users\lottj\Desktop\research\decentralized benchmark\commitment-horizon-study\reference_core_benchmark_pilot\known_visit_10target_300.csv,9,2,3,7.420162229170402,7.420162229170402,00,00,1,0,True,completed
43,known_visit,ACBBA,ideal,1.0,19,361,4,10,acbba_h1_ideal,C:\Users\lottj\Desktop\research\decentralized benchmark\commitment-horizon-study\reference_core_benchmark_pilot\known_visit_10target_300.csv,10,14,1,35.11650814973843,35.11650814973843,00,00,1,0,True,completed
44,known_visit,ACBBA,ideal,1.0,19,361,4,10,acbba_h1_ideal,C:\Users\lottj\Desktop\research\decentralized benchmark\commitment-horizon-study\reference_core_benchmark_pilot\known_visit_10target_300.csv,1,15,0,39.01201414627041,39.01201414627041,01,01,1,0,True,completed
44,known_visit,ACBBA,ideal,1.0,19,361,4,10,acbba_h1_ideal,C:\Users\lottj\Desktop\research\decentralized benchmark\commitment-horizon-study\reference_core_benchmark_pilot\known_visit_10target_300.csv,2,6,14,16.28119858643861,16.28119858643861,02,02,1,0,True,completed
44,known_visit,ACBBA,ideal,1.0,19,361,4,10,acbba_h1_ideal,C:\Users\lottj\Desktop\research\decentralized benchmark\commitment-horizon-study\reference_core_benchmark_pilot\known_visit_10target_300.csv,3,6,12,12.891031308318782,12.891031308318782,02,02,1,0,True,completed
44,known_visit,ACBBA,ideal,1.0,19,361,4,10,acbba_h1_ideal,C:\Users\lottj\Desktop\research\decentralized benchmark\commitment-horizon-study\reference_core_benchmark_pilot\known_visit_10target_300.csv,4,8,18,11.909008411470746,11.909008411470746,03,03,1,0,True,completed
44,known_visit,ACBBA,ideal,1.0,19,361,4,10,acbba_h1_ideal,C:\Users\lottj\Desktop\research\decentralized benchmark\commitment-horizon-study\reference_core_benchmark_pilot\known_visit_10target_300.csv,5,9,5,19.92840343322667,19.92840343322667,01,01,1,0,True,completed
44,known_visit,ACBBA,ideal,1.0,19,361,4,10,acbba_h1_ideal,C:\Users\lottj\Desktop\research\decentralized benchmark\commitment-horizon-study\reference_core_benchmark_pilot\known_visit_10target_300.csv,6,4,3,10.831041478797877,10.831041478797877,00,00,1,0,True,completed
44,known_visit,ACBBA,ideal,1.0,19,361,4,10,acbba_h1_ideal,C:\Users\lottj\Desktop\research\decentralized benchmark\commitment-horizon-study\reference_core_benchmark_pilot\known_visit_10target_300.csv,7,10,13,24.312271751429293,24.312271751429293,03,03,1,0,True,completed
44,known_visit,ACBBA,ideal,1.0,19,361,4,10,acbba_h1_ideal,C:\Users\lottj\Desktop\research\decentralized benchmark\commitment-horizon-study\reference_core_benchmark_pilot\known_visit_10target_300.csv,8,15,10,37.912214435959996,37.912214435959996,03,03,1,0,True,completed
44,known_visit,ACBBA,ideal,1.0,19,361,4,10,acbba_h1_ideal,C:\Users\lottj\Desktop\research\decentralized benchmark\commitment-horizon-study\reference_core_benchmark_pilot\known_visit_10target_300.csv,9,0,7,0.5483478773677969,0.5483478773677969,01,01,1,0,True,completed
44,known_visit,ACBBA,ideal,1.0,19,361,4,10,acbba_h1_ideal,C:\Users\lottj\Desktop\research\decentralized benchmark\commitment-horizon-study\reference_core_benchmark_pilot\known_visit_10target_300.csv,10,12,5,25.260748034090476,25.260748034090476,01,01,1,0,True,completed
45,known_visit,ACBBA,ideal,1.0,19,361,4,10,acbba_h1_ideal,C:\Users\lottj\Desktop\research\decentralized benchmark\commitment-horizon-study\reference_core_benchmark_pilot\known_visit_10target_300.csv,1,8,17,14.089025470511555,14.089025470511555,03,03,1,0,True,completed
45,known_visit,ACBBA,ideal,1.0,19,361,4,10,acbba_h1_ideal,C:\Users\lottj\Desktop\research\decentralized benchmark\commitment-horizon-study\reference_core_benchmark_pilot\known_visit_10target_300.csv,2,3,1,5.494475260882909,5.494475260882909,00,00,1,0,True,completed
45,known_visit,ACBBA,ideal,1.0,19,361,4,10,acbba_h1_ideal,C:\Users\lottj\Desktop\research\decentralized benchmark\commitment-horizon-study\reference_core_benchmark_pilot\known_visit_10target_300.csv,3,16,5,27.92492920719189,27.92492920719189,01,01,1,0,True,completed
45,known_visit,ACBBA,ideal,1.0,19,361,4,10,acbba_h1_ideal,C:\Users\lottj\Desktop\research\decentralized benchmark\commitment-horizon-study\reference_core_benchmark_pilot\known_visit_10target_300.csv,4,18,16,33.019448000026664,33.019448000026664,03,03,1,0,True,completed
45,known_visit,ACBBA,ideal,1.0,19,361,4,10,acbba_h1_ideal,C:\Users\lottj\Desktop\research\decentralized benchmark\commitment-horizon-study\reference_core_benchmark_pilot\known_visit_10target_300.csv,5,18,3,35.17969804140437,35.17969804140437,00,00,1,0,True,completed
45,known_visit,ACBBA,ideal,1.0,19,361,4,10,acbba_h1_ideal,C:\Users\lottj\Desktop\research\decentralized benchmark\commitment-horizon-study\reference_core_benchmark_pilot\known_visit_10target_300.csv,6,16,2,29.82793537481727,29.82793537481727,00,00,1,0,True,completed
45,known_visit,ACBBA,ideal,1.0,19,361,4,10,acbba_h1_ideal,C:\Users\lottj\Desktop\research\decentralized benchmark\commitment-horizon-study\reference_core_benchmark_pilot\known_visit_10target_300.csv,7,7,5,12.518739051123415,12.518739051123415,01,01,1,0,True,completed
45,known_visit,ACBBA,ideal,1.0,19,361,4,10,acbba_h1_ideal,C:\Users\lottj\Desktop\research\decentralized benchmark\commitment-horizon-study\reference_core_benchmark_pilot\known_visit_10target_300.csv,8,9,12,21.762171811806486,21.762171811806486,02,02,1,0,True,completed
45,known_visit,ACBBA,ideal,1.0,19,361,4,10,acbba_h1_ideal,C:\Users\lottj\Desktop\research\decentralized benchmark\commitment-horizon-study\reference_core_benchmark_pilot\known_visit_10target_300.csv,9,5,10,10.796071044878612,10.796071044878612,02,02,1,0,True,completed
45,known_visit,ACBBA,ideal,1.0,19,361,4,10,acbba_h1_ideal,C:\Users\lottj\Desktop\research\decentralized benchmark\commitment-horizon-study\reference_core_benchmark_pilot\known_visit_10target_300.csv,10,16,9,35.797229844887816,35.797229844887816,01,01,1,0,True,completed
46,known_visit,ACBBA,ideal,1.0,19,361,4,10,acbba_h1_ideal,C:\Users\lottj\Desktop\research\decentralized benchmark\commitment-horizon-study\reference_core_benchmark_pilot\known_visit_10target_300.csv,1,16,14,43.77391818780408,43.77391818780408,03,03,1,0,True,completed
46,known_visit,ACBBA,ideal,1.0,19,361,4,10,acbba_h1_ideal,C:\Users\lottj\Desktop\research\decentralized benchmark\commitment-horizon-study\reference_core_benchmark_pilot\known_visit_10target_300.csv,2,2,4,5.972728397422018,5.972728397422018,01,01,1,0,True,completed
46,known_visit,ACBBA,ideal,1.0,19,361,4,10,acbba_h1_ideal,C:\Users\lottj\Desktop\research\decentralized benchmark\commitment-horizon-study\reference_core_benchmark_pilot\known_visit_10target_300.csv,3,16,2,33.27039741684343,33.27039741684343,01,01,1,0,True,completed
46,known_visit,ACBBA,ideal,1.0,19,361,4,10,acbba_h1_ideal,C:\Users\lottj\Desktop\research\decentralized benchmark\commitment-horizon-study\reference_core_benchmark_pilot\known_visit_10target_300.csv,4,4,16,9.017662651144562,9.017662651144562,03,03,1,0,True,completed
46,known_visit,ACBBA,ideal,1.0,19,361,4,10,acbba_h1_ideal,C:\Users\lottj\Desktop\research\decentralized benchmark\commitment-horizon-study\reference_core_benchmark_pilot\known_visit_10target_300.csv,5,5,13,12.894296209566432,12.894296209566432,02,02,1,0,True,completed
46,known_visit,ACBBA,ideal,1.0,19,361,4,10,acbba_h1_ideal,C:\Users\lottj\Desktop\research\decentralized benchmark\commitment-horizon-study\reference_core_benchmark_pilot\known_visit_10target_300.csv,6,0,4,2.325179210788059,2.325179210788059,01,01,1,0,True,completed
46,known_visit,ACBBA,ideal,1.0,19,361,4,10,acbba_h1_ideal,C:\Users\lottj\Desktop\research\decentralized benchmark\commitment-horizon-study\reference_core_benchmark_pilot\known_visit_10target_300.csv,7,6,15,14.396001451060364,14.396001451060364,03,03,1,0,True,completed
46,known_visit,ACBBA,ideal,1.0,19,361,4,10,acbba_h1_ideal,C:\Users\lottj\Desktop\research\decentralized benchmark\commitment-horizon-study\reference_core_benchmark_pilot\known_visit_10target_300.csv,8,0,11,0.40714142510040874,0.40714142510040874,02,02,1,0,True,completed
46,known_visit,ACBBA,ideal,1.0,19,361,4,10,acbba_h1_ideal,C:\Users\lottj\Desktop\research\decentralized benchmark\commitment-horizon-study\reference_core_benchmark_pilot\known_visit_10target_300.csv,9,6,17,18.042197825287147,18.042197825287147,03,03,2,1,True,completed
46,known_visit,ACBBA,ideal,1.0,19,361,4,10,acbba_h1_ideal,C:\Users\lottj\Desktop\research\decentralized benchmark\commitment-horizon-study\reference_core_benchmark_pilot\known_visit_10target_300.csv,10,10,18,26.641000512315347,26.641000512315347,03,03,1,0,True,completed
47,known_visit,ACBBA,ideal,1.0,19,361,4,10,acbba_h1_ideal,C:\Users\lottj\Desktop\research\decentralized benchmark\commitment-horizon-study\reference_core_benchmark_pilot\known_visit_10target_300.csv,1,9,11,23.33464578049964,23.33464578049964,02,02,1,0,True,completed
47,known_visit,ACBBA,ideal,1.0,19,361,4,10,acbba_h1_ideal,C:\Users\lottj\Desktop\research\decentralized benchmark\commitment-horizon-study\reference_core_benchmark_pilot\known_visit_10target_300.csv,2,3,14,7.164215540703954,7.164215540703954,02,02,1,0,True,completed
47,known_visit,ACBBA,ideal,1.0,19,361,4,10,acbba_h1_ideal,C:\Users\lottj\Desktop\research\decentralized benchmark\commitment-horizon-study\reference_core_benchmark_pilot\known_visit_10target_300.csv,3,9,13,19.831569132398972,19.831569132398972,02,02,1,0,True,completed
47,known_visit,ACBBA,ideal,1.0,19,361,4,10,acbba_h1_ideal,C:\Users\lottj\Desktop\research\decentralized benchmark\commitment-horizon-study\reference_core_benchmark_pilot\known_visit_10target_300.csv,4,9,18,18.207208491654267,18.207208491654267,03,03,1,0,True,completed
47,known_visit,ACBBA,ideal,1.0,19,361,4,10,acbba_h1_ideal,C:\Users\lottj\Desktop\research\decentralized benchmark\commitment-horizon-study\reference_core_benchmark_pilot\known_visit_10target_300.csv,5,15,8,31.68448070904278,31.68448070904278,01,01,1,0,True,completed
47,known_visit,ACBBA,ideal,1.0,19,361,4,10,acbba_h1_ideal,C:\Users\lottj\Desktop\research\decentralized benchmark\commitment-horizon-study\reference_core_benchmark_pilot\known_visit_10target_300.csv,6,11,13,30.661376733636214,30.661376733636214,02,02,1,0,True,completed
47,known_visit,ACBBA,ideal,1.0,19,361,4,10,acbba_h1_ideal,C:\Users\lottj\Desktop\research\decentralized benchmark\commitment-horizon-study\reference_core_benchmark_pilot\known_visit_10target_300.csv,7,5,17,8.896709465536512,8.896709465536512,03,03,1,0,True,completed
47,known_visit,ACBBA,ideal,1.0,19,361,4,10,acbba_h1_ideal,C:\Users\lottj\Desktop\research\decentralized benchmark\commitment-horizon-study\reference_core_benchmark_pilot\known_visit_10target_300.csv,8,5,18,6.943215961377307,6.943215961377307,03,03,1,0,True,completed
47,known_visit,ACBBA,ideal,1.0,19,361,4,10,acbba_h1_ideal,C:\Users\lottj\Desktop\research\decentralized benchmark\commitment-horizon-study\reference_core_benchmark_pilot\known_visit_10target_300.csv,9,9,5,15.839646946895723,15.839646946895723,01,01,2,1,True,completed
47,known_visit,ACBBA,ideal,1.0,19,361,4,10,acbba_h1_ideal,C:\Users\lottj\Desktop\research\decentralized benchmark\commitment-horizon-study\reference_core_benchmark_pilot\known_visit_10target_300.csv,10,14,14,34.17843090069748,34.17843090069748,03,03,1,0,True,completed
48,known_visit,ACBBA,ideal,1.0,19,361,4,10,acbba_h1_ideal,C:\Users\lottj\Desktop\research\decentralized benchmark\commitment-horizon-study\reference_core_benchmark_pilot\known_visit_10target_300.csv,1,11,16,28.817334220778278,28.817334220778278,03,03,1,0,True,completed
48,known_visit,ACBBA,ideal,1.0,19,361,4,10,acbba_h1_ideal,C:\Users\lottj\Desktop\research\decentralized benchmark\commitment-horizon-study\reference_core_benchmark_pilot\known_visit_10target_300.csv,2,18,5,39.63473682272991,39.63473682272991,01,01,1,0,True,completed
48,known_visit,ACBBA,ideal,1.0,19,361,4,10,acbba_h1_ideal,C:\Users\lottj\Desktop\research\decentralized benchmark\commitment-horizon-study\reference_core_benchmark_pilot\known_visit_10target_300.csv,3,5,0,21.808252801739886,21.808252801739886,00,00,1,0,True,completed
48,known_visit,ACBBA,ideal,1.0,19,361,4,10,acbba_h1_ideal,C:\Users\lottj\Desktop\research\decentralized benchmark\commitment-horizon-study\reference_core_benchmark_pilot\known_visit_10target_300.csv,4,5,9,12.81852828626535,12.81852828626535,02,02,1,0,True,completed
48,known_visit,ACBBA,ideal,1.0,19,361,4,10,acbba_h1_ideal,C:\Users\lottj\Desktop\research\decentralized benchmark\commitment-horizon-study\reference_core_benchmark_pilot\known_visit_10target_300.csv,5,12,8,23.819824577273533,23.819824577273533,01,01,1,0,True,completed
48,known_visit,ACBBA,ideal,1.0,19,361,4,10,acbba_h1_ideal,C:\Users\lottj\Desktop\research\decentralized benchmark\commitment-horizon-study\reference_core_benchmark_pilot\known_visit_10target_300.csv,6,14,8,27.16633025510542,27.16633025510542,01,01,1,0,True,completed
48,known_visit,ACBBA,ideal,1.0,19,361,4,10,acbba_h1_ideal,C:\Users\lottj\Desktop\research\decentralized benchmark\commitment-horizon-study\reference_core_benchmark_pilot\known_visit_10target_300.csv,7,0,1,0.5123702052706672,0.5123702052706672,00,00,1,0,True,completed
48,known_visit,ACBBA,ideal,1.0,19,361,4,10,acbba_h1_ideal,C:\Users\lottj\Desktop\research\decentralized benchmark\commitment-horizon-study\reference_core_benchmark_pilot\known_visit_10target_300.csv,8,5,14,14.424442150782278,14.424442150782278,03,03,1,0,True,completed
48,known_visit,ACBBA,ideal,1.0,19,361,4,10,acbba_h1_ideal,C:\Users\lottj\Desktop\research\decentralized benchmark\commitment-horizon-study\reference_core_benchmark_pilot\known_visit_10target_300.csv,9,0,4,5.580156410811404,5.580156410811404,00,00,1,0,True,completed
48,known_visit,ACBBA,ideal,1.0,19,361,4,10,acbba_h1_ideal,C:\Users\lottj\Desktop\research\decentralized benchmark\commitment-horizon-study\reference_core_benchmark_pilot\known_visit_10target_300.csv,10,0,7,0.47495911960948367,0.47495911960948367,01,01,1,0,True,completed
49,known_visit,ACBBA,ideal,1.0,19,361,4,10,acbba_h1_ideal,C:\Users\lottj\Desktop\research\decentralized benchmark\commitment-horizon-study\reference_core_benchmark_pilot\known_visit_10target_300.csv,1,7,16,14.251700605335476,14.251700605335476,03,03,2,1,True,completed
49,known_visit,ACBBA,ideal,1.0,19,361,4,10,acbba_h1_ideal,C:\Users\lottj\Desktop\research\decentralized benchmark\commitment-horizon-study\reference_core_benchmark_pilot\known_visit_10target_300.csv,2,4,4,12.35201250376713,12.35201250376713,00,00,1,0,True,completed
49,known_visit,ACBBA,ideal,1.0,19,361,4,10,acbba_h1_ideal,C:\Users\lottj\Desktop\research\decentralized benchmark\commitment-horizon-study\reference_core_benchmark_pilot\known_visit_10target_300.csv,3,6,10,15.961836968212998,15.961836968212998,01,01,1,0,True,completed
49,known_visit,ACBBA,ideal,1.0,19,361,4,10,acbba_h1_ideal,C:\Users\lottj\Desktop\research\decentralized benchmark\commitment-horizon-study\reference_core_benchmark_pilot\known_visit_10target_300.csv,4,16,15,32.06135481177453,32.06135481177453,03,03,1,0,True,completed
49,known_visit,ACBBA,ideal,1.0,19,361,4,10,acbba_h1_ideal,C:\Users\lottj\Desktop\research\decentralized benchmark\commitment-horizon-study\reference_core_benchmark_pilot\known_visit_10target_300.csv,5,0,8,2.067036912031242,2.067036912031242,01,01,1,0,True,completed
49,known_visit,ACBBA,ideal,1.0,19,361,4,10,acbba_h1_ideal,C:\Users\lottj\Desktop\research\decentralized benchmark\commitment-horizon-study\reference_core_benchmark_pilot\known_visit_10target_300.csv,6,15,12,34.59246219713068,34.59246219713068,01,01,1,0,True,completed
49,known_visit,ACBBA,ideal,1.0,19,361,4,10,acbba_h1_ideal,C:\Users\lottj\Desktop\research\decentralized benchmark\commitment-horizon-study\reference_core_benchmark_pilot\known_visit_10target_300.csv,7,15,1,36.84647297708207,36.84647297708207,00,00,1,0,True,completed
49,known_visit,ACBBA,ideal,1.0,19,361,4,10,acbba_h1_ideal,C:\Users\lottj\Desktop\research\decentralized benchmark\commitment-horizon-study\reference_core_benchmark_pilot\known_visit_10target_300.csv,8,6,2,19.44667346341116,19.44667346341116,00,00,1,0,True,completed
49,known_visit,ACBBA,ideal,1.0,19,361,4,10,acbba_h1_ideal,C:\Users\lottj\Desktop\research\decentralized benchmark\commitment-horizon-study\reference_core_benchmark_pilot\known_visit_10target_300.csv,9,1,14,3.9817132321503883,3.9817132321503883,02,02,1,0,True,completed
49,known_visit,ACBBA,ideal,1.0,19,361,4,10,acbba_h1_ideal,C:\Users\lottj\Desktop\research\decentralized benchmark\commitment-horizon-study\reference_core_benchmark_pilot\known_visit_10target_300.csv,10,2,1,3.8164149505066107,3.8164149505066107,00,00,1,0,True,completed
50,known_visit,ACBBA,ideal,1.0,19,361,4,10,acbba_h1_ideal,C:\Users\lottj\Desktop\research\decentralized benchmark\commitment-horizon-study\reference_core_benchmark_pilot\known_visit_10target_300.csv,1,15,1,48.87346762199287,48.87346762199287,00,00,1,0,True,completed
50,known_visit,ACBBA,ideal,1.0,19,361,4,10,acbba_h1_ideal,C:\Users\lottj\Desktop\research\decentralized benchmark\commitment-horizon-study\reference_core_benchmark_pilot\known_visit_10target_300.csv,2,3,6,11.796160058082155,11.796160058082155,01,01,2,1,True,completed
50,known_visit,ACBBA,ideal,1.0,19,361,4,10,acbba_h1_ideal,C:\Users\lottj\Desktop\research\decentralized benchmark\commitment-horizon-study\reference_core_benchmark_pilot\known_visit_10target_300.csv,3,10,3,29.31324805465757,29.31324805465757,01,01,1,0,True,completed
50,known_visit,ACBBA,ideal,1.0,19,361,4,10,acbba_h1_ideal,C:\Users\lottj\Desktop\research\decentralized benchmark\commitment-horizon-study\reference_core_benchmark_pilot\known_visit_10target_300.csv,4,2,1,3.857966339149361,3.857966339149361,00,00,1,0,True,completed
50,known_visit,ACBBA,ideal,1.0,19,361,4,10,acbba_h1_ideal,C:\Users\lottj\Desktop\research\decentralized benchmark\commitment-horizon-study\reference_core_benchmark_pilot\known_visit_10target_300.csv,5,3,8,8.016976307558048,8.016976307558048,01,01,1,0,True,completed
50,known_visit,ACBBA,ideal,1.0,19,361,4,10,acbba_h1_ideal,C:\Users\lottj\Desktop\research\decentralized benchmark\commitment-horizon-study\reference_core_benchmark_pilot\known_visit_10target_300.csv,6,8,0,37.97535126588035,37.97535126588035,01,01,1,0,True,completed
50,known_visit,ACBBA,ideal,1.0,19,361,4,10,acbba_h1_ideal,C:\Users\lottj\Desktop\research\decentralized benchmark\commitment-horizon-study\reference_core_benchmark_pilot\known_visit_10target_300.csv,7,4,12,15.630930659135185,15.630930659135185,03,03,1,0,True,completed
50,known_visit,ACBBA,ideal,1.0,19,361,4,10,acbba_h1_ideal,C:\Users\lottj\Desktop\research\decentralized benchmark\commitment-horizon-study\reference_core_benchmark_pilot\known_visit_10target_300.csv,8,0,9,3.823889867054992,3.823889867054992,02,02,1,0,True,completed
50,known_visit,ACBBA,ideal,1.0,19,361,4,10,acbba_h1_ideal,C:\Users\lottj\Desktop\research\decentralized benchmark\commitment-horizon-study\reference_core_benchmark_pilot\known_visit_10target_300.csv,9,7,4,22.422065021910175,22.422065021910175,01,01,1,0,True,completed
50,known_visit,ACBBA,ideal,1.0,19,361,4,10,acbba_h1_ideal,C:\Users\lottj\Desktop\research\decentralized benchmark\commitment-horizon-study\reference_core_benchmark_pilot\known_visit_10target_300.csv,10,1,4,10.97238816664898,10.97238816664898,00,00,1,0,True,completed
51,known_visit,ACBBA,ideal,1.0,19,361,4,10,acbba_h1_ideal,C:\Users\lottj\Desktop\research\decentralized benchmark\commitment-horizon-study\reference_core_benchmark_pilot\known_visit_10target_300.csv,1,15,17,37.05863426497479,37.05863426497479,03,03,1,0,True,completed
51,known_visit,ACBBA,ideal,1.0,19,361,4,10,acbba_h1_ideal,C:\Users\lottj\Desktop\research\decentralized benchmark\commitment-horizon-study\reference_core_benchmark_pilot\known_visit_10target_300.csv,2,10,12,23.02239023877283,23.02239023877283,02,02,1,0,True,completed
51,known_visit,ACBBA,ideal,1.0,19,361,4,10,acbba_h1_ideal,C:\Users\lottj\Desktop\research\decentralized benchmark\commitment-horizon-study\reference_core_benchmark_pilot\known_visit_10target_300.csv,3,2,10,5.5814164546177345,5.5814164546177345,02,02,1,0,True,completed
51,known_visit,ACBBA,ideal,1.0,19,361,4,10,acbba_h1_ideal,C:\Users\lottj\Desktop\research\decentralized benchmark\commitment-horizon-study\reference_core_benchmark_pilot\known_visit_10target_300.csv,4,14,13,32.1246218007653,32.1246218007653,02,02,1,0,True,completed
51,known_visit,ACBBA,ideal,1.0,19,361,4,10,acbba_h1_ideal,C:\Users\lottj\Desktop\research\decentralized benchmark\commitment-horizon-study\reference_core_benchmark_pilot\known_visit_10target_300.csv,5,7,10,14.346287617598152,14.346287617598152,02,02,1,0,True,completed
51,known_visit,ACBBA,ideal,1.0,19,361,4,10,acbba_h1_ideal,C:\Users\lottj\Desktop\research\decentralized benchmark\commitment-horizon-study\reference_core_benchmark_pilot\known_visit_10target_300.csv,6,8,14,19.203577276039006,19.203577276039006,03,03,1,0,True,completed
51,known_visit,ACBBA,ideal,1.0,19,361,4,10,acbba_h1_ideal,C:\Users\lottj\Desktop\research\decentralized benchmark\commitment-horizon-study\reference_core_benchmark_pilot\known_visit_10target_300.csv,7,13,13,30.37119670289805,30.37119670289805,02,02,2,1,True,completed
51,known_visit,ACBBA,ideal,1.0,19,361,4,10,acbba_h1_ideal,C:\Users\lottj\Desktop\research\decentralized benchmark\commitment-horizon-study\reference_core_benchmark_pilot\known_visit_10target_300.csv,8,18,0,37.056080158696936,37.056080158696936,00,00,1,0,True,completed
51,known_visit,ACBBA,ideal,1.0,19,361,4,10,acbba_h1_ideal,C:\Users\lottj\Desktop\research\decentralized benchmark\commitment-horizon-study\reference_core_benchmark_pilot\known_visit_10target_300.csv,9,11,15,26.678831919477368,26.678831919477368,03,03,1,0,True,completed
51,known_visit,ACBBA,ideal,1.0,19,361,4,10,acbba_h1_ideal,C:\Users\lottj\Desktop\research\decentralized benchmark\commitment-horizon-study\reference_core_benchmark_pilot\known_visit_10target_300.csv,10,9,2,17.77861564729568,17.77861564729568,00,00,1,0,True,completed
52,known_visit,ACBBA,ideal,1.0,19,361,4,10,acbba_h1_ideal,C:\Users\lottj\Desktop\research\decentralized benchmark\commitment-horizon-study\reference_core_benchmark_pilot\known_visit_10target_300.csv,1,9,18,25.329534422517508,25.329534422517508,02,02,1,0,True,completed
52,known_visit,ACBBA,ideal,1.0,19,361,4,10,acbba_h1_ideal,C:\Users\lottj\Desktop\research\decentralized benchmark\commitment-horizon-study\reference_core_benchmark_pilot\known_visit_10target_300.csv,2,2,14,5.4185097330002465,5.4185097330002465,02,02,1,0,True,completed
52,known_visit,ACBBA,ideal,1.0,19,361,4,10,acbba_h1_ideal,C:\Users\lottj\Desktop\research\decentralized benchmark\commitment-horizon-study\reference_core_benchmark_pilot\known_visit_10target_300.csv,3,6,16,12.540307162208796,12.540307162208796,03,03,1,0,True,completed
52,known_visit,ACBBA,ideal,1.0,19,361,4,10,acbba_h1_ideal,C:\Users\lottj\Desktop\research\decentralized benchmark\commitment-horizon-study\reference_core_benchmark_pilot\known_visit_10target_300.csv,4,2,2,5.631745474372869,5.631745474372869,00,00,1,0,True,completed
52,known_visit,ACBBA,ideal,1.0,19,361,4,10,acbba_h1_ideal,C:\Users\lottj\Desktop\research\decentralized benchmark\commitment-horizon-study\reference_core_benchmark_pilot\known_visit_10target_300.csv,5,11,11,25.988899784451306,25.988899784451306,01,01,1,0,True,completed
52,known_visit,ACBBA,ideal,1.0,19,361,4,10,acbba_h1_ideal,C:\Users\lottj\Desktop\research\decentralized benchmark\commitment-horizon-study\reference_core_benchmark_pilot\known_visit_10target_300.csv,6,11,5,26.392979882162734,26.392979882162734,00,00,1,0,True,completed
52,known_visit,ACBBA,ideal,1.0,19,361,4,10,acbba_h1_ideal,C:\Users\lottj\Desktop\research\decentralized benchmark\commitment-horizon-study\reference_core_benchmark_pilot\known_visit_10target_300.csv,7,17,7,40.453473101528516,40.453473101528516,00,00,1,0,True,completed
52,known_visit,ACBBA,ideal,1.0,19,361,4,10,acbba_h1_ideal,C:\Users\lottj\Desktop\research\decentralized benchmark\commitment-horizon-study\reference_core_benchmark_pilot\known_visit_10target_300.csv,8,11,14,24.968112212004833,24.968112212004833,03,03,1,0,True,completed
52,known_visit,ACBBA,ideal,1.0,19,361,4,10,acbba_h1_ideal,C:\Users\lottj\Desktop\research\decentralized benchmark\commitment-horizon-study\reference_core_benchmark_pilot\known_visit_10target_300.csv,9,5,16,10.536934656966979,10.536934656966979,03,03,2,1,True,completed
52,known_visit,ACBBA,ideal,1.0,19,361,4,10,acbba_h1_ideal,C:\Users\lottj\Desktop\research\decentralized benchmark\commitment-horizon-study\reference_core_benchmark_pilot\known_visit_10target_300.csv,10,6,11,17.24381211058869,17.24381211058869,01,01,1,0,True,completed
53,known_visit,ACBBA,ideal,1.0,19,361,4,10,acbba_h1_ideal,C:\Users\lottj\Desktop\research\decentralized benchmark\commitment-horizon-study\reference_core_benchmark_pilot\known_visit_10target_300.csv,1,2,13,3.679894161737758,3.679894161737758,02,02,1,0,True,completed
53,known_visit,ACBBA,ideal,1.0,19,361,4,10,acbba_h1_ideal,C:\Users\lottj\Desktop\research\decentralized benchmark\commitment-horizon-study\reference_core_benchmark_pilot\known_visit_10target_300.csv,2,10,10,23.485776010683512,23.485776010683512,02,02,1,0,True,completed
53,known_visit,ACBBA,ideal,1.0,19,361,4,10,acbba_h1_ideal,C:\Users\lottj\Desktop\research\decentralized benchmark\commitment-horizon-study\reference_core_benchmark_pilot\known_visit_10target_300.csv,3,10,16,19.16446488348483,19.16446488348483,03,03,1,0,True,completed
53,known_visit,ACBBA,ideal,1.0,19,361,4,10,acbba_h1_ideal,C:\Users\lottj\Desktop\research\decentralized benchmark\commitment-horizon-study\reference_core_benchmark_pilot\known_visit_10target_300.csv,4,18,15,38.580363691404315,38.580363691404315,03,03,1,0,True,completed
53,known_visit,ACBBA,ideal,1.0,19,361,4,10,acbba_h1_ideal,C:\Users\lottj\Desktop\research\decentralized benchmark\commitment-horizon-study\reference_core_benchmark_pilot\known_visit_10target_300.csv,5,7,6,18.223119322694114,18.223119322694114,01,01,1,0,True,completed
53,known_visit,ACBBA,ideal,1.0,19,361,4,10,acbba_h1_ideal,C:\Users\lottj\Desktop\research\decentralized benchmark\commitment-horizon-study\reference_core_benchmark_pilot\known_visit_10target_300.csv,6,11,0,17.029739161157888,17.029739161157888,00,00,1,0,True,completed
53,known_visit,ACBBA,ideal,1.0,19,361,4,10,acbba_h1_ideal,C:\Users\lottj\Desktop\research\decentralized benchmark\commitment-horizon-study\reference_core_benchmark_pilot\known_visit_10target_300.csv,7,16,17,31.434957649835802,31.434957649835802,03,03,1,0,True,completed
53,known_visit,ACBBA,ideal,1.0,19,361,4,10,acbba_h1_ideal,C:\Users\lottj\Desktop\research\decentralized benchmark\commitment-horizon-study\reference_core_benchmark_pilot\known_visit_10target_300.csv,8,1,0,0.12584362284305217,0.12584362284305217,00,00,1,0,True,completed
53,known_visit,ACBBA,ideal,1.0,19,361,4,10,acbba_h1_ideal,C:\Users\lottj\Desktop\research\decentralized benchmark\commitment-horizon-study\reference_core_benchmark_pilot\known_visit_10target_300.csv,9,18,4,36.39825043179765,36.39825043179765,00,00,1,0,True,completed
53,known_visit,ACBBA,ideal,1.0,19,361,4,10,acbba_h1_ideal,C:\Users\lottj\Desktop\research\decentralized benchmark\commitment-horizon-study\reference_core_benchmark_pilot\known_visit_10target_300.csv,10,4,8,9.003925681075781,9.003925681075781,01,01,1,0,True,completed
54,known_visit,ACBBA,ideal,1.0,19,361,4,10,acbba_h1_ideal,C:\Users\lottj\Desktop\research\decentralized benchmark\commitment-horizon-study\reference_core_benchmark_pilot\known_visit_10target_300.csv,1,15,13,40.82469416048882,40.82469416048882,03,03,1,0,True,completed
54,known_visit,ACBBA,ideal,1.0,19,361,4,10,acbba_h1_ideal,C:\Users\lottj\Desktop\research\decentralized benchmark\commitment-horizon-study\reference_core_benchmark_pilot\known_visit_10target_300.csv,2,9,15,19.16479561490594,19.16479561490594,03,03,1,0,True,completed
54,known_visit,ACBBA,ideal,1.0,19,361,4,10,acbba_h1_ideal,C:\Users\lottj\Desktop\research\decentralized benchmark\commitment-horizon-study\reference_core_benchmark_pilot\known_visit_10target_300.csv,3,18,6,38.08616681295468,38.08616681295468,01,01,1,0,True,completed
54,known_visit,ACBBA,ideal,1.0,19,361,4,10,acbba_h1_ideal,C:\Users\lottj\Desktop\research\decentralized benchmark\commitment-horizon-study\reference_core_benchmark_pilot\known_visit_10target_300.csv,4,1,9,5.475136787850882,5.475136787850882,02,02,1,0,True,completed
54,known_visit,ACBBA,ideal,1.0,19,361,4,10,acbba_h1_ideal,C:\Users\lottj\Desktop\research\decentralized benchmark\commitment-horizon-study\reference_core_benchmark_pilot\known_visit_10target_300.csv,5,15,1,26.195103194519003,26.195103194519003,00,00,1,0,True,completed
54,known_visit,ACBBA,ideal,1.0,19,361,4,10,acbba_h1_ideal,C:\Users\lottj\Desktop\research\decentralized benchmark\commitment-horizon-study\reference_core_benchmark_pilot\known_visit_10target_300.csv,6,8,13,24.610355750644715,24.610355750644715,03,03,1,0,True,completed
54,known_visit,ACBBA,ideal,1.0,19,361,4,10,acbba_h1_ideal,C:\Users\lottj\Desktop\research\decentralized benchmark\commitment-horizon-study\reference_core_benchmark_pilot\known_visit_10target_300.csv,7,3,7,9.636135465652657,9.636135465652657,01,01,1,0,True,completed
54,known_visit,ACBBA,ideal,1.0,19,361,4,10,acbba_h1_ideal,C:\Users\lottj\Desktop\research\decentralized benchmark\commitment-horizon-study\reference_core_benchmark_pilot\known_visit_10target_300.csv,8,5,8,14.641403861803882,14.641403861803882,02,02,1,0,True,completed
54,known_visit,ACBBA,ideal,1.0,19,361,4,10,acbba_h1_ideal,C:\Users\lottj\Desktop\research\decentralized benchmark\commitment-horizon-study\reference_core_benchmark_pilot\known_visit_10target_300.csv,9,1,11,2.1204084763251925,2.1204084763251925,02,02,1,0,True,completed
54,known_visit,ACBBA,ideal,1.0,19,361,4,10,acbba_h1_ideal,C:\Users\lottj\Desktop\research\decentralized benchmark\commitment-horizon-study\reference_core_benchmark_pilot\known_visit_10target_300.csv,10,8,10,23.886447862543395,23.886447862543395,02,02,1,0,True,completed
55,known_visit,ACBBA,ideal,1.0,19,361,4,10,acbba_h1_ideal,C:\Users\lottj\Desktop\research\decentralized benchmark\commitment-horizon-study\reference_core_benchmark_pilot\known_visit_10target_300.csv,1,8,10,19.80385666678726,19.80385666678726,02,02,1,0,True,completed
55,known_visit,ACBBA,ideal,1.0,19,361,4,10,acbba_h1_ideal,C:\Users\lottj\Desktop\research\decentralized benchmark\commitment-horizon-study\reference_core_benchmark_pilot\known_visit_10target_300.csv,2,13,1,22.980261425560776,22.980261425560776,00,00,1,0,True,completed
55,known_visit,ACBBA,ideal,1.0,19,361,4,10,acbba_h1_ideal,C:\Users\lottj\Desktop\research\decentralized benchmark\commitment-horizon-study\reference_core_benchmark_pilot\known_visit_10target_300.csv,3,8,4,16.247343323730238,16.247343323730238,01,01,1,0,True,completed
55,known_visit,ACBBA,ideal,1.0,19,361,4,10,acbba_h1_ideal,C:\Users\lottj\Desktop\research\decentralized benchmark\commitment-horizon-study\reference_core_benchmark_pilot\known_visit_10target_300.csv,4,8,17,14.116972838544998,14.116972838544998,03,03,1,0,True,completed
55,known_visit,ACBBA,ideal,1.0,19,361,4,10,acbba_h1_ideal,C:\Users\lottj\Desktop\research\decentralized benchmark\commitment-horizon-study\reference_core_benchmark_pilot\known_visit_10target_300.csv,5,9,3,20.077261263881052,20.077261263881052,01,01,1,0,True,completed
55,known_visit,ACBBA,ideal,1.0,19,361,4,10,acbba_h1_ideal,C:\Users\lottj\Desktop\research\decentralized benchmark\commitment-horizon-study\reference_core_benchmark_pilot\known_visit_10target_300.csv,6,10,6,27.629404170003255,27.629404170003255,01,01,1,0,True,completed
55,known_visit,ACBBA,ideal,1.0,19,361,4,10,acbba_h1_ideal,C:\Users\lottj\Desktop\research\decentralized benchmark\commitment-horizon-study\reference_core_benchmark_pilot\known_visit_10target_300.csv,7,15,7,37.013557048965765,37.013557048965765,00,00,1,0,True,completed
55,known_visit,ACBBA,ideal,1.0,19,361,4,10,acbba_h1_ideal,C:\Users\lottj\Desktop\research\decentralized benchmark\commitment-horizon-study\reference_core_benchmark_pilot\known_visit_10target_300.csv,8,2,9,7.366455691425515,7.366455691425515,02,02,1,0,True,completed
55,known_visit,ACBBA,ideal,1.0,19,361,4,10,acbba_h1_ideal,C:\Users\lottj\Desktop\research\decentralized benchmark\commitment-horizon-study\reference_core_benchmark_pilot\known_visit_10target_300.csv,9,10,1,17.92467257897002,17.92467257897002,00,00,1,0,True,completed
55,known_visit,ACBBA,ideal,1.0,19,361,4,10,acbba_h1_ideal,C:\Users\lottj\Desktop\research\decentralized benchmark\commitment-horizon-study\reference_core_benchmark_pilot\known_visit_10target_300.csv,10,0,1,0.5428721161962313,0.5428721161962313,00,00,1,0,True,completed
56,known_visit,ACBBA,ideal,1.0,19,361,4,10,acbba_h1_ideal,C:\Users\lottj\Desktop\research\decentralized benchmark\commitment-horizon-study\reference_core_benchmark_pilot\known_visit_10target_300.csv,1,2,13,3.8542503153852574,3.8542503153852574,02,02,1,0,True,completed
56,known_visit,ACBBA,ideal,1.0,19,361,4,10,acbba_h1_ideal,C:\Users\lottj\Desktop\research\decentralized benchmark\commitment-horizon-study\reference_core_benchmark_pilot\known_visit_10target_300.csv,2,6,11,14.909908548080752,14.909908548080752,02,02,1,0,True,completed
56,known_visit,ACBBA,ideal,1.0,19,361,4,10,acbba_h1_ideal,C:\Users\lottj\Desktop\research\decentralized benchmark\commitment-horizon-study\reference_core_benchmark_pilot\known_visit_10target_300.csv,3,16,3,30.97334110523475,30.97334110523475,00,00,1,0,True,completed
56,known_visit,ACBBA,ideal,1.0,19,361,4,10,acbba_h1_ideal,C:\Users\lottj\Desktop\research\decentralized benchmark\commitment-horizon-study\reference_core_benchmark_pilot\known_visit_10target_300.csv,4,7,13,18.880092783642674,18.880092783642674,03,03,1,0,True,completed
56,known_visit,ACBBA,ideal,1.0,19,361,4,10,acbba_h1_ideal,C:\Users\lottj\Desktop\research\decentralized benchmark\commitment-horizon-study\reference_core_benchmark_pilot\known_visit_10target_300.csv,5,7,16,13.769429991827495,13.769429991827495,03,03,1,0,True,completed
56,known_visit,ACBBA,ideal,1.0,19,361,4,10,acbba_h1_ideal,C:\Users\lottj\Desktop\research\decentralized benchmark\commitment-horizon-study\reference_core_benchmark_pilot\known_visit_10target_300.csv,6,4,2,9.102258707341326,9.102258707341326,00,00,1,0,True,completed
56,known_visit,ACBBA,ideal,1.0,19,361,4,10,acbba_h1_ideal,C:\Users\lottj\Desktop\research\decentralized benchmark\commitment-horizon-study\reference_core_benchmark_pilot\known_visit_10target_300.csv,7,6,18,8.492903495828113,8.492903495828113,03,03,1,0,True,completed
56,known_visit,ACBBA,ideal,1.0,19,361,4,10,acbba_h1_ideal,C:\Users\lottj\Desktop\research\decentralized benchmark\commitment-horizon-study\reference_core_benchmark_pilot\known_visit_10target_300.csv,8,2,4,5.4471355586002,5.4471355586002,01,01,1,0,True,completed
56,known_visit,ACBBA,ideal,1.0,19,361,4,10,acbba_h1_ideal,C:\Users\lottj\Desktop\research\decentralized benchmark\commitment-horizon-study\reference_core_benchmark_pilot\known_visit_10target_300.csv,9,11,9,31.33383269374217,31.33383269374217,02,02,1,0,True,completed
56,known_visit,ACBBA,ideal,1.0,19,361,4,10,acbba_h1_ideal,C:\Users\lottj\Desktop\research\decentralized benchmark\commitment-horizon-study\reference_core_benchmark_pilot\known_visit_10target_300.csv,10,3,11,9.481861043899183,9.481861043899183,02,02,1,0,True,completed
57,known_visit,ACBBA,ideal,1.0,19,361,4,10,acbba_h1_ideal,C:\Users\lottj\Desktop\research\decentralized benchmark\commitment-horizon-study\reference_core_benchmark_pilot\known_visit_10target_300.csv,1,0,1,0.5264623062463937,0.5264623062463937,00,00,1,0,True,completed
57,known_visit,ACBBA,ideal,1.0,19,361,4,10,acbba_h1_ideal,C:\Users\lottj\Desktop\research\decentralized benchmark\commitment-horizon-study\reference_core_benchmark_pilot\known_visit_10target_300.csv,2,12,16,22.23308032365686,22.23308032365686,03,03,1,0,True,completed
57,known_visit,ACBBA,ideal,1.0,19,361,4,10,acbba_h1_ideal,C:\Users\lottj\Desktop\research\decentralized benchmark\commitment-horizon-study\reference_core_benchmark_pilot\known_visit_10target_300.csv,3,13,12,28.2004145427232,28.2004145427232,02,02,1,0,True,completed
57,known_visit,ACBBA,ideal,1.0,19,361,4,10,acbba_h1_ideal,C:\Users\lottj\Desktop\research\decentralized benchmark\commitment-horizon-study\reference_core_benchmark_pilot\known_visit_10target_300.csv,4,9,10,17.43574469188326,17.43574469188326,02,02,1,0,True,completed
57,known_visit,ACBBA,ideal,1.0,19,361,4,10,acbba_h1_ideal,C:\Users\lottj\Desktop\research\decentralized benchmark\commitment-horizon-study\reference_core_benchmark_pilot\known_visit_10target_300.csv,5,9,12,13.685067081849143,13.685067081849143,02,02,1,0,True,completed
57,known_visit,ACBBA,ideal,1.0,19,361,4,10,acbba_h1_ideal,C:\Users\lottj\Desktop\research\decentralized benchmark\commitment-horizon-study\reference_core_benchmark_pilot\known_visit_10target_300.csv,6,6,1,10.984756506072612,10.984756506072612,00,00,1,0,True,completed
57,known_visit,ACBBA,ideal,1.0,19,361,4,10,acbba_h1_ideal,C:\Users\lottj\Desktop\research\decentralized benchmark\commitment-horizon-study\reference_core_benchmark_pilot\known_visit_10target_300.csv,7,14,2,30.157765021845968,30.157765021845968,01,01,1,0,True,completed
57,known_visit,ACBBA,ideal,1.0,19,361,4,10,acbba_h1_ideal,C:\Users\lottj\Desktop\research\decentralized benchmark\commitment-horizon-study\reference_core_benchmark_pilot\known_visit_10target_300.csv,8,16,12,33.762208247248445,33.762208247248445,02,02,1,0,True,completed
57,known_visit,ACBBA,ideal,1.0,19,361,4,10,acbba_h1_ideal,C:\Users\lottj\Desktop\research\decentralized benchmark\commitment-horizon-study\reference_core_benchmark_pilot\known_visit_10target_300.csv,9,2,4,5.4312770514769255,5.4312770514769255,01,01,1,0,True,completed
57,known_visit,ACBBA,ideal,1.0,19,361,4,10,acbba_h1_ideal,C:\Users\lottj\Desktop\research\decentralized benchmark\commitment-horizon-study\reference_core_benchmark_pilot\known_visit_10target_300.csv,10,11,0,21.50249621010975,21.50249621010975,00,00,1,0,True,completed
58,known_visit,ACBBA,ideal,1.0,19,361,4,10,acbba_h1_ideal,C:\Users\lottj\Desktop\research\decentralized benchmark\commitment-horizon-study\reference_core_benchmark_pilot\known_visit_10target_300.csv,1,17,0,38.57097256795162,38.57097256795162,00,00,1,0,True,completed
58,known_visit,ACBBA,ideal,1.0,19,361,4,10,acbba_h1_ideal,C:\Users\lottj\Desktop\research\decentralized benchmark\commitment-horizon-study\reference_core_benchmark_pilot\known_visit_10target_300.csv,2,5,16,11.098245029900564,11.098245029900564,03,03,1,0,True,completed
58,known_visit,ACBBA,ideal,1.0,19,361,4,10,acbba_h1_ideal,C:\Users\lottj\Desktop\research\decentralized benchmark\commitment-horizon-study\reference_core_benchmark_pilot\known_visit_10target_300.csv,3,15,16,32.18832197580502,32.18832197580502,03,03,1,0,True,completed
58,known_visit,ACBBA,ideal,1.0,19,361,4,10,acbba_h1_ideal,C:\Users\lottj\Desktop\research\decentralized benchmark\commitment-horizon-study\reference_core_benchmark_pilot\known_visit_10target_300.csv,4,11,3,22.234296681752173,22.234296681752173,00,00,1,0,True,completed
58,known_visit,ACBBA,ideal,1.0,19,361,4,10,acbba_h1_ideal,C:\Users\lottj\Desktop\research\decentralized benchmark\commitment-horizon-study\reference_core_benchmark_pilot\known_visit_10target_300.csv,5,2,17,3.9132141929376743,3.9132141929376743,03,03,1,0,True,completed
58,known_visit,ACBBA,ideal,1.0,19,361,4,10,acbba_h1_ideal,C:\Users\lottj\Desktop\research\decentralized benchmark\commitment-horizon-study\reference_core_benchmark_pilot\known_visit_10target_300.csv,6,15,8,31.582876237231574,31.582876237231574,01,01,1,0,True,completed
58,known_visit,ACBBA,ideal,1.0,19,361,4,10,acbba_h1_ideal,C:\Users\lottj\Desktop\research\decentralized benchmark\commitment-horizon-study\reference_core_benchmark_pilot\known_visit_10target_300.csv,7,16,2,33.13536241218336,33.13536241218336,00,00,1,0,True,completed
58,known_visit,ACBBA,ideal,1.0,19,361,4,10,acbba_h1_ideal,C:\Users\lottj\Desktop\research\decentralized benchmark\commitment-horizon-study\reference_core_benchmark_pilot\known_visit_10target_300.csv,8,18,14,38.311032758839545,38.311032758839545,02,02,1,0,True,completed
58,known_visit,ACBBA,ideal,1.0,19,361,4,10,acbba_h1_ideal,C:\Users\lottj\Desktop\research\decentralized benchmark\commitment-horizon-study\reference_core_benchmark_pilot\known_visit_10target_300.csv,9,12,17,24.884131839924095,24.884131839924095,03,03,1,0,True,completed
58,known_visit,ACBBA,ideal,1.0,19,361,4,10,acbba_h1_ideal,C:\Users\lottj\Desktop\research\decentralized benchmark\commitment-horizon-study\reference_core_benchmark_pilot\known_visit_10target_300.csv,10,8,9,17.532124654764615,17.532124654764615,01,01,1,0,True,completed
59,known_visit,ACBBA,ideal,1.0,19,361,4,10,acbba_h1_ideal,C:\Users\lottj\Desktop\research\decentralized benchmark\commitment-horizon-study\reference_core_benchmark_pilot\known_visit_10target_300.csv,1,5,5,16.03880784910131,16.03880784910131,01,01,1,0,True,completed
59,known_visit,ACBBA,ideal,1.0,19,361,4,10,acbba_h1_ideal,C:\Users\lottj\Desktop\research\decentralized benchmark\commitment-horizon-study\reference_core_benchmark_pilot\known_visit_10target_300.csv,2,8,10,19.57651278010801,19.57651278010801,02,02,1,0,True,completed
59,known_visit,ACBBA,ideal,1.0,19,361,4,10,acbba_h1_ideal,C:\Users\lottj\Desktop\research\decentralized benchmark\commitment-horizon-study\reference_core_benchmark_pilot\known_visit_10target_300.csv,3,7,13,19.58143091719064,19.58143091719064,03,03,1,0,True,completed
59,known_visit,ACBBA,ideal,1.0,19,361,4,10,acbba_h1_ideal,C:\Users\lottj\Desktop\research\decentralized benchmark\commitment-horizon-study\reference_core_benchmark_pilot\known_visit_10target_300.csv,4,0,3,3.840638344646696,3.840638344646696,01,01,1,0,True,completed
59,known_visit,ACBBA,ideal,1.0,19,361,4,10,acbba_h1_ideal,C:\Users\lottj\Desktop\research\decentralized benchmark\commitment-horizon-study\reference_core_benchmark_pilot\known_visit_10target_300.csv,5,12,1,25.552220010440376,25.552220010440376,00,00,1,0,True,completed
59,known_visit,ACBBA,ideal,1.0,19,361,4,10,acbba_h1_ideal,C:\Users\lottj\Desktop\research\decentralized benchmark\commitment-horizon-study\reference_core_benchmark_pilot\known_visit_10target_300.csv,6,11,16,31.9876927561197,31.9876927561197,03,03,1,0,True,completed
59,known_visit,ACBBA,ideal,1.0,19,361,4,10,acbba_h1_ideal,C:\Users\lottj\Desktop\research\decentralized benchmark\commitment-horizon-study\reference_core_benchmark_pilot\known_visit_10target_300.csv,7,14,12,33.26139458666568,33.26139458666568,02,02,1,0,True,completed
59,known_visit,ACBBA,ideal,1.0,19,361,4,10,acbba_h1_ideal,C:\Users\lottj\Desktop\research\decentralized benchmark\commitment-horizon-study\reference_core_benchmark_pilot\known_visit_10target_300.csv,8,13,16,35.77384161425209,35.77384161425209,03,03,1,0,True,completed
59,known_visit,ACBBA,ideal,1.0,19,361,4,10,acbba_h1_ideal,C:\Users\lottj\Desktop\research\decentralized benchmark\commitment-horizon-study\reference_core_benchmark_pilot\known_visit_10target_300.csv,9,3,17,5.870037671552439,5.870037671552439,03,03,1,0,True,completed
59,known_visit,ACBBA,ideal,1.0,19,361,4,10,acbba_h1_ideal,C:\Users\lottj\Desktop\research\decentralized benchmark\commitment-horizon-study\reference_core_benchmark_pilot\known_visit_10target_300.csv,10,3,9,9.035130439730521,9.035130439730521,02,02,1,0,True,completed
60,known_visit,ACBBA,ideal,1.0,19,361,4,10,acbba_h1_ideal,C:\Users\lottj\Desktop\research\decentralized benchmark\commitment-horizon-study\reference_core_benchmark_pilot\known_visit_10target_300.csv,1,13,17,22.285052263134727,22.285052263134727,03,03,1,0,True,completed
60,known_visit,ACBBA,ideal,1.0,19,361,4,10,acbba_h1_ideal,C:\Users\lottj\Desktop\research\decentralized benchmark\commitment-horizon-study\reference_core_benchmark_pilot\known_visit_10target_300.csv,2,7,3,16.347287590946912,16.347287590946912,00,00,1,0,True,completed
60,known_visit,ACBBA,ideal,1.0,19,361,4,10,acbba_h1_ideal,C:\Users\lottj\Desktop\research\decentralized benchmark\commitment-horizon-study\reference_core_benchmark_pilot\known_visit_10target_300.csv,3,11,18,16.89966267052703,16.89966267052703,03,03,1,0,True,completed
60,known_visit,ACBBA,ideal,1.0,19,361,4,10,acbba_h1_ideal,C:\Users\lottj\Desktop\research\decentralized benchmark\commitment-horizon-study\reference_core_benchmark_pilot\known_visit_10target_300.csv,4,17,16,31.21295277965367,31.21295277965367,03,03,1,0,True,completed
60,known_visit,ACBBA,ideal,1.0,19,361,4,10,acbba_h1_ideal,C:\Users\lottj\Desktop\research\decentralized benchmark\commitment-horizon-study\reference_core_benchmark_pilot\known_visit_10target_300.csv,5,1,8,4.136028162174599,4.136028162174599,01,01,1,0,True,completed
60,known_visit,ACBBA,ideal,1.0,19,361,4,10,acbba_h1_ideal,C:\Users\lottj\Desktop\research\decentralized benchmark\commitment-horizon-study\reference_core_benchmark_pilot\known_visit_10target_300.csv,6,9,3,19.59293330497331,19.59293330497331,00,00,1,0,True,completed
60,known_visit,ACBBA,ideal,1.0,19,361,4,10,acbba_h1_ideal,C:\Users\lottj\Desktop\research\decentralized benchmark\commitment-horizon-study\reference_core_benchmark_pilot\known_visit_10target_300.csv,7,10,10,22.756248290654895,22.756248290654895,02,02,1,0,True,completed
60,known_visit,ACBBA,ideal,1.0,19,361,4,10,acbba_h1_ideal,C:\Users\lottj\Desktop\research\decentralized benchmark\commitment-horizon-study\reference_core_benchmark_pilot\known_visit_10target_300.csv,8,0,8,2.1963336181260362,2.1963336181260362,01,01,1,0,True,completed
60,known_visit,ACBBA,ideal,1.0,19,361,4,10,acbba_h1_ideal,C:\Users\lottj\Desktop\research\decentralized benchmark\commitment-horizon-study\reference_core_benchmark_pilot\known_visit_10target_300.csv,9,10,18,15.255011099739539,15.255011099739539,03,03,1,0,True,completed
60,known_visit,ACBBA,ideal,1.0,19,361,4,10,acbba_h1_ideal,C:\Users\lottj\Desktop\research\decentralized benchmark\commitment-horizon-study\reference_core_benchmark_pilot\known_visit_10target_300.csv,10,6,3,14.71216546556988,14.71216546556988,00,00,1,0,True,completed
61,known_visit,ACBBA,ideal,1.0,19,361,4,10,acbba_h1_ideal,C:\Users\lottj\Desktop\research\decentralized benchmark\commitment-horizon-study\reference_core_benchmark_pilot\known_visit_10target_300.csv,1,2,14,12.480993550606893,12.480993550606893,03,03,1,0,True,completed
61,known_visit,ACBBA,ideal,1.0,19,361,4,10,acbba_h1_ideal,C:\Users\lottj\Desktop\research\decentralized benchmark\commitment-horizon-study\reference_core_benchmark_pilot\known_visit_10target_300.csv,2,2,5,3.854334055294889,3.854334055294889,01,01,1,0,True,completed
61,known_visit,ACBBA,ideal,1.0,19,361,4,10,acbba_h1_ideal,C:\Users\lottj\Desktop\research\decentralized benchmark\commitment-horizon-study\reference_core_benchmark_pilot\known_visit_10target_300.csv,3,1,1,2.1939923406063735,2.1939923406063735,00,00,1,0,True,completed
61,known_visit,ACBBA,ideal,1.0,19,361,4,10,acbba_h1_ideal,C:\Users\lottj\Desktop\research\decentralized benchmark\commitment-horizon-study\reference_core_benchmark_pilot\known_visit_10target_300.csv,4,12,10,29.945279468632524,29.945279468632524,01,01,1,0,True,completed
61,known_visit,ACBBA,ideal,1.0,19,361,4,10,acbba_h1_ideal,C:\Users\lottj\Desktop\research\decentralized benchmark\commitment-horizon-study\reference_core_benchmark_pilot\known_visit_10target_300.csv,5,2,12,1.9297540998767722,1.9297540998767722,02,02,1,0,True,completed
61,known_visit,ACBBA,ideal,1.0,19,361,4,10,acbba_h1_ideal,C:\Users\lottj\Desktop\research\decentralized benchmark\commitment-horizon-study\reference_core_benchmark_pilot\known_visit_10target_300.csv,6,2,10,5.663739901882841,5.663739901882841,02,02,1,0,True,completed
61,known_visit,ACBBA,ideal,1.0,19,361,4,10,acbba_h1_ideal,C:\Users\lottj\Desktop\research\decentralized benchmark\commitment-horizon-study\reference_core_benchmark_pilot\known_visit_10target_300.csv,7,3,5,5.8061784169330295,5.8061784169330295,01,01,1,0,True,completed
61,known_visit,ACBBA,ideal,1.0,19,361,4,10,acbba_h1_ideal,C:\Users\lottj\Desktop\research\decentralized benchmark\commitment-horizon-study\reference_core_benchmark_pilot\known_visit_10target_300.csv,8,8,12,19.8770963314852,19.8770963314852,02,02,1,0,True,completed
61,known_visit,ACBBA,ideal,1.0,19,361,4,10,acbba_h1_ideal,C:\Users\lottj\Desktop\research\decentralized benchmark\commitment-horizon-study\reference_core_benchmark_pilot\known_visit_10target_300.csv,9,13,9,34.031434079018155,34.031434079018155,01,01,1,0,True,completed
61,known_visit,ACBBA,ideal,1.0,19,361,4,10,acbba_h1_ideal,C:\Users\lottj\Desktop\research\decentralized benchmark\commitment-horizon-study\reference_core_benchmark_pilot\known_visit_10target_300.csv,10,3,17,5.46228134165099,5.46228134165099,03,03,1,0,True,completed
62,known_visit,ACBBA,ideal,1.0,19,361,4,10,acbba_h1_ideal,C:\Users\lottj\Desktop\research\decentralized benchmark\commitment-horizon-study\reference_core_benchmark_pilot\known_visit_10target_300.csv,1,1,2,3.8473120764865003,3.8473120764865003,00,00,1,0,True,completed
62,known_visit,ACBBA,ideal,1.0,19,361,4,10,acbba_h1_ideal,C:\Users\lottj\Desktop\research\decentralized benchmark\commitment-horizon-study\reference_core_benchmark_pilot\known_visit_10target_300.csv,2,4,1,11.463730141962023,11.463730141962023,00,00,1,0,True,completed
62,known_visit,ACBBA,ideal,1.0,19,361,4,10,acbba_h1_ideal,C:\Users\lottj\Desktop\research\decentralized benchmark\commitment-horizon-study\reference_core_benchmark_pilot\known_visit_10target_300.csv,3,2,1,7.79562854080293,7.79562854080293,00,00,1,0,True,completed
62,known_visit,ACBBA,ideal,1.0,19,361,4,10,acbba_h1_ideal,C:\Users\lottj\Desktop\research\decentralized benchmark\commitment-horizon-study\reference_core_benchmark_pilot\known_visit_10target_300.csv,4,4,13,11.690522427364614,11.690522427364614,02,02,1,0,True,completed
62,known_visit,ACBBA,ideal,1.0,19,361,4,10,acbba_h1_ideal,C:\Users\lottj\Desktop\research\decentralized benchmark\commitment-horizon-study\reference_core_benchmark_pilot\known_visit_10target_300.csv,5,18,6,40.07989307833012,40.07989307833012,01,01,1,0,True,completed
62,known_visit,ACBBA,ideal,1.0,19,361,4,10,acbba_h1_ideal,C:\Users\lottj\Desktop\research\decentralized benchmark\commitment-horizon-study\reference_core_benchmark_pilot\known_visit_10target_300.csv,6,14,0,30.422253552232792,30.422253552232792,00,00,1,0,True,completed
62,known_visit,ACBBA,ideal,1.0,19,361,4,10,acbba_h1_ideal,C:\Users\lottj\Desktop\research\decentralized benchmark\commitment-horizon-study\reference_core_benchmark_pilot\known_visit_10target_300.csv,7,3,14,7.457964557737119,7.457964557737119,02,02,1,0,True,completed
62,known_visit,ACBBA,ideal,1.0,19,361,4,10,acbba_h1_ideal,C:\Users\lottj\Desktop\research\decentralized benchmark\commitment-horizon-study\reference_core_benchmark_pilot\known_visit_10target_300.csv,8,3,18,3.4941091871956513,3.4941091871956513,03,03,1,0,True,completed
62,known_visit,ACBBA,ideal,1.0,19,361,4,10,acbba_h1_ideal,C:\Users\lottj\Desktop\research\decentralized benchmark\commitment-horizon-study\reference_core_benchmark_pilot\known_visit_10target_300.csv,9,9,15,19.45900835907519,19.45900835907519,03,03,1,0,True,completed
62,known_visit,ACBBA,ideal,1.0,19,361,4,10,acbba_h1_ideal,C:\Users\lottj\Desktop\research\decentralized benchmark\commitment-horizon-study\reference_core_benchmark_pilot\known_visit_10target_300.csv,10,10,15,21.219603891959967,21.219603891959967,03,03,1,0,True,completed
63,known_visit,ACBBA,ideal,1.0,19,361,4,10,acbba_h1_ideal,C:\Users\lottj\Desktop\research\decentralized benchmark\commitment-horizon-study\reference_core_benchmark_pilot\known_visit_10target_300.csv,1,16,5,38.997844423762956,38.997844423762956,00,00,1,0,True,completed
63,known_visit,ACBBA,ideal,1.0,19,361,4,10,acbba_h1_ideal,C:\Users\lottj\Desktop\research\decentralized benchmark\commitment-horizon-study\reference_core_benchmark_pilot\known_visit_10target_300.csv,2,5,6,6.8750866449659975,6.8750866449659975,01,01,1,0,True,completed
63,known_visit,ACBBA,ideal,1.0,19,361,4,10,acbba_h1_ideal,C:\Users\lottj\Desktop\research\decentralized benchmark\commitment-horizon-study\reference_core_benchmark_pilot\known_visit_10target_300.csv,3,10,2,23.237871792825057,23.237871792825057,00,00,1,0,True,completed
63,known_visit,ACBBA,ideal,1.0,19,361,4,10,acbba_h1_ideal,C:\Users\lottj\Desktop\research\decentralized benchmark\commitment-horizon-study\reference_core_benchmark_pilot\known_visit_10target_300.csv,4,1,17,2.207238756619098,2.207238756619098,03,03,1,0,True,completed
63,known_visit,ACBBA,ideal,1.0,19,361,4,10,acbba_h1_ideal,C:\Users\lottj\Desktop\research\decentralized benchmark\commitment-horizon-study\reference_core_benchmark_pilot\known_visit_10target_300.csv,5,13,13,26.207732742595464,26.207732742595464,02,02,1,0,True,completed
63,known_visit,ACBBA,ideal,1.0,19,361,4,10,acbba_h1_ideal,C:\Users\lottj\Desktop\research\decentralized benchmark\commitment-horizon-study\reference_core_benchmark_pilot\known_visit_10target_300.csv,6,5,14,10.49493008713667,10.49493008713667,02,02,2,1,True,completed
63,known_visit,ACBBA,ideal,1.0,19,361,4,10,acbba_h1_ideal,C:\Users\lottj\Desktop\research\decentralized benchmark\commitment-horizon-study\reference_core_benchmark_pilot\known_visit_10target_300.csv,7,8,11,21.0249394669119,21.0249394669119,01,01,1,0,True,completed
63,known_visit,ACBBA,ideal,1.0,19,361,4,10,acbba_h1_ideal,C:\Users\lottj\Desktop\research\decentralized benchmark\commitment-horizon-study\reference_core_benchmark_pilot\known_visit_10target_300.csv,8,15,13,29.8527564655141,29.8527564655141,02,02,1,0,True,completed
63,known_visit,ACBBA,ideal,1.0,19,361,4,10,acbba_h1_ideal,C:\Users\lottj\Desktop\research\decentralized benchmark\commitment-horizon-study\reference_core_benchmark_pilot\known_visit_10target_300.csv,9,6,8,12.310081111640132,12.310081111640132,01,01,1,0,True,completed
63,known_visit,ACBBA,ideal,1.0,19,361,4,10,acbba_h1_ideal,C:\Users\lottj\Desktop\research\decentralized benchmark\commitment-horizon-study\reference_core_benchmark_pilot\known_visit_10target_300.csv,10,2,3,7.1428232540037175,7.1428232540037175,00,00,1,0,True,completed
64,known_visit,ACBBA,ideal,1.0,19,361,4,10,acbba_h1_ideal,C:\Users\lottj\Desktop\research\decentralized benchmark\commitment-horizon-study\reference_core_benchmark_pilot\known_visit_10target_300.csv,1,18,3,39.534571526180734,39.534571526180734,00,00,1,0,True,completed
64,known_visit,ACBBA,ideal,1.0,19,361,4,10,acbba_h1_ideal,C:\Users\lottj\Desktop\research\decentralized benchmark\commitment-horizon-study\reference_core_benchmark_pilot\known_visit_10target_300.csv,2,11,11,19.153059573613984,19.153059573613984,02,02,1,0,True,completed
64,known_visit,ACBBA,ideal,1.0,19,361,4,10,acbba_h1_ideal,C:\Users\lottj\Desktop\research\decentralized benchmark\commitment-horizon-study\reference_core_benchmark_pilot\known_visit_10target_300.csv,3,7,15,16.18741421924443,16.18741421924443,03,03,1,0,True,completed
64,known_visit,ACBBA,ideal,1.0,19,361,4,10,acbba_h1_ideal,C:\Users\lottj\Desktop\research\decentralized benchmark\commitment-horizon-study\reference_core_benchmark_pilot\known_visit_10target_300.csv,4,9,11,15.68544736662393,15.68544736662393,02,02,1,0,True,completed
64,known_visit,ACBBA,ideal,1.0,19,361,4,10,acbba_h1_ideal,C:\Users\lottj\Desktop\research\decentralized benchmark\commitment-horizon-study\reference_core_benchmark_pilot\known_visit_10target_300.csv,5,6,2,12.530559410310232,12.530559410310232,00,00,1,0,True,completed
64,known_visit,ACBBA,ideal,1.0,19,361,4,10,acbba_h1_ideal,C:\Users\lottj\Desktop\research\decentralized benchmark\commitment-horizon-study\reference_core_benchmark_pilot\known_visit_10target_300.csv,6,16,2,34.216317928058416,34.216317928058416,00,00,1,0,True,completed
64,known_visit,ACBBA,ideal,1.0,19,361,4,10,acbba_h1_ideal,C:\Users\lottj\Desktop\research\decentralized benchmark\commitment-horizon-study\reference_core_benchmark_pilot\known_visit_10target_300.csv,7,5,11,8.65816706635902,8.65816706635902,02,02,1,0,True,completed
64,known_visit,ACBBA,ideal,1.0,19,361,4,10,acbba_h1_ideal,C:\Users\lottj\Desktop\research\decentralized benchmark\commitment-horizon-study\reference_core_benchmark_pilot\known_visit_10target_300.csv,8,14,1,28.439957660554004,28.439957660554004,00,00,2,1,True,completed
64,known_visit,ACBBA,ideal,1.0,19,361,4,10,acbba_h1_ideal,C:\Users\lottj\Desktop\research\decentralized benchmark\commitment-horizon-study\reference_core_benchmark_pilot\known_visit_10target_300.csv,9,13,2,24.7259472573937,24.7259472573937,00,00,1,0,True,completed
64,known_visit,ACBBA,ideal,1.0,19,361,4,10,acbba_h1_ideal,C:\Users\lottj\Desktop\research\decentralized benchmark\commitment-horizon-study\reference_core_benchmark_pilot\known_visit_10target_300.csv,10,4,4,8.905493168834672,8.905493168834672,01,01,1,0,True,completed
65,known_visit,ACBBA,ideal,1.0,19,361,4,10,acbba_h1_ideal,C:\Users\lottj\Desktop\research\decentralized benchmark\commitment-horizon-study\reference_core_benchmark_pilot\known_visit_10target_300.csv,1,16,0,33.667509043739436,33.667509043739436,00,00,1,0,True,completed
65,known_visit,ACBBA,ideal,1.0,19,361,4,10,acbba_h1_ideal,C:\Users\lottj\Desktop\research\decentralized benchmark\commitment-horizon-study\reference_core_benchmark_pilot\known_visit_10target_300.csv,2,3,12,3.626963125535504,3.626963125535504,02,02,1,0,True,completed
65,known_visit,ACBBA,ideal,1.0,19,361,4,10,acbba_h1_ideal,C:\Users\lottj\Desktop\research\decentralized benchmark\commitment-horizon-study\reference_core_benchmark_pilot\known_visit_10target_300.csv,3,13,11,29.31718015023607,29.31718015023607,01,01,1,0,True,completed
65,known_visit,ACBBA,ideal,1.0,19,361,4,10,acbba_h1_ideal,C:\Users\lottj\Desktop\research\decentralized benchmark\commitment-horizon-study\reference_core_benchmark_pilot\known_visit_10target_300.csv,4,13,18,20.46204991997111,20.46204991997111,03,03,1,0,True,completed
65,known_visit,ACBBA,ideal,1.0,19,361,4,10,acbba_h1_ideal,C:\Users\lottj\Desktop\research\decentralized benchmark\commitment-horizon-study\reference_core_benchmark_pilot\known_visit_10target_300.csv,5,6,11,10.544820930964779,10.544820930964779,02,02,1,0,True,completed
65,known_visit,ACBBA,ideal,1.0,19,361,4,10,acbba_h1_ideal,C:\Users\lottj\Desktop\research\decentralized benchmark\commitment-horizon-study\reference_core_benchmark_pilot\known_visit_10target_300.csv,6,10,13,21.322915183571048,21.322915183571048,02,02,1,0,True,completed
65,known_visit,ACBBA,ideal,1.0,19,361,4,10,acbba_h1_ideal,C:\Users\lottj\Desktop\research\decentralized benchmark\commitment-horizon-study\reference_core_benchmark_pilot\known_visit_10target_300.csv,7,16,8,39.638270971133075,39.638270971133075,01,01,1,0,True,completed
65,known_visit,ACBBA,ideal,1.0,19,361,4,10,acbba_h1_ideal,C:\Users\lottj\Desktop\research\decentralized benchmark\commitment-horizon-study\reference_core_benchmark_pilot\known_visit_10target_300.csv,8,17,6,44.93520652168944,44.93520652168944,01,01,1,0,True,completed
65,known_visit,ACBBA,ideal,1.0,19,361,4,10,acbba_h1_ideal,C:\Users\lottj\Desktop\research\decentralized benchmark\commitment-horizon-study\reference_core_benchmark_pilot\known_visit_10target_300.csv,9,3,2,7.418618272037914,7.418618272037914,00,00,1,0,True,completed
65,known_visit,ACBBA,ideal,1.0,19,361,4,10,acbba_h1_ideal,C:\Users\lottj\Desktop\research\decentralized benchmark\commitment-horizon-study\reference_core_benchmark_pilot\known_visit_10target_300.csv,10,11,9,22.40836518123439,22.40836518123439,01,01,1,0,True,completed
66,known_visit,ACBBA,ideal,1.0,19,361,4,10,acbba_h1_ideal,C:\Users\lottj\Desktop\research\decentralized benchmark\commitment-horizon-study\reference_core_benchmark_pilot\known_visit_10target_300.csv,1,18,1,38.937118433955085,38.937118433955085,00,00,1,0,True,completed
66,known_visit,ACBBA,ideal,1.0,19,361,4,10,acbba_h1_ideal,C:\Users\lottj\Desktop\research\decentralized benchmark\commitment-horizon-study\reference_core_benchmark_pilot\known_visit_10target_300.csv,2,6,3,13.908819170405119,13.908819170405119,01,01,1,0,True,completed
66,known_visit,ACBBA,ideal,1.0,19,361,4,10,acbba_h1_ideal,C:\Users\lottj\Desktop\research\decentralized benchmark\commitment-horizon-study\reference_core_benchmark_pilot\known_visit_10target_300.csv,3,14,9,27.98111546637686,27.98111546637686,02,02,1,0,True,completed
66,known_visit,ACBBA,ideal,1.0,19,361,4,10,acbba_h1_ideal,C:\Users\lottj\Desktop\research\decentralized benchmark\commitment-horizon-study\reference_core_benchmark_pilot\known_visit_10target_300.csv,4,16,18,25.61553039866363,25.61553039866363,03,03,1,0,True,completed
66,known_visit,ACBBA,ideal,1.0,19,361,4,10,acbba_h1_ideal,C:\Users\lottj\Desktop\research\decentralized benchmark\commitment-horizon-study\reference_core_benchmark_pilot\known_visit_10target_300.csv,5,16,0,33.32856000906633,33.32856000906633,00,00,1,0,True,completed
66,known_visit,ACBBA,ideal,1.0,19,361,4,10,acbba_h1_ideal,C:\Users\lottj\Desktop\research\decentralized benchmark\commitment-horizon-study\reference_core_benchmark_pilot\known_visit_10target_300.csv,6,7,9,15.674109980020814,15.674109980020814,02,02,1,0,True,completed
66,known_visit,ACBBA,ideal,1.0,19,361,4,10,acbba_h1_ideal,C:\Users\lottj\Desktop\research\decentralized benchmark\commitment-horizon-study\reference_core_benchmark_pilot\known_visit_10target_300.csv,7,9,9,19.421075823526866,19.421075823526866,02,02,1,0,True,completed
66,known_visit,ACBBA,ideal,1.0,19,361,4,10,acbba_h1_ideal,C:\Users\lottj\Desktop\research\decentralized benchmark\commitment-horizon-study\reference_core_benchmark_pilot\known_visit_10target_300.csv,8,16,4,33.075637141593724,33.075637141593724,01,01,1,0,True,completed
66,known_visit,ACBBA,ideal,1.0,19,361,4,10,acbba_h1_ideal,C:\Users\lottj\Desktop\research\decentralized benchmark\commitment-horizon-study\reference_core_benchmark_pilot\known_visit_10target_300.csv,9,6,0,8.849590271549959,8.849590271549959,00,00,1,0,True,completed
66,known_visit,ACBBA,ideal,1.0,19,361,4,10,acbba_h1_ideal,C:\Users\lottj\Desktop\research\decentralized benchmark\commitment-horizon-study\reference_core_benchmark_pilot\known_visit_10target_300.csv,10,6,6,8.456552993409726,8.456552993409726,01,01,1,0,True,completed
67,known_visit,ACBBA,ideal,1.0,19,361,4,10,acbba_h1_ideal,C:\Users\lottj\Desktop\research\decentralized benchmark\commitment-horizon-study\reference_core_benchmark_pilot\known_visit_10target_300.csv,1,18,9,45.53109763066497,45.53109763066497,00,00,1,0,True,completed
67,known_visit,ACBBA,ideal,1.0,19,361,4,10,acbba_h1_ideal,C:\Users\lottj\Desktop\research\decentralized benchmark\commitment-horizon-study\reference_core_benchmark_pilot\known_visit_10target_300.csv,2,18,1,39.145471557109325,39.145471557109325,01,01,1,0,True,completed
67,known_visit,ACBBA,ideal,1.0,19,361,4,10,acbba_h1_ideal,C:\Users\lottj\Desktop\research\decentralized benchmark\commitment-horizon-study\reference_core_benchmark_pilot\known_visit_10target_300.csv,3,4,16,8.855671748744545,8.855671748744545,03,03,1,0,True,completed
67,known_visit,ACBBA,ideal,1.0,19,361,4,10,acbba_h1_ideal,C:\Users\lottj\Desktop\research\decentralized benchmark\commitment-horizon-study\reference_core_benchmark_pilot\known_visit_10target_300.csv,4,17,3,33.84043921977763,33.84043921977763,01,01,1,0,True,completed
67,known_visit,ACBBA,ideal,1.0,19,361,4,10,acbba_h1_ideal,C:\Users\lottj\Desktop\research\decentralized benchmark\commitment-horizon-study\reference_core_benchmark_pilot\known_visit_10target_300.csv,5,12,5,21.448761217507137,21.448761217507137,01,01,2,1,True,completed
67,known_visit,ACBBA,ideal,1.0,19,361,4,10,acbba_h1_ideal,C:\Users\lottj\Desktop\research\decentralized benchmark\commitment-horizon-study\reference_core_benchmark_pilot\known_visit_10target_300.csv,6,2,0,1.8597588630022404,1.8597588630022404,00,00,1,0,True,completed
67,known_visit,ACBBA,ideal,1.0,19,361,4,10,acbba_h1_ideal,C:\Users\lottj\Desktop\research\decentralized benchmark\commitment-horizon-study\reference_core_benchmark_pilot\known_visit_10target_300.csv,7,10,5,17.805434281731458,17.805434281731458,01,01,2,1,True,completed
67,known_visit,ACBBA,ideal,1.0,19,361,4,10,acbba_h1_ideal,C:\Users\lottj\Desktop\research\decentralized benchmark\commitment-horizon-study\reference_core_benchmark_pilot\known_visit_10target_300.csv,8,17,17,36.49182355953631,36.49182355953631,02,02,1,0,True,completed
67,known_visit,ACBBA,ideal,1.0,19,361,4,10,acbba_h1_ideal,C:\Users\lottj\Desktop\research\decentralized benchmark\commitment-horizon-study\reference_core_benchmark_pilot\known_visit_10target_300.csv,9,6,18,16.15145953192851,16.15145953192851,03,03,1,0,True,completed
67,known_visit,ACBBA,ideal,1.0,19,361,4,10,acbba_h1_ideal,C:\Users\lottj\Desktop\research\decentralized benchmark\commitment-horizon-study\reference_core_benchmark_pilot\known_visit_10target_300.csv,10,7,3,15.608037773186673,15.608037773186673,00,00,1,0,True,completed
68,known_visit,ACBBA,ideal,1.0,19,361,4,10,acbba_h1_ideal,C:\Users\lottj\Desktop\research\decentralized benchmark\commitment-horizon-study\reference_core_benchmark_pilot\known_visit_10target_300.csv,1,4,0,5.306309941168996,5.306309941168996,00,00,1,0,True,completed
68,known_visit,ACBBA,ideal,1.0,19,361,4,10,acbba_h1_ideal,C:\Users\lottj\Desktop\research\decentralized benchmark\commitment-horizon-study\reference_core_benchmark_pilot\known_visit_10target_300.csv,2,0,8,2.133939355592238,2.133939355592238,01,01,1,0,True,completed
68,known_visit,ACBBA,ideal,1.0,19,361,4,10,acbba_h1_ideal,C:\Users\lottj\Desktop\research\decentralized benchmark\commitment-horizon-study\reference_core_benchmark_pilot\known_visit_10target_300.csv,3,0,10,2.295448359791968,2.295448359791968,02,02,1,0,True,completed
68,known_visit,ACBBA,ideal,1.0,19,361,4,10,acbba_h1_ideal,C:\Users\lottj\Desktop\research\decentralized benchmark\commitment-horizon-study\reference_core_benchmark_pilot\known_visit_10target_300.csv,4,15,18,34.7102854214427,34.7102854214427,03,03,1,0,True,completed
68,known_visit,ACBBA,ideal,1.0,19,361,4,10,acbba_h1_ideal,C:\Users\lottj\Desktop\research\decentralized benchmark\commitment-horizon-study\reference_core_benchmark_pilot\known_visit_10target_300.csv,5,13,0,39.25933969736705,39.25933969736705,01,01,1,0,True,completed
68,known_visit,ACBBA,ideal,1.0,19,361,4,10,acbba_h1_ideal,C:\Users\lottj\Desktop\research\decentralized benchmark\commitment-horizon-study\reference_core_benchmark_pilot\known_visit_10target_300.csv,6,8,16,15.897908215661287,15.897908215661287,03,03,1,0,True,completed
68,known_visit,ACBBA,ideal,1.0,19,361,4,10,acbba_h1_ideal,C:\Users\lottj\Desktop\research\decentralized benchmark\commitment-horizon-study\reference_core_benchmark_pilot\known_visit_10target_300.csv,7,7,6,20.84400291028262,20.84400291028262,00,00,1,0,True,completed
68,known_visit,ACBBA,ideal,1.0,19,361,4,10,acbba_h1_ideal,C:\Users\lottj\Desktop\research\decentralized benchmark\commitment-horizon-study\reference_core_benchmark_pilot\known_visit_10target_300.csv,8,16,3,42.09177591507096,42.09177591507096,00,00,1,0,True,completed
68,known_visit,ACBBA,ideal,1.0,19,361,4,10,acbba_h1_ideal,C:\Users\lottj\Desktop\research\decentralized benchmark\commitment-horizon-study\reference_core_benchmark_pilot\known_visit_10target_300.csv,9,1,5,9.439804885765076,9.439804885765076,01,01,1,0,True,completed
68,known_visit,ACBBA,ideal,1.0,19,361,4,10,acbba_h1_ideal,C:\Users\lottj\Desktop\research\decentralized benchmark\commitment-horizon-study\reference_core_benchmark_pilot\known_visit_10target_300.csv,10,7,12,18.490490560739396,18.490490560739396,02,02,1,0,True,completed
69,known_visit,ACBBA,ideal,1.0,19,361,4,10,acbba_h1_ideal,C:\Users\lottj\Desktop\research\decentralized benchmark\commitment-horizon-study\reference_core_benchmark_pilot\known_visit_10target_300.csv,1,1,3,5.6945745825412715,5.6945745825412715,00,00,1,0,True,completed
69,known_visit,ACBBA,ideal,1.0,19,361,4,10,acbba_h1_ideal,C:\Users\lottj\Desktop\research\decentralized benchmark\commitment-horizon-study\reference_core_benchmark_pilot\known_visit_10target_300.csv,2,0,13,0.41636067092324947,0.41636067092324947,02,02,2,1,True,completed
69,known_visit,ACBBA,ideal,1.0,19,361,4,10,acbba_h1_ideal,C:\Users\lottj\Desktop\research\decentralized benchmark\commitment-horizon-study\reference_core_benchmark_pilot\known_visit_10target_300.csv,3,7,9,15.94079997072478,15.94079997072478,01,01,1,0,True,completed
69,known_visit,ACBBA,ideal,1.0,19,361,4,10,acbba_h1_ideal,C:\Users\lottj\Desktop\research\decentralized benchmark\commitment-horizon-study\reference_core_benchmark_pilot\known_visit_10target_300.csv,4,1,7,2.145626880967205,2.145626880967205,01,01,1,0,True,completed
69,known_visit,ACBBA,ideal,1.0,19,361,4,10,acbba_h1_ideal,C:\Users\lottj\Desktop\research\decentralized benchmark\commitment-horizon-study\reference_core_benchmark_pilot\known_visit_10target_300.csv,5,10,3,21.332994053549648,21.332994053549648,00,00,1,0,True,completed
69,known_visit,ACBBA,ideal,1.0,19,361,4,10,acbba_h1_ideal,C:\Users\lottj\Desktop\research\decentralized benchmark\commitment-horizon-study\reference_core_benchmark_pilot\known_visit_10target_300.csv,6,15,0,42.631083977948755,42.631083977948755,00,00,1,0,True,completed
69,known_visit,ACBBA,ideal,1.0,19,361,4,10,acbba_h1_ideal,C:\Users\lottj\Desktop\research\decentralized benchmark\commitment-horizon-study\reference_core_benchmark_pilot\known_visit_10target_300.csv,7,12,5,28.398795006846985,28.398795006846985,00,00,1,0,True,completed
69,known_visit,ACBBA,ideal,1.0,19,361,4,10,acbba_h1_ideal,C:\Users\lottj\Desktop\research\decentralized benchmark\commitment-horizon-study\reference_core_benchmark_pilot\known_visit_10target_300.csv,8,16,9,31.14467654345377,31.14467654345377,01,01,1,0,True,completed
69,known_visit,ACBBA,ideal,1.0,19,361,4,10,acbba_h1_ideal,C:\Users\lottj\Desktop\research\decentralized benchmark\commitment-horizon-study\reference_core_benchmark_pilot\known_visit_10target_300.csv,9,2,9,7.535919314611506,7.535919314611506,01,01,1,0,True,completed
69,known_visit,ACBBA,ideal,1.0,19,361,4,10,acbba_h1_ideal,C:\Users\lottj\Desktop\research\decentralized benchmark\commitment-horizon-study\reference_core_benchmark_pilot\known_visit_10target_300.csv,10,17,12,38.39516255592931,38.39516255592931,03,03,1,0,True,completed
70,known_visit,ACBBA,ideal,1.0,19,361,4,10,acbba_h1_ideal,C:\Users\lottj\Desktop\research\decentralized benchmark\commitment-horizon-study\reference_core_benchmark_pilot\known_visit_10target_300.csv,1,18,7,45.5342735901575,45.5342735901575,00,00,1,0,True,completed
70,known_visit,ACBBA,ideal,1.0,19,361,4,10,acbba_h1_ideal,C:\Users\lottj\Desktop\research\decentralized benchmark\commitment-horizon-study\reference_core_benchmark_pilot\known_visit_10target_300.csv,2,1,8,7.827199155448919,7.827199155448919,01,01,1,0,True,completed
70,known_visit,ACBBA,ideal,1.0,19,361,4,10,acbba_h1_ideal,C:\Users\lottj\Desktop\research\decentralized benchmark\commitment-horizon-study\reference_core_benchmark_pilot\known_visit_10target_300.csv,3,1,15,5.589956130889779,5.589956130889779,03,03,1,0,True,completed
70,known_visit,ACBBA,ideal,1.0,19,361,4,10,acbba_h1_ideal,C:\Users\lottj\Desktop\research\decentralized benchmark\commitment-horizon-study\reference_core_benchmark_pilot\known_visit_10target_300.csv,4,5,17,16.776292672903153,16.776292672903153,03,03,1,0,True,completed
70,known_visit,ACBBA,ideal,1.0,19,361,4,10,acbba_h1_ideal,C:\Users\lottj\Desktop\research\decentralized benchmark\commitment-horizon-study\reference_core_benchmark_pilot\known_visit_10target_300.csv,5,17,8,41.62945530557247,41.62945530557247,00,00,1,0,True,completed
70,known_visit,ACBBA,ideal,1.0,19,361,4,10,acbba_h1_ideal,C:\Users\lottj\Desktop\research\decentralized benchmark\commitment-horizon-study\reference_core_benchmark_pilot\known_visit_10target_300.csv,6,0,5,0.46591522172209887,0.46591522172209887,01,01,1,0,True,completed
70,known_visit,ACBBA,ideal,1.0,19,361,4,10,acbba_h1_ideal,C:\Users\lottj\Desktop\research\decentralized benchmark\commitment-horizon-study\reference_core_benchmark_pilot\known_visit_10target_300.csv,7,2,16,9.501896993918734,9.501896993918734,03,03,1,0,True,completed
70,known_visit,ACBBA,ideal,1.0,19,361,4,10,acbba_h1_ideal,C:\Users\lottj\Desktop\research\decentralized benchmark\commitment-horizon-study\reference_core_benchmark_pilot\known_visit_10target_300.csv,8,4,2,9.131356555605027,9.131356555605027,00,00,1,0,True,completed
70,known_visit,ACBBA,ideal,1.0,19,361,4,10,acbba_h1_ideal,C:\Users\lottj\Desktop\research\decentralized benchmark\commitment-horizon-study\reference_core_benchmark_pilot\known_visit_10target_300.csv,9,15,2,27.696732836253712,27.696732836253712,00,00,1,0,True,completed
70,known_visit,ACBBA,ideal,1.0,19,361,4,10,acbba_h1_ideal,C:\Users\lottj\Desktop\research\decentralized benchmark\commitment-horizon-study\reference_core_benchmark_pilot\known_visit_10target_300.csv,10,10,14,28.03482277761444,28.03482277761444,02,02,1,0,True,completed
71,known_visit,ACBBA,ideal,1.0,19,361,4,10,acbba_h1_ideal,C:\Users\lottj\Desktop\research\decentralized benchmark\commitment-horizon-study\reference_core_benchmark_pilot\known_visit_10target_300.csv,1,15,15,29.608269614542838,29.608269614542838,03,03,1,0,True,completed
71,known_visit,ACBBA,ideal,1.0,19,361,4,10,acbba_h1_ideal,C:\Users\lottj\Desktop\research\decentralized benchmark\commitment-horizon-study\reference_core_benchmark_pilot\known_visit_10target_300.csv,2,7,8,17.646896833369386,17.646896833369386,02,02,1,0,True,completed
71,known_visit,ACBBA,ideal,1.0,19,361,4,10,acbba_h1_ideal,C:\Users\lottj\Desktop\research\decentralized benchmark\commitment-horizon-study\reference_core_benchmark_pilot\known_visit_10target_300.csv,3,5,4,14.869172983191316,14.869172983191316,00,00,1,0,True,completed
71,known_visit,ACBBA,ideal,1.0,19,361,4,10,acbba_h1_ideal,C:\Users\lottj\Desktop\research\decentralized benchmark\commitment-horizon-study\reference_core_benchmark_pilot\known_visit_10target_300.csv,4,4,10,8.795693877512146,8.795693877512146,02,02,1,0,True,completed
71,known_visit,ACBBA,ideal,1.0,19,361,4,10,acbba_h1_ideal,C:\Users\lottj\Desktop\research\decentralized benchmark\commitment-horizon-study\reference_core_benchmark_pilot\known_visit_10target_300.csv,5,0,4,2.11738547433295,2.11738547433295,01,01,1,0,True,completed
71,known_visit,ACBBA,ideal,1.0,19,361,4,10,acbba_h1_ideal,C:\Users\lottj\Desktop\research\decentralized benchmark\commitment-horizon-study\reference_core_benchmark_pilot\known_visit_10target_300.csv,6,8,3,22.287735713503228,22.287735713503228,00,00,1,0,True,completed
71,known_visit,ACBBA,ideal,1.0,19,361,4,10,acbba_h1_ideal,C:\Users\lottj\Desktop\research\decentralized benchmark\commitment-horizon-study\reference_core_benchmark_pilot\known_visit_10target_300.csv,7,2,6,9.532003659171952,9.532003659171952,01,01,1,0,True,completed
71,known_visit,ACBBA,ideal,1.0,19,361,4,10,acbba_h1_ideal,C:\Users\lottj\Desktop\research\decentralized benchmark\commitment-horizon-study\reference_core_benchmark_pilot\known_visit_10target_300.csv,8,11,8,24.385217522638676,24.385217522638676,02,02,1,0,True,completed
71,known_visit,ACBBA,ideal,1.0,19,361,4,10,acbba_h1_ideal,C:\Users\lottj\Desktop\research\decentralized benchmark\commitment-horizon-study\reference_core_benchmark_pilot\known_visit_10target_300.csv,9,16,13,34.99329611063625,34.99329611063625,03,03,1,0,True,completed
71,known_visit,ACBBA,ideal,1.0,19,361,4,10,acbba_h1_ideal,C:\Users\lottj\Desktop\research\decentralized benchmark\commitment-horizon-study\reference_core_benchmark_pilot\known_visit_10target_300.csv,10,12,6,26.76803634872745,26.76803634872745,01,01,1,0,True,completed
72,known_visit,ACBBA,ideal,1.0,19,361,4,10,acbba_h1_ideal,C:\Users\lottj\Desktop\research\decentralized benchmark\commitment-horizon-study\reference_core_benchmark_pilot\known_visit_10target_300.csv,1,9,6,18.10316896027665,18.10316896027665,01,01,1,0,True,completed
72,known_visit,ACBBA,ideal,1.0,19,361,4,10,acbba_h1_ideal,C:\Users\lottj\Desktop\research\decentralized benchmark\commitment-horizon-study\reference_core_benchmark_pilot\known_visit_10target_300.csv,2,0,5,0.5568136446650395,0.5568136446650395,01,01,1,0,True,completed
72,known_visit,ACBBA,ideal,1.0,19,361,4,10,acbba_h1_ideal,C:\Users\lottj\Desktop\research\decentralized benchmark\commitment-horizon-study\reference_core_benchmark_pilot\known_visit_10target_300.csv,3,18,7,35.56235893742713,35.56235893742713,01,01,1,0,True,completed
72,known_visit,ACBBA,ideal,1.0,19,361,4,10,acbba_h1_ideal,C:\Users\lottj\Desktop\research\decentralized benchmark\commitment-horizon-study\reference_core_benchmark_pilot\known_visit_10target_300.csv,4,2,10,5.9236251879234105,5.9236251879234105,02,02,1,0,True,completed
72,known_visit,ACBBA,ideal,1.0,19,361,4,10,acbba_h1_ideal,C:\Users\lottj\Desktop\research\decentralized benchmark\commitment-horizon-study\reference_core_benchmark_pilot\known_visit_10target_300.csv,5,7,11,16.611650047496447,16.611650047496447,02,02,1,0,True,completed
72,known_visit,ACBBA,ideal,1.0,19,361,4,10,acbba_h1_ideal,C:\Users\lottj\Desktop\research\decentralized benchmark\commitment-horizon-study\reference_core_benchmark_pilot\known_visit_10target_300.csv,6,1,18,0.15512730353991866,0.15512730353991866,03,03,1,0,True,completed
72,known_visit,ACBBA,ideal,1.0,19,361,4,10,acbba_h1_ideal,C:\Users\lottj\Desktop\research\decentralized benchmark\commitment-horizon-study\reference_core_benchmark_pilot\known_visit_10target_300.csv,7,5,1,9.206741563317596,9.206741563317596,00,00,1,0,True,completed
72,known_visit,ACBBA,ideal,1.0,19,361,4,10,acbba_h1_ideal,C:\Users\lottj\Desktop\research\decentralized benchmark\commitment-horizon-study\reference_core_benchmark_pilot\known_visit_10target_300.csv,8,11,3,30.931891758908062,30.931891758908062,00,00,1,0,True,completed
72,known_visit,ACBBA,ideal,1.0,19,361,4,10,acbba_h1_ideal,C:\Users\lottj\Desktop\research\decentralized benchmark\commitment-horizon-study\reference_core_benchmark_pilot\known_visit_10target_300.csv,9,6,16,12.21413848973777,12.21413848973777,03,03,1,0,True,completed
72,known_visit,ACBBA,ideal,1.0,19,361,4,10,acbba_h1_ideal,C:\Users\lottj\Desktop\research\decentralized benchmark\commitment-horizon-study\reference_core_benchmark_pilot\known_visit_10target_300.csv,10,11,0,21.511518310102087,21.511518310102087,00,00,1,0,True,completed
73,known_visit,ACBBA,ideal,1.0,19,361,4,10,acbba_h1_ideal,C:\Users\lottj\Desktop\research\decentralized benchmark\commitment-horizon-study\reference_core_benchmark_pilot\known_visit_10target_300.csv,1,13,10,31.933100935569755,31.933100935569755,02,02,1,0,True,completed
73,known_visit,ACBBA,ideal,1.0,19,361,4,10,acbba_h1_ideal,C:\Users\lottj\Desktop\research\decentralized benchmark\commitment-horizon-study\reference_core_benchmark_pilot\known_visit_10target_300.csv,2,2,2,6.054509098391492,6.054509098391492,00,00,1,0,True,completed
73,known_visit,ACBBA,ideal,1.0,19,361,4,10,acbba_h1_ideal,C:\Users\lottj\Desktop\research\decentralized benchmark\commitment-horizon-study\reference_core_benchmark_pilot\known_visit_10target_300.csv,3,0,2,2.2508002327510632,2.2508002327510632,00,00,1,0,True,completed
73,known_visit,ACBBA,ideal,1.0,19,361,4,10,acbba_h1_ideal,C:\Users\lottj\Desktop\research\decentralized benchmark\commitment-horizon-study\reference_core_benchmark_pilot\known_visit_10target_300.csv,4,11,3,22.92000694748718,22.92000694748718,01,01,1,0,True,completed
73,known_visit,ACBBA,ideal,1.0,19,361,4,10,acbba_h1_ideal,C:\Users\lottj\Desktop\research\decentralized benchmark\commitment-horizon-study\reference_core_benchmark_pilot\known_visit_10target_300.csv,5,8,11,24.53402883544857,24.53402883544857,03,03,1,0,True,completed
73,known_visit,ACBBA,ideal,1.0,19,361,4,10,acbba_h1_ideal,C:\Users\lottj\Desktop\research\decentralized benchmark\commitment-horizon-study\reference_core_benchmark_pilot\known_visit_10target_300.csv,6,3,8,10.606593524676383,10.606593524676383,02,02,1,0,True,completed
73,known_visit,ACBBA,ideal,1.0,19,361,4,10,acbba_h1_ideal,C:\Users\lottj\Desktop\research\decentralized benchmark\commitment-horizon-study\reference_core_benchmark_pilot\known_visit_10target_300.csv,7,18,14,46.586415624815324,46.586415624815324,03,03,1,0,True,completed
73,known_visit,ACBBA,ideal,1.0,19,361,4,10,acbba_h1_ideal,C:\Users\lottj\Desktop\research\decentralized benchmark\commitment-horizon-study\reference_core_benchmark_pilot\known_visit_10target_300.csv,8,6,11,21.08186553654314,21.08186553654314,03,03,1,0,True,completed
73,known_visit,ACBBA,ideal,1.0,19,361,4,10,acbba_h1_ideal,C:\Users\lottj\Desktop\research\decentralized benchmark\commitment-horizon-study\reference_core_benchmark_pilot\known_visit_10target_300.csv,9,16,3,31.297752884440765,31.297752884440765,01,01,1,0,True,completed
73,known_visit,ACBBA,ideal,1.0,19,361,4,10,acbba_h1_ideal,C:\Users\lottj\Desktop\research\decentralized benchmark\commitment-horizon-study\reference_core_benchmark_pilot\known_visit_10target_300.csv,10,1,16,3.7996959953447367,3.7996959953447367,03,03,1,0,True,completed
74,known_visit,ACBBA,ideal,1.0,19,361,4,10,acbba_h1_ideal,C:\Users\lottj\Desktop\research\decentralized benchmark\commitment-horizon-study\reference_core_benchmark_pilot\known_visit_10target_300.csv,1,9,11,23.45567162792265,23.45567162792265,01,01,1,0,True,completed
74,known_visit,ACBBA,ideal,1.0,19,361,4,10,acbba_h1_ideal,C:\Users\lottj\Desktop\research\decentralized benchmark\commitment-horizon-study\reference_core_benchmark_pilot\known_visit_10target_300.csv,2,2,8,5.725980530351162,5.725980530351162,01,01,1,0,True,completed
74,known_visit,ACBBA,ideal,1.0,19,361,4,10,acbba_h1_ideal,C:\Users\lottj\Desktop\research\decentralized benchmark\commitment-horizon-study\reference_core_benchmark_pilot\known_visit_10target_300.csv,3,6,17,11.038892156754347,11.038892156754347,03,03,1,0,True,completed
74,known_visit,ACBBA,ideal,1.0,19,361,4,10,acbba_h1_ideal,C:\Users\lottj\Desktop\research\decentralized benchmark\commitment-horizon-study\reference_core_benchmark_pilot\known_visit_10target_300.csv,4,12,9,32.501798609508256,32.501798609508256,01,01,1,0,True,completed
74,known_visit,ACBBA,ideal,1.0,19,361,4,10,acbba_h1_ideal,C:\Users\lottj\Desktop\research\decentralized benchmark\commitment-horizon-study\reference_core_benchmark_pilot\known_visit_10target_300.csv,5,6,2,12.3650391048462,12.3650391048462,00,00,1,0,True,completed
74,known_visit,ACBBA,ideal,1.0,19,361,4,10,acbba_h1_ideal,C:\Users\lottj\Desktop\research\decentralized benchmark\commitment-horizon-study\reference_core_benchmark_pilot\known_visit_10target_300.csv,6,15,6,42.894421052992236,42.894421052992236,01,01,1,0,True,completed
74,known_visit,ACBBA,ideal,1.0,19,361,4,10,acbba_h1_ideal,C:\Users\lottj\Desktop\research\decentralized benchmark\commitment-horizon-study\reference_core_benchmark_pilot\known_visit_10target_300.csv,7,2,12,1.9333864755162653,1.9333864755162653,02,02,1,0,True,completed
74,known_visit,ACBBA,ideal,1.0,19,361,4,10,acbba_h1_ideal,C:\Users\lottj\Desktop\research\decentralized benchmark\commitment-horizon-study\reference_core_benchmark_pilot\known_visit_10target_300.csv,8,3,17,5.760218141929439,5.760218141929439,03,03,1,0,True,completed
74,known_visit,ACBBA,ideal,1.0,19,361,4,10,acbba_h1_ideal,C:\Users\lottj\Desktop\research\decentralized benchmark\commitment-horizon-study\reference_core_benchmark_pilot\known_visit_10target_300.csv,9,1,10,7.98491935289448,7.98491935289448,02,02,1,0,True,completed
74,known_visit,ACBBA,ideal,1.0,19,361,4,10,acbba_h1_ideal,C:\Users\lottj\Desktop\research\decentralized benchmark\commitment-horizon-study\reference_core_benchmark_pilot\known_visit_10target_300.csv,10,7,14,18.27973389711667,18.27973389711667,03,03,1,0,True,completed
75,known_visit,ACBBA,ideal,1.0,19,361,4,10,acbba_h1_ideal,C:\Users\lottj\Desktop\research\decentralized benchmark\commitment-horizon-study\reference_core_benchmark_pilot\known_visit_10target_300.csv,1,11,1,19.278083701202966,19.278083701202966,00,00,1,0,True,completed
75,known_visit,ACBBA,ideal,1.0,19,361,4,10,acbba_h1_ideal,C:\Users\lottj\Desktop\research\decentralized benchmark\commitment-horizon-study\reference_core_benchmark_pilot\known_visit_10target_300.csv,2,4,10,9.124572848722304,9.124572848722304,02,02,1,0,True,completed
75,known_visit,ACBBA,ideal,1.0,19,361,4,10,acbba_h1_ideal,C:\Users\lottj\Desktop\research\decentralized benchmark\commitment-horizon-study\reference_core_benchmark_pilot\known_visit_10target_300.csv,3,2,11,3.795777475284662,3.795777475284662,02,02,1,0,True,completed
75,known_visit,ACBBA,ideal,1.0,19,361,4,10,acbba_h1_ideal,C:\Users\lottj\Desktop\research\decentralized benchmark\commitment-horizon-study\reference_core_benchmark_pilot\known_visit_10target_300.csv,4,5,0,7.006750328442738,7.006750328442738,00,00,1,0,True,completed
75,known_visit,ACBBA,ideal,1.0,19,361,4,10,acbba_h1_ideal,C:\Users\lottj\Desktop\research\decentralized benchmark\commitment-horizon-study\reference_core_benchmark_pilot\known_visit_10target_300.csv,5,6,11,14.513777206033119,14.513777206033119,02,02,1,0,True,completed
75,known_visit,ACBBA,ideal,1.0,19,361,4,10,acbba_h1_ideal,C:\Users\lottj\Desktop\research\decentralized benchmark\commitment-horizon-study\reference_core_benchmark_pilot\known_visit_10target_300.csv,6,14,8,29.98824647050189,29.98824647050189,01,01,1,0,True,completed
75,known_visit,ACBBA,ideal,1.0,19,361,4,10,acbba_h1_ideal,C:\Users\lottj\Desktop\research\decentralized benchmark\commitment-horizon-study\reference_core_benchmark_pilot\known_visit_10target_300.csv,7,18,11,35.06621473582486,35.06621473582486,02,02,1,0,True,completed
75,known_visit,ACBBA,ideal,1.0,19,361,4,10,acbba_h1_ideal,C:\Users\lottj\Desktop\research\decentralized benchmark\commitment-horizon-study\reference_core_benchmark_pilot\known_visit_10target_300.csv,8,10,5,28.052993621833085,28.052993621833085,00,00,1,0,True,completed
75,known_visit,ACBBA,ideal,1.0,19,361,4,10,acbba_h1_ideal,C:\Users\lottj\Desktop\research\decentralized benchmark\commitment-horizon-study\reference_core_benchmark_pilot\known_visit_10target_300.csv,9,2,10,5.546050680241735,5.546050680241735,02,02,1,0,True,completed
75,known_visit,ACBBA,ideal,1.0,19,361,4,10,acbba_h1_ideal,C:\Users\lottj\Desktop\research\decentralized benchmark\commitment-horizon-study\reference_core_benchmark_pilot\known_visit_10target_300.csv,10,0,8,2.257777593880082,2.257777593880082,01,01,1,0,True,completed
76,known_visit,ACBBA,ideal,1.0,19,361,4,10,acbba_h1_ideal,C:\Users\lottj\Desktop\research\decentralized benchmark\commitment-horizon-study\reference_core_benchmark_pilot\known_visit_10target_300.csv,1,16,12,40.546868826751115,40.546868826751115,02,02,1,0,True,completed
76,known_visit,ACBBA,ideal,1.0,19,361,4,10,acbba_h1_ideal,C:\Users\lottj\Desktop\research\decentralized benchmark\commitment-horizon-study\reference_core_benchmark_pilot\known_visit_10target_300.csv,2,9,2,19.16943590116112,19.16943590116112,00,00,1,0,True,completed
76,known_visit,ACBBA,ideal,1.0,19,361,4,10,acbba_h1_ideal,C:\Users\lottj\Desktop\research\decentralized benchmark\commitment-horizon-study\reference_core_benchmark_pilot\known_visit_10target_300.csv,3,0,5,0.5419685469808322,0.5419685469808322,01,01,1,0,True,completed
76,known_visit,ACBBA,ideal,1.0,19,361,4,10,acbba_h1_ideal,C:\Users\lottj\Desktop\research\decentralized benchmark\commitment-horizon-study\reference_core_benchmark_pilot\known_visit_10target_300.csv,4,18,2,49.63828978957546,49.63828978957546,00,00,1,0,True,completed
76,known_visit,ACBBA,ideal,1.0,19,361,4,10,acbba_h1_ideal,C:\Users\lottj\Desktop\research\decentralized benchmark\commitment-horizon-study\reference_core_benchmark_pilot\known_visit_10target_300.csv,5,10,7,28.77696115463933,28.77696115463933,01,01,1,0,True,completed
76,known_visit,ACBBA,ideal,1.0,19,361,4,10,acbba_h1_ideal,C:\Users\lottj\Desktop\research\decentralized benchmark\commitment-horizon-study\reference_core_benchmark_pilot\known_visit_10target_300.csv,6,1,3,5.825702152097838,5.825702152097838,01,01,1,0,True,completed
76,known_visit,ACBBA,ideal,1.0,19,361,4,10,acbba_h1_ideal,C:\Users\lottj\Desktop\research\decentralized benchmark\commitment-horizon-study\reference_core_benchmark_pilot\known_visit_10target_300.csv,7,3,15,9.070956856022958,9.070956856022958,02,02,1,0,True,completed
76,known_visit,ACBBA,ideal,1.0,19,361,4,10,acbba_h1_ideal,C:\Users\lottj\Desktop\research\decentralized benchmark\commitment-horizon-study\reference_core_benchmark_pilot\known_visit_10target_300.csv,8,9,16,17.600663581307547,17.600663581307547,03,03,1,0,True,completed
76,known_visit,ACBBA,ideal,1.0,19,361,4,10,acbba_h1_ideal,C:\Users\lottj\Desktop\research\decentralized benchmark\commitment-horizon-study\reference_core_benchmark_pilot\known_visit_10target_300.csv,9,14,18,30.10682597727729,30.10682597727729,03,03,1,0,True,completed
76,known_visit,ACBBA,ideal,1.0,19,361,4,10,acbba_h1_ideal,C:\Users\lottj\Desktop\research\decentralized benchmark\commitment-horizon-study\reference_core_benchmark_pilot\known_visit_10target_300.csv,10,3,4,11.332189054027886,11.332189054027886,01,01,1,0,True,completed
77,known_visit,ACBBA,ideal,1.0,19,361,4,10,acbba_h1_ideal,C:\Users\lottj\Desktop\research\decentralized benchmark\commitment-horizon-study\reference_core_benchmark_pilot\known_visit_10target_300.csv,1,3,12,3.7040635768715124,3.7040635768715124,02,02,1,0,True,completed
77,known_visit,ACBBA,ideal,1.0,19,361,4,10,acbba_h1_ideal,C:\Users\lottj\Desktop\research\decentralized benchmark\commitment-horizon-study\reference_core_benchmark_pilot\known_visit_10target_300.csv,2,16,10,37.28636194184925,37.28636194184925,02,02,1,0,True,completed
77,known_visit,ACBBA,ideal,1.0,19,361,4,10,acbba_h1_ideal,C:\Users\lottj\Desktop\research\decentralized benchmark\commitment-horizon-study\reference_core_benchmark_pilot\known_visit_10target_300.csv,3,0,5,0.5271876716847426,0.5271876716847426,01,01,1,0,True,completed
77,known_visit,ACBBA,ideal,1.0,19,361,4,10,acbba_h1_ideal,C:\Users\lottj\Desktop\research\decentralized benchmark\commitment-horizon-study\reference_core_benchmark_pilot\known_visit_10target_300.csv,4,8,11,21.814242013387513,21.814242013387513,02,02,1,0,True,completed
77,known_visit,ACBBA,ideal,1.0,19,361,4,10,acbba_h1_ideal,C:\Users\lottj\Desktop\research\decentralized benchmark\commitment-horizon-study\reference_core_benchmark_pilot\known_visit_10target_300.csv,5,14,11,31.922962831119875,31.922962831119875,02,02,1,0,True,completed
77,known_visit,ACBBA,ideal,1.0,19,361,4,10,acbba_h1_ideal,C:\Users\lottj\Desktop\research\decentralized benchmark\commitment-horizon-study\reference_core_benchmark_pilot\known_visit_10target_300.csv,6,14,4,29.354025275480506,29.354025275480506,00,00,1,0,True,completed
77,known_visit,ACBBA,ideal,1.0,19,361,4,10,acbba_h1_ideal,C:\Users\lottj\Desktop\research\decentralized benchmark\commitment-horizon-study\reference_core_benchmark_pilot\known_visit_10target_300.csv,7,14,6,33.1304078653403,33.1304078653403,00,00,1,0,True,completed
77,known_visit,ACBBA,ideal,1.0,19,361,4,10,acbba_h1_ideal,C:\Users\lottj\Desktop\research\decentralized benchmark\commitment-horizon-study\reference_core_benchmark_pilot\known_visit_10target_300.csv,8,7,12,18.170578717933502,18.170578717933502,02,02,2,1,True,completed
77,known_visit,ACBBA,ideal,1.0,19,361,4,10,acbba_h1_ideal,C:\Users\lottj\Desktop\research\decentralized benchmark\commitment-horizon-study\reference_core_benchmark_pilot\known_visit_10target_300.csv,9,5,9,16.145563747500304,16.145563747500304,01,01,1,0,True,completed
77,known_visit,ACBBA,ideal,1.0,19,361,4,10,acbba_h1_ideal,C:\Users\lottj\Desktop\research\decentralized benchmark\commitment-horizon-study\reference_core_benchmark_pilot\known_visit_10target_300.csv,10,4,14,8.978173916549709,8.978173916549709,02,02,1,0,True,completed
78,known_visit,ACBBA,ideal,1.0,19,361,4,10,acbba_h1_ideal,C:\Users\lottj\Desktop\research\decentralized benchmark\commitment-horizon-study\reference_core_benchmark_pilot\known_visit_10target_300.csv,1,16,3,38.49483086257791,38.49483086257791,00,00,1,0,True,completed
78,known_visit,ACBBA,ideal,1.0,19,361,4,10,acbba_h1_ideal,C:\Users\lottj\Desktop\research\decentralized benchmark\commitment-horizon-study\reference_core_benchmark_pilot\known_visit_10target_300.csv,2,12,9,25.11508103436235,25.11508103436235,01,01,1,0,True,completed
78,known_visit,ACBBA,ideal,1.0,19,361,4,10,acbba_h1_ideal,C:\Users\lottj\Desktop\research\decentralized benchmark\commitment-horizon-study\reference_core_benchmark_pilot\known_visit_10target_300.csv,3,11,12,21.469688369036728,21.469688369036728,02,02,1,0,True,completed
78,known_visit,ACBBA,ideal,1.0,19,361,4,10,acbba_h1_ideal,C:\Users\lottj\Desktop\research\decentralized benchmark\commitment-horizon-study\reference_core_benchmark_pilot\known_visit_10target_300.csv,4,3,17,5.499062492570688,5.499062492570688,03,03,1,0,True,completed
78,known_visit,ACBBA,ideal,1.0,19,361,4,10,acbba_h1_ideal,C:\Users\lottj\Desktop\research\decentralized benchmark\commitment-horizon-study\reference_core_benchmark_pilot\known_visit_10target_300.csv,5,6,17,10.960429656939846,10.960429656939846,03,03,1,0,True,completed
78,known_visit,ACBBA,ideal,1.0,19,361,4,10,acbba_h1_ideal,C:\Users\lottj\Desktop\research\decentralized benchmark\commitment-horizon-study\reference_core_benchmark_pilot\known_visit_10target_300.csv,6,7,2,14.353284780615214,14.353284780615214,00,00,1,0,True,completed
78,known_visit,ACBBA,ideal,1.0,19,361,4,10,acbba_h1_ideal,C:\Users\lottj\Desktop\research\decentralized benchmark\commitment-horizon-study\reference_core_benchmark_pilot\known_visit_10target_300.csv,7,3,13,5.701109125955846,5.701109125955846,02,02,1,0,True,completed
78,known_visit,ACBBA,ideal,1.0,19,361,4,10,acbba_h1_ideal,C:\Users\lottj\Desktop\research\decentralized benchmark\commitment-horizon-study\reference_core_benchmark_pilot\known_visit_10target_300.csv,8,10,5,24.62916962818497,24.62916962818497,00,00,1,0,True,completed
78,known_visit,ACBBA,ideal,1.0,19,361,4,10,acbba_h1_ideal,C:\Users\lottj\Desktop\research\decentralized benchmark\commitment-horizon-study\reference_core_benchmark_pilot\known_visit_10target_300.csv,9,0,8,2.0494938040050457,2.0494938040050457,01,01,1,0,True,completed
78,known_visit,ACBBA,ideal,1.0,19,361,4,10,acbba_h1_ideal,C:\Users\lottj\Desktop\research\decentralized benchmark\commitment-horizon-study\reference_core_benchmark_pilot\known_visit_10target_300.csv,10,1,0,0.24752988100411039,0.24752988100411039,00,00,1,0,True,completed
79,known_visit,ACBBA,ideal,1.0,19,361,4,10,acbba_h1_ideal,C:\Users\lottj\Desktop\research\decentralized benchmark\commitment-horizon-study\reference_core_benchmark_pilot\known_visit_10target_300.csv,1,4,12,5.161674027685808,5.161674027685808,02,02,1,0,True,completed
79,known_visit,ACBBA,ideal,1.0,19,361,4,10,acbba_h1_ideal,C:\Users\lottj\Desktop\research\decentralized benchmark\commitment-horizon-study\reference_core_benchmark_pilot\known_visit_10target_300.csv,2,15,16,32.13320969794401,32.13320969794401,03,03,1,0,True,completed
79,known_visit,ACBBA,ideal,1.0,19,361,4,10,acbba_h1_ideal,C:\Users\lottj\Desktop\research\decentralized benchmark\commitment-horizon-study\reference_core_benchmark_pilot\known_visit_10target_300.csv,3,11,12,21.731467636663517,21.731467636663517,02,02,1,0,True,completed
79,known_visit,ACBBA,ideal,1.0,19,361,4,10,acbba_h1_ideal,C:\Users\lottj\Desktop\research\decentralized benchmark\commitment-horizon-study\reference_core_benchmark_pilot\known_visit_10target_300.csv,4,4,0,5.372696318107005,5.372696318107005,00,00,1,0,True,completed
79,known_visit,ACBBA,ideal,1.0,19,361,4,10,acbba_h1_ideal,C:\Users\lottj\Desktop\research\decentralized benchmark\commitment-horizon-study\reference_core_benchmark_pilot\known_visit_10target_300.csv,5,17,5,36.724679817854295,36.724679817854295,01,01,1,0,True,completed
79,known_visit,ACBBA,ideal,1.0,19,361,4,10,acbba_h1_ideal,C:\Users\lottj\Desktop\research\decentralized benchmark\commitment-horizon-study\reference_core_benchmark_pilot\known_visit_10target_300.csv,6,2,8,5.549252990762459,5.549252990762459,01,01,1,0,True,completed
79,known_visit,ACBBA,ideal,1.0,19,361,4,10,acbba_h1_ideal,C:\Users\lottj\Desktop\research\decentralized benchmark\commitment-horizon-study\reference_core_benchmark_pilot\known_visit_10target_300.csv,7,2,3,14.681199262835808,14.681199262835808,00,00,1,0,True,completed
79,known_visit,ACBBA,ideal,1.0,19,361,4,10,acbba_h1_ideal,C:\Users\lottj\Desktop\research\decentralized benchmark\commitment-horizon-study\reference_core_benchmark_pilot\known_visit_10target_300.csv,8,2,17,3.97280823733367,3.97280823733367,03,03,1,0,True,completed
79,known_visit,ACBBA,ideal,1.0,19,361,4,10,acbba_h1_ideal,C:\Users\lottj\Desktop\research\decentralized benchmark\commitment-horizon-study\reference_core_benchmark_pilot\known_visit_10target_300.csv,9,4,8,9.347815726258027,9.347815726258027,01,01,1,0,True,completed
79,known_visit,ACBBA,ideal,1.0,19,361,4,10,acbba_h1_ideal,C:\Users\lottj\Desktop\research\decentralized benchmark\commitment-horizon-study\reference_core_benchmark_pilot\known_visit_10target_300.csv,10,16,14,34.01042424860436,34.01042424860436,02,02,1,0,True,completed
80,known_visit,ACBBA,ideal,1.0,19,361,4,10,acbba_h1_ideal,C:\Users\lottj\Desktop\research\decentralized benchmark\commitment-horizon-study\reference_core_benchmark_pilot\known_visit_10target_300.csv,1,10,16,19.122112091722755,19.122112091722755,03,03,1,0,True,completed
80,known_visit,ACBBA,ideal,1.0,19,361,4,10,acbba_h1_ideal,C:\Users\lottj\Desktop\research\decentralized benchmark\commitment-horizon-study\reference_core_benchmark_pilot\known_visit_10target_300.csv,2,4,4,12.229935810272629,12.229935810272629,00,00,1,0,True,completed
80,known_visit,ACBBA,ideal,1.0,19,361,4,10,acbba_h1_ideal,C:\Users\lottj\Desktop\research\decentralized benchmark\commitment-horizon-study\reference_core_benchmark_pilot\known_visit_10target_300.csv,3,10,11,17.898687756157663,17.898687756157663,02,02,1,0,True,completed
80,known_visit,ACBBA,ideal,1.0,19,361,4,10,acbba_h1_ideal,C:\Users\lottj\Desktop\research\decentralized benchmark\commitment-horizon-study\reference_core_benchmark_pilot\known_visit_10target_300.csv,4,16,12,34.270780344102775,34.270780344102775,02,02,1,0,True,completed
80,known_visit,ACBBA,ideal,1.0,19,361,4,10,acbba_h1_ideal,C:\Users\lottj\Desktop\research\decentralized benchmark\commitment-horizon-study\reference_core_benchmark_pilot\known_visit_10target_300.csv,5,10,2,26.359248118868308,26.359248118868308,00,00,1,0,True,completed
80,known_visit,ACBBA,ideal,1.0,19,361,4,10,acbba_h1_ideal,C:\Users\lottj\Desktop\research\decentralized benchmark\commitment-horizon-study\reference_core_benchmark_pilot\known_visit_10target_300.csv,6,9,18,13.720287394828004,13.720287394828004,03,03,1,0,True,completed
80,known_visit,ACBBA,ideal,1.0,19,361,4,10,acbba_h1_ideal,C:\Users\lottj\Desktop\research\decentralized benchmark\commitment-horizon-study\reference_core_benchmark_pilot\known_visit_10target_300.csv,7,10,13,21.622113339208234,21.622113339208234,02,02,1,0,True,completed
80,known_visit,ACBBA,ideal,1.0,19,361,4,10,acbba_h1_ideal,C:\Users\lottj\Desktop\research\decentralized benchmark\commitment-horizon-study\reference_core_benchmark_pilot\known_visit_10target_300.csv,8,6,6,13.106582416521237,13.106582416521237,01,01,1,0,True,completed
80,known_visit,ACBBA,ideal,1.0,19,361,4,10,acbba_h1_ideal,C:\Users\lottj\Desktop\research\decentralized benchmark\commitment-horizon-study\reference_core_benchmark_pilot\known_visit_10target_300.csv,9,15,14,31.090869416224074,31.090869416224074,03,03,1,0,True,completed
80,known_visit,ACBBA,ideal,1.0,19,361,4,10,acbba_h1_ideal,C:\Users\lottj\Desktop\research\decentralized benchmark\commitment-horizon-study\reference_core_benchmark_pilot\known_visit_10target_300.csv,10,0,11,0.5119139271700056,0.5119139271700056,02,02,1,0,True,completed
81,known_visit,ACBBA,ideal,1.0,19,361,4,10,acbba_h1_ideal,C:\Users\lottj\Desktop\research\decentralized benchmark\commitment-horizon-study\reference_core_benchmark_pilot\known_visit_10target_300.csv,1,12,7,21.521498766393947,21.521498766393947,01,01,1,0,True,completed
81,known_visit,ACBBA,ideal,1.0,19,361,4,10,acbba_h1_ideal,C:\Users\lottj\Desktop\research\decentralized benchmark\commitment-horizon-study\reference_core_benchmark_pilot\known_visit_10target_300.csv,2,3,17,5.5250560596292875,5.5250560596292875,03,03,1,0,True,completed
81,known_visit,ACBBA,ideal,1.0,19,361,4,10,acbba_h1_ideal,C:\Users\lottj\Desktop\research\decentralized benchmark\commitment-horizon-study\reference_core_benchmark_pilot\known_visit_10target_300.csv,3,12,0,29.501067472588424,29.501067472588424,00,00,1,0,True,completed
81,known_visit,ACBBA,ideal,1.0,19,361,4,10,acbba_h1_ideal,C:\Users\lottj\Desktop\research\decentralized benchmark\commitment-horizon-study\reference_core_benchmark_pilot\known_visit_10target_300.csv,4,5,3,12.295608312827884,12.295608312827884,00,00,1,0,True,completed
81,known_visit,ACBBA,ideal,1.0,19,361,4,10,acbba_h1_ideal,C:\Users\lottj\Desktop\research\decentralized benchmark\commitment-horizon-study\reference_core_benchmark_pilot\known_visit_10target_300.csv,5,7,7,13.187644133533352,13.187644133533352,01,01,1,0,True,completed
81,known_visit,ACBBA,ideal,1.0,19,361,4,10,acbba_h1_ideal,C:\Users\lottj\Desktop\research\decentralized benchmark\commitment-horizon-study\reference_core_benchmark_pilot\known_visit_10target_300.csv,6,4,18,9.54891577048474,9.54891577048474,03,03,1,0,True,completed
81,known_visit,ACBBA,ideal,1.0,19,361,4,10,acbba_h1_ideal,C:\Users\lottj\Desktop\research\decentralized benchmark\commitment-horizon-study\reference_core_benchmark_pilot\known_visit_10target_300.csv,7,2,1,3.7990764213362103,3.7990764213362103,00,00,1,0,True,completed
81,known_visit,ACBBA,ideal,1.0,19,361,4,10,acbba_h1_ideal,C:\Users\lottj\Desktop\research\decentralized benchmark\commitment-horizon-study\reference_core_benchmark_pilot\known_visit_10target_300.csv,8,1,0,0.16897368887985975,0.16897368887985975,00,00,1,0,True,completed
81,known_visit,ACBBA,ideal,1.0,19,361,4,10,acbba_h1_ideal,C:\Users\lottj\Desktop\research\decentralized benchmark\commitment-horizon-study\reference_core_benchmark_pilot\known_visit_10target_300.csv,9,0,7,0.5191359769727378,0.5191359769727378,01,01,1,0,True,completed
81,known_visit,ACBBA,ideal,1.0,19,361,4,10,acbba_h1_ideal,C:\Users\lottj\Desktop\research\decentralized benchmark\commitment-horizon-study\reference_core_benchmark_pilot\known_visit_10target_300.csv,10,15,10,28.875097596530164,28.875097596530164,02,02,1,0,True,completed
82,known_visit,ACBBA,ideal,1.0,19,361,4,10,acbba_h1_ideal,C:\Users\lottj\Desktop\research\decentralized benchmark\commitment-horizon-study\reference_core_benchmark_pilot\known_visit_10target_300.csv,1,6,14,12.393577260952911,12.393577260952911,02,02,1,0,True,completed
82,known_visit,ACBBA,ideal,1.0,19,361,4,10,acbba_h1_ideal,C:\Users\lottj\Desktop\research\decentralized benchmark\commitment-horizon-study\reference_core_benchmark_pilot\known_visit_10target_300.csv,2,15,15,29.261733954505647,29.261733954505647,03,03,1,0,True,completed
82,known_visit,ACBBA,ideal,1.0,19,361,4,10,acbba_h1_ideal,C:\Users\lottj\Desktop\research\decentralized benchmark\commitment-horizon-study\reference_core_benchmark_pilot\known_visit_10target_300.csv,3,14,10,33.19151927265049,33.19151927265049,01,01,1,0,True,completed
82,known_visit,ACBBA,ideal,1.0,19,361,4,10,acbba_h1_ideal,C:\Users\lottj\Desktop\research\decentralized benchmark\commitment-horizon-study\reference_core_benchmark_pilot\known_visit_10target_300.csv,4,2,12,1.934288532925383,1.934288532925383,02,02,1,0,True,completed
82,known_visit,ACBBA,ideal,1.0,19,361,4,10,acbba_h1_ideal,C:\Users\lottj\Desktop\research\decentralized benchmark\commitment-horizon-study\reference_core_benchmark_pilot\known_visit_10target_300.csv,5,15,2,27.861686367554473,27.861686367554473,00,00,1,0,True,completed
82,known_visit,ACBBA,ideal,1.0,19,361,4,10,acbba_h1_ideal,C:\Users\lottj\Desktop\research\decentralized benchmark\commitment-horizon-study\reference_core_benchmark_pilot\known_visit_10target_300.csv,6,17,6,45.92828759484159,45.92828759484159,00,00,1,0,True,completed
82,known_visit,ACBBA,ideal,1.0,19,361,4,10,acbba_h1_ideal,C:\Users\lottj\Desktop\research\decentralized benchmark\commitment-horizon-study\reference_core_benchmark_pilot\known_visit_10target_300.csv,7,12,9,28.049107597750307,28.049107597750307,01,01,1,0,True,completed
82,known_visit,ACBBA,ideal,1.0,19,361,4,10,acbba_h1_ideal,C:\Users\lottj\Desktop\research\decentralized benchmark\commitment-horizon-study\reference_core_benchmark_pilot\known_visit_10target_300.csv,8,14,7,38.37789539920923,38.37789539920923,00,00,1,0,True,completed
82,known_visit,ACBBA,ideal,1.0,19,361,4,10,acbba_h1_ideal,C:\Users\lottj\Desktop\research\decentralized benchmark\commitment-horizon-study\reference_core_benchmark_pilot\known_visit_10target_300.csv,9,6,18,8.608643662057165,8.608643662057165,03,03,1,0,True,completed
82,known_visit,ACBBA,ideal,1.0,19,361,4,10,acbba_h1_ideal,C:\Users\lottj\Desktop\research\decentralized benchmark\commitment-horizon-study\reference_core_benchmark_pilot\known_visit_10target_300.csv,10,6,5,10.717645973185663,10.717645973185663,01,01,1,0,True,completed
83,known_visit,ACBBA,ideal,1.0,19,361,4,10,acbba_h1_ideal,C:\Users\lottj\Desktop\research\decentralized benchmark\commitment-horizon-study\reference_core_benchmark_pilot\known_visit_10target_300.csv,1,3,16,7.378397005389445,7.378397005389445,03,03,1,0,True,completed
83,known_visit,ACBBA,ideal,1.0,19,361,4,10,acbba_h1_ideal,C:\Users\lottj\Desktop\research\decentralized benchmark\commitment-horizon-study\reference_core_benchmark_pilot\known_visit_10target_300.csv,2,6,2,16.726567854097755,16.726567854097755,00,00,1,0,True,completed
83,known_visit,ACBBA,ideal,1.0,19,361,4,10,acbba_h1_ideal,C:\Users\lottj\Desktop\research\decentralized benchmark\commitment-horizon-study\reference_core_benchmark_pilot\known_visit_10target_300.csv,3,0,1,0.49586039116652747,0.49586039116652747,00,00,1,0,True,completed
83,known_visit,ACBBA,ideal,1.0,19,361,4,10,acbba_h1_ideal,C:\Users\lottj\Desktop\research\decentralized benchmark\commitment-horizon-study\reference_core_benchmark_pilot\known_visit_10target_300.csv,4,18,1,39.08023655342654,39.08023655342654,00,00,1,0,True,completed
83,known_visit,ACBBA,ideal,1.0,19,361,4,10,acbba_h1_ideal,C:\Users\lottj\Desktop\research\decentralized benchmark\commitment-horizon-study\reference_core_benchmark_pilot\known_visit_10target_300.csv,5,3,7,5.681702799412452,5.681702799412452,01,01,1,0,True,completed
83,known_visit,ACBBA,ideal,1.0,19,361,4,10,acbba_h1_ideal,C:\Users\lottj\Desktop\research\decentralized benchmark\commitment-horizon-study\reference_core_benchmark_pilot\known_visit_10target_300.csv,6,6,8,15.963942938869097,15.963942938869097,02,02,1,0,True,completed
83,known_visit,ACBBA,ideal,1.0,19,361,4,10,acbba_h1_ideal,C:\Users\lottj\Desktop\research\decentralized benchmark\commitment-horizon-study\reference_core_benchmark_pilot\known_visit_10target_300.csv,7,10,14,23.001422500669953,23.001422500669953,03,03,1,0,True,completed
83,known_visit,ACBBA,ideal,1.0,19,361,4,10,acbba_h1_ideal,C:\Users\lottj\Desktop\research\decentralized benchmark\commitment-horizon-study\reference_core_benchmark_pilot\known_visit_10target_300.csv,8,5,9,12.349917126956617,12.349917126956617,02,02,1,0,True,completed
83,known_visit,ACBBA,ideal,1.0,19,361,4,10,acbba_h1_ideal,C:\Users\lottj\Desktop\research\decentralized benchmark\commitment-horizon-study\reference_core_benchmark_pilot\known_visit_10target_300.csv,9,4,3,11.21019167993911,11.21019167993911,00,00,1,0,True,completed
83,known_visit,ACBBA,ideal,1.0,19,361,4,10,acbba_h1_ideal,C:\Users\lottj\Desktop\research\decentralized benchmark\commitment-horizon-study\reference_core_benchmark_pilot\known_visit_10target_300.csv,10,8,14,19.695727536501703,19.695727536501703,03,03,1,0,True,completed
84,known_visit,ACBBA,ideal,1.0,19,361,4,10,acbba_h1_ideal,C:\Users\lottj\Desktop\research\decentralized benchmark\commitment-horizon-study\reference_core_benchmark_pilot\known_visit_10target_300.csv,1,15,6,39.35640109515766,39.35640109515766,00,00,1,0,True,completed
84,known_visit,ACBBA,ideal,1.0,19,361,4,10,acbba_h1_ideal,C:\Users\lottj\Desktop\research\decentralized benchmark\commitment-horizon-study\reference_core_benchmark_pilot\known_visit_10target_300.csv,2,8,4,19.130159358685106,19.130159358685106,00,00,1,0,True,completed
84,known_visit,ACBBA,ideal,1.0,19,361,4,10,acbba_h1_ideal,C:\Users\lottj\Desktop\research\decentralized benchmark\commitment-horizon-study\reference_core_benchmark_pilot\known_visit_10target_300.csv,3,16,1,53.54552661519841,53.54552661519841,00,00,1,0,True,completed
84,known_visit,ACBBA,ideal,1.0,19,361,4,10,acbba_h1_ideal,C:\Users\lottj\Desktop\research\decentralized benchmark\commitment-horizon-study\reference_core_benchmark_pilot\known_visit_10target_300.csv,4,5,11,15.705185426676715,15.705185426676715,01,01,1,0,True,completed
84,known_visit,ACBBA,ideal,1.0,19,361,4,10,acbba_h1_ideal,C:\Users\lottj\Desktop\research\decentralized benchmark\commitment-horizon-study\reference_core_benchmark_pilot\known_visit_10target_300.csv,5,17,7,43.8498411439076,43.8498411439076,01,01,1,0,True,completed
84,known_visit,ACBBA,ideal,1.0,19,361,4,10,acbba_h1_ideal,C:\Users\lottj\Desktop\research\decentralized benchmark\commitment-horizon-study\reference_core_benchmark_pilot\known_visit_10target_300.csv,6,13,7,36.68103801584678,36.68103801584678,01,01,1,0,True,completed
84,known_visit,ACBBA,ideal,1.0,19,361,4,10,acbba_h1_ideal,C:\Users\lottj\Desktop\research\decentralized benchmark\commitment-horizon-study\reference_core_benchmark_pilot\known_visit_10target_300.csv,7,3,14,6.958546019005805,6.958546019005805,02,02,1,0,True,completed
84,known_visit,ACBBA,ideal,1.0,19,361,4,10,acbba_h1_ideal,C:\Users\lottj\Desktop\research\decentralized benchmark\commitment-horizon-study\reference_core_benchmark_pilot\known_visit_10target_300.csv,8,12,3,28.301438522084926,28.301438522084926,00,00,1,0,True,completed
84,known_visit,ACBBA,ideal,1.0,19,361,4,10,acbba_h1_ideal,C:\Users\lottj\Desktop\research\decentralized benchmark\commitment-horizon-study\reference_core_benchmark_pilot\known_visit_10target_300.csv,9,11,15,22.67903100008054,22.67903100008054,03,03,1,0,True,completed
84,known_visit,ACBBA,ideal,1.0,19,361,4,10,acbba_h1_ideal,C:\Users\lottj\Desktop\research\decentralized benchmark\commitment-horizon-study\reference_core_benchmark_pilot\known_visit_10target_300.csv,10,4,14,9.039846781264625,9.039846781264625,02,02,1,0,True,completed
85,known_visit,ACBBA,ideal,1.0,19,361,4,10,acbba_h1_ideal,C:\Users\lottj\Desktop\research\decentralized benchmark\commitment-horizon-study\reference_core_benchmark_pilot\known_visit_10target_300.csv,1,1,17,2.2499519791300746,2.2499519791300746,03,03,1,0,True,completed
85,known_visit,ACBBA,ideal,1.0,19,361,4,10,acbba_h1_ideal,C:\Users\lottj\Desktop\research\decentralized benchmark\commitment-horizon-study\reference_core_benchmark_pilot\known_visit_10target_300.csv,2,13,5,26.729103386098856,26.729103386098856,01,01,1,0,True,completed
85,known_visit,ACBBA,ideal,1.0,19,361,4,10,acbba_h1_ideal,C:\Users\lottj\Desktop\research\decentralized benchmark\commitment-horizon-study\reference_core_benchmark_pilot\known_visit_10target_300.csv,3,9,14,21.24666926449742,21.24666926449742,02,02,1,0,True,completed
85,known_visit,ACBBA,ideal,1.0,19,361,4,10,acbba_h1_ideal,C:\Users\lottj\Desktop\research\decentralized benchmark\commitment-horizon-study\reference_core_benchmark_pilot\known_visit_10target_300.csv,4,16,2,29.659804542799797,29.659804542799797,00,00,1,0,True,completed
85,known_visit,ACBBA,ideal,1.0,19,361,4,10,acbba_h1_ideal,C:\Users\lottj\Desktop\research\decentralized benchmark\commitment-horizon-study\reference_core_benchmark_pilot\known_visit_10target_300.csv,5,3,11,5.556677827028682,5.556677827028682,02,02,1,0,True,completed
85,known_visit,ACBBA,ideal,1.0,19,361,4,10,acbba_h1_ideal,C:\Users\lottj\Desktop\research\decentralized benchmark\commitment-horizon-study\reference_core_benchmark_pilot\known_visit_10target_300.csv,6,4,17,7.701375301863963,7.701375301863963,03,03,1,0,True,completed
85,known_visit,ACBBA,ideal,1.0,19,361,4,10,acbba_h1_ideal,C:\Users\lottj\Desktop\research\decentralized benchmark\commitment-horizon-study\reference_core_benchmark_pilot\known_visit_10target_300.csv,7,15,14,31.818033864920555,31.818033864920555,02,02,1,0,True,completed
85,known_visit,ACBBA,ideal,1.0,19,361,4,10,acbba_h1_ideal,C:\Users\lottj\Desktop\research\decentralized benchmark\commitment-horizon-study\reference_core_benchmark_pilot\known_visit_10target_300.csv,8,18,10,43.930957615698205,43.930957615698205,02,02,1,0,True,completed
85,known_visit,ACBBA,ideal,1.0,19,361,4,10,acbba_h1_ideal,C:\Users\lottj\Desktop\research\decentralized benchmark\commitment-horizon-study\reference_core_benchmark_pilot\known_visit_10target_300.csv,9,11,7,19.095463888797592,19.095463888797592,01,01,1,0,True,completed
85,known_visit,ACBBA,ideal,1.0,19,361,4,10,acbba_h1_ideal,C:\Users\lottj\Desktop\research\decentralized benchmark\commitment-horizon-study\reference_core_benchmark_pilot\known_visit_10target_300.csv,10,18,7,39.13948199963415,39.13948199963415,01,01,1,0,True,completed
86,known_visit,ACBBA,ideal,1.0,19,361,4,10,acbba_h1_ideal,C:\Users\lottj\Desktop\research\decentralized benchmark\commitment-horizon-study\reference_core_benchmark_pilot\known_visit_10target_300.csv,1,1,12,0.24691310937452043,0.24691310937452043,02,02,1,0,True,completed
86,known_visit,ACBBA,ideal,1.0,19,361,4,10,acbba_h1_ideal,C:\Users\lottj\Desktop\research\decentralized benchmark\commitment-horizon-study\reference_core_benchmark_pilot\known_visit_10target_300.csv,2,2,10,5.5200723765751665,5.5200723765751665,02,02,1,0,True,completed
86,known_visit,ACBBA,ideal,1.0,19,361,4,10,acbba_h1_ideal,C:\Users\lottj\Desktop\research\decentralized benchmark\commitment-horizon-study\reference_core_benchmark_pilot\known_visit_10target_300.csv,3,8,15,17.669311367885562,17.669311367885562,03,03,1,0,True,completed
86,known_visit,ACBBA,ideal,1.0,19,361,4,10,acbba_h1_ideal,C:\Users\lottj\Desktop\research\decentralized benchmark\commitment-horizon-study\reference_core_benchmark_pilot\known_visit_10target_300.csv,4,1,17,2.1751390482955846,2.1751390482955846,03,03,1,0,True,completed
86,known_visit,ACBBA,ideal,1.0,19,361,4,10,acbba_h1_ideal,C:\Users\lottj\Desktop\research\decentralized benchmark\commitment-horizon-study\reference_core_benchmark_pilot\known_visit_10target_300.csv,5,14,3,27.818248244589032,27.818248244589032,00,00,1,0,True,completed
86,known_visit,ACBBA,ideal,1.0,19,361,4,10,acbba_h1_ideal,C:\Users\lottj\Desktop\research\decentralized benchmark\commitment-horizon-study\reference_core_benchmark_pilot\known_visit_10target_300.csv,6,5,4,10.822966240835003,10.822966240835003,01,01,1,0,True,completed
86,known_visit,ACBBA,ideal,1.0,19,361,4,10,acbba_h1_ideal,C:\Users\lottj\Desktop\research\decentralized benchmark\commitment-horizon-study\reference_core_benchmark_pilot\known_visit_10target_300.csv,7,7,3,15.955755345716954,15.955755345716954,00,00,1,0,True,completed
86,known_visit,ACBBA,ideal,1.0,19,361,4,10,acbba_h1_ideal,C:\Users\lottj\Desktop\research\decentralized benchmark\commitment-horizon-study\reference_core_benchmark_pilot\known_visit_10target_300.csv,8,18,18,40.20114793839884,40.20114793839884,03,03,1,0,True,completed
86,known_visit,ACBBA,ideal,1.0,19,361,4,10,acbba_h1_ideal,C:\Users\lottj\Desktop\research\decentralized benchmark\commitment-horizon-study\reference_core_benchmark_pilot\known_visit_10target_300.csv,9,5,3,12.344253635494765,12.344253635494765,00,00,1,0,True,completed
86,known_visit,ACBBA,ideal,1.0,19,361,4,10,acbba_h1_ideal,C:\Users\lottj\Desktop\research\decentralized benchmark\commitment-horizon-study\reference_core_benchmark_pilot\known_visit_10target_300.csv,10,7,10,14.388751668047737,14.388751668047737,02,02,1,0,True,completed
87,known_visit,ACBBA,ideal,1.0,19,361,4,10,acbba_h1_ideal,C:\Users\lottj\Desktop\research\decentralized benchmark\commitment-horizon-study\reference_core_benchmark_pilot\known_visit_10target_300.csv,1,17,10,42.33702152670002,42.33702152670002,01,01,1,0,True,completed
87,known_visit,ACBBA,ideal,1.0,19,361,4,10,acbba_h1_ideal,C:\Users\lottj\Desktop\research\decentralized benchmark\commitment-horizon-study\reference_core_benchmark_pilot\known_visit_10target_300.csv,2,1,16,3.8450905751917737,3.8450905751917737,03,03,1,0,True,completed
87,known_visit,ACBBA,ideal,1.0,19,361,4,10,acbba_h1_ideal,C:\Users\lottj\Desktop\research\decentralized benchmark\commitment-horizon-study\reference_core_benchmark_pilot\known_visit_10target_300.csv,3,14,12,33.15426836263747,33.15426836263747,01,01,1,0,True,completed
87,known_visit,ACBBA,ideal,1.0,19,361,4,10,acbba_h1_ideal,C:\Users\lottj\Desktop\research\decentralized benchmark\commitment-horizon-study\reference_core_benchmark_pilot\known_visit_10target_300.csv,4,15,3,29.288936493614347,29.288936493614347,00,00,1,0,True,completed
87,known_visit,ACBBA,ideal,1.0,19,361,4,10,acbba_h1_ideal,C:\Users\lottj\Desktop\research\decentralized benchmark\commitment-horizon-study\reference_core_benchmark_pilot\known_visit_10target_300.csv,5,4,15,10.636378622456789,10.636378622456789,02,02,1,0,True,completed
87,known_visit,ACBBA,ideal,1.0,19,361,4,10,acbba_h1_ideal,C:\Users\lottj\Desktop\research\decentralized benchmark\commitment-horizon-study\reference_core_benchmark_pilot\known_visit_10target_300.csv,6,4,18,13.294491218075345,13.294491218075345,03,03,1,0,True,completed
87,known_visit,ACBBA,ideal,1.0,19,361,4,10,acbba_h1_ideal,C:\Users\lottj\Desktop\research\decentralized benchmark\commitment-horizon-study\reference_core_benchmark_pilot\known_visit_10target_300.csv,7,3,8,7.439168038476499,7.439168038476499,01,01,1,0,True,completed
87,known_visit,ACBBA,ideal,1.0,19,361,4,10,acbba_h1_ideal,C:\Users\lottj\Desktop\research\decentralized benchmark\commitment-horizon-study\reference_core_benchmark_pilot\known_visit_10target_300.csv,8,12,9,24.440996182322856,24.440996182322856,01,01,1,0,True,completed
87,known_visit,ACBBA,ideal,1.0,19,361,4,10,acbba_h1_ideal,C:\Users\lottj\Desktop\research\decentralized benchmark\commitment-horizon-study\reference_core_benchmark_pilot\known_visit_10target_300.csv,9,3,17,9.609195496903446,9.609195496903446,03,03,1,0,True,completed
87,known_visit,ACBBA,ideal,1.0,19,361,4,10,acbba_h1_ideal,C:\Users\lottj\Desktop\research\decentralized benchmark\commitment-horizon-study\reference_core_benchmark_pilot\known_visit_10target_300.csv,10,17,12,38.55757126595291,38.55757126595291,01,01,1,0,True,completed
88,known_visit,ACBBA,ideal,1.0,19,361,4,10,acbba_h1_ideal,C:\Users\lottj\Desktop\research\decentralized benchmark\commitment-horizon-study\reference_core_benchmark_pilot\known_visit_10target_300.csv,1,5,11,16.069306523389802,16.069306523389802,01,01,1,0,True,completed
88,known_visit,ACBBA,ideal,1.0,19,361,4,10,acbba_h1_ideal,C:\Users\lottj\Desktop\research\decentralized benchmark\commitment-horizon-study\reference_core_benchmark_pilot\known_visit_10target_300.csv,2,17,5,37.00367527975884,37.00367527975884,00,00,1,0,True,completed
88,known_visit,ACBBA,ideal,1.0,19,361,4,10,acbba_h1_ideal,C:\Users\lottj\Desktop\research\decentralized benchmark\commitment-horizon-study\reference_core_benchmark_pilot\known_visit_10target_300.csv,3,0,13,0.4816635659978237,0.4816635659978237,02,02,1,0,True,completed
88,known_visit,ACBBA,ideal,1.0,19,361,4,10,acbba_h1_ideal,C:\Users\lottj\Desktop\research\decentralized benchmark\commitment-horizon-study\reference_core_benchmark_pilot\known_visit_10target_300.csv,4,6,13,10.815219833734478,10.815219833734478,02,02,1,0,True,completed
88,known_visit,ACBBA,ideal,1.0,19,361,4,10,acbba_h1_ideal,C:\Users\lottj\Desktop\research\decentralized benchmark\commitment-horizon-study\reference_core_benchmark_pilot\known_visit_10target_300.csv,5,17,18,42.42288927193014,42.42288927193014,03,03,1,0,True,completed
88,known_visit,ACBBA,ideal,1.0,19,361,4,10,acbba_h1_ideal,C:\Users\lottj\Desktop\research\decentralized benchmark\commitment-horizon-study\reference_core_benchmark_pilot\known_visit_10target_300.csv,6,12,13,20.994646983867387,20.994646983867387,02,02,1,0,True,completed
88,known_visit,ACBBA,ideal,1.0,19,361,4,10,acbba_h1_ideal,C:\Users\lottj\Desktop\research\decentralized benchmark\commitment-horizon-study\reference_core_benchmark_pilot\known_visit_10target_300.csv,7,12,8,29.847814465064975,29.847814465064975,02,02,1,0,True,completed
88,known_visit,ACBBA,ideal,1.0,19,361,4,10,acbba_h1_ideal,C:\Users\lottj\Desktop\research\decentralized benchmark\commitment-horizon-study\reference_core_benchmark_pilot\known_visit_10target_300.csv,8,8,13,14.276136496701701,14.276136496701701,02,02,1,0,True,completed
88,known_visit,ACBBA,ideal,1.0,19,361,4,10,acbba_h1_ideal,C:\Users\lottj\Desktop\research\decentralized benchmark\commitment-horizon-study\reference_core_benchmark_pilot\known_visit_10target_300.csv,9,13,17,33.57555567059902,33.57555567059902,03,03,1,0,True,completed
88,known_visit,ACBBA,ideal,1.0,19,361,4,10,acbba_h1_ideal,C:\Users\lottj\Desktop\research\decentralized benchmark\commitment-horizon-study\reference_core_benchmark_pilot\known_visit_10target_300.csv,10,12,1,20.95179403731332,20.95179403731332,00,00,1,0,True,completed
89,known_visit,ACBBA,ideal,1.0,19,361,4,10,acbba_h1_ideal,C:\Users\lottj\Desktop\research\decentralized benchmark\commitment-horizon-study\reference_core_benchmark_pilot\known_visit_10target_300.csv,1,2,12,1.873804626361358,1.873804626361358,02,02,1,0,True,completed
89,known_visit,ACBBA,ideal,1.0,19,361,4,10,acbba_h1_ideal,C:\Users\lottj\Desktop\research\decentralized benchmark\commitment-horizon-study\reference_core_benchmark_pilot\known_visit_10target_300.csv,2,3,8,7.491944344348129,7.491944344348129,01,01,1,0,True,completed
89,known_visit,ACBBA,ideal,1.0,19,361,4,10,acbba_h1_ideal,C:\Users\lottj\Desktop\research\decentralized benchmark\commitment-horizon-study\reference_core_benchmark_pilot\known_visit_10target_300.csv,3,17,3,37.85724628655295,37.85724628655295,00,00,1,0,True,completed
89,known_visit,ACBBA,ideal,1.0,19,361,4,10,acbba_h1_ideal,C:\Users\lottj\Desktop\research\decentralized benchmark\commitment-horizon-study\reference_core_benchmark_pilot\known_visit_10target_300.csv,4,9,13,15.596184349846645,15.596184349846645,02,02,1,0,True,completed
89,known_visit,ACBBA,ideal,1.0,19,361,4,10,acbba_h1_ideal,C:\Users\lottj\Desktop\research\decentralized benchmark\commitment-horizon-study\reference_core_benchmark_pilot\known_visit_10target_300.csv,5,8,1,14.279904277691795,14.279904277691795,00,00,1,0,True,completed
89,known_visit,ACBBA,ideal,1.0,19,361,4,10,acbba_h1_ideal,C:\Users\lottj\Desktop\research\decentralized benchmark\commitment-horizon-study\reference_core_benchmark_pilot\known_visit_10target_300.csv,6,17,16,30.9828438427192,30.9828438427192,03,03,1,0,True,completed
89,known_visit,ACBBA,ideal,1.0,19,361,4,10,acbba_h1_ideal,C:\Users\lottj\Desktop\research\decentralized benchmark\commitment-horizon-study\reference_core_benchmark_pilot\known_visit_10target_300.csv,7,16,5,38.36235285637633,38.36235285637633,01,01,1,0,True,completed
89,known_visit,ACBBA,ideal,1.0,19,361,4,10,acbba_h1_ideal,C:\Users\lottj\Desktop\research\decentralized benchmark\commitment-horizon-study\reference_core_benchmark_pilot\known_visit_10target_300.csv,8,14,0,26.924983926184375,26.924983926184375,00,00,1,0,True,completed
89,known_visit,ACBBA,ideal,1.0,19,361,4,10,acbba_h1_ideal,C:\Users\lottj\Desktop\research\decentralized benchmark\commitment-horizon-study\reference_core_benchmark_pilot\known_visit_10target_300.csv,9,12,9,24.552601378088976,24.552601378088976,01,01,1,0,True,completed
89,known_visit,ACBBA,ideal,1.0,19,361,4,10,acbba_h1_ideal,C:\Users\lottj\Desktop\research\decentralized benchmark\commitment-horizon-study\reference_core_benchmark_pilot\known_visit_10target_300.csv,10,16,12,29.455426378032094,29.455426378032094,02,02,1,0,True,completed
90,known_visit,ACBBA,ideal,1.0,19,361,4,10,acbba_h1_ideal,C:\Users\lottj\Desktop\research\decentralized benchmark\commitment-horizon-study\reference_core_benchmark_pilot\known_visit_10target_300.csv,1,12,10,30.26024440592275,30.26024440592275,02,02,1,0,True,completed
90,known_visit,ACBBA,ideal,1.0,19,361,4,10,acbba_h1_ideal,C:\Users\lottj\Desktop\research\decentralized benchmark\commitment-horizon-study\reference_core_benchmark_pilot\known_visit_10target_300.csv,2,6,0,16.405502475955,16.405502475955,00,00,1,0,True,completed
90,known_visit,ACBBA,ideal,1.0,19,361,4,10,acbba_h1_ideal,C:\Users\lottj\Desktop\research\decentralized benchmark\commitment-horizon-study\reference_core_benchmark_pilot\known_visit_10target_300.csv,3,6,14,12.343981265602276,12.343981265602276,02,02,1,0,True,completed
90,known_visit,ACBBA,ideal,1.0,19,361,4,10,acbba_h1_ideal,C:\Users\lottj\Desktop\research\decentralized benchmark\commitment-horizon-study\reference_core_benchmark_pilot\known_visit_10target_300.csv,4,16,1,34.58842589272716,34.58842589272716,01,01,1,0,True,completed
90,known_visit,ACBBA,ideal,1.0,19,361,4,10,acbba_h1_ideal,C:\Users\lottj\Desktop\research\decentralized benchmark\commitment-horizon-study\reference_core_benchmark_pilot\known_visit_10target_300.csv,5,13,18,20.74269172000536,20.74269172000536,03,03,1,0,True,completed
90,known_visit,ACBBA,ideal,1.0,19,361,4,10,acbba_h1_ideal,C:\Users\lottj\Desktop\research\decentralized benchmark\commitment-horizon-study\reference_core_benchmark_pilot\known_visit_10target_300.csv,6,4,2,8.989543847666667,8.989543847666667,00,00,1,0,True,completed
90,known_visit,ACBBA,ideal,1.0,19,361,4,10,acbba_h1_ideal,C:\Users\lottj\Desktop\research\decentralized benchmark\commitment-horizon-study\reference_core_benchmark_pilot\known_visit_10target_300.csv,7,4,18,5.422684349628414,5.422684349628414,03,03,1,0,True,completed
90,known_visit,ACBBA,ideal,1.0,19,361,4,10,acbba_h1_ideal,C:\Users\lottj\Desktop\research\decentralized benchmark\commitment-horizon-study\reference_core_benchmark_pilot\known_visit_10target_300.csv,8,14,10,33.98396859498018,33.98396859498018,02,02,1,0,True,completed
90,known_visit,ACBBA,ideal,1.0,19,361,4,10,acbba_h1_ideal,C:\Users\lottj\Desktop\research\decentralized benchmark\commitment-horizon-study\reference_core_benchmark_pilot\known_visit_10target_300.csv,9,4,0,5.40308737429762,5.40308737429762,00,00,1,0,True,completed
90,known_visit,ACBBA,ideal,1.0,19,361,4,10,acbba_h1_ideal,C:\Users\lottj\Desktop\research\decentralized benchmark\commitment-horizon-study\reference_core_benchmark_pilot\known_visit_10target_300.csv,10,15,9,37.6453466277273,37.6453466277273,02,02,1,0,True,completed
91,known_visit,ACBBA,ideal,1.0,19,361,4,10,acbba_h1_ideal,C:\Users\lottj\Desktop\research\decentralized benchmark\commitment-horizon-study\reference_core_benchmark_pilot\known_visit_10target_300.csv,1,3,1,5.64360369747005,5.64360369747005,00,00,1,0,True,completed
91,known_visit,ACBBA,ideal,1.0,19,361,4,10,acbba_h1_ideal,C:\Users\lottj\Desktop\research\decentralized benchmark\commitment-horizon-study\reference_core_benchmark_pilot\known_visit_10target_300.csv,2,3,3,8.986239081104431,8.986239081104431,00,00,1,0,True,completed
91,known_visit,ACBBA,ideal,1.0,19,361,4,10,acbba_h1_ideal,C:\Users\lottj\Desktop\research\decentralized benchmark\commitment-horizon-study\reference_core_benchmark_pilot\known_visit_10target_300.csv,3,16,16,33.38934787124023,33.38934787124023,03,03,1,0,True,completed
91,known_visit,ACBBA,ideal,1.0,19,361,4,10,acbba_h1_ideal,C:\Users\lottj\Desktop\research\decentralized benchmark\commitment-horizon-study\reference_core_benchmark_pilot\known_visit_10target_300.csv,4,2,0,1.9210349496095147,1.9210349496095147,00,00,1,0,True,completed
91,known_visit,ACBBA,ideal,1.0,19,361,4,10,acbba_h1_ideal,C:\Users\lottj\Desktop\research\decentralized benchmark\commitment-horizon-study\reference_core_benchmark_pilot\known_visit_10target_300.csv,5,7,7,16.38156958109042,16.38156958109042,01,01,1,0,True,completed
91,known_visit,ACBBA,ideal,1.0,19,361,4,10,acbba_h1_ideal,C:\Users\lottj\Desktop\research\decentralized benchmark\commitment-horizon-study\reference_core_benchmark_pilot\known_visit_10target_300.csv,6,7,17,12.484557956288597,12.484557956288597,03,03,1,0,True,completed
91,known_visit,ACBBA,ideal,1.0,19,361,4,10,acbba_h1_ideal,C:\Users\lottj\Desktop\research\decentralized benchmark\commitment-horizon-study\reference_core_benchmark_pilot\known_visit_10target_300.csv,7,18,7,35.284098687084054,35.284098687084054,01,01,1,0,True,completed
91,known_visit,ACBBA,ideal,1.0,19,361,4,10,acbba_h1_ideal,C:\Users\lottj\Desktop\research\decentralized benchmark\commitment-horizon-study\reference_core_benchmark_pilot\known_visit_10target_300.csv,8,4,6,5.2060247201797765,5.2060247201797765,01,01,1,0,True,completed
91,known_visit,ACBBA,ideal,1.0,19,361,4,10,acbba_h1_ideal,C:\Users\lottj\Desktop\research\decentralized benchmark\commitment-horizon-study\reference_core_benchmark_pilot\known_visit_10target_300.csv,9,16,3,31.04029263353697,31.04029263353697,00,00,1,0,True,completed
91,known_visit,ACBBA,ideal,1.0,19,361,4,10,acbba_h1_ideal,C:\Users\lottj\Desktop\research\decentralized benchmark\commitment-horizon-study\reference_core_benchmark_pilot\known_visit_10target_300.csv,10,11,15,22.98104925337876,22.98104925337876,03,03,1,0,True,completed
92,known_visit,ACBBA,ideal,1.0,19,361,4,10,acbba_h1_ideal,C:\Users\lottj\Desktop\research\decentralized benchmark\commitment-horizon-study\reference_core_benchmark_pilot\known_visit_10target_300.csv,1,16,7,42.939271394707795,42.939271394707795,01,01,1,0,True,completed
92,known_visit,ACBBA,ideal,1.0,19,361,4,10,acbba_h1_ideal,C:\Users\lottj\Desktop\research\decentralized benchmark\commitment-horizon-study\reference_core_benchmark_pilot\known_visit_10target_300.csv,2,3,5,12.241453033989819,12.241453033989819,00,00,1,0,True,completed
92,known_visit,ACBBA,ideal,1.0,19,361,4,10,acbba_h1_ideal,C:\Users\lottj\Desktop\research\decentralized benchmark\commitment-horizon-study\reference_core_benchmark_pilot\known_visit_10target_300.csv,3,16,2,40.310600903015214,40.310600903015214,00,00,1,0,True,completed
92,known_visit,ACBBA,ideal,1.0,19,361,4,10,acbba_h1_ideal,C:\Users\lottj\Desktop\research\decentralized benchmark\commitment-horizon-study\reference_core_benchmark_pilot\known_visit_10target_300.csv,4,15,11,33.832104286286125,33.832104286286125,01,01,1,0,True,completed
92,known_visit,ACBBA,ideal,1.0,19,361,4,10,acbba_h1_ideal,C:\Users\lottj\Desktop\research\decentralized benchmark\commitment-horizon-study\reference_core_benchmark_pilot\known_visit_10target_300.csv,5,10,12,23.820162881214035,23.820162881214035,02,02,1,0,True,completed
92,known_visit,ACBBA,ideal,1.0,19,361,4,10,acbba_h1_ideal,C:\Users\lottj\Desktop\research\decentralized benchmark\commitment-horizon-study\reference_core_benchmark_pilot\known_visit_10target_300.csv,6,0,9,3.8701142786315557,3.8701142786315557,01,01,1,0,True,completed
92,known_visit,ACBBA,ideal,1.0,19,361,4,10,acbba_h1_ideal,C:\Users\lottj\Desktop\research\decentralized benchmark\commitment-horizon-study\reference_core_benchmark_pilot\known_visit_10target_300.csv,7,8,10,16.241532172775454,16.241532172775454,02,02,1,0,True,completed
92,known_visit,ACBBA,ideal,1.0,19,361,4,10,acbba_h1_ideal,C:\Users\lottj\Desktop\research\decentralized benchmark\commitment-horizon-study\reference_core_benchmark_pilot\known_visit_10target_300.csv,8,11,4,28.241746853778317,28.241746853778317,00,00,1,0,True,completed
92,known_visit,ACBBA,ideal,1.0,19,361,4,10,acbba_h1_ideal,C:\Users\lottj\Desktop\research\decentralized benchmark\commitment-horizon-study\reference_core_benchmark_pilot\known_visit_10target_300.csv,9,8,11,14.47953859308357,14.47953859308357,02,02,1,0,True,completed
92,known_visit,ACBBA,ideal,1.0,19,361,4,10,acbba_h1_ideal,C:\Users\lottj\Desktop\research\decentralized benchmark\commitment-horizon-study\reference_core_benchmark_pilot\known_visit_10target_300.csv,10,11,17,19.207657264841263,19.207657264841263,03,03,1,0,True,completed
93,known_visit,ACBBA,ideal,1.0,19,361,4,10,acbba_h1_ideal,C:\Users\lottj\Desktop\research\decentralized benchmark\commitment-horizon-study\reference_core_benchmark_pilot\known_visit_10target_300.csv,1,13,18,20.664413556804124,20.664413556804124,03,03,1,0,True,completed
93,known_visit,ACBBA,ideal,1.0,19,361,4,10,acbba_h1_ideal,C:\Users\lottj\Desktop\research\decentralized benchmark\commitment-horizon-study\reference_core_benchmark_pilot\known_visit_10target_300.csv,2,15,11,36.429646572367204,36.429646572367204,03,03,1,0,True,completed
93,known_visit,ACBBA,ideal,1.0,19,361,4,10,acbba_h1_ideal,C:\Users\lottj\Desktop\research\decentralized benchmark\commitment-horizon-study\reference_core_benchmark_pilot\known_visit_10target_300.csv,3,0,4,2.105704410704155,2.105704410704155,01,01,1,0,True,completed
93,known_visit,ACBBA,ideal,1.0,19,361,4,10,acbba_h1_ideal,C:\Users\lottj\Desktop\research\decentralized benchmark\commitment-horizon-study\reference_core_benchmark_pilot\known_visit_10target_300.csv,4,4,12,5.283837112616074,5.283837112616074,02,02,1,0,True,completed
93,known_visit,ACBBA,ideal,1.0,19,361,4,10,acbba_h1_ideal,C:\Users\lottj\Desktop\research\decentralized benchmark\commitment-horizon-study\reference_core_benchmark_pilot\known_visit_10target_300.csv,5,5,14,10.52726768275702,10.52726768275702,02,02,1,0,True,completed
93,known_visit,ACBBA,ideal,1.0,19,361,4,10,acbba_h1_ideal,C:\Users\lottj\Desktop\research\decentralized benchmark\commitment-horizon-study\reference_core_benchmark_pilot\known_visit_10target_300.csv,6,11,8,31.41064550125144,31.41064550125144,02,02,1,0,True,completed
93,known_visit,ACBBA,ideal,1.0,19,361,4,10,acbba_h1_ideal,C:\Users\lottj\Desktop\research\decentralized benchmark\commitment-horizon-study\reference_core_benchmark_pilot\known_visit_10target_300.csv,7,10,3,21.23923386483388,21.23923386483388,00,00,1,0,True,completed
93,known_visit,ACBBA,ideal,1.0,19,361,4,10,acbba_h1_ideal,C:\Users\lottj\Desktop\research\decentralized benchmark\commitment-horizon-study\reference_core_benchmark_pilot\known_visit_10target_300.csv,8,12,5,25.110246884630243,25.110246884630243,01,01,1,0,True,completed
93,known_visit,ACBBA,ideal,1.0,19,361,4,10,acbba_h1_ideal,C:\Users\lottj\Desktop\research\decentralized benchmark\commitment-horizon-study\reference_core_benchmark_pilot\known_visit_10target_300.csv,9,1,5,6.040407888937356,6.040407888937356,01,01,1,0,True,completed
93,known_visit,ACBBA,ideal,1.0,19,361,4,10,acbba_h1_ideal,C:\Users\lottj\Desktop\research\decentralized benchmark\commitment-horizon-study\reference_core_benchmark_pilot\known_visit_10target_300.csv,10,2,12,1.807583704856452,1.807583704856452,02,02,1,0,True,completed
94,known_visit,ACBBA,ideal,1.0,19,361,4,10,acbba_h1_ideal,C:\Users\lottj\Desktop\research\decentralized benchmark\commitment-horizon-study\reference_core_benchmark_pilot\known_visit_10target_300.csv,1,9,9,22.785918414825545,22.785918414825545,02,02,1,0,True,completed
94,known_visit,ACBBA,ideal,1.0,19,361,4,10,acbba_h1_ideal,C:\Users\lottj\Desktop\research\decentralized benchmark\commitment-horizon-study\reference_core_benchmark_pilot\known_visit_10target_300.csv,2,11,10,28.51849722516235,28.51849722516235,02,02,1,0,True,completed
94,known_visit,ACBBA,ideal,1.0,19,361,4,10,acbba_h1_ideal,C:\Users\lottj\Desktop\research\decentralized benchmark\commitment-horizon-study\reference_core_benchmark_pilot\known_visit_10target_300.csv,3,11,11,29.918669055489346,29.918669055489346,03,03,1,0,True,completed
94,known_visit,ACBBA,ideal,1.0,19,361,4,10,acbba_h1_ideal,C:\Users\lottj\Desktop\research\decentralized benchmark\commitment-horizon-study\reference_core_benchmark_pilot\known_visit_10target_300.csv,4,7,13,12.162864476081763,12.162864476081763,02,02,2,1,True,completed
94,known_visit,ACBBA,ideal,1.0,19,361,4,10,acbba_h1_ideal,C:\Users\lottj\Desktop\research\decentralized benchmark\commitment-horizon-study\reference_core_benchmark_pilot\known_visit_10target_300.csv,5,18,5,45.119931115512536,45.119931115512536,00,00,1,0,True,completed
94,known_visit,ACBBA,ideal,1.0,19,361,4,10,acbba_h1_ideal,C:\Users\lottj\Desktop\research\decentralized benchmark\commitment-horizon-study\reference_core_benchmark_pilot\known_visit_10target_300.csv,6,6,5,10.695282371335834,10.695282371335834,01,01,1,0,True,completed
94,known_visit,ACBBA,ideal,1.0,19,361,4,10,acbba_h1_ideal,C:\Users\lottj\Desktop\research\decentralized benchmark\commitment-horizon-study\reference_core_benchmark_pilot\known_visit_10target_300.csv,7,17,11,40.545709879142635,40.545709879142635,03,03,1,0,True,completed
94,known_visit,ACBBA,ideal,1.0,19,361,4,10,acbba_h1_ideal,C:\Users\lottj\Desktop\research\decentralized benchmark\commitment-horizon-study\reference_core_benchmark_pilot\known_visit_10target_300.csv,8,10,5,17.60919813798731,17.60919813798731,01,01,1,0,True,completed
94,known_visit,ACBBA,ideal,1.0,19,361,4,10,acbba_h1_ideal,C:\Users\lottj\Desktop\research\decentralized benchmark\commitment-horizon-study\reference_core_benchmark_pilot\known_visit_10target_300.csv,9,18,15,49.43274204112876,49.43274204112876,03,03,1,0,True,completed
94,known_visit,ACBBA,ideal,1.0,19,361,4,10,acbba_h1_ideal,C:\Users\lottj\Desktop\research\decentralized benchmark\commitment-horizon-study\reference_core_benchmark_pilot\known_visit_10target_300.csv,10,7,1,12.428521375889991,12.428521375889991,00,00,1,0,True,completed
95,known_visit,ACBBA,ideal,1.0,19,361,4,10,acbba_h1_ideal,C:\Users\lottj\Desktop\research\decentralized benchmark\commitment-horizon-study\reference_core_benchmark_pilot\known_visit_10target_300.csv,1,10,10,26.803377843276277,26.803377843276277,01,01,1,0,True,completed
95,known_visit,ACBBA,ideal,1.0,19,361,4,10,acbba_h1_ideal,C:\Users\lottj\Desktop\research\decentralized benchmark\commitment-horizon-study\reference_core_benchmark_pilot\known_visit_10target_300.csv,2,18,0,40.26171686711926,40.26171686711926,00,00,1,0,True,completed
95,known_visit,ACBBA,ideal,1.0,19,361,4,10,acbba_h1_ideal,C:\Users\lottj\Desktop\research\decentralized benchmark\commitment-horizon-study\reference_core_benchmark_pilot\known_visit_10target_300.csv,3,7,6,14.481808660856725,14.481808660856725,01,01,1,0,True,completed
95,known_visit,ACBBA,ideal,1.0,19,361,4,10,acbba_h1_ideal,C:\Users\lottj\Desktop\research\decentralized benchmark\commitment-horizon-study\reference_core_benchmark_pilot\known_visit_10target_300.csv,4,4,17,7.359216103022816,7.359216103022816,03,03,1,0,True,completed
95,known_visit,ACBBA,ideal,1.0,19,361,4,10,acbba_h1_ideal,C:\Users\lottj\Desktop\research\decentralized benchmark\commitment-horizon-study\reference_core_benchmark_pilot\known_visit_10target_300.csv,5,6,2,12.289397235452684,12.289397235452684,00,00,1,0,True,completed
95,known_visit,ACBBA,ideal,1.0,19,361,4,10,acbba_h1_ideal,C:\Users\lottj\Desktop\research\decentralized benchmark\commitment-horizon-study\reference_core_benchmark_pilot\known_visit_10target_300.csv,6,1,5,2.184242141675265,2.184242141675265,01,01,1,0,True,completed
95,known_visit,ACBBA,ideal,1.0,19,361,4,10,acbba_h1_ideal,C:\Users\lottj\Desktop\research\decentralized benchmark\commitment-horizon-study\reference_core_benchmark_pilot\known_visit_10target_300.csv,7,17,9,40.741830977390826,40.741830977390826,01,01,1,0,True,completed
95,known_visit,ACBBA,ideal,1.0,19,361,4,10,acbba_h1_ideal,C:\Users\lottj\Desktop\research\decentralized benchmark\commitment-horizon-study\reference_core_benchmark_pilot\known_visit_10target_300.csv,8,11,1,26.223512211903056,26.223512211903056,00,00,1,0,True,completed
95,known_visit,ACBBA,ideal,1.0,19,361,4,10,acbba_h1_ideal,C:\Users\lottj\Desktop\research\decentralized benchmark\commitment-horizon-study\reference_core_benchmark_pilot\known_visit_10target_300.csv,9,6,17,11.023765700975579,11.023765700975579,03,03,1,0,True,completed
95,known_visit,ACBBA,ideal,1.0,19,361,4,10,acbba_h1_ideal,C:\Users\lottj\Desktop\research\decentralized benchmark\commitment-horizon-study\reference_core_benchmark_pilot\known_visit_10target_300.csv,10,8,18,16.51794252772096,16.51794252772096,03,03,1,0,True,completed
96,known_visit,ACBBA,ideal,1.0,19,361,4,10,acbba_h1_ideal,C:\Users\lottj\Desktop\research\decentralized benchmark\commitment-horizon-study\reference_core_benchmark_pilot\known_visit_10target_300.csv,1,13,4,28.138396020623315,28.138396020623315,00,00,1,0,True,completed
96,known_visit,ACBBA,ideal,1.0,19,361,4,10,acbba_h1_ideal,C:\Users\lottj\Desktop\research\decentralized benchmark\commitment-horizon-study\reference_core_benchmark_pilot\known_visit_10target_300.csv,2,7,6,18.07304666401855,18.07304666401855,01,01,1,0,True,completed
96,known_visit,ACBBA,ideal,1.0,19,361,4,10,acbba_h1_ideal,C:\Users\lottj\Desktop\research\decentralized benchmark\commitment-horizon-study\reference_core_benchmark_pilot\known_visit_10target_300.csv,3,11,16,20.822541189372437,20.822541189372437,03,03,1,0,True,completed
96,known_visit,ACBBA,ideal,1.0,19,361,4,10,acbba_h1_ideal,C:\Users\lottj\Desktop\research\decentralized benchmark\commitment-horizon-study\reference_core_benchmark_pilot\known_visit_10target_300.csv,4,2,8,5.509918990853283,5.509918990853283,01,01,1,0,True,completed
96,known_visit,ACBBA,ideal,1.0,19,361,4,10,acbba_h1_ideal,C:\Users\lottj\Desktop\research\decentralized benchmark\commitment-horizon-study\reference_core_benchmark_pilot\known_visit_10target_300.csv,5,12,16,22.790538592600885,22.790538592600885,03,03,1,0,True,completed
96,known_visit,ACBBA,ideal,1.0,19,361,4,10,acbba_h1_ideal,C:\Users\lottj\Desktop\research\decentralized benchmark\commitment-horizon-study\reference_core_benchmark_pilot\known_visit_10target_300.csv,6,7,2,14.317561010493716,14.317561010493716,00,00,1,0,True,completed
96,known_visit,ACBBA,ideal,1.0,19,361,4,10,acbba_h1_ideal,C:\Users\lottj\Desktop\research\decentralized benchmark\commitment-horizon-study\reference_core_benchmark_pilot\known_visit_10target_300.csv,7,18,13,38.20177373116362,38.20177373116362,03,03,1,0,True,completed
96,known_visit,ACBBA,ideal,1.0,19,361,4,10,acbba_h1_ideal,C:\Users\lottj\Desktop\research\decentralized benchmark\commitment-horizon-study\reference_core_benchmark_pilot\known_visit_10target_300.csv,8,14,7,31.551391093632244,31.551391093632244,02,02,1,0,True,completed
96,known_visit,ACBBA,ideal,1.0,19,361,4,10,acbba_h1_ideal,C:\Users\lottj\Desktop\research\decentralized benchmark\commitment-horizon-study\reference_core_benchmark_pilot\known_visit_10target_300.csv,9,11,9,23.013907422179514,23.013907422179514,02,02,1,0,True,completed
96,known_visit,ACBBA,ideal,1.0,19,361,4,10,acbba_h1_ideal,C:\Users\lottj\Desktop\research\decentralized benchmark\commitment-horizon-study\reference_core_benchmark_pilot\known_visit_10target_300.csv,10,3,11,5.837659874527502,5.837659874527502,02,02,1,0,True,completed
97,known_visit,ACBBA,ideal,1.0,19,361,4,10,acbba_h1_ideal,C:\Users\lottj\Desktop\research\decentralized benchmark\commitment-horizon-study\reference_core_benchmark_pilot\known_visit_10target_300.csv,1,9,12,21.579062164649137,21.579062164649137,02,02,2,1,True,completed
97,known_visit,ACBBA,ideal,1.0,19,361,4,10,acbba_h1_ideal,C:\Users\lottj\Desktop\research\decentralized benchmark\commitment-horizon-study\reference_core_benchmark_pilot\known_visit_10target_300.csv,2,9,1,15.701999900802804,15.701999900802804,00,00,1,0,True,completed
97,known_visit,ACBBA,ideal,1.0,19,361,4,10,acbba_h1_ideal,C:\Users\lottj\Desktop\research\decentralized benchmark\commitment-horizon-study\reference_core_benchmark_pilot\known_visit_10target_300.csv,3,3,17,5.583760442700945,5.583760442700945,03,03,1,0,True,completed
97,known_visit,ACBBA,ideal,1.0,19,361,4,10,acbba_h1_ideal,C:\Users\lottj\Desktop\research\decentralized benchmark\commitment-horizon-study\reference_core_benchmark_pilot\known_visit_10target_300.csv,4,18,18,44.27722712551566,44.27722712551566,03,03,1,0,True,completed
97,known_visit,ACBBA,ideal,1.0,19,361,4,10,acbba_h1_ideal,C:\Users\lottj\Desktop\research\decentralized benchmark\commitment-horizon-study\reference_core_benchmark_pilot\known_visit_10target_300.csv,5,1,14,3.878960730561668,3.878960730561668,02,02,1,0,True,completed
97,known_visit,ACBBA,ideal,1.0,19,361,4,10,acbba_h1_ideal,C:\Users\lottj\Desktop\research\decentralized benchmark\commitment-horizon-study\reference_core_benchmark_pilot\known_visit_10target_300.csv,6,2,18,1.970136396284491,1.970136396284491,03,03,1,0,True,completed
97,known_visit,ACBBA,ideal,1.0,19,361,4,10,acbba_h1_ideal,C:\Users\lottj\Desktop\research\decentralized benchmark\commitment-horizon-study\reference_core_benchmark_pilot\known_visit_10target_300.csv,7,12,17,21.144164510278955,21.144164510278955,03,03,1,0,True,completed
97,known_visit,ACBBA,ideal,1.0,19,361,4,10,acbba_h1_ideal,C:\Users\lottj\Desktop\research\decentralized benchmark\commitment-horizon-study\reference_core_benchmark_pilot\known_visit_10target_300.csv,8,17,14,35.46380010243206,35.46380010243206,03,03,1,0,True,completed
97,known_visit,ACBBA,ideal,1.0,19,361,4,10,acbba_h1_ideal,C:\Users\lottj\Desktop\research\decentralized benchmark\commitment-horizon-study\reference_core_benchmark_pilot\known_visit_10target_300.csv,9,13,11,29.457491743283075,29.457491743283075,01,01,1,0,True,completed
97,known_visit,ACBBA,ideal,1.0,19,361,4,10,acbba_h1_ideal,C:\Users\lottj\Desktop\research\decentralized benchmark\commitment-horizon-study\reference_core_benchmark_pilot\known_visit_10target_300.csv,10,15,15,29.988141815147195,29.988141815147195,03,03,1,0,True,completed
98,known_visit,ACBBA,ideal,1.0,19,361,4,10,acbba_h1_ideal,C:\Users\lottj\Desktop\research\decentralized benchmark\commitment-horizon-study\reference_core_benchmark_pilot\known_visit_10target_300.csv,1,7,12,18.675395833464073,18.675395833464073,02,02,1,0,True,completed
98,known_visit,ACBBA,ideal,1.0,19,361,4,10,acbba_h1_ideal,C:\Users\lottj\Desktop\research\decentralized benchmark\commitment-horizon-study\reference_core_benchmark_pilot\known_visit_10target_300.csv,2,6,13,17.38133751620212,17.38133751620212,03,03,1,0,True,completed
98,known_visit,ACBBA,ideal,1.0,19,361,4,10,acbba_h1_ideal,C:\Users\lottj\Desktop\research\decentralized benchmark\commitment-horizon-study\reference_core_benchmark_pilot\known_visit_10target_300.csv,3,18,6,41.3102661655078,41.3102661655078,00,00,1,0,True,completed
98,known_visit,ACBBA,ideal,1.0,19,361,4,10,acbba_h1_ideal,C:\Users\lottj\Desktop\research\decentralized benchmark\commitment-horizon-study\reference_core_benchmark_pilot\known_visit_10target_300.csv,4,18,12,37.6966936561957,37.6966936561957,02,02,1,0,True,completed
98,known_visit,ACBBA,ideal,1.0,19,361,4,10,acbba_h1_ideal,C:\Users\lottj\Desktop\research\decentralized benchmark\commitment-horizon-study\reference_core_benchmark_pilot\known_visit_10target_300.csv,5,16,5,35.74867975899265,35.74867975899265,00,00,1,0,True,completed
98,known_visit,ACBBA,ideal,1.0,19,361,4,10,acbba_h1_ideal,C:\Users\lottj\Desktop\research\decentralized benchmark\commitment-horizon-study\reference_core_benchmark_pilot\known_visit_10target_300.csv,6,3,9,24.781389277543482,24.781389277543482,01,01,1,0,True,completed
98,known_visit,ACBBA,ideal,1.0,19,361,4,10,acbba_h1_ideal,C:\Users\lottj\Desktop\research\decentralized benchmark\commitment-horizon-study\reference_core_benchmark_pilot\known_visit_10target_300.csv,7,5,7,13.66063392179669,13.66063392179669,01,01,1,0,True,completed
98,known_visit,ACBBA,ideal,1.0,19,361,4,10,acbba_h1_ideal,C:\Users\lottj\Desktop\research\decentralized benchmark\commitment-horizon-study\reference_core_benchmark_pilot\known_visit_10target_300.csv,8,3,1,5.508081547256599,5.508081547256599,00,00,1,0,True,completed
98,known_visit,ACBBA,ideal,1.0,19,361,4,10,acbba_h1_ideal,C:\Users\lottj\Desktop\research\decentralized benchmark\commitment-horizon-study\reference_core_benchmark_pilot\known_visit_10target_300.csv,9,4,1,7.511241025170565,7.511241025170565,00,00,1,0,True,completed
98,known_visit,ACBBA,ideal,1.0,19,361,4,10,acbba_h1_ideal,C:\Users\lottj\Desktop\research\decentralized benchmark\commitment-horizon-study\reference_core_benchmark_pilot\known_visit_10target_300.csv,10,8,1,14.494451350200453,14.494451350200453,00,00,1,0,True,completed
99,known_visit,ACBBA,ideal,1.0,19,361,4,10,acbba_h1_ideal,C:\Users\lottj\Desktop\research\decentralized benchmark\commitment-horizon-study\reference_core_benchmark_pilot\known_visit_10target_300.csv,1,8,4,15.61346327924704,15.61346327924704,01,01,1,0,True,completed
99,known_visit,ACBBA,ideal,1.0,19,361,4,10,acbba_h1_ideal,C:\Users\lottj\Desktop\research\decentralized benchmark\commitment-horizon-study\reference_core_benchmark_pilot\known_visit_10target_300.csv,2,10,9,20.491585794738356,20.491585794738356,02,02,1,0,True,completed
99,known_visit,ACBBA,ideal,1.0,19,361,4,10,acbba_h1_ideal,C:\Users\lottj\Desktop\research\decentralized benchmark\commitment-horizon-study\reference_core_benchmark_pilot\known_visit_10target_300.csv,3,2,0,1.9064047393617665,1.9064047393617665,00,00,1,0,True,completed
99,known_visit,ACBBA,ideal,1.0,19,361,4,10,acbba_h1_ideal,C:\Users\lottj\Desktop\research\decentralized benchmark\commitment-horizon-study\reference_core_benchmark_pilot\known_visit_10target_300.csv,4,17,7,37.18078020192332,37.18078020192332,01,01,1,0,True,completed
99,known_visit,ACBBA,ideal,1.0,19,361,4,10,acbba_h1_ideal,C:\Users\lottj\Desktop\research\decentralized benchmark\commitment-horizon-study\reference_core_benchmark_pilot\known_visit_10target_300.csv,5,15,17,25.53217342446119,25.53217342446119,03,03,1,0,True,completed
99,known_visit,ACBBA,ideal,1.0,19,361,4,10,acbba_h1_ideal,C:\Users\lottj\Desktop\research\decentralized benchmark\commitment-horizon-study\reference_core_benchmark_pilot\known_visit_10target_300.csv,6,4,0,5.2760109232418495,5.2760109232418495,00,00,1,0,True,completed
99,known_visit,ACBBA,ideal,1.0,19,361,4,10,acbba_h1_ideal,C:\Users\lottj\Desktop\research\decentralized benchmark\commitment-horizon-study\reference_core_benchmark_pilot\known_visit_10target_300.csv,7,15,3,29.71098882814172,29.71098882814172,00,00,1,0,True,completed
99,known_visit,ACBBA,ideal,1.0,19,361,4,10,acbba_h1_ideal,C:\Users\lottj\Desktop\research\decentralized benchmark\commitment-horizon-study\reference_core_benchmark_pilot\known_visit_10target_300.csv,8,14,1,24.37437568707413,24.37437568707413,00,00,1,0,True,completed
99,known_visit,ACBBA,ideal,1.0,19,361,4,10,acbba_h1_ideal,C:\Users\lottj\Desktop\research\decentralized benchmark\commitment-horizon-study\reference_core_benchmark_pilot\known_visit_10target_300.csv,9,12,11,27.891353743976214,27.891353743976214,02,02,1,0,True,completed
99,known_visit,ACBBA,ideal,1.0,19,361,4,10,acbba_h1_ideal,C:\Users\lottj\Desktop\research\decentralized benchmark\commitment-horizon-study\reference_core_benchmark_pilot\known_visit_10target_300.csv,10,10,18,15.305645565956079,15.305645565956079,03,03,1,0,True,completed
100,known_visit,ACBBA,ideal,1.0,19,361,4,10,acbba_h1_ideal,C:\Users\lottj\Desktop\research\decentralized benchmark\commitment-horizon-study\reference_core_benchmark_pilot\known_visit_10target_300.csv,1,1,6,0.21793810131667382,0.21793810131667382,01,01,1,0,True,completed
100,known_visit,ACBBA,ideal,1.0,19,361,4,10,acbba_h1_ideal,C:\Users\lottj\Desktop\research\decentralized benchmark\commitment-horizon-study\reference_core_benchmark_pilot\known_visit_10target_300.csv,2,10,16,23.724887550889893,23.724887550889893,03,03,1,0,True,completed
100,known_visit,ACBBA,ideal,1.0,19,361,4,10,acbba_h1_ideal,C:\Users\lottj\Desktop\research\decentralized benchmark\commitment-horizon-study\reference_core_benchmark_pilot\known_visit_10target_300.csv,3,15,10,36.12614457946068,36.12614457946068,02,02,1,0,True,completed
100,known_visit,ACBBA,ideal,1.0,19,361,4,10,acbba_h1_ideal,C:\Users\lottj\Desktop\research\decentralized benchmark\commitment-horizon-study\reference_core_benchmark_pilot\known_visit_10target_300.csv,4,3,15,8.92815391439067,8.92815391439067,03,03,1,0,True,completed
100,known_visit,ACBBA,ideal,1.0,19,361,4,10,acbba_h1_ideal,C:\Users\lottj\Desktop\research\decentralized benchmark\commitment-horizon-study\reference_core_benchmark_pilot\known_visit_10target_300.csv,5,7,12,18.460562271424088,18.460562271424088,02,02,1,0,True,completed
100,known_visit,ACBBA,ideal,1.0,19,361,4,10,acbba_h1_ideal,C:\Users\lottj\Desktop\research\decentralized benchmark\commitment-horizon-study\reference_core_benchmark_pilot\known_visit_10target_300.csv,6,4,5,7.233217568243163,7.233217568243163,01,01,1,0,True,completed
100,known_visit,ACBBA,ideal,1.0,19,361,4,10,acbba_h1_ideal,C:\Users\lottj\Desktop\research\decentralized benchmark\commitment-horizon-study\reference_core_benchmark_pilot\known_visit_10target_300.csv,7,4,9,18.324773367112403,18.324773367112403,01,01,1,0,True,completed
100,known_visit,ACBBA,ideal,1.0,19,361,4,10,acbba_h1_ideal,C:\Users\lottj\Desktop\research\decentralized benchmark\commitment-horizon-study\reference_core_benchmark_pilot\known_visit_10target_300.csv,8,15,2,27.55384098045609,27.55384098045609,00,00,1,0,True,completed
100,known_visit,ACBBA,ideal,1.0,19,361,4,10,acbba_h1_ideal,C:\Users\lottj\Desktop\research\decentralized benchmark\commitment-horizon-study\reference_core_benchmark_pilot\known_visit_10target_300.csv,9,9,16,21.653475400560776,21.653475400560776,03,03,1,0,True,completed
100,known_visit,ACBBA,ideal,1.0,19,361,4,10,acbba_h1_ideal,C:\Users\lottj\Desktop\research\decentralized benchmark\commitment-horizon-study\reference_core_benchmark_pilot\known_visit_10target_300.csv,10,6,2,12.247909212258609,12.247909212258609,00,00,1,0,True,completed
101,known_visit,ACBBA,ideal,1.0,19,361,4,10,acbba_h1_ideal,C:\Users\lottj\Desktop\research\decentralized benchmark\commitment-horizon-study\reference_core_benchmark_pilot\known_visit_10target_300.csv,1,13,8,28.523243284172842,28.523243284172842,01,01,1,0,True,completed
101,known_visit,ACBBA,ideal,1.0,19,361,4,10,acbba_h1_ideal,C:\Users\lottj\Desktop\research\decentralized benchmark\commitment-horizon-study\reference_core_benchmark_pilot\known_visit_10target_300.csv,2,15,8,32.25828644866412,32.25828644866412,01,01,1,0,True,completed
101,known_visit,ACBBA,ideal,1.0,19,361,4,10,acbba_h1_ideal,C:\Users\lottj\Desktop\research\decentralized benchmark\commitment-horizon-study\reference_core_benchmark_pilot\known_visit_10target_300.csv,3,11,14,24.976329228958946,24.976329228958946,03,03,1,0,True,completed
101,known_visit,ACBBA,ideal,1.0,19,361,4,10,acbba_h1_ideal,C:\Users\lottj\Desktop\research\decentralized benchmark\commitment-horizon-study\reference_core_benchmark_pilot\known_visit_10target_300.csv,4,8,12,19.83104741001001,19.83104741001001,02,02,1,0,True,completed
101,known_visit,ACBBA,ideal,1.0,19,361,4,10,acbba_h1_ideal,C:\Users\lottj\Desktop\research\decentralized benchmark\commitment-horizon-study\reference_core_benchmark_pilot\known_visit_10target_300.csv,5,16,8,33.88038484643008,33.88038484643008,01,01,1,0,True,completed
101,known_visit,ACBBA,ideal,1.0,19,361,4,10,acbba_h1_ideal,C:\Users\lottj\Desktop\research\decentralized benchmark\commitment-horizon-study\reference_core_benchmark_pilot\known_visit_10target_300.csv,6,18,6,40.90613471370244,40.90613471370244,01,01,1,0,True,completed
101,known_visit,ACBBA,ideal,1.0,19,361,4,10,acbba_h1_ideal,C:\Users\lottj\Desktop\research\decentralized benchmark\commitment-horizon-study\reference_core_benchmark_pilot\known_visit_10target_300.csv,7,15,0,28.535388544474646,28.535388544474646,00,00,1,0,True,completed
101,known_visit,ACBBA,ideal,1.0,19,361,4,10,acbba_h1_ideal,C:\Users\lottj\Desktop\research\decentralized benchmark\commitment-horizon-study\reference_core_benchmark_pilot\known_visit_10target_300.csv,8,4,14,8.761860000511447,8.761860000511447,02,02,1,0,True,completed
101,known_visit,ACBBA,ideal,1.0,19,361,4,10,acbba_h1_ideal,C:\Users\lottj\Desktop\research\decentralized benchmark\commitment-horizon-study\reference_core_benchmark_pilot\known_visit_10target_300.csv,9,4,1,7.342743759043852,7.342743759043852,00,00,1,0,True,completed
101,known_visit,ACBBA,ideal,1.0,19,361,4,10,acbba_h1_ideal,C:\Users\lottj\Desktop\research\decentralized benchmark\commitment-horizon-study\reference_core_benchmark_pilot\known_visit_10target_300.csv,10,3,5,5.411400321378391,5.411400321378391,01,01,1,0,True,completed
102,known_visit,ACBBA,ideal,1.0,19,361,4,10,acbba_h1_ideal,C:\Users\lottj\Desktop\research\decentralized benchmark\commitment-horizon-study\reference_core_benchmark_pilot\known_visit_10target_300.csv,1,0,10,2.3490669187115003,2.3490669187115003,02,02,1,0,True,completed
102,known_visit,ACBBA,ideal,1.0,19,361,4,10,acbba_h1_ideal,C:\Users\lottj\Desktop\research\decentralized benchmark\commitment-horizon-study\reference_core_benchmark_pilot\known_visit_10target_300.csv,2,4,2,8.657165124297512,8.657165124297512,00,00,1,0,True,completed
102,known_visit,ACBBA,ideal,1.0,19,361,4,10,acbba_h1_ideal,C:\Users\lottj\Desktop\research\decentralized benchmark\commitment-horizon-study\reference_core_benchmark_pilot\known_visit_10target_300.csv,3,13,5,27.17459494892219,27.17459494892219,01,01,1,0,True,completed
102,known_visit,ACBBA,ideal,1.0,19,361,4,10,acbba_h1_ideal,C:\Users\lottj\Desktop\research\decentralized benchmark\commitment-horizon-study\reference_core_benchmark_pilot\known_visit_10target_300.csv,4,5,14,17.952827271580794,17.952827271580794,03,03,1,0,True,completed
102,known_visit,ACBBA,ideal,1.0,19,361,4,10,acbba_h1_ideal,C:\Users\lottj\Desktop\research\decentralized benchmark\commitment-horizon-study\reference_core_benchmark_pilot\known_visit_10target_300.csv,5,8,9,21.568302607687432,21.568302607687432,02,02,1,0,True,completed
102,known_visit,ACBBA,ideal,1.0,19,361,4,10,acbba_h1_ideal,C:\Users\lottj\Desktop\research\decentralized benchmark\commitment-horizon-study\reference_core_benchmark_pilot\known_visit_10target_300.csv,6,2,5,4.021468788247897,4.021468788247897,01,01,1,0,True,completed
102,known_visit,ACBBA,ideal,1.0,19,361,4,10,acbba_h1_ideal,C:\Users\lottj\Desktop\research\decentralized benchmark\commitment-horizon-study\reference_core_benchmark_pilot\known_visit_10target_300.csv,7,9,5,20.21374230017594,20.21374230017594,01,01,1,0,True,completed
102,known_visit,ACBBA,ideal,1.0,19,361,4,10,acbba_h1_ideal,C:\Users\lottj\Desktop\research\decentralized benchmark\commitment-horizon-study\reference_core_benchmark_pilot\known_visit_10target_300.csv,8,16,6,34.237840284168435,34.237840284168435,01,01,1,0,True,completed
102,known_visit,ACBBA,ideal,1.0,19,361,4,10,acbba_h1_ideal,C:\Users\lottj\Desktop\research\decentralized benchmark\commitment-horizon-study\reference_core_benchmark_pilot\known_visit_10target_300.csv,9,6,18,8.638988769172412,8.638988769172412,03,03,1,0,True,completed
102,known_visit,ACBBA,ideal,1.0,19,361,4,10,acbba_h1_ideal,C:\Users\lottj\Desktop\research\decentralized benchmark\commitment-horizon-study\reference_core_benchmark_pilot\known_visit_10target_300.csv,10,4,8,12.80811456181572,12.80811456181572,02,02,1,0,True,completed
103,known_visit,ACBBA,ideal,1.0,19,361,4,10,acbba_h1_ideal,C:\Users\lottj\Desktop\research\decentralized benchmark\commitment-horizon-study\reference_core_benchmark_pilot\known_visit_10target_300.csv,1,9,8,25.607328617952206,25.607328617952206,01,01,1,0,True,completed
103,known_visit,ACBBA,ideal,1.0,19,361,4,10,acbba_h1_ideal,C:\Users\lottj\Desktop\research\decentralized benchmark\commitment-horizon-study\reference_core_benchmark_pilot\known_visit_10target_300.csv,2,1,14,7.964332402724564,7.964332402724564,02,02,1,0,True,completed
103,known_visit,ACBBA,ideal,1.0,19,361,4,10,acbba_h1_ideal,C:\Users\lottj\Desktop\research\decentralized benchmark\commitment-horizon-study\reference_core_benchmark_pilot\known_visit_10target_300.csv,3,8,10,19.995402467484375,19.995402467484375,01,01,1,0,True,completed
103,known_visit,ACBBA,ideal,1.0,19,361,4,10,acbba_h1_ideal,C:\Users\lottj\Desktop\research\decentralized benchmark\commitment-horizon-study\reference_core_benchmark_pilot\known_visit_10target_300.csv,4,18,6,40.136483969871534,40.136483969871534,00,00,1,0,True,completed
103,known_visit,ACBBA,ideal,1.0,19,361,4,10,acbba_h1_ideal,C:\Users\lottj\Desktop\research\decentralized benchmark\commitment-horizon-study\reference_core_benchmark_pilot\known_visit_10target_300.csv,5,2,13,11.687543866164887,11.687543866164887,02,02,1,0,True,completed
103,known_visit,ACBBA,ideal,1.0,19,361,4,10,acbba_h1_ideal,C:\Users\lottj\Desktop\research\decentralized benchmark\commitment-horizon-study\reference_core_benchmark_pilot\known_visit_10target_300.csv,6,7,9,16.270050935118345,16.270050935118345,01,01,1,0,True,completed
103,known_visit,ACBBA,ideal,1.0,19,361,4,10,acbba_h1_ideal,C:\Users\lottj\Desktop\research\decentralized benchmark\commitment-horizon-study\reference_core_benchmark_pilot\known_visit_10target_300.csv,7,10,6,26.405874264159543,26.405874264159543,00,00,1,0,True,completed
103,known_visit,ACBBA,ideal,1.0,19,361,4,10,acbba_h1_ideal,C:\Users\lottj\Desktop\research\decentralized benchmark\commitment-horizon-study\reference_core_benchmark_pilot\known_visit_10target_300.csv,8,4,1,7.3320330925187465,7.3320330925187465,00,00,1,0,True,completed
103,known_visit,ACBBA,ideal,1.0,19,361,4,10,acbba_h1_ideal,C:\Users\lottj\Desktop\research\decentralized benchmark\commitment-horizon-study\reference_core_benchmark_pilot\known_visit_10target_300.csv,9,6,8,12.386656017206164,12.386656017206164,01,01,1,0,True,completed
103,known_visit,ACBBA,ideal,1.0,19,361,4,10,acbba_h1_ideal,C:\Users\lottj\Desktop\research\decentralized benchmark\commitment-horizon-study\reference_core_benchmark_pilot\known_visit_10target_300.csv,10,0,15,3.82143368614286,3.82143368614286,02,02,1,0,True,completed
104,known_visit,ACBBA,ideal,1.0,19,361,4,10,acbba_h1_ideal,C:\Users\lottj\Desktop\research\decentralized benchmark\commitment-horizon-study\reference_core_benchmark_pilot\known_visit_10target_300.csv,1,0,2,2.1805251960330256,2.1805251960330256,00,00,1,0,True,completed
104,known_visit,ACBBA,ideal,1.0,19,361,4,10,acbba_h1_ideal,C:\Users\lottj\Desktop\research\decentralized benchmark\commitment-horizon-study\reference_core_benchmark_pilot\known_visit_10target_300.csv,2,5,0,14.860511369953246,14.860511369953246,00,00,1,0,True,completed
104,known_visit,ACBBA,ideal,1.0,19,361,4,10,acbba_h1_ideal,C:\Users\lottj\Desktop\research\decentralized benchmark\commitment-horizon-study\reference_core_benchmark_pilot\known_visit_10target_300.csv,3,10,12,23.755263081564916,23.755263081564916,02,02,1,0,True,completed
104,known_visit,ACBBA,ideal,1.0,19,361,4,10,acbba_h1_ideal,C:\Users\lottj\Desktop\research\decentralized benchmark\commitment-horizon-study\reference_core_benchmark_pilot\known_visit_10target_300.csv,4,9,13,19.937223529847373,19.937223529847373,02,02,1,0,True,completed
104,known_visit,ACBBA,ideal,1.0,19,361,4,10,acbba_h1_ideal,C:\Users\lottj\Desktop\research\decentralized benchmark\commitment-horizon-study\reference_core_benchmark_pilot\known_visit_10target_300.csv,5,17,11,37.742001017221625,37.742001017221625,02,02,1,0,True,completed
104,known_visit,ACBBA,ideal,1.0,19,361,4,10,acbba_h1_ideal,C:\Users\lottj\Desktop\research\decentralized benchmark\commitment-horizon-study\reference_core_benchmark_pilot\known_visit_10target_300.csv,6,6,1,17.756398408439797,17.756398408439797,01,01,1,0,True,completed
104,known_visit,ACBBA,ideal,1.0,19,361,4,10,acbba_h1_ideal,C:\Users\lottj\Desktop\research\decentralized benchmark\commitment-horizon-study\reference_core_benchmark_pilot\known_visit_10target_300.csv,7,4,11,7.194077035399807,7.194077035399807,02,02,1,0,True,completed
104,known_visit,ACBBA,ideal,1.0,19,361,4,10,acbba_h1_ideal,C:\Users\lottj\Desktop\research\decentralized benchmark\commitment-horizon-study\reference_core_benchmark_pilot\known_visit_10target_300.csv,8,8,13,17.8936216221714,17.8936216221714,02,02,1,0,True,completed
104,known_visit,ACBBA,ideal,1.0,19,361,4,10,acbba_h1_ideal,C:\Users\lottj\Desktop\research\decentralized benchmark\commitment-horizon-study\reference_core_benchmark_pilot\known_visit_10target_300.csv,9,18,11,39.39383068482649,39.39383068482649,02,02,1,0,True,completed
104,known_visit,ACBBA,ideal,1.0,19,361,4,10,acbba_h1_ideal,C:\Users\lottj\Desktop\research\decentralized benchmark\commitment-horizon-study\reference_core_benchmark_pilot\known_visit_10target_300.csv,10,4,3,10.705337322579998,10.705337322579998,01,01,1,0,True,completed
105,known_visit,ACBBA,ideal,1.0,19,361,4,10,acbba_h1_ideal,C:\Users\lottj\Desktop\research\decentralized benchmark\commitment-horizon-study\reference_core_benchmark_pilot\known_visit_10target_300.csv,1,6,2,12.76885151548716,12.76885151548716,00,00,1,0,True,completed
105,known_visit,ACBBA,ideal,1.0,19,361,4,10,acbba_h1_ideal,C:\Users\lottj\Desktop\research\decentralized benchmark\commitment-horizon-study\reference_core_benchmark_pilot\known_visit_10target_300.csv,2,4,2,9.24962727690161,9.24962727690161,00,00,1,0,True,completed
105,known_visit,ACBBA,ideal,1.0,19,361,4,10,acbba_h1_ideal,C:\Users\lottj\Desktop\research\decentralized benchmark\commitment-horizon-study\reference_core_benchmark_pilot\known_visit_10target_300.csv,3,11,6,27.8312558072131,27.8312558072131,02,02,1,0,True,completed
105,known_visit,ACBBA,ideal,1.0,19,361,4,10,acbba_h1_ideal,C:\Users\lottj\Desktop\research\decentralized benchmark\commitment-horizon-study\reference_core_benchmark_pilot\known_visit_10target_300.csv,4,13,2,24.604982993603773,24.604982993603773,00,00,1,0,True,completed
105,known_visit,ACBBA,ideal,1.0,19,361,4,10,acbba_h1_ideal,C:\Users\lottj\Desktop\research\decentralized benchmark\commitment-horizon-study\reference_core_benchmark_pilot\known_visit_10target_300.csv,5,3,4,7.274930571970263,7.274930571970263,01,01,1,0,True,completed
105,known_visit,ACBBA,ideal,1.0,19,361,4,10,acbba_h1_ideal,C:\Users\lottj\Desktop\research\decentralized benchmark\commitment-horizon-study\reference_core_benchmark_pilot\known_visit_10target_300.csv,6,4,11,7.255470291153397,7.255470291153397,02,02,1,0,True,completed
105,known_visit,ACBBA,ideal,1.0,19,361,4,10,acbba_h1_ideal,C:\Users\lottj\Desktop\research\decentralized benchmark\commitment-horizon-study\reference_core_benchmark_pilot\known_visit_10target_300.csv,7,15,5,33.52728581589928,33.52728581589928,00,00,1,0,True,completed
105,known_visit,ACBBA,ideal,1.0,19,361,4,10,acbba_h1_ideal,C:\Users\lottj\Desktop\research\decentralized benchmark\commitment-horizon-study\reference_core_benchmark_pilot\known_visit_10target_300.csv,8,18,11,41.46944781401433,41.46944781401433,03,03,1,0,True,completed
105,known_visit,ACBBA,ideal,1.0,19,361,4,10,acbba_h1_ideal,C:\Users\lottj\Desktop\research\decentralized benchmark\commitment-horizon-study\reference_core_benchmark_pilot\known_visit_10target_300.csv,9,12,16,22.61251098093565,22.61251098093565,03,03,1,0,True,completed
105,known_visit,ACBBA,ideal,1.0,19,361,4,10,acbba_h1_ideal,C:\Users\lottj\Desktop\research\decentralized benchmark\commitment-horizon-study\reference_core_benchmark_pilot\known_visit_10target_300.csv,10,2,2,5.526911597386177,5.526911597386177,00,00,1,0,True,completed
106,known_visit,ACBBA,ideal,1.0,19,361,4,10,acbba_h1_ideal,C:\Users\lottj\Desktop\research\decentralized benchmark\commitment-horizon-study\reference_core_benchmark_pilot\known_visit_10target_300.csv,1,11,11,26.50863598480293,26.50863598480293,01,01,1,0,True,completed
106,known_visit,ACBBA,ideal,1.0,19,361,4,10,acbba_h1_ideal,C:\Users\lottj\Desktop\research\decentralized benchmark\commitment-horizon-study\reference_core_benchmark_pilot\known_visit_10target_300.csv,2,4,15,15.343955512205946,15.343955512205946,03,03,1,0,True,completed
106,known_visit,ACBBA,ideal,1.0,19,361,4,10,acbba_h1_ideal,C:\Users\lottj\Desktop\research\decentralized benchmark\commitment-horizon-study\reference_core_benchmark_pilot\known_visit_10target_300.csv,3,13,10,32.171149214223696,32.171149214223696,01,01,1,0,True,completed
106,known_visit,ACBBA,ideal,1.0,19,361,4,10,acbba_h1_ideal,C:\Users\lottj\Desktop\research\decentralized benchmark\commitment-horizon-study\reference_core_benchmark_pilot\known_visit_10target_300.csv,4,2,1,3.8998490353408966,3.8998490353408966,00,00,1,0,True,completed
106,known_visit,ACBBA,ideal,1.0,19,361,4,10,acbba_h1_ideal,C:\Users\lottj\Desktop\research\decentralized benchmark\commitment-horizon-study\reference_core_benchmark_pilot\known_visit_10target_300.csv,5,17,4,42.193308852748046,42.193308852748046,00,00,1,0,True,completed
106,known_visit,ACBBA,ideal,1.0,19,361,4,10,acbba_h1_ideal,C:\Users\lottj\Desktop\research\decentralized benchmark\commitment-horizon-study\reference_core_benchmark_pilot\known_visit_10target_300.csv,6,15,6,34.87600541497792,34.87600541497792,00,00,1,0,True,completed
106,known_visit,ACBBA,ideal,1.0,19,361,4,10,acbba_h1_ideal,C:\Users\lottj\Desktop\research\decentralized benchmark\commitment-horizon-study\reference_core_benchmark_pilot\known_visit_10target_300.csv,7,6,13,15.163402677384381,15.163402677384381,02,02,1,0,True,completed
106,known_visit,ACBBA,ideal,1.0,19,361,4,10,acbba_h1_ideal,C:\Users\lottj\Desktop\research\decentralized benchmark\commitment-horizon-study\reference_core_benchmark_pilot\known_visit_10target_300.csv,8,18,5,46.18788045190127,46.18788045190127,00,00,1,0,True,completed
106,known_visit,ACBBA,ideal,1.0,19,361,4,10,acbba_h1_ideal,C:\Users\lottj\Desktop\research\decentralized benchmark\commitment-horizon-study\reference_core_benchmark_pilot\known_visit_10target_300.csv,9,9,3,19.389047022764746,19.389047022764746,00,00,1,0,True,completed
106,known_visit,ACBBA,ideal,1.0,19,361,4,10,acbba_h1_ideal,C:\Users\lottj\Desktop\research\decentralized benchmark\commitment-horizon-study\reference_core_benchmark_pilot\known_visit_10target_300.csv,10,11,7,19.773049173475147,19.773049173475147,01,01,1,0,True,completed
107,known_visit,ACBBA,ideal,1.0,19,361,4,10,acbba_h1_ideal,C:\Users\lottj\Desktop\research\decentralized benchmark\commitment-horizon-study\reference_core_benchmark_pilot\known_visit_10target_300.csv,1,11,9,22.7658083003374,22.7658083003374,01,01,1,0,True,completed
107,known_visit,ACBBA,ideal,1.0,19,361,4,10,acbba_h1_ideal,C:\Users\lottj\Desktop\research\decentralized benchmark\commitment-horizon-study\reference_core_benchmark_pilot\known_visit_10target_300.csv,2,13,8,28.305054719826035,28.305054719826035,01,01,1,0,True,completed
107,known_visit,ACBBA,ideal,1.0,19,361,4,10,acbba_h1_ideal,C:\Users\lottj\Desktop\research\decentralized benchmark\commitment-horizon-study\reference_core_benchmark_pilot\known_visit_10target_300.csv,3,15,11,36.46550939145111,36.46550939145111,03,03,1,0,True,completed
107,known_visit,ACBBA,ideal,1.0,19,361,4,10,acbba_h1_ideal,C:\Users\lottj\Desktop\research\decentralized benchmark\commitment-horizon-study\reference_core_benchmark_pilot\known_visit_10target_300.csv,4,17,2,48.77988522325113,48.77988522325113,00,00,1,0,True,completed
107,known_visit,ACBBA,ideal,1.0,19,361,4,10,acbba_h1_ideal,C:\Users\lottj\Desktop\research\decentralized benchmark\commitment-horizon-study\reference_core_benchmark_pilot\known_visit_10target_300.csv,5,3,15,8.871149539153617,8.871149539153617,02,02,1,0,True,completed
107,known_visit,ACBBA,ideal,1.0,19,361,4,10,acbba_h1_ideal,C:\Users\lottj\Desktop\research\decentralized benchmark\commitment-horizon-study\reference_core_benchmark_pilot\known_visit_10target_300.csv,6,15,7,33.933997078375825,33.933997078375825,01,01,1,0,True,completed
107,known_visit,ACBBA,ideal,1.0,19,361,4,10,acbba_h1_ideal,C:\Users\lottj\Desktop\research\decentralized benchmark\commitment-horizon-study\reference_core_benchmark_pilot\known_visit_10target_300.csv,7,11,16,20.60117293415003,20.60117293415003,03,03,2,1,True,completed
107,known_visit,ACBBA,ideal,1.0,19,361,4,10,acbba_h1_ideal,C:\Users\lottj\Desktop\research\decentralized benchmark\commitment-horizon-study\reference_core_benchmark_pilot\known_visit_10target_300.csv,8,14,14,29.471860910380613,29.471860910380613,03,03,1,0,True,completed
107,known_visit,ACBBA,ideal,1.0,19,361,4,10,acbba_h1_ideal,C:\Users\lottj\Desktop\research\decentralized benchmark\commitment-horizon-study\reference_core_benchmark_pilot\known_visit_10target_300.csv,9,9,5,22.616517122964467,22.616517122964467,00,00,1,0,True,completed
107,known_visit,ACBBA,ideal,1.0,19,361,4,10,acbba_h1_ideal,C:\Users\lottj\Desktop\research\decentralized benchmark\commitment-horizon-study\reference_core_benchmark_pilot\known_visit_10target_300.csv,10,1,8,3.6632979136252732,3.6632979136252732,01,01,1,0,True,completed
108,known_visit,ACBBA,ideal,1.0,19,361,4,10,acbba_h1_ideal,C:\Users\lottj\Desktop\research\decentralized benchmark\commitment-horizon-study\reference_core_benchmark_pilot\known_visit_10target_300.csv,1,1,12,0.22051196594597972,0.22051196594597972,02,02,1,0,True,completed
108,known_visit,ACBBA,ideal,1.0,19,361,4,10,acbba_h1_ideal,C:\Users\lottj\Desktop\research\decentralized benchmark\commitment-horizon-study\reference_core_benchmark_pilot\known_visit_10target_300.csv,2,0,14,5.810712719405673,5.810712719405673,02,02,1,0,True,completed
108,known_visit,ACBBA,ideal,1.0,19,361,4,10,acbba_h1_ideal,C:\Users\lottj\Desktop\research\decentralized benchmark\commitment-horizon-study\reference_core_benchmark_pilot\known_visit_10target_300.csv,3,8,16,16.815155975658957,16.815155975658957,03,03,1,0,True,completed
108,known_visit,ACBBA,ideal,1.0,19,361,4,10,acbba_h1_ideal,C:\Users\lottj\Desktop\research\decentralized benchmark\commitment-horizon-study\reference_core_benchmark_pilot\known_visit_10target_300.csv,4,11,12,29.216049368228465,29.216049368228465,03,03,1,0,True,completed
108,known_visit,ACBBA,ideal,1.0,19,361,4,10,acbba_h1_ideal,C:\Users\lottj\Desktop\research\decentralized benchmark\commitment-horizon-study\reference_core_benchmark_pilot\known_visit_10target_300.csv,5,11,14,25.525217770276743,25.525217770276743,03,03,1,0,True,completed
108,known_visit,ACBBA,ideal,1.0,19,361,4,10,acbba_h1_ideal,C:\Users\lottj\Desktop\research\decentralized benchmark\commitment-horizon-study\reference_core_benchmark_pilot\known_visit_10target_300.csv,6,4,17,7.814257158544702,7.814257158544702,03,03,1,0,True,completed
108,known_visit,ACBBA,ideal,1.0,19,361,4,10,acbba_h1_ideal,C:\Users\lottj\Desktop\research\decentralized benchmark\commitment-horizon-study\reference_core_benchmark_pilot\known_visit_10target_300.csv,7,2,7,3.7129325454145157,3.7129325454145157,01,01,1,0,True,completed
108,known_visit,ACBBA,ideal,1.0,19,361,4,10,acbba_h1_ideal,C:\Users\lottj\Desktop\research\decentralized benchmark\commitment-horizon-study\reference_core_benchmark_pilot\known_visit_10target_300.csv,8,8,7,18.494009751317336,18.494009751317336,01,01,1,0,True,completed
108,known_visit,ACBBA,ideal,1.0,19,361,4,10,acbba_h1_ideal,C:\Users\lottj\Desktop\research\decentralized benchmark\commitment-horizon-study\reference_core_benchmark_pilot\known_visit_10target_300.csv,9,6,6,12.755689704537101,12.755689704537101,01,01,1,0,True,completed
108,known_visit,ACBBA,ideal,1.0,19,361,4,10,acbba_h1_ideal,C:\Users\lottj\Desktop\research\decentralized benchmark\commitment-horizon-study\reference_core_benchmark_pilot\known_visit_10target_300.csv,10,9,0,13.723299712472194,13.723299712472194,00,00,1,0,True,completed
109,known_visit,ACBBA,ideal,1.0,19,361,4,10,acbba_h1_ideal,C:\Users\lottj\Desktop\research\decentralized benchmark\commitment-horizon-study\reference_core_benchmark_pilot\known_visit_10target_300.csv,1,4,3,10.68353846063392,10.68353846063392,00,00,1,0,True,completed
109,known_visit,ACBBA,ideal,1.0,19,361,4,10,acbba_h1_ideal,C:\Users\lottj\Desktop\research\decentralized benchmark\commitment-horizon-study\reference_core_benchmark_pilot\known_visit_10target_300.csv,2,13,16,24.32172695848839,24.32172695848839,03,03,1,0,True,completed
109,known_visit,ACBBA,ideal,1.0,19,361,4,10,acbba_h1_ideal,C:\Users\lottj\Desktop\research\decentralized benchmark\commitment-horizon-study\reference_core_benchmark_pilot\known_visit_10target_300.csv,3,13,2,28.754379385410374,28.754379385410374,00,00,1,0,True,completed
109,known_visit,ACBBA,ideal,1.0,19,361,4,10,acbba_h1_ideal,C:\Users\lottj\Desktop\research\decentralized benchmark\commitment-horizon-study\reference_core_benchmark_pilot\known_visit_10target_300.csv,4,13,4,24.531418773437533,24.531418773437533,01,01,1,0,True,completed
109,known_visit,ACBBA,ideal,1.0,19,361,4,10,acbba_h1_ideal,C:\Users\lottj\Desktop\research\decentralized benchmark\commitment-horizon-study\reference_core_benchmark_pilot\known_visit_10target_300.csv,5,5,11,9.212161163722294,9.212161163722294,02,02,1,0,True,completed
109,known_visit,ACBBA,ideal,1.0,19,361,4,10,acbba_h1_ideal,C:\Users\lottj\Desktop\research\decentralized benchmark\commitment-horizon-study\reference_core_benchmark_pilot\known_visit_10target_300.csv,6,15,6,32.48678592887903,32.48678592887903,01,01,1,0,True,completed
109,known_visit,ACBBA,ideal,1.0,19,361,4,10,acbba_h1_ideal,C:\Users\lottj\Desktop\research\decentralized benchmark\commitment-horizon-study\reference_core_benchmark_pilot\known_visit_10target_300.csv,7,17,5,38.0781787941945,38.0781787941945,01,01,1,0,True,completed
109,known_visit,ACBBA,ideal,1.0,19,361,4,10,acbba_h1_ideal,C:\Users\lottj\Desktop\research\decentralized benchmark\commitment-horizon-study\reference_core_benchmark_pilot\known_visit_10target_300.csv,8,14,7,31.821425565576845,31.821425565576845,02,02,1,0,True,completed
109,known_visit,ACBBA,ideal,1.0,19,361,4,10,acbba_h1_ideal,C:\Users\lottj\Desktop\research\decentralized benchmark\commitment-horizon-study\reference_core_benchmark_pilot\known_visit_10target_300.csv,9,17,17,33.524488279332914,33.524488279332914,03,03,1,0,True,completed
109,known_visit,ACBBA,ideal,1.0,19,361,4,10,acbba_h1_ideal,C:\Users\lottj\Desktop\research\decentralized benchmark\commitment-horizon-study\reference_core_benchmark_pilot\known_visit_10target_300.csv,10,4,0,5.188844325316328,5.188844325316328,00,00,1,0,True,completed
110,known_visit,ACBBA,ideal,1.0,19,361,4,10,acbba_h1_ideal,C:\Users\lottj\Desktop\research\decentralized benchmark\commitment-horizon-study\reference_core_benchmark_pilot\known_visit_10target_300.csv,1,11,14,24.723021690062335,24.723021690062335,02,02,1,0,True,completed
110,known_visit,ACBBA,ideal,1.0,19,361,4,10,acbba_h1_ideal,C:\Users\lottj\Desktop\research\decentralized benchmark\commitment-horizon-study\reference_core_benchmark_pilot\known_visit_10target_300.csv,2,0,14,2.135786357904291,2.135786357904291,02,02,1,0,True,completed
110,known_visit,ACBBA,ideal,1.0,19,361,4,10,acbba_h1_ideal,C:\Users\lottj\Desktop\research\decentralized benchmark\commitment-horizon-study\reference_core_benchmark_pilot\known_visit_10target_300.csv,3,12,11,31.851245313135394,31.851245313135394,02,02,1,0,True,completed
110,known_visit,ACBBA,ideal,1.0,19,361,4,10,acbba_h1_ideal,C:\Users\lottj\Desktop\research\decentralized benchmark\commitment-horizon-study\reference_core_benchmark_pilot\known_visit_10target_300.csv,4,7,1,20.090115973433356,20.090115973433356,00,00,1,0,True,completed
110,known_visit,ACBBA,ideal,1.0,19,361,4,10,acbba_h1_ideal,C:\Users\lottj\Desktop\research\decentralized benchmark\commitment-horizon-study\reference_core_benchmark_pilot\known_visit_10target_300.csv,5,6,3,14.494284989944992,14.494284989944992,00,00,1,0,True,completed
110,known_visit,ACBBA,ideal,1.0,19,361,4,10,acbba_h1_ideal,C:\Users\lottj\Desktop\research\decentralized benchmark\commitment-horizon-study\reference_core_benchmark_pilot\known_visit_10target_300.csv,6,8,10,27.198307068906708,27.198307068906708,01,01,1,0,True,completed
110,known_visit,ACBBA,ideal,1.0,19,361,4,10,acbba_h1_ideal,C:\Users\lottj\Desktop\research\decentralized benchmark\commitment-horizon-study\reference_core_benchmark_pilot\known_visit_10target_300.csv,7,10,17,21.612993909668905,21.612993909668905,03,03,1,0,True,completed
110,known_visit,ACBBA,ideal,1.0,19,361,4,10,acbba_h1_ideal,C:\Users\lottj\Desktop\research\decentralized benchmark\commitment-horizon-study\reference_core_benchmark_pilot\known_visit_10target_300.csv,8,8,7,22.267674940088405,22.267674940088405,01,01,1,0,True,completed
110,known_visit,ACBBA,ideal,1.0,19,361,4,10,acbba_h1_ideal,C:\Users\lottj\Desktop\research\decentralized benchmark\commitment-horizon-study\reference_core_benchmark_pilot\known_visit_10target_300.csv,9,4,3,10.75393074616296,10.75393074616296,00,00,1,0,True,completed
110,known_visit,ACBBA,ideal,1.0,19,361,4,10,acbba_h1_ideal,C:\Users\lottj\Desktop\research\decentralized benchmark\commitment-horizon-study\reference_core_benchmark_pilot\known_visit_10target_300.csv,10,7,15,16.01195772573942,16.01195772573942,02,02,1,0,True,completed
111,known_visit,ACBBA,ideal,1.0,19,361,4,10,acbba_h1_ideal,C:\Users\lottj\Desktop\research\decentralized benchmark\commitment-horizon-study\reference_core_benchmark_pilot\known_visit_10target_300.csv,1,14,9,27.96777181955388,27.96777181955388,01,01,1,0,True,completed
111,known_visit,ACBBA,ideal,1.0,19,361,4,10,acbba_h1_ideal,C:\Users\lottj\Desktop\research\decentralized benchmark\commitment-horizon-study\reference_core_benchmark_pilot\known_visit_10target_300.csv,2,5,6,6.921288529423449,6.921288529423449,01,01,1,0,True,completed
111,known_visit,ACBBA,ideal,1.0,19,361,4,10,acbba_h1_ideal,C:\Users\lottj\Desktop\research\decentralized benchmark\commitment-horizon-study\reference_core_benchmark_pilot\known_visit_10target_300.csv,3,7,18,10.277296323437273,10.277296323437273,03,03,1,0,True,completed
111,known_visit,ACBBA,ideal,1.0,19,361,4,10,acbba_h1_ideal,C:\Users\lottj\Desktop\research\decentralized benchmark\commitment-horizon-study\reference_core_benchmark_pilot\known_visit_10target_300.csv,4,16,14,29.59934322851902,29.59934322851902,02,02,1,0,True,completed
111,known_visit,ACBBA,ideal,1.0,19,361,4,10,acbba_h1_ideal,C:\Users\lottj\Desktop\research\decentralized benchmark\commitment-horizon-study\reference_core_benchmark_pilot\known_visit_10target_300.csv,5,18,17,30.844310170003325,30.844310170003325,03,03,1,0,True,completed
111,known_visit,ACBBA,ideal,1.0,19,361,4,10,acbba_h1_ideal,C:\Users\lottj\Desktop\research\decentralized benchmark\commitment-horizon-study\reference_core_benchmark_pilot\known_visit_10target_300.csv,6,13,7,22.62868085968996,22.62868085968996,01,01,1,0,True,completed
111,known_visit,ACBBA,ideal,1.0,19,361,4,10,acbba_h1_ideal,C:\Users\lottj\Desktop\research\decentralized benchmark\commitment-horizon-study\reference_core_benchmark_pilot\known_visit_10target_300.csv,7,1,6,0.1851476747979977,0.1851476747979977,01,01,1,0,True,completed
111,known_visit,ACBBA,ideal,1.0,19,361,4,10,acbba_h1_ideal,C:\Users\lottj\Desktop\research\decentralized benchmark\commitment-horizon-study\reference_core_benchmark_pilot\known_visit_10target_300.csv,8,10,6,15.565737476568444,15.565737476568444,01,01,1,0,True,completed
111,known_visit,ACBBA,ideal,1.0,19,361,4,10,acbba_h1_ideal,C:\Users\lottj\Desktop\research\decentralized benchmark\commitment-horizon-study\reference_core_benchmark_pilot\known_visit_10target_300.csv,9,15,1,26.257632177698913,26.257632177698913,00,00,1,0,True,completed
111,known_visit,ACBBA,ideal,1.0,19,361,4,10,acbba_h1_ideal,C:\Users\lottj\Desktop\research\decentralized benchmark\commitment-horizon-study\reference_core_benchmark_pilot\known_visit_10target_300.csv,10,2,14,5.6029798006187,5.6029798006187,02,02,1,0,True,completed
112,known_visit,ACBBA,ideal,1.0,19,361,4,10,acbba_h1_ideal,C:\Users\lottj\Desktop\research\decentralized benchmark\commitment-horizon-study\reference_core_benchmark_pilot\known_visit_10target_300.csv,1,7,8,21.105890970545676,21.105890970545676,01,01,1,0,True,completed
112,known_visit,ACBBA,ideal,1.0,19,361,4,10,acbba_h1_ideal,C:\Users\lottj\Desktop\research\decentralized benchmark\commitment-horizon-study\reference_core_benchmark_pilot\known_visit_10target_300.csv,2,7,18,14.641818536862568,14.641818536862568,03,03,1,0,True,completed
112,known_visit,ACBBA,ideal,1.0,19,361,4,10,acbba_h1_ideal,C:\Users\lottj\Desktop\research\decentralized benchmark\commitment-horizon-study\reference_core_benchmark_pilot\known_visit_10target_300.csv,3,17,8,40.192809343044864,40.192809343044864,02,02,1,0,True,completed
112,known_visit,ACBBA,ideal,1.0,19,361,4,10,acbba_h1_ideal,C:\Users\lottj\Desktop\research\decentralized benchmark\commitment-horizon-study\reference_core_benchmark_pilot\known_visit_10target_300.csv,4,7,6,20.954920850412904,20.954920850412904,00,00,1,0,True,completed
112,known_visit,ACBBA,ideal,1.0,19,361,4,10,acbba_h1_ideal,C:\Users\lottj\Desktop\research\decentralized benchmark\commitment-horizon-study\reference_core_benchmark_pilot\known_visit_10target_300.csv,5,3,10,10.590701416672294,10.590701416672294,01,01,1,0,True,completed
112,known_visit,ACBBA,ideal,1.0,19,361,4,10,acbba_h1_ideal,C:\Users\lottj\Desktop\research\decentralized benchmark\commitment-horizon-study\reference_core_benchmark_pilot\known_visit_10target_300.csv,6,1,17,2.130286818275375,2.130286818275375,03,03,1,0,True,completed
112,known_visit,ACBBA,ideal,1.0,19,361,4,10,acbba_h1_ideal,C:\Users\lottj\Desktop\research\decentralized benchmark\commitment-horizon-study\reference_core_benchmark_pilot\known_visit_10target_300.csv,7,1,13,2.1329927964418283,2.1329927964418283,02,02,1,0,True,completed
112,known_visit,ACBBA,ideal,1.0,19,361,4,10,acbba_h1_ideal,C:\Users\lottj\Desktop\research\decentralized benchmark\commitment-horizon-study\reference_core_benchmark_pilot\known_visit_10target_300.csv,8,15,7,36.94559911516758,36.94559911516758,01,01,1,0,True,completed
112,known_visit,ACBBA,ideal,1.0,19,361,4,10,acbba_h1_ideal,C:\Users\lottj\Desktop\research\decentralized benchmark\commitment-horizon-study\reference_core_benchmark_pilot\known_visit_10target_300.csv,9,16,15,35.68521079607042,35.68521079607042,03,03,1,0,True,completed
112,known_visit,ACBBA,ideal,1.0,19,361,4,10,acbba_h1_ideal,C:\Users\lottj\Desktop\research\decentralized benchmark\commitment-horizon-study\reference_core_benchmark_pilot\known_visit_10target_300.csv,10,12,4,33.52096830423882,33.52096830423882,00,00,1,0,True,completed
113,known_visit,ACBBA,ideal,1.0,19,361,4,10,acbba_h1_ideal,C:\Users\lottj\Desktop\research\decentralized benchmark\commitment-horizon-study\reference_core_benchmark_pilot\known_visit_10target_300.csv,1,14,3,27.41497467879428,27.41497467879428,00,00,2,1,True,completed
113,known_visit,ACBBA,ideal,1.0,19,361,4,10,acbba_h1_ideal,C:\Users\lottj\Desktop\research\decentralized benchmark\commitment-horizon-study\reference_core_benchmark_pilot\known_visit_10target_300.csv,2,8,0,11.754938719267493,11.754938719267493,00,00,1,0,True,completed
113,known_visit,ACBBA,ideal,1.0,19,361,4,10,acbba_h1_ideal,C:\Users\lottj\Desktop\research\decentralized benchmark\commitment-horizon-study\reference_core_benchmark_pilot\known_visit_10target_300.csv,3,1,15,5.480439405600775,5.480439405600775,02,02,1,0,True,completed
113,known_visit,ACBBA,ideal,1.0,19,361,4,10,acbba_h1_ideal,C:\Users\lottj\Desktop\research\decentralized benchmark\commitment-horizon-study\reference_core_benchmark_pilot\known_visit_10target_300.csv,4,14,13,31.98348685358866,31.98348685358866,02,02,1,0,True,completed
113,known_visit,ACBBA,ideal,1.0,19,361,4,10,acbba_h1_ideal,C:\Users\lottj\Desktop\research\decentralized benchmark\commitment-horizon-study\reference_core_benchmark_pilot\known_visit_10target_300.csv,5,17,8,43.55715621586029,43.55715621586029,01,01,1,0,True,completed
113,known_visit,ACBBA,ideal,1.0,19,361,4,10,acbba_h1_ideal,C:\Users\lottj\Desktop\research\decentralized benchmark\commitment-horizon-study\reference_core_benchmark_pilot\known_visit_10target_300.csv,6,18,9,45.71077201125977,45.71077201125977,03,03,1,0,True,completed
113,known_visit,ACBBA,ideal,1.0,19,361,4,10,acbba_h1_ideal,C:\Users\lottj\Desktop\research\decentralized benchmark\commitment-horizon-study\reference_core_benchmark_pilot\known_visit_10target_300.csv,7,17,15,33.491667503379404,33.491667503379404,03,03,1,0,True,completed
113,known_visit,ACBBA,ideal,1.0,19,361,4,10,acbba_h1_ideal,C:\Users\lottj\Desktop\research\decentralized benchmark\commitment-horizon-study\reference_core_benchmark_pilot\known_visit_10target_300.csv,8,5,17,9.28464691816202,9.28464691816202,03,03,1,0,True,completed
113,known_visit,ACBBA,ideal,1.0,19,361,4,10,acbba_h1_ideal,C:\Users\lottj\Desktop\research\decentralized benchmark\commitment-horizon-study\reference_core_benchmark_pilot\known_visit_10target_300.csv,9,13,0,34.652779159173846,34.652779159173846,00,00,1,0,True,completed
113,known_visit,ACBBA,ideal,1.0,19,361,4,10,acbba_h1_ideal,C:\Users\lottj\Desktop\research\decentralized benchmark\commitment-horizon-study\reference_core_benchmark_pilot\known_visit_10target_300.csv,10,10,3,20.36777931008891,20.36777931008891,00,00,1,0,True,completed
114,known_visit,ACBBA,ideal,1.0,19,361,4,10,acbba_h1_ideal,C:\Users\lottj\Desktop\research\decentralized benchmark\commitment-horizon-study\reference_core_benchmark_pilot\known_visit_10target_300.csv,1,14,10,33.78279114325023,33.78279114325023,02,02,1,0,True,completed
114,known_visit,ACBBA,ideal,1.0,19,361,4,10,acbba_h1_ideal,C:\Users\lottj\Desktop\research\decentralized benchmark\commitment-horizon-study\reference_core_benchmark_pilot\known_visit_10target_300.csv,2,4,4,8.642380628490416,8.642380628490416,01,01,2,1,True,completed
114,known_visit,ACBBA,ideal,1.0,19,361,4,10,acbba_h1_ideal,C:\Users\lottj\Desktop\research\decentralized benchmark\commitment-horizon-study\reference_core_benchmark_pilot\known_visit_10target_300.csv,3,15,4,31.998108962116884,31.998108962116884,01,01,1,0,True,completed
114,known_visit,ACBBA,ideal,1.0,19,361,4,10,acbba_h1_ideal,C:\Users\lottj\Desktop\research\decentralized benchmark\commitment-horizon-study\reference_core_benchmark_pilot\known_visit_10target_300.csv,4,17,13,40.78979788297025,40.78979788297025,03,03,1,0,True,completed
114,known_visit,ACBBA,ideal,1.0,19,361,4,10,acbba_h1_ideal,C:\Users\lottj\Desktop\research\decentralized benchmark\commitment-horizon-study\reference_core_benchmark_pilot\known_visit_10target_300.csv,5,2,2,5.711540899912858,5.711540899912858,00,00,1,0,True,completed
114,known_visit,ACBBA,ideal,1.0,19,361,4,10,acbba_h1_ideal,C:\Users\lottj\Desktop\research\decentralized benchmark\commitment-horizon-study\reference_core_benchmark_pilot\known_visit_10target_300.csv,6,13,3,30.219816733504974,30.219816733504974,00,00,1,0,True,completed
114,known_visit,ACBBA,ideal,1.0,19,361,4,10,acbba_h1_ideal,C:\Users\lottj\Desktop\research\decentralized benchmark\commitment-horizon-study\reference_core_benchmark_pilot\known_visit_10target_300.csv,7,11,5,22.960295664313744,22.960295664313744,01,01,1,0,True,completed
114,known_visit,ACBBA,ideal,1.0,19,361,4,10,acbba_h1_ideal,C:\Users\lottj\Desktop\research\decentralized benchmark\commitment-horizon-study\reference_core_benchmark_pilot\known_visit_10target_300.csv,8,10,13,17.64337743053494,17.64337743053494,02,02,2,1,True,completed
114,known_visit,ACBBA,ideal,1.0,19,361,4,10,acbba_h1_ideal,C:\Users\lottj\Desktop\research\decentralized benchmark\commitment-horizon-study\reference_core_benchmark_pilot\known_visit_10target_300.csv,9,9,15,19.330938913648556,19.330938913648556,03,03,1,0,True,completed
114,known_visit,ACBBA,ideal,1.0,19,361,4,10,acbba_h1_ideal,C:\Users\lottj\Desktop\research\decentralized benchmark\commitment-horizon-study\reference_core_benchmark_pilot\known_visit_10target_300.csv,10,18,18,51.74746004505495,51.74746004505495,03,03,1,0,True,completed
115,known_visit,ACBBA,ideal,1.0,19,361,4,10,acbba_h1_ideal,C:\Users\lottj\Desktop\research\decentralized benchmark\commitment-horizon-study\reference_core_benchmark_pilot\known_visit_10target_300.csv,1,15,5,33.10300674861218,33.10300674861218,00,00,1,0,True,completed
115,known_visit,ACBBA,ideal,1.0,19,361,4,10,acbba_h1_ideal,C:\Users\lottj\Desktop\research\decentralized benchmark\commitment-horizon-study\reference_core_benchmark_pilot\known_visit_10target_300.csv,2,8,6,12.17615459294599,12.17615459294599,01,01,1,0,True,completed
115,known_visit,ACBBA,ideal,1.0,19,361,4,10,acbba_h1_ideal,C:\Users\lottj\Desktop\research\decentralized benchmark\commitment-horizon-study\reference_core_benchmark_pilot\known_visit_10target_300.csv,3,11,3,22.721166618314484,22.721166618314484,00,00,1,0,True,completed
115,known_visit,ACBBA,ideal,1.0,19,361,4,10,acbba_h1_ideal,C:\Users\lottj\Desktop\research\decentralized benchmark\commitment-horizon-study\reference_core_benchmark_pilot\known_visit_10target_300.csv,4,7,6,10.443131747858864,10.443131747858864,01,01,1,0,True,completed
115,known_visit,ACBBA,ideal,1.0,19,361,4,10,acbba_h1_ideal,C:\Users\lottj\Desktop\research\decentralized benchmark\commitment-horizon-study\reference_core_benchmark_pilot\known_visit_10target_300.csv,5,8,10,19.251573617940878,19.251573617940878,01,01,1,0,True,completed
115,known_visit,ACBBA,ideal,1.0,19,361,4,10,acbba_h1_ideal,C:\Users\lottj\Desktop\research\decentralized benchmark\commitment-horizon-study\reference_core_benchmark_pilot\known_visit_10target_300.csv,6,11,9,26.793528346497627,26.793528346497627,01,01,1,0,True,completed
115,known_visit,ACBBA,ideal,1.0,19,361,4,10,acbba_h1_ideal,C:\Users\lottj\Desktop\research\decentralized benchmark\commitment-horizon-study\reference_core_benchmark_pilot\known_visit_10target_300.csv,7,10,16,22.95391621476144,22.95391621476144,02,02,1,0,True,completed
115,known_visit,ACBBA,ideal,1.0,19,361,4,10,acbba_h1_ideal,C:\Users\lottj\Desktop\research\decentralized benchmark\commitment-horizon-study\reference_core_benchmark_pilot\known_visit_10target_300.csv,8,1,16,3.847809218712486,3.847809218712486,03,03,1,0,True,completed
115,known_visit,ACBBA,ideal,1.0,19,361,4,10,acbba_h1_ideal,C:\Users\lottj\Desktop\research\decentralized benchmark\commitment-horizon-study\reference_core_benchmark_pilot\known_visit_10target_300.csv,9,2,17,8.002033630829859,8.002033630829859,03,03,1,0,True,completed
115,known_visit,ACBBA,ideal,1.0,19,361,4,10,acbba_h1_ideal,C:\Users\lottj\Desktop\research\decentralized benchmark\commitment-horizon-study\reference_core_benchmark_pilot\known_visit_10target_300.csv,10,11,13,30.41243630355304,30.41243630355304,02,02,1,0,True,completed
116,known_visit,ACBBA,ideal,1.0,19,361,4,10,acbba_h1_ideal,C:\Users\lottj\Desktop\research\decentralized benchmark\commitment-horizon-study\reference_core_benchmark_pilot\known_visit_10target_300.csv,1,18,2,32.763295254819624,32.763295254819624,00,00,1,0,True,completed
116,known_visit,ACBBA,ideal,1.0,19,361,4,10,acbba_h1_ideal,C:\Users\lottj\Desktop\research\decentralized benchmark\commitment-horizon-study\reference_core_benchmark_pilot\known_visit_10target_300.csv,2,14,16,33.551827868182734,33.551827868182734,03,03,1,0,True,completed
116,known_visit,ACBBA,ideal,1.0,19,361,4,10,acbba_h1_ideal,C:\Users\lottj\Desktop\research\decentralized benchmark\commitment-horizon-study\reference_core_benchmark_pilot\known_visit_10target_300.csv,3,14,0,22.140221628705344,22.140221628705344,00,00,1,0,True,completed
116,known_visit,ACBBA,ideal,1.0,19,361,4,10,acbba_h1_ideal,C:\Users\lottj\Desktop\research\decentralized benchmark\commitment-horizon-study\reference_core_benchmark_pilot\known_visit_10target_300.csv,4,6,14,12.17188716112137,12.17188716112137,02,02,2,1,True,completed
116,known_visit,ACBBA,ideal,1.0,19,361,4,10,acbba_h1_ideal,C:\Users\lottj\Desktop\research\decentralized benchmark\commitment-horizon-study\reference_core_benchmark_pilot\known_visit_10target_300.csv,5,4,16,8.857118275995006,8.857118275995006,03,03,1,0,True,completed
116,known_visit,ACBBA,ideal,1.0,19,361,4,10,acbba_h1_ideal,C:\Users\lottj\Desktop\research\decentralized benchmark\commitment-horizon-study\reference_core_benchmark_pilot\known_visit_10target_300.csv,6,14,9,28.04620643112053,28.04620643112053,01,01,1,0,True,completed
116,known_visit,ACBBA,ideal,1.0,19,361,4,10,acbba_h1_ideal,C:\Users\lottj\Desktop\research\decentralized benchmark\commitment-horizon-study\reference_core_benchmark_pilot\known_visit_10target_300.csv,7,6,13,10.564876325597359,10.564876325597359,02,02,1,0,True,completed
116,known_visit,ACBBA,ideal,1.0,19,361,4,10,acbba_h1_ideal,C:\Users\lottj\Desktop\research\decentralized benchmark\commitment-horizon-study\reference_core_benchmark_pilot\known_visit_10target_300.csv,8,8,12,19.446171001915282,19.446171001915282,02,02,1,0,True,completed
116,known_visit,ACBBA,ideal,1.0,19,361,4,10,acbba_h1_ideal,C:\Users\lottj\Desktop\research\decentralized benchmark\commitment-horizon-study\reference_core_benchmark_pilot\known_visit_10target_300.csv,9,8,8,15.61466181310392,15.61466181310392,01,01,1,0,True,completed
116,known_visit,ACBBA,ideal,1.0,19,361,4,10,acbba_h1_ideal,C:\Users\lottj\Desktop\research\decentralized benchmark\commitment-horizon-study\reference_core_benchmark_pilot\known_visit_10target_300.csv,10,7,0,10.263568984806916,10.263568984806916,00,00,1,0,True,completed
117,known_visit,ACBBA,ideal,1.0,19,361,4,10,acbba_h1_ideal,C:\Users\lottj\Desktop\research\decentralized benchmark\commitment-horizon-study\reference_core_benchmark_pilot\known_visit_10target_300.csv,1,18,5,38.641410519099345,38.641410519099345,00,00,1,0,True,completed
117,known_visit,ACBBA,ideal,1.0,19,361,4,10,acbba_h1_ideal,C:\Users\lottj\Desktop\research\decentralized benchmark\commitment-horizon-study\reference_core_benchmark_pilot\known_visit_10target_300.csv,2,2,15,7.24652596904575,7.24652596904575,03,03,1,0,True,completed
117,known_visit,ACBBA,ideal,1.0,19,361,4,10,acbba_h1_ideal,C:\Users\lottj\Desktop\research\decentralized benchmark\commitment-horizon-study\reference_core_benchmark_pilot\known_visit_10target_300.csv,3,14,17,31.72004364411478,31.72004364411478,03,03,1,0,True,completed
117,known_visit,ACBBA,ideal,1.0,19,361,4,10,acbba_h1_ideal,C:\Users\lottj\Desktop\research\decentralized benchmark\commitment-horizon-study\reference_core_benchmark_pilot\known_visit_10target_300.csv,4,8,4,15.749229622769981,15.749229622769981,01,01,1,0,True,completed
117,known_visit,ACBBA,ideal,1.0,19,361,4,10,acbba_h1_ideal,C:\Users\lottj\Desktop\research\decentralized benchmark\commitment-horizon-study\reference_core_benchmark_pilot\known_visit_10target_300.csv,5,18,17,38.977791603259774,38.977791603259774,03,03,1,0,True,completed
117,known_visit,ACBBA,ideal,1.0,19,361,4,10,acbba_h1_ideal,C:\Users\lottj\Desktop\research\decentralized benchmark\commitment-horizon-study\reference_core_benchmark_pilot\known_visit_10target_300.csv,6,9,13,20.129238173395382,20.129238173395382,02,02,1,0,True,completed
117,known_visit,ACBBA,ideal,1.0,19,361,4,10,acbba_h1_ideal,C:\Users\lottj\Desktop\research\decentralized benchmark\commitment-horizon-study\reference_core_benchmark_pilot\known_visit_10target_300.csv,7,2,13,3.8595910980543584,3.8595910980543584,02,02,1,0,True,completed
117,known_visit,ACBBA,ideal,1.0,19,361,4,10,acbba_h1_ideal,C:\Users\lottj\Desktop\research\decentralized benchmark\commitment-horizon-study\reference_core_benchmark_pilot\known_visit_10target_300.csv,8,16,14,34.24116817083539,34.24116817083539,02,02,1,0,True,completed
117,known_visit,ACBBA,ideal,1.0,19,361,4,10,acbba_h1_ideal,C:\Users\lottj\Desktop\research\decentralized benchmark\commitment-horizon-study\reference_core_benchmark_pilot\known_visit_10target_300.csv,9,10,8,26.478704510991395,26.478704510991395,01,01,1,0,True,completed
117,known_visit,ACBBA,ideal,1.0,19,361,4,10,acbba_h1_ideal,C:\Users\lottj\Desktop\research\decentralized benchmark\commitment-horizon-study\reference_core_benchmark_pilot\known_visit_10target_300.csv,10,3,2,7.2588608388424305,7.2588608388424305,00,00,1,0,True,completed
118,known_visit,ACBBA,ideal,1.0,19,361,4,10,acbba_h1_ideal,C:\Users\lottj\Desktop\research\decentralized benchmark\commitment-horizon-study\reference_core_benchmark_pilot\known_visit_10target_300.csv,1,1,7,2.276760541407977,2.276760541407977,01,01,1,0,True,completed
118,known_visit,ACBBA,ideal,1.0,19,361,4,10,acbba_h1_ideal,C:\Users\lottj\Desktop\research\decentralized benchmark\commitment-horizon-study\reference_core_benchmark_pilot\known_visit_10target_300.csv,2,14,3,28.58204797609254,28.58204797609254,00,00,1,0,True,completed
118,known_visit,ACBBA,ideal,1.0,19,361,4,10,acbba_h1_ideal,C:\Users\lottj\Desktop\research\decentralized benchmark\commitment-horizon-study\reference_core_benchmark_pilot\known_visit_10target_300.csv,3,8,16,15.83519199022123,15.83519199022123,03,03,1,0,True,completed
118,known_visit,ACBBA,ideal,1.0,19,361,4,10,acbba_h1_ideal,C:\Users\lottj\Desktop\research\decentralized benchmark\commitment-horizon-study\reference_core_benchmark_pilot\known_visit_10target_300.csv,4,17,10,38.94476702139812,38.94476702139812,02,02,1,0,True,completed
118,known_visit,ACBBA,ideal,1.0,19,361,4,10,acbba_h1_ideal,C:\Users\lottj\Desktop\research\decentralized benchmark\commitment-horizon-study\reference_core_benchmark_pilot\known_visit_10target_300.csv,5,3,5,9.79977524965556,9.79977524965556,01,01,1,0,True,completed
118,known_visit,ACBBA,ideal,1.0,19,361,4,10,acbba_h1_ideal,C:\Users\lottj\Desktop\research\decentralized benchmark\commitment-horizon-study\reference_core_benchmark_pilot\known_visit_10target_300.csv,6,12,8,26.573174109483258,26.573174109483258,02,02,1,0,True,completed
118,known_visit,ACBBA,ideal,1.0,19,361,4,10,acbba_h1_ideal,C:\Users\lottj\Desktop\research\decentralized benchmark\commitment-horizon-study\reference_core_benchmark_pilot\known_visit_10target_300.csv,7,18,7,39.548989451782965,39.548989451782965,01,01,1,0,True,completed
118,known_visit,ACBBA,ideal,1.0,19,361,4,10,acbba_h1_ideal,C:\Users\lottj\Desktop\research\decentralized benchmark\commitment-horizon-study\reference_core_benchmark_pilot\known_visit_10target_300.csv,8,8,10,16.171231747467353,16.171231747467353,02,02,1,0,True,completed
118,known_visit,ACBBA,ideal,1.0,19,361,4,10,acbba_h1_ideal,C:\Users\lottj\Desktop\research\decentralized benchmark\commitment-horizon-study\reference_core_benchmark_pilot\known_visit_10target_300.csv,9,12,1,21.36974834137003,21.36974834137003,00,00,1,0,True,completed
118,known_visit,ACBBA,ideal,1.0,19,361,4,10,acbba_h1_ideal,C:\Users\lottj\Desktop\research\decentralized benchmark\commitment-horizon-study\reference_core_benchmark_pilot\known_visit_10target_300.csv,10,12,5,25.498124772820553,25.498124772820553,01,01,1,0,True,completed
119,known_visit,ACBBA,ideal,1.0,19,361,4,10,acbba_h1_ideal,C:\Users\lottj\Desktop\research\decentralized benchmark\commitment-horizon-study\reference_core_benchmark_pilot\known_visit_10target_300.csv,1,1,1,2.2600867913710183,2.2600867913710183,00,00,1,0,True,completed
119,known_visit,ACBBA,ideal,1.0,19,361,4,10,acbba_h1_ideal,C:\Users\lottj\Desktop\research\decentralized benchmark\commitment-horizon-study\reference_core_benchmark_pilot\known_visit_10target_300.csv,2,11,8,25.351440632253297,25.351440632253297,02,02,1,0,True,completed
119,known_visit,ACBBA,ideal,1.0,19,361,4,10,acbba_h1_ideal,C:\Users\lottj\Desktop\research\decentralized benchmark\commitment-horizon-study\reference_core_benchmark_pilot\known_visit_10target_300.csv,3,15,6,32.89117238491525,32.89117238491525,01,01,1,0,True,completed
119,known_visit,ACBBA,ideal,1.0,19,361,4,10,acbba_h1_ideal,C:\Users\lottj\Desktop\research\decentralized benchmark\commitment-horizon-study\reference_core_benchmark_pilot\known_visit_10target_300.csv,4,6,9,14.590299539236176,14.590299539236176,02,02,1,0,True,completed
119,known_visit,ACBBA,ideal,1.0,19,361,4,10,acbba_h1_ideal,C:\Users\lottj\Desktop\research\decentralized benchmark\commitment-horizon-study\reference_core_benchmark_pilot\known_visit_10target_300.csv,5,18,11,41.843843715276115,41.843843715276115,03,03,1,0,True,completed
119,known_visit,ACBBA,ideal,1.0,19,361,4,10,acbba_h1_ideal,C:\Users\lottj\Desktop\research\decentralized benchmark\commitment-horizon-study\reference_core_benchmark_pilot\known_visit_10target_300.csv,6,4,18,5.199523278403744,5.199523278403744,03,03,1,0,True,completed
119,known_visit,ACBBA,ideal,1.0,19,361,4,10,acbba_h1_ideal,C:\Users\lottj\Desktop\research\decentralized benchmark\commitment-horizon-study\reference_core_benchmark_pilot\known_visit_10target_300.csv,7,17,17,29.773668988231638,29.773668988231638,03,03,1,0,True,completed
119,known_visit,ACBBA,ideal,1.0,19,361,4,10,acbba_h1_ideal,C:\Users\lottj\Desktop\research\decentralized benchmark\commitment-horizon-study\reference_core_benchmark_pilot\known_visit_10target_300.csv,8,16,17,27.80389849325904,27.80389849325904,03,03,1,0,True,completed
119,known_visit,ACBBA,ideal,1.0,19,361,4,10,acbba_h1_ideal,C:\Users\lottj\Desktop\research\decentralized benchmark\commitment-horizon-study\reference_core_benchmark_pilot\known_visit_10target_300.csv,9,3,6,7.939274088940457,7.939274088940457,01,01,1,0,True,completed
119,known_visit,ACBBA,ideal,1.0,19,361,4,10,acbba_h1_ideal,C:\Users\lottj\Desktop\research\decentralized benchmark\commitment-horizon-study\reference_core_benchmark_pilot\known_visit_10target_300.csv,10,2,7,3.899653300297276,3.899653300297276,01,01,1,0,True,completed
120,known_visit,ACBBA,ideal,1.0,19,361,4,10,acbba_h1_ideal,C:\Users\lottj\Desktop\research\decentralized benchmark\commitment-horizon-study\reference_core_benchmark_pilot\known_visit_10target_300.csv,1,7,9,16.05570174385265,16.05570174385265,01,01,1,0,True,completed
120,known_visit,ACBBA,ideal,1.0,19,361,4,10,acbba_h1_ideal,C:\Users\lottj\Desktop\research\decentralized benchmark\commitment-horizon-study\reference_core_benchmark_pilot\known_visit_10target_300.csv,2,5,18,11.223947587749057,11.223947587749057,03,03,1,0,True,completed
120,known_visit,ACBBA,ideal,1.0,19,361,4,10,acbba_h1_ideal,C:\Users\lottj\Desktop\research\decentralized benchmark\commitment-horizon-study\reference_core_benchmark_pilot\known_visit_10target_300.csv,3,8,4,26.59006636501731,26.59006636501731,01,01,1,0,True,completed
120,known_visit,ACBBA,ideal,1.0,19,361,4,10,acbba_h1_ideal,C:\Users\lottj\Desktop\research\decentralized benchmark\commitment-horizon-study\reference_core_benchmark_pilot\known_visit_10target_300.csv,4,6,8,12.398745355401303,12.398745355401303,01,01,1,0,True,completed
120,known_visit,ACBBA,ideal,1.0,19,361,4,10,acbba_h1_ideal,C:\Users\lottj\Desktop\research\decentralized benchmark\commitment-horizon-study\reference_core_benchmark_pilot\known_visit_10target_300.csv,5,9,0,13.315749419279236,13.315749419279236,00,00,1,0,True,completed
120,known_visit,ACBBA,ideal,1.0,19,361,4,10,acbba_h1_ideal,C:\Users\lottj\Desktop\research\decentralized benchmark\commitment-horizon-study\reference_core_benchmark_pilot\known_visit_10target_300.csv,6,13,9,26.74151751322683,26.74151751322683,02,02,1,0,True,completed
120,known_visit,ACBBA,ideal,1.0,19,361,4,10,acbba_h1_ideal,C:\Users\lottj\Desktop\research\decentralized benchmark\commitment-horizon-study\reference_core_benchmark_pilot\known_visit_10target_300.csv,7,11,15,27.30618528415758,27.30618528415758,03,03,1,0,True,completed
120,known_visit,ACBBA,ideal,1.0,19,361,4,10,acbba_h1_ideal,C:\Users\lottj\Desktop\research\decentralized benchmark\commitment-horizon-study\reference_core_benchmark_pilot\known_visit_10target_300.csv,8,13,14,32.74464060383653,32.74464060383653,03,03,1,0,True,completed
120,known_visit,ACBBA,ideal,1.0,19,361,4,10,acbba_h1_ideal,C:\Users\lottj\Desktop\research\decentralized benchmark\commitment-horizon-study\reference_core_benchmark_pilot\known_visit_10target_300.csv,9,11,1,18.720711977047856,18.720711977047856,00,00,1,0,True,completed
120,known_visit,ACBBA,ideal,1.0,19,361,4,10,acbba_h1_ideal,C:\Users\lottj\Desktop\research\decentralized benchmark\commitment-horizon-study\reference_core_benchmark_pilot\known_visit_10target_300.csv,10,2,17,3.9738606041449205,3.9738606041449205,03,03,1,0,True,completed
121,known_visit,ACBBA,ideal,1.0,19,361,4,10,acbba_h1_ideal,C:\Users\lottj\Desktop\research\decentralized benchmark\commitment-horizon-study\reference_core_benchmark_pilot\known_visit_10target_300.csv,1,2,4,5.505170902483731,5.505170902483731,01,01,1,0,True,completed
121,known_visit,ACBBA,ideal,1.0,19,361,4,10,acbba_h1_ideal,C:\Users\lottj\Desktop\research\decentralized benchmark\commitment-horizon-study\reference_core_benchmark_pilot\known_visit_10target_300.csv,2,11,9,26.585471639997607,26.585471639997607,02,02,1,0,True,completed
121,known_visit,ACBBA,ideal,1.0,19,361,4,10,acbba_h1_ideal,C:\Users\lottj\Desktop\research\decentralized benchmark\commitment-horizon-study\reference_core_benchmark_pilot\known_visit_10target_300.csv,3,12,0,23.712062198565924,23.712062198565924,00,00,1,0,True,completed
121,known_visit,ACBBA,ideal,1.0,19,361,4,10,acbba_h1_ideal,C:\Users\lottj\Desktop\research\decentralized benchmark\commitment-horizon-study\reference_core_benchmark_pilot\known_visit_10target_300.csv,4,7,13,12.633147840229169,12.633147840229169,02,02,2,1,True,completed
121,known_visit,ACBBA,ideal,1.0,19,361,4,10,acbba_h1_ideal,C:\Users\lottj\Desktop\research\decentralized benchmark\commitment-horizon-study\reference_core_benchmark_pilot\known_visit_10target_300.csv,5,1,17,2.145692969164695,2.145692969164695,03,03,1,0,True,completed
121,known_visit,ACBBA,ideal,1.0,19,361,4,10,acbba_h1_ideal,C:\Users\lottj\Desktop\research\decentralized benchmark\commitment-horizon-study\reference_core_benchmark_pilot\known_visit_10target_300.csv,6,13,1,27.460202767016053,27.460202767016053,00,00,1,0,True,completed
121,known_visit,ACBBA,ideal,1.0,19,361,4,10,acbba_h1_ideal,C:\Users\lottj\Desktop\research\decentralized benchmark\commitment-horizon-study\reference_core_benchmark_pilot\known_visit_10target_300.csv,7,13,0,25.508902085922468,25.508902085922468,00,00,1,0,True,completed
121,known_visit,ACBBA,ideal,1.0,19,361,4,10,acbba_h1_ideal,C:\Users\lottj\Desktop\research\decentralized benchmark\commitment-horizon-study\reference_core_benchmark_pilot\known_visit_10target_300.csv,8,11,6,31.913575128400186,31.913575128400186,02,02,1,0,True,completed
121,known_visit,ACBBA,ideal,1.0,19,361,4,10,acbba_h1_ideal,C:\Users\lottj\Desktop\research\decentralized benchmark\commitment-horizon-study\reference_core_benchmark_pilot\known_visit_10target_300.csv,9,5,1,9.094035060675745,9.094035060675745,00,00,1,0,True,completed
121,known_visit,ACBBA,ideal,1.0,19,361,4,10,acbba_h1_ideal,C:\Users\lottj\Desktop\research\decentralized benchmark\commitment-horizon-study\reference_core_benchmark_pilot\known_visit_10target_300.csv,10,7,0,14.892103371387785,14.892103371387785,00,00,2,1,True,completed
122,known_visit,ACBBA,ideal,1.0,19,361,4,10,acbba_h1_ideal,C:\Users\lottj\Desktop\research\decentralized benchmark\commitment-horizon-study\reference_core_benchmark_pilot\known_visit_10target_300.csv,1,3,6,3.5160937699420143,3.5160937699420143,01,01,1,0,True,completed
122,known_visit,ACBBA,ideal,1.0,19,361,4,10,acbba_h1_ideal,C:\Users\lottj\Desktop\research\decentralized benchmark\commitment-horizon-study\reference_core_benchmark_pilot\known_visit_10target_300.csv,2,14,17,23.94084402176495,23.94084402176495,03,03,1,0,True,completed
122,known_visit,ACBBA,ideal,1.0,19,361,4,10,acbba_h1_ideal,C:\Users\lottj\Desktop\research\decentralized benchmark\commitment-horizon-study\reference_core_benchmark_pilot\known_visit_10target_300.csv,3,17,8,35.0791106958754,35.0791106958754,01,01,1,0,True,completed
122,known_visit,ACBBA,ideal,1.0,19,361,4,10,acbba_h1_ideal,C:\Users\lottj\Desktop\research\decentralized benchmark\commitment-horizon-study\reference_core_benchmark_pilot\known_visit_10target_300.csv,4,16,1,34.94181716545091,34.94181716545091,00,00,1,0,True,completed
122,known_visit,ACBBA,ideal,1.0,19,361,4,10,acbba_h1_ideal,C:\Users\lottj\Desktop\research\decentralized benchmark\commitment-horizon-study\reference_core_benchmark_pilot\known_visit_10target_300.csv,5,13,1,22.61796077124734,22.61796077124734,00,00,1,0,True,completed
122,known_visit,ACBBA,ideal,1.0,19,361,4,10,acbba_h1_ideal,C:\Users\lottj\Desktop\research\decentralized benchmark\commitment-horizon-study\reference_core_benchmark_pilot\known_visit_10target_300.csv,6,7,9,15.62391304536793,15.62391304536793,01,01,1,0,True,completed
122,known_visit,ACBBA,ideal,1.0,19,361,4,10,acbba_h1_ideal,C:\Users\lottj\Desktop\research\decentralized benchmark\commitment-horizon-study\reference_core_benchmark_pilot\known_visit_10target_300.csv,7,1,18,0.15035490078729358,0.15035490078729358,03,03,1,0,True,completed
122,known_visit,ACBBA,ideal,1.0,19,361,4,10,acbba_h1_ideal,C:\Users\lottj\Desktop\research\decentralized benchmark\commitment-horizon-study\reference_core_benchmark_pilot\known_visit_10target_300.csv,8,9,11,15.997740748725832,15.997740748725832,02,02,1,0,True,completed
122,known_visit,ACBBA,ideal,1.0,19,361,4,10,acbba_h1_ideal,C:\Users\lottj\Desktop\research\decentralized benchmark\commitment-horizon-study\reference_core_benchmark_pilot\known_visit_10target_300.csv,9,13,3,26.056497021960546,26.056497021960546,00,00,1,0,True,completed
122,known_visit,ACBBA,ideal,1.0,19,361,4,10,acbba_h1_ideal,C:\Users\lottj\Desktop\research\decentralized benchmark\commitment-horizon-study\reference_core_benchmark_pilot\known_visit_10target_300.csv,10,16,5,42.270839125590236,42.270839125590236,01,01,1,0,True,completed
123,known_visit,ACBBA,ideal,1.0,19,361,4,10,acbba_h1_ideal,C:\Users\lottj\Desktop\research\decentralized benchmark\commitment-horizon-study\reference_core_benchmark_pilot\known_visit_10target_300.csv,1,4,12,9.48992632133094,9.48992632133094,02,02,1,0,True,completed
123,known_visit,ACBBA,ideal,1.0,19,361,4,10,acbba_h1_ideal,C:\Users\lottj\Desktop\research\decentralized benchmark\commitment-horizon-study\reference_core_benchmark_pilot\known_visit_10target_300.csv,2,15,11,30.684446337106397,30.684446337106397,02,02,1,0,True,completed
123,known_visit,ACBBA,ideal,1.0,19,361,4,10,acbba_h1_ideal,C:\Users\lottj\Desktop\research\decentralized benchmark\commitment-horizon-study\reference_core_benchmark_pilot\known_visit_10target_300.csv,3,16,3,35.20477467012039,35.20477467012039,00,00,1,0,True,completed
123,known_visit,ACBBA,ideal,1.0,19,361,4,10,acbba_h1_ideal,C:\Users\lottj\Desktop\research\decentralized benchmark\commitment-horizon-study\reference_core_benchmark_pilot\known_visit_10target_300.csv,4,14,9,35.92414621557124,35.92414621557124,01,01,1,0,True,completed
123,known_visit,ACBBA,ideal,1.0,19,361,4,10,acbba_h1_ideal,C:\Users\lottj\Desktop\research\decentralized benchmark\commitment-horizon-study\reference_core_benchmark_pilot\known_visit_10target_300.csv,5,9,8,25.04181465988122,25.04181465988122,01,01,1,0,True,completed
123,known_visit,ACBBA,ideal,1.0,19,361,4,10,acbba_h1_ideal,C:\Users\lottj\Desktop\research\decentralized benchmark\commitment-horizon-study\reference_core_benchmark_pilot\known_visit_10target_300.csv,6,15,4,31.196106765759296,31.196106765759296,00,00,1,0,True,completed
123,known_visit,ACBBA,ideal,1.0,19,361,4,10,acbba_h1_ideal,C:\Users\lottj\Desktop\research\decentralized benchmark\commitment-horizon-study\reference_core_benchmark_pilot\known_visit_10target_300.csv,7,12,17,21.12199997516032,21.12199997516032,03,03,1,0,True,completed
123,known_visit,ACBBA,ideal,1.0,19,361,4,10,acbba_h1_ideal,C:\Users\lottj\Desktop\research\decentralized benchmark\commitment-horizon-study\reference_core_benchmark_pilot\known_visit_10target_300.csv,8,18,8,41.536871358044564,41.536871358044564,02,02,1,0,True,completed
123,known_visit,ACBBA,ideal,1.0,19,361,4,10,acbba_h1_ideal,C:\Users\lottj\Desktop\research\decentralized benchmark\commitment-horizon-study\reference_core_benchmark_pilot\known_visit_10target_300.csv,9,2,11,3.821121873106548,3.821121873106548,02,02,1,0,True,completed
123,known_visit,ACBBA,ideal,1.0,19,361,4,10,acbba_h1_ideal,C:\Users\lottj\Desktop\research\decentralized benchmark\commitment-horizon-study\reference_core_benchmark_pilot\known_visit_10target_300.csv,10,7,10,17.969615396969107,17.969615396969107,01,01,1,0,True,completed
124,known_visit,ACBBA,ideal,1.0,19,361,4,10,acbba_h1_ideal,C:\Users\lottj\Desktop\research\decentralized benchmark\commitment-horizon-study\reference_core_benchmark_pilot\known_visit_10target_300.csv,1,5,0,11.25496657253591,11.25496657253591,00,00,1,0,True,completed
124,known_visit,ACBBA,ideal,1.0,19,361,4,10,acbba_h1_ideal,C:\Users\lottj\Desktop\research\decentralized benchmark\commitment-horizon-study\reference_core_benchmark_pilot\known_visit_10target_300.csv,2,2,11,4.029475570928174,4.029475570928174,02,02,1,0,True,completed
124,known_visit,ACBBA,ideal,1.0,19,361,4,10,acbba_h1_ideal,C:\Users\lottj\Desktop\research\decentralized benchmark\commitment-horizon-study\reference_core_benchmark_pilot\known_visit_10target_300.csv,3,4,7,7.3529329360333495,7.3529329360333495,01,01,1,0,True,completed
124,known_visit,ACBBA,ideal,1.0,19,361,4,10,acbba_h1_ideal,C:\Users\lottj\Desktop\research\decentralized benchmark\commitment-horizon-study\reference_core_benchmark_pilot\known_visit_10target_300.csv,4,10,14,22.799008113454313,22.799008113454313,03,03,1,0,True,completed
124,known_visit,ACBBA,ideal,1.0,19,361,4,10,acbba_h1_ideal,C:\Users\lottj\Desktop\research\decentralized benchmark\commitment-horizon-study\reference_core_benchmark_pilot\known_visit_10target_300.csv,5,9,14,21.189075397637794,21.189075397637794,03,03,1,0,True,completed
124,known_visit,ACBBA,ideal,1.0,19,361,4,10,acbba_h1_ideal,C:\Users\lottj\Desktop\research\decentralized benchmark\commitment-horizon-study\reference_core_benchmark_pilot\known_visit_10target_300.csv,6,13,18,34.964040620086145,34.964040620086145,03,03,1,0,True,completed
124,known_visit,ACBBA,ideal,1.0,19,361,4,10,acbba_h1_ideal,C:\Users\lottj\Desktop\research\decentralized benchmark\commitment-horizon-study\reference_core_benchmark_pilot\known_visit_10target_300.csv,7,11,12,25.703558135248734,25.703558135248734,02,02,1,0,True,completed
124,known_visit,ACBBA,ideal,1.0,19,361,4,10,acbba_h1_ideal,C:\Users\lottj\Desktop\research\decentralized benchmark\commitment-horizon-study\reference_core_benchmark_pilot\known_visit_10target_300.csv,8,3,1,5.594008907567475,5.594008907567475,00,00,1,0,True,completed
124,known_visit,ACBBA,ideal,1.0,19,361,4,10,acbba_h1_ideal,C:\Users\lottj\Desktop\research\decentralized benchmark\commitment-horizon-study\reference_core_benchmark_pilot\known_visit_10target_300.csv,9,7,15,15.922019639549442,15.922019639549442,03,03,1,0,True,completed
124,known_visit,ACBBA,ideal,1.0,19,361,4,10,acbba_h1_ideal,C:\Users\lottj\Desktop\research\decentralized benchmark\commitment-horizon-study\reference_core_benchmark_pilot\known_visit_10target_300.csv,10,6,3,18.274312048166102,18.274312048166102,01,01,1,0,True,completed
125,known_visit,ACBBA,ideal,1.0,19,361,4,10,acbba_h1_ideal,C:\Users\lottj\Desktop\research\decentralized benchmark\commitment-horizon-study\reference_core_benchmark_pilot\known_visit_10target_300.csv,1,2,11,11.28391967695251,11.28391967695251,02,02,1,0,True,completed
125,known_visit,ACBBA,ideal,1.0,19,361,4,10,acbba_h1_ideal,C:\Users\lottj\Desktop\research\decentralized benchmark\commitment-horizon-study\reference_core_benchmark_pilot\known_visit_10target_300.csv,2,11,10,28.6532682108305,28.6532682108305,02,02,1,0,True,completed
125,known_visit,ACBBA,ideal,1.0,19,361,4,10,acbba_h1_ideal,C:\Users\lottj\Desktop\research\decentralized benchmark\commitment-horizon-study\reference_core_benchmark_pilot\known_visit_10target_300.csv,3,12,4,22.503049039179363,22.503049039179363,01,01,1,0,True,completed
125,known_visit,ACBBA,ideal,1.0,19,361,4,10,acbba_h1_ideal,C:\Users\lottj\Desktop\research\decentralized benchmark\commitment-horizon-study\reference_core_benchmark_pilot\known_visit_10target_300.csv,4,2,0,1.7325910227516554,1.7325910227516554,00,00,1,0,True,completed
125,known_visit,ACBBA,ideal,1.0,19,361,4,10,acbba_h1_ideal,C:\Users\lottj\Desktop\research\decentralized benchmark\commitment-horizon-study\reference_core_benchmark_pilot\known_visit_10target_300.csv,5,12,13,28.440393256828873,28.440393256828873,03,03,1,0,True,completed
125,known_visit,ACBBA,ideal,1.0,19,361,4,10,acbba_h1_ideal,C:\Users\lottj\Desktop\research\decentralized benchmark\commitment-horizon-study\reference_core_benchmark_pilot\known_visit_10target_300.csv,6,14,3,27.57585146220962,27.57585146220962,00,00,1,0,True,completed
125,known_visit,ACBBA,ideal,1.0,19,361,4,10,acbba_h1_ideal,C:\Users\lottj\Desktop\research\decentralized benchmark\commitment-horizon-study\reference_core_benchmark_pilot\known_visit_10target_300.csv,7,17,16,42.91066683640261,42.91066683640261,03,03,1,0,True,completed
125,known_visit,ACBBA,ideal,1.0,19,361,4,10,acbba_h1_ideal,C:\Users\lottj\Desktop\research\decentralized benchmark\commitment-horizon-study\reference_core_benchmark_pilot\known_visit_10target_300.csv,8,18,17,46.61537085493675,46.61537085493675,03,03,1,0,True,completed
125,known_visit,ACBBA,ideal,1.0,19,361,4,10,acbba_h1_ideal,C:\Users\lottj\Desktop\research\decentralized benchmark\commitment-horizon-study\reference_core_benchmark_pilot\known_visit_10target_300.csv,9,0,14,2.3203284856606277,2.3203284856606277,02,02,1,0,True,completed
125,known_visit,ACBBA,ideal,1.0,19,361,4,10,acbba_h1_ideal,C:\Users\lottj\Desktop\research\decentralized benchmark\commitment-horizon-study\reference_core_benchmark_pilot\known_visit_10target_300.csv,10,0,4,2.1151137339522195,2.1151137339522195,01,01,1,0,True,completed
126,known_visit,ACBBA,ideal,1.0,19,361,4,10,acbba_h1_ideal,C:\Users\lottj\Desktop\research\decentralized benchmark\commitment-horizon-study\reference_core_benchmark_pilot\known_visit_10target_300.csv,1,3,2,7.469873930702187,7.469873930702187,00,00,1,0,True,completed
126,known_visit,ACBBA,ideal,1.0,19,361,4,10,acbba_h1_ideal,C:\Users\lottj\Desktop\research\decentralized benchmark\commitment-horizon-study\reference_core_benchmark_pilot\known_visit_10target_300.csv,2,18,8,44.26618304147019,44.26618304147019,01,01,1,0,True,completed
126,known_visit,ACBBA,ideal,1.0,19,361,4,10,acbba_h1_ideal,C:\Users\lottj\Desktop\research\decentralized benchmark\commitment-horizon-study\reference_core_benchmark_pilot\known_visit_10target_300.csv,3,9,6,13.686881322551468,13.686881322551468,01,01,1,0,True,completed
126,known_visit,ACBBA,ideal,1.0,19,361,4,10,acbba_h1_ideal,C:\Users\lottj\Desktop\research\decentralized benchmark\commitment-horizon-study\reference_core_benchmark_pilot\known_visit_10target_300.csv,4,15,4,27.884676188269346,27.884676188269346,01,01,1,0,True,completed
126,known_visit,ACBBA,ideal,1.0,19,361,4,10,acbba_h1_ideal,C:\Users\lottj\Desktop\research\decentralized benchmark\commitment-horizon-study\reference_core_benchmark_pilot\known_visit_10target_300.csv,5,14,6,33.55170235477611,33.55170235477611,01,01,1,0,True,completed
126,known_visit,ACBBA,ideal,1.0,19,361,4,10,acbba_h1_ideal,C:\Users\lottj\Desktop\research\decentralized benchmark\commitment-horizon-study\reference_core_benchmark_pilot\known_visit_10target_300.csv,6,12,0,33.416253753634464,33.416253753634464,00,00,1,0,True,completed
126,known_visit,ACBBA,ideal,1.0,19,361,4,10,acbba_h1_ideal,C:\Users\lottj\Desktop\research\decentralized benchmark\commitment-horizon-study\reference_core_benchmark_pilot\known_visit_10target_300.csv,7,11,4,20.959086967438303,20.959086967438303,01,01,2,1,True,completed
126,known_visit,ACBBA,ideal,1.0,19,361,4,10,acbba_h1_ideal,C:\Users\lottj\Desktop\research\decentralized benchmark\commitment-horizon-study\reference_core_benchmark_pilot\known_visit_10target_300.csv,8,12,18,18.960954445007687,18.960954445007687,03,03,1,0,True,completed
126,known_visit,ACBBA,ideal,1.0,19,361,4,10,acbba_h1_ideal,C:\Users\lottj\Desktop\research\decentralized benchmark\commitment-horizon-study\reference_core_benchmark_pilot\known_visit_10target_300.csv,9,5,15,12.603472224994869,12.603472224994869,02,02,1,0,True,completed
126,known_visit,ACBBA,ideal,1.0,19,361,4,10,acbba_h1_ideal,C:\Users\lottj\Desktop\research\decentralized benchmark\commitment-horizon-study\reference_core_benchmark_pilot\known_visit_10target_300.csv,10,11,11,30.285078366809145,30.285078366809145,02,02,1,0,True,completed
127,known_visit,ACBBA,ideal,1.0,19,361,4,10,acbba_h1_ideal,C:\Users\lottj\Desktop\research\decentralized benchmark\commitment-horizon-study\reference_core_benchmark_pilot\known_visit_10target_300.csv,1,5,16,10.873579683755034,10.873579683755034,03,03,1,0,True,completed
127,known_visit,ACBBA,ideal,1.0,19,361,4,10,acbba_h1_ideal,C:\Users\lottj\Desktop\research\decentralized benchmark\commitment-horizon-study\reference_core_benchmark_pilot\known_visit_10target_300.csv,2,16,2,29.73565935306995,29.73565935306995,00,00,1,0,True,completed
127,known_visit,ACBBA,ideal,1.0,19,361,4,10,acbba_h1_ideal,C:\Users\lottj\Desktop\research\decentralized benchmark\commitment-horizon-study\reference_core_benchmark_pilot\known_visit_10target_300.csv,3,16,16,29.205979514696303,29.205979514696303,03,03,1,0,True,completed
127,known_visit,ACBBA,ideal,1.0,19,361,4,10,acbba_h1_ideal,C:\Users\lottj\Desktop\research\decentralized benchmark\commitment-horizon-study\reference_core_benchmark_pilot\known_visit_10target_300.csv,4,1,17,2.255601151855868,2.255601151855868,03,03,1,0,True,completed
127,known_visit,ACBBA,ideal,1.0,19,361,4,10,acbba_h1_ideal,C:\Users\lottj\Desktop\research\decentralized benchmark\commitment-horizon-study\reference_core_benchmark_pilot\known_visit_10target_300.csv,5,9,12,13.760487628607482,13.760487628607482,02,02,1,0,True,completed
127,known_visit,ACBBA,ideal,1.0,19,361,4,10,acbba_h1_ideal,C:\Users\lottj\Desktop\research\decentralized benchmark\commitment-horizon-study\reference_core_benchmark_pilot\known_visit_10target_300.csv,6,1,4,3.728239146208799,3.728239146208799,01,01,1,0,True,completed
127,known_visit,ACBBA,ideal,1.0,19,361,4,10,acbba_h1_ideal,C:\Users\lottj\Desktop\research\decentralized benchmark\commitment-horizon-study\reference_core_benchmark_pilot\known_visit_10target_300.csv,7,13,16,24.12865337244076,24.12865337244076,03,03,1,0,True,completed
127,known_visit,ACBBA,ideal,1.0,19,361,4,10,acbba_h1_ideal,C:\Users\lottj\Desktop\research\decentralized benchmark\commitment-horizon-study\reference_core_benchmark_pilot\known_visit_10target_300.csv,8,7,16,14.27355267850009,14.27355267850009,03,03,1,0,True,completed
127,known_visit,ACBBA,ideal,1.0,19,361,4,10,acbba_h1_ideal,C:\Users\lottj\Desktop\research\decentralized benchmark\commitment-horizon-study\reference_core_benchmark_pilot\known_visit_10target_300.csv,9,2,1,3.9574130518296395,3.9574130518296395,00,00,1,0,True,completed
127,known_visit,ACBBA,ideal,1.0,19,361,4,10,acbba_h1_ideal,C:\Users\lottj\Desktop\research\decentralized benchmark\commitment-horizon-study\reference_core_benchmark_pilot\known_visit_10target_300.csv,10,17,6,38.50663876036801,38.50663876036801,00,00,1,0,True,completed
128,known_visit,ACBBA,ideal,1.0,19,361,4,10,acbba_h1_ideal,C:\Users\lottj\Desktop\research\decentralized benchmark\commitment-horizon-study\reference_core_benchmark_pilot\known_visit_10target_300.csv,1,5,9,15.941049095198546,15.941049095198546,01,01,1,0,True,completed
128,known_visit,ACBBA,ideal,1.0,19,361,4,10,acbba_h1_ideal,C:\Users\lottj\Desktop\research\decentralized benchmark\commitment-horizon-study\reference_core_benchmark_pilot\known_visit_10target_300.csv,2,4,10,11.966971287024293,11.966971287024293,01,01,1,0,True,completed
128,known_visit,ACBBA,ideal,1.0,19,361,4,10,acbba_h1_ideal,C:\Users\lottj\Desktop\research\decentralized benchmark\commitment-horizon-study\reference_core_benchmark_pilot\known_visit_10target_300.csv,3,14,0,30.008358517392047,30.008358517392047,00,00,1,0,True,completed
128,known_visit,ACBBA,ideal,1.0,19,361,4,10,acbba_h1_ideal,C:\Users\lottj\Desktop\research\decentralized benchmark\commitment-horizon-study\reference_core_benchmark_pilot\known_visit_10target_300.csv,4,0,17,0.5470020874712747,0.5470020874712747,03,03,1,0,True,completed
128,known_visit,ACBBA,ideal,1.0,19,361,4,10,acbba_h1_ideal,C:\Users\lottj\Desktop\research\decentralized benchmark\commitment-horizon-study\reference_core_benchmark_pilot\known_visit_10target_300.csv,5,0,1,0.5253259519939285,0.5253259519939285,00,00,1,0,True,completed
128,known_visit,ACBBA,ideal,1.0,19,361,4,10,acbba_h1_ideal,C:\Users\lottj\Desktop\research\decentralized benchmark\commitment-horizon-study\reference_core_benchmark_pilot\known_visit_10target_300.csv,6,10,13,25.73830622810011,25.73830622810011,02,02,1,0,True,completed
128,known_visit,ACBBA,ideal,1.0,19,361,4,10,acbba_h1_ideal,C:\Users\lottj\Desktop\research\decentralized benchmark\commitment-horizon-study\reference_core_benchmark_pilot\known_visit_10target_300.csv,7,8,2,16.155298983833827,16.155298983833827,00,00,1,0,True,completed
128,known_visit,ACBBA,ideal,1.0,19,361,4,10,acbba_h1_ideal,C:\Users\lottj\Desktop\research\decentralized benchmark\commitment-horizon-study\reference_core_benchmark_pilot\known_visit_10target_300.csv,8,14,9,31.410337674782728,31.410337674782728,01,01,1,0,True,completed
128,known_visit,ACBBA,ideal,1.0,19,361,4,10,acbba_h1_ideal,C:\Users\lottj\Desktop\research\decentralized benchmark\commitment-horizon-study\reference_core_benchmark_pilot\known_visit_10target_300.csv,9,18,7,41.65282346982177,41.65282346982177,01,01,1,0,True,completed
128,known_visit,ACBBA,ideal,1.0,19,361,4,10,acbba_h1_ideal,C:\Users\lottj\Desktop\research\decentralized benchmark\commitment-horizon-study\reference_core_benchmark_pilot\known_visit_10target_300.csv,10,5,18,11.141203753949009,11.141203753949009,03,03,1,0,True,completed
129,known_visit,ACBBA,ideal,1.0,19,361,4,10,acbba_h1_ideal,C:\Users\lottj\Desktop\research\decentralized benchmark\commitment-horizon-study\reference_core_benchmark_pilot\known_visit_10target_300.csv,1,2,4,5.482457863665669,5.482457863665669,01,01,1,0,True,completed
129,known_visit,ACBBA,ideal,1.0,19,361,4,10,acbba_h1_ideal,C:\Users\lottj\Desktop\research\decentralized benchmark\commitment-horizon-study\reference_core_benchmark_pilot\known_visit_10target_300.csv,2,9,12,24.47259364166371,24.47259364166371,03,03,1,0,True,completed
129,known_visit,ACBBA,ideal,1.0,19,361,4,10,acbba_h1_ideal,C:\Users\lottj\Desktop\research\decentralized benchmark\commitment-horizon-study\reference_core_benchmark_pilot\known_visit_10target_300.csv,3,8,6,19.610692960498472,19.610692960498472,01,01,2,1,True,completed
129,known_visit,ACBBA,ideal,1.0,19,361,4,10,acbba_h1_ideal,C:\Users\lottj\Desktop\research\decentralized benchmark\commitment-horizon-study\reference_core_benchmark_pilot\known_visit_10target_300.csv,4,15,13,36.4900484466148,36.4900484466148,03,03,1,0,True,completed
129,known_visit,ACBBA,ideal,1.0,19,361,4,10,acbba_h1_ideal,C:\Users\lottj\Desktop\research\decentralized benchmark\commitment-horizon-study\reference_core_benchmark_pilot\known_visit_10target_300.csv,5,13,9,33.58796877250738,33.58796877250738,01,01,1,0,True,completed
129,known_visit,ACBBA,ideal,1.0,19,361,4,10,acbba_h1_ideal,C:\Users\lottj\Desktop\research\decentralized benchmark\commitment-horizon-study\reference_core_benchmark_pilot\known_visit_10target_300.csv,6,8,4,15.896043869670011,15.896043869670011,01,01,1,0,True,completed
129,known_visit,ACBBA,ideal,1.0,19,361,4,10,acbba_h1_ideal,C:\Users\lottj\Desktop\research\decentralized benchmark\commitment-horizon-study\reference_core_benchmark_pilot\known_visit_10target_300.csv,7,0,11,0.4375410241174158,0.4375410241174158,02,02,1,0,True,completed
129,known_visit,ACBBA,ideal,1.0,19,361,4,10,acbba_h1_ideal,C:\Users\lottj\Desktop\research\decentralized benchmark\commitment-horizon-study\reference_core_benchmark_pilot\known_visit_10target_300.csv,8,3,9,9.23614605602989,9.23614605602989,02,02,1,0,True,completed
129,known_visit,ACBBA,ideal,1.0,19,361,4,10,acbba_h1_ideal,C:\Users\lottj\Desktop\research\decentralized benchmark\commitment-horizon-study\reference_core_benchmark_pilot\known_visit_10target_300.csv,9,7,7,19.930548192709264,19.930548192709264,02,02,1,0,True,completed
129,known_visit,ACBBA,ideal,1.0,19,361,4,10,acbba_h1_ideal,C:\Users\lottj\Desktop\research\decentralized benchmark\commitment-horizon-study\reference_core_benchmark_pilot\known_visit_10target_300.csv,10,8,13,20.72401551533203,20.72401551533203,03,03,1,0,True,completed
130,known_visit,ACBBA,ideal,1.0,19,361,4,10,acbba_h1_ideal,C:\Users\lottj\Desktop\research\decentralized benchmark\commitment-horizon-study\reference_core_benchmark_pilot\known_visit_10target_300.csv,1,13,10,28.08358364956833,28.08358364956833,01,01,1,0,True,completed
130,known_visit,ACBBA,ideal,1.0,19,361,4,10,acbba_h1_ideal,C:\Users\lottj\Desktop\research\decentralized benchmark\commitment-horizon-study\reference_core_benchmark_pilot\known_visit_10target_300.csv,2,8,0,12.016823391633876,12.016823391633876,00,00,1,0,True,completed
130,known_visit,ACBBA,ideal,1.0,19,361,4,10,acbba_h1_ideal,C:\Users\lottj\Desktop\research\decentralized benchmark\commitment-horizon-study\reference_core_benchmark_pilot\known_visit_10target_300.csv,3,9,8,17.507524437796356,17.507524437796356,01,01,1,0,True,completed
130,known_visit,ACBBA,ideal,1.0,19,361,4,10,acbba_h1_ideal,C:\Users\lottj\Desktop\research\decentralized benchmark\commitment-horizon-study\reference_core_benchmark_pilot\known_visit_10target_300.csv,4,8,14,16.042219175274695,16.042219175274695,02,02,1,0,True,completed
130,known_visit,ACBBA,ideal,1.0,19,361,4,10,acbba_h1_ideal,C:\Users\lottj\Desktop\research\decentralized benchmark\commitment-horizon-study\reference_core_benchmark_pilot\known_visit_10target_300.csv,5,16,7,38.58201675316086,38.58201675316086,01,01,1,0,True,completed
130,known_visit,ACBBA,ideal,1.0,19,361,4,10,acbba_h1_ideal,C:\Users\lottj\Desktop\research\decentralized benchmark\commitment-horizon-study\reference_core_benchmark_pilot\known_visit_10target_300.csv,6,18,14,36.916995433250285,36.916995433250285,03,03,1,0,True,completed
130,known_visit,ACBBA,ideal,1.0,19,361,4,10,acbba_h1_ideal,C:\Users\lottj\Desktop\research\decentralized benchmark\commitment-horizon-study\reference_core_benchmark_pilot\known_visit_10target_300.csv,7,15,12,32.214157477360224,32.214157477360224,02,02,1,0,True,completed
130,known_visit,ACBBA,ideal,1.0,19,361,4,10,acbba_h1_ideal,C:\Users\lottj\Desktop\research\decentralized benchmark\commitment-horizon-study\reference_core_benchmark_pilot\known_visit_10target_300.csv,8,18,0,29.029720955836776,29.029720955836776,00,00,1,0,True,completed
130,known_visit,ACBBA,ideal,1.0,19,361,4,10,acbba_h1_ideal,C:\Users\lottj\Desktop\research\decentralized benchmark\commitment-horizon-study\reference_core_benchmark_pilot\known_visit_10target_300.csv,9,9,14,18.13321479000043,18.13321479000043,02,02,1,0,True,completed
130,known_visit,ACBBA,ideal,1.0,19,361,4,10,acbba_h1_ideal,C:\Users\lottj\Desktop\research\decentralized benchmark\commitment-horizon-study\reference_core_benchmark_pilot\known_visit_10target_300.csv,10,10,15,21.06454820763226,21.06454820763226,03,03,1,0,True,completed
131,known_visit,ACBBA,ideal,1.0,19,361,4,10,acbba_h1_ideal,C:\Users\lottj\Desktop\research\decentralized benchmark\commitment-horizon-study\reference_core_benchmark_pilot\known_visit_10target_300.csv,1,0,15,3.8149407988104427,3.8149407988104427,02,02,1,0,True,completed
131,known_visit,ACBBA,ideal,1.0,19,361,4,10,acbba_h1_ideal,C:\Users\lottj\Desktop\research\decentralized benchmark\commitment-horizon-study\reference_core_benchmark_pilot\known_visit_10target_300.csv,2,3,7,5.522308548512238,5.522308548512238,01,01,1,0,True,completed
131,known_visit,ACBBA,ideal,1.0,19,361,4,10,acbba_h1_ideal,C:\Users\lottj\Desktop\research\decentralized benchmark\commitment-horizon-study\reference_core_benchmark_pilot\known_visit_10target_300.csv,3,13,18,20.477334092914525,20.477334092914525,03,03,1,0,True,completed
131,known_visit,ACBBA,ideal,1.0,19,361,4,10,acbba_h1_ideal,C:\Users\lottj\Desktop\research\decentralized benchmark\commitment-horizon-study\reference_core_benchmark_pilot\known_visit_10target_300.csv,4,1,1,2.203065963007529,2.203065963007529,00,00,1,0,True,completed
131,known_visit,ACBBA,ideal,1.0,19,361,4,10,acbba_h1_ideal,C:\Users\lottj\Desktop\research\decentralized benchmark\commitment-horizon-study\reference_core_benchmark_pilot\known_visit_10target_300.csv,5,8,12,23.11187286737188,23.11187286737188,01,01,1,0,True,completed
131,known_visit,ACBBA,ideal,1.0,19,361,4,10,acbba_h1_ideal,C:\Users\lottj\Desktop\research\decentralized benchmark\commitment-horizon-study\reference_core_benchmark_pilot\known_visit_10target_300.csv,6,14,10,36.14575971640135,36.14575971640135,03,03,1,0,True,completed
131,known_visit,ACBBA,ideal,1.0,19,361,4,10,acbba_h1_ideal,C:\Users\lottj\Desktop\research\decentralized benchmark\commitment-horizon-study\reference_core_benchmark_pilot\known_visit_10target_300.csv,7,5,3,12.639378600999668,12.639378600999668,00,00,1,0,True,completed
131,known_visit,ACBBA,ideal,1.0,19,361,4,10,acbba_h1_ideal,C:\Users\lottj\Desktop\research\decentralized benchmark\commitment-horizon-study\reference_core_benchmark_pilot\known_visit_10target_300.csv,8,18,10,43.19662326265045,43.19662326265045,03,03,1,0,True,completed
131,known_visit,ACBBA,ideal,1.0,19,361,4,10,acbba_h1_ideal,C:\Users\lottj\Desktop\research\decentralized benchmark\commitment-horizon-study\reference_core_benchmark_pilot\known_visit_10target_300.csv,9,8,9,17.73688820676117,17.73688820676117,01,01,2,1,True,completed
131,known_visit,ACBBA,ideal,1.0,19,361,4,10,acbba_h1_ideal,C:\Users\lottj\Desktop\research\decentralized benchmark\commitment-horizon-study\reference_core_benchmark_pilot\known_visit_10target_300.csv,10,9,13,23.466556522893356,23.466556522893356,02,02,1,0,True,completed
132,known_visit,ACBBA,ideal,1.0,19,361,4,10,acbba_h1_ideal,C:\Users\lottj\Desktop\research\decentralized benchmark\commitment-horizon-study\reference_core_benchmark_pilot\known_visit_10target_300.csv,1,8,1,14.08155244783704,14.08155244783704,00,00,1,0,True,completed
132,known_visit,ACBBA,ideal,1.0,19,361,4,10,acbba_h1_ideal,C:\Users\lottj\Desktop\research\decentralized benchmark\commitment-horizon-study\reference_core_benchmark_pilot\known_visit_10target_300.csv,2,11,0,21.22898470864944,21.22898470864944,00,00,1,0,True,completed
132,known_visit,ACBBA,ideal,1.0,19,361,4,10,acbba_h1_ideal,C:\Users\lottj\Desktop\research\decentralized benchmark\commitment-horizon-study\reference_core_benchmark_pilot\known_visit_10target_300.csv,3,8,7,14.045494940290894,14.045494940290894,01,01,1,0,True,completed
132,known_visit,ACBBA,ideal,1.0,19,361,4,10,acbba_h1_ideal,C:\Users\lottj\Desktop\research\decentralized benchmark\commitment-horizon-study\reference_core_benchmark_pilot\known_visit_10target_300.csv,4,18,0,33.36444720521741,33.36444720521741,00,00,1,0,True,completed
132,known_visit,ACBBA,ideal,1.0,19,361,4,10,acbba_h1_ideal,C:\Users\lottj\Desktop\research\decentralized benchmark\commitment-horizon-study\reference_core_benchmark_pilot\known_visit_10target_300.csv,5,18,6,41.6987801157705,41.6987801157705,01,01,1,0,True,completed
132,known_visit,ACBBA,ideal,1.0,19,361,4,10,acbba_h1_ideal,C:\Users\lottj\Desktop\research\decentralized benchmark\commitment-horizon-study\reference_core_benchmark_pilot\known_visit_10target_300.csv,6,10,18,16.079909290029708,16.079909290029708,03,03,1,0,True,completed
132,known_visit,ACBBA,ideal,1.0,19,361,4,10,acbba_h1_ideal,C:\Users\lottj\Desktop\research\decentralized benchmark\commitment-horizon-study\reference_core_benchmark_pilot\known_visit_10target_300.csv,7,15,15,29.644771818555647,29.644771818555647,02,02,1,0,True,completed
132,known_visit,ACBBA,ideal,1.0,19,361,4,10,acbba_h1_ideal,C:\Users\lottj\Desktop\research\decentralized benchmark\commitment-horizon-study\reference_core_benchmark_pilot\known_visit_10target_300.csv,8,17,7,37.642020428293385,37.642020428293385,01,01,1,0,True,completed
132,known_visit,ACBBA,ideal,1.0,19,361,4,10,acbba_h1_ideal,C:\Users\lottj\Desktop\research\decentralized benchmark\commitment-horizon-study\reference_core_benchmark_pilot\known_visit_10target_300.csv,9,13,18,21.072094735778617,21.072094735778617,03,03,1,0,True,completed
132,known_visit,ACBBA,ideal,1.0,19,361,4,10,acbba_h1_ideal,C:\Users\lottj\Desktop\research\decentralized benchmark\commitment-horizon-study\reference_core_benchmark_pilot\known_visit_10target_300.csv,10,12,5,25.171150114018566,25.171150114018566,01,01,1,0,True,completed
133,known_visit,ACBBA,ideal,1.0,19,361,4,10,acbba_h1_ideal,C:\Users\lottj\Desktop\research\decentralized benchmark\commitment-horizon-study\reference_core_benchmark_pilot\known_visit_10target_300.csv,1,7,14,14.617582100441766,14.617582100441766,02,02,1,0,True,completed
133,known_visit,ACBBA,ideal,1.0,19,361,4,10,acbba_h1_ideal,C:\Users\lottj\Desktop\research\decentralized benchmark\commitment-horizon-study\reference_core_benchmark_pilot\known_visit_10target_300.csv,2,1,14,3.9064982065125964,3.9064982065125964,02,02,1,0,True,completed
133,known_visit,ACBBA,ideal,1.0,19,361,4,10,acbba_h1_ideal,C:\Users\lottj\Desktop\research\decentralized benchmark\commitment-horizon-study\reference_core_benchmark_pilot\known_visit_10target_300.csv,3,5,9,23.229724095008095,23.229724095008095,01,01,1,0,True,completed
133,known_visit,ACBBA,ideal,1.0,19,361,4,10,acbba_h1_ideal,C:\Users\lottj\Desktop\research\decentralized benchmark\commitment-horizon-study\reference_core_benchmark_pilot\known_visit_10target_300.csv,4,9,10,25.206850391033235,25.206850391033235,02,02,2,1,True,completed
133,known_visit,ACBBA,ideal,1.0,19,361,4,10,acbba_h1_ideal,C:\Users\lottj\Desktop\research\decentralized benchmark\commitment-horizon-study\reference_core_benchmark_pilot\known_visit_10target_300.csv,5,16,6,37.762619719810836,37.762619719810836,00,00,1,0,True,completed
133,known_visit,ACBBA,ideal,1.0,19,361,4,10,acbba_h1_ideal,C:\Users\lottj\Desktop\research\decentralized benchmark\commitment-horizon-study\reference_core_benchmark_pilot\known_visit_10target_300.csv,6,12,5,29.118056632834826,29.118056632834826,00,00,1,0,True,completed
133,known_visit,ACBBA,ideal,1.0,19,361,4,10,acbba_h1_ideal,C:\Users\lottj\Desktop\research\decentralized benchmark\commitment-horizon-study\reference_core_benchmark_pilot\known_visit_10target_300.csv,7,3,3,8.718399468658738,8.718399468658738,01,01,1,0,True,completed
133,known_visit,ACBBA,ideal,1.0,19,361,4,10,acbba_h1_ideal,C:\Users\lottj\Desktop\research\decentralized benchmark\commitment-horizon-study\reference_core_benchmark_pilot\known_visit_10target_300.csv,8,7,15,15.926468377100804,15.926468377100804,03,03,1,0,True,completed
133,known_visit,ACBBA,ideal,1.0,19,361,4,10,acbba_h1_ideal,C:\Users\lottj\Desktop\research\decentralized benchmark\commitment-horizon-study\reference_core_benchmark_pilot\known_visit_10target_300.csv,9,18,8,44.90450429685691,44.90450429685691,00,00,1,0,True,completed
133,known_visit,ACBBA,ideal,1.0,19,361,4,10,acbba_h1_ideal,C:\Users\lottj\Desktop\research\decentralized benchmark\commitment-horizon-study\reference_core_benchmark_pilot\known_visit_10target_300.csv,10,12,6,30.72203185515876,30.72203185515876,00,00,1,0,True,completed
134,known_visit,ACBBA,ideal,1.0,19,361,4,10,acbba_h1_ideal,C:\Users\lottj\Desktop\research\decentralized benchmark\commitment-horizon-study\reference_core_benchmark_pilot\known_visit_10target_300.csv,1,18,15,45.274726166798054,45.274726166798054,02,02,1,0,True,completed
134,known_visit,ACBBA,ideal,1.0,19,361,4,10,acbba_h1_ideal,C:\Users\lottj\Desktop\research\decentralized benchmark\commitment-horizon-study\reference_core_benchmark_pilot\known_visit_10target_300.csv,2,7,18,10.237690627870732,10.237690627870732,03,03,1,0,True,completed
134,known_visit,ACBBA,ideal,1.0,19,361,4,10,acbba_h1_ideal,C:\Users\lottj\Desktop\research\decentralized benchmark\commitment-horizon-study\reference_core_benchmark_pilot\known_visit_10target_300.csv,3,9,14,24.310958586088717,24.310958586088717,03,03,1,0,True,completed
134,known_visit,ACBBA,ideal,1.0,19,361,4,10,acbba_h1_ideal,C:\Users\lottj\Desktop\research\decentralized benchmark\commitment-horizon-study\reference_core_benchmark_pilot\known_visit_10target_300.csv,4,10,18,15.26193685284713,15.26193685284713,03,03,1,0,True,completed
134,known_visit,ACBBA,ideal,1.0,19,361,4,10,acbba_h1_ideal,C:\Users\lottj\Desktop\research\decentralized benchmark\commitment-horizon-study\reference_core_benchmark_pilot\known_visit_10target_300.csv,5,11,9,22.724427993008142,22.724427993008142,02,02,1,0,True,completed
134,known_visit,ACBBA,ideal,1.0,19,361,4,10,acbba_h1_ideal,C:\Users\lottj\Desktop\research\decentralized benchmark\commitment-horizon-study\reference_core_benchmark_pilot\known_visit_10target_300.csv,6,8,4,19.737658571058006,19.737658571058006,00,00,1,0,True,completed
134,known_visit,ACBBA,ideal,1.0,19,361,4,10,acbba_h1_ideal,C:\Users\lottj\Desktop\research\decentralized benchmark\commitment-horizon-study\reference_core_benchmark_pilot\known_visit_10target_300.csv,7,3,4,14.60853897927089,14.60853897927089,01,01,1,0,True,completed
134,known_visit,ACBBA,ideal,1.0,19,361,4,10,acbba_h1_ideal,C:\Users\lottj\Desktop\research\decentralized benchmark\commitment-horizon-study\reference_core_benchmark_pilot\known_visit_10target_300.csv,8,0,9,3.743098563479192,3.743098563479192,02,02,1,0,True,completed
134,known_visit,ACBBA,ideal,1.0,19,361,4,10,acbba_h1_ideal,C:\Users\lottj\Desktop\research\decentralized benchmark\commitment-horizon-study\reference_core_benchmark_pilot\known_visit_10target_300.csv,9,5,0,7.081803623577402,7.081803623577402,00,00,1,0,True,completed
134,known_visit,ACBBA,ideal,1.0,19,361,4,10,acbba_h1_ideal,C:\Users\lottj\Desktop\research\decentralized benchmark\commitment-horizon-study\reference_core_benchmark_pilot\known_visit_10target_300.csv,10,17,15,43.302460107086695,43.302460107086695,02,02,1,0,True,completed
135,known_visit,ACBBA,ideal,1.0,19,361,4,10,acbba_h1_ideal,C:\Users\lottj\Desktop\research\decentralized benchmark\commitment-horizon-study\reference_core_benchmark_pilot\known_visit_10target_300.csv,1,8,1,24.581070404827397,24.581070404827397,00,00,1,0,True,completed
135,known_visit,ACBBA,ideal,1.0,19,361,4,10,acbba_h1_ideal,C:\Users\lottj\Desktop\research\decentralized benchmark\commitment-horizon-study\reference_core_benchmark_pilot\known_visit_10target_300.csv,2,7,15,16.503796296110625,16.503796296110625,03,03,1,0,True,completed
135,known_visit,ACBBA,ideal,1.0,19,361,4,10,acbba_h1_ideal,C:\Users\lottj\Desktop\research\decentralized benchmark\commitment-horizon-study\reference_core_benchmark_pilot\known_visit_10target_300.csv,3,4,4,12.445863009634575,12.445863009634575,00,00,1,0,True,completed
135,known_visit,ACBBA,ideal,1.0,19,361,4,10,acbba_h1_ideal,C:\Users\lottj\Desktop\research\decentralized benchmark\commitment-horizon-study\reference_core_benchmark_pilot\known_visit_10target_300.csv,4,7,9,15.977391139647171,15.977391139647171,01,01,1,0,True,completed
135,known_visit,ACBBA,ideal,1.0,19,361,4,10,acbba_h1_ideal,C:\Users\lottj\Desktop\research\decentralized benchmark\commitment-horizon-study\reference_core_benchmark_pilot\known_visit_10target_300.csv,5,16,9,35.52457869004313,35.52457869004313,01,01,1,0,True,completed
135,known_visit,ACBBA,ideal,1.0,19,361,4,10,acbba_h1_ideal,C:\Users\lottj\Desktop\research\decentralized benchmark\commitment-horizon-study\reference_core_benchmark_pilot\known_visit_10target_300.csv,6,18,7,43.030963972335456,43.030963972335456,01,01,1,0,True,completed
135,known_visit,ACBBA,ideal,1.0,19,361,4,10,acbba_h1_ideal,C:\Users\lottj\Desktop\research\decentralized benchmark\commitment-horizon-study\reference_core_benchmark_pilot\known_visit_10target_300.csv,7,0,17,0.54664321821647,0.54664321821647,03,03,1,0,True,completed
135,known_visit,ACBBA,ideal,1.0,19,361,4,10,acbba_h1_ideal,C:\Users\lottj\Desktop\research\decentralized benchmark\commitment-horizon-study\reference_core_benchmark_pilot\known_visit_10target_300.csv,8,0,8,2.136319833049931,2.136319833049931,01,01,1,0,True,completed
135,known_visit,ACBBA,ideal,1.0,19,361,4,10,acbba_h1_ideal,C:\Users\lottj\Desktop\research\decentralized benchmark\commitment-horizon-study\reference_core_benchmark_pilot\known_visit_10target_300.csv,9,15,8,31.465920920279842,31.465920920279842,01,01,1,0,True,completed
135,known_visit,ACBBA,ideal,1.0,19,361,4,10,acbba_h1_ideal,C:\Users\lottj\Desktop\research\decentralized benchmark\commitment-horizon-study\reference_core_benchmark_pilot\known_visit_10target_300.csv,10,9,13,23.781972595123346,23.781972595123346,03,03,1,0,True,completed
136,known_visit,ACBBA,ideal,1.0,19,361,4,10,acbba_h1_ideal,C:\Users\lottj\Desktop\research\decentralized benchmark\commitment-horizon-study\reference_core_benchmark_pilot\known_visit_10target_300.csv,1,18,10,44.224233363440135,44.224233363440135,02,02,1,0,True,completed
136,known_visit,ACBBA,ideal,1.0,19,361,4,10,acbba_h1_ideal,C:\Users\lottj\Desktop\research\decentralized benchmark\commitment-horizon-study\reference_core_benchmark_pilot\known_visit_10target_300.csv,2,6,16,12.578676761280361,12.578676761280361,03,03,1,0,True,completed
136,known_visit,ACBBA,ideal,1.0,19,361,4,10,acbba_h1_ideal,C:\Users\lottj\Desktop\research\decentralized benchmark\commitment-horizon-study\reference_core_benchmark_pilot\known_visit_10target_300.csv,3,13,11,33.66548592394068,33.66548592394068,02,02,1,0,True,completed
136,known_visit,ACBBA,ideal,1.0,19,361,4,10,acbba_h1_ideal,C:\Users\lottj\Desktop\research\decentralized benchmark\commitment-horizon-study\reference_core_benchmark_pilot\known_visit_10target_300.csv,4,12,4,26.3259130283575,26.3259130283575,01,01,1,0,True,completed
136,known_visit,ACBBA,ideal,1.0,19,361,4,10,acbba_h1_ideal,C:\Users\lottj\Desktop\research\decentralized benchmark\commitment-horizon-study\reference_core_benchmark_pilot\known_visit_10target_300.csv,5,1,0,0.22774717453823096,0.22774717453823096,00,00,1,0,True,completed
136,known_visit,ACBBA,ideal,1.0,19,361,4,10,acbba_h1_ideal,C:\Users\lottj\Desktop\research\decentralized benchmark\commitment-horizon-study\reference_core_benchmark_pilot\known_visit_10target_300.csv,6,16,3,35.45969334900862,35.45969334900862,01,01,1,0,True,completed
136,known_visit,ACBBA,ideal,1.0,19,361,4,10,acbba_h1_ideal,C:\Users\lottj\Desktop\research\decentralized benchmark\commitment-horizon-study\reference_core_benchmark_pilot\known_visit_10target_300.csv,7,9,15,19.420325999903362,19.420325999903362,02,02,1,0,True,completed
136,known_visit,ACBBA,ideal,1.0,19,361,4,10,acbba_h1_ideal,C:\Users\lottj\Desktop\research\decentralized benchmark\commitment-horizon-study\reference_core_benchmark_pilot\known_visit_10target_300.csv,8,4,1,7.5693514245393265,7.5693514245393265,00,00,1,0,True,completed
136,known_visit,ACBBA,ideal,1.0,19,361,4,10,acbba_h1_ideal,C:\Users\lottj\Desktop\research\decentralized benchmark\commitment-horizon-study\reference_core_benchmark_pilot\known_visit_10target_300.csv,9,1,12,0.25597221027971423,0.25597221027971423,02,02,1,0,True,completed
136,known_visit,ACBBA,ideal,1.0,19,361,4,10,acbba_h1_ideal,C:\Users\lottj\Desktop\research\decentralized benchmark\commitment-horizon-study\reference_core_benchmark_pilot\known_visit_10target_300.csv,10,8,3,17.297774660941172,17.297774660941172,01,01,1,0,True,completed
137,known_visit,ACBBA,ideal,1.0,19,361,4,10,acbba_h1_ideal,C:\Users\lottj\Desktop\research\decentralized benchmark\commitment-horizon-study\reference_core_benchmark_pilot\known_visit_10target_300.csv,1,5,9,16.178344213804877,16.178344213804877,02,02,1,0,True,completed
137,known_visit,ACBBA,ideal,1.0,19,361,4,10,acbba_h1_ideal,C:\Users\lottj\Desktop\research\decentralized benchmark\commitment-horizon-study\reference_core_benchmark_pilot\known_visit_10target_300.csv,2,5,0,6.9577714177903225,6.9577714177903225,00,00,1,0,True,completed
137,known_visit,ACBBA,ideal,1.0,19,361,4,10,acbba_h1_ideal,C:\Users\lottj\Desktop\research\decentralized benchmark\commitment-horizon-study\reference_core_benchmark_pilot\known_visit_10target_300.csv,3,1,13,2.1504189510884792,2.1504189510884792,02,02,1,0,True,completed
137,known_visit,ACBBA,ideal,1.0,19,361,4,10,acbba_h1_ideal,C:\Users\lottj\Desktop\research\decentralized benchmark\commitment-horizon-study\reference_core_benchmark_pilot\known_visit_10target_300.csv,4,2,18,1.891566577194561,1.891566577194561,03,03,1,0,True,completed
137,known_visit,ACBBA,ideal,1.0,19,361,4,10,acbba_h1_ideal,C:\Users\lottj\Desktop\research\decentralized benchmark\commitment-horizon-study\reference_core_benchmark_pilot\known_visit_10target_300.csv,5,1,18,0.1778976154971133,0.1778976154971133,03,03,1,0,True,completed
137,known_visit,ACBBA,ideal,1.0,19,361,4,10,acbba_h1_ideal,C:\Users\lottj\Desktop\research\decentralized benchmark\commitment-horizon-study\reference_core_benchmark_pilot\known_visit_10target_300.csv,6,0,7,0.5103829358309464,0.5103829358309464,01,01,1,0,True,completed
137,known_visit,ACBBA,ideal,1.0,19,361,4,10,acbba_h1_ideal,C:\Users\lottj\Desktop\research\decentralized benchmark\commitment-horizon-study\reference_core_benchmark_pilot\known_visit_10target_300.csv,7,12,16,22.728169828380068,22.728169828380068,03,03,1,0,True,completed
137,known_visit,ACBBA,ideal,1.0,19,361,4,10,acbba_h1_ideal,C:\Users\lottj\Desktop\research\decentralized benchmark\commitment-horizon-study\reference_core_benchmark_pilot\known_visit_10target_300.csv,8,2,5,8.022852409742109,8.022852409742109,01,01,1,0,True,completed
137,known_visit,ACBBA,ideal,1.0,19,361,4,10,acbba_h1_ideal,C:\Users\lottj\Desktop\research\decentralized benchmark\commitment-horizon-study\reference_core_benchmark_pilot\known_visit_10target_300.csv,9,17,1,28.707814600831075,28.707814600831075,00,00,1,0,True,completed
137,known_visit,ACBBA,ideal,1.0,19,361,4,10,acbba_h1_ideal,C:\Users\lottj\Desktop\research\decentralized benchmark\commitment-horizon-study\reference_core_benchmark_pilot\known_visit_10target_300.csv,10,18,14,36.626757833094764,36.626757833094764,03,03,1,0,True,completed
138,known_visit,ACBBA,ideal,1.0,19,361,4,10,acbba_h1_ideal,C:\Users\lottj\Desktop\research\decentralized benchmark\commitment-horizon-study\reference_core_benchmark_pilot\known_visit_10target_300.csv,1,10,11,24.497072554949845,24.497072554949845,02,02,1,0,True,completed
138,known_visit,ACBBA,ideal,1.0,19,361,4,10,acbba_h1_ideal,C:\Users\lottj\Desktop\research\decentralized benchmark\commitment-horizon-study\reference_core_benchmark_pilot\known_visit_10target_300.csv,2,11,7,26.72947246842117,26.72947246842117,01,01,1,0,True,completed
138,known_visit,ACBBA,ideal,1.0,19,361,4,10,acbba_h1_ideal,C:\Users\lottj\Desktop\research\decentralized benchmark\commitment-horizon-study\reference_core_benchmark_pilot\known_visit_10target_300.csv,3,14,4,29.90704787159182,29.90704787159182,00,00,1,0,True,completed
138,known_visit,ACBBA,ideal,1.0,19,361,4,10,acbba_h1_ideal,C:\Users\lottj\Desktop\research\decentralized benchmark\commitment-horizon-study\reference_core_benchmark_pilot\known_visit_10target_300.csv,4,8,14,15.490340454394177,15.490340454394177,02,02,1,0,True,completed
138,known_visit,ACBBA,ideal,1.0,19,361,4,10,acbba_h1_ideal,C:\Users\lottj\Desktop\research\decentralized benchmark\commitment-horizon-study\reference_core_benchmark_pilot\known_visit_10target_300.csv,5,11,4,21.57236913410138,21.57236913410138,01,01,1,0,True,completed
138,known_visit,ACBBA,ideal,1.0,19,361,4,10,acbba_h1_ideal,C:\Users\lottj\Desktop\research\decentralized benchmark\commitment-horizon-study\reference_core_benchmark_pilot\known_visit_10target_300.csv,6,14,1,39.30916953674641,39.30916953674641,00,00,1,0,True,completed
138,known_visit,ACBBA,ideal,1.0,19,361,4,10,acbba_h1_ideal,C:\Users\lottj\Desktop\research\decentralized benchmark\commitment-horizon-study\reference_core_benchmark_pilot\known_visit_10target_300.csv,7,17,17,36.9257819323117,36.9257819323117,03,03,1,0,True,completed
138,known_visit,ACBBA,ideal,1.0,19,361,4,10,acbba_h1_ideal,C:\Users\lottj\Desktop\research\decentralized benchmark\commitment-horizon-study\reference_core_benchmark_pilot\known_visit_10target_300.csv,8,7,17,12.214540458411598,12.214540458411598,03,03,1,0,True,completed
138,known_visit,ACBBA,ideal,1.0,19,361,4,10,acbba_h1_ideal,C:\Users\lottj\Desktop\research\decentralized benchmark\commitment-horizon-study\reference_core_benchmark_pilot\known_visit_10target_300.csv,9,5,4,10.846525833743637,10.846525833743637,01,01,1,0,True,completed
138,known_visit,ACBBA,ideal,1.0,19,361,4,10,acbba_h1_ideal,C:\Users\lottj\Desktop\research\decentralized benchmark\commitment-horizon-study\reference_core_benchmark_pilot\known_visit_10target_300.csv,10,14,15,27.979705898824513,27.979705898824513,03,03,1,0,True,completed
139,known_visit,ACBBA,ideal,1.0,19,361,4,10,acbba_h1_ideal,C:\Users\lottj\Desktop\research\decentralized benchmark\commitment-horizon-study\reference_core_benchmark_pilot\known_visit_10target_300.csv,1,0,3,3.782345288571214,3.782345288571214,00,00,1,0,True,completed
139,known_visit,ACBBA,ideal,1.0,19,361,4,10,acbba_h1_ideal,C:\Users\lottj\Desktop\research\decentralized benchmark\commitment-horizon-study\reference_core_benchmark_pilot\known_visit_10target_300.csv,2,14,13,31.827234012190193,31.827234012190193,03,03,1,0,True,completed
139,known_visit,ACBBA,ideal,1.0,19,361,4,10,acbba_h1_ideal,C:\Users\lottj\Desktop\research\decentralized benchmark\commitment-horizon-study\reference_core_benchmark_pilot\known_visit_10target_300.csv,3,3,17,5.650075826049717,5.650075826049717,03,03,1,0,True,completed
139,known_visit,ACBBA,ideal,1.0,19,361,4,10,acbba_h1_ideal,C:\Users\lottj\Desktop\research\decentralized benchmark\commitment-horizon-study\reference_core_benchmark_pilot\known_visit_10target_300.csv,4,15,14,35.64536429262909,35.64536429262909,03,03,1,0,True,completed
139,known_visit,ACBBA,ideal,1.0,19,361,4,10,acbba_h1_ideal,C:\Users\lottj\Desktop\research\decentralized benchmark\commitment-horizon-study\reference_core_benchmark_pilot\known_visit_10target_300.csv,5,8,16,16.223346088496132,16.223346088496132,03,03,1,0,True,completed
139,known_visit,ACBBA,ideal,1.0,19,361,4,10,acbba_h1_ideal,C:\Users\lottj\Desktop\research\decentralized benchmark\commitment-horizon-study\reference_core_benchmark_pilot\known_visit_10target_300.csv,6,8,10,15.723645991650235,15.723645991650235,02,02,1,0,True,completed
139,known_visit,ACBBA,ideal,1.0,19,361,4,10,acbba_h1_ideal,C:\Users\lottj\Desktop\research\decentralized benchmark\commitment-horizon-study\reference_core_benchmark_pilot\known_visit_10target_300.csv,7,15,11,33.27745433347108,33.27745433347108,02,02,1,0,True,completed
139,known_visit,ACBBA,ideal,1.0,19,361,4,10,acbba_h1_ideal,C:\Users\lottj\Desktop\research\decentralized benchmark\commitment-horizon-study\reference_core_benchmark_pilot\known_visit_10target_300.csv,8,5,7,8.976650960839567,8.976650960839567,01,01,1,0,True,completed
139,known_visit,ACBBA,ideal,1.0,19,361,4,10,acbba_h1_ideal,C:\Users\lottj\Desktop\research\decentralized benchmark\commitment-horizon-study\reference_core_benchmark_pilot\known_visit_10target_300.csv,9,9,8,17.618913333279433,17.618913333279433,01,01,2,1,True,completed
139,known_visit,ACBBA,ideal,1.0,19,361,4,10,acbba_h1_ideal,C:\Users\lottj\Desktop\research\decentralized benchmark\commitment-horizon-study\reference_core_benchmark_pilot\known_visit_10target_300.csv,10,14,7,27.975463338973913,27.975463338973913,01,01,1,0,True,completed
140,known_visit,ACBBA,ideal,1.0,19,361,4,10,acbba_h1_ideal,C:\Users\lottj\Desktop\research\decentralized benchmark\commitment-horizon-study\reference_core_benchmark_pilot\known_visit_10target_300.csv,1,7,0,10.23640669127361,10.23640669127361,00,00,1,0,True,completed
140,known_visit,ACBBA,ideal,1.0,19,361,4,10,acbba_h1_ideal,C:\Users\lottj\Desktop\research\decentralized benchmark\commitment-horizon-study\reference_core_benchmark_pilot\known_visit_10target_300.csv,2,12,11,31.95118269117827,31.95118269117827,03,03,1,0,True,completed
140,known_visit,ACBBA,ideal,1.0,19,361,4,10,acbba_h1_ideal,C:\Users\lottj\Desktop\research\decentralized benchmark\commitment-horizon-study\reference_core_benchmark_pilot\known_visit_10target_300.csv,3,12,7,31.12583340968659,31.12583340968659,00,00,1,0,True,completed
140,known_visit,ACBBA,ideal,1.0,19,361,4,10,acbba_h1_ideal,C:\Users\lottj\Desktop\research\decentralized benchmark\commitment-horizon-study\reference_core_benchmark_pilot\known_visit_10target_300.csv,4,1,7,2.32197782145412,2.32197782145412,01,01,1,0,True,completed
140,known_visit,ACBBA,ideal,1.0,19,361,4,10,acbba_h1_ideal,C:\Users\lottj\Desktop\research\decentralized benchmark\commitment-horizon-study\reference_core_benchmark_pilot\known_visit_10target_300.csv,5,12,14,26.874804990647956,26.874804990647956,03,03,1,0,True,completed
140,known_visit,ACBBA,ideal,1.0,19,361,4,10,acbba_h1_ideal,C:\Users\lottj\Desktop\research\decentralized benchmark\commitment-horizon-study\reference_core_benchmark_pilot\known_visit_10target_300.csv,6,6,14,12.95343486636751,12.95343486636751,02,02,1,0,True,completed
140,known_visit,ACBBA,ideal,1.0,19,361,4,10,acbba_h1_ideal,C:\Users\lottj\Desktop\research\decentralized benchmark\commitment-horizon-study\reference_core_benchmark_pilot\known_visit_10target_300.csv,7,1,15,5.5924048930090136,5.5924048930090136,03,03,1,0,True,completed
140,known_visit,ACBBA,ideal,1.0,19,361,4,10,acbba_h1_ideal,C:\Users\lottj\Desktop\research\decentralized benchmark\commitment-horizon-study\reference_core_benchmark_pilot\known_visit_10target_300.csv,8,12,8,30.829778517613125,30.829778517613125,01,01,1,0,True,completed
140,known_visit,ACBBA,ideal,1.0,19,361,4,10,acbba_h1_ideal,C:\Users\lottj\Desktop\research\decentralized benchmark\commitment-horizon-study\reference_core_benchmark_pilot\known_visit_10target_300.csv,9,6,9,21.85233601750227,21.85233601750227,02,02,1,0,True,completed
140,known_visit,ACBBA,ideal,1.0,19,361,4,10,acbba_h1_ideal,C:\Users\lottj\Desktop\research\decentralized benchmark\commitment-horizon-study\reference_core_benchmark_pilot\known_visit_10target_300.csv,10,3,5,9.752909693250626,9.752909693250626,01,01,1,0,True,completed
141,known_visit,ACBBA,ideal,1.0,19,361,4,10,acbba_h1_ideal,C:\Users\lottj\Desktop\research\decentralized benchmark\commitment-horizon-study\reference_core_benchmark_pilot\known_visit_10target_300.csv,1,14,11,35.40030426795492,35.40030426795492,02,02,1,0,True,completed
141,known_visit,ACBBA,ideal,1.0,19,361,4,10,acbba_h1_ideal,C:\Users\lottj\Desktop\research\decentralized benchmark\commitment-horizon-study\reference_core_benchmark_pilot\known_visit_10target_300.csv,2,16,3,31.73312790001959,31.73312790001959,00,00,1,0,True,completed
141,known_visit,ACBBA,ideal,1.0,19,361,4,10,acbba_h1_ideal,C:\Users\lottj\Desktop\research\decentralized benchmark\commitment-horizon-study\reference_core_benchmark_pilot\known_visit_10target_300.csv,3,4,0,5.320372456464955,5.320372456464955,00,00,1,0,True,completed
141,known_visit,ACBBA,ideal,1.0,19,361,4,10,acbba_h1_ideal,C:\Users\lottj\Desktop\research\decentralized benchmark\commitment-horizon-study\reference_core_benchmark_pilot\known_visit_10target_300.csv,4,17,13,38.692830217628796,38.692830217628796,03,03,1,0,True,completed
141,known_visit,ACBBA,ideal,1.0,19,361,4,10,acbba_h1_ideal,C:\Users\lottj\Desktop\research\decentralized benchmark\commitment-horizon-study\reference_core_benchmark_pilot\known_visit_10target_300.csv,5,4,4,8.611985560217118,8.611985560217118,01,01,1,0,True,completed
141,known_visit,ACBBA,ideal,1.0,19,361,4,10,acbba_h1_ideal,C:\Users\lottj\Desktop\research\decentralized benchmark\commitment-horizon-study\reference_core_benchmark_pilot\known_visit_10target_300.csv,6,18,17,47.420621348397134,47.420621348397134,03,03,1,0,True,completed
141,known_visit,ACBBA,ideal,1.0,19,361,4,10,acbba_h1_ideal,C:\Users\lottj\Desktop\research\decentralized benchmark\commitment-horizon-study\reference_core_benchmark_pilot\known_visit_10target_300.csv,7,6,15,14.137766343278727,14.137766343278727,02,02,1,0,True,completed
141,known_visit,ACBBA,ideal,1.0,19,361,4,10,acbba_h1_ideal,C:\Users\lottj\Desktop\research\decentralized benchmark\commitment-horizon-study\reference_core_benchmark_pilot\known_visit_10target_300.csv,8,8,10,25.93571916685067,25.93571916685067,01,01,1,0,True,completed
141,known_visit,ACBBA,ideal,1.0,19,361,4,10,acbba_h1_ideal,C:\Users\lottj\Desktop\research\decentralized benchmark\commitment-horizon-study\reference_core_benchmark_pilot\known_visit_10target_300.csv,9,15,9,41.006993925703554,41.006993925703554,02,02,1,0,True,completed
141,known_visit,ACBBA,ideal,1.0,19,361,4,10,acbba_h1_ideal,C:\Users\lottj\Desktop\research\decentralized benchmark\commitment-horizon-study\reference_core_benchmark_pilot\known_visit_10target_300.csv,10,12,12,30.015629675578275,30.015629675578275,02,02,2,1,True,completed
142,known_visit,ACBBA,ideal,1.0,19,361,4,10,acbba_h1_ideal,C:\Users\lottj\Desktop\research\decentralized benchmark\commitment-horizon-study\reference_core_benchmark_pilot\known_visit_10target_300.csv,1,0,1,0.5589194961182398,0.5589194961182398,00,00,1,0,True,completed
142,known_visit,ACBBA,ideal,1.0,19,361,4,10,acbba_h1_ideal,C:\Users\lottj\Desktop\research\decentralized benchmark\commitment-horizon-study\reference_core_benchmark_pilot\known_visit_10target_300.csv,2,5,15,12.707105965545573,12.707105965545573,03,03,1,0,True,completed
142,known_visit,ACBBA,ideal,1.0,19,361,4,10,acbba_h1_ideal,C:\Users\lottj\Desktop\research\decentralized benchmark\commitment-horizon-study\reference_core_benchmark_pilot\known_visit_10target_300.csv,3,3,11,5.656175572804973,5.656175572804973,02,02,1,0,True,completed
142,known_visit,ACBBA,ideal,1.0,19,361,4,10,acbba_h1_ideal,C:\Users\lottj\Desktop\research\decentralized benchmark\commitment-horizon-study\reference_core_benchmark_pilot\known_visit_10target_300.csv,4,5,17,9.145678086095751,9.145678086095751,03,03,1,0,True,completed
142,known_visit,ACBBA,ideal,1.0,19,361,4,10,acbba_h1_ideal,C:\Users\lottj\Desktop\research\decentralized benchmark\commitment-horizon-study\reference_core_benchmark_pilot\known_visit_10target_300.csv,5,13,16,33.0722680208864,33.0722680208864,02,02,1,0,True,completed
142,known_visit,ACBBA,ideal,1.0,19,361,4,10,acbba_h1_ideal,C:\Users\lottj\Desktop\research\decentralized benchmark\commitment-horizon-study\reference_core_benchmark_pilot\known_visit_10target_300.csv,6,4,6,5.510649116812421,5.510649116812421,01,01,1,0,True,completed
142,known_visit,ACBBA,ideal,1.0,19,361,4,10,acbba_h1_ideal,C:\Users\lottj\Desktop\research\decentralized benchmark\commitment-horizon-study\reference_core_benchmark_pilot\known_visit_10target_300.csv,7,9,0,24.67750263498433,24.67750263498433,01,01,1,0,True,completed
142,known_visit,ACBBA,ideal,1.0,19,361,4,10,acbba_h1_ideal,C:\Users\lottj\Desktop\research\decentralized benchmark\commitment-horizon-study\reference_core_benchmark_pilot\known_visit_10target_300.csv,8,16,9,42.096952336507464,42.096952336507464,00,00,1,0,True,completed
142,known_visit,ACBBA,ideal,1.0,19,361,4,10,acbba_h1_ideal,C:\Users\lottj\Desktop\research\decentralized benchmark\commitment-horizon-study\reference_core_benchmark_pilot\known_visit_10target_300.csv,9,7,14,26.472882584442058,26.472882584442058,03,03,1,0,True,completed
142,known_visit,ACBBA,ideal,1.0,19,361,4,10,acbba_h1_ideal,C:\Users\lottj\Desktop\research\decentralized benchmark\commitment-horizon-study\reference_core_benchmark_pilot\known_visit_10target_300.csv,10,6,4,12.542915464288884,12.542915464288884,01,01,2,1,True,completed
143,known_visit,ACBBA,ideal,1.0,19,361,4,10,acbba_h1_ideal,C:\Users\lottj\Desktop\research\decentralized benchmark\commitment-horizon-study\reference_core_benchmark_pilot\known_visit_10target_300.csv,1,10,18,19.567081388579904,19.567081388579904,03,03,1,0,True,completed
143,known_visit,ACBBA,ideal,1.0,19,361,4,10,acbba_h1_ideal,C:\Users\lottj\Desktop\research\decentralized benchmark\commitment-horizon-study\reference_core_benchmark_pilot\known_visit_10target_300.csv,2,5,5,8.930741282273615,8.930741282273615,01,01,1,0,True,completed
143,known_visit,ACBBA,ideal,1.0,19,361,4,10,acbba_h1_ideal,C:\Users\lottj\Desktop\research\decentralized benchmark\commitment-horizon-study\reference_core_benchmark_pilot\known_visit_10target_300.csv,3,3,17,5.689890414827282,5.689890414827282,03,03,1,0,True,completed
143,known_visit,ACBBA,ideal,1.0,19,361,4,10,acbba_h1_ideal,C:\Users\lottj\Desktop\research\decentralized benchmark\commitment-horizon-study\reference_core_benchmark_pilot\known_visit_10target_300.csv,4,12,9,28.78149467184204,28.78149467184204,01,01,1,0,True,completed
143,known_visit,ACBBA,ideal,1.0,19,361,4,10,acbba_h1_ideal,C:\Users\lottj\Desktop\research\decentralized benchmark\commitment-horizon-study\reference_core_benchmark_pilot\known_visit_10target_300.csv,5,1,17,2.052608583002588,2.052608583002588,03,03,1,0,True,completed
143,known_visit,ACBBA,ideal,1.0,19,361,4,10,acbba_h1_ideal,C:\Users\lottj\Desktop\research\decentralized benchmark\commitment-horizon-study\reference_core_benchmark_pilot\known_visit_10target_300.csv,6,10,13,18.137760900581938,18.137760900581938,02,02,1,0,True,completed
143,known_visit,ACBBA,ideal,1.0,19,361,4,10,acbba_h1_ideal,C:\Users\lottj\Desktop\research\decentralized benchmark\commitment-horizon-study\reference_core_benchmark_pilot\known_visit_10target_300.csv,7,10,0,15.70521588550864,15.70521588550864,00,00,1,0,True,completed
143,known_visit,ACBBA,ideal,1.0,19,361,4,10,acbba_h1_ideal,C:\Users\lottj\Desktop\research\decentralized benchmark\commitment-horizon-study\reference_core_benchmark_pilot\known_visit_10target_300.csv,8,15,6,35.18095512871695,35.18095512871695,00,00,1,0,True,completed
143,known_visit,ACBBA,ideal,1.0,19,361,4,10,acbba_h1_ideal,C:\Users\lottj\Desktop\research\decentralized benchmark\commitment-horizon-study\reference_core_benchmark_pilot\known_visit_10target_300.csv,9,10,15,21.894438566824608,21.894438566824608,02,02,1,0,True,completed
143,known_visit,ACBBA,ideal,1.0,19,361,4,10,acbba_h1_ideal,C:\Users\lottj\Desktop\research\decentralized benchmark\commitment-horizon-study\reference_core_benchmark_pilot\known_visit_10target_300.csv,10,11,6,21.51495742641837,21.51495742641837,01,01,2,1,True,completed
144,known_visit,ACBBA,ideal,1.0,19,361,4,10,acbba_h1_ideal,C:\Users\lottj\Desktop\research\decentralized benchmark\commitment-horizon-study\reference_core_benchmark_pilot\known_visit_10target_300.csv,1,9,7,19.564558563177865,19.564558563177865,01,01,1,0,True,completed
144,known_visit,ACBBA,ideal,1.0,19,361,4,10,acbba_h1_ideal,C:\Users\lottj\Desktop\research\decentralized benchmark\commitment-horizon-study\reference_core_benchmark_pilot\known_visit_10target_300.csv,2,0,5,0.48958975203646926,0.48958975203646926,01,01,1,0,True,completed
144,known_visit,ACBBA,ideal,1.0,19,361,4,10,acbba_h1_ideal,C:\Users\lottj\Desktop\research\decentralized benchmark\commitment-horizon-study\reference_core_benchmark_pilot\known_visit_10target_300.csv,3,8,11,13.555795674898008,13.555795674898008,02,02,1,0,True,completed
144,known_visit,ACBBA,ideal,1.0,19,361,4,10,acbba_h1_ideal,C:\Users\lottj\Desktop\research\decentralized benchmark\commitment-horizon-study\reference_core_benchmark_pilot\known_visit_10target_300.csv,4,2,2,5.371870883091084,5.371870883091084,00,00,1,0,True,completed
144,known_visit,ACBBA,ideal,1.0,19,361,4,10,acbba_h1_ideal,C:\Users\lottj\Desktop\research\decentralized benchmark\commitment-horizon-study\reference_core_benchmark_pilot\known_visit_10target_300.csv,5,11,15,22.61578233890304,22.61578233890304,03,03,1,0,True,completed
144,known_visit,ACBBA,ideal,1.0,19,361,4,10,acbba_h1_ideal,C:\Users\lottj\Desktop\research\decentralized benchmark\commitment-horizon-study\reference_core_benchmark_pilot\known_visit_10target_300.csv,6,4,12,5.015107501419232,5.015107501419232,02,02,1,0,True,completed
144,known_visit,ACBBA,ideal,1.0,19,361,4,10,acbba_h1_ideal,C:\Users\lottj\Desktop\research\decentralized benchmark\commitment-horizon-study\reference_core_benchmark_pilot\known_visit_10target_300.csv,7,9,6,17.900009005647536,17.900009005647536,01,01,2,1,True,completed
144,known_visit,ACBBA,ideal,1.0,19,361,4,10,acbba_h1_ideal,C:\Users\lottj\Desktop\research\decentralized benchmark\commitment-horizon-study\reference_core_benchmark_pilot\known_visit_10target_300.csv,8,5,12,6.682192882154926,6.682192882154926,02,02,1,0,True,completed
144,known_visit,ACBBA,ideal,1.0,19,361,4,10,acbba_h1_ideal,C:\Users\lottj\Desktop\research\decentralized benchmark\commitment-horizon-study\reference_core_benchmark_pilot\known_visit_10target_300.csv,9,16,13,35.02025995037038,35.02025995037038,03,03,1,0,True,completed
144,known_visit,ACBBA,ideal,1.0,19,361,4,10,acbba_h1_ideal,C:\Users\lottj\Desktop\research\decentralized benchmark\commitment-horizon-study\reference_core_benchmark_pilot\known_visit_10target_300.csv,10,14,2,37.23916929421676,37.23916929421676,01,01,1,0,True,completed
145,known_visit,ACBBA,ideal,1.0,19,361,4,10,acbba_h1_ideal,C:\Users\lottj\Desktop\research\decentralized benchmark\commitment-horizon-study\reference_core_benchmark_pilot\known_visit_10target_300.csv,1,2,5,3.825755240804487,3.825755240804487,01,01,1,0,True,completed
145,known_visit,ACBBA,ideal,1.0,19,361,4,10,acbba_h1_ideal,C:\Users\lottj\Desktop\research\decentralized benchmark\commitment-horizon-study\reference_core_benchmark_pilot\known_visit_10target_300.csv,2,9,4,20.92741150665231,20.92741150665231,00,00,1,0,True,completed
145,known_visit,ACBBA,ideal,1.0,19,361,4,10,acbba_h1_ideal,C:\Users\lottj\Desktop\research\decentralized benchmark\commitment-horizon-study\reference_core_benchmark_pilot\known_visit_10target_300.csv,3,18,11,35.08434124378627,35.08434124378627,02,02,1,0,True,completed
145,known_visit,ACBBA,ideal,1.0,19,361,4,10,acbba_h1_ideal,C:\Users\lottj\Desktop\research\decentralized benchmark\commitment-horizon-study\reference_core_benchmark_pilot\known_visit_10target_300.csv,4,15,1,36.9272578146023,36.9272578146023,00,00,1,0,True,completed
145,known_visit,ACBBA,ideal,1.0,19,361,4,10,acbba_h1_ideal,C:\Users\lottj\Desktop\research\decentralized benchmark\commitment-horizon-study\reference_core_benchmark_pilot\known_visit_10target_300.csv,5,11,11,18.98643791267379,18.98643791267379,02,02,1,0,True,completed
145,known_visit,ACBBA,ideal,1.0,19,361,4,10,acbba_h1_ideal,C:\Users\lottj\Desktop\research\decentralized benchmark\commitment-horizon-study\reference_core_benchmark_pilot\known_visit_10target_300.csv,6,4,17,7.192673452164404,7.192673452164404,03,03,1,0,True,completed
145,known_visit,ACBBA,ideal,1.0,19,361,4,10,acbba_h1_ideal,C:\Users\lottj\Desktop\research\decentralized benchmark\commitment-horizon-study\reference_core_benchmark_pilot\known_visit_10target_300.csv,7,14,10,26.050087896432153,26.050087896432153,02,02,1,0,True,completed
145,known_visit,ACBBA,ideal,1.0,19,361,4,10,acbba_h1_ideal,C:\Users\lottj\Desktop\research\decentralized benchmark\commitment-horizon-study\reference_core_benchmark_pilot\known_visit_10target_300.csv,8,8,7,17.975082526987617,17.975082526987617,01,01,1,0,True,completed
145,known_visit,ACBBA,ideal,1.0,19,361,4,10,acbba_h1_ideal,C:\Users\lottj\Desktop\research\decentralized benchmark\commitment-horizon-study\reference_core_benchmark_pilot\known_visit_10target_300.csv,9,17,6,35.462530942153336,35.462530942153336,01,01,1,0,True,completed
145,known_visit,ACBBA,ideal,1.0,19,361,4,10,acbba_h1_ideal,C:\Users\lottj\Desktop\research\decentralized benchmark\commitment-horizon-study\reference_core_benchmark_pilot\known_visit_10target_300.csv,10,16,11,31.3887807163995,31.3887807163995,02,02,1,0,True,completed
146,known_visit,ACBBA,ideal,1.0,19,361,4,10,acbba_h1_ideal,C:\Users\lottj\Desktop\research\decentralized benchmark\commitment-horizon-study\reference_core_benchmark_pilot\known_visit_10target_300.csv,1,13,9,26.73003777945688,26.73003777945688,01,01,2,1,True,completed
146,known_visit,ACBBA,ideal,1.0,19,361,4,10,acbba_h1_ideal,C:\Users\lottj\Desktop\research\decentralized benchmark\commitment-horizon-study\reference_core_benchmark_pilot\known_visit_10target_300.csv,2,11,16,21.193630451501043,21.193630451501043,03,03,1,0,True,completed
146,known_visit,ACBBA,ideal,1.0,19,361,4,10,acbba_h1_ideal,C:\Users\lottj\Desktop\research\decentralized benchmark\commitment-horizon-study\reference_core_benchmark_pilot\known_visit_10target_300.csv,3,17,8,35.990410717527276,35.990410717527276,01,01,1,0,True,completed
146,known_visit,ACBBA,ideal,1.0,19,361,4,10,acbba_h1_ideal,C:\Users\lottj\Desktop\research\decentralized benchmark\commitment-horizon-study\reference_core_benchmark_pilot\known_visit_10target_300.csv,4,9,2,17.23824481882954,17.23824481882954,00,00,1,0,True,completed
146,known_visit,ACBBA,ideal,1.0,19,361,4,10,acbba_h1_ideal,C:\Users\lottj\Desktop\research\decentralized benchmark\commitment-horizon-study\reference_core_benchmark_pilot\known_visit_10target_300.csv,5,7,8,14.348776096251662,14.348776096251662,01,01,1,0,True,completed
146,known_visit,ACBBA,ideal,1.0,19,361,4,10,acbba_h1_ideal,C:\Users\lottj\Desktop\research\decentralized benchmark\commitment-horizon-study\reference_core_benchmark_pilot\known_visit_10target_300.csv,6,16,0,46.751540330970165,46.751540330970165,00,00,1,0,True,completed
146,known_visit,ACBBA,ideal,1.0,19,361,4,10,acbba_h1_ideal,C:\Users\lottj\Desktop\research\decentralized benchmark\commitment-horizon-study\reference_core_benchmark_pilot\known_visit_10target_300.csv,7,8,13,14.129078507858429,14.129078507858429,02,02,1,0,True,completed
146,known_visit,ACBBA,ideal,1.0,19,361,4,10,acbba_h1_ideal,C:\Users\lottj\Desktop\research\decentralized benchmark\commitment-horizon-study\reference_core_benchmark_pilot\known_visit_10target_300.csv,8,6,0,8.586502796694953,8.586502796694953,00,00,1,0,True,completed
146,known_visit,ACBBA,ideal,1.0,19,361,4,10,acbba_h1_ideal,C:\Users\lottj\Desktop\research\decentralized benchmark\commitment-horizon-study\reference_core_benchmark_pilot\known_visit_10target_300.csv,9,16,6,36.45903098493715,36.45903098493715,00,00,1,0,True,completed
146,known_visit,ACBBA,ideal,1.0,19,361,4,10,acbba_h1_ideal,C:\Users\lottj\Desktop\research\decentralized benchmark\commitment-horizon-study\reference_core_benchmark_pilot\known_visit_10target_300.csv,10,9,5,22.360007263223814,22.360007263223814,00,00,1,0,True,completed
147,known_visit,ACBBA,ideal,1.0,19,361,4,10,acbba_h1_ideal,C:\Users\lottj\Desktop\research\decentralized benchmark\commitment-horizon-study\reference_core_benchmark_pilot\known_visit_10target_300.csv,1,15,10,31.50830732172131,31.50830732172131,01,01,1,0,True,completed
147,known_visit,ACBBA,ideal,1.0,19,361,4,10,acbba_h1_ideal,C:\Users\lottj\Desktop\research\decentralized benchmark\commitment-horizon-study\reference_core_benchmark_pilot\known_visit_10target_300.csv,2,9,10,20.844782037767477,20.844782037767477,01,01,2,1,True,completed
147,known_visit,ACBBA,ideal,1.0,19,361,4,10,acbba_h1_ideal,C:\Users\lottj\Desktop\research\decentralized benchmark\commitment-horizon-study\reference_core_benchmark_pilot\known_visit_10target_300.csv,3,16,11,35.06420464318325,35.06420464318325,01,01,1,0,True,completed
147,known_visit,ACBBA,ideal,1.0,19,361,4,10,acbba_h1_ideal,C:\Users\lottj\Desktop\research\decentralized benchmark\commitment-horizon-study\reference_core_benchmark_pilot\known_visit_10target_300.csv,4,5,17,9.117211913677616,9.117211913677616,03,03,1,0,True,completed
147,known_visit,ACBBA,ideal,1.0,19,361,4,10,acbba_h1_ideal,C:\Users\lottj\Desktop\research\decentralized benchmark\commitment-horizon-study\reference_core_benchmark_pilot\known_visit_10target_300.csv,5,0,17,0.4017439259487354,0.4017439259487354,03,03,1,0,True,completed
147,known_visit,ACBBA,ideal,1.0,19,361,4,10,acbba_h1_ideal,C:\Users\lottj\Desktop\research\decentralized benchmark\commitment-horizon-study\reference_core_benchmark_pilot\known_visit_10target_300.csv,6,6,18,12.790536338559248,12.790536338559248,03,03,1,0,True,completed
147,known_visit,ACBBA,ideal,1.0,19,361,4,10,acbba_h1_ideal,C:\Users\lottj\Desktop\research\decentralized benchmark\commitment-horizon-study\reference_core_benchmark_pilot\known_visit_10target_300.csv,7,11,10,24.603842718809567,24.603842718809567,01,01,2,1,True,completed
147,known_visit,ACBBA,ideal,1.0,19,361,4,10,acbba_h1_ideal,C:\Users\lottj\Desktop\research\decentralized benchmark\commitment-horizon-study\reference_core_benchmark_pilot\known_visit_10target_300.csv,8,18,18,33.44235425740719,33.44235425740719,03,03,1,0,True,completed
147,known_visit,ACBBA,ideal,1.0,19,361,4,10,acbba_h1_ideal,C:\Users\lottj\Desktop\research\decentralized benchmark\commitment-horizon-study\reference_core_benchmark_pilot\known_visit_10target_300.csv,9,1,1,2.1876182132112105,2.1876182132112105,00,00,1,0,True,completed
147,known_visit,ACBBA,ideal,1.0,19,361,4,10,acbba_h1_ideal,C:\Users\lottj\Desktop\research\decentralized benchmark\commitment-horizon-study\reference_core_benchmark_pilot\known_visit_10target_300.csv,10,16,15,35.03466348806577,35.03466348806577,02,02,1,0,True,completed
148,known_visit,ACBBA,ideal,1.0,19,361,4,10,acbba_h1_ideal,C:\Users\lottj\Desktop\research\decentralized benchmark\commitment-horizon-study\reference_core_benchmark_pilot\known_visit_10target_300.csv,1,13,12,28.327696874520356,28.327696874520356,02,02,1,0,True,completed
148,known_visit,ACBBA,ideal,1.0,19,361,4,10,acbba_h1_ideal,C:\Users\lottj\Desktop\research\decentralized benchmark\commitment-horizon-study\reference_core_benchmark_pilot\known_visit_10target_300.csv,2,12,9,24.405057036856086,24.405057036856086,01,01,1,0,True,completed
148,known_visit,ACBBA,ideal,1.0,19,361,4,10,acbba_h1_ideal,C:\Users\lottj\Desktop\research\decentralized benchmark\commitment-horizon-study\reference_core_benchmark_pilot\known_visit_10target_300.csv,3,9,15,19.195752672391627,19.195752672391627,03,03,1,0,True,completed
148,known_visit,ACBBA,ideal,1.0,19,361,4,10,acbba_h1_ideal,C:\Users\lottj\Desktop\research\decentralized benchmark\commitment-horizon-study\reference_core_benchmark_pilot\known_visit_10target_300.csv,4,8,3,16.991183941294807,16.991183941294807,00,00,1,0,True,completed
148,known_visit,ACBBA,ideal,1.0,19,361,4,10,acbba_h1_ideal,C:\Users\lottj\Desktop\research\decentralized benchmark\commitment-horizon-study\reference_core_benchmark_pilot\known_visit_10target_300.csv,5,6,15,13.984865611380469,13.984865611380469,03,03,1,0,True,completed
148,known_visit,ACBBA,ideal,1.0,19,361,4,10,acbba_h1_ideal,C:\Users\lottj\Desktop\research\decentralized benchmark\commitment-horizon-study\reference_core_benchmark_pilot\known_visit_10target_300.csv,6,11,7,18.94767369755001,18.94767369755001,01,01,1,0,True,completed
148,known_visit,ACBBA,ideal,1.0,19,361,4,10,acbba_h1_ideal,C:\Users\lottj\Desktop\research\decentralized benchmark\commitment-horizon-study\reference_core_benchmark_pilot\known_visit_10target_300.csv,7,17,8,38.92454918810072,38.92454918810072,01,01,1,0,True,completed
148,known_visit,ACBBA,ideal,1.0,19,361,4,10,acbba_h1_ideal,C:\Users\lottj\Desktop\research\decentralized benchmark\commitment-horizon-study\reference_core_benchmark_pilot\known_visit_10target_300.csv,8,13,0,41.45165600986327,41.45165600986327,00,00,1,0,True,completed
148,known_visit,ACBBA,ideal,1.0,19,361,4,10,acbba_h1_ideal,C:\Users\lottj\Desktop\research\decentralized benchmark\commitment-horizon-study\reference_core_benchmark_pilot\known_visit_10target_300.csv,9,15,10,31.62120745542591,31.62120745542591,01,01,1,0,True,completed
148,known_visit,ACBBA,ideal,1.0,19,361,4,10,acbba_h1_ideal,C:\Users\lottj\Desktop\research\decentralized benchmark\commitment-horizon-study\reference_core_benchmark_pilot\known_visit_10target_300.csv,10,17,12,35.509529774045646,35.509529774045646,02,02,1,0,True,completed
149,known_visit,ACBBA,ideal,1.0,19,361,4,10,acbba_h1_ideal,C:\Users\lottj\Desktop\research\decentralized benchmark\commitment-horizon-study\reference_core_benchmark_pilot\known_visit_10target_300.csv,1,4,14,8.873093315684928,8.873093315684928,02,02,1,0,True,completed
149,known_visit,ACBBA,ideal,1.0,19,361,4,10,acbba_h1_ideal,C:\Users\lottj\Desktop\research\decentralized benchmark\commitment-horizon-study\reference_core_benchmark_pilot\known_visit_10target_300.csv,2,13,3,27.18429516524362,27.18429516524362,00,00,1,0,True,completed
149,known_visit,ACBBA,ideal,1.0,19,361,4,10,acbba_h1_ideal,C:\Users\lottj\Desktop\research\decentralized benchmark\commitment-horizon-study\reference_core_benchmark_pilot\known_visit_10target_300.csv,3,3,1,5.6891870703948495,5.6891870703948495,00,00,1,0,True,completed
149,known_visit,ACBBA,ideal,1.0,19,361,4,10,acbba_h1_ideal,C:\Users\lottj\Desktop\research\decentralized benchmark\commitment-horizon-study\reference_core_benchmark_pilot\known_visit_10target_300.csv,4,4,2,9.508430163359398,9.508430163359398,00,00,1,0,True,completed
149,known_visit,ACBBA,ideal,1.0,19,361,4,10,acbba_h1_ideal,C:\Users\lottj\Desktop\research\decentralized benchmark\commitment-horizon-study\reference_core_benchmark_pilot\known_visit_10target_300.csv,5,7,15,15.749161892015344,15.749161892015344,03,03,1,0,True,completed
149,known_visit,ACBBA,ideal,1.0,19,361,4,10,acbba_h1_ideal,C:\Users\lottj\Desktop\research\decentralized benchmark\commitment-horizon-study\reference_core_benchmark_pilot\known_visit_10target_300.csv,6,8,9,24.916347084352488,24.916347084352488,01,01,1,0,True,completed
149,known_visit,ACBBA,ideal,1.0,19,361,4,10,acbba_h1_ideal,C:\Users\lottj\Desktop\research\decentralized benchmark\commitment-horizon-study\reference_core_benchmark_pilot\known_visit_10target_300.csv,7,15,9,37.24534742032689,37.24534742032689,01,01,1,0,True,completed
149,known_visit,ACBBA,ideal,1.0,19,361,4,10,acbba_h1_ideal,C:\Users\lottj\Desktop\research\decentralized benchmark\commitment-horizon-study\reference_core_benchmark_pilot\known_visit_10target_300.csv,8,3,0,3.5937044368358655,3.5937044368358655,00,00,1,0,True,completed
149,known_visit,ACBBA,ideal,1.0,19,361,4,10,acbba_h1_ideal,C:\Users\lottj\Desktop\research\decentralized benchmark\commitment-horizon-study\reference_core_benchmark_pilot\known_visit_10target_300.csv,9,17,1,37.84761612092471,37.84761612092471,00,00,1,0,True,completed
149,known_visit,ACBBA,ideal,1.0,19,361,4,10,acbba_h1_ideal,C:\Users\lottj\Desktop\research\decentralized benchmark\commitment-horizon-study\reference_core_benchmark_pilot\known_visit_10target_300.csv,10,3,5,5.541114668589576,5.541114668589576,01,01,1,0,True,completed
150,known_visit,ACBBA,ideal,1.0,19,361,4,10,acbba_h1_ideal,C:\Users\lottj\Desktop\research\decentralized benchmark\commitment-horizon-study\reference_core_benchmark_pilot\known_visit_10target_300.csv,1,0,3,8.276333824182842,8.276333824182842,01,01,1,0,True,completed
150,known_visit,ACBBA,ideal,1.0,19,361,4,10,acbba_h1_ideal,C:\Users\lottj\Desktop\research\decentralized benchmark\commitment-horizon-study\reference_core_benchmark_pilot\known_visit_10target_300.csv,2,5,18,6.98036256085318,6.98036256085318,03,03,1,0,True,completed
150,known_visit,ACBBA,ideal,1.0,19,361,4,10,acbba_h1_ideal,C:\Users\lottj\Desktop\research\decentralized benchmark\commitment-horizon-study\reference_core_benchmark_pilot\known_visit_10target_300.csv,3,13,14,28.01846706553184,28.01846706553184,03,03,1,0,True,completed
150,known_visit,ACBBA,ideal,1.0,19,361,4,10,acbba_h1_ideal,C:\Users\lottj\Desktop\research\decentralized benchmark\commitment-horizon-study\reference_core_benchmark_pilot\known_visit_10target_300.csv,4,16,12,36.999853895685774,36.999853895685774,03,03,1,0,True,completed
150,known_visit,ACBBA,ideal,1.0,19,361,4,10,acbba_h1_ideal,C:\Users\lottj\Desktop\research\decentralized benchmark\commitment-horizon-study\reference_core_benchmark_pilot\known_visit_10target_300.csv,5,4,1,11.717772770152889,11.717772770152889,00,00,1,0,True,completed
150,known_visit,ACBBA,ideal,1.0,19,361,4,10,acbba_h1_ideal,C:\Users\lottj\Desktop\research\decentralized benchmark\commitment-horizon-study\reference_core_benchmark_pilot\known_visit_10target_300.csv,6,11,8,24.46553753432587,24.46553753432587,02,02,1,0,True,completed
150,known_visit,ACBBA,ideal,1.0,19,361,4,10,acbba_h1_ideal,C:\Users\lottj\Desktop\research\decentralized benchmark\commitment-horizon-study\reference_core_benchmark_pilot\known_visit_10target_300.csv,7,13,0,36.81419030287167,36.81419030287167,01,01,1,0,True,completed
150,known_visit,ACBBA,ideal,1.0,19,361,4,10,acbba_h1_ideal,C:\Users\lottj\Desktop\research\decentralized benchmark\commitment-horizon-study\reference_core_benchmark_pilot\known_visit_10target_300.csv,8,13,10,31.86712216897008,31.86712216897008,02,02,1,0,True,completed
150,known_visit,ACBBA,ideal,1.0,19,361,4,10,acbba_h1_ideal,C:\Users\lottj\Desktop\research\decentralized benchmark\commitment-horizon-study\reference_core_benchmark_pilot\known_visit_10target_300.csv,9,8,3,22.49442295361138,22.49442295361138,00,00,1,0,True,completed
150,known_visit,ACBBA,ideal,1.0,19,361,4,10,acbba_h1_ideal,C:\Users\lottj\Desktop\research\decentralized benchmark\commitment-horizon-study\reference_core_benchmark_pilot\known_visit_10target_300.csv,10,5,17,9.041385514613703,9.041385514613703,03,03,1,0,True,completed
151,known_visit,ACBBA,ideal,1.0,19,361,4,10,acbba_h1_ideal,C:\Users\lottj\Desktop\research\decentralized benchmark\commitment-horizon-study\reference_core_benchmark_pilot\known_visit_10target_300.csv,1,9,7,22.968955233426986,22.968955233426986,01,01,1,0,True,completed
151,known_visit,ACBBA,ideal,1.0,19,361,4,10,acbba_h1_ideal,C:\Users\lottj\Desktop\research\decentralized benchmark\commitment-horizon-study\reference_core_benchmark_pilot\known_visit_10target_300.csv,2,1,11,2.2631363679737344,2.2631363679737344,02,02,1,0,True,completed
151,known_visit,ACBBA,ideal,1.0,19,361,4,10,acbba_h1_ideal,C:\Users\lottj\Desktop\research\decentralized benchmark\commitment-horizon-study\reference_core_benchmark_pilot\known_visit_10target_300.csv,3,5,18,15.00116740323068,15.00116740323068,03,03,1,0,True,completed
151,known_visit,ACBBA,ideal,1.0,19,361,4,10,acbba_h1_ideal,C:\Users\lottj\Desktop\research\decentralized benchmark\commitment-horizon-study\reference_core_benchmark_pilot\known_visit_10target_300.csv,4,16,3,31.752239146503353,31.752239146503353,00,00,1,0,True,completed
151,known_visit,ACBBA,ideal,1.0,19,361,4,10,acbba_h1_ideal,C:\Users\lottj\Desktop\research\decentralized benchmark\commitment-horizon-study\reference_core_benchmark_pilot\known_visit_10target_300.csv,5,3,16,7.582335633696987,7.582335633696987,03,03,1,0,True,completed
151,known_visit,ACBBA,ideal,1.0,19,361,4,10,acbba_h1_ideal,C:\Users\lottj\Desktop\research\decentralized benchmark\commitment-horizon-study\reference_core_benchmark_pilot\known_visit_10target_300.csv,6,0,4,2.105403957246149,2.105403957246149,01,01,1,0,True,completed
151,known_visit,ACBBA,ideal,1.0,19,361,4,10,acbba_h1_ideal,C:\Users\lottj\Desktop\research\decentralized benchmark\commitment-horizon-study\reference_core_benchmark_pilot\known_visit_10target_300.csv,7,18,10,40.81645670506766,40.81645670506766,02,02,1,0,True,completed
151,known_visit,ACBBA,ideal,1.0,19,361,4,10,acbba_h1_ideal,C:\Users\lottj\Desktop\research\decentralized benchmark\commitment-horizon-study\reference_core_benchmark_pilot\known_visit_10target_300.csv,8,6,8,16.24380851609899,16.24380851609899,02,02,1,0,True,completed
151,known_visit,ACBBA,ideal,1.0,19,361,4,10,acbba_h1_ideal,C:\Users\lottj\Desktop\research\decentralized benchmark\commitment-horizon-study\reference_core_benchmark_pilot\known_visit_10target_300.csv,9,17,13,44.70332629503776,44.70332629503776,03,03,1,0,True,completed
151,known_visit,ACBBA,ideal,1.0,19,361,4,10,acbba_h1_ideal,C:\Users\lottj\Desktop\research\decentralized benchmark\commitment-horizon-study\reference_core_benchmark_pilot\known_visit_10target_300.csv,10,12,1,21.186516797911857,21.186516797911857,00,00,1,0,True,completed
152,known_visit,ACBBA,ideal,1.0,19,361,4,10,acbba_h1_ideal,C:\Users\lottj\Desktop\research\decentralized benchmark\commitment-horizon-study\reference_core_benchmark_pilot\known_visit_10target_300.csv,1,8,4,16.21969187478146,16.21969187478146,01,01,1,0,True,completed
152,known_visit,ACBBA,ideal,1.0,19,361,4,10,acbba_h1_ideal,C:\Users\lottj\Desktop\research\decentralized benchmark\commitment-horizon-study\reference_core_benchmark_pilot\known_visit_10target_300.csv,2,8,3,18.22718229684127,18.22718229684127,01,01,1,0,True,completed
152,known_visit,ACBBA,ideal,1.0,19,361,4,10,acbba_h1_ideal,C:\Users\lottj\Desktop\research\decentralized benchmark\commitment-horizon-study\reference_core_benchmark_pilot\known_visit_10target_300.csv,3,12,3,25.202855596101298,25.202855596101298,01,01,1,0,True,completed
152,known_visit,ACBBA,ideal,1.0,19,361,4,10,acbba_h1_ideal,C:\Users\lottj\Desktop\research\decentralized benchmark\commitment-horizon-study\reference_core_benchmark_pilot\known_visit_10target_300.csv,4,2,13,3.8990208278158973,3.8990208278158973,02,02,1,0,True,completed
152,known_visit,ACBBA,ideal,1.0,19,361,4,10,acbba_h1_ideal,C:\Users\lottj\Desktop\research\decentralized benchmark\commitment-horizon-study\reference_core_benchmark_pilot\known_visit_10target_300.csv,5,8,17,21.301526537259655,21.301526537259655,03,03,1,0,True,completed
152,known_visit,ACBBA,ideal,1.0,19,361,4,10,acbba_h1_ideal,C:\Users\lottj\Desktop\research\decentralized benchmark\commitment-horizon-study\reference_core_benchmark_pilot\known_visit_10target_300.csv,6,5,1,9.335432284494642,9.335432284494642,00,00,1,0,True,completed
152,known_visit,ACBBA,ideal,1.0,19,361,4,10,acbba_h1_ideal,C:\Users\lottj\Desktop\research\decentralized benchmark\commitment-horizon-study\reference_core_benchmark_pilot\known_visit_10target_300.csv,7,3,14,7.543088245795272,7.543088245795272,02,02,1,0,True,completed
152,known_visit,ACBBA,ideal,1.0,19,361,4,10,acbba_h1_ideal,C:\Users\lottj\Desktop\research\decentralized benchmark\commitment-horizon-study\reference_core_benchmark_pilot\known_visit_10target_300.csv,8,4,1,7.268051431404825,7.268051431404825,00,00,1,0,True,completed
152,known_visit,ACBBA,ideal,1.0,19,361,4,10,acbba_h1_ideal,C:\Users\lottj\Desktop\research\decentralized benchmark\commitment-horizon-study\reference_core_benchmark_pilot\known_visit_10target_300.csv,9,2,15,7.062130163301553,7.062130163301553,03,03,1,0,True,completed
152,known_visit,ACBBA,ideal,1.0,19,361,4,10,acbba_h1_ideal,C:\Users\lottj\Desktop\research\decentralized benchmark\commitment-horizon-study\reference_core_benchmark_pilot\known_visit_10target_300.csv,10,15,18,35.538046417497185,35.538046417497185,03,03,1,0,True,completed
153,known_visit,ACBBA,ideal,1.0,19,361,4,10,acbba_h1_ideal,C:\Users\lottj\Desktop\research\decentralized benchmark\commitment-horizon-study\reference_core_benchmark_pilot\known_visit_10target_300.csv,1,3,17,5.491825911762907,5.491825911762907,03,03,1,0,True,completed
153,known_visit,ACBBA,ideal,1.0,19,361,4,10,acbba_h1_ideal,C:\Users\lottj\Desktop\research\decentralized benchmark\commitment-horizon-study\reference_core_benchmark_pilot\known_visit_10target_300.csv,2,10,10,23.494111648094805,23.494111648094805,01,01,1,0,True,completed
153,known_visit,ACBBA,ideal,1.0,19,361,4,10,acbba_h1_ideal,C:\Users\lottj\Desktop\research\decentralized benchmark\commitment-horizon-study\reference_core_benchmark_pilot\known_visit_10target_300.csv,3,17,4,35.32760446591583,35.32760446591583,00,00,1,0,True,completed
153,known_visit,ACBBA,ideal,1.0,19,361,4,10,acbba_h1_ideal,C:\Users\lottj\Desktop\research\decentralized benchmark\commitment-horizon-study\reference_core_benchmark_pilot\known_visit_10target_300.csv,4,7,9,16.413006254468883,16.413006254468883,01,01,1,0,True,completed
153,known_visit,ACBBA,ideal,1.0,19,361,4,10,acbba_h1_ideal,C:\Users\lottj\Desktop\research\decentralized benchmark\commitment-horizon-study\reference_core_benchmark_pilot\known_visit_10target_300.csv,5,17,15,33.6828176824847,33.6828176824847,03,03,1,0,True,completed
153,known_visit,ACBBA,ideal,1.0,19,361,4,10,acbba_h1_ideal,C:\Users\lottj\Desktop\research\decentralized benchmark\commitment-horizon-study\reference_core_benchmark_pilot\known_visit_10target_300.csv,6,5,2,11.179542489033079,11.179542489033079,00,00,1,0,True,completed
153,known_visit,ACBBA,ideal,1.0,19,361,4,10,acbba_h1_ideal,C:\Users\lottj\Desktop\research\decentralized benchmark\commitment-horizon-study\reference_core_benchmark_pilot\known_visit_10target_300.csv,7,4,2,9.157035032822588,9.157035032822588,00,00,1,0,True,completed
153,known_visit,ACBBA,ideal,1.0,19,361,4,10,acbba_h1_ideal,C:\Users\lottj\Desktop\research\decentralized benchmark\commitment-horizon-study\reference_core_benchmark_pilot\known_visit_10target_300.csv,8,4,15,11.718098846357814,11.718098846357814,03,03,1,0,True,completed
153,known_visit,ACBBA,ideal,1.0,19,361,4,10,acbba_h1_ideal,C:\Users\lottj\Desktop\research\decentralized benchmark\commitment-horizon-study\reference_core_benchmark_pilot\known_visit_10target_300.csv,9,14,4,30.181219081247356,30.181219081247356,00,00,1,0,True,completed
153,known_visit,ACBBA,ideal,1.0,19,361,4,10,acbba_h1_ideal,C:\Users\lottj\Desktop\research\decentralized benchmark\commitment-horizon-study\reference_core_benchmark_pilot\known_visit_10target_300.csv,10,4,7,7.220302964671434,7.220302964671434,01,01,1,0,True,completed
154,known_visit,ACBBA,ideal,1.0,19,361,4,10,acbba_h1_ideal,C:\Users\lottj\Desktop\research\decentralized benchmark\commitment-horizon-study\reference_core_benchmark_pilot\known_visit_10target_300.csv,1,9,5,19.815858343221695,19.815858343221695,01,01,1,0,True,completed
154,known_visit,ACBBA,ideal,1.0,19,361,4,10,acbba_h1_ideal,C:\Users\lottj\Desktop\research\decentralized benchmark\commitment-horizon-study\reference_core_benchmark_pilot\known_visit_10target_300.csv,2,2,7,4.145575036165077,4.145575036165077,01,01,1,0,True,completed
154,known_visit,ACBBA,ideal,1.0,19,361,4,10,acbba_h1_ideal,C:\Users\lottj\Desktop\research\decentralized benchmark\commitment-horizon-study\reference_core_benchmark_pilot\known_visit_10target_300.csv,3,17,8,38.89360228928719,38.89360228928719,01,01,1,0,True,completed
154,known_visit,ACBBA,ideal,1.0,19,361,4,10,acbba_h1_ideal,C:\Users\lottj\Desktop\research\decentralized benchmark\commitment-horizon-study\reference_core_benchmark_pilot\known_visit_10target_300.csv,4,17,6,35.646852049339024,35.646852049339024,01,01,1,0,True,completed
154,known_visit,ACBBA,ideal,1.0,19,361,4,10,acbba_h1_ideal,C:\Users\lottj\Desktop\research\decentralized benchmark\commitment-horizon-study\reference_core_benchmark_pilot\known_visit_10target_300.csv,5,1,7,2.2081126995127853,2.2081126995127853,01,01,1,0,True,completed
154,known_visit,ACBBA,ideal,1.0,19,361,4,10,acbba_h1_ideal,C:\Users\lottj\Desktop\research\decentralized benchmark\commitment-horizon-study\reference_core_benchmark_pilot\known_visit_10target_300.csv,6,1,14,4.408506490263596,4.408506490263596,02,02,1,0,True,completed
154,known_visit,ACBBA,ideal,1.0,19,361,4,10,acbba_h1_ideal,C:\Users\lottj\Desktop\research\decentralized benchmark\commitment-horizon-study\reference_core_benchmark_pilot\known_visit_10target_300.csv,7,8,12,20.44629145799611,20.44629145799611,02,02,1,0,True,completed
154,known_visit,ACBBA,ideal,1.0,19,361,4,10,acbba_h1_ideal,C:\Users\lottj\Desktop\research\decentralized benchmark\commitment-horizon-study\reference_core_benchmark_pilot\known_visit_10target_300.csv,8,4,4,12.649543714439687,12.649543714439687,00,00,1,0,True,completed
154,known_visit,ACBBA,ideal,1.0,19,361,4,10,acbba_h1_ideal,C:\Users\lottj\Desktop\research\decentralized benchmark\commitment-horizon-study\reference_core_benchmark_pilot\known_visit_10target_300.csv,9,4,12,13.290006771720037,13.290006771720037,02,02,1,0,True,completed
154,known_visit,ACBBA,ideal,1.0,19,361,4,10,acbba_h1_ideal,C:\Users\lottj\Desktop\research\decentralized benchmark\commitment-horizon-study\reference_core_benchmark_pilot\known_visit_10target_300.csv,10,0,15,3.864476420853121,3.864476420853121,03,03,1,0,True,completed
155,known_visit,ACBBA,ideal,1.0,19,361,4,10,acbba_h1_ideal,C:\Users\lottj\Desktop\research\decentralized benchmark\commitment-horizon-study\reference_core_benchmark_pilot\known_visit_10target_300.csv,1,3,4,7.193195113304047,7.193195113304047,01,01,1,0,True,completed
155,known_visit,ACBBA,ideal,1.0,19,361,4,10,acbba_h1_ideal,C:\Users\lottj\Desktop\research\decentralized benchmark\commitment-horizon-study\reference_core_benchmark_pilot\known_visit_10target_300.csv,2,1,1,2.11764721487739,2.11764721487739,00,00,1,0,True,completed
155,known_visit,ACBBA,ideal,1.0,19,361,4,10,acbba_h1_ideal,C:\Users\lottj\Desktop\research\decentralized benchmark\commitment-horizon-study\reference_core_benchmark_pilot\known_visit_10target_300.csv,3,3,17,5.600512717565954,5.600512717565954,03,03,1,0,True,completed
155,known_visit,ACBBA,ideal,1.0,19,361,4,10,acbba_h1_ideal,C:\Users\lottj\Desktop\research\decentralized benchmark\commitment-horizon-study\reference_core_benchmark_pilot\known_visit_10target_300.csv,4,17,15,33.43325356956657,33.43325356956657,03,03,1,0,True,completed
155,known_visit,ACBBA,ideal,1.0,19,361,4,10,acbba_h1_ideal,C:\Users\lottj\Desktop\research\decentralized benchmark\commitment-horizon-study\reference_core_benchmark_pilot\known_visit_10target_300.csv,5,15,4,35.533318433210404,35.533318433210404,00,00,1,0,True,completed
155,known_visit,ACBBA,ideal,1.0,19,361,4,10,acbba_h1_ideal,C:\Users\lottj\Desktop\research\decentralized benchmark\commitment-horizon-study\reference_core_benchmark_pilot\known_visit_10target_300.csv,6,8,17,14.399109683717375,14.399109683717375,03,03,1,0,True,completed
155,known_visit,ACBBA,ideal,1.0,19,361,4,10,acbba_h1_ideal,C:\Users\lottj\Desktop\research\decentralized benchmark\commitment-horizon-study\reference_core_benchmark_pilot\known_visit_10target_300.csv,7,18,13,31.509032913072705,31.509032913072705,02,02,1,0,True,completed
155,known_visit,ACBBA,ideal,1.0,19,361,4,10,acbba_h1_ideal,C:\Users\lottj\Desktop\research\decentralized benchmark\commitment-horizon-study\reference_core_benchmark_pilot\known_visit_10target_300.csv,8,18,0,47.767401618130975,47.767401618130975,00,00,1,0,True,completed
155,known_visit,ACBBA,ideal,1.0,19,361,4,10,acbba_h1_ideal,C:\Users\lottj\Desktop\research\decentralized benchmark\commitment-horizon-study\reference_core_benchmark_pilot\known_visit_10target_300.csv,9,11,8,28.283042038363323,28.283042038363323,01,01,1,0,True,completed
155,known_visit,ACBBA,ideal,1.0,19,361,4,10,acbba_h1_ideal,C:\Users\lottj\Desktop\research\decentralized benchmark\commitment-horizon-study\reference_core_benchmark_pilot\known_visit_10target_300.csv,10,18,1,46.00843607765899,46.00843607765899,00,00,1,0,True,completed
156,known_visit,ACBBA,ideal,1.0,19,361,4,10,acbba_h1_ideal,C:\Users\lottj\Desktop\research\decentralized benchmark\commitment-horizon-study\reference_core_benchmark_pilot\known_visit_10target_300.csv,1,4,5,13.972667982653096,13.972667982653096,00,00,1,0,True,completed
156,known_visit,ACBBA,ideal,1.0,19,361,4,10,acbba_h1_ideal,C:\Users\lottj\Desktop\research\decentralized benchmark\commitment-horizon-study\reference_core_benchmark_pilot\known_visit_10target_300.csv,2,11,17,34.486222901920364,34.486222901920364,02,02,1,0,True,completed
156,known_visit,ACBBA,ideal,1.0,19,361,4,10,acbba_h1_ideal,C:\Users\lottj\Desktop\research\decentralized benchmark\commitment-horizon-study\reference_core_benchmark_pilot\known_visit_10target_300.csv,3,8,12,20.104110007213595,20.104110007213595,02,02,1,0,True,completed
156,known_visit,ACBBA,ideal,1.0,19,361,4,10,acbba_h1_ideal,C:\Users\lottj\Desktop\research\decentralized benchmark\commitment-horizon-study\reference_core_benchmark_pilot\known_visit_10target_300.csv,4,11,16,32.77365703492385,32.77365703492385,02,02,1,0,True,completed
156,known_visit,ACBBA,ideal,1.0,19,361,4,10,acbba_h1_ideal,C:\Users\lottj\Desktop\research\decentralized benchmark\commitment-horizon-study\reference_core_benchmark_pilot\known_visit_10target_300.csv,5,10,6,26.849133052959456,26.849133052959456,01,01,1,0,True,completed
156,known_visit,ACBBA,ideal,1.0,19,361,4,10,acbba_h1_ideal,C:\Users\lottj\Desktop\research\decentralized benchmark\commitment-horizon-study\reference_core_benchmark_pilot\known_visit_10target_300.csv,6,9,12,22.080404610550097,22.080404610550097,02,02,1,0,True,completed
156,known_visit,ACBBA,ideal,1.0,19,361,4,10,acbba_h1_ideal,C:\Users\lottj\Desktop\research\decentralized benchmark\commitment-horizon-study\reference_core_benchmark_pilot\known_visit_10target_300.csv,7,4,14,12.215357888162107,12.215357888162107,03,03,1,0,True,completed
156,known_visit,ACBBA,ideal,1.0,19,361,4,10,acbba_h1_ideal,C:\Users\lottj\Desktop\research\decentralized benchmark\commitment-horizon-study\reference_core_benchmark_pilot\known_visit_10target_300.csv,8,6,4,19.643811076190563,19.643811076190563,00,00,1,0,True,completed
156,known_visit,ACBBA,ideal,1.0,19,361,4,10,acbba_h1_ideal,C:\Users\lottj\Desktop\research\decentralized benchmark\commitment-horizon-study\reference_core_benchmark_pilot\known_visit_10target_300.csv,9,1,9,5.452065405442872,5.452065405442872,01,01,1,0,True,completed
156,known_visit,ACBBA,ideal,1.0,19,361,4,10,acbba_h1_ideal,C:\Users\lottj\Desktop\research\decentralized benchmark\commitment-horizon-study\reference_core_benchmark_pilot\known_visit_10target_300.csv,10,15,17,41.63709896978444,41.63709896978444,02,02,1,0,True,completed
157,known_visit,ACBBA,ideal,1.0,19,361,4,10,acbba_h1_ideal,C:\Users\lottj\Desktop\research\decentralized benchmark\commitment-horizon-study\reference_core_benchmark_pilot\known_visit_10target_300.csv,1,13,3,26.21294692720688,26.21294692720688,01,01,1,0,True,completed
157,known_visit,ACBBA,ideal,1.0,19,361,4,10,acbba_h1_ideal,C:\Users\lottj\Desktop\research\decentralized benchmark\commitment-horizon-study\reference_core_benchmark_pilot\known_visit_10target_300.csv,2,18,12,41.710871796217354,41.710871796217354,03,03,1,0,True,completed
157,known_visit,ACBBA,ideal,1.0,19,361,4,10,acbba_h1_ideal,C:\Users\lottj\Desktop\research\decentralized benchmark\commitment-horizon-study\reference_core_benchmark_pilot\known_visit_10target_300.csv,3,2,15,7.993038847023947,7.993038847023947,03,03,1,0,True,completed
157,known_visit,ACBBA,ideal,1.0,19,361,4,10,acbba_h1_ideal,C:\Users\lottj\Desktop\research\decentralized benchmark\commitment-horizon-study\reference_core_benchmark_pilot\known_visit_10target_300.csv,4,11,1,23.288429349321273,23.288429349321273,00,00,1,0,True,completed
157,known_visit,ACBBA,ideal,1.0,19,361,4,10,acbba_h1_ideal,C:\Users\lottj\Desktop\research\decentralized benchmark\commitment-horizon-study\reference_core_benchmark_pilot\known_visit_10target_300.csv,5,15,14,32.77631845954065,32.77631845954065,03,03,1,0,True,completed
157,known_visit,ACBBA,ideal,1.0,19,361,4,10,acbba_h1_ideal,C:\Users\lottj\Desktop\research\decentralized benchmark\commitment-horizon-study\reference_core_benchmark_pilot\known_visit_10target_300.csv,6,5,2,11.124825665910489,11.124825665910489,00,00,1,0,True,completed
157,known_visit,ACBBA,ideal,1.0,19,361,4,10,acbba_h1_ideal,C:\Users\lottj\Desktop\research\decentralized benchmark\commitment-horizon-study\reference_core_benchmark_pilot\known_visit_10target_300.csv,7,2,14,5.50404479799575,5.50404479799575,02,02,1,0,True,completed
157,known_visit,ACBBA,ideal,1.0,19,361,4,10,acbba_h1_ideal,C:\Users\lottj\Desktop\research\decentralized benchmark\commitment-horizon-study\reference_core_benchmark_pilot\known_visit_10target_300.csv,8,6,9,21.91538009820803,21.91538009820803,02,02,1,0,True,completed
157,known_visit,ACBBA,ideal,1.0,19,361,4,10,acbba_h1_ideal,C:\Users\lottj\Desktop\research\decentralized benchmark\commitment-horizon-study\reference_core_benchmark_pilot\known_visit_10target_300.csv,9,2,0,1.9584948161359468,1.9584948161359468,00,00,1,0,True,completed
157,known_visit,ACBBA,ideal,1.0,19,361,4,10,acbba_h1_ideal,C:\Users\lottj\Desktop\research\decentralized benchmark\commitment-horizon-study\reference_core_benchmark_pilot\known_visit_10target_300.csv,10,3,2,7.494173609399542,7.494173609399542,00,00,1,0,True,completed
158,known_visit,ACBBA,ideal,1.0,19,361,4,10,acbba_h1_ideal,C:\Users\lottj\Desktop\research\decentralized benchmark\commitment-horizon-study\reference_core_benchmark_pilot\known_visit_10target_300.csv,1,16,2,50.093228076383284,50.093228076383284,00,00,1,0,True,completed
158,known_visit,ACBBA,ideal,1.0,19,361,4,10,acbba_h1_ideal,C:\Users\lottj\Desktop\research\decentralized benchmark\commitment-horizon-study\reference_core_benchmark_pilot\known_visit_10target_300.csv,2,11,11,26.358001344669653,26.358001344669653,01,01,1,0,True,completed
158,known_visit,ACBBA,ideal,1.0,19,361,4,10,acbba_h1_ideal,C:\Users\lottj\Desktop\research\decentralized benchmark\commitment-horizon-study\reference_core_benchmark_pilot\known_visit_10target_300.csv,3,10,16,23.223486707076475,23.223486707076475,03,03,1,0,True,completed
158,known_visit,ACBBA,ideal,1.0,19,361,4,10,acbba_h1_ideal,C:\Users\lottj\Desktop\research\decentralized benchmark\commitment-horizon-study\reference_core_benchmark_pilot\known_visit_10target_300.csv,4,11,9,22.644608607261212,22.644608607261212,01,01,1,0,True,completed
158,known_visit,ACBBA,ideal,1.0,19,361,4,10,acbba_h1_ideal,C:\Users\lottj\Desktop\research\decentralized benchmark\commitment-horizon-study\reference_core_benchmark_pilot\known_visit_10target_300.csv,5,9,15,19.582538470704836,19.582538470704836,03,03,1,0,True,completed
158,known_visit,ACBBA,ideal,1.0,19,361,4,10,acbba_h1_ideal,C:\Users\lottj\Desktop\research\decentralized benchmark\commitment-horizon-study\reference_core_benchmark_pilot\known_visit_10target_300.csv,6,6,12,16.59727524467132,16.59727524467132,02,02,1,0,True,completed
158,known_visit,ACBBA,ideal,1.0,19,361,4,10,acbba_h1_ideal,C:\Users\lottj\Desktop\research\decentralized benchmark\commitment-horizon-study\reference_core_benchmark_pilot\known_visit_10target_300.csv,7,2,9,7.264449342492706,7.264449342492706,01,01,1,0,True,completed
158,known_visit,ACBBA,ideal,1.0,19,361,4,10,acbba_h1_ideal,C:\Users\lottj\Desktop\research\decentralized benchmark\commitment-horizon-study\reference_core_benchmark_pilot\known_visit_10target_300.csv,8,5,10,11.216061210577601,11.216061210577601,02,02,1,0,True,completed
158,known_visit,ACBBA,ideal,1.0,19,361,4,10,acbba_h1_ideal,C:\Users\lottj\Desktop\research\decentralized benchmark\commitment-horizon-study\reference_core_benchmark_pilot\known_visit_10target_300.csv,9,18,13,39.61769397167629,39.61769397167629,02,02,1,0,True,completed
158,known_visit,ACBBA,ideal,1.0,19,361,4,10,acbba_h1_ideal,C:\Users\lottj\Desktop\research\decentralized benchmark\commitment-horizon-study\reference_core_benchmark_pilot\known_visit_10target_300.csv,10,16,9,38.817401729987864,38.817401729987864,01,01,1,0,True,completed
159,known_visit,ACBBA,ideal,1.0,19,361,4,10,acbba_h1_ideal,C:\Users\lottj\Desktop\research\decentralized benchmark\commitment-horizon-study\reference_core_benchmark_pilot\known_visit_10target_300.csv,1,5,17,9.116153966249648,9.116153966249648,03,03,1,0,True,completed
159,known_visit,ACBBA,ideal,1.0,19,361,4,10,acbba_h1_ideal,C:\Users\lottj\Desktop\research\decentralized benchmark\commitment-horizon-study\reference_core_benchmark_pilot\known_visit_10target_300.csv,2,4,3,10.774214667207167,10.774214667207167,00,00,1,0,True,completed
159,known_visit,ACBBA,ideal,1.0,19,361,4,10,acbba_h1_ideal,C:\Users\lottj\Desktop\research\decentralized benchmark\commitment-horizon-study\reference_core_benchmark_pilot\known_visit_10target_300.csv,3,13,3,37.218257923144385,37.218257923144385,01,01,1,0,True,completed
159,known_visit,ACBBA,ideal,1.0,19,361,4,10,acbba_h1_ideal,C:\Users\lottj\Desktop\research\decentralized benchmark\commitment-horizon-study\reference_core_benchmark_pilot\known_visit_10target_300.csv,4,12,8,26.63771866396709,26.63771866396709,01,01,1,0,True,completed
159,known_visit,ACBBA,ideal,1.0,19,361,4,10,acbba_h1_ideal,C:\Users\lottj\Desktop\research\decentralized benchmark\commitment-horizon-study\reference_core_benchmark_pilot\known_visit_10target_300.csv,5,12,0,30.086437320703336,30.086437320703336,00,00,1,0,True,completed
159,known_visit,ACBBA,ideal,1.0,19,361,4,10,acbba_h1_ideal,C:\Users\lottj\Desktop\research\decentralized benchmark\commitment-horizon-study\reference_core_benchmark_pilot\known_visit_10target_300.csv,6,18,4,45.151216208653885,45.151216208653885,02,02,1,0,True,completed
159,known_visit,ACBBA,ideal,1.0,19,361,4,10,acbba_h1_ideal,C:\Users\lottj\Desktop\research\decentralized benchmark\commitment-horizon-study\reference_core_benchmark_pilot\known_visit_10target_300.csv,7,8,3,17.610225480820823,17.610225480820823,00,00,1,0,True,completed
159,known_visit,ACBBA,ideal,1.0,19,361,4,10,acbba_h1_ideal,C:\Users\lottj\Desktop\research\decentralized benchmark\commitment-horizon-study\reference_core_benchmark_pilot\known_visit_10target_300.csv,8,10,0,26.320237250902814,26.320237250902814,00,00,1,0,True,completed
159,known_visit,ACBBA,ideal,1.0,19,361,4,10,acbba_h1_ideal,C:\Users\lottj\Desktop\research\decentralized benchmark\commitment-horizon-study\reference_core_benchmark_pilot\known_visit_10target_300.csv,9,3,9,8.77500403522768,8.77500403522768,01,01,1,0,True,completed
159,known_visit,ACBBA,ideal,1.0,19,361,4,10,acbba_h1_ideal,C:\Users\lottj\Desktop\research\decentralized benchmark\commitment-horizon-study\reference_core_benchmark_pilot\known_visit_10target_300.csv,10,10,16,19.60794947130059,19.60794947130059,03,03,1,0,True,completed
160,known_visit,ACBBA,ideal,1.0,19,361,4,10,acbba_h1_ideal,C:\Users\lottj\Desktop\research\decentralized benchmark\commitment-horizon-study\reference_core_benchmark_pilot\known_visit_10target_300.csv,1,4,5,7.3985257635184345,7.3985257635184345,01,01,1,0,True,completed
160,known_visit,ACBBA,ideal,1.0,19,361,4,10,acbba_h1_ideal,C:\Users\lottj\Desktop\research\decentralized benchmark\commitment-horizon-study\reference_core_benchmark_pilot\known_visit_10target_300.csv,2,4,1,7.559266819284017,7.559266819284017,00,00,1,0,True,completed
160,known_visit,ACBBA,ideal,1.0,19,361,4,10,acbba_h1_ideal,C:\Users\lottj\Desktop\research\decentralized benchmark\commitment-horizon-study\reference_core_benchmark_pilot\known_visit_10target_300.csv,3,4,11,7.262510369917085,7.262510369917085,02,02,1,0,True,completed
160,known_visit,ACBBA,ideal,1.0,19,361,4,10,acbba_h1_ideal,C:\Users\lottj\Desktop\research\decentralized benchmark\commitment-horizon-study\reference_core_benchmark_pilot\known_visit_10target_300.csv,4,10,17,21.35578430578813,21.35578430578813,03,03,1,0,True,completed
160,known_visit,ACBBA,ideal,1.0,19,361,4,10,acbba_h1_ideal,C:\Users\lottj\Desktop\research\decentralized benchmark\commitment-horizon-study\reference_core_benchmark_pilot\known_visit_10target_300.csv,5,13,1,23.243067252323677,23.243067252323677,00,00,1,0,True,completed
160,known_visit,ACBBA,ideal,1.0,19,361,4,10,acbba_h1_ideal,C:\Users\lottj\Desktop\research\decentralized benchmark\commitment-horizon-study\reference_core_benchmark_pilot\known_visit_10target_300.csv,6,9,8,21.34396454171652,21.34396454171652,02,02,1,0,True,completed
160,known_visit,ACBBA,ideal,1.0,19,361,4,10,acbba_h1_ideal,C:\Users\lottj\Desktop\research\decentralized benchmark\commitment-horizon-study\reference_core_benchmark_pilot\known_visit_10target_300.csv,7,11,10,28.82645991413642,28.82645991413642,02,02,1,0,True,completed
160,known_visit,ACBBA,ideal,1.0,19,361,4,10,acbba_h1_ideal,C:\Users\lottj\Desktop\research\decentralized benchmark\commitment-horizon-study\reference_core_benchmark_pilot\known_visit_10target_300.csv,8,8,1,14.676420939867418,14.676420939867418,00,00,1,0,True,completed
160,known_visit,ACBBA,ideal,1.0,19,361,4,10,acbba_h1_ideal,C:\Users\lottj\Desktop\research\decentralized benchmark\commitment-horizon-study\reference_core_benchmark_pilot\known_visit_10target_300.csv,9,6,16,12.496701553715953,12.496701553715953,03,03,1,0,True,completed
160,known_visit,ACBBA,ideal,1.0,19,361,4,10,acbba_h1_ideal,C:\Users\lottj\Desktop\research\decentralized benchmark\commitment-horizon-study\reference_core_benchmark_pilot\known_visit_10target_300.csv,10,11,4,21.549722166488845,21.549722166488845,01,01,1,0,True,completed
161,known_visit,ACBBA,ideal,1.0,19,361,4,10,acbba_h1_ideal,C:\Users\lottj\Desktop\research\decentralized benchmark\commitment-horizon-study\reference_core_benchmark_pilot\known_visit_10target_300.csv,1,14,9,28.441977759223217,28.441977759223217,02,02,1,0,True,completed
161,known_visit,ACBBA,ideal,1.0,19,361,4,10,acbba_h1_ideal,C:\Users\lottj\Desktop\research\decentralized benchmark\commitment-horizon-study\reference_core_benchmark_pilot\known_visit_10target_300.csv,2,2,2,5.4551667513949145,5.4551667513949145,00,00,1,0,True,completed
161,known_visit,ACBBA,ideal,1.0,19,361,4,10,acbba_h1_ideal,C:\Users\lottj\Desktop\research\decentralized benchmark\commitment-horizon-study\reference_core_benchmark_pilot\known_visit_10target_300.csv,3,2,11,3.888589078812497,3.888589078812497,02,02,1,0,True,completed
161,known_visit,ACBBA,ideal,1.0,19,361,4,10,acbba_h1_ideal,C:\Users\lottj\Desktop\research\decentralized benchmark\commitment-horizon-study\reference_core_benchmark_pilot\known_visit_10target_300.csv,4,9,1,19.802984823338516,19.802984823338516,00,00,1,0,True,completed
161,known_visit,ACBBA,ideal,1.0,19,361,4,10,acbba_h1_ideal,C:\Users\lottj\Desktop\research\decentralized benchmark\commitment-horizon-study\reference_core_benchmark_pilot\known_visit_10target_300.csv,5,18,11,38.93923190561396,38.93923190561396,02,02,1,0,True,completed
161,known_visit,ACBBA,ideal,1.0,19,361,4,10,acbba_h1_ideal,C:\Users\lottj\Desktop\research\decentralized benchmark\commitment-horizon-study\reference_core_benchmark_pilot\known_visit_10target_300.csv,6,12,9,24.696645923359544,24.696645923359544,02,02,1,0,True,completed
161,known_visit,ACBBA,ideal,1.0,19,361,4,10,acbba_h1_ideal,C:\Users\lottj\Desktop\research\decentralized benchmark\commitment-horizon-study\reference_core_benchmark_pilot\known_visit_10target_300.csv,7,8,16,15.908193667113,15.908193667113,03,03,1,0,True,completed
161,known_visit,ACBBA,ideal,1.0,19,361,4,10,acbba_h1_ideal,C:\Users\lottj\Desktop\research\decentralized benchmark\commitment-horizon-study\reference_core_benchmark_pilot\known_visit_10target_300.csv,8,16,16,29.94102102898828,29.94102102898828,03,03,1,0,True,completed
161,known_visit,ACBBA,ideal,1.0,19,361,4,10,acbba_h1_ideal,C:\Users\lottj\Desktop\research\decentralized benchmark\commitment-horizon-study\reference_core_benchmark_pilot\known_visit_10target_300.csv,9,18,6,37.31270910676762,37.31270910676762,01,01,1,0,True,completed
161,known_visit,ACBBA,ideal,1.0,19,361,4,10,acbba_h1_ideal,C:\Users\lottj\Desktop\research\decentralized benchmark\commitment-horizon-study\reference_core_benchmark_pilot\known_visit_10target_300.csv,10,6,18,8.77700554748023,8.77700554748023,03,03,1,0,True,completed
162,known_visit,ACBBA,ideal,1.0,19,361,4,10,acbba_h1_ideal,C:\Users\lottj\Desktop\research\decentralized benchmark\commitment-horizon-study\reference_core_benchmark_pilot\known_visit_10target_300.csv,1,8,8,20.061395490201715,20.061395490201715,01,01,1,0,True,completed
162,known_visit,ACBBA,ideal,1.0,19,361,4,10,acbba_h1_ideal,C:\Users\lottj\Desktop\research\decentralized benchmark\commitment-horizon-study\reference_core_benchmark_pilot\known_visit_10target_300.csv,2,6,15,13.97761116529872,13.97761116529872,03,03,1,0,True,completed
162,known_visit,ACBBA,ideal,1.0,19,361,4,10,acbba_h1_ideal,C:\Users\lottj\Desktop\research\decentralized benchmark\commitment-horizon-study\reference_core_benchmark_pilot\known_visit_10target_300.csv,3,7,12,14.57669029121508,14.57669029121508,02,02,1,0,True,completed
162,known_visit,ACBBA,ideal,1.0,19,361,4,10,acbba_h1_ideal,C:\Users\lottj\Desktop\research\decentralized benchmark\commitment-horizon-study\reference_core_benchmark_pilot\known_visit_10target_300.csv,4,4,11,7.176907192948877,7.176907192948877,02,02,1,0,True,completed
162,known_visit,ACBBA,ideal,1.0,19,361,4,10,acbba_h1_ideal,C:\Users\lottj\Desktop\research\decentralized benchmark\commitment-horizon-study\reference_core_benchmark_pilot\known_visit_10target_300.csv,5,17,4,42.204762766650596,42.204762766650596,01,01,1,0,True,completed
162,known_visit,ACBBA,ideal,1.0,19,361,4,10,acbba_h1_ideal,C:\Users\lottj\Desktop\research\decentralized benchmark\commitment-horizon-study\reference_core_benchmark_pilot\known_visit_10target_300.csv,6,16,0,47.00192461371165,47.00192461371165,00,00,1,0,True,completed
162,known_visit,ACBBA,ideal,1.0,19,361,4,10,acbba_h1_ideal,C:\Users\lottj\Desktop\research\decentralized benchmark\commitment-horizon-study\reference_core_benchmark_pilot\known_visit_10target_300.csv,7,4,7,11.519468223404994,11.519468223404994,01,01,1,0,True,completed
162,known_visit,ACBBA,ideal,1.0,19,361,4,10,acbba_h1_ideal,C:\Users\lottj\Desktop\research\decentralized benchmark\commitment-horizon-study\reference_core_benchmark_pilot\known_visit_10target_300.csv,8,3,5,5.697291829537407,5.697291829537407,01,01,2,1,True,completed
162,known_visit,ACBBA,ideal,1.0,19,361,4,10,acbba_h1_ideal,C:\Users\lottj\Desktop\research\decentralized benchmark\commitment-horizon-study\reference_core_benchmark_pilot\known_visit_10target_300.csv,9,10,10,23.79010289961635,23.79010289961635,02,02,1,0,True,completed
162,known_visit,ACBBA,ideal,1.0,19,361,4,10,acbba_h1_ideal,C:\Users\lottj\Desktop\research\decentralized benchmark\commitment-horizon-study\reference_core_benchmark_pilot\known_visit_10target_300.csv,10,14,1,41.71122146771265,41.71122146771265,00,00,1,0,True,completed
163,known_visit,ACBBA,ideal,1.0,19,361,4,10,acbba_h1_ideal,C:\Users\lottj\Desktop\research\decentralized benchmark\commitment-horizon-study\reference_core_benchmark_pilot\known_visit_10target_300.csv,1,14,9,28.149190080400952,28.149190080400952,01,01,1,0,True,completed
163,known_visit,ACBBA,ideal,1.0,19,361,4,10,acbba_h1_ideal,C:\Users\lottj\Desktop\research\decentralized benchmark\commitment-horizon-study\reference_core_benchmark_pilot\known_visit_10target_300.csv,2,12,2,26.908773531626267,26.908773531626267,00,00,1,0,True,completed
163,known_visit,ACBBA,ideal,1.0,19,361,4,10,acbba_h1_ideal,C:\Users\lottj\Desktop\research\decentralized benchmark\commitment-horizon-study\reference_core_benchmark_pilot\known_visit_10target_300.csv,3,7,3,15.986421138060626,15.986421138060626,00,00,1,0,True,completed
163,known_visit,ACBBA,ideal,1.0,19,361,4,10,acbba_h1_ideal,C:\Users\lottj\Desktop\research\decentralized benchmark\commitment-horizon-study\reference_core_benchmark_pilot\known_visit_10target_300.csv,4,14,0,37.809335246451624,37.809335246451624,00,00,1,0,True,completed
163,known_visit,ACBBA,ideal,1.0,19,361,4,10,acbba_h1_ideal,C:\Users\lottj\Desktop\research\decentralized benchmark\commitment-horizon-study\reference_core_benchmark_pilot\known_visit_10target_300.csv,5,10,9,20.894096418364644,20.894096418364644,01,01,1,0,True,completed
163,known_visit,ACBBA,ideal,1.0,19,361,4,10,acbba_h1_ideal,C:\Users\lottj\Desktop\research\decentralized benchmark\commitment-horizon-study\reference_core_benchmark_pilot\known_visit_10target_300.csv,6,11,0,32.32702337884028,32.32702337884028,00,00,1,0,True,completed
163,known_visit,ACBBA,ideal,1.0,19,361,4,10,acbba_h1_ideal,C:\Users\lottj\Desktop\research\decentralized benchmark\commitment-horizon-study\reference_core_benchmark_pilot\known_visit_10target_300.csv,7,15,4,38.660674580299066,38.660674580299066,01,01,1,0,True,completed
163,known_visit,ACBBA,ideal,1.0,19,361,4,10,acbba_h1_ideal,C:\Users\lottj\Desktop\research\decentralized benchmark\commitment-horizon-study\reference_core_benchmark_pilot\known_visit_10target_300.csv,8,18,10,33.77480266887335,33.77480266887335,02,02,1,0,True,completed
163,known_visit,ACBBA,ideal,1.0,19,361,4,10,acbba_h1_ideal,C:\Users\lottj\Desktop\research\decentralized benchmark\commitment-horizon-study\reference_core_benchmark_pilot\known_visit_10target_300.csv,9,14,16,29.735939078897808,29.735939078897808,03,03,1,0,True,completed
163,known_visit,ACBBA,ideal,1.0,19,361,4,10,acbba_h1_ideal,C:\Users\lottj\Desktop\research\decentralized benchmark\commitment-horizon-study\reference_core_benchmark_pilot\known_visit_10target_300.csv,10,15,18,24.038561240776826,24.038561240776826,03,03,1,0,True,completed
164,known_visit,ACBBA,ideal,1.0,19,361,4,10,acbba_h1_ideal,C:\Users\lottj\Desktop\research\decentralized benchmark\commitment-horizon-study\reference_core_benchmark_pilot\known_visit_10target_300.csv,1,14,17,39.8940756936578,39.8940756936578,02,02,1,0,True,completed
164,known_visit,ACBBA,ideal,1.0,19,361,4,10,acbba_h1_ideal,C:\Users\lottj\Desktop\research\decentralized benchmark\commitment-horizon-study\reference_core_benchmark_pilot\known_visit_10target_300.csv,2,7,0,18.014280029010227,18.014280029010227,00,00,1,0,True,completed
164,known_visit,ACBBA,ideal,1.0,19,361,4,10,acbba_h1_ideal,C:\Users\lottj\Desktop\research\decentralized benchmark\commitment-horizon-study\reference_core_benchmark_pilot\known_visit_10target_300.csv,3,15,8,43.40966349911107,43.40966349911107,01,01,1,0,True,completed
164,known_visit,ACBBA,ideal,1.0,19,361,4,10,acbba_h1_ideal,C:\Users\lottj\Desktop\research\decentralized benchmark\commitment-horizon-study\reference_core_benchmark_pilot\known_visit_10target_300.csv,4,8,12,20.530844807506025,20.530844807506025,02,02,2,1,True,completed
164,known_visit,ACBBA,ideal,1.0,19,361,4,10,acbba_h1_ideal,C:\Users\lottj\Desktop\research\decentralized benchmark\commitment-horizon-study\reference_core_benchmark_pilot\known_visit_10target_300.csv,5,1,15,9.874972519446521,9.874972519446521,03,03,1,0,True,completed
164,known_visit,ACBBA,ideal,1.0,19,361,4,10,acbba_h1_ideal,C:\Users\lottj\Desktop\research\decentralized benchmark\commitment-horizon-study\reference_core_benchmark_pilot\known_visit_10target_300.csv,6,17,18,46.96599488044158,46.96599488044158,02,02,1,0,True,completed
164,known_visit,ACBBA,ideal,1.0,19,361,4,10,acbba_h1_ideal,C:\Users\lottj\Desktop\research\decentralized benchmark\commitment-horizon-study\reference_core_benchmark_pilot\known_visit_10target_300.csv,7,9,13,24.512852903657766,24.512852903657766,02,02,1,0,True,completed
164,known_visit,ACBBA,ideal,1.0,19,361,4,10,acbba_h1_ideal,C:\Users\lottj\Desktop\research\decentralized benchmark\commitment-horizon-study\reference_core_benchmark_pilot\known_visit_10target_300.csv,8,18,12,45.34885526909236,45.34885526909236,03,03,1,0,True,completed
164,known_visit,ACBBA,ideal,1.0,19,361,4,10,acbba_h1_ideal,C:\Users\lottj\Desktop\research\decentralized benchmark\commitment-horizon-study\reference_core_benchmark_pilot\known_visit_10target_300.csv,9,4,2,8.998276961382283,8.998276961382283,00,00,1,0,True,completed
164,known_visit,ACBBA,ideal,1.0,19,361,4,10,acbba_h1_ideal,C:\Users\lottj\Desktop\research\decentralized benchmark\commitment-horizon-study\reference_core_benchmark_pilot\known_visit_10target_300.csv,10,8,1,22.072835440011325,22.072835440011325,00,00,1,0,True,completed
165,known_visit,ACBBA,ideal,1.0,19,361,4,10,acbba_h1_ideal,C:\Users\lottj\Desktop\research\decentralized benchmark\commitment-horizon-study\reference_core_benchmark_pilot\known_visit_10target_300.csv,1,11,14,21.052830537848273,21.052830537848273,02,02,1,0,True,completed
165,known_visit,ACBBA,ideal,1.0,19,361,4,10,acbba_h1_ideal,C:\Users\lottj\Desktop\research\decentralized benchmark\commitment-horizon-study\reference_core_benchmark_pilot\known_visit_10target_300.csv,2,17,10,41.39956864108652,41.39956864108652,03,03,1,0,True,completed
165,known_visit,ACBBA,ideal,1.0,19,361,4,10,acbba_h1_ideal,C:\Users\lottj\Desktop\research\decentralized benchmark\commitment-horizon-study\reference_core_benchmark_pilot\known_visit_10target_300.csv,3,3,7,12.82930273126524,12.82930273126524,01,01,1,0,True,completed
165,known_visit,ACBBA,ideal,1.0,19,361,4,10,acbba_h1_ideal,C:\Users\lottj\Desktop\research\decentralized benchmark\commitment-horizon-study\reference_core_benchmark_pilot\known_visit_10target_300.csv,4,15,0,31.886695488718896,31.886695488718896,00,00,1,0,True,completed
165,known_visit,ACBBA,ideal,1.0,19,361,4,10,acbba_h1_ideal,C:\Users\lottj\Desktop\research\decentralized benchmark\commitment-horizon-study\reference_core_benchmark_pilot\known_visit_10target_300.csv,5,11,17,18.708312180918526,18.708312180918526,03,03,1,0,True,completed
165,known_visit,ACBBA,ideal,1.0,19,361,4,10,acbba_h1_ideal,C:\Users\lottj\Desktop\research\decentralized benchmark\commitment-horizon-study\reference_core_benchmark_pilot\known_visit_10target_300.csv,6,1,14,3.77794625621909,3.77794625621909,02,02,1,0,True,completed
165,known_visit,ACBBA,ideal,1.0,19,361,4,10,acbba_h1_ideal,C:\Users\lottj\Desktop\research\decentralized benchmark\commitment-horizon-study\reference_core_benchmark_pilot\known_visit_10target_300.csv,7,12,2,23.079448153081646,23.079448153081646,00,00,1,0,True,completed
165,known_visit,ACBBA,ideal,1.0,19,361,4,10,acbba_h1_ideal,C:\Users\lottj\Desktop\research\decentralized benchmark\commitment-horizon-study\reference_core_benchmark_pilot\known_visit_10target_300.csv,8,4,2,9.08934702458509,9.08934702458509,00,00,1,0,True,completed
165,known_visit,ACBBA,ideal,1.0,19,361,4,10,acbba_h1_ideal,C:\Users\lottj\Desktop\research\decentralized benchmark\commitment-horizon-study\reference_core_benchmark_pilot\known_visit_10target_300.csv,9,1,9,5.707699323213985,5.707699323213985,01,01,1,0,True,completed
165,known_visit,ACBBA,ideal,1.0,19,361,4,10,acbba_h1_ideal,C:\Users\lottj\Desktop\research\decentralized benchmark\commitment-horizon-study\reference_core_benchmark_pilot\known_visit_10target_300.csv,10,14,9,34.78841898356757,34.78841898356757,02,02,1,0,True,completed
166,known_visit,ACBBA,ideal,1.0,19,361,4,10,acbba_h1_ideal,C:\Users\lottj\Desktop\research\decentralized benchmark\commitment-horizon-study\reference_core_benchmark_pilot\known_visit_10target_300.csv,1,13,2,28.09921183657913,28.09921183657913,01,01,1,0,True,completed
166,known_visit,ACBBA,ideal,1.0,19,361,4,10,acbba_h1_ideal,C:\Users\lottj\Desktop\research\decentralized benchmark\commitment-horizon-study\reference_core_benchmark_pilot\known_visit_10target_300.csv,2,16,12,37.466901617050226,37.466901617050226,03,03,1,0,True,completed
166,known_visit,ACBBA,ideal,1.0,19,361,4,10,acbba_h1_ideal,C:\Users\lottj\Desktop\research\decentralized benchmark\commitment-horizon-study\reference_core_benchmark_pilot\known_visit_10target_300.csv,3,17,0,36.136054160172584,36.136054160172584,00,00,1,0,True,completed
166,known_visit,ACBBA,ideal,1.0,19,361,4,10,acbba_h1_ideal,C:\Users\lottj\Desktop\research\decentralized benchmark\commitment-horizon-study\reference_core_benchmark_pilot\known_visit_10target_300.csv,4,3,4,7.540035076584232,7.540035076584232,01,01,1,0,True,completed
166,known_visit,ACBBA,ideal,1.0,19,361,4,10,acbba_h1_ideal,C:\Users\lottj\Desktop\research\decentralized benchmark\commitment-horizon-study\reference_core_benchmark_pilot\known_visit_10target_300.csv,5,1,14,3.752667685768498,3.752667685768498,02,02,1,0,True,completed
166,known_visit,ACBBA,ideal,1.0,19,361,4,10,acbba_h1_ideal,C:\Users\lottj\Desktop\research\decentralized benchmark\commitment-horizon-study\reference_core_benchmark_pilot\known_visit_10target_300.csv,6,0,17,0.5020854616761589,0.5020854616761589,03,03,1,0,True,completed
166,known_visit,ACBBA,ideal,1.0,19,361,4,10,acbba_h1_ideal,C:\Users\lottj\Desktop\research\decentralized benchmark\commitment-horizon-study\reference_core_benchmark_pilot\known_visit_10target_300.csv,7,15,7,40.33726492868066,40.33726492868066,02,02,1,0,True,completed
166,known_visit,ACBBA,ideal,1.0,19,361,4,10,acbba_h1_ideal,C:\Users\lottj\Desktop\research\decentralized benchmark\commitment-horizon-study\reference_core_benchmark_pilot\known_visit_10target_300.csv,8,0,1,0.5057820951070979,0.5057820951070979,00,00,1,0,True,completed
166,known_visit,ACBBA,ideal,1.0,19,361,4,10,acbba_h1_ideal,C:\Users\lottj\Desktop\research\decentralized benchmark\commitment-horizon-study\reference_core_benchmark_pilot\known_visit_10target_300.csv,9,1,0,4.536342517034646,4.536342517034646,00,00,1,0,True,completed
166,known_visit,ACBBA,ideal,1.0,19,361,4,10,acbba_h1_ideal,C:\Users\lottj\Desktop\research\decentralized benchmark\commitment-horizon-study\reference_core_benchmark_pilot\known_visit_10target_300.csv,10,4,10,16.210802031638952,16.210802031638952,02,02,1,0,True,completed
167,known_visit,ACBBA,ideal,1.0,19,361,4,10,acbba_h1_ideal,C:\Users\lottj\Desktop\research\decentralized benchmark\commitment-horizon-study\reference_core_benchmark_pilot\known_visit_10target_300.csv,1,3,9,8.84564484342612,8.84564484342612,02,02,1,0,True,completed
167,known_visit,ACBBA,ideal,1.0,19,361,4,10,acbba_h1_ideal,C:\Users\lottj\Desktop\research\decentralized benchmark\commitment-horizon-study\reference_core_benchmark_pilot\known_visit_10target_300.csv,2,5,4,11.18256100967958,11.18256100967958,01,01,1,0,True,completed
167,known_visit,ACBBA,ideal,1.0,19,361,4,10,acbba_h1_ideal,C:\Users\lottj\Desktop\research\decentralized benchmark\commitment-horizon-study\reference_core_benchmark_pilot\known_visit_10target_300.csv,3,17,14,42.54012935059746,42.54012935059746,03,03,1,0,True,completed
167,known_visit,ACBBA,ideal,1.0,19,361,4,10,acbba_h1_ideal,C:\Users\lottj\Desktop\research\decentralized benchmark\commitment-horizon-study\reference_core_benchmark_pilot\known_visit_10target_300.csv,4,18,18,33.57685047688114,33.57685047688114,03,03,1,0,True,completed
167,known_visit,ACBBA,ideal,1.0,19,361,4,10,acbba_h1_ideal,C:\Users\lottj\Desktop\research\decentralized benchmark\commitment-horizon-study\reference_core_benchmark_pilot\known_visit_10target_300.csv,5,0,4,2.1994276466169245,2.1994276466169245,01,01,1,0,True,completed
167,known_visit,ACBBA,ideal,1.0,19,361,4,10,acbba_h1_ideal,C:\Users\lottj\Desktop\research\decentralized benchmark\commitment-horizon-study\reference_core_benchmark_pilot\known_visit_10target_300.csv,6,7,4,14.601927969798846,14.601927969798846,01,01,1,0,True,completed
167,known_visit,ACBBA,ideal,1.0,19,361,4,10,acbba_h1_ideal,C:\Users\lottj\Desktop\research\decentralized benchmark\commitment-horizon-study\reference_core_benchmark_pilot\known_visit_10target_300.csv,7,14,4,26.423113524029528,26.423113524029528,01,01,1,0,True,completed
167,known_visit,ACBBA,ideal,1.0,19,361,4,10,acbba_h1_ideal,C:\Users\lottj\Desktop\research\decentralized benchmark\commitment-horizon-study\reference_core_benchmark_pilot\known_visit_10target_300.csv,8,6,4,12.939176969550978,12.939176969550978,01,01,1,0,True,completed
167,known_visit,ACBBA,ideal,1.0,19,361,4,10,acbba_h1_ideal,C:\Users\lottj\Desktop\research\decentralized benchmark\commitment-horizon-study\reference_core_benchmark_pilot\known_visit_10target_300.csv,9,7,17,12.10061839120758,12.10061839120758,03,03,1,0,True,completed
167,known_visit,ACBBA,ideal,1.0,19,361,4,10,acbba_h1_ideal,C:\Users\lottj\Desktop\research\decentralized benchmark\commitment-horizon-study\reference_core_benchmark_pilot\known_visit_10target_300.csv,10,10,18,19.64959729686096,19.64959729686096,03,03,1,0,True,completed
168,known_visit,ACBBA,ideal,1.0,19,361,4,10,acbba_h1_ideal,C:\Users\lottj\Desktop\research\decentralized benchmark\commitment-horizon-study\reference_core_benchmark_pilot\known_visit_10target_300.csv,1,12,6,19.012837029484693,19.012837029484693,01,01,1,0,True,completed
168,known_visit,ACBBA,ideal,1.0,19,361,4,10,acbba_h1_ideal,C:\Users\lottj\Desktop\research\decentralized benchmark\commitment-horizon-study\reference_core_benchmark_pilot\known_visit_10target_300.csv,2,18,16,37.29212645076499,37.29212645076499,03,03,1,0,True,completed
168,known_visit,ACBBA,ideal,1.0,19,361,4,10,acbba_h1_ideal,C:\Users\lottj\Desktop\research\decentralized benchmark\commitment-horizon-study\reference_core_benchmark_pilot\known_visit_10target_300.csv,3,18,8,37.28549667000184,37.28549667000184,01,01,1,0,True,completed
168,known_visit,ACBBA,ideal,1.0,19,361,4,10,acbba_h1_ideal,C:\Users\lottj\Desktop\research\decentralized benchmark\commitment-horizon-study\reference_core_benchmark_pilot\known_visit_10target_300.csv,4,13,0,24.837672895451643,24.837672895451643,00,00,1,0,True,completed
168,known_visit,ACBBA,ideal,1.0,19,361,4,10,acbba_h1_ideal,C:\Users\lottj\Desktop\research\decentralized benchmark\commitment-horizon-study\reference_core_benchmark_pilot\known_visit_10target_300.csv,5,3,13,5.364509097617761,5.364509097617761,02,02,1,0,True,completed
168,known_visit,ACBBA,ideal,1.0,19,361,4,10,acbba_h1_ideal,C:\Users\lottj\Desktop\research\decentralized benchmark\commitment-horizon-study\reference_core_benchmark_pilot\known_visit_10target_300.csv,6,0,17,0.5203297677263484,0.5203297677263484,03,03,1,0,True,completed
168,known_visit,ACBBA,ideal,1.0,19,361,4,10,acbba_h1_ideal,C:\Users\lottj\Desktop\research\decentralized benchmark\commitment-horizon-study\reference_core_benchmark_pilot\known_visit_10target_300.csv,7,9,18,18.043020224451524,18.043020224451524,03,03,1,0,True,completed
168,known_visit,ACBBA,ideal,1.0,19,361,4,10,acbba_h1_ideal,C:\Users\lottj\Desktop\research\decentralized benchmark\commitment-horizon-study\reference_core_benchmark_pilot\known_visit_10target_300.csv,8,15,10,35.91698325346033,35.91698325346033,02,02,1,0,True,completed
168,known_visit,ACBBA,ideal,1.0,19,361,4,10,acbba_h1_ideal,C:\Users\lottj\Desktop\research\decentralized benchmark\commitment-horizon-study\reference_core_benchmark_pilot\known_visit_10target_300.csv,9,4,1,7.329044305673669,7.329044305673669,00,00,1,0,True,completed
168,known_visit,ACBBA,ideal,1.0,19,361,4,10,acbba_h1_ideal,C:\Users\lottj\Desktop\research\decentralized benchmark\commitment-horizon-study\reference_core_benchmark_pilot\known_visit_10target_300.csv,10,3,6,3.563516748352059,3.563516748352059,01,01,1,0,True,completed
169,known_visit,ACBBA,ideal,1.0,19,361,4,10,acbba_h1_ideal,C:\Users\lottj\Desktop\research\decentralized benchmark\commitment-horizon-study\reference_core_benchmark_pilot\known_visit_10target_300.csv,1,11,6,17.26428032224542,17.26428032224542,01,01,1,0,True,completed
169,known_visit,ACBBA,ideal,1.0,19,361,4,10,acbba_h1_ideal,C:\Users\lottj\Desktop\research\decentralized benchmark\commitment-horizon-study\reference_core_benchmark_pilot\known_visit_10target_300.csv,2,5,17,8.993761720751271,8.993761720751271,03,03,1,0,True,completed
169,known_visit,ACBBA,ideal,1.0,19,361,4,10,acbba_h1_ideal,C:\Users\lottj\Desktop\research\decentralized benchmark\commitment-horizon-study\reference_core_benchmark_pilot\known_visit_10target_300.csv,3,13,7,30.337044142528242,30.337044142528242,01,01,1,0,True,completed
169,known_visit,ACBBA,ideal,1.0,19,361,4,10,acbba_h1_ideal,C:\Users\lottj\Desktop\research\decentralized benchmark\commitment-horizon-study\reference_core_benchmark_pilot\known_visit_10target_300.csv,4,18,8,40.857808054854765,40.857808054854765,01,01,1,0,True,completed
169,known_visit,ACBBA,ideal,1.0,19,361,4,10,acbba_h1_ideal,C:\Users\lottj\Desktop\research\decentralized benchmark\commitment-horizon-study\reference_core_benchmark_pilot\known_visit_10target_300.csv,5,12,4,26.066044856361337,26.066044856361337,00,00,1,0,True,completed
169,known_visit,ACBBA,ideal,1.0,19,361,4,10,acbba_h1_ideal,C:\Users\lottj\Desktop\research\decentralized benchmark\commitment-horizon-study\reference_core_benchmark_pilot\known_visit_10target_300.csv,6,9,6,13.866531738866604,13.866531738866604,01,01,1,0,True,completed
169,known_visit,ACBBA,ideal,1.0,19,361,4,10,acbba_h1_ideal,C:\Users\lottj\Desktop\research\decentralized benchmark\commitment-horizon-study\reference_core_benchmark_pilot\known_visit_10target_300.csv,7,11,9,22.90759215171452,22.90759215171452,01,01,1,0,True,completed
169,known_visit,ACBBA,ideal,1.0,19,361,4,10,acbba_h1_ideal,C:\Users\lottj\Desktop\research\decentralized benchmark\commitment-horizon-study\reference_core_benchmark_pilot\known_visit_10target_300.csv,8,3,6,3.537501587179571,3.537501587179571,01,01,1,0,True,completed
169,known_visit,ACBBA,ideal,1.0,19,361,4,10,acbba_h1_ideal,C:\Users\lottj\Desktop\research\decentralized benchmark\commitment-horizon-study\reference_core_benchmark_pilot\known_visit_10target_300.csv,9,8,4,18.865449142059784,18.865449142059784,00,00,1,0,True,completed
169,known_visit,ACBBA,ideal,1.0,19,361,4,10,acbba_h1_ideal,C:\Users\lottj\Desktop\research\decentralized benchmark\commitment-horizon-study\reference_core_benchmark_pilot\known_visit_10target_300.csv,10,8,11,14.141615918123373,14.141615918123373,02,02,1,0,True,completed
170,known_visit,ACBBA,ideal,1.0,19,361,4,10,acbba_h1_ideal,C:\Users\lottj\Desktop\research\decentralized benchmark\commitment-horizon-study\reference_core_benchmark_pilot\known_visit_10target_300.csv,1,12,12,37.08051977163521,37.08051977163521,02,02,1,0,True,completed
170,known_visit,ACBBA,ideal,1.0,19,361,4,10,acbba_h1_ideal,C:\Users\lottj\Desktop\research\decentralized benchmark\commitment-horizon-study\reference_core_benchmark_pilot\known_visit_10target_300.csv,2,17,9,41.51923331509971,41.51923331509971,01,01,1,0,True,completed
170,known_visit,ACBBA,ideal,1.0,19,361,4,10,acbba_h1_ideal,C:\Users\lottj\Desktop\research\decentralized benchmark\commitment-horizon-study\reference_core_benchmark_pilot\known_visit_10target_300.csv,3,7,15,15.757939019431406,15.757939019431406,02,02,1,0,True,completed
170,known_visit,ACBBA,ideal,1.0,19,361,4,10,acbba_h1_ideal,C:\Users\lottj\Desktop\research\decentralized benchmark\commitment-horizon-study\reference_core_benchmark_pilot\known_visit_10target_300.csv,4,14,3,27.750466389489127,27.750466389489127,00,00,1,0,True,completed
170,known_visit,ACBBA,ideal,1.0,19,361,4,10,acbba_h1_ideal,C:\Users\lottj\Desktop\research\decentralized benchmark\commitment-horizon-study\reference_core_benchmark_pilot\known_visit_10target_300.csv,5,9,10,28.03294286745636,28.03294286745636,02,02,1,0,True,completed
170,known_visit,ACBBA,ideal,1.0,19,361,4,10,acbba_h1_ideal,C:\Users\lottj\Desktop\research\decentralized benchmark\commitment-horizon-study\reference_core_benchmark_pilot\known_visit_10target_300.csv,6,7,0,10.290295525907341,10.290295525907341,00,00,1,0,True,completed
170,known_visit,ACBBA,ideal,1.0,19,361,4,10,acbba_h1_ideal,C:\Users\lottj\Desktop\research\decentralized benchmark\commitment-horizon-study\reference_core_benchmark_pilot\known_visit_10target_300.csv,7,8,4,15.781375765136923,15.781375765136923,01,01,1,0,True,completed
170,known_visit,ACBBA,ideal,1.0,19,361,4,10,acbba_h1_ideal,C:\Users\lottj\Desktop\research\decentralized benchmark\commitment-horizon-study\reference_core_benchmark_pilot\known_visit_10target_300.csv,8,16,15,31.03063015103516,31.03063015103516,03,03,1,0,True,completed
170,known_visit,ACBBA,ideal,1.0,19,361,4,10,acbba_h1_ideal,C:\Users\lottj\Desktop\research\decentralized benchmark\commitment-horizon-study\reference_core_benchmark_pilot\known_visit_10target_300.csv,9,3,0,3.5629556060685252,3.5629556060685252,00,00,1,0,True,completed
170,known_visit,ACBBA,ideal,1.0,19,361,4,10,acbba_h1_ideal,C:\Users\lottj\Desktop\research\decentralized benchmark\commitment-horizon-study\reference_core_benchmark_pilot\known_visit_10target_300.csv,10,13,18,20.517534950318467,20.517534950318467,03,03,1,0,True,completed
171,known_visit,ACBBA,ideal,1.0,19,361,4,10,acbba_h1_ideal,C:\Users\lottj\Desktop\research\decentralized benchmark\commitment-horizon-study\reference_core_benchmark_pilot\known_visit_10target_300.csv,1,11,10,20.86708669822354,20.86708669822354,02,02,1,0,True,completed
171,known_visit,ACBBA,ideal,1.0,19,361,4,10,acbba_h1_ideal,C:\Users\lottj\Desktop\research\decentralized benchmark\commitment-horizon-study\reference_core_benchmark_pilot\known_visit_10target_300.csv,2,13,4,36.85816078001549,36.85816078001549,00,00,1,0,True,completed
171,known_visit,ACBBA,ideal,1.0,19,361,4,10,acbba_h1_ideal,C:\Users\lottj\Desktop\research\decentralized benchmark\commitment-horizon-study\reference_core_benchmark_pilot\known_visit_10target_300.csv,3,1,4,3.8559561944101772,3.8559561944101772,01,01,1,0,True,completed
171,known_visit,ACBBA,ideal,1.0,19,361,4,10,acbba_h1_ideal,C:\Users\lottj\Desktop\research\decentralized benchmark\commitment-horizon-study\reference_core_benchmark_pilot\known_visit_10target_300.csv,4,10,0,24.189045153362475,24.189045153362475,00,00,1,0,True,completed
171,known_visit,ACBBA,ideal,1.0,19,361,4,10,acbba_h1_ideal,C:\Users\lottj\Desktop\research\decentralized benchmark\commitment-horizon-study\reference_core_benchmark_pilot\known_visit_10target_300.csv,5,13,0,29.671768027075892,29.671768027075892,00,00,1,0,True,completed
171,known_visit,ACBBA,ideal,1.0,19,361,4,10,acbba_h1_ideal,C:\Users\lottj\Desktop\research\decentralized benchmark\commitment-horizon-study\reference_core_benchmark_pilot\known_visit_10target_300.csv,6,15,8,31.567875548002064,31.567875548002064,02,02,1,0,True,completed
171,known_visit,ACBBA,ideal,1.0,19,361,4,10,acbba_h1_ideal,C:\Users\lottj\Desktop\research\decentralized benchmark\commitment-horizon-study\reference_core_benchmark_pilot\known_visit_10target_300.csv,7,17,13,36.66861105493538,36.66861105493538,03,03,1,0,True,completed
171,known_visit,ACBBA,ideal,1.0,19,361,4,10,acbba_h1_ideal,C:\Users\lottj\Desktop\research\decentralized benchmark\commitment-horizon-study\reference_core_benchmark_pilot\known_visit_10target_300.csv,8,2,0,6.179271284550525,6.179271284550525,00,00,1,0,True,completed
171,known_visit,ACBBA,ideal,1.0,19,361,4,10,acbba_h1_ideal,C:\Users\lottj\Desktop\research\decentralized benchmark\commitment-horizon-study\reference_core_benchmark_pilot\known_visit_10target_300.csv,9,1,1,2.170208993658262,2.170208993658262,00,00,2,1,True,completed
171,known_visit,ACBBA,ideal,1.0,19,361,4,10,acbba_h1_ideal,C:\Users\lottj\Desktop\research\decentralized benchmark\commitment-horizon-study\reference_core_benchmark_pilot\known_visit_10target_300.csv,10,6,1,15.260766592977278,15.260766592977278,00,00,1,0,True,completed
172,known_visit,ACBBA,ideal,1.0,19,361,4,10,acbba_h1_ideal,C:\Users\lottj\Desktop\research\decentralized benchmark\commitment-horizon-study\reference_core_benchmark_pilot\known_visit_10target_300.csv,1,1,3,6.026677563624923,6.026677563624923,00,00,1,0,True,completed
172,known_visit,ACBBA,ideal,1.0,19,361,4,10,acbba_h1_ideal,C:\Users\lottj\Desktop\research\decentralized benchmark\commitment-horizon-study\reference_core_benchmark_pilot\known_visit_10target_300.csv,2,11,15,22.822822624033154,22.822822624033154,03,03,1,0,True,completed
172,known_visit,ACBBA,ideal,1.0,19,361,4,10,acbba_h1_ideal,C:\Users\lottj\Desktop\research\decentralized benchmark\commitment-horizon-study\reference_core_benchmark_pilot\known_visit_10target_300.csv,3,12,16,26.52353482957848,26.52353482957848,03,03,1,0,True,completed
172,known_visit,ACBBA,ideal,1.0,19,361,4,10,acbba_h1_ideal,C:\Users\lottj\Desktop\research\decentralized benchmark\commitment-horizon-study\reference_core_benchmark_pilot\known_visit_10target_300.csv,4,0,4,2.202237724898088,2.202237724898088,01,01,1,0,True,completed
172,known_visit,ACBBA,ideal,1.0,19,361,4,10,acbba_h1_ideal,C:\Users\lottj\Desktop\research\decentralized benchmark\commitment-horizon-study\reference_core_benchmark_pilot\known_visit_10target_300.csv,5,3,4,7.822601282875732,7.822601282875732,01,01,1,0,True,completed
172,known_visit,ACBBA,ideal,1.0,19,361,4,10,acbba_h1_ideal,C:\Users\lottj\Desktop\research\decentralized benchmark\commitment-horizon-study\reference_core_benchmark_pilot\known_visit_10target_300.csv,6,6,18,8.5393523542127,8.5393523542127,03,03,1,0,True,completed
172,known_visit,ACBBA,ideal,1.0,19,361,4,10,acbba_h1_ideal,C:\Users\lottj\Desktop\research\decentralized benchmark\commitment-horizon-study\reference_core_benchmark_pilot\known_visit_10target_300.csv,7,6,10,12.452721334864542,12.452721334864542,02,02,1,0,True,completed
172,known_visit,ACBBA,ideal,1.0,19,361,4,10,acbba_h1_ideal,C:\Users\lottj\Desktop\research\decentralized benchmark\commitment-horizon-study\reference_core_benchmark_pilot\known_visit_10target_300.csv,8,14,0,33.69293734439999,33.69293734439999,00,00,1,0,True,completed
172,known_visit,ACBBA,ideal,1.0,19,361,4,10,acbba_h1_ideal,C:\Users\lottj\Desktop\research\decentralized benchmark\commitment-horizon-study\reference_core_benchmark_pilot\known_visit_10target_300.csv,9,7,11,16.5252332863,16.5252332863,02,02,1,0,True,completed
172,known_visit,ACBBA,ideal,1.0,19,361,4,10,acbba_h1_ideal,C:\Users\lottj\Desktop\research\decentralized benchmark\commitment-horizon-study\reference_core_benchmark_pilot\known_visit_10target_300.csv,10,16,11,32.14456708744929,32.14456708744929,02,02,1,0,True,completed
173,known_visit,ACBBA,ideal,1.0,19,361,4,10,acbba_h1_ideal,C:\Users\lottj\Desktop\research\decentralized benchmark\commitment-horizon-study\reference_core_benchmark_pilot\known_visit_10target_300.csv,1,8,15,17.345922716459675,17.345922716459675,03,03,1,0,True,completed
173,known_visit,ACBBA,ideal,1.0,19,361,4,10,acbba_h1_ideal,C:\Users\lottj\Desktop\research\decentralized benchmark\commitment-horizon-study\reference_core_benchmark_pilot\known_visit_10target_300.csv,2,13,18,34.82460105418497,34.82460105418497,03,03,1,0,True,completed
173,known_visit,ACBBA,ideal,1.0,19,361,4,10,acbba_h1_ideal,C:\Users\lottj\Desktop\research\decentralized benchmark\commitment-horizon-study\reference_core_benchmark_pilot\known_visit_10target_300.csv,3,1,9,5.335262204459381,5.335262204459381,01,01,1,0,True,completed
173,known_visit,ACBBA,ideal,1.0,19,361,4,10,acbba_h1_ideal,C:\Users\lottj\Desktop\research\decentralized benchmark\commitment-horizon-study\reference_core_benchmark_pilot\known_visit_10target_300.csv,4,14,6,32.740508012912116,32.740508012912116,00,00,1,0,True,completed
173,known_visit,ACBBA,ideal,1.0,19,361,4,10,acbba_h1_ideal,C:\Users\lottj\Desktop\research\decentralized benchmark\commitment-horizon-study\reference_core_benchmark_pilot\known_visit_10target_300.csv,5,14,3,27.750084682968993,27.750084682968993,00,00,1,0,True,completed
173,known_visit,ACBBA,ideal,1.0,19,361,4,10,acbba_h1_ideal,C:\Users\lottj\Desktop\research\decentralized benchmark\commitment-horizon-study\reference_core_benchmark_pilot\known_visit_10target_300.csv,6,17,9,37.029738446174214,37.029738446174214,01,01,1,0,True,completed
173,known_visit,ACBBA,ideal,1.0,19,361,4,10,acbba_h1_ideal,C:\Users\lottj\Desktop\research\decentralized benchmark\commitment-horizon-study\reference_core_benchmark_pilot\known_visit_10target_300.csv,7,17,13,33.92016685490161,33.92016685490161,02,02,1,0,True,completed
173,known_visit,ACBBA,ideal,1.0,19,361,4,10,acbba_h1_ideal,C:\Users\lottj\Desktop\research\decentralized benchmark\commitment-horizon-study\reference_core_benchmark_pilot\known_visit_10target_300.csv,8,16,5,38.553055188527196,38.553055188527196,00,00,1,0,True,completed
173,known_visit,ACBBA,ideal,1.0,19,361,4,10,acbba_h1_ideal,C:\Users\lottj\Desktop\research\decentralized benchmark\commitment-horizon-study\reference_core_benchmark_pilot\known_visit_10target_300.csv,9,10,14,22.80878546460034,22.80878546460034,03,03,1,0,True,completed
173,known_visit,ACBBA,ideal,1.0,19,361,4,10,acbba_h1_ideal,C:\Users\lottj\Desktop\research\decentralized benchmark\commitment-horizon-study\reference_core_benchmark_pilot\known_visit_10target_300.csv,10,16,10,33.164116199646294,33.164116199646294,01,01,1,0,True,completed
174,known_visit,ACBBA,ideal,1.0,19,361,4,10,acbba_h1_ideal,C:\Users\lottj\Desktop\research\decentralized benchmark\commitment-horizon-study\reference_core_benchmark_pilot\known_visit_10target_300.csv,1,0,2,2.1184166320835867,2.1184166320835867,00,00,1,0,True,completed
174,known_visit,ACBBA,ideal,1.0,19,361,4,10,acbba_h1_ideal,C:\Users\lottj\Desktop\research\decentralized benchmark\commitment-horizon-study\reference_core_benchmark_pilot\known_visit_10target_300.csv,2,10,3,21.085106914051927,21.085106914051927,01,01,1,0,True,completed
174,known_visit,ACBBA,ideal,1.0,19,361,4,10,acbba_h1_ideal,C:\Users\lottj\Desktop\research\decentralized benchmark\commitment-horizon-study\reference_core_benchmark_pilot\known_visit_10target_300.csv,3,1,11,2.1407776586140326,2.1407776586140326,02,02,1,0,True,completed
174,known_visit,ACBBA,ideal,1.0,19,361,4,10,acbba_h1_ideal,C:\Users\lottj\Desktop\research\decentralized benchmark\commitment-horizon-study\reference_core_benchmark_pilot\known_visit_10target_300.csv,4,7,15,15.753473364808091,15.753473364808091,03,03,1,0,True,completed
174,known_visit,ACBBA,ideal,1.0,19,361,4,10,acbba_h1_ideal,C:\Users\lottj\Desktop\research\decentralized benchmark\commitment-horizon-study\reference_core_benchmark_pilot\known_visit_10target_300.csv,5,17,17,47.78809360420127,47.78809360420127,02,02,1,0,True,completed
174,known_visit,ACBBA,ideal,1.0,19,361,4,10,acbba_h1_ideal,C:\Users\lottj\Desktop\research\decentralized benchmark\commitment-horizon-study\reference_core_benchmark_pilot\known_visit_10target_300.csv,6,10,9,21.239019933923792,21.239019933923792,02,02,1,0,True,completed
174,known_visit,ACBBA,ideal,1.0,19,361,4,10,acbba_h1_ideal,C:\Users\lottj\Desktop\research\decentralized benchmark\commitment-horizon-study\reference_core_benchmark_pilot\known_visit_10target_300.csv,7,12,2,22.96244323370808,22.96244323370808,00,00,1,0,True,completed
174,known_visit,ACBBA,ideal,1.0,19,361,4,10,acbba_h1_ideal,C:\Users\lottj\Desktop\research\decentralized benchmark\commitment-horizon-study\reference_core_benchmark_pilot\known_visit_10target_300.csv,8,13,11,30.069037569611176,30.069037569611176,02,02,1,0,True,completed
174,known_visit,ACBBA,ideal,1.0,19,361,4,10,acbba_h1_ideal,C:\Users\lottj\Desktop\research\decentralized benchmark\commitment-horizon-study\reference_core_benchmark_pilot\known_visit_10target_300.csv,9,16,11,35.718324999967265,35.718324999967265,02,02,1,0,True,completed
174,known_visit,ACBBA,ideal,1.0,19,361,4,10,acbba_h1_ideal,C:\Users\lottj\Desktop\research\decentralized benchmark\commitment-horizon-study\reference_core_benchmark_pilot\known_visit_10target_300.csv,10,13,6,31.86642933179434,31.86642933179434,01,01,1,0,True,completed
175,known_visit,ACBBA,ideal,1.0,19,361,4,10,acbba_h1_ideal,C:\Users\lottj\Desktop\research\decentralized benchmark\commitment-horizon-study\reference_core_benchmark_pilot\known_visit_10target_300.csv,1,16,12,36.67491965708183,36.67491965708183,01,01,1,0,True,completed
175,known_visit,ACBBA,ideal,1.0,19,361,4,10,acbba_h1_ideal,C:\Users\lottj\Desktop\research\decentralized benchmark\commitment-horizon-study\reference_core_benchmark_pilot\known_visit_10target_300.csv,2,7,10,18.304999788271985,18.304999788271985,02,02,1,0,True,completed
175,known_visit,ACBBA,ideal,1.0,19,361,4,10,acbba_h1_ideal,C:\Users\lottj\Desktop\research\decentralized benchmark\commitment-horizon-study\reference_core_benchmark_pilot\known_visit_10target_300.csv,3,3,6,3.6797808505940623,3.6797808505940623,01,01,1,0,True,completed
175,known_visit,ACBBA,ideal,1.0,19,361,4,10,acbba_h1_ideal,C:\Users\lottj\Desktop\research\decentralized benchmark\commitment-horizon-study\reference_core_benchmark_pilot\known_visit_10target_300.csv,4,14,10,29.558280314007657,29.558280314007657,01,01,1,0,True,completed
175,known_visit,ACBBA,ideal,1.0,19,361,4,10,acbba_h1_ideal,C:\Users\lottj\Desktop\research\decentralized benchmark\commitment-horizon-study\reference_core_benchmark_pilot\known_visit_10target_300.csv,5,10,6,15.633048329449137,15.633048329449137,01,01,1,0,True,completed
175,known_visit,ACBBA,ideal,1.0,19,361,4,10,acbba_h1_ideal,C:\Users\lottj\Desktop\research\decentralized benchmark\commitment-horizon-study\reference_core_benchmark_pilot\known_visit_10target_300.csv,6,10,17,17.722995228419613,17.722995228419613,03,03,1,0,True,completed
175,known_visit,ACBBA,ideal,1.0,19,361,4,10,acbba_h1_ideal,C:\Users\lottj\Desktop\research\decentralized benchmark\commitment-horizon-study\reference_core_benchmark_pilot\known_visit_10target_300.csv,7,2,13,3.9198503275953107,3.9198503275953107,02,02,1,0,True,completed
175,known_visit,ACBBA,ideal,1.0,19,361,4,10,acbba_h1_ideal,C:\Users\lottj\Desktop\research\decentralized benchmark\commitment-horizon-study\reference_core_benchmark_pilot\known_visit_10target_300.csv,8,15,10,31.279998554308172,31.279998554308172,01,01,1,0,True,completed
175,known_visit,ACBBA,ideal,1.0,19,361,4,10,acbba_h1_ideal,C:\Users\lottj\Desktop\research\decentralized benchmark\commitment-horizon-study\reference_core_benchmark_pilot\known_visit_10target_300.csv,9,15,15,29.928087012332433,29.928087012332433,03,03,1,0,True,completed
175,known_visit,ACBBA,ideal,1.0,19,361,4,10,acbba_h1_ideal,C:\Users\lottj\Desktop\research\decentralized benchmark\commitment-horizon-study\reference_core_benchmark_pilot\known_visit_10target_300.csv,10,17,1,29.36628397170385,29.36628397170385,00,00,1,0,True,completed
176,known_visit,ACBBA,ideal,1.0,19,361,4,10,acbba_h1_ideal,C:\Users\lottj\Desktop\research\decentralized benchmark\commitment-horizon-study\reference_core_benchmark_pilot\known_visit_10target_300.csv,1,17,6,31.7587181290811,31.7587181290811,01,01,1,0,True,completed
176,known_visit,ACBBA,ideal,1.0,19,361,4,10,acbba_h1_ideal,C:\Users\lottj\Desktop\research\decentralized benchmark\commitment-horizon-study\reference_core_benchmark_pilot\known_visit_10target_300.csv,2,10,7,17.400039341096356,17.400039341096356,01,01,1,0,True,completed
176,known_visit,ACBBA,ideal,1.0,19,361,4,10,acbba_h1_ideal,C:\Users\lottj\Desktop\research\decentralized benchmark\commitment-horizon-study\reference_core_benchmark_pilot\known_visit_10target_300.csv,3,6,14,15.524031516148067,15.524031516148067,03,03,1,0,True,completed
176,known_visit,ACBBA,ideal,1.0,19,361,4,10,acbba_h1_ideal,C:\Users\lottj\Desktop\research\decentralized benchmark\commitment-horizon-study\reference_core_benchmark_pilot\known_visit_10target_300.csv,4,2,10,5.652009747026861,5.652009747026861,02,02,1,0,True,completed
176,known_visit,ACBBA,ideal,1.0,19,361,4,10,acbba_h1_ideal,C:\Users\lottj\Desktop\research\decentralized benchmark\commitment-horizon-study\reference_core_benchmark_pilot\known_visit_10target_300.csv,5,14,14,33.741921725056876,33.741921725056876,02,02,1,0,True,completed
176,known_visit,ACBBA,ideal,1.0,19,361,4,10,acbba_h1_ideal,C:\Users\lottj\Desktop\research\decentralized benchmark\commitment-horizon-study\reference_core_benchmark_pilot\known_visit_10target_300.csv,6,12,0,19.29702903756724,19.29702903756724,00,00,1,0,True,completed
176,known_visit,ACBBA,ideal,1.0,19,361,4,10,acbba_h1_ideal,C:\Users\lottj\Desktop\research\decentralized benchmark\commitment-horizon-study\reference_core_benchmark_pilot\known_visit_10target_300.csv,7,8,16,23.046206341509592,23.046206341509592,03,03,1,0,True,completed
176,known_visit,ACBBA,ideal,1.0,19,361,4,10,acbba_h1_ideal,C:\Users\lottj\Desktop\research\decentralized benchmark\commitment-horizon-study\reference_core_benchmark_pilot\known_visit_10target_300.csv,8,12,16,29.982740817600337,29.982740817600337,03,03,1,0,True,completed
176,known_visit,ACBBA,ideal,1.0,19,361,4,10,acbba_h1_ideal,C:\Users\lottj\Desktop\research\decentralized benchmark\commitment-horizon-study\reference_core_benchmark_pilot\known_visit_10target_300.csv,9,17,12,42.37571373905396,42.37571373905396,02,02,1,0,True,completed
176,known_visit,ACBBA,ideal,1.0,19,361,4,10,acbba_h1_ideal,C:\Users\lottj\Desktop\research\decentralized benchmark\commitment-horizon-study\reference_core_benchmark_pilot\known_visit_10target_300.csv,10,9,6,13.737462931373601,13.737462931373601,01,01,1,0,True,completed
177,known_visit,ACBBA,ideal,1.0,19,361,4,10,acbba_h1_ideal,C:\Users\lottj\Desktop\research\decentralized benchmark\commitment-horizon-study\reference_core_benchmark_pilot\known_visit_10target_300.csv,1,10,7,24.891975084891587,24.891975084891587,01,01,1,0,True,completed
177,known_visit,ACBBA,ideal,1.0,19,361,4,10,acbba_h1_ideal,C:\Users\lottj\Desktop\research\decentralized benchmark\commitment-horizon-study\reference_core_benchmark_pilot\known_visit_10target_300.csv,2,2,1,4.017015361657736,4.017015361657736,00,00,1,0,True,completed
177,known_visit,ACBBA,ideal,1.0,19,361,4,10,acbba_h1_ideal,C:\Users\lottj\Desktop\research\decentralized benchmark\commitment-horizon-study\reference_core_benchmark_pilot\known_visit_10target_300.csv,3,11,16,21.004510709328027,21.004510709328027,03,03,1,0,True,completed
177,known_visit,ACBBA,ideal,1.0,19,361,4,10,acbba_h1_ideal,C:\Users\lottj\Desktop\research\decentralized benchmark\commitment-horizon-study\reference_core_benchmark_pilot\known_visit_10target_300.csv,4,14,8,40.02411477988387,40.02411477988387,03,03,1,0,True,completed
177,known_visit,ACBBA,ideal,1.0,19,361,4,10,acbba_h1_ideal,C:\Users\lottj\Desktop\research\decentralized benchmark\commitment-horizon-study\reference_core_benchmark_pilot\known_visit_10target_300.csv,5,12,10,32.893298089824434,32.893298089824434,03,03,1,0,True,completed
177,known_visit,ACBBA,ideal,1.0,19,361,4,10,acbba_h1_ideal,C:\Users\lottj\Desktop\research\decentralized benchmark\commitment-horizon-study\reference_core_benchmark_pilot\known_visit_10target_300.csv,6,0,17,0.40159228005488923,0.40159228005488923,03,03,1,0,True,completed
177,known_visit,ACBBA,ideal,1.0,19,361,4,10,acbba_h1_ideal,C:\Users\lottj\Desktop\research\decentralized benchmark\commitment-horizon-study\reference_core_benchmark_pilot\known_visit_10target_300.csv,7,17,2,31.68678398560438,31.68678398560438,00,00,1,0,True,completed
177,known_visit,ACBBA,ideal,1.0,19,361,4,10,acbba_h1_ideal,C:\Users\lottj\Desktop\research\decentralized benchmark\commitment-horizon-study\reference_core_benchmark_pilot\known_visit_10target_300.csv,8,10,14,19.163981254758713,19.163981254758713,02,02,1,0,True,completed
177,known_visit,ACBBA,ideal,1.0,19,361,4,10,acbba_h1_ideal,C:\Users\lottj\Desktop\research\decentralized benchmark\commitment-horizon-study\reference_core_benchmark_pilot\known_visit_10target_300.csv,9,6,1,11.07467487672375,11.07467487672375,00,00,1,0,True,completed
177,known_visit,ACBBA,ideal,1.0,19,361,4,10,acbba_h1_ideal,C:\Users\lottj\Desktop\research\decentralized benchmark\commitment-horizon-study\reference_core_benchmark_pilot\known_visit_10target_300.csv,10,17,3,33.43482499169172,33.43482499169172,00,00,1,0,True,completed
178,known_visit,ACBBA,ideal,1.0,19,361,4,10,acbba_h1_ideal,C:\Users\lottj\Desktop\research\decentralized benchmark\commitment-horizon-study\reference_core_benchmark_pilot\known_visit_10target_300.csv,1,12,10,27.56361727901075,27.56361727901075,02,02,2,1,True,completed
178,known_visit,ACBBA,ideal,1.0,19,361,4,10,acbba_h1_ideal,C:\Users\lottj\Desktop\research\decentralized benchmark\commitment-horizon-study\reference_core_benchmark_pilot\known_visit_10target_300.csv,2,14,0,22.00926731295718,22.00926731295718,00,00,1,0,True,completed
178,known_visit,ACBBA,ideal,1.0,19,361,4,10,acbba_h1_ideal,C:\Users\lottj\Desktop\research\decentralized benchmark\commitment-horizon-study\reference_core_benchmark_pilot\known_visit_10target_300.csv,3,8,11,14.236730450686316,14.236730450686316,02,02,2,1,True,completed
178,known_visit,ACBBA,ideal,1.0,19,361,4,10,acbba_h1_ideal,C:\Users\lottj\Desktop\research\decentralized benchmark\commitment-horizon-study\reference_core_benchmark_pilot\known_visit_10target_300.csv,4,13,10,29.58651643637022,29.58651643637022,02,02,1,0,True,completed
178,known_visit,ACBBA,ideal,1.0,19,361,4,10,acbba_h1_ideal,C:\Users\lottj\Desktop\research\decentralized benchmark\commitment-horizon-study\reference_core_benchmark_pilot\known_visit_10target_300.csv,5,14,11,33.3524167637033,33.3524167637033,02,02,1,0,True,completed
178,known_visit,ACBBA,ideal,1.0,19,361,4,10,acbba_h1_ideal,C:\Users\lottj\Desktop\research\decentralized benchmark\commitment-horizon-study\reference_core_benchmark_pilot\known_visit_10target_300.csv,6,16,2,29.070355886015523,29.070355886015523,00,00,1,0,True,completed
178,known_visit,ACBBA,ideal,1.0,19,361,4,10,acbba_h1_ideal,C:\Users\lottj\Desktop\research\decentralized benchmark\commitment-horizon-study\reference_core_benchmark_pilot\known_visit_10target_300.csv,7,10,12,19.993848361080133,19.993848361080133,02,02,1,0,True,completed
178,known_visit,ACBBA,ideal,1.0,19,361,4,10,acbba_h1_ideal,C:\Users\lottj\Desktop\research\decentralized benchmark\commitment-horizon-study\reference_core_benchmark_pilot\known_visit_10target_300.csv,8,8,16,15.858758197424729,15.858758197424729,03,03,1,0,True,completed
178,known_visit,ACBBA,ideal,1.0,19,361,4,10,acbba_h1_ideal,C:\Users\lottj\Desktop\research\decentralized benchmark\commitment-horizon-study\reference_core_benchmark_pilot\known_visit_10target_300.csv,9,11,12,21.9705603392478,21.9705603392478,02,02,1,0,True,completed
178,known_visit,ACBBA,ideal,1.0,19,361,4,10,acbba_h1_ideal,C:\Users\lottj\Desktop\research\decentralized benchmark\commitment-horizon-study\reference_core_benchmark_pilot\known_visit_10target_300.csv,10,7,4,14.422119465023993,14.422119465023993,01,01,1,0,True,completed
179,known_visit,ACBBA,ideal,1.0,19,361,4,10,acbba_h1_ideal,C:\Users\lottj\Desktop\research\decentralized benchmark\commitment-horizon-study\reference_core_benchmark_pilot\known_visit_10target_300.csv,1,11,4,24.430773816268086,24.430773816268086,00,00,1,0,True,completed
179,known_visit,ACBBA,ideal,1.0,19,361,4,10,acbba_h1_ideal,C:\Users\lottj\Desktop\research\decentralized benchmark\commitment-horizon-study\reference_core_benchmark_pilot\known_visit_10target_300.csv,2,5,9,12.937375097683647,12.937375097683647,01,01,1,0,True,completed
179,known_visit,ACBBA,ideal,1.0,19,361,4,10,acbba_h1_ideal,C:\Users\lottj\Desktop\research\decentralized benchmark\commitment-horizon-study\reference_core_benchmark_pilot\known_visit_10target_300.csv,3,17,12,35.99418839045555,35.99418839045555,02,02,1,0,True,completed
179,known_visit,ACBBA,ideal,1.0,19,361,4,10,acbba_h1_ideal,C:\Users\lottj\Desktop\research\decentralized benchmark\commitment-horizon-study\reference_core_benchmark_pilot\known_visit_10target_300.csv,4,3,11,9.739815192352534,9.739815192352534,02,02,1,0,True,completed
179,known_visit,ACBBA,ideal,1.0,19,361,4,10,acbba_h1_ideal,C:\Users\lottj\Desktop\research\decentralized benchmark\commitment-horizon-study\reference_core_benchmark_pilot\known_visit_10target_300.csv,5,6,4,16.1676232589329,16.1676232589329,00,00,1,0,True,completed
179,known_visit,ACBBA,ideal,1.0,19,361,4,10,acbba_h1_ideal,C:\Users\lottj\Desktop\research\decentralized benchmark\commitment-horizon-study\reference_core_benchmark_pilot\known_visit_10target_300.csv,6,1,16,4.028797747806224,4.028797747806224,03,03,1,0,True,completed
179,known_visit,ACBBA,ideal,1.0,19,361,4,10,acbba_h1_ideal,C:\Users\lottj\Desktop\research\decentralized benchmark\commitment-horizon-study\reference_core_benchmark_pilot\known_visit_10target_300.csv,7,14,7,32.31101532503909,32.31101532503909,01,01,1,0,True,completed
179,known_visit,ACBBA,ideal,1.0,19,361,4,10,acbba_h1_ideal,C:\Users\lottj\Desktop\research\decentralized benchmark\commitment-horizon-study\reference_core_benchmark_pilot\known_visit_10target_300.csv,8,13,13,29.64666252969652,29.64666252969652,03,03,1,0,True,completed
179,known_visit,ACBBA,ideal,1.0,19,361,4,10,acbba_h1_ideal,C:\Users\lottj\Desktop\research\decentralized benchmark\commitment-horizon-study\reference_core_benchmark_pilot\known_visit_10target_300.csv,9,1,3,5.733481242415637,5.733481242415637,00,00,1,0,True,completed
179,known_visit,ACBBA,ideal,1.0,19,361,4,10,acbba_h1_ideal,C:\Users\lottj\Desktop\research\decentralized benchmark\commitment-horizon-study\reference_core_benchmark_pilot\known_visit_10target_300.csv,10,0,10,2.11882915117117,2.11882915117117,02,02,1,0,True,completed
180,known_visit,ACBBA,ideal,1.0,19,361,4,10,acbba_h1_ideal,C:\Users\lottj\Desktop\research\decentralized benchmark\commitment-horizon-study\reference_core_benchmark_pilot\known_visit_10target_300.csv,1,7,9,23.069710953970443,23.069710953970443,02,02,1,0,True,completed
180,known_visit,ACBBA,ideal,1.0,19,361,4,10,acbba_h1_ideal,C:\Users\lottj\Desktop\research\decentralized benchmark\commitment-horizon-study\reference_core_benchmark_pilot\known_visit_10target_300.csv,2,17,3,33.49539332555356,33.49539332555356,00,00,1,0,True,completed
180,known_visit,ACBBA,ideal,1.0,19,361,4,10,acbba_h1_ideal,C:\Users\lottj\Desktop\research\decentralized benchmark\commitment-horizon-study\reference_core_benchmark_pilot\known_visit_10target_300.csv,3,1,17,2.0835056298937995,2.0835056298937995,03,03,1,0,True,completed
180,known_visit,ACBBA,ideal,1.0,19,361,4,10,acbba_h1_ideal,C:\Users\lottj\Desktop\research\decentralized benchmark\commitment-horizon-study\reference_core_benchmark_pilot\known_visit_10target_300.csv,4,14,9,35.45116530958467,35.45116530958467,02,02,1,0,True,completed
180,known_visit,ACBBA,ideal,1.0,19,361,4,10,acbba_h1_ideal,C:\Users\lottj\Desktop\research\decentralized benchmark\commitment-horizon-study\reference_core_benchmark_pilot\known_visit_10target_300.csv,5,17,12,39.25739436651482,39.25739436651482,03,03,1,0,True,completed
180,known_visit,ACBBA,ideal,1.0,19,361,4,10,acbba_h1_ideal,C:\Users\lottj\Desktop\research\decentralized benchmark\commitment-horizon-study\reference_core_benchmark_pilot\known_visit_10target_300.csv,6,2,17,4.015821574443179,4.015821574443179,03,03,1,0,True,completed
180,known_visit,ACBBA,ideal,1.0,19,361,4,10,acbba_h1_ideal,C:\Users\lottj\Desktop\research\decentralized benchmark\commitment-horizon-study\reference_core_benchmark_pilot\known_visit_10target_300.csv,7,2,14,5.432837928295125,5.432837928295125,02,02,1,0,True,completed
180,known_visit,ACBBA,ideal,1.0,19,361,4,10,acbba_h1_ideal,C:\Users\lottj\Desktop\research\decentralized benchmark\commitment-horizon-study\reference_core_benchmark_pilot\known_visit_10target_300.csv,8,9,1,16.143114102725967,16.143114102725967,00,00,1,0,True,completed
180,known_visit,ACBBA,ideal,1.0,19,361,4,10,acbba_h1_ideal,C:\Users\lottj\Desktop\research\decentralized benchmark\commitment-horizon-study\reference_core_benchmark_pilot\known_visit_10target_300.csv,9,6,5,14.965199364846303,14.965199364846303,01,01,1,0,True,completed
180,known_visit,ACBBA,ideal,1.0,19,361,4,10,acbba_h1_ideal,C:\Users\lottj\Desktop\research\decentralized benchmark\commitment-horizon-study\reference_core_benchmark_pilot\known_visit_10target_300.csv,10,0,7,0.481538612065905,0.481538612065905,01,01,1,0,True,completed
181,known_visit,ACBBA,ideal,1.0,19,361,4,10,acbba_h1_ideal,C:\Users\lottj\Desktop\research\decentralized benchmark\commitment-horizon-study\reference_core_benchmark_pilot\known_visit_10target_300.csv,1,15,4,31.208044267074406,31.208044267074406,00,00,1,0,True,completed
181,known_visit,ACBBA,ideal,1.0,19,361,4,10,acbba_h1_ideal,C:\Users\lottj\Desktop\research\decentralized benchmark\commitment-horizon-study\reference_core_benchmark_pilot\known_visit_10target_300.csv,2,16,15,32.197922174741215,32.197922174741215,02,02,1,0,True,completed
181,known_visit,ACBBA,ideal,1.0,19,361,4,10,acbba_h1_ideal,C:\Users\lottj\Desktop\research\decentralized benchmark\commitment-horizon-study\reference_core_benchmark_pilot\known_visit_10target_300.csv,3,16,8,39.84976566023101,39.84976566023101,00,00,1,0,True,completed
181,known_visit,ACBBA,ideal,1.0,19,361,4,10,acbba_h1_ideal,C:\Users\lottj\Desktop\research\decentralized benchmark\commitment-horizon-study\reference_core_benchmark_pilot\known_visit_10target_300.csv,4,1,8,3.886331086012494,3.886331086012494,01,01,1,0,True,completed
181,known_visit,ACBBA,ideal,1.0,19,361,4,10,acbba_h1_ideal,C:\Users\lottj\Desktop\research\decentralized benchmark\commitment-horizon-study\reference_core_benchmark_pilot\known_visit_10target_300.csv,5,6,10,16.077237223408588,16.077237223408588,01,01,1,0,True,completed
181,known_visit,ACBBA,ideal,1.0,19,361,4,10,acbba_h1_ideal,C:\Users\lottj\Desktop\research\decentralized benchmark\commitment-horizon-study\reference_core_benchmark_pilot\known_visit_10target_300.csv,6,4,17,14.551596555274857,14.551596555274857,03,03,1,0,True,completed
181,known_visit,ACBBA,ideal,1.0,19,361,4,10,acbba_h1_ideal,C:\Users\lottj\Desktop\research\decentralized benchmark\commitment-horizon-study\reference_core_benchmark_pilot\known_visit_10target_300.csv,7,3,1,5.517530881490637,5.517530881490637,00,00,1,0,True,completed
181,known_visit,ACBBA,ideal,1.0,19,361,4,10,acbba_h1_ideal,C:\Users\lottj\Desktop\research\decentralized benchmark\commitment-horizon-study\reference_core_benchmark_pilot\known_visit_10target_300.csv,8,18,7,45.43800586773377,45.43800586773377,00,00,1,0,True,completed
181,known_visit,ACBBA,ideal,1.0,19,361,4,10,acbba_h1_ideal,C:\Users\lottj\Desktop\research\decentralized benchmark\commitment-horizon-study\reference_core_benchmark_pilot\known_visit_10target_300.csv,9,0,15,3.7383764133650472,3.7383764133650472,03,03,1,0,True,completed
181,known_visit,ACBBA,ideal,1.0,19,361,4,10,acbba_h1_ideal,C:\Users\lottj\Desktop\research\decentralized benchmark\commitment-horizon-study\reference_core_benchmark_pilot\known_visit_10target_300.csv,10,13,11,30.094119856326646,30.094119856326646,01,01,1,0,True,completed
182,known_visit,ACBBA,ideal,1.0,19,361,4,10,acbba_h1_ideal,C:\Users\lottj\Desktop\research\decentralized benchmark\commitment-horizon-study\reference_core_benchmark_pilot\known_visit_10target_300.csv,1,18,0,48.39751728429543,48.39751728429543,00,00,1,0,True,completed
182,known_visit,ACBBA,ideal,1.0,19,361,4,10,acbba_h1_ideal,C:\Users\lottj\Desktop\research\decentralized benchmark\commitment-horizon-study\reference_core_benchmark_pilot\known_visit_10target_300.csv,2,11,18,17.184579744496112,17.184579744496112,03,03,1,0,True,completed
182,known_visit,ACBBA,ideal,1.0,19,361,4,10,acbba_h1_ideal,C:\Users\lottj\Desktop\research\decentralized benchmark\commitment-horizon-study\reference_core_benchmark_pilot\known_visit_10target_300.csv,3,3,11,5.594201148274834,5.594201148274834,02,02,1,0,True,completed
182,known_visit,ACBBA,ideal,1.0,19,361,4,10,acbba_h1_ideal,C:\Users\lottj\Desktop\research\decentralized benchmark\commitment-horizon-study\reference_core_benchmark_pilot\known_visit_10target_300.csv,4,6,7,18.073520176097272,18.073520176097272,02,02,1,0,True,completed
182,known_visit,ACBBA,ideal,1.0,19,361,4,10,acbba_h1_ideal,C:\Users\lottj\Desktop\research\decentralized benchmark\commitment-horizon-study\reference_core_benchmark_pilot\known_visit_10target_300.csv,5,4,10,9.287417140215467,9.287417140215467,02,02,1,0,True,completed
182,known_visit,ACBBA,ideal,1.0,19,361,4,10,acbba_h1_ideal,C:\Users\lottj\Desktop\research\decentralized benchmark\commitment-horizon-study\reference_core_benchmark_pilot\known_visit_10target_300.csv,6,12,5,28.88156232549257,28.88156232549257,00,00,1,0,True,completed
182,known_visit,ACBBA,ideal,1.0,19,361,4,10,acbba_h1_ideal,C:\Users\lottj\Desktop\research\decentralized benchmark\commitment-horizon-study\reference_core_benchmark_pilot\known_visit_10target_300.csv,7,8,9,25.43641525358498,25.43641525358498,02,02,1,0,True,completed
182,known_visit,ACBBA,ideal,1.0,19,361,4,10,acbba_h1_ideal,C:\Users\lottj\Desktop\research\decentralized benchmark\commitment-horizon-study\reference_core_benchmark_pilot\known_visit_10target_300.csv,8,12,3,25.19934433866948,25.19934433866948,00,00,1,0,True,completed
182,known_visit,ACBBA,ideal,1.0,19,361,4,10,acbba_h1_ideal,C:\Users\lottj\Desktop\research\decentralized benchmark\commitment-horizon-study\reference_core_benchmark_pilot\known_visit_10target_300.csv,9,11,3,23.47639778219118,23.47639778219118,00,00,1,0,True,completed
182,known_visit,ACBBA,ideal,1.0,19,361,4,10,acbba_h1_ideal,C:\Users\lottj\Desktop\research\decentralized benchmark\commitment-horizon-study\reference_core_benchmark_pilot\known_visit_10target_300.csv,10,0,3,3.7501765427336218,3.7501765427336218,01,01,1,0,True,completed
183,known_visit,ACBBA,ideal,1.0,19,361,4,10,acbba_h1_ideal,C:\Users\lottj\Desktop\research\decentralized benchmark\commitment-horizon-study\reference_core_benchmark_pilot\known_visit_10target_300.csv,1,12,16,23.1307560276258,23.1307560276258,03,03,1,0,True,completed
183,known_visit,ACBBA,ideal,1.0,19,361,4,10,acbba_h1_ideal,C:\Users\lottj\Desktop\research\decentralized benchmark\commitment-horizon-study\reference_core_benchmark_pilot\known_visit_10target_300.csv,2,13,9,25.84472659134218,25.84472659134218,02,02,1,0,True,completed
183,known_visit,ACBBA,ideal,1.0,19,361,4,10,acbba_h1_ideal,C:\Users\lottj\Desktop\research\decentralized benchmark\commitment-horizon-study\reference_core_benchmark_pilot\known_visit_10target_300.csv,3,9,4,17.45574715193523,17.45574715193523,01,01,2,1,True,completed
183,known_visit,ACBBA,ideal,1.0,19,361,4,10,acbba_h1_ideal,C:\Users\lottj\Desktop\research\decentralized benchmark\commitment-horizon-study\reference_core_benchmark_pilot\known_visit_10target_300.csv,4,16,0,37.1000116600324,37.1000116600324,01,01,1,0,True,completed
183,known_visit,ACBBA,ideal,1.0,19,361,4,10,acbba_h1_ideal,C:\Users\lottj\Desktop\research\decentralized benchmark\commitment-horizon-study\reference_core_benchmark_pilot\known_visit_10target_300.csv,5,13,11,22.498195062956288,22.498195062956288,02,02,1,0,True,completed
183,known_visit,ACBBA,ideal,1.0,19,361,4,10,acbba_h1_ideal,C:\Users\lottj\Desktop\research\decentralized benchmark\commitment-horizon-study\reference_core_benchmark_pilot\known_visit_10target_300.csv,6,13,15,26.840037367829016,26.840037367829016,03,03,1,0,True,completed
183,known_visit,ACBBA,ideal,1.0,19,361,4,10,acbba_h1_ideal,C:\Users\lottj\Desktop\research\decentralized benchmark\commitment-horizon-study\reference_core_benchmark_pilot\known_visit_10target_300.csv,7,15,10,31.449841591505663,31.449841591505663,02,02,1,0,True,completed
183,known_visit,ACBBA,ideal,1.0,19,361,4,10,acbba_h1_ideal,C:\Users\lottj\Desktop\research\decentralized benchmark\commitment-horizon-study\reference_core_benchmark_pilot\known_visit_10target_300.csv,8,12,12,18.708152521963846,18.708152521963846,02,02,1,0,True,completed
183,known_visit,ACBBA,ideal,1.0,19,361,4,10,acbba_h1_ideal,C:\Users\lottj\Desktop\research\decentralized benchmark\commitment-horizon-study\reference_core_benchmark_pilot\known_visit_10target_300.csv,9,1,2,3.792801696632086,3.792801696632086,00,00,1,0,True,completed
183,known_visit,ACBBA,ideal,1.0,19,361,4,10,acbba_h1_ideal,C:\Users\lottj\Desktop\research\decentralized benchmark\commitment-horizon-study\reference_core_benchmark_pilot\known_visit_10target_300.csv,10,8,17,14.150533822461773,14.150533822461773,03,03,1,0,True,completed
184,known_visit,ACBBA,ideal,1.0,19,361,4,10,acbba_h1_ideal,C:\Users\lottj\Desktop\research\decentralized benchmark\commitment-horizon-study\reference_core_benchmark_pilot\known_visit_10target_300.csv,1,10,18,26.856965726342786,26.856965726342786,03,03,1,0,True,completed
184,known_visit,ACBBA,ideal,1.0,19,361,4,10,acbba_h1_ideal,C:\Users\lottj\Desktop\research\decentralized benchmark\commitment-horizon-study\reference_core_benchmark_pilot\known_visit_10target_300.csv,2,2,2,5.482458722013938,5.482458722013938,00,00,1,0,True,completed
184,known_visit,ACBBA,ideal,1.0,19,361,4,10,acbba_h1_ideal,C:\Users\lottj\Desktop\research\decentralized benchmark\commitment-horizon-study\reference_core_benchmark_pilot\known_visit_10target_300.csv,3,10,11,25.183060044200737,25.183060044200737,02,02,1,0,True,completed
184,known_visit,ACBBA,ideal,1.0,19,361,4,10,acbba_h1_ideal,C:\Users\lottj\Desktop\research\decentralized benchmark\commitment-horizon-study\reference_core_benchmark_pilot\known_visit_10target_300.csv,4,15,14,39.4002634491033,39.4002634491033,02,02,1,0,True,completed
184,known_visit,ACBBA,ideal,1.0,19,361,4,10,acbba_h1_ideal,C:\Users\lottj\Desktop\research\decentralized benchmark\commitment-horizon-study\reference_core_benchmark_pilot\known_visit_10target_300.csv,5,1,15,5.667773039444423,5.667773039444423,03,03,1,0,True,completed
184,known_visit,ACBBA,ideal,1.0,19,361,4,10,acbba_h1_ideal,C:\Users\lottj\Desktop\research\decentralized benchmark\commitment-horizon-study\reference_core_benchmark_pilot\known_visit_10target_300.csv,6,14,3,32.620763109844546,32.620763109844546,01,01,1,0,True,completed
184,known_visit,ACBBA,ideal,1.0,19,361,4,10,acbba_h1_ideal,C:\Users\lottj\Desktop\research\decentralized benchmark\commitment-horizon-study\reference_core_benchmark_pilot\known_visit_10target_300.csv,7,11,4,21.34852822070318,21.34852822070318,01,01,1,0,True,completed
184,known_visit,ACBBA,ideal,1.0,19,361,4,10,acbba_h1_ideal,C:\Users\lottj\Desktop\research\decentralized benchmark\commitment-horizon-study\reference_core_benchmark_pilot\known_visit_10target_300.csv,8,3,4,7.437264277761754,7.437264277761754,01,01,1,0,True,completed
184,known_visit,ACBBA,ideal,1.0,19,361,4,10,acbba_h1_ideal,C:\Users\lottj\Desktop\research\decentralized benchmark\commitment-horizon-study\reference_core_benchmark_pilot\known_visit_10target_300.csv,9,12,5,24.987445678722263,24.987445678722263,01,01,1,0,True,completed
184,known_visit,ACBBA,ideal,1.0,19,361,4,10,acbba_h1_ideal,C:\Users\lottj\Desktop\research\decentralized benchmark\commitment-horizon-study\reference_core_benchmark_pilot\known_visit_10target_300.csv,10,9,4,17.874835194643808,17.874835194643808,01,01,1,0,True,completed
185,known_visit,ACBBA,ideal,1.0,19,361,4,10,acbba_h1_ideal,C:\Users\lottj\Desktop\research\decentralized benchmark\commitment-horizon-study\reference_core_benchmark_pilot\known_visit_10target_300.csv,1,4,6,5.212290486194765,5.212290486194765,01,01,1,0,True,completed
185,known_visit,ACBBA,ideal,1.0,19,361,4,10,acbba_h1_ideal,C:\Users\lottj\Desktop\research\decentralized benchmark\commitment-horizon-study\reference_core_benchmark_pilot\known_visit_10target_300.csv,2,16,0,57.003739969860604,57.003739969860604,00,00,1,0,True,completed
185,known_visit,ACBBA,ideal,1.0,19,361,4,10,acbba_h1_ideal,C:\Users\lottj\Desktop\research\decentralized benchmark\commitment-horizon-study\reference_core_benchmark_pilot\known_visit_10target_300.csv,3,5,14,14.28998420114871,14.28998420114871,03,03,1,0,True,completed
185,known_visit,ACBBA,ideal,1.0,19,361,4,10,acbba_h1_ideal,C:\Users\lottj\Desktop\research\decentralized benchmark\commitment-horizon-study\reference_core_benchmark_pilot\known_visit_10target_300.csv,4,13,3,25.908180793706855,25.908180793706855,00,00,1,0,True,completed
185,known_visit,ACBBA,ideal,1.0,19,361,4,10,acbba_h1_ideal,C:\Users\lottj\Desktop\research\decentralized benchmark\commitment-horizon-study\reference_core_benchmark_pilot\known_visit_10target_300.csv,5,8,13,21.32520835113667,21.32520835113667,03,03,1,0,True,completed
185,known_visit,ACBBA,ideal,1.0,19,361,4,10,acbba_h1_ideal,C:\Users\lottj\Desktop\research\decentralized benchmark\commitment-horizon-study\reference_core_benchmark_pilot\known_visit_10target_300.csv,6,13,9,36.01829332954932,36.01829332954932,00,00,1,0,True,completed
185,known_visit,ACBBA,ideal,1.0,19,361,4,10,acbba_h1_ideal,C:\Users\lottj\Desktop\research\decentralized benchmark\commitment-horizon-study\reference_core_benchmark_pilot\known_visit_10target_300.csv,7,18,16,50.980517182803844,50.980517182803844,03,03,1,0,True,completed
185,known_visit,ACBBA,ideal,1.0,19,361,4,10,acbba_h1_ideal,C:\Users\lottj\Desktop\research\decentralized benchmark\commitment-horizon-study\reference_core_benchmark_pilot\known_visit_10target_300.csv,8,16,7,45.159682248994535,45.159682248994535,00,00,1,0,True,completed
185,known_visit,ACBBA,ideal,1.0,19,361,4,10,acbba_h1_ideal,C:\Users\lottj\Desktop\research\decentralized benchmark\commitment-horizon-study\reference_core_benchmark_pilot\known_visit_10target_300.csv,9,2,9,7.3006393220746375,7.3006393220746375,02,02,1,0,True,completed
185,known_visit,ACBBA,ideal,1.0,19,361,4,10,acbba_h1_ideal,C:\Users\lottj\Desktop\research\decentralized benchmark\commitment-horizon-study\reference_core_benchmark_pilot\known_visit_10target_300.csv,10,12,18,36.868130502016385,36.868130502016385,03,03,1,0,True,completed
186,known_visit,ACBBA,ideal,1.0,19,361,4,10,acbba_h1_ideal,C:\Users\lottj\Desktop\research\decentralized benchmark\commitment-horizon-study\reference_core_benchmark_pilot\known_visit_10target_300.csv,1,4,3,10.531569246224285,10.531569246224285,00,00,1,0,True,completed
186,known_visit,ACBBA,ideal,1.0,19,361,4,10,acbba_h1_ideal,C:\Users\lottj\Desktop\research\decentralized benchmark\commitment-horizon-study\reference_core_benchmark_pilot\known_visit_10target_300.csv,2,2,11,7.914582616256609,7.914582616256609,02,02,1,0,True,completed
186,known_visit,ACBBA,ideal,1.0,19,361,4,10,acbba_h1_ideal,C:\Users\lottj\Desktop\research\decentralized benchmark\commitment-horizon-study\reference_core_benchmark_pilot\known_visit_10target_300.csv,3,3,7,12.789288496997235,12.789288496997235,01,01,1,0,True,completed
186,known_visit,ACBBA,ideal,1.0,19,361,4,10,acbba_h1_ideal,C:\Users\lottj\Desktop\research\decentralized benchmark\commitment-horizon-study\reference_core_benchmark_pilot\known_visit_10target_300.csv,4,6,4,15.785109971819265,15.785109971819265,00,00,1,0,True,completed
186,known_visit,ACBBA,ideal,1.0,19,361,4,10,acbba_h1_ideal,C:\Users\lottj\Desktop\research\decentralized benchmark\commitment-horizon-study\reference_core_benchmark_pilot\known_visit_10target_300.csv,5,6,9,18.943047129125077,18.943047129125077,02,02,1,0,True,completed
186,known_visit,ACBBA,ideal,1.0,19,361,4,10,acbba_h1_ideal,C:\Users\lottj\Desktop\research\decentralized benchmark\commitment-horizon-study\reference_core_benchmark_pilot\known_visit_10target_300.csv,6,1,17,2.2837842109129087,2.2837842109129087,03,03,1,0,True,completed
186,known_visit,ACBBA,ideal,1.0,19,361,4,10,acbba_h1_ideal,C:\Users\lottj\Desktop\research\decentralized benchmark\commitment-horizon-study\reference_core_benchmark_pilot\known_visit_10target_300.csv,7,12,13,28.25957213183841,28.25957213183841,03,03,1,0,True,completed
186,known_visit,ACBBA,ideal,1.0,19,361,4,10,acbba_h1_ideal,C:\Users\lottj\Desktop\research\decentralized benchmark\commitment-horizon-study\reference_core_benchmark_pilot\known_visit_10target_300.csv,8,0,9,3.730831264145426,3.730831264145426,01,01,1,0,True,completed
186,known_visit,ACBBA,ideal,1.0,19,361,4,10,acbba_h1_ideal,C:\Users\lottj\Desktop\research\decentralized benchmark\commitment-horizon-study\reference_core_benchmark_pilot\known_visit_10target_300.csv,9,9,14,21.222575638455112,21.222575638455112,03,03,1,0,True,completed
186,known_visit,ACBBA,ideal,1.0,19,361,4,10,acbba_h1_ideal,C:\Users\lottj\Desktop\research\decentralized benchmark\commitment-horizon-study\reference_core_benchmark_pilot\known_visit_10target_300.csv,10,17,18,45.77630949724494,45.77630949724494,03,03,1,0,True,completed
187,known_visit,ACBBA,ideal,1.0,19,361,4,10,acbba_h1_ideal,C:\Users\lottj\Desktop\research\decentralized benchmark\commitment-horizon-study\reference_core_benchmark_pilot\known_visit_10target_300.csv,1,18,3,48.86819312515324,48.86819312515324,00,00,1,0,True,completed
187,known_visit,ACBBA,ideal,1.0,19,361,4,10,acbba_h1_ideal,C:\Users\lottj\Desktop\research\decentralized benchmark\commitment-horizon-study\reference_core_benchmark_pilot\known_visit_10target_300.csv,2,4,10,12.507980210599099,12.507980210599099,01,01,2,1,True,completed
187,known_visit,ACBBA,ideal,1.0,19,361,4,10,acbba_h1_ideal,C:\Users\lottj\Desktop\research\decentralized benchmark\commitment-horizon-study\reference_core_benchmark_pilot\known_visit_10target_300.csv,3,2,15,7.2147331552862966,7.2147331552862966,02,02,1,0,True,completed
187,known_visit,ACBBA,ideal,1.0,19,361,4,10,acbba_h1_ideal,C:\Users\lottj\Desktop\research\decentralized benchmark\commitment-horizon-study\reference_core_benchmark_pilot\known_visit_10target_300.csv,4,6,8,19.602213323509048,19.602213323509048,01,01,1,0,True,completed
187,known_visit,ACBBA,ideal,1.0,19,361,4,10,acbba_h1_ideal,C:\Users\lottj\Desktop\research\decentralized benchmark\commitment-horizon-study\reference_core_benchmark_pilot\known_visit_10target_300.csv,5,8,6,22.667287838208424,22.667287838208424,00,00,1,0,True,completed
187,known_visit,ACBBA,ideal,1.0,19,361,4,10,acbba_h1_ideal,C:\Users\lottj\Desktop\research\decentralized benchmark\commitment-horizon-study\reference_core_benchmark_pilot\known_visit_10target_300.csv,6,5,10,14.4098880535562,14.4098880535562,01,01,2,1,True,completed
187,known_visit,ACBBA,ideal,1.0,19,361,4,10,acbba_h1_ideal,C:\Users\lottj\Desktop\research\decentralized benchmark\commitment-horizon-study\reference_core_benchmark_pilot\known_visit_10target_300.csv,7,8,9,25.266690730282036,25.266690730282036,01,01,1,0,True,completed
187,known_visit,ACBBA,ideal,1.0,19,361,4,10,acbba_h1_ideal,C:\Users\lottj\Desktop\research\decentralized benchmark\commitment-horizon-study\reference_core_benchmark_pilot\known_visit_10target_300.csv,8,11,10,31.98877595270862,31.98877595270862,02,02,1,0,True,completed
187,known_visit,ACBBA,ideal,1.0,19,361,4,10,acbba_h1_ideal,C:\Users\lottj\Desktop\research\decentralized benchmark\commitment-horizon-study\reference_core_benchmark_pilot\known_visit_10target_300.csv,9,16,12,41.64065316624263,41.64065316624263,03,03,1,0,True,completed
187,known_visit,ACBBA,ideal,1.0,19,361,4,10,acbba_h1_ideal,C:\Users\lottj\Desktop\research\decentralized benchmark\commitment-horizon-study\reference_core_benchmark_pilot\known_visit_10target_300.csv,10,17,13,45.29681566353729,45.29681566353729,03,03,1,0,True,completed
188,known_visit,ACBBA,ideal,1.0,19,361,4,10,acbba_h1_ideal,C:\Users\lottj\Desktop\research\decentralized benchmark\commitment-horizon-study\reference_core_benchmark_pilot\known_visit_10target_300.csv,1,6,8,16.343766728590325,16.343766728590325,02,02,2,1,True,completed
188,known_visit,ACBBA,ideal,1.0,19,361,4,10,acbba_h1_ideal,C:\Users\lottj\Desktop\research\decentralized benchmark\commitment-horizon-study\reference_core_benchmark_pilot\known_visit_10target_300.csv,2,2,11,4.180950931053999,4.180950931053999,02,02,1,0,True,completed
188,known_visit,ACBBA,ideal,1.0,19,361,4,10,acbba_h1_ideal,C:\Users\lottj\Desktop\research\decentralized benchmark\commitment-horizon-study\reference_core_benchmark_pilot\known_visit_10target_300.csv,3,1,11,2.1000485612808912,2.1000485612808912,02,02,1,0,True,completed
188,known_visit,ACBBA,ideal,1.0,19,361,4,10,acbba_h1_ideal,C:\Users\lottj\Desktop\research\decentralized benchmark\commitment-horizon-study\reference_core_benchmark_pilot\known_visit_10target_300.csv,4,13,2,24.14633090902858,24.14633090902858,00,00,1,0,True,completed
188,known_visit,ACBBA,ideal,1.0,19,361,4,10,acbba_h1_ideal,C:\Users\lottj\Desktop\research\decentralized benchmark\commitment-horizon-study\reference_core_benchmark_pilot\known_visit_10target_300.csv,5,11,18,24.752230783125388,24.752230783125388,03,03,1,0,True,completed
188,known_visit,ACBBA,ideal,1.0,19,361,4,10,acbba_h1_ideal,C:\Users\lottj\Desktop\research\decentralized benchmark\commitment-horizon-study\reference_core_benchmark_pilot\known_visit_10target_300.csv,6,3,4,7.46928593905929,7.46928593905929,01,01,1,0,True,completed
188,known_visit,ACBBA,ideal,1.0,19,361,4,10,acbba_h1_ideal,C:\Users\lottj\Desktop\research\decentralized benchmark\commitment-horizon-study\reference_core_benchmark_pilot\known_visit_10target_300.csv,7,0,4,2.102793903671809,2.102793903671809,01,01,1,0,True,completed
188,known_visit,ACBBA,ideal,1.0,19,361,4,10,acbba_h1_ideal,C:\Users\lottj\Desktop\research\decentralized benchmark\commitment-horizon-study\reference_core_benchmark_pilot\known_visit_10target_300.csv,8,3,0,3.4316190322580034,3.4316190322580034,00,00,1,0,True,completed
188,known_visit,ACBBA,ideal,1.0,19,361,4,10,acbba_h1_ideal,C:\Users\lottj\Desktop\research\decentralized benchmark\commitment-horizon-study\reference_core_benchmark_pilot\known_visit_10target_300.csv,9,16,15,38.993982329971374,38.993982329971374,03,03,1,0,True,completed
188,known_visit,ACBBA,ideal,1.0,19,361,4,10,acbba_h1_ideal,C:\Users\lottj\Desktop\research\decentralized benchmark\commitment-horizon-study\reference_core_benchmark_pilot\known_visit_10target_300.csv,10,3,16,7.295577128859639,7.295577128859639,03,03,1,0,True,completed
189,known_visit,ACBBA,ideal,1.0,19,361,4,10,acbba_h1_ideal,C:\Users\lottj\Desktop\research\decentralized benchmark\commitment-horizon-study\reference_core_benchmark_pilot\known_visit_10target_300.csv,1,4,17,7.409965318446175,7.409965318446175,03,03,2,1,True,completed
189,known_visit,ACBBA,ideal,1.0,19,361,4,10,acbba_h1_ideal,C:\Users\lottj\Desktop\research\decentralized benchmark\commitment-horizon-study\reference_core_benchmark_pilot\known_visit_10target_300.csv,2,1,14,3.7771590778203112,3.7771590778203112,02,02,1,0,True,completed
189,known_visit,ACBBA,ideal,1.0,19,361,4,10,acbba_h1_ideal,C:\Users\lottj\Desktop\research\decentralized benchmark\commitment-horizon-study\reference_core_benchmark_pilot\known_visit_10target_300.csv,3,17,2,31.2460212333061,31.2460212333061,00,00,1,0,True,completed
189,known_visit,ACBBA,ideal,1.0,19,361,4,10,acbba_h1_ideal,C:\Users\lottj\Desktop\research\decentralized benchmark\commitment-horizon-study\reference_core_benchmark_pilot\known_visit_10target_300.csv,4,18,18,37.453295424793595,37.453295424793595,03,03,1,0,True,completed
189,known_visit,ACBBA,ideal,1.0,19,361,4,10,acbba_h1_ideal,C:\Users\lottj\Desktop\research\decentralized benchmark\commitment-horizon-study\reference_core_benchmark_pilot\known_visit_10target_300.csv,5,11,17,23.647403883390297,23.647403883390297,03,03,1,0,True,completed
189,known_visit,ACBBA,ideal,1.0,19,361,4,10,acbba_h1_ideal,C:\Users\lottj\Desktop\research\decentralized benchmark\commitment-horizon-study\reference_core_benchmark_pilot\known_visit_10target_300.csv,6,10,5,17.420017412718458,17.420017412718458,01,01,1,0,True,completed
189,known_visit,ACBBA,ideal,1.0,19,361,4,10,acbba_h1_ideal,C:\Users\lottj\Desktop\research\decentralized benchmark\commitment-horizon-study\reference_core_benchmark_pilot\known_visit_10target_300.csv,7,4,16,9.154280432559265,9.154280432559265,03,03,1,0,True,completed
189,known_visit,ACBBA,ideal,1.0,19,361,4,10,acbba_h1_ideal,C:\Users\lottj\Desktop\research\decentralized benchmark\commitment-horizon-study\reference_core_benchmark_pilot\known_visit_10target_300.csv,8,9,17,19.930244393717867,19.930244393717867,03,03,1,0,True,completed
189,known_visit,ACBBA,ideal,1.0,19,361,4,10,acbba_h1_ideal,C:\Users\lottj\Desktop\research\decentralized benchmark\commitment-horizon-study\reference_core_benchmark_pilot\known_visit_10target_300.csv,9,7,16,14.534151243080728,14.534151243080728,03,03,1,0,True,completed
189,known_visit,ACBBA,ideal,1.0,19,361,4,10,acbba_h1_ideal,C:\Users\lottj\Desktop\research\decentralized benchmark\commitment-horizon-study\reference_core_benchmark_pilot\known_visit_10target_300.csv,10,18,13,46.69533528827553,46.69533528827553,03,03,1,0,True,completed
190,known_visit,ACBBA,ideal,1.0,19,361,4,10,acbba_h1_ideal,C:\Users\lottj\Desktop\research\decentralized benchmark\commitment-horizon-study\reference_core_benchmark_pilot\known_visit_10target_300.csv,1,0,3,3.88633230672784,3.88633230672784,00,00,1,0,True,completed
190,known_visit,ACBBA,ideal,1.0,19,361,4,10,acbba_h1_ideal,C:\Users\lottj\Desktop\research\decentralized benchmark\commitment-horizon-study\reference_core_benchmark_pilot\known_visit_10target_300.csv,2,5,7,16.103068770452733,16.103068770452733,02,02,1,0,True,completed
190,known_visit,ACBBA,ideal,1.0,19,361,4,10,acbba_h1_ideal,C:\Users\lottj\Desktop\research\decentralized benchmark\commitment-horizon-study\reference_core_benchmark_pilot\known_visit_10target_300.csv,3,14,18,22.508793634258662,22.508793634258662,03,03,1,0,True,completed
190,known_visit,ACBBA,ideal,1.0,19,361,4,10,acbba_h1_ideal,C:\Users\lottj\Desktop\research\decentralized benchmark\commitment-horizon-study\reference_core_benchmark_pilot\known_visit_10target_300.csv,4,13,16,28.065157496388803,28.065157496388803,03,03,1,0,True,completed
190,known_visit,ACBBA,ideal,1.0,19,361,4,10,acbba_h1_ideal,C:\Users\lottj\Desktop\research\decentralized benchmark\commitment-horizon-study\reference_core_benchmark_pilot\known_visit_10target_300.csv,5,11,4,28.577797328239836,28.577797328239836,01,01,1,0,True,completed
190,known_visit,ACBBA,ideal,1.0,19,361,4,10,acbba_h1_ideal,C:\Users\lottj\Desktop\research\decentralized benchmark\commitment-horizon-study\reference_core_benchmark_pilot\known_visit_10target_300.csv,6,4,10,8.931135925130567,8.931135925130567,02,02,1,0,True,completed
190,known_visit,ACBBA,ideal,1.0,19,361,4,10,acbba_h1_ideal,C:\Users\lottj\Desktop\research\decentralized benchmark\commitment-horizon-study\reference_core_benchmark_pilot\known_visit_10target_300.csv,7,6,2,16.320606398469963,16.320606398469963,00,00,1,0,True,completed
190,known_visit,ACBBA,ideal,1.0,19,361,4,10,acbba_h1_ideal,C:\Users\lottj\Desktop\research\decentralized benchmark\commitment-horizon-study\reference_core_benchmark_pilot\known_visit_10target_300.csv,8,0,1,0.46868513886391716,0.46868513886391716,00,00,1,0,True,completed
190,known_visit,ACBBA,ideal,1.0,19,361,4,10,acbba_h1_ideal,C:\Users\lottj\Desktop\research\decentralized benchmark\commitment-horizon-study\reference_core_benchmark_pilot\known_visit_10target_300.csv,9,6,0,19.712615006686192,19.712615006686192,00,00,1,0,True,completed
190,known_visit,ACBBA,ideal,1.0,19,361,4,10,acbba_h1_ideal,C:\Users\lottj\Desktop\research\decentralized benchmark\commitment-horizon-study\reference_core_benchmark_pilot\known_visit_10target_300.csv,10,3,3,9.189668966653395,9.189668966653395,00,00,1,0,True,completed
191,known_visit,ACBBA,ideal,1.0,19,361,4,10,acbba_h1_ideal,C:\Users\lottj\Desktop\research\decentralized benchmark\commitment-horizon-study\reference_core_benchmark_pilot\known_visit_10target_300.csv,1,16,9,35.674355148603695,35.674355148603695,01,01,1,0,True,completed
191,known_visit,ACBBA,ideal,1.0,19,361,4,10,acbba_h1_ideal,C:\Users\lottj\Desktop\research\decentralized benchmark\commitment-horizon-study\reference_core_benchmark_pilot\known_visit_10target_300.csv,2,2,13,10.790214418977712,10.790214418977712,03,03,1,0,True,completed
191,known_visit,ACBBA,ideal,1.0,19,361,4,10,acbba_h1_ideal,C:\Users\lottj\Desktop\research\decentralized benchmark\commitment-horizon-study\reference_core_benchmark_pilot\known_visit_10target_300.csv,3,12,8,26.655583248788705,26.655583248788705,01,01,1,0,True,completed
191,known_visit,ACBBA,ideal,1.0,19,361,4,10,acbba_h1_ideal,C:\Users\lottj\Desktop\research\decentralized benchmark\commitment-horizon-study\reference_core_benchmark_pilot\known_visit_10target_300.csv,4,18,2,32.414452723024304,32.414452723024304,00,00,1,0,True,completed
191,known_visit,ACBBA,ideal,1.0,19,361,4,10,acbba_h1_ideal,C:\Users\lottj\Desktop\research\decentralized benchmark\commitment-horizon-study\reference_core_benchmark_pilot\known_visit_10target_300.csv,5,8,18,29.87897324094727,29.87897324094727,03,03,1,0,True,completed
191,known_visit,ACBBA,ideal,1.0,19,361,4,10,acbba_h1_ideal,C:\Users\lottj\Desktop\research\decentralized benchmark\commitment-horizon-study\reference_core_benchmark_pilot\known_visit_10target_300.csv,6,6,12,16.305820311547233,16.305820311547233,02,02,1,0,True,completed
191,known_visit,ACBBA,ideal,1.0,19,361,4,10,acbba_h1_ideal,C:\Users\lottj\Desktop\research\decentralized benchmark\commitment-horizon-study\reference_core_benchmark_pilot\known_visit_10target_300.csv,7,0,10,2.0431542909543126,2.0431542909543126,02,02,1,0,True,completed
191,known_visit,ACBBA,ideal,1.0,19,361,4,10,acbba_h1_ideal,C:\Users\lottj\Desktop\research\decentralized benchmark\commitment-horizon-study\reference_core_benchmark_pilot\known_visit_10target_300.csv,8,17,15,40.65923836115221,40.65923836115221,02,02,1,0,True,completed
191,known_visit,ACBBA,ideal,1.0,19,361,4,10,acbba_h1_ideal,C:\Users\lottj\Desktop\research\decentralized benchmark\commitment-horizon-study\reference_core_benchmark_pilot\known_visit_10target_300.csv,9,18,18,47.33274365432586,47.33274365432586,03,03,1,0,True,completed
191,known_visit,ACBBA,ideal,1.0,19,361,4,10,acbba_h1_ideal,C:\Users\lottj\Desktop\research\decentralized benchmark\commitment-horizon-study\reference_core_benchmark_pilot\known_visit_10target_300.csv,10,17,6,41.39648055823095,41.39648055823095,00,00,1,0,True,completed
192,known_visit,ACBBA,ideal,1.0,19,361,4,10,acbba_h1_ideal,C:\Users\lottj\Desktop\research\decentralized benchmark\commitment-horizon-study\reference_core_benchmark_pilot\known_visit_10target_300.csv,1,3,18,3.507732256288546,3.507732256288546,03,03,1,0,True,completed
192,known_visit,ACBBA,ideal,1.0,19,361,4,10,acbba_h1_ideal,C:\Users\lottj\Desktop\research\decentralized benchmark\commitment-horizon-study\reference_core_benchmark_pilot\known_visit_10target_300.csv,2,5,13,15.864046792565684,15.864046792565684,03,03,1,0,True,completed
192,known_visit,ACBBA,ideal,1.0,19,361,4,10,acbba_h1_ideal,C:\Users\lottj\Desktop\research\decentralized benchmark\commitment-horizon-study\reference_core_benchmark_pilot\known_visit_10target_300.csv,3,5,6,6.965646634786275,6.965646634786275,01,01,1,0,True,completed
192,known_visit,ACBBA,ideal,1.0,19,361,4,10,acbba_h1_ideal,C:\Users\lottj\Desktop\research\decentralized benchmark\commitment-horizon-study\reference_core_benchmark_pilot\known_visit_10target_300.csv,4,6,4,12.150762054271603,12.150762054271603,01,01,1,0,True,completed
192,known_visit,ACBBA,ideal,1.0,19,361,4,10,acbba_h1_ideal,C:\Users\lottj\Desktop\research\decentralized benchmark\commitment-horizon-study\reference_core_benchmark_pilot\known_visit_10target_300.csv,5,5,15,12.375209899974386,12.375209899974386,03,03,1,0,True,completed
192,known_visit,ACBBA,ideal,1.0,19,361,4,10,acbba_h1_ideal,C:\Users\lottj\Desktop\research\decentralized benchmark\commitment-horizon-study\reference_core_benchmark_pilot\known_visit_10target_300.csv,6,0,15,3.831912006821551,3.831912006821551,02,02,1,0,True,completed
192,known_visit,ACBBA,ideal,1.0,19,361,4,10,acbba_h1_ideal,C:\Users\lottj\Desktop\research\decentralized benchmark\commitment-horizon-study\reference_core_benchmark_pilot\known_visit_10target_300.csv,7,2,2,5.397681411286679,5.397681411286679,00,00,1,0,True,completed
192,known_visit,ACBBA,ideal,1.0,19,361,4,10,acbba_h1_ideal,C:\Users\lottj\Desktop\research\decentralized benchmark\commitment-horizon-study\reference_core_benchmark_pilot\known_visit_10target_300.csv,8,16,13,35.04770203373718,35.04770203373718,03,03,1,0,True,completed
192,known_visit,ACBBA,ideal,1.0,19,361,4,10,acbba_h1_ideal,C:\Users\lottj\Desktop\research\decentralized benchmark\commitment-horizon-study\reference_core_benchmark_pilot\known_visit_10target_300.csv,9,11,4,20.988358230281836,20.988358230281836,01,01,1,0,True,completed
192,known_visit,ACBBA,ideal,1.0,19,361,4,10,acbba_h1_ideal,C:\Users\lottj\Desktop\research\decentralized benchmark\commitment-horizon-study\reference_core_benchmark_pilot\known_visit_10target_300.csv,10,14,0,33.42121728293578,33.42121728293578,01,01,1,0,True,completed
193,known_visit,ACBBA,ideal,1.0,19,361,4,10,acbba_h1_ideal,C:\Users\lottj\Desktop\research\decentralized benchmark\commitment-horizon-study\reference_core_benchmark_pilot\known_visit_10target_300.csv,1,9,17,26.68275013498181,26.68275013498181,03,03,1,0,True,completed
193,known_visit,ACBBA,ideal,1.0,19,361,4,10,acbba_h1_ideal,C:\Users\lottj\Desktop\research\decentralized benchmark\commitment-horizon-study\reference_core_benchmark_pilot\known_visit_10target_300.csv,2,10,4,22.779690316101355,22.779690316101355,00,00,1,0,True,completed
193,known_visit,ACBBA,ideal,1.0,19,361,4,10,acbba_h1_ideal,C:\Users\lottj\Desktop\research\decentralized benchmark\commitment-horizon-study\reference_core_benchmark_pilot\known_visit_10target_300.csv,3,1,14,7.304616256482369,7.304616256482369,03,03,1,0,True,completed
193,known_visit,ACBBA,ideal,1.0,19,361,4,10,acbba_h1_ideal,C:\Users\lottj\Desktop\research\decentralized benchmark\commitment-horizon-study\reference_core_benchmark_pilot\known_visit_10target_300.csv,4,2,11,4.246230099011073,4.246230099011073,02,02,1,0,True,completed
193,known_visit,ACBBA,ideal,1.0,19,361,4,10,acbba_h1_ideal,C:\Users\lottj\Desktop\research\decentralized benchmark\commitment-horizon-study\reference_core_benchmark_pilot\known_visit_10target_300.csv,5,10,16,27.80007340228816,27.80007340228816,02,02,1,0,True,completed
193,known_visit,ACBBA,ideal,1.0,19,361,4,10,acbba_h1_ideal,C:\Users\lottj\Desktop\research\decentralized benchmark\commitment-horizon-study\reference_core_benchmark_pilot\known_visit_10target_300.csv,6,18,17,43.64057763829873,43.64057763829873,02,02,1,0,True,completed
193,known_visit,ACBBA,ideal,1.0,19,361,4,10,acbba_h1_ideal,C:\Users\lottj\Desktop\research\decentralized benchmark\commitment-horizon-study\reference_core_benchmark_pilot\known_visit_10target_300.csv,7,12,5,27.974757628422317,27.974757628422317,01,01,1,0,True,completed
193,known_visit,ACBBA,ideal,1.0,19,361,4,10,acbba_h1_ideal,C:\Users\lottj\Desktop\research\decentralized benchmark\commitment-horizon-study\reference_core_benchmark_pilot\known_visit_10target_300.csv,8,17,11,47.28544936363665,47.28544936363665,01,01,1,0,True,completed
193,known_visit,ACBBA,ideal,1.0,19,361,4,10,acbba_h1_ideal,C:\Users\lottj\Desktop\research\decentralized benchmark\commitment-horizon-study\reference_core_benchmark_pilot\known_visit_10target_300.csv,9,12,18,33.77543962288101,33.77543962288101,03,03,1,0,True,completed
193,known_visit,ACBBA,ideal,1.0,19,361,4,10,acbba_h1_ideal,C:\Users\lottj\Desktop\research\decentralized benchmark\commitment-horizon-study\reference_core_benchmark_pilot\known_visit_10target_300.csv,10,0,11,0.5481893928730323,0.5481893928730323,02,02,1,0,True,completed
194,known_visit,ACBBA,ideal,1.0,19,361,4,10,acbba_h1_ideal,C:\Users\lottj\Desktop\research\decentralized benchmark\commitment-horizon-study\reference_core_benchmark_pilot\known_visit_10target_300.csv,1,4,7,7.1715173015822495,7.1715173015822495,01,01,1,0,True,completed
194,known_visit,ACBBA,ideal,1.0,19,361,4,10,acbba_h1_ideal,C:\Users\lottj\Desktop\research\decentralized benchmark\commitment-horizon-study\reference_core_benchmark_pilot\known_visit_10target_300.csv,2,11,0,21.103981867142995,21.103981867142995,00,00,1,0,True,completed
194,known_visit,ACBBA,ideal,1.0,19,361,4,10,acbba_h1_ideal,C:\Users\lottj\Desktop\research\decentralized benchmark\commitment-horizon-study\reference_core_benchmark_pilot\known_visit_10target_300.csv,3,18,15,35.447713923820196,35.447713923820196,03,03,1,0,True,completed
194,known_visit,ACBBA,ideal,1.0,19,361,4,10,acbba_h1_ideal,C:\Users\lottj\Desktop\research\decentralized benchmark\commitment-horizon-study\reference_core_benchmark_pilot\known_visit_10target_300.csv,4,12,3,28.536332921591022,28.536332921591022,00,00,1,0,True,completed
194,known_visit,ACBBA,ideal,1.0,19,361,4,10,acbba_h1_ideal,C:\Users\lottj\Desktop\research\decentralized benchmark\commitment-horizon-study\reference_core_benchmark_pilot\known_visit_10target_300.csv,5,10,10,19.71862092445765,19.71862092445765,02,02,1,0,True,completed
194,known_visit,ACBBA,ideal,1.0,19,361,4,10,acbba_h1_ideal,C:\Users\lottj\Desktop\research\decentralized benchmark\commitment-horizon-study\reference_core_benchmark_pilot\known_visit_10target_300.csv,6,12,4,30.33271048683378,30.33271048683378,00,00,1,0,True,completed
194,known_visit,ACBBA,ideal,1.0,19,361,4,10,acbba_h1_ideal,C:\Users\lottj\Desktop\research\decentralized benchmark\commitment-horizon-study\reference_core_benchmark_pilot\known_visit_10target_300.csv,7,18,11,35.415707675426,35.415707675426,02,02,1,0,True,completed
194,known_visit,ACBBA,ideal,1.0,19,361,4,10,acbba_h1_ideal,C:\Users\lottj\Desktop\research\decentralized benchmark\commitment-horizon-study\reference_core_benchmark_pilot\known_visit_10target_300.csv,8,7,15,16.180641703920827,16.180641703920827,03,03,1,0,True,completed
194,known_visit,ACBBA,ideal,1.0,19,361,4,10,acbba_h1_ideal,C:\Users\lottj\Desktop\research\decentralized benchmark\commitment-horizon-study\reference_core_benchmark_pilot\known_visit_10target_300.csv,9,9,1,15.56553432500048,15.56553432500048,00,00,1,0,True,completed
194,known_visit,ACBBA,ideal,1.0,19,361,4,10,acbba_h1_ideal,C:\Users\lottj\Desktop\research\decentralized benchmark\commitment-horizon-study\reference_core_benchmark_pilot\known_visit_10target_300.csv,10,4,10,9.148606224591555,9.148606224591555,02,02,1,0,True,completed
195,known_visit,ACBBA,ideal,1.0,19,361,4,10,acbba_h1_ideal,C:\Users\lottj\Desktop\research\decentralized benchmark\commitment-horizon-study\reference_core_benchmark_pilot\known_visit_10target_300.csv,1,7,2,14.618412321169071,14.618412321169071,00,00,1,0,True,completed
195,known_visit,ACBBA,ideal,1.0,19,361,4,10,acbba_h1_ideal,C:\Users\lottj\Desktop\research\decentralized benchmark\commitment-horizon-study\reference_core_benchmark_pilot\known_visit_10target_300.csv,2,9,17,19.60672754747156,19.60672754747156,03,03,1,0,True,completed
195,known_visit,ACBBA,ideal,1.0,19,361,4,10,acbba_h1_ideal,C:\Users\lottj\Desktop\research\decentralized benchmark\commitment-horizon-study\reference_core_benchmark_pilot\known_visit_10target_300.csv,3,0,16,2.0749184802898744,2.0749184802898744,03,03,1,0,True,completed
195,known_visit,ACBBA,ideal,1.0,19,361,4,10,acbba_h1_ideal,C:\Users\lottj\Desktop\research\decentralized benchmark\commitment-horizon-study\reference_core_benchmark_pilot\known_visit_10target_300.csv,4,0,11,0.5467027780898808,0.5467027780898808,02,02,1,0,True,completed
195,known_visit,ACBBA,ideal,1.0,19,361,4,10,acbba_h1_ideal,C:\Users\lottj\Desktop\research\decentralized benchmark\commitment-horizon-study\reference_core_benchmark_pilot\known_visit_10target_300.csv,5,2,9,7.525397914607747,7.525397914607747,01,01,1,0,True,completed
195,known_visit,ACBBA,ideal,1.0,19,361,4,10,acbba_h1_ideal,C:\Users\lottj\Desktop\research\decentralized benchmark\commitment-horizon-study\reference_core_benchmark_pilot\known_visit_10target_300.csv,6,7,6,21.348966701280805,21.348966701280805,01,01,1,0,True,completed
195,known_visit,ACBBA,ideal,1.0,19,361,4,10,acbba_h1_ideal,C:\Users\lottj\Desktop\research\decentralized benchmark\commitment-horizon-study\reference_core_benchmark_pilot\known_visit_10target_300.csv,7,15,13,34.64984318435302,34.64984318435302,02,02,1,0,True,completed
195,known_visit,ACBBA,ideal,1.0,19,361,4,10,acbba_h1_ideal,C:\Users\lottj\Desktop\research\decentralized benchmark\commitment-horizon-study\reference_core_benchmark_pilot\known_visit_10target_300.csv,8,8,12,20.465724099670126,20.465724099670126,02,02,1,0,True,completed
195,known_visit,ACBBA,ideal,1.0,19,361,4,10,acbba_h1_ideal,C:\Users\lottj\Desktop\research\decentralized benchmark\commitment-horizon-study\reference_core_benchmark_pilot\known_visit_10target_300.csv,9,2,1,3.84841110755467,3.84841110755467,00,00,1,0,True,completed
195,known_visit,ACBBA,ideal,1.0,19,361,4,10,acbba_h1_ideal,C:\Users\lottj\Desktop\research\decentralized benchmark\commitment-horizon-study\reference_core_benchmark_pilot\known_visit_10target_300.csv,10,1,13,6.136337065411988,6.136337065411988,02,02,1,0,True,completed
196,known_visit,ACBBA,ideal,1.0,19,361,4,10,acbba_h1_ideal,C:\Users\lottj\Desktop\research\decentralized benchmark\commitment-horizon-study\reference_core_benchmark_pilot\known_visit_10target_300.csv,1,16,16,30.02814313889114,30.02814313889114,03,03,1,0,True,completed
196,known_visit,ACBBA,ideal,1.0,19,361,4,10,acbba_h1_ideal,C:\Users\lottj\Desktop\research\decentralized benchmark\commitment-horizon-study\reference_core_benchmark_pilot\known_visit_10target_300.csv,2,15,2,27.7676920762063,27.7676920762063,00,00,1,0,True,completed
196,known_visit,ACBBA,ideal,1.0,19,361,4,10,acbba_h1_ideal,C:\Users\lottj\Desktop\research\decentralized benchmark\commitment-horizon-study\reference_core_benchmark_pilot\known_visit_10target_300.csv,3,6,7,10.994581155792334,10.994581155792334,01,01,1,0,True,completed
196,known_visit,ACBBA,ideal,1.0,19,361,4,10,acbba_h1_ideal,C:\Users\lottj\Desktop\research\decentralized benchmark\commitment-horizon-study\reference_core_benchmark_pilot\known_visit_10target_300.csv,4,15,13,33.827420968968916,33.827420968968916,02,02,1,0,True,completed
196,known_visit,ACBBA,ideal,1.0,19,361,4,10,acbba_h1_ideal,C:\Users\lottj\Desktop\research\decentralized benchmark\commitment-horizon-study\reference_core_benchmark_pilot\known_visit_10target_300.csv,5,7,13,19.95184170882173,19.95184170882173,02,02,1,0,True,completed
196,known_visit,ACBBA,ideal,1.0,19,361,4,10,acbba_h1_ideal,C:\Users\lottj\Desktop\research\decentralized benchmark\commitment-horizon-study\reference_core_benchmark_pilot\known_visit_10target_300.csv,6,0,15,3.785190056147835,3.785190056147835,02,02,1,0,True,completed
196,known_visit,ACBBA,ideal,1.0,19,361,4,10,acbba_h1_ideal,C:\Users\lottj\Desktop\research\decentralized benchmark\commitment-horizon-study\reference_core_benchmark_pilot\known_visit_10target_300.csv,7,10,17,17.56471402273403,17.56471402273403,03,03,1,0,True,completed
196,known_visit,ACBBA,ideal,1.0,19,361,4,10,acbba_h1_ideal,C:\Users\lottj\Desktop\research\decentralized benchmark\commitment-horizon-study\reference_core_benchmark_pilot\known_visit_10target_300.csv,8,13,10,28.447253129550845,28.447253129550845,01,01,1,0,True,completed
196,known_visit,ACBBA,ideal,1.0,19,361,4,10,acbba_h1_ideal,C:\Users\lottj\Desktop\research\decentralized benchmark\commitment-horizon-study\reference_core_benchmark_pilot\known_visit_10target_300.csv,9,17,12,39.38101665923162,39.38101665923162,01,01,1,0,True,completed
196,known_visit,ACBBA,ideal,1.0,19,361,4,10,acbba_h1_ideal,C:\Users\lottj\Desktop\research\decentralized benchmark\commitment-horizon-study\reference_core_benchmark_pilot\known_visit_10target_300.csv,10,4,7,7.390481006922281,7.390481006922281,01,01,1,0,True,completed
197,known_visit,ACBBA,ideal,1.0,19,361,4,10,acbba_h1_ideal,C:\Users\lottj\Desktop\research\decentralized benchmark\commitment-horizon-study\reference_core_benchmark_pilot\known_visit_10target_300.csv,1,17,4,34.643250431480084,34.643250431480084,00,00,1,0,True,completed
197,known_visit,ACBBA,ideal,1.0,19,361,4,10,acbba_h1_ideal,C:\Users\lottj\Desktop\research\decentralized benchmark\commitment-horizon-study\reference_core_benchmark_pilot\known_visit_10target_300.csv,2,5,6,7.255064426631392,7.255064426631392,01,01,1,0,True,completed
197,known_visit,ACBBA,ideal,1.0,19,361,4,10,acbba_h1_ideal,C:\Users\lottj\Desktop\research\decentralized benchmark\commitment-horizon-study\reference_core_benchmark_pilot\known_visit_10target_300.csv,3,13,14,27.668283114080566,27.668283114080566,03,03,1,0,True,completed
197,known_visit,ACBBA,ideal,1.0,19,361,4,10,acbba_h1_ideal,C:\Users\lottj\Desktop\research\decentralized benchmark\commitment-horizon-study\reference_core_benchmark_pilot\known_visit_10target_300.csv,4,17,9,37.32916548315287,37.32916548315287,01,01,1,0,True,completed
197,known_visit,ACBBA,ideal,1.0,19,361,4,10,acbba_h1_ideal,C:\Users\lottj\Desktop\research\decentralized benchmark\commitment-horizon-study\reference_core_benchmark_pilot\known_visit_10target_300.csv,5,6,4,15.836633204955653,15.836633204955653,00,00,1,0,True,completed
197,known_visit,ACBBA,ideal,1.0,19,361,4,10,acbba_h1_ideal,C:\Users\lottj\Desktop\research\decentralized benchmark\commitment-horizon-study\reference_core_benchmark_pilot\known_visit_10target_300.csv,6,4,8,12.951239119680233,12.951239119680233,01,01,1,0,True,completed
197,known_visit,ACBBA,ideal,1.0,19,361,4,10,acbba_h1_ideal,C:\Users\lottj\Desktop\research\decentralized benchmark\commitment-horizon-study\reference_core_benchmark_pilot\known_visit_10target_300.csv,7,10,16,19.007703347511246,19.007703347511246,03,03,1,0,True,completed
197,known_visit,ACBBA,ideal,1.0,19,361,4,10,acbba_h1_ideal,C:\Users\lottj\Desktop\research\decentralized benchmark\commitment-horizon-study\reference_core_benchmark_pilot\known_visit_10target_300.csv,8,17,3,36.5488610277256,36.5488610277256,00,00,1,0,True,completed
197,known_visit,ACBBA,ideal,1.0,19,361,4,10,acbba_h1_ideal,C:\Users\lottj\Desktop\research\decentralized benchmark\commitment-horizon-study\reference_core_benchmark_pilot\known_visit_10target_300.csv,9,8,12,16.51597147466656,16.51597147466656,02,02,1,0,True,completed
197,known_visit,ACBBA,ideal,1.0,19,361,4,10,acbba_h1_ideal,C:\Users\lottj\Desktop\research\decentralized benchmark\commitment-horizon-study\reference_core_benchmark_pilot\known_visit_10target_300.csv,10,17,1,39.931315799672646,39.931315799672646,00,00,1,0,True,completed
198,known_visit,ACBBA,ideal,1.0,19,361,4,10,acbba_h1_ideal,C:\Users\lottj\Desktop\research\decentralized benchmark\commitment-horizon-study\reference_core_benchmark_pilot\known_visit_10target_300.csv,1,17,1,33.22204832544411,33.22204832544411,00,00,1,0,True,completed
198,known_visit,ACBBA,ideal,1.0,19,361,4,10,acbba_h1_ideal,C:\Users\lottj\Desktop\research\decentralized benchmark\commitment-horizon-study\reference_core_benchmark_pilot\known_visit_10target_300.csv,2,0,13,0.4657143868883693,0.4657143868883693,02,02,1,0,True,completed
198,known_visit,ACBBA,ideal,1.0,19,361,4,10,acbba_h1_ideal,C:\Users\lottj\Desktop\research\decentralized benchmark\commitment-horizon-study\reference_core_benchmark_pilot\known_visit_10target_300.csv,3,13,10,28.875896120320128,28.875896120320128,02,02,1,0,True,completed
198,known_visit,ACBBA,ideal,1.0,19,361,4,10,acbba_h1_ideal,C:\Users\lottj\Desktop\research\decentralized benchmark\commitment-horizon-study\reference_core_benchmark_pilot\known_visit_10target_300.csv,4,7,15,16.053234682433832,16.053234682433832,03,03,1,0,True,completed
198,known_visit,ACBBA,ideal,1.0,19,361,4,10,acbba_h1_ideal,C:\Users\lottj\Desktop\research\decentralized benchmark\commitment-horizon-study\reference_core_benchmark_pilot\known_visit_10target_300.csv,5,2,11,7.89387973161657,7.89387973161657,02,02,1,0,True,completed
198,known_visit,ACBBA,ideal,1.0,19,361,4,10,acbba_h1_ideal,C:\Users\lottj\Desktop\research\decentralized benchmark\commitment-horizon-study\reference_core_benchmark_pilot\known_visit_10target_300.csv,6,2,15,7.196548754721203,7.196548754721203,03,03,1,0,True,completed
198,known_visit,ACBBA,ideal,1.0,19,361,4,10,acbba_h1_ideal,C:\Users\lottj\Desktop\research\decentralized benchmark\commitment-horizon-study\reference_core_benchmark_pilot\known_visit_10target_300.csv,7,10,2,19.30312232784954,19.30312232784954,00,00,1,0,True,completed
198,known_visit,ACBBA,ideal,1.0,19,361,4,10,acbba_h1_ideal,C:\Users\lottj\Desktop\research\decentralized benchmark\commitment-horizon-study\reference_core_benchmark_pilot\known_visit_10target_300.csv,8,4,7,7.432107049452895,7.432107049452895,01,01,1,0,True,completed
198,known_visit,ACBBA,ideal,1.0,19,361,4,10,acbba_h1_ideal,C:\Users\lottj\Desktop\research\decentralized benchmark\commitment-horizon-study\reference_core_benchmark_pilot\known_visit_10target_300.csv,9,2,13,4.178592236330541,4.178592236330541,02,02,1,0,True,completed
198,known_visit,ACBBA,ideal,1.0,19,361,4,10,acbba_h1_ideal,C:\Users\lottj\Desktop\research\decentralized benchmark\commitment-horizon-study\reference_core_benchmark_pilot\known_visit_10target_300.csv,10,5,6,11.358885807584306,11.358885807584306,01,01,1,0,True,completed
199,known_visit,ACBBA,ideal,1.0,19,361,4,10,acbba_h1_ideal,C:\Users\lottj\Desktop\research\decentralized benchmark\commitment-horizon-study\reference_core_benchmark_pilot\known_visit_10target_300.csv,1,0,3,3.955982205299932,3.955982205299932,00,00,1,0,True,completed
199,known_visit,ACBBA,ideal,1.0,19,361,4,10,acbba_h1_ideal,C:\Users\lottj\Desktop\research\decentralized benchmark\commitment-horizon-study\reference_core_benchmark_pilot\known_visit_10target_300.csv,2,1,8,7.291261157979408,7.291261157979408,02,02,1,0,True,completed
199,known_visit,ACBBA,ideal,1.0,19,361,4,10,acbba_h1_ideal,C:\Users\lottj\Desktop\research\decentralized benchmark\commitment-horizon-study\reference_core_benchmark_pilot\known_visit_10target_300.csv,3,16,3,32.94010129615372,32.94010129615372,01,01,1,0,True,completed
199,known_visit,ACBBA,ideal,1.0,19,361,4,10,acbba_h1_ideal,C:\Users\lottj\Desktop\research\decentralized benchmark\commitment-horizon-study\reference_core_benchmark_pilot\known_visit_10target_300.csv,4,15,9,33.37168643425378,33.37168643425378,02,02,1,0,True,completed
199,known_visit,ACBBA,ideal,1.0,19,361,4,10,acbba_h1_ideal,C:\Users\lottj\Desktop\research\decentralized benchmark\commitment-horizon-study\reference_core_benchmark_pilot\known_visit_10target_300.csv,5,11,2,25.07893677722633,25.07893677722633,00,00,1,0,True,completed
199,known_visit,ACBBA,ideal,1.0,19,361,4,10,acbba_h1_ideal,C:\Users\lottj\Desktop\research\decentralized benchmark\commitment-horizon-study\reference_core_benchmark_pilot\known_visit_10target_300.csv,6,14,3,29.25467442502659,29.25467442502659,01,01,1,0,True,completed
199,known_visit,ACBBA,ideal,1.0,19,361,4,10,acbba_h1_ideal,C:\Users\lottj\Desktop\research\decentralized benchmark\commitment-horizon-study\reference_core_benchmark_pilot\known_visit_10target_300.csv,7,17,17,29.254765392944485,29.254765392944485,03,03,1,0,True,completed
199,known_visit,ACBBA,ideal,1.0,19,361,4,10,acbba_h1_ideal,C:\Users\lottj\Desktop\research\decentralized benchmark\commitment-horizon-study\reference_core_benchmark_pilot\known_visit_10target_300.csv,8,11,1,26.78141238869851,26.78141238869851,00,00,1,0,True,completed
199,known_visit,ACBBA,ideal,1.0,19,361,4,10,acbba_h1_ideal,C:\Users\lottj\Desktop\research\decentralized benchmark\commitment-horizon-study\reference_core_benchmark_pilot\known_visit_10target_300.csv,9,2,18,1.905126895320068,1.905126895320068,03,03,1,0,True,completed
199,known_visit,ACBBA,ideal,1.0,19,361,4,10,acbba_h1_ideal,C:\Users\lottj\Desktop\research\decentralized benchmark\commitment-horizon-study\reference_core_benchmark_pilot\known_visit_10target_300.csv,10,18,15,34.676847241399884,34.676847241399884,03,03,1,0,True,completed
200,known_visit,ACBBA,ideal,1.0,19,361,4,10,acbba_h1_ideal,C:\Users\lottj\Desktop\research\decentralized benchmark\commitment-horizon-study\reference_core_benchmark_pilot\known_visit_10target_300.csv,1,4,15,11.00394027919276,11.00394027919276,03,03,1,0,True,completed
200,known_visit,ACBBA,ideal,1.0,19,361,4,10,acbba_h1_ideal,C:\Users\lottj\Desktop\research\decentralized benchmark\commitment-horizon-study\reference_core_benchmark_pilot\known_visit_10target_300.csv,2,7,5,16.511413781211203,16.511413781211203,01,01,1,0,True,completed
200,known_visit,ACBBA,ideal,1.0,19,361,4,10,acbba_h1_ideal,C:\Users\lottj\Desktop\research\decentralized benchmark\commitment-horizon-study\reference_core_benchmark_pilot\known_visit_10target_300.csv,3,4,0,5.260179338184357,5.260179338184357,00,00,1,0,True,completed
200,known_visit,ACBBA,ideal,1.0,19,361,4,10,acbba_h1_ideal,C:\Users\lottj\Desktop\research\decentralized benchmark\commitment-horizon-study\reference_core_benchmark_pilot\known_visit_10target_300.csv,4,17,0,27.37450827450956,27.37450827450956,00,00,1,0,True,completed
200,known_visit,ACBBA,ideal,1.0,19,361,4,10,acbba_h1_ideal,C:\Users\lottj\Desktop\research\decentralized benchmark\commitment-horizon-study\reference_core_benchmark_pilot\known_visit_10target_300.csv,5,0,11,0.4122696873491305,0.4122696873491305,02,02,1,0,True,completed
200,known_visit,ACBBA,ideal,1.0,19,361,4,10,acbba_h1_ideal,C:\Users\lottj\Desktop\research\decentralized benchmark\commitment-horizon-study\reference_core_benchmark_pilot\known_visit_10target_300.csv,6,3,15,9.070293337975587,9.070293337975587,03,03,1,0,True,completed
200,known_visit,ACBBA,ideal,1.0,19,361,4,10,acbba_h1_ideal,C:\Users\lottj\Desktop\research\decentralized benchmark\commitment-horizon-study\reference_core_benchmark_pilot\known_visit_10target_300.csv,7,7,16,18.104713473022272,18.104713473022272,03,03,1,0,True,completed
200,known_visit,ACBBA,ideal,1.0,19,361,4,10,acbba_h1_ideal,C:\Users\lottj\Desktop\research\decentralized benchmark\commitment-horizon-study\reference_core_benchmark_pilot\known_visit_10target_300.csv,8,7,13,16.921227499535117,16.921227499535117,02,02,1,0,True,completed
200,known_visit,ACBBA,ideal,1.0,19,361,4,10,acbba_h1_ideal,C:\Users\lottj\Desktop\research\decentralized benchmark\commitment-horizon-study\reference_core_benchmark_pilot\known_visit_10target_300.csv,9,15,18,35.574553334642644,35.574553334642644,03,03,1,0,True,completed
200,known_visit,ACBBA,ideal,1.0,19,361,4,10,acbba_h1_ideal,C:\Users\lottj\Desktop\research\decentralized benchmark\commitment-horizon-study\reference_core_benchmark_pilot\known_visit_10target_300.csv,10,17,2,31.07947774109159,31.07947774109159,00,00,1,0,True,completed
201,known_visit,ACBBA,ideal,1.0,19,361,4,10,acbba_h1_ideal,C:\Users\lottj\Desktop\research\decentralized benchmark\commitment-horizon-study\reference_core_benchmark_pilot\known_visit_10target_300.csv,1,17,12,38.122923558599375,38.122923558599375,03,03,1,0,True,completed
201,known_visit,ACBBA,ideal,1.0,19,361,4,10,acbba_h1_ideal,C:\Users\lottj\Desktop\research\decentralized benchmark\commitment-horizon-study\reference_core_benchmark_pilot\known_visit_10target_300.csv,2,4,15,10.493149093984513,10.493149093984513,02,02,1,0,True,completed
201,known_visit,ACBBA,ideal,1.0,19,361,4,10,acbba_h1_ideal,C:\Users\lottj\Desktop\research\decentralized benchmark\commitment-horizon-study\reference_core_benchmark_pilot\known_visit_10target_300.csv,3,8,9,18.336945477903708,18.336945477903708,01,01,1,0,True,completed
201,known_visit,ACBBA,ideal,1.0,19,361,4,10,acbba_h1_ideal,C:\Users\lottj\Desktop\research\decentralized benchmark\commitment-horizon-study\reference_core_benchmark_pilot\known_visit_10target_300.csv,4,6,9,14.548338468233357,14.548338468233357,01,01,1,0,True,completed
201,known_visit,ACBBA,ideal,1.0,19,361,4,10,acbba_h1_ideal,C:\Users\lottj\Desktop\research\decentralized benchmark\commitment-horizon-study\reference_core_benchmark_pilot\known_visit_10target_300.csv,5,12,2,22.525968465274588,22.525968465274588,00,00,1,0,True,completed
201,known_visit,ACBBA,ideal,1.0,19,361,4,10,acbba_h1_ideal,C:\Users\lottj\Desktop\research\decentralized benchmark\commitment-horizon-study\reference_core_benchmark_pilot\known_visit_10target_300.csv,6,13,18,20.726795186059615,20.726795186059615,03,03,1,0,True,completed
201,known_visit,ACBBA,ideal,1.0,19,361,4,10,acbba_h1_ideal,C:\Users\lottj\Desktop\research\decentralized benchmark\commitment-horizon-study\reference_core_benchmark_pilot\known_visit_10target_300.csv,7,3,0,3.662355768966227,3.662355768966227,00,00,1,0,True,completed
201,known_visit,ACBBA,ideal,1.0,19,361,4,10,acbba_h1_ideal,C:\Users\lottj\Desktop\research\decentralized benchmark\commitment-horizon-study\reference_core_benchmark_pilot\known_visit_10target_300.csv,8,11,6,28.86463205154102,28.86463205154102,01,01,1,0,True,completed
201,known_visit,ACBBA,ideal,1.0,19,361,4,10,acbba_h1_ideal,C:\Users\lottj\Desktop\research\decentralized benchmark\commitment-horizon-study\reference_core_benchmark_pilot\known_visit_10target_300.csv,9,4,6,5.624563528264721,5.624563528264721,01,01,1,0,True,completed
201,known_visit,ACBBA,ideal,1.0,19,361,4,10,acbba_h1_ideal,C:\Users\lottj\Desktop\research\decentralized benchmark\commitment-horizon-study\reference_core_benchmark_pilot\known_visit_10target_300.csv,10,10,13,24.566415030172134,24.566415030172134,02,02,1,0,True,completed
202,known_visit,ACBBA,ideal,1.0,19,361,4,10,acbba_h1_ideal,C:\Users\lottj\Desktop\research\decentralized benchmark\commitment-horizon-study\reference_core_benchmark_pilot\known_visit_10target_300.csv,1,9,8,17.97123795398764,17.97123795398764,01,01,1,0,True,completed
202,known_visit,ACBBA,ideal,1.0,19,361,4,10,acbba_h1_ideal,C:\Users\lottj\Desktop\research\decentralized benchmark\commitment-horizon-study\reference_core_benchmark_pilot\known_visit_10target_300.csv,2,9,7,19.906824903570573,19.906824903570573,01,01,1,0,True,completed
202,known_visit,ACBBA,ideal,1.0,19,361,4,10,acbba_h1_ideal,C:\Users\lottj\Desktop\research\decentralized benchmark\commitment-horizon-study\reference_core_benchmark_pilot\known_visit_10target_300.csv,3,3,6,3.7040574222727627,3.7040574222727627,01,01,1,0,True,completed
202,known_visit,ACBBA,ideal,1.0,19,361,4,10,acbba_h1_ideal,C:\Users\lottj\Desktop\research\decentralized benchmark\commitment-horizon-study\reference_core_benchmark_pilot\known_visit_10target_300.csv,4,5,0,14.6824486097587,14.6824486097587,00,00,1,0,True,completed
202,known_visit,ACBBA,ideal,1.0,19,361,4,10,acbba_h1_ideal,C:\Users\lottj\Desktop\research\decentralized benchmark\commitment-horizon-study\reference_core_benchmark_pilot\known_visit_10target_300.csv,5,9,13,23.02626117782559,23.02626117782559,03,03,1,0,True,completed
202,known_visit,ACBBA,ideal,1.0,19,361,4,10,acbba_h1_ideal,C:\Users\lottj\Desktop\research\decentralized benchmark\commitment-horizon-study\reference_core_benchmark_pilot\known_visit_10target_300.csv,6,12,9,24.510221648241856,24.510221648241856,02,02,1,0,True,completed
202,known_visit,ACBBA,ideal,1.0,19,361,4,10,acbba_h1_ideal,C:\Users\lottj\Desktop\research\decentralized benchmark\commitment-horizon-study\reference_core_benchmark_pilot\known_visit_10target_300.csv,7,16,13,35.091812612555,35.091812612555,03,03,1,0,True,completed
202,known_visit,ACBBA,ideal,1.0,19,361,4,10,acbba_h1_ideal,C:\Users\lottj\Desktop\research\decentralized benchmark\commitment-horizon-study\reference_core_benchmark_pilot\known_visit_10target_300.csv,8,5,9,12.424222810191862,12.424222810191862,02,02,1,0,True,completed
202,known_visit,ACBBA,ideal,1.0,19,361,4,10,acbba_h1_ideal,C:\Users\lottj\Desktop\research\decentralized benchmark\commitment-horizon-study\reference_core_benchmark_pilot\known_visit_10target_300.csv,9,9,2,25.28550225835451,25.28550225835451,00,00,1,0,True,completed
202,known_visit,ACBBA,ideal,1.0,19,361,4,10,acbba_h1_ideal,C:\Users\lottj\Desktop\research\decentralized benchmark\commitment-horizon-study\reference_core_benchmark_pilot\known_visit_10target_300.csv,10,2,2,5.454376683444699,5.454376683444699,00,00,1,0,True,completed
203,known_visit,ACBBA,ideal,1.0,19,361,4,10,acbba_h1_ideal,C:\Users\lottj\Desktop\research\decentralized benchmark\commitment-horizon-study\reference_core_benchmark_pilot\known_visit_10target_300.csv,1,6,8,12.350594495683511,12.350594495683511,01,01,1,0,True,completed
203,known_visit,ACBBA,ideal,1.0,19,361,4,10,acbba_h1_ideal,C:\Users\lottj\Desktop\research\decentralized benchmark\commitment-horizon-study\reference_core_benchmark_pilot\known_visit_10target_300.csv,2,11,15,22.180814229678315,22.180814229678315,03,03,1,0,True,completed
203,known_visit,ACBBA,ideal,1.0,19,361,4,10,acbba_h1_ideal,C:\Users\lottj\Desktop\research\decentralized benchmark\commitment-horizon-study\reference_core_benchmark_pilot\known_visit_10target_300.csv,3,9,11,19.58144496501888,19.58144496501888,02,02,1,0,True,completed
203,known_visit,ACBBA,ideal,1.0,19,361,4,10,acbba_h1_ideal,C:\Users\lottj\Desktop\research\decentralized benchmark\commitment-horizon-study\reference_core_benchmark_pilot\known_visit_10target_300.csv,4,3,6,3.5626378702265744,3.5626378702265744,01,01,1,0,True,completed
203,known_visit,ACBBA,ideal,1.0,19,361,4,10,acbba_h1_ideal,C:\Users\lottj\Desktop\research\decentralized benchmark\commitment-horizon-study\reference_core_benchmark_pilot\known_visit_10target_300.csv,5,0,10,2.1567768836921393,2.1567768836921393,02,02,1,0,True,completed
203,known_visit,ACBBA,ideal,1.0,19,361,4,10,acbba_h1_ideal,C:\Users\lottj\Desktop\research\decentralized benchmark\commitment-horizon-study\reference_core_benchmark_pilot\known_visit_10target_300.csv,6,7,10,14.169146486621973,14.169146486621973,02,02,1,0,True,completed
203,known_visit,ACBBA,ideal,1.0,19,361,4,10,acbba_h1_ideal,C:\Users\lottj\Desktop\research\decentralized benchmark\commitment-horizon-study\reference_core_benchmark_pilot\known_visit_10target_300.csv,7,18,3,45.354411296886994,45.354411296886994,00,00,1,0,True,completed
203,known_visit,ACBBA,ideal,1.0,19,361,4,10,acbba_h1_ideal,C:\Users\lottj\Desktop\research\decentralized benchmark\commitment-horizon-study\reference_core_benchmark_pilot\known_visit_10target_300.csv,8,6,6,8.737076463191228,8.737076463191228,01,01,1,0,True,completed
203,known_visit,ACBBA,ideal,1.0,19,361,4,10,acbba_h1_ideal,C:\Users\lottj\Desktop\research\decentralized benchmark\commitment-horizon-study\reference_core_benchmark_pilot\known_visit_10target_300.csv,9,16,7,35.2549366849595,35.2549366849595,01,01,1,0,True,completed
203,known_visit,ACBBA,ideal,1.0,19,361,4,10,acbba_h1_ideal,C:\Users\lottj\Desktop\research\decentralized benchmark\commitment-horizon-study\reference_core_benchmark_pilot\known_visit_10target_300.csv,10,8,5,20.76453763081292,20.76453763081292,00,00,1,0,True,completed
204,known_visit,ACBBA,ideal,1.0,19,361,4,10,acbba_h1_ideal,C:\Users\lottj\Desktop\research\decentralized benchmark\commitment-horizon-study\reference_core_benchmark_pilot\known_visit_10target_300.csv,1,2,13,3.8653233538787872,3.8653233538787872,02,02,1,0,True,completed
204,known_visit,ACBBA,ideal,1.0,19,361,4,10,acbba_h1_ideal,C:\Users\lottj\Desktop\research\decentralized benchmark\commitment-horizon-study\reference_core_benchmark_pilot\known_visit_10target_300.csv,2,17,17,33.557828768049326,33.557828768049326,03,03,1,0,True,completed
204,known_visit,ACBBA,ideal,1.0,19,361,4,10,acbba_h1_ideal,C:\Users\lottj\Desktop\research\decentralized benchmark\commitment-horizon-study\reference_core_benchmark_pilot\known_visit_10target_300.csv,3,14,9,32.13140494770834,32.13140494770834,02,02,1,0,True,completed
204,known_visit,ACBBA,ideal,1.0,19,361,4,10,acbba_h1_ideal,C:\Users\lottj\Desktop\research\decentralized benchmark\commitment-horizon-study\reference_core_benchmark_pilot\known_visit_10target_300.csv,4,13,7,33.10410818892917,33.10410818892917,01,01,1,0,True,completed
204,known_visit,ACBBA,ideal,1.0,19,361,4,10,acbba_h1_ideal,C:\Users\lottj\Desktop\research\decentralized benchmark\commitment-horizon-study\reference_core_benchmark_pilot\known_visit_10target_300.csv,5,8,10,19.94683329781063,19.94683329781063,02,02,1,0,True,completed
204,known_visit,ACBBA,ideal,1.0,19,361,4,10,acbba_h1_ideal,C:\Users\lottj\Desktop\research\decentralized benchmark\commitment-horizon-study\reference_core_benchmark_pilot\known_visit_10target_300.csv,6,12,16,22.63806762866179,22.63806762866179,03,03,1,0,True,completed
204,known_visit,ACBBA,ideal,1.0,19,361,4,10,acbba_h1_ideal,C:\Users\lottj\Desktop\research\decentralized benchmark\commitment-horizon-study\reference_core_benchmark_pilot\known_visit_10target_300.csv,7,10,3,20.936425241379727,20.936425241379727,01,01,1,0,True,completed
204,known_visit,ACBBA,ideal,1.0,19,361,4,10,acbba_h1_ideal,C:\Users\lottj\Desktop\research\decentralized benchmark\commitment-horizon-study\reference_core_benchmark_pilot\known_visit_10target_300.csv,8,5,3,12.107643295251968,12.107643295251968,01,01,1,0,True,completed
204,known_visit,ACBBA,ideal,1.0,19,361,4,10,acbba_h1_ideal,C:\Users\lottj\Desktop\research\decentralized benchmark\commitment-horizon-study\reference_core_benchmark_pilot\known_visit_10target_300.csv,9,17,10,39.320243291990586,39.320243291990586,02,02,1,0,True,completed
204,known_visit,ACBBA,ideal,1.0,19,361,4,10,acbba_h1_ideal,C:\Users\lottj\Desktop\research\decentralized benchmark\commitment-horizon-study\reference_core_benchmark_pilot\known_visit_10target_300.csv,10,12,9,28.769778263290604,28.769778263290604,02,02,1,0,True,completed
205,known_visit,ACBBA,ideal,1.0,19,361,4,10,acbba_h1_ideal,C:\Users\lottj\Desktop\research\decentralized benchmark\commitment-horizon-study\reference_core_benchmark_pilot\known_visit_10target_300.csv,1,12,13,28.155745079570575,28.155745079570575,02,02,1,0,True,completed
205,known_visit,ACBBA,ideal,1.0,19,361,4,10,acbba_h1_ideal,C:\Users\lottj\Desktop\research\decentralized benchmark\commitment-horizon-study\reference_core_benchmark_pilot\known_visit_10target_300.csv,2,16,12,36.91849613257876,36.91849613257876,02,02,1,0,True,completed
205,known_visit,ACBBA,ideal,1.0,19,361,4,10,acbba_h1_ideal,C:\Users\lottj\Desktop\research\decentralized benchmark\commitment-horizon-study\reference_core_benchmark_pilot\known_visit_10target_300.csv,3,5,6,7.096832599725204,7.096832599725204,01,01,1,0,True,completed
205,known_visit,ACBBA,ideal,1.0,19,361,4,10,acbba_h1_ideal,C:\Users\lottj\Desktop\research\decentralized benchmark\commitment-horizon-study\reference_core_benchmark_pilot\known_visit_10target_300.csv,4,15,17,26.521441014788692,26.521441014788692,03,03,1,0,True,completed
205,known_visit,ACBBA,ideal,1.0,19,361,4,10,acbba_h1_ideal,C:\Users\lottj\Desktop\research\decentralized benchmark\commitment-horizon-study\reference_core_benchmark_pilot\known_visit_10target_300.csv,5,3,10,7.2336158604485075,7.2336158604485075,02,02,1,0,True,completed
205,known_visit,ACBBA,ideal,1.0,19,361,4,10,acbba_h1_ideal,C:\Users\lottj\Desktop\research\decentralized benchmark\commitment-horizon-study\reference_core_benchmark_pilot\known_visit_10target_300.csv,6,3,17,5.7923098517853315,5.7923098517853315,03,03,1,0,True,completed
205,known_visit,ACBBA,ideal,1.0,19,361,4,10,acbba_h1_ideal,C:\Users\lottj\Desktop\research\decentralized benchmark\commitment-horizon-study\reference_core_benchmark_pilot\known_visit_10target_300.csv,7,14,9,27.871932079556206,27.871932079556206,01,01,1,0,True,completed
205,known_visit,ACBBA,ideal,1.0,19,361,4,10,acbba_h1_ideal,C:\Users\lottj\Desktop\research\decentralized benchmark\commitment-horizon-study\reference_core_benchmark_pilot\known_visit_10target_300.csv,8,14,11,31.705915863553184,31.705915863553184,01,01,1,0,True,completed
205,known_visit,ACBBA,ideal,1.0,19,361,4,10,acbba_h1_ideal,C:\Users\lottj\Desktop\research\decentralized benchmark\commitment-horizon-study\reference_core_benchmark_pilot\known_visit_10target_300.csv,9,11,7,19.213317540688255,19.213317540688255,01,01,2,1,True,completed
205,known_visit,ACBBA,ideal,1.0,19,361,4,10,acbba_h1_ideal,C:\Users\lottj\Desktop\research\decentralized benchmark\commitment-horizon-study\reference_core_benchmark_pilot\known_visit_10target_300.csv,10,17,10,42.19116105422399,42.19116105422399,02,02,1,0,True,completed
206,known_visit,ACBBA,ideal,1.0,19,361,4,10,acbba_h1_ideal,C:\Users\lottj\Desktop\research\decentralized benchmark\commitment-horizon-study\reference_core_benchmark_pilot\known_visit_10target_300.csv,1,13,7,30.92674124143337,30.92674124143337,01,01,1,0,True,completed
206,known_visit,ACBBA,ideal,1.0,19,361,4,10,acbba_h1_ideal,C:\Users\lottj\Desktop\research\decentralized benchmark\commitment-horizon-study\reference_core_benchmark_pilot\known_visit_10target_300.csv,2,16,2,41.09271668403769,41.09271668403769,00,00,1,0,True,completed
206,known_visit,ACBBA,ideal,1.0,19,361,4,10,acbba_h1_ideal,C:\Users\lottj\Desktop\research\decentralized benchmark\commitment-horizon-study\reference_core_benchmark_pilot\known_visit_10target_300.csv,3,1,13,2.081529792464627,2.081529792464627,02,02,2,1,True,completed
206,known_visit,ACBBA,ideal,1.0,19,361,4,10,acbba_h1_ideal,C:\Users\lottj\Desktop\research\decentralized benchmark\commitment-horizon-study\reference_core_benchmark_pilot\known_visit_10target_300.csv,4,18,7,39.76008401448686,39.76008401448686,01,01,1,0,True,completed
206,known_visit,ACBBA,ideal,1.0,19,361,4,10,acbba_h1_ideal,C:\Users\lottj\Desktop\research\decentralized benchmark\commitment-horizon-study\reference_core_benchmark_pilot\known_visit_10target_300.csv,5,5,3,12.577585555832165,12.577585555832165,00,00,1,0,True,completed
206,known_visit,ACBBA,ideal,1.0,19,361,4,10,acbba_h1_ideal,C:\Users\lottj\Desktop\research\decentralized benchmark\commitment-horizon-study\reference_core_benchmark_pilot\known_visit_10target_300.csv,6,3,12,7.682044529627793,7.682044529627793,02,02,1,0,True,completed
206,known_visit,ACBBA,ideal,1.0,19,361,4,10,acbba_h1_ideal,C:\Users\lottj\Desktop\research\decentralized benchmark\commitment-horizon-study\reference_core_benchmark_pilot\known_visit_10target_300.csv,7,3,4,7.840467144868596,7.840467144868596,01,01,1,0,True,completed
206,known_visit,ACBBA,ideal,1.0,19,361,4,10,acbba_h1_ideal,C:\Users\lottj\Desktop\research\decentralized benchmark\commitment-horizon-study\reference_core_benchmark_pilot\known_visit_10target_300.csv,8,7,9,20.061080211534705,20.061080211534705,02,02,1,0,True,completed
206,known_visit,ACBBA,ideal,1.0,19,361,4,10,acbba_h1_ideal,C:\Users\lottj\Desktop\research\decentralized benchmark\commitment-horizon-study\reference_core_benchmark_pilot\known_visit_10target_300.csv,9,12,6,27.154722425696878,27.154722425696878,01,01,1,0,True,completed
206,known_visit,ACBBA,ideal,1.0,19,361,4,10,acbba_h1_ideal,C:\Users\lottj\Desktop\research\decentralized benchmark\commitment-horizon-study\reference_core_benchmark_pilot\known_visit_10target_300.csv,10,1,5,2.2802625994290864,2.2802625994290864,01,01,1,0,True,completed
207,known_visit,ACBBA,ideal,1.0,19,361,4,10,acbba_h1_ideal,C:\Users\lottj\Desktop\research\decentralized benchmark\commitment-horizon-study\reference_core_benchmark_pilot\known_visit_10target_300.csv,1,4,9,10.360999578902154,10.360999578902154,02,02,1,0,True,completed
207,known_visit,ACBBA,ideal,1.0,19,361,4,10,acbba_h1_ideal,C:\Users\lottj\Desktop\research\decentralized benchmark\commitment-horizon-study\reference_core_benchmark_pilot\known_visit_10target_300.csv,2,11,13,26.384330120021342,26.384330120021342,03,03,1,0,True,completed
207,known_visit,ACBBA,ideal,1.0,19,361,4,10,acbba_h1_ideal,C:\Users\lottj\Desktop\research\decentralized benchmark\commitment-horizon-study\reference_core_benchmark_pilot\known_visit_10target_300.csv,3,5,6,14.970176881126923,14.970176881126923,01,01,1,0,True,completed
207,known_visit,ACBBA,ideal,1.0,19,361,4,10,acbba_h1_ideal,C:\Users\lottj\Desktop\research\decentralized benchmark\commitment-horizon-study\reference_core_benchmark_pilot\known_visit_10target_300.csv,4,0,3,3.9230319413538086,3.9230319413538086,00,00,1,0,True,completed
207,known_visit,ACBBA,ideal,1.0,19,361,4,10,acbba_h1_ideal,C:\Users\lottj\Desktop\research\decentralized benchmark\commitment-horizon-study\reference_core_benchmark_pilot\known_visit_10target_300.csv,5,10,18,15.707833177791931,15.707833177791931,03,03,1,0,True,completed
207,known_visit,ACBBA,ideal,1.0,19,361,4,10,acbba_h1_ideal,C:\Users\lottj\Desktop\research\decentralized benchmark\commitment-horizon-study\reference_core_benchmark_pilot\known_visit_10target_300.csv,6,8,10,22.940682138773706,22.940682138773706,02,02,2,1,True,completed
207,known_visit,ACBBA,ideal,1.0,19,361,4,10,acbba_h1_ideal,C:\Users\lottj\Desktop\research\decentralized benchmark\commitment-horizon-study\reference_core_benchmark_pilot\known_visit_10target_300.csv,7,11,10,28.536192325870672,28.536192325870672,02,02,1,0,True,completed
207,known_visit,ACBBA,ideal,1.0,19,361,4,10,acbba_h1_ideal,C:\Users\lottj\Desktop\research\decentralized benchmark\commitment-horizon-study\reference_core_benchmark_pilot\known_visit_10target_300.csv,8,12,12,29.994418954125187,29.994418954125187,03,03,1,0,True,completed
207,known_visit,ACBBA,ideal,1.0,19,361,4,10,acbba_h1_ideal,C:\Users\lottj\Desktop\research\decentralized benchmark\commitment-horizon-study\reference_core_benchmark_pilot\known_visit_10target_300.csv,9,18,13,42.29088759014193,42.29088759014193,03,03,1,0,True,completed
207,known_visit,ACBBA,ideal,1.0,19,361,4,10,acbba_h1_ideal,C:\Users\lottj\Desktop\research\decentralized benchmark\commitment-horizon-study\reference_core_benchmark_pilot\known_visit_10target_300.csv,10,11,12,28.0455547925204,28.0455547925204,03,03,1,0,True,completed
208,known_visit,ACBBA,ideal,1.0,19,361,4,10,acbba_h1_ideal,C:\Users\lottj\Desktop\research\decentralized benchmark\commitment-horizon-study\reference_core_benchmark_pilot\known_visit_10target_300.csv,1,7,15,15.629201390677432,15.629201390677432,03,03,1,0,True,completed
208,known_visit,ACBBA,ideal,1.0,19,361,4,10,acbba_h1_ideal,C:\Users\lottj\Desktop\research\decentralized benchmark\commitment-horizon-study\reference_core_benchmark_pilot\known_visit_10target_300.csv,2,15,16,38.457840436100206,38.457840436100206,03,03,1,0,True,completed
208,known_visit,ACBBA,ideal,1.0,19,361,4,10,acbba_h1_ideal,C:\Users\lottj\Desktop\research\decentralized benchmark\commitment-horizon-study\reference_core_benchmark_pilot\known_visit_10target_300.csv,3,18,5,37.80210290894213,37.80210290894213,00,00,1,0,True,completed
208,known_visit,ACBBA,ideal,1.0,19,361,4,10,acbba_h1_ideal,C:\Users\lottj\Desktop\research\decentralized benchmark\commitment-horizon-study\reference_core_benchmark_pilot\known_visit_10target_300.csv,4,7,18,10.294563174194037,10.294563174194037,03,03,1,0,True,completed
208,known_visit,ACBBA,ideal,1.0,19,361,4,10,acbba_h1_ideal,C:\Users\lottj\Desktop\research\decentralized benchmark\commitment-horizon-study\reference_core_benchmark_pilot\known_visit_10target_300.csv,5,16,10,33.42957172465815,33.42957172465815,01,01,1,0,True,completed
208,known_visit,ACBBA,ideal,1.0,19,361,4,10,acbba_h1_ideal,C:\Users\lottj\Desktop\research\decentralized benchmark\commitment-horizon-study\reference_core_benchmark_pilot\known_visit_10target_300.csv,6,13,13,29.67095423314541,29.67095423314541,03,03,1,0,True,completed
208,known_visit,ACBBA,ideal,1.0,19,361,4,10,acbba_h1_ideal,C:\Users\lottj\Desktop\research\decentralized benchmark\commitment-horizon-study\reference_core_benchmark_pilot\known_visit_10target_300.csv,7,9,8,17.633841840213066,17.633841840213066,01,01,1,0,True,completed
208,known_visit,ACBBA,ideal,1.0,19,361,4,10,acbba_h1_ideal,C:\Users\lottj\Desktop\research\decentralized benchmark\commitment-horizon-study\reference_core_benchmark_pilot\known_visit_10target_300.csv,8,5,13,8.89991181236622,8.89991181236622,02,02,1,0,True,completed
208,known_visit,ACBBA,ideal,1.0,19,361,4,10,acbba_h1_ideal,C:\Users\lottj\Desktop\research\decentralized benchmark\commitment-horizon-study\reference_core_benchmark_pilot\known_visit_10target_300.csv,9,7,6,10.523430419906314,10.523430419906314,01,01,1,0,True,completed
208,known_visit,ACBBA,ideal,1.0,19,361,4,10,acbba_h1_ideal,C:\Users\lottj\Desktop\research\decentralized benchmark\commitment-horizon-study\reference_core_benchmark_pilot\known_visit_10target_300.csv,10,11,8,21.266695591626195,21.266695591626195,01,01,1,0,True,completed
209,known_visit,ACBBA,ideal,1.0,19,361,4,10,acbba_h1_ideal,C:\Users\lottj\Desktop\research\decentralized benchmark\commitment-horizon-study\reference_core_benchmark_pilot\known_visit_10target_300.csv,1,2,14,5.682179718859201,5.682179718859201,02,02,1,0,True,completed
209,known_visit,ACBBA,ideal,1.0,19,361,4,10,acbba_h1_ideal,C:\Users\lottj\Desktop\research\decentralized benchmark\commitment-horizon-study\reference_core_benchmark_pilot\known_visit_10target_300.csv,2,12,18,19.636167159516315,19.636167159516315,03,03,1,0,True,completed
209,known_visit,ACBBA,ideal,1.0,19,361,4,10,acbba_h1_ideal,C:\Users\lottj\Desktop\research\decentralized benchmark\commitment-horizon-study\reference_core_benchmark_pilot\known_visit_10target_300.csv,3,1,0,0.11905839076772545,0.11905839076772545,00,00,1,0,True,completed
209,known_visit,ACBBA,ideal,1.0,19,361,4,10,acbba_h1_ideal,C:\Users\lottj\Desktop\research\decentralized benchmark\commitment-horizon-study\reference_core_benchmark_pilot\known_visit_10target_300.csv,4,10,2,19.444344580938484,19.444344580938484,00,00,1,0,True,completed
209,known_visit,ACBBA,ideal,1.0,19,361,4,10,acbba_h1_ideal,C:\Users\lottj\Desktop\research\decentralized benchmark\commitment-horizon-study\reference_core_benchmark_pilot\known_visit_10target_300.csv,5,16,12,33.72496388783308,33.72496388783308,02,02,1,0,True,completed
209,known_visit,ACBBA,ideal,1.0,19,361,4,10,acbba_h1_ideal,C:\Users\lottj\Desktop\research\decentralized benchmark\commitment-horizon-study\reference_core_benchmark_pilot\known_visit_10target_300.csv,6,12,8,22.774219888729533,22.774219888729533,01,01,1,0,True,completed
209,known_visit,ACBBA,ideal,1.0,19,361,4,10,acbba_h1_ideal,C:\Users\lottj\Desktop\research\decentralized benchmark\commitment-horizon-study\reference_core_benchmark_pilot\known_visit_10target_300.csv,7,13,10,28.004734938955647,28.004734938955647,01,01,1,0,True,completed
209,known_visit,ACBBA,ideal,1.0,19,361,4,10,acbba_h1_ideal,C:\Users\lottj\Desktop\research\decentralized benchmark\commitment-horizon-study\reference_core_benchmark_pilot\known_visit_10target_300.csv,8,4,6,5.264278018520281,5.264278018520281,01,01,1,0,True,completed
209,known_visit,ACBBA,ideal,1.0,19,361,4,10,acbba_h1_ideal,C:\Users\lottj\Desktop\research\decentralized benchmark\commitment-horizon-study\reference_core_benchmark_pilot\known_visit_10target_300.csv,9,13,11,29.971810256929363,29.971810256929363,01,01,1,0,True,completed
209,known_visit,ACBBA,ideal,1.0,19,361,4,10,acbba_h1_ideal,C:\Users\lottj\Desktop\research\decentralized benchmark\commitment-horizon-study\reference_core_benchmark_pilot\known_visit_10target_300.csv,10,6,1,10.52318428161053,10.52318428161053,00,00,1,0,True,completed
210,known_visit,ACBBA,ideal,1.0,19,361,4,10,acbba_h1_ideal,C:\Users\lottj\Desktop\research\decentralized benchmark\commitment-horizon-study\reference_core_benchmark_pilot\known_visit_10target_300.csv,1,12,15,24.77876145592613,24.77876145592613,03,03,1,0,True,completed
210,known_visit,ACBBA,ideal,1.0,19,361,4,10,acbba_h1_ideal,C:\Users\lottj\Desktop\research\decentralized benchmark\commitment-horizon-study\reference_core_benchmark_pilot\known_visit_10target_300.csv,2,2,1,3.7293799142728106,3.7293799142728106,00,00,1,0,True,completed
210,known_visit,ACBBA,ideal,1.0,19,361,4,10,acbba_h1_ideal,C:\Users\lottj\Desktop\research\decentralized benchmark\commitment-horizon-study\reference_core_benchmark_pilot\known_visit_10target_300.csv,3,1,11,2.2298834060327,2.2298834060327,02,02,1,0,True,completed
210,known_visit,ACBBA,ideal,1.0,19,361,4,10,acbba_h1_ideal,C:\Users\lottj\Desktop\research\decentralized benchmark\commitment-horizon-study\reference_core_benchmark_pilot\known_visit_10target_300.csv,4,10,2,19.756888244522056,19.756888244522056,00,00,1,0,True,completed
210,known_visit,ACBBA,ideal,1.0,19,361,4,10,acbba_h1_ideal,C:\Users\lottj\Desktop\research\decentralized benchmark\commitment-horizon-study\reference_core_benchmark_pilot\known_visit_10target_300.csv,5,3,7,12.675103750198879,12.675103750198879,02,02,1,0,True,completed
210,known_visit,ACBBA,ideal,1.0,19,361,4,10,acbba_h1_ideal,C:\Users\lottj\Desktop\research\decentralized benchmark\commitment-horizon-study\reference_core_benchmark_pilot\known_visit_10target_300.csv,6,8,5,21.551354315625467,21.551354315625467,01,01,1,0,True,completed
210,known_visit,ACBBA,ideal,1.0,19,361,4,10,acbba_h1_ideal,C:\Users\lottj\Desktop\research\decentralized benchmark\commitment-horizon-study\reference_core_benchmark_pilot\known_visit_10target_300.csv,7,17,8,38.601830474235506,38.601830474235506,02,02,1,0,True,completed
210,known_visit,ACBBA,ideal,1.0,19,361,4,10,acbba_h1_ideal,C:\Users\lottj\Desktop\research\decentralized benchmark\commitment-horizon-study\reference_core_benchmark_pilot\known_visit_10target_300.csv,8,16,4,33.44811282128553,33.44811282128553,00,00,1,0,True,completed
210,known_visit,ACBBA,ideal,1.0,19,361,4,10,acbba_h1_ideal,C:\Users\lottj\Desktop\research\decentralized benchmark\commitment-horizon-study\reference_core_benchmark_pilot\known_visit_10target_300.csv,9,1,3,5.61453879679884,5.61453879679884,01,01,1,0,True,completed
210,known_visit,ACBBA,ideal,1.0,19,361,4,10,acbba_h1_ideal,C:\Users\lottj\Desktop\research\decentralized benchmark\commitment-horizon-study\reference_core_benchmark_pilot\known_visit_10target_300.csv,10,17,4,35.50291511236811,35.50291511236811,00,00,1,0,True,completed
211,known_visit,ACBBA,ideal,1.0,19,361,4,10,acbba_h1_ideal,C:\Users\lottj\Desktop\research\decentralized benchmark\commitment-horizon-study\reference_core_benchmark_pilot\known_visit_10target_300.csv,1,17,9,43.36442416027676,43.36442416027676,03,03,1,0,True,completed
211,known_visit,ACBBA,ideal,1.0,19,361,4,10,acbba_h1_ideal,C:\Users\lottj\Desktop\research\decentralized benchmark\commitment-horizon-study\reference_core_benchmark_pilot\known_visit_10target_300.csv,2,15,0,39.78296736653451,39.78296736653451,00,00,1,0,True,completed
211,known_visit,ACBBA,ideal,1.0,19,361,4,10,acbba_h1_ideal,C:\Users\lottj\Desktop\research\decentralized benchmark\commitment-horizon-study\reference_core_benchmark_pilot\known_visit_10target_300.csv,3,7,6,21.367640045710292,21.367640045710292,02,02,1,0,True,completed
211,known_visit,ACBBA,ideal,1.0,19,361,4,10,acbba_h1_ideal,C:\Users\lottj\Desktop\research\decentralized benchmark\commitment-horizon-study\reference_core_benchmark_pilot\known_visit_10target_300.csv,4,4,1,6.990981384114774,6.990981384114774,00,00,1,0,True,completed
211,known_visit,ACBBA,ideal,1.0,19,361,4,10,acbba_h1_ideal,C:\Users\lottj\Desktop\research\decentralized benchmark\commitment-horizon-study\reference_core_benchmark_pilot\known_visit_10target_300.csv,5,5,0,11.165063298766018,11.165063298766018,00,00,1,0,True,completed
211,known_visit,ACBBA,ideal,1.0,19,361,4,10,acbba_h1_ideal,C:\Users\lottj\Desktop\research\decentralized benchmark\commitment-horizon-study\reference_core_benchmark_pilot\known_visit_10target_300.csv,6,7,10,14.459109161146683,14.459109161146683,02,02,1,0,True,completed
211,known_visit,ACBBA,ideal,1.0,19,361,4,10,acbba_h1_ideal,C:\Users\lottj\Desktop\research\decentralized benchmark\commitment-horizon-study\reference_core_benchmark_pilot\known_visit_10target_300.csv,7,10,14,22.64881773357001,22.64881773357001,03,03,1,0,True,completed
211,known_visit,ACBBA,ideal,1.0,19,361,4,10,acbba_h1_ideal,C:\Users\lottj\Desktop\research\decentralized benchmark\commitment-horizon-study\reference_core_benchmark_pilot\known_visit_10target_300.csv,8,3,0,3.419618460808052,3.419618460808052,00,00,1,0,True,completed
211,known_visit,ACBBA,ideal,1.0,19,361,4,10,acbba_h1_ideal,C:\Users\lottj\Desktop\research\decentralized benchmark\commitment-horizon-study\reference_core_benchmark_pilot\known_visit_10target_300.csv,9,10,3,25.55958804545503,25.55958804545503,00,00,1,0,True,completed
211,known_visit,ACBBA,ideal,1.0,19,361,4,10,acbba_h1_ideal,C:\Users\lottj\Desktop\research\decentralized benchmark\commitment-horizon-study\reference_core_benchmark_pilot\known_visit_10target_300.csv,10,3,3,8.962517346513827,8.962517346513827,01,01,1,0,True,completed
212,known_visit,ACBBA,ideal,1.0,19,361,4,10,acbba_h1_ideal,C:\Users\lottj\Desktop\research\decentralized benchmark\commitment-horizon-study\reference_core_benchmark_pilot\known_visit_10target_300.csv,1,8,16,15.556364736464081,15.556364736464081,03,03,1,0,True,completed
212,known_visit,ACBBA,ideal,1.0,19,361,4,10,acbba_h1_ideal,C:\Users\lottj\Desktop\research\decentralized benchmark\commitment-horizon-study\reference_core_benchmark_pilot\known_visit_10target_300.csv,2,9,16,17.51194235455162,17.51194235455162,03,03,1,0,True,completed
212,known_visit,ACBBA,ideal,1.0,19,361,4,10,acbba_h1_ideal,C:\Users\lottj\Desktop\research\decentralized benchmark\commitment-horizon-study\reference_core_benchmark_pilot\known_visit_10target_300.csv,3,8,5,14.491493478782381,14.491493478782381,01,01,1,0,True,completed
212,known_visit,ACBBA,ideal,1.0,19,361,4,10,acbba_h1_ideal,C:\Users\lottj\Desktop\research\decentralized benchmark\commitment-horizon-study\reference_core_benchmark_pilot\known_visit_10target_300.csv,4,4,2,8.732901918091072,8.732901918091072,00,00,1,0,True,completed
212,known_visit,ACBBA,ideal,1.0,19,361,4,10,acbba_h1_ideal,C:\Users\lottj\Desktop\research\decentralized benchmark\commitment-horizon-study\reference_core_benchmark_pilot\known_visit_10target_300.csv,5,13,12,31.410826166154724,31.410826166154724,03,03,1,0,True,completed
212,known_visit,ACBBA,ideal,1.0,19,361,4,10,acbba_h1_ideal,C:\Users\lottj\Desktop\research\decentralized benchmark\commitment-horizon-study\reference_core_benchmark_pilot\known_visit_10target_300.csv,6,7,5,12.586529233138295,12.586529233138295,01,01,1,0,True,completed
212,known_visit,ACBBA,ideal,1.0,19,361,4,10,acbba_h1_ideal,C:\Users\lottj\Desktop\research\decentralized benchmark\commitment-horizon-study\reference_core_benchmark_pilot\known_visit_10target_300.csv,7,1,0,0.10929882080186706,0.10929882080186706,00,00,1,0,True,completed
212,known_visit,ACBBA,ideal,1.0,19,361,4,10,acbba_h1_ideal,C:\Users\lottj\Desktop\research\decentralized benchmark\commitment-horizon-study\reference_core_benchmark_pilot\known_visit_10target_300.csv,8,3,14,7.641316779457112,7.641316779457112,02,02,1,0,True,completed
212,known_visit,ACBBA,ideal,1.0,19,361,4,10,acbba_h1_ideal,C:\Users\lottj\Desktop\research\decentralized benchmark\commitment-horizon-study\reference_core_benchmark_pilot\known_visit_10target_300.csv,9,17,16,45.57929159107837,45.57929159107837,03,03,1,0,True,completed
212,known_visit,ACBBA,ideal,1.0,19,361,4,10,acbba_h1_ideal,C:\Users\lottj\Desktop\research\decentralized benchmark\commitment-horizon-study\reference_core_benchmark_pilot\known_visit_10target_300.csv,10,5,11,16.58824296263182,16.58824296263182,02,02,1,0,True,completed
213,known_visit,ACBBA,ideal,1.0,19,361,4,10,acbba_h1_ideal,C:\Users\lottj\Desktop\research\decentralized benchmark\commitment-horizon-study\reference_core_benchmark_pilot\known_visit_10target_300.csv,1,16,1,27.91800420725033,27.91800420725033,00,00,1,0,True,completed
213,known_visit,ACBBA,ideal,1.0,19,361,4,10,acbba_h1_ideal,C:\Users\lottj\Desktop\research\decentralized benchmark\commitment-horizon-study\reference_core_benchmark_pilot\known_visit_10target_300.csv,2,11,14,24.520561664953096,24.520561664953096,03,03,1,0,True,completed
213,known_visit,ACBBA,ideal,1.0,19,361,4,10,acbba_h1_ideal,C:\Users\lottj\Desktop\research\decentralized benchmark\commitment-horizon-study\reference_core_benchmark_pilot\known_visit_10target_300.csv,3,15,4,27.496362422925042,27.496362422925042,01,01,1,0,True,completed
213,known_visit,ACBBA,ideal,1.0,19,361,4,10,acbba_h1_ideal,C:\Users\lottj\Desktop\research\decentralized benchmark\commitment-horizon-study\reference_core_benchmark_pilot\known_visit_10target_300.csv,4,7,6,10.196205614455055,10.196205614455055,01,01,1,0,True,completed
213,known_visit,ACBBA,ideal,1.0,19,361,4,10,acbba_h1_ideal,C:\Users\lottj\Desktop\research\decentralized benchmark\commitment-horizon-study\reference_core_benchmark_pilot\known_visit_10target_300.csv,5,4,6,5.206654083431271,5.206654083431271,01,01,1,0,True,completed
213,known_visit,ACBBA,ideal,1.0,19,361,4,10,acbba_h1_ideal,C:\Users\lottj\Desktop\research\decentralized benchmark\commitment-horizon-study\reference_core_benchmark_pilot\known_visit_10target_300.csv,6,5,11,9.132171039091917,9.132171039091917,02,02,1,0,True,completed
213,known_visit,ACBBA,ideal,1.0,19,361,4,10,acbba_h1_ideal,C:\Users\lottj\Desktop\research\decentralized benchmark\commitment-horizon-study\reference_core_benchmark_pilot\known_visit_10target_300.csv,7,7,10,14.626527811821553,14.626527811821553,02,02,1,0,True,completed
213,known_visit,ACBBA,ideal,1.0,19,361,4,10,acbba_h1_ideal,C:\Users\lottj\Desktop\research\decentralized benchmark\commitment-horizon-study\reference_core_benchmark_pilot\known_visit_10target_300.csv,8,18,12,37.25100115376298,37.25100115376298,02,02,1,0,True,completed
213,known_visit,ACBBA,ideal,1.0,19,361,4,10,acbba_h1_ideal,C:\Users\lottj\Desktop\research\decentralized benchmark\commitment-horizon-study\reference_core_benchmark_pilot\known_visit_10target_300.csv,9,1,0,0.17886201352731657,0.17886201352731657,00,00,1,0,True,completed
213,known_visit,ACBBA,ideal,1.0,19,361,4,10,acbba_h1_ideal,C:\Users\lottj\Desktop\research\decentralized benchmark\commitment-horizon-study\reference_core_benchmark_pilot\known_visit_10target_300.csv,10,16,11,31.954961195958095,31.954961195958095,02,02,1,0,True,completed
214,known_visit,ACBBA,ideal,1.0,19,361,4,10,acbba_h1_ideal,C:\Users\lottj\Desktop\research\decentralized benchmark\commitment-horizon-study\reference_core_benchmark_pilot\known_visit_10target_300.csv,1,13,5,33.452072913885175,33.452072913885175,01,01,1,0,True,completed
214,known_visit,ACBBA,ideal,1.0,19,361,4,10,acbba_h1_ideal,C:\Users\lottj\Desktop\research\decentralized benchmark\commitment-horizon-study\reference_core_benchmark_pilot\known_visit_10target_300.csv,2,7,10,14.75069077221062,14.75069077221062,02,02,1,0,True,completed
214,known_visit,ACBBA,ideal,1.0,19,361,4,10,acbba_h1_ideal,C:\Users\lottj\Desktop\research\decentralized benchmark\commitment-horizon-study\reference_core_benchmark_pilot\known_visit_10target_300.csv,3,3,1,5.628956512615173,5.628956512615173,00,00,1,0,True,completed
214,known_visit,ACBBA,ideal,1.0,19,361,4,10,acbba_h1_ideal,C:\Users\lottj\Desktop\research\decentralized benchmark\commitment-horizon-study\reference_core_benchmark_pilot\known_visit_10target_300.csv,4,14,16,25.856473586922103,25.856473586922103,03,03,1,0,True,completed
214,known_visit,ACBBA,ideal,1.0,19,361,4,10,acbba_h1_ideal,C:\Users\lottj\Desktop\research\decentralized benchmark\commitment-horizon-study\reference_core_benchmark_pilot\known_visit_10target_300.csv,5,6,7,17.8990694140971,17.8990694140971,01,01,2,1,True,completed
214,known_visit,ACBBA,ideal,1.0,19,361,4,10,acbba_h1_ideal,C:\Users\lottj\Desktop\research\decentralized benchmark\commitment-horizon-study\reference_core_benchmark_pilot\known_visit_10target_300.csv,6,15,0,45.749182018700495,45.749182018700495,01,01,1,0,True,completed
214,known_visit,ACBBA,ideal,1.0,19,361,4,10,acbba_h1_ideal,C:\Users\lottj\Desktop\research\decentralized benchmark\commitment-horizon-study\reference_core_benchmark_pilot\known_visit_10target_300.csv,7,16,15,31.309878202699092,31.309878202699092,03,03,1,0,True,completed
214,known_visit,ACBBA,ideal,1.0,19,361,4,10,acbba_h1_ideal,C:\Users\lottj\Desktop\research\decentralized benchmark\commitment-horizon-study\reference_core_benchmark_pilot\known_visit_10target_300.csv,8,8,9,18.400299873319888,18.400299873319888,02,02,1,0,True,completed
214,known_visit,ACBBA,ideal,1.0,19,361,4,10,acbba_h1_ideal,C:\Users\lottj\Desktop\research\decentralized benchmark\commitment-horizon-study\reference_core_benchmark_pilot\known_visit_10target_300.csv,9,0,10,2.240288235513678,2.240288235513678,02,02,1,0,True,completed
214,known_visit,ACBBA,ideal,1.0,19,361,4,10,acbba_h1_ideal,C:\Users\lottj\Desktop\research\decentralized benchmark\commitment-horizon-study\reference_core_benchmark_pilot\known_visit_10target_300.csv,10,3,9,9.284730646557747,9.284730646557747,01,01,1,0,True,completed
215,known_visit,ACBBA,ideal,1.0,19,361,4,10,acbba_h1_ideal,C:\Users\lottj\Desktop\research\decentralized benchmark\commitment-horizon-study\reference_core_benchmark_pilot\known_visit_10target_300.csv,1,8,18,19.881163425570907,19.881163425570907,03,03,1,0,True,completed
215,known_visit,ACBBA,ideal,1.0,19,361,4,10,acbba_h1_ideal,C:\Users\lottj\Desktop\research\decentralized benchmark\commitment-horizon-study\reference_core_benchmark_pilot\known_visit_10target_300.csv,2,7,12,21.645416762605155,21.645416762605155,02,02,1,0,True,completed
215,known_visit,ACBBA,ideal,1.0,19,361,4,10,acbba_h1_ideal,C:\Users\lottj\Desktop\research\decentralized benchmark\commitment-horizon-study\reference_core_benchmark_pilot\known_visit_10target_300.csv,3,8,17,18.1338894461629,18.1338894461629,03,03,1,0,True,completed
215,known_visit,ACBBA,ideal,1.0,19,361,4,10,acbba_h1_ideal,C:\Users\lottj\Desktop\research\decentralized benchmark\commitment-horizon-study\reference_core_benchmark_pilot\known_visit_10target_300.csv,4,12,3,24.456256342296644,24.456256342296644,00,00,1,0,True,completed
215,known_visit,ACBBA,ideal,1.0,19,361,4,10,acbba_h1_ideal,C:\Users\lottj\Desktop\research\decentralized benchmark\commitment-horizon-study\reference_core_benchmark_pilot\known_visit_10target_300.csv,5,4,16,8.97577602321602,8.97577602321602,03,03,1,0,True,completed
215,known_visit,ACBBA,ideal,1.0,19,361,4,10,acbba_h1_ideal,C:\Users\lottj\Desktop\research\decentralized benchmark\commitment-horizon-study\reference_core_benchmark_pilot\known_visit_10target_300.csv,6,1,14,3.7628405760279056,3.7628405760279056,02,02,1,0,True,completed
215,known_visit,ACBBA,ideal,1.0,19,361,4,10,acbba_h1_ideal,C:\Users\lottj\Desktop\research\decentralized benchmark\commitment-horizon-study\reference_core_benchmark_pilot\known_visit_10target_300.csv,7,10,2,19.22980886674617,19.22980886674617,00,00,1,0,True,completed
215,known_visit,ACBBA,ideal,1.0,19,361,4,10,acbba_h1_ideal,C:\Users\lottj\Desktop\research\decentralized benchmark\commitment-horizon-study\reference_core_benchmark_pilot\known_visit_10target_300.csv,8,16,6,33.28054708985962,33.28054708985962,01,01,1,0,True,completed
215,known_visit,ACBBA,ideal,1.0,19,361,4,10,acbba_h1_ideal,C:\Users\lottj\Desktop\research\decentralized benchmark\commitment-horizon-study\reference_core_benchmark_pilot\known_visit_10target_300.csv,9,15,2,31.770658265937648,31.770658265937648,00,00,1,0,True,completed
215,known_visit,ACBBA,ideal,1.0,19,361,4,10,acbba_h1_ideal,C:\Users\lottj\Desktop\research\decentralized benchmark\commitment-horizon-study\reference_core_benchmark_pilot\known_visit_10target_300.csv,10,8,7,14.046029334132468,14.046029334132468,01,01,1,0,True,completed
216,known_visit,ACBBA,ideal,1.0,19,361,4,10,acbba_h1_ideal,C:\Users\lottj\Desktop\research\decentralized benchmark\commitment-horizon-study\reference_core_benchmark_pilot\known_visit_10target_300.csv,1,13,0,20.3720188526619,20.3720188526619,00,00,1,0,True,completed
216,known_visit,ACBBA,ideal,1.0,19,361,4,10,acbba_h1_ideal,C:\Users\lottj\Desktop\research\decentralized benchmark\commitment-horizon-study\reference_core_benchmark_pilot\known_visit_10target_300.csv,2,16,18,36.811196395290686,36.811196395290686,03,03,1,0,True,completed
216,known_visit,ACBBA,ideal,1.0,19,361,4,10,acbba_h1_ideal,C:\Users\lottj\Desktop\research\decentralized benchmark\commitment-horizon-study\reference_core_benchmark_pilot\known_visit_10target_300.csv,3,16,3,30.930324634271727,30.930324634271727,00,00,1,0,True,completed
216,known_visit,ACBBA,ideal,1.0,19,361,4,10,acbba_h1_ideal,C:\Users\lottj\Desktop\research\decentralized benchmark\commitment-horizon-study\reference_core_benchmark_pilot\known_visit_10target_300.csv,4,16,16,33.52147407050293,33.52147407050293,03,03,1,0,True,completed
216,known_visit,ACBBA,ideal,1.0,19,361,4,10,acbba_h1_ideal,C:\Users\lottj\Desktop\research\decentralized benchmark\commitment-horizon-study\reference_core_benchmark_pilot\known_visit_10target_300.csv,5,17,17,40.76814149610226,40.76814149610226,03,03,1,0,True,completed
216,known_visit,ACBBA,ideal,1.0,19,361,4,10,acbba_h1_ideal,C:\Users\lottj\Desktop\research\decentralized benchmark\commitment-horizon-study\reference_core_benchmark_pilot\known_visit_10target_300.csv,6,13,3,25.543082692903255,25.543082692903255,00,00,1,0,True,completed
216,known_visit,ACBBA,ideal,1.0,19,361,4,10,acbba_h1_ideal,C:\Users\lottj\Desktop\research\decentralized benchmark\commitment-horizon-study\reference_core_benchmark_pilot\known_visit_10target_300.csv,7,6,10,12.519689292433533,12.519689292433533,02,02,1,0,True,completed
216,known_visit,ACBBA,ideal,1.0,19,361,4,10,acbba_h1_ideal,C:\Users\lottj\Desktop\research\decentralized benchmark\commitment-horizon-study\reference_core_benchmark_pilot\known_visit_10target_300.csv,8,12,5,21.123207754070126,21.123207754070126,01,01,1,0,True,completed
216,known_visit,ACBBA,ideal,1.0,19,361,4,10,acbba_h1_ideal,C:\Users\lottj\Desktop\research\decentralized benchmark\commitment-horizon-study\reference_core_benchmark_pilot\known_visit_10target_300.csv,9,11,15,22.767329850603534,22.767329850603534,03,03,1,0,True,completed
216,known_visit,ACBBA,ideal,1.0,19,361,4,10,acbba_h1_ideal,C:\Users\lottj\Desktop\research\decentralized benchmark\commitment-horizon-study\reference_core_benchmark_pilot\known_visit_10target_300.csv,10,13,8,28.270278703178544,28.270278703178544,02,02,1,0,True,completed
217,known_visit,ACBBA,ideal,1.0,19,361,4,10,acbba_h1_ideal,C:\Users\lottj\Desktop\research\decentralized benchmark\commitment-horizon-study\reference_core_benchmark_pilot\known_visit_10target_300.csv,1,9,5,23.218183410812692,23.218183410812692,01,01,1,0,True,completed
217,known_visit,ACBBA,ideal,1.0,19,361,4,10,acbba_h1_ideal,C:\Users\lottj\Desktop\research\decentralized benchmark\commitment-horizon-study\reference_core_benchmark_pilot\known_visit_10target_300.csv,2,8,11,21.57761874438204,21.57761874438204,02,02,1,0,True,completed
217,known_visit,ACBBA,ideal,1.0,19,361,4,10,acbba_h1_ideal,C:\Users\lottj\Desktop\research\decentralized benchmark\commitment-horizon-study\reference_core_benchmark_pilot\known_visit_10target_300.csv,3,16,13,35.46972420927083,35.46972420927083,03,03,1,0,True,completed
217,known_visit,ACBBA,ideal,1.0,19,361,4,10,acbba_h1_ideal,C:\Users\lottj\Desktop\research\decentralized benchmark\commitment-horizon-study\reference_core_benchmark_pilot\known_visit_10target_300.csv,4,12,13,28.21188091203707,28.21188091203707,03,03,1,0,True,completed
217,known_visit,ACBBA,ideal,1.0,19,361,4,10,acbba_h1_ideal,C:\Users\lottj\Desktop\research\decentralized benchmark\commitment-horizon-study\reference_core_benchmark_pilot\known_visit_10target_300.csv,5,5,3,12.366644869254518,12.366644869254518,01,01,1,0,True,completed
217,known_visit,ACBBA,ideal,1.0,19,361,4,10,acbba_h1_ideal,C:\Users\lottj\Desktop\research\decentralized benchmark\commitment-horizon-study\reference_core_benchmark_pilot\known_visit_10target_300.csv,6,4,15,10.651754152585132,10.651754152585132,03,03,1,0,True,completed
217,known_visit,ACBBA,ideal,1.0,19,361,4,10,acbba_h1_ideal,C:\Users\lottj\Desktop\research\decentralized benchmark\commitment-horizon-study\reference_core_benchmark_pilot\known_visit_10target_300.csv,7,17,2,33.10379875014042,33.10379875014042,00,00,1,0,True,completed
217,known_visit,ACBBA,ideal,1.0,19,361,4,10,acbba_h1_ideal,C:\Users\lottj\Desktop\research\decentralized benchmark\commitment-horizon-study\reference_core_benchmark_pilot\known_visit_10target_300.csv,8,16,18,48.07442376427257,48.07442376427257,03,03,1,0,True,completed
217,known_visit,ACBBA,ideal,1.0,19,361,4,10,acbba_h1_ideal,C:\Users\lottj\Desktop\research\decentralized benchmark\commitment-horizon-study\reference_core_benchmark_pilot\known_visit_10target_300.csv,9,18,12,40.75361134694241,40.75361134694241,02,02,1,0,True,completed
217,known_visit,ACBBA,ideal,1.0,19,361,4,10,acbba_h1_ideal,C:\Users\lottj\Desktop\research\decentralized benchmark\commitment-horizon-study\reference_core_benchmark_pilot\known_visit_10target_300.csv,10,7,3,16.109600216710625,16.109600216710625,01,01,1,0,True,completed
218,known_visit,ACBBA,ideal,1.0,19,361,4,10,acbba_h1_ideal,C:\Users\lottj\Desktop\research\decentralized benchmark\commitment-horizon-study\reference_core_benchmark_pilot\known_visit_10target_300.csv,1,16,13,38.14628148908272,38.14628148908272,03,03,1,0,True,completed
218,known_visit,ACBBA,ideal,1.0,19,361,4,10,acbba_h1_ideal,C:\Users\lottj\Desktop\research\decentralized benchmark\commitment-horizon-study\reference_core_benchmark_pilot\known_visit_10target_300.csv,2,4,12,5.094280514701733,5.094280514701733,02,02,1,0,True,completed
218,known_visit,ACBBA,ideal,1.0,19,361,4,10,acbba_h1_ideal,C:\Users\lottj\Desktop\research\decentralized benchmark\commitment-horizon-study\reference_core_benchmark_pilot\known_visit_10target_300.csv,3,15,12,34.590298766899714,34.590298766899714,03,03,1,0,True,completed
218,known_visit,ACBBA,ideal,1.0,19,361,4,10,acbba_h1_ideal,C:\Users\lottj\Desktop\research\decentralized benchmark\commitment-horizon-study\reference_core_benchmark_pilot\known_visit_10target_300.csv,4,16,4,32.737191370748626,32.737191370748626,00,00,1,0,True,completed
218,known_visit,ACBBA,ideal,1.0,19,361,4,10,acbba_h1_ideal,C:\Users\lottj\Desktop\research\decentralized benchmark\commitment-horizon-study\reference_core_benchmark_pilot\known_visit_10target_300.csv,5,7,12,21.002955139729355,21.002955139729355,03,03,1,0,True,completed
218,known_visit,ACBBA,ideal,1.0,19,361,4,10,acbba_h1_ideal,C:\Users\lottj\Desktop\research\decentralized benchmark\commitment-horizon-study\reference_core_benchmark_pilot\known_visit_10target_300.csv,6,17,14,41.92334743980427,41.92334743980427,03,03,1,0,True,completed
218,known_visit,ACBBA,ideal,1.0,19,361,4,10,acbba_h1_ideal,C:\Users\lottj\Desktop\research\decentralized benchmark\commitment-horizon-study\reference_core_benchmark_pilot\known_visit_10target_300.csv,7,4,9,10.566385272400684,10.566385272400684,02,02,1,0,True,completed
218,known_visit,ACBBA,ideal,1.0,19,361,4,10,acbba_h1_ideal,C:\Users\lottj\Desktop\research\decentralized benchmark\commitment-horizon-study\reference_core_benchmark_pilot\known_visit_10target_300.csv,8,9,3,19.10264514044735,19.10264514044735,00,00,1,0,True,completed
218,known_visit,ACBBA,ideal,1.0,19,361,4,10,acbba_h1_ideal,C:\Users\lottj\Desktop\research\decentralized benchmark\commitment-horizon-study\reference_core_benchmark_pilot\known_visit_10target_300.csv,9,6,11,17.79994040785415,17.79994040785415,02,02,1,0,True,completed
218,known_visit,ACBBA,ideal,1.0,19,361,4,10,acbba_h1_ideal,C:\Users\lottj\Desktop\research\decentralized benchmark\commitment-horizon-study\reference_core_benchmark_pilot\known_visit_10target_300.csv,10,18,6,39.83846675183224,39.83846675183224,00,00,1,0,True,completed
219,known_visit,ACBBA,ideal,1.0,19,361,4,10,acbba_h1_ideal,C:\Users\lottj\Desktop\research\decentralized benchmark\commitment-horizon-study\reference_core_benchmark_pilot\known_visit_10target_300.csv,1,5,10,14.494677745789302,14.494677745789302,01,01,1,0,True,completed
219,known_visit,ACBBA,ideal,1.0,19,361,4,10,acbba_h1_ideal,C:\Users\lottj\Desktop\research\decentralized benchmark\commitment-horizon-study\reference_core_benchmark_pilot\known_visit_10target_300.csv,2,3,2,7.3179407727199255,7.3179407727199255,00,00,1,0,True,completed
219,known_visit,ACBBA,ideal,1.0,19,361,4,10,acbba_h1_ideal,C:\Users\lottj\Desktop\research\decentralized benchmark\commitment-horizon-study\reference_core_benchmark_pilot\known_visit_10target_300.csv,3,7,15,15.690959792898973,15.690959792898973,03,03,1,0,True,completed
219,known_visit,ACBBA,ideal,1.0,19,361,4,10,acbba_h1_ideal,C:\Users\lottj\Desktop\research\decentralized benchmark\commitment-horizon-study\reference_core_benchmark_pilot\known_visit_10target_300.csv,4,14,13,31.28105307780181,31.28105307780181,03,03,1,0,True,completed
219,known_visit,ACBBA,ideal,1.0,19,361,4,10,acbba_h1_ideal,C:\Users\lottj\Desktop\research\decentralized benchmark\commitment-horizon-study\reference_core_benchmark_pilot\known_visit_10target_300.csv,5,2,9,7.33356990828403,7.33356990828403,01,01,1,0,True,completed
219,known_visit,ACBBA,ideal,1.0,19,361,4,10,acbba_h1_ideal,C:\Users\lottj\Desktop\research\decentralized benchmark\commitment-horizon-study\reference_core_benchmark_pilot\known_visit_10target_300.csv,6,7,6,21.494258443369247,21.494258443369247,00,00,1,0,True,completed
219,known_visit,ACBBA,ideal,1.0,19,361,4,10,acbba_h1_ideal,C:\Users\lottj\Desktop\research\decentralized benchmark\commitment-horizon-study\reference_core_benchmark_pilot\known_visit_10target_300.csv,7,7,12,14.531176214714913,14.531176214714913,02,02,1,0,True,completed
219,known_visit,ACBBA,ideal,1.0,19,361,4,10,acbba_h1_ideal,C:\Users\lottj\Desktop\research\decentralized benchmark\commitment-horizon-study\reference_core_benchmark_pilot\known_visit_10target_300.csv,8,15,6,35.227900966835115,35.227900966835115,00,00,1,0,True,completed
219,known_visit,ACBBA,ideal,1.0,19,361,4,10,acbba_h1_ideal,C:\Users\lottj\Desktop\research\decentralized benchmark\commitment-horizon-study\reference_core_benchmark_pilot\known_visit_10target_300.csv,9,10,9,24.8385889879829,24.8385889879829,02,02,1,0,True,completed
219,known_visit,ACBBA,ideal,1.0,19,361,4,10,acbba_h1_ideal,C:\Users\lottj\Desktop\research\decentralized benchmark\commitment-horizon-study\reference_core_benchmark_pilot\known_visit_10target_300.csv,10,2,13,3.7035379315961294,3.7035379315961294,02,02,1,0,True,completed
220,known_visit,ACBBA,ideal,1.0,19,361,4,10,acbba_h1_ideal,C:\Users\lottj\Desktop\research\decentralized benchmark\commitment-horizon-study\reference_core_benchmark_pilot\known_visit_10target_300.csv,1,3,11,5.728631480609067,5.728631480609067,02,02,1,0,True,completed
220,known_visit,ACBBA,ideal,1.0,19,361,4,10,acbba_h1_ideal,C:\Users\lottj\Desktop\research\decentralized benchmark\commitment-horizon-study\reference_core_benchmark_pilot\known_visit_10target_300.csv,2,13,0,20.379028838859675,20.379028838859675,00,00,1,0,True,completed
220,known_visit,ACBBA,ideal,1.0,19,361,4,10,acbba_h1_ideal,C:\Users\lottj\Desktop\research\decentralized benchmark\commitment-horizon-study\reference_core_benchmark_pilot\known_visit_10target_300.csv,3,3,12,7.656634141711976,7.656634141711976,02,02,1,0,True,completed
220,known_visit,ACBBA,ideal,1.0,19,361,4,10,acbba_h1_ideal,C:\Users\lottj\Desktop\research\decentralized benchmark\commitment-horizon-study\reference_core_benchmark_pilot\known_visit_10target_300.csv,4,4,0,5.225409494512508,5.225409494512508,00,00,1,0,True,completed
220,known_visit,ACBBA,ideal,1.0,19,361,4,10,acbba_h1_ideal,C:\Users\lottj\Desktop\research\decentralized benchmark\commitment-horizon-study\reference_core_benchmark_pilot\known_visit_10target_300.csv,5,0,15,3.8813995851032868,3.8813995851032868,03,03,1,0,True,completed
220,known_visit,ACBBA,ideal,1.0,19,361,4,10,acbba_h1_ideal,C:\Users\lottj\Desktop\research\decentralized benchmark\commitment-horizon-study\reference_core_benchmark_pilot\known_visit_10target_300.csv,6,0,11,0.4064221834923821,0.4064221834923821,02,02,2,1,True,completed
220,known_visit,ACBBA,ideal,1.0,19,361,4,10,acbba_h1_ideal,C:\Users\lottj\Desktop\research\decentralized benchmark\commitment-horizon-study\reference_core_benchmark_pilot\known_visit_10target_300.csv,7,2,6,2.0094598012625156,2.0094598012625156,01,01,2,1,True,completed
220,known_visit,ACBBA,ideal,1.0,19,361,4,10,acbba_h1_ideal,C:\Users\lottj\Desktop\research\decentralized benchmark\commitment-horizon-study\reference_core_benchmark_pilot\known_visit_10target_300.csv,8,12,11,25.125744284369063,25.125744284369063,02,02,1,0,True,completed
220,known_visit,ACBBA,ideal,1.0,19,361,4,10,acbba_h1_ideal,C:\Users\lottj\Desktop\research\decentralized benchmark\commitment-horizon-study\reference_core_benchmark_pilot\known_visit_10target_300.csv,9,11,6,25.124625487404217,25.124625487404217,01,01,1,0,True,completed
220,known_visit,ACBBA,ideal,1.0,19,361,4,10,acbba_h1_ideal,C:\Users\lottj\Desktop\research\decentralized benchmark\commitment-horizon-study\reference_core_benchmark_pilot\known_visit_10target_300.csv,10,17,6,35.656938312580806,35.656938312580806,01,01,1,0,True,completed
221,known_visit,ACBBA,ideal,1.0,19,361,4,10,acbba_h1_ideal,C:\Users\lottj\Desktop\research\decentralized benchmark\commitment-horizon-study\reference_core_benchmark_pilot\known_visit_10target_300.csv,1,0,13,0.4693463319550262,0.4693463319550262,02,02,1,0,True,completed
221,known_visit,ACBBA,ideal,1.0,19,361,4,10,acbba_h1_ideal,C:\Users\lottj\Desktop\research\decentralized benchmark\commitment-horizon-study\reference_core_benchmark_pilot\known_visit_10target_300.csv,2,18,12,32.80204406817966,32.80204406817966,02,02,1,0,True,completed
221,known_visit,ACBBA,ideal,1.0,19,361,4,10,acbba_h1_ideal,C:\Users\lottj\Desktop\research\decentralized benchmark\commitment-horizon-study\reference_core_benchmark_pilot\known_visit_10target_300.csv,3,16,3,31.17248802807335,31.17248802807335,00,00,1,0,True,completed
221,known_visit,ACBBA,ideal,1.0,19,361,4,10,acbba_h1_ideal,C:\Users\lottj\Desktop\research\decentralized benchmark\commitment-horizon-study\reference_core_benchmark_pilot\known_visit_10target_300.csv,4,4,6,5.21337617262371,5.21337617262371,01,01,1,0,True,completed
221,known_visit,ACBBA,ideal,1.0,19,361,4,10,acbba_h1_ideal,C:\Users\lottj\Desktop\research\decentralized benchmark\commitment-horizon-study\reference_core_benchmark_pilot\known_visit_10target_300.csv,5,18,11,34.493240659113965,34.493240659113965,02,02,1,0,True,completed
221,known_visit,ACBBA,ideal,1.0,19,361,4,10,acbba_h1_ideal,C:\Users\lottj\Desktop\research\decentralized benchmark\commitment-horizon-study\reference_core_benchmark_pilot\known_visit_10target_300.csv,6,14,7,24.6096280926973,24.6096280926973,01,01,1,0,True,completed
221,known_visit,ACBBA,ideal,1.0,19,361,4,10,acbba_h1_ideal,C:\Users\lottj\Desktop\research\decentralized benchmark\commitment-horizon-study\reference_core_benchmark_pilot\known_visit_10target_300.csv,7,15,9,30.248873835248524,30.248873835248524,01,01,1,0,True,completed
221,known_visit,ACBBA,ideal,1.0,19,361,4,10,acbba_h1_ideal,C:\Users\lottj\Desktop\research\decentralized benchmark\commitment-horizon-study\reference_core_benchmark_pilot\known_visit_10target_300.csv,8,14,17,28.630961211280546,28.630961211280546,03,03,1,0,True,completed
221,known_visit,ACBBA,ideal,1.0,19,361,4,10,acbba_h1_ideal,C:\Users\lottj\Desktop\research\decentralized benchmark\commitment-horizon-study\reference_core_benchmark_pilot\known_visit_10target_300.csv,9,4,13,7.465794734249952,7.465794734249952,02,02,1,0,True,completed
221,known_visit,ACBBA,ideal,1.0,19,361,4,10,acbba_h1_ideal,C:\Users\lottj\Desktop\research\decentralized benchmark\commitment-horizon-study\reference_core_benchmark_pilot\known_visit_10target_300.csv,10,5,16,10.763361791251132,10.763361791251132,03,03,1,0,True,completed
222,known_visit,ACBBA,ideal,1.0,19,361,4,10,acbba_h1_ideal,C:\Users\lottj\Desktop\research\decentralized benchmark\commitment-horizon-study\reference_core_benchmark_pilot\known_visit_10target_300.csv,1,1,4,4.019280785569092,4.019280785569092,01,01,1,0,True,completed
222,known_visit,ACBBA,ideal,1.0,19,361,4,10,acbba_h1_ideal,C:\Users\lottj\Desktop\research\decentralized benchmark\commitment-horizon-study\reference_core_benchmark_pilot\known_visit_10target_300.csv,2,4,14,9.194262503912599,9.194262503912599,02,02,1,0,True,completed
222,known_visit,ACBBA,ideal,1.0,19,361,4,10,acbba_h1_ideal,C:\Users\lottj\Desktop\research\decentralized benchmark\commitment-horizon-study\reference_core_benchmark_pilot\known_visit_10target_300.csv,3,12,18,23.731515001326486,23.731515001326486,03,03,1,0,True,completed
222,known_visit,ACBBA,ideal,1.0,19,361,4,10,acbba_h1_ideal,C:\Users\lottj\Desktop\research\decentralized benchmark\commitment-horizon-study\reference_core_benchmark_pilot\known_visit_10target_300.csv,4,7,2,18.44810310327764,18.44810310327764,00,00,1,0,True,completed
222,known_visit,ACBBA,ideal,1.0,19,361,4,10,acbba_h1_ideal,C:\Users\lottj\Desktop\research\decentralized benchmark\commitment-horizon-study\reference_core_benchmark_pilot\known_visit_10target_300.csv,5,2,5,7.900307618241137,7.900307618241137,01,01,1,0,True,completed
222,known_visit,ACBBA,ideal,1.0,19,361,4,10,acbba_h1_ideal,C:\Users\lottj\Desktop\research\decentralized benchmark\commitment-horizon-study\reference_core_benchmark_pilot\known_visit_10target_300.csv,6,3,8,14.933092453830334,14.933092453830334,01,01,1,0,True,completed
222,known_visit,ACBBA,ideal,1.0,19,361,4,10,acbba_h1_ideal,C:\Users\lottj\Desktop\research\decentralized benchmark\commitment-horizon-study\reference_core_benchmark_pilot\known_visit_10target_300.csv,7,2,14,5.490726182385217,5.490726182385217,02,02,1,0,True,completed
222,known_visit,ACBBA,ideal,1.0,19,361,4,10,acbba_h1_ideal,C:\Users\lottj\Desktop\research\decentralized benchmark\commitment-horizon-study\reference_core_benchmark_pilot\known_visit_10target_300.csv,8,3,17,5.689976386683632,5.689976386683632,03,03,1,0,True,completed
222,known_visit,ACBBA,ideal,1.0,19,361,4,10,acbba_h1_ideal,C:\Users\lottj\Desktop\research\decentralized benchmark\commitment-horizon-study\reference_core_benchmark_pilot\known_visit_10target_300.csv,9,6,18,13.21968821853098,13.21968821853098,03,03,1,0,True,completed
222,known_visit,ACBBA,ideal,1.0,19,361,4,10,acbba_h1_ideal,C:\Users\lottj\Desktop\research\decentralized benchmark\commitment-horizon-study\reference_core_benchmark_pilot\known_visit_10target_300.csv,10,6,3,14.772410236937533,14.772410236937533,00,00,1,0,True,completed
223,known_visit,ACBBA,ideal,1.0,19,361,4,10,acbba_h1_ideal,C:\Users\lottj\Desktop\research\decentralized benchmark\commitment-horizon-study\reference_core_benchmark_pilot\known_visit_10target_300.csv,1,12,1,31.248044166170867,31.248044166170867,00,00,1,0,True,completed
223,known_visit,ACBBA,ideal,1.0,19,361,4,10,acbba_h1_ideal,C:\Users\lottj\Desktop\research\decentralized benchmark\commitment-horizon-study\reference_core_benchmark_pilot\known_visit_10target_300.csv,2,4,4,12.516237668570831,12.516237668570831,00,00,1,0,True,completed
223,known_visit,ACBBA,ideal,1.0,19,361,4,10,acbba_h1_ideal,C:\Users\lottj\Desktop\research\decentralized benchmark\commitment-horizon-study\reference_core_benchmark_pilot\known_visit_10target_300.csv,3,6,9,14.364947403043454,14.364947403043454,01,01,1,0,True,completed
223,known_visit,ACBBA,ideal,1.0,19,361,4,10,acbba_h1_ideal,C:\Users\lottj\Desktop\research\decentralized benchmark\commitment-horizon-study\reference_core_benchmark_pilot\known_visit_10target_300.csv,4,0,1,0.4020073261720962,0.4020073261720962,00,00,1,0,True,completed
223,known_visit,ACBBA,ideal,1.0,19,361,4,10,acbba_h1_ideal,C:\Users\lottj\Desktop\research\decentralized benchmark\commitment-horizon-study\reference_core_benchmark_pilot\known_visit_10target_300.csv,5,2,9,7.425427708891616,7.425427708891616,01,01,1,0,True,completed
223,known_visit,ACBBA,ideal,1.0,19,361,4,10,acbba_h1_ideal,C:\Users\lottj\Desktop\research\decentralized benchmark\commitment-horizon-study\reference_core_benchmark_pilot\known_visit_10target_300.csv,6,17,16,31.25847588046574,31.25847588046574,03,03,1,0,True,completed
223,known_visit,ACBBA,ideal,1.0,19,361,4,10,acbba_h1_ideal,C:\Users\lottj\Desktop\research\decentralized benchmark\commitment-horizon-study\reference_core_benchmark_pilot\known_visit_10target_300.csv,7,7,4,17.513337441272594,17.513337441272594,00,00,1,0,True,completed
223,known_visit,ACBBA,ideal,1.0,19,361,4,10,acbba_h1_ideal,C:\Users\lottj\Desktop\research\decentralized benchmark\commitment-horizon-study\reference_core_benchmark_pilot\known_visit_10target_300.csv,8,14,12,30.779463320203437,30.779463320203437,02,02,1,0,True,completed
223,known_visit,ACBBA,ideal,1.0,19,361,4,10,acbba_h1_ideal,C:\Users\lottj\Desktop\research\decentralized benchmark\commitment-horizon-study\reference_core_benchmark_pilot\known_visit_10target_300.csv,9,11,10,21.913601103571313,21.913601103571313,02,02,1,0,True,completed
223,known_visit,ACBBA,ideal,1.0,19,361,4,10,acbba_h1_ideal,C:\Users\lottj\Desktop\research\decentralized benchmark\commitment-horizon-study\reference_core_benchmark_pilot\known_visit_10target_300.csv,10,9,18,13.735190717046272,13.735190717046272,03,03,1,0,True,completed
224,known_visit,ACBBA,ideal,1.0,19,361,4,10,acbba_h1_ideal,C:\Users\lottj\Desktop\research\decentralized benchmark\commitment-horizon-study\reference_core_benchmark_pilot\known_visit_10target_300.csv,1,2,5,3.92913578046109,3.92913578046109,01,01,1,0,True,completed
224,known_visit,ACBBA,ideal,1.0,19,361,4,10,acbba_h1_ideal,C:\Users\lottj\Desktop\research\decentralized benchmark\commitment-horizon-study\reference_core_benchmark_pilot\known_visit_10target_300.csv,2,3,11,5.668530299384496,5.668530299384496,02,02,1,0,True,completed
224,known_visit,ACBBA,ideal,1.0,19,361,4,10,acbba_h1_ideal,C:\Users\lottj\Desktop\research\decentralized benchmark\commitment-horizon-study\reference_core_benchmark_pilot\known_visit_10target_300.csv,3,10,13,24.84888675497546,24.84888675497546,03,03,1,0,True,completed
224,known_visit,ACBBA,ideal,1.0,19,361,4,10,acbba_h1_ideal,C:\Users\lottj\Desktop\research\decentralized benchmark\commitment-horizon-study\reference_core_benchmark_pilot\known_visit_10target_300.csv,4,4,5,7.634596970990838,7.634596970990838,01,01,1,0,True,completed
224,known_visit,ACBBA,ideal,1.0,19,361,4,10,acbba_h1_ideal,C:\Users\lottj\Desktop\research\decentralized benchmark\commitment-horizon-study\reference_core_benchmark_pilot\known_visit_10target_300.csv,5,10,4,22.853765450370435,22.853765450370435,00,00,1,0,True,completed
224,known_visit,ACBBA,ideal,1.0,19,361,4,10,acbba_h1_ideal,C:\Users\lottj\Desktop\research\decentralized benchmark\commitment-horizon-study\reference_core_benchmark_pilot\known_visit_10target_300.csv,6,12,10,27.456008592167194,27.456008592167194,02,02,1,0,True,completed
224,known_visit,ACBBA,ideal,1.0,19,361,4,10,acbba_h1_ideal,C:\Users\lottj\Desktop\research\decentralized benchmark\commitment-horizon-study\reference_core_benchmark_pilot\known_visit_10target_300.csv,7,6,1,10.604156482111994,10.604156482111994,00,00,1,0,True,completed
224,known_visit,ACBBA,ideal,1.0,19,361,4,10,acbba_h1_ideal,C:\Users\lottj\Desktop\research\decentralized benchmark\commitment-horizon-study\reference_core_benchmark_pilot\known_visit_10target_300.csv,8,4,9,11.501724009229061,11.501724009229061,02,02,1,0,True,completed
224,known_visit,ACBBA,ideal,1.0,19,361,4,10,acbba_h1_ideal,C:\Users\lottj\Desktop\research\decentralized benchmark\commitment-horizon-study\reference_core_benchmark_pilot\known_visit_10target_300.csv,9,11,18,35.19371913045472,35.19371913045472,03,03,1,0,True,completed
224,known_visit,ACBBA,ideal,1.0,19,361,4,10,acbba_h1_ideal,C:\Users\lottj\Desktop\research\decentralized benchmark\commitment-horizon-study\reference_core_benchmark_pilot\known_visit_10target_300.csv,10,3,14,10.596903032707619,10.596903032707619,03,03,1,0,True,completed
225,known_visit,ACBBA,ideal,1.0,19,361,4,10,acbba_h1_ideal,C:\Users\lottj\Desktop\research\decentralized benchmark\commitment-horizon-study\reference_core_benchmark_pilot\known_visit_10target_300.csv,1,2,5,3.9610212100756255,3.9610212100756255,01,01,1,0,True,completed
225,known_visit,ACBBA,ideal,1.0,19,361,4,10,acbba_h1_ideal,C:\Users\lottj\Desktop\research\decentralized benchmark\commitment-horizon-study\reference_core_benchmark_pilot\known_visit_10target_300.csv,2,17,8,42.122225232501115,42.122225232501115,01,01,1,0,True,completed
225,known_visit,ACBBA,ideal,1.0,19,361,4,10,acbba_h1_ideal,C:\Users\lottj\Desktop\research\decentralized benchmark\commitment-horizon-study\reference_core_benchmark_pilot\known_visit_10target_300.csv,3,18,4,32.944965565398974,32.944965565398974,01,01,1,0,True,completed
225,known_visit,ACBBA,ideal,1.0,19,361,4,10,acbba_h1_ideal,C:\Users\lottj\Desktop\research\decentralized benchmark\commitment-horizon-study\reference_core_benchmark_pilot\known_visit_10target_300.csv,4,2,14,5.764415299370423,5.764415299370423,02,02,1,0,True,completed
225,known_visit,ACBBA,ideal,1.0,19,361,4,10,acbba_h1_ideal,C:\Users\lottj\Desktop\research\decentralized benchmark\commitment-horizon-study\reference_core_benchmark_pilot\known_visit_10target_300.csv,5,14,14,33.654415142431446,33.654415142431446,03,03,1,0,True,completed
225,known_visit,ACBBA,ideal,1.0,19,361,4,10,acbba_h1_ideal,C:\Users\lottj\Desktop\research\decentralized benchmark\commitment-horizon-study\reference_core_benchmark_pilot\known_visit_10target_300.csv,6,3,16,7.276816081565645,7.276816081565645,03,03,2,1,True,completed
225,known_visit,ACBBA,ideal,1.0,19,361,4,10,acbba_h1_ideal,C:\Users\lottj\Desktop\research\decentralized benchmark\commitment-horizon-study\reference_core_benchmark_pilot\known_visit_10target_300.csv,7,16,15,39.27535245229258,39.27535245229258,03,03,1,0,True,completed
225,known_visit,ACBBA,ideal,1.0,19,361,4,10,acbba_h1_ideal,C:\Users\lottj\Desktop\research\decentralized benchmark\commitment-horizon-study\reference_core_benchmark_pilot\known_visit_10target_300.csv,8,15,11,45.0245880527697,45.0245880527697,02,02,1,0,True,completed
225,known_visit,ACBBA,ideal,1.0,19,361,4,10,acbba_h1_ideal,C:\Users\lottj\Desktop\research\decentralized benchmark\commitment-horizon-study\reference_core_benchmark_pilot\known_visit_10target_300.csv,9,2,4,5.565775101317303,5.565775101317303,01,01,1,0,True,completed
225,known_visit,ACBBA,ideal,1.0,19,361,4,10,acbba_h1_ideal,C:\Users\lottj\Desktop\research\decentralized benchmark\commitment-horizon-study\reference_core_benchmark_pilot\known_visit_10target_300.csv,10,4,17,11.202442948162153,11.202442948162153,03,03,1,0,True,completed
226,known_visit,ACBBA,ideal,1.0,19,361,4,10,acbba_h1_ideal,C:\Users\lottj\Desktop\research\decentralized benchmark\commitment-horizon-study\reference_core_benchmark_pilot\known_visit_10target_300.csv,1,14,18,34.14996570630584,34.14996570630584,03,03,1,0,True,completed
226,known_visit,ACBBA,ideal,1.0,19,361,4,10,acbba_h1_ideal,C:\Users\lottj\Desktop\research\decentralized benchmark\commitment-horizon-study\reference_core_benchmark_pilot\known_visit_10target_300.csv,2,15,16,31.481285529964673,31.481285529964673,02,02,1,0,True,completed
226,known_visit,ACBBA,ideal,1.0,19,361,4,10,acbba_h1_ideal,C:\Users\lottj\Desktop\research\decentralized benchmark\commitment-horizon-study\reference_core_benchmark_pilot\known_visit_10target_300.csv,3,8,13,14.09067309119882,14.09067309119882,02,02,1,0,True,completed
226,known_visit,ACBBA,ideal,1.0,19,361,4,10,acbba_h1_ideal,C:\Users\lottj\Desktop\research\decentralized benchmark\commitment-horizon-study\reference_core_benchmark_pilot\known_visit_10target_300.csv,4,1,18,0.10714560971656507,0.10714560971656507,03,03,1,0,True,completed
226,known_visit,ACBBA,ideal,1.0,19,361,4,10,acbba_h1_ideal,C:\Users\lottj\Desktop\research\decentralized benchmark\commitment-horizon-study\reference_core_benchmark_pilot\known_visit_10target_300.csv,5,10,15,21.150846013372497,21.150846013372497,02,02,1,0,True,completed
226,known_visit,ACBBA,ideal,1.0,19,361,4,10,acbba_h1_ideal,C:\Users\lottj\Desktop\research\decentralized benchmark\commitment-horizon-study\reference_core_benchmark_pilot\known_visit_10target_300.csv,6,15,5,26.337280663584604,26.337280663584604,01,01,1,0,True,completed
226,known_visit,ACBBA,ideal,1.0,19,361,4,10,acbba_h1_ideal,C:\Users\lottj\Desktop\research\decentralized benchmark\commitment-horizon-study\reference_core_benchmark_pilot\known_visit_10target_300.csv,7,5,16,10.675038691273597,10.675038691273597,03,03,1,0,True,completed
226,known_visit,ACBBA,ideal,1.0,19,361,4,10,acbba_h1_ideal,C:\Users\lottj\Desktop\research\decentralized benchmark\commitment-horizon-study\reference_core_benchmark_pilot\known_visit_10target_300.csv,8,18,11,42.44617357168924,42.44617357168924,01,01,1,0,True,completed
226,known_visit,ACBBA,ideal,1.0,19,361,4,10,acbba_h1_ideal,C:\Users\lottj\Desktop\research\decentralized benchmark\commitment-horizon-study\reference_core_benchmark_pilot\known_visit_10target_300.csv,9,17,0,27.429050061444514,27.429050061444514,00,00,1,0,True,completed
226,known_visit,ACBBA,ideal,1.0,19,361,4,10,acbba_h1_ideal,C:\Users\lottj\Desktop\research\decentralized benchmark\commitment-horizon-study\reference_core_benchmark_pilot\known_visit_10target_300.csv,10,12,6,19.09716460084308,19.09716460084308,01,01,1,0,True,completed
227,known_visit,ACBBA,ideal,1.0,19,361,4,10,acbba_h1_ideal,C:\Users\lottj\Desktop\research\decentralized benchmark\commitment-horizon-study\reference_core_benchmark_pilot\known_visit_10target_300.csv,1,5,13,13.273815521430324,13.273815521430324,02,02,1,0,True,completed
227,known_visit,ACBBA,ideal,1.0,19,361,4,10,acbba_h1_ideal,C:\Users\lottj\Desktop\research\decentralized benchmark\commitment-horizon-study\reference_core_benchmark_pilot\known_visit_10target_300.csv,2,8,16,19.957558570031434,19.957558570031434,03,03,1,0,True,completed
227,known_visit,ACBBA,ideal,1.0,19,361,4,10,acbba_h1_ideal,C:\Users\lottj\Desktop\research\decentralized benchmark\commitment-horizon-study\reference_core_benchmark_pilot\known_visit_10target_300.csv,3,12,8,26.74194412550374,26.74194412550374,01,01,1,0,True,completed
227,known_visit,ACBBA,ideal,1.0,19,361,4,10,acbba_h1_ideal,C:\Users\lottj\Desktop\research\decentralized benchmark\commitment-horizon-study\reference_core_benchmark_pilot\known_visit_10target_300.csv,4,2,15,7.380469702354727,7.380469702354727,03,03,1,0,True,completed
227,known_visit,ACBBA,ideal,1.0,19,361,4,10,acbba_h1_ideal,C:\Users\lottj\Desktop\research\decentralized benchmark\commitment-horizon-study\reference_core_benchmark_pilot\known_visit_10target_300.csv,5,6,5,10.787289910303539,10.787289910303539,01,01,1,0,True,completed
227,known_visit,ACBBA,ideal,1.0,19,361,4,10,acbba_h1_ideal,C:\Users\lottj\Desktop\research\decentralized benchmark\commitment-horizon-study\reference_core_benchmark_pilot\known_visit_10target_300.csv,6,1,0,0.2570427580201483,0.2570427580201483,00,00,1,0,True,completed
227,known_visit,ACBBA,ideal,1.0,19,361,4,10,acbba_h1_ideal,C:\Users\lottj\Desktop\research\decentralized benchmark\commitment-horizon-study\reference_core_benchmark_pilot\known_visit_10target_300.csv,7,4,1,7.193187924905492,7.193187924905492,00,00,1,0,True,completed
227,known_visit,ACBBA,ideal,1.0,19,361,4,10,acbba_h1_ideal,C:\Users\lottj\Desktop\research\decentralized benchmark\commitment-horizon-study\reference_core_benchmark_pilot\known_visit_10target_300.csv,8,13,1,29.959971691030958,29.959971691030958,00,00,1,0,True,completed
227,known_visit,ACBBA,ideal,1.0,19,361,4,10,acbba_h1_ideal,C:\Users\lottj\Desktop\research\decentralized benchmark\commitment-horizon-study\reference_core_benchmark_pilot\known_visit_10target_300.csv,9,12,3,24.519421764698503,24.519421764698503,00,00,1,0,True,completed
227,known_visit,ACBBA,ideal,1.0,19,361,4,10,acbba_h1_ideal,C:\Users\lottj\Desktop\research\decentralized benchmark\commitment-horizon-study\reference_core_benchmark_pilot\known_visit_10target_300.csv,10,12,6,23.299409453816452,23.299409453816452,01,01,1,0,True,completed
228,known_visit,ACBBA,ideal,1.0,19,361,4,10,acbba_h1_ideal,C:\Users\lottj\Desktop\research\decentralized benchmark\commitment-horizon-study\reference_core_benchmark_pilot\known_visit_10target_300.csv,1,1,12,0.24664605736989328,0.24664605736989328,02,02,1,0,True,completed
228,known_visit,ACBBA,ideal,1.0,19,361,4,10,acbba_h1_ideal,C:\Users\lottj\Desktop\research\decentralized benchmark\commitment-horizon-study\reference_core_benchmark_pilot\known_visit_10target_300.csv,2,7,18,10.999705262123406,10.999705262123406,03,03,1,0,True,completed
228,known_visit,ACBBA,ideal,1.0,19,361,4,10,acbba_h1_ideal,C:\Users\lottj\Desktop\research\decentralized benchmark\commitment-horizon-study\reference_core_benchmark_pilot\known_visit_10target_300.csv,3,11,16,21.865442130068192,21.865442130068192,03,03,1,0,True,completed
228,known_visit,ACBBA,ideal,1.0,19,361,4,10,acbba_h1_ideal,C:\Users\lottj\Desktop\research\decentralized benchmark\commitment-horizon-study\reference_core_benchmark_pilot\known_visit_10target_300.csv,4,2,6,1.8435810055047253,1.8435810055047253,01,01,1,0,True,completed
228,known_visit,ACBBA,ideal,1.0,19,361,4,10,acbba_h1_ideal,C:\Users\lottj\Desktop\research\decentralized benchmark\commitment-horizon-study\reference_core_benchmark_pilot\known_visit_10target_300.csv,5,18,17,39.95906118485992,39.95906118485992,03,03,1,0,True,completed
228,known_visit,ACBBA,ideal,1.0,19,361,4,10,acbba_h1_ideal,C:\Users\lottj\Desktop\research\decentralized benchmark\commitment-horizon-study\reference_core_benchmark_pilot\known_visit_10target_300.csv,6,12,18,27.270540261601706,27.270540261601706,03,03,1,0,True,completed
228,known_visit,ACBBA,ideal,1.0,19,361,4,10,acbba_h1_ideal,C:\Users\lottj\Desktop\research\decentralized benchmark\commitment-horizon-study\reference_core_benchmark_pilot\known_visit_10target_300.csv,7,18,2,32.58003145385803,32.58003145385803,00,00,1,0,True,completed
228,known_visit,ACBBA,ideal,1.0,19,361,4,10,acbba_h1_ideal,C:\Users\lottj\Desktop\research\decentralized benchmark\commitment-horizon-study\reference_core_benchmark_pilot\known_visit_10target_300.csv,8,1,14,3.9300911313656184,3.9300911313656184,02,02,1,0,True,completed
228,known_visit,ACBBA,ideal,1.0,19,361,4,10,acbba_h1_ideal,C:\Users\lottj\Desktop\research\decentralized benchmark\commitment-horizon-study\reference_core_benchmark_pilot\known_visit_10target_300.csv,9,10,11,24.25405996910629,24.25405996910629,01,01,1,0,True,completed
228,known_visit,ACBBA,ideal,1.0,19,361,4,10,acbba_h1_ideal,C:\Users\lottj\Desktop\research\decentralized benchmark\commitment-horizon-study\reference_core_benchmark_pilot\known_visit_10target_300.csv,10,10,17,18.14001260848741,18.14001260848741,03,03,1,0,True,completed
229,known_visit,ACBBA,ideal,1.0,19,361,4,10,acbba_h1_ideal,C:\Users\lottj\Desktop\research\decentralized benchmark\commitment-horizon-study\reference_core_benchmark_pilot\known_visit_10target_300.csv,1,4,17,7.237191125565743,7.237191125565743,03,03,1,0,True,completed
229,known_visit,ACBBA,ideal,1.0,19,361,4,10,acbba_h1_ideal,C:\Users\lottj\Desktop\research\decentralized benchmark\commitment-horizon-study\reference_core_benchmark_pilot\known_visit_10target_300.csv,2,15,7,33.21802893555182,33.21802893555182,01,01,1,0,True,completed
229,known_visit,ACBBA,ideal,1.0,19,361,4,10,acbba_h1_ideal,C:\Users\lottj\Desktop\research\decentralized benchmark\commitment-horizon-study\reference_core_benchmark_pilot\known_visit_10target_300.csv,3,11,18,38.964464865427296,38.964464865427296,02,02,1,0,True,completed
229,known_visit,ACBBA,ideal,1.0,19,361,4,10,acbba_h1_ideal,C:\Users\lottj\Desktop\research\decentralized benchmark\commitment-horizon-study\reference_core_benchmark_pilot\known_visit_10target_300.csv,4,4,9,11.29222711107621,11.29222711107621,02,02,1,0,True,completed
229,known_visit,ACBBA,ideal,1.0,19,361,4,10,acbba_h1_ideal,C:\Users\lottj\Desktop\research\decentralized benchmark\commitment-horizon-study\reference_core_benchmark_pilot\known_visit_10target_300.csv,5,8,13,25.304632931742717,25.304632931742717,02,02,1,0,True,completed
229,known_visit,ACBBA,ideal,1.0,19,361,4,10,acbba_h1_ideal,C:\Users\lottj\Desktop\research\decentralized benchmark\commitment-horizon-study\reference_core_benchmark_pilot\known_visit_10target_300.csv,6,12,18,40.63683676478843,40.63683676478843,02,02,1,0,True,completed
229,known_visit,ACBBA,ideal,1.0,19,361,4,10,acbba_h1_ideal,C:\Users\lottj\Desktop\research\decentralized benchmark\commitment-horizon-study\reference_core_benchmark_pilot\known_visit_10target_300.csv,7,4,5,7.277431925225104,7.277431925225104,01,01,1,0,True,completed
229,known_visit,ACBBA,ideal,1.0,19,361,4,10,acbba_h1_ideal,C:\Users\lottj\Desktop\research\decentralized benchmark\commitment-horizon-study\reference_core_benchmark_pilot\known_visit_10target_300.csv,8,8,4,15.97324266180617,15.97324266180617,01,01,1,0,True,completed
229,known_visit,ACBBA,ideal,1.0,19,361,4,10,acbba_h1_ideal,C:\Users\lottj\Desktop\research\decentralized benchmark\commitment-horizon-study\reference_core_benchmark_pilot\known_visit_10target_300.csv,9,2,10,5.702891484435036,5.702891484435036,02,02,1,0,True,completed
229,known_visit,ACBBA,ideal,1.0,19,361,4,10,acbba_h1_ideal,C:\Users\lottj\Desktop\research\decentralized benchmark\commitment-horizon-study\reference_core_benchmark_pilot\known_visit_10target_300.csv,10,3,15,12.899682383151015,12.899682383151015,03,03,1,0,True,completed
230,known_visit,ACBBA,ideal,1.0,19,361,4,10,acbba_h1_ideal,C:\Users\lottj\Desktop\research\decentralized benchmark\commitment-horizon-study\reference_core_benchmark_pilot\known_visit_10target_300.csv,1,13,9,29.96210487177625,29.96210487177625,02,02,1,0,True,completed
230,known_visit,ACBBA,ideal,1.0,19,361,4,10,acbba_h1_ideal,C:\Users\lottj\Desktop\research\decentralized benchmark\commitment-horizon-study\reference_core_benchmark_pilot\known_visit_10target_300.csv,2,17,11,40.06341474733482,40.06341474733482,03,03,1,0,True,completed
230,known_visit,ACBBA,ideal,1.0,19,361,4,10,acbba_h1_ideal,C:\Users\lottj\Desktop\research\decentralized benchmark\commitment-horizon-study\reference_core_benchmark_pilot\known_visit_10target_300.csv,3,12,10,22.632093329158074,22.632093329158074,02,02,1,0,True,completed
230,known_visit,ACBBA,ideal,1.0,19,361,4,10,acbba_h1_ideal,C:\Users\lottj\Desktop\research\decentralized benchmark\commitment-horizon-study\reference_core_benchmark_pilot\known_visit_10target_300.csv,4,1,18,0.19537453424730927,0.19537453424730927,03,03,1,0,True,completed
230,known_visit,ACBBA,ideal,1.0,19,361,4,10,acbba_h1_ideal,C:\Users\lottj\Desktop\research\decentralized benchmark\commitment-horizon-study\reference_core_benchmark_pilot\known_visit_10target_300.csv,5,12,8,25.938116825072655,25.938116825072655,02,02,1,0,True,completed
230,known_visit,ACBBA,ideal,1.0,19,361,4,10,acbba_h1_ideal,C:\Users\lottj\Desktop\research\decentralized benchmark\commitment-horizon-study\reference_core_benchmark_pilot\known_visit_10target_300.csv,6,14,12,32.83293860205348,32.83293860205348,03,03,1,0,True,completed
230,known_visit,ACBBA,ideal,1.0,19,361,4,10,acbba_h1_ideal,C:\Users\lottj\Desktop\research\decentralized benchmark\commitment-horizon-study\reference_core_benchmark_pilot\known_visit_10target_300.csv,7,16,1,35.00982926664349,35.00982926664349,00,00,1,0,True,completed
230,known_visit,ACBBA,ideal,1.0,19,361,4,10,acbba_h1_ideal,C:\Users\lottj\Desktop\research\decentralized benchmark\commitment-horizon-study\reference_core_benchmark_pilot\known_visit_10target_300.csv,8,0,4,2.0880994492868883,2.0880994492868883,01,01,1,0,True,completed
230,known_visit,ACBBA,ideal,1.0,19,361,4,10,acbba_h1_ideal,C:\Users\lottj\Desktop\research\decentralized benchmark\commitment-horizon-study\reference_core_benchmark_pilot\known_visit_10target_300.csv,9,18,5,38.88831977664922,38.88831977664922,01,01,1,0,True,completed
230,known_visit,ACBBA,ideal,1.0,19,361,4,10,acbba_h1_ideal,C:\Users\lottj\Desktop\research\decentralized benchmark\commitment-horizon-study\reference_core_benchmark_pilot\known_visit_10target_300.csv,10,2,3,7.5326450921856765,7.5326450921856765,00,00,1,0,True,completed
231,known_visit,ACBBA,ideal,1.0,19,361,4,10,acbba_h1_ideal,C:\Users\lottj\Desktop\research\decentralized benchmark\commitment-horizon-study\reference_core_benchmark_pilot\known_visit_10target_300.csv,1,4,4,13.13196788254133,13.13196788254133,01,01,1,0,True,completed
231,known_visit,ACBBA,ideal,1.0,19,361,4,10,acbba_h1_ideal,C:\Users\lottj\Desktop\research\decentralized benchmark\commitment-horizon-study\reference_core_benchmark_pilot\known_visit_10target_300.csv,2,13,10,24.829073497534353,24.829073497534353,02,02,1,0,True,completed
231,known_visit,ACBBA,ideal,1.0,19,361,4,10,acbba_h1_ideal,C:\Users\lottj\Desktop\research\decentralized benchmark\commitment-horizon-study\reference_core_benchmark_pilot\known_visit_10target_300.csv,3,12,12,30.665397393350254,30.665397393350254,02,02,1,0,True,completed
231,known_visit,ACBBA,ideal,1.0,19,361,4,10,acbba_h1_ideal,C:\Users\lottj\Desktop\research\decentralized benchmark\commitment-horizon-study\reference_core_benchmark_pilot\known_visit_10target_300.csv,4,13,14,27.12765954037694,27.12765954037694,03,03,1,0,True,completed
231,known_visit,ACBBA,ideal,1.0,19,361,4,10,acbba_h1_ideal,C:\Users\lottj\Desktop\research\decentralized benchmark\commitment-horizon-study\reference_core_benchmark_pilot\known_visit_10target_300.csv,5,13,5,30.96689599473837,30.96689599473837,01,01,1,0,True,completed
231,known_visit,ACBBA,ideal,1.0,19,361,4,10,acbba_h1_ideal,C:\Users\lottj\Desktop\research\decentralized benchmark\commitment-horizon-study\reference_core_benchmark_pilot\known_visit_10target_300.csv,6,0,10,2.140112676385516,2.140112676385516,02,02,1,0,True,completed
231,known_visit,ACBBA,ideal,1.0,19,361,4,10,acbba_h1_ideal,C:\Users\lottj\Desktop\research\decentralized benchmark\commitment-horizon-study\reference_core_benchmark_pilot\known_visit_10target_300.csv,7,5,1,8.859289329279955,8.859289329279955,00,00,1,0,True,completed
231,known_visit,ACBBA,ideal,1.0,19,361,4,10,acbba_h1_ideal,C:\Users\lottj\Desktop\research\decentralized benchmark\commitment-horizon-study\reference_core_benchmark_pilot\known_visit_10target_300.csv,8,11,0,24.557906835577743,24.557906835577743,00,00,1,0,True,completed
231,known_visit,ACBBA,ideal,1.0,19,361,4,10,acbba_h1_ideal,C:\Users\lottj\Desktop\research\decentralized benchmark\commitment-horizon-study\reference_core_benchmark_pilot\known_visit_10target_300.csv,9,0,11,0.5159991415145243,0.5159991415145243,02,02,1,0,True,completed
231,known_visit,ACBBA,ideal,1.0,19,361,4,10,acbba_h1_ideal,C:\Users\lottj\Desktop\research\decentralized benchmark\commitment-horizon-study\reference_core_benchmark_pilot\known_visit_10target_300.csv,10,12,5,28.96456947174882,28.96456947174882,01,01,1,0,True,completed
232,known_visit,ACBBA,ideal,1.0,19,361,4,10,acbba_h1_ideal,C:\Users\lottj\Desktop\research\decentralized benchmark\commitment-horizon-study\reference_core_benchmark_pilot\known_visit_10target_300.csv,1,7,2,14.09087837922503,14.09087837922503,00,00,1,0,True,completed
232,known_visit,ACBBA,ideal,1.0,19,361,4,10,acbba_h1_ideal,C:\Users\lottj\Desktop\research\decentralized benchmark\commitment-horizon-study\reference_core_benchmark_pilot\known_visit_10target_300.csv,2,4,11,7.712543676838128,7.712543676838128,02,02,1,0,True,completed
232,known_visit,ACBBA,ideal,1.0,19,361,4,10,acbba_h1_ideal,C:\Users\lottj\Desktop\research\decentralized benchmark\commitment-horizon-study\reference_core_benchmark_pilot\known_visit_10target_300.csv,3,17,15,33.291646848449695,33.291646848449695,03,03,1,0,True,completed
232,known_visit,ACBBA,ideal,1.0,19,361,4,10,acbba_h1_ideal,C:\Users\lottj\Desktop\research\decentralized benchmark\commitment-horizon-study\reference_core_benchmark_pilot\known_visit_10target_300.csv,4,9,15,19.568346276301018,19.568346276301018,03,03,1,0,True,completed
232,known_visit,ACBBA,ideal,1.0,19,361,4,10,acbba_h1_ideal,C:\Users\lottj\Desktop\research\decentralized benchmark\commitment-horizon-study\reference_core_benchmark_pilot\known_visit_10target_300.csv,5,3,11,5.722629651805524,5.722629651805524,02,02,1,0,True,completed
232,known_visit,ACBBA,ideal,1.0,19,361,4,10,acbba_h1_ideal,C:\Users\lottj\Desktop\research\decentralized benchmark\commitment-horizon-study\reference_core_benchmark_pilot\known_visit_10target_300.csv,6,13,14,28.347680928187945,28.347680928187945,02,02,1,0,True,completed
232,known_visit,ACBBA,ideal,1.0,19,361,4,10,acbba_h1_ideal,C:\Users\lottj\Desktop\research\decentralized benchmark\commitment-horizon-study\reference_core_benchmark_pilot\known_visit_10target_300.csv,7,13,5,26.532722884743244,26.532722884743244,01,01,1,0,True,completed
232,known_visit,ACBBA,ideal,1.0,19,361,4,10,acbba_h1_ideal,C:\Users\lottj\Desktop\research\decentralized benchmark\commitment-horizon-study\reference_core_benchmark_pilot\known_visit_10target_300.csv,8,4,17,7.425450021848579,7.425450021848579,03,03,1,0,True,completed
232,known_visit,ACBBA,ideal,1.0,19,361,4,10,acbba_h1_ideal,C:\Users\lottj\Desktop\research\decentralized benchmark\commitment-horizon-study\reference_core_benchmark_pilot\known_visit_10target_300.csv,9,3,0,3.4665541554914663,3.4665541554914663,00,00,1,0,True,completed
232,known_visit,ACBBA,ideal,1.0,19,361,4,10,acbba_h1_ideal,C:\Users\lottj\Desktop\research\decentralized benchmark\commitment-horizon-study\reference_core_benchmark_pilot\known_visit_10target_300.csv,10,4,18,5.40493851133159,5.40493851133159,03,03,1,0,True,completed
233,known_visit,ACBBA,ideal,1.0,19,361,4,10,acbba_h1_ideal,C:\Users\lottj\Desktop\research\decentralized benchmark\commitment-horizon-study\reference_core_benchmark_pilot\known_visit_10target_300.csv,1,13,3,40.684139890198544,40.684139890198544,01,01,1,0,True,completed
233,known_visit,ACBBA,ideal,1.0,19,361,4,10,acbba_h1_ideal,C:\Users\lottj\Desktop\research\decentralized benchmark\commitment-horizon-study\reference_core_benchmark_pilot\known_visit_10target_300.csv,2,8,14,16.602880872770296,16.602880872770296,02,02,1,0,True,completed
233,known_visit,ACBBA,ideal,1.0,19,361,4,10,acbba_h1_ideal,C:\Users\lottj\Desktop\research\decentralized benchmark\commitment-horizon-study\reference_core_benchmark_pilot\known_visit_10target_300.csv,3,9,17,15.595984614535421,15.595984614535421,03,03,1,0,True,completed
233,known_visit,ACBBA,ideal,1.0,19,361,4,10,acbba_h1_ideal,C:\Users\lottj\Desktop\research\decentralized benchmark\commitment-horizon-study\reference_core_benchmark_pilot\known_visit_10target_300.csv,4,6,13,10.799172986938515,10.799172986938515,02,02,1,0,True,completed
233,known_visit,ACBBA,ideal,1.0,19,361,4,10,acbba_h1_ideal,C:\Users\lottj\Desktop\research\decentralized benchmark\commitment-horizon-study\reference_core_benchmark_pilot\known_visit_10target_300.csv,5,8,8,23.283751079874143,23.283751079874143,01,01,1,0,True,completed
233,known_visit,ACBBA,ideal,1.0,19,361,4,10,acbba_h1_ideal,C:\Users\lottj\Desktop\research\decentralized benchmark\commitment-horizon-study\reference_core_benchmark_pilot\known_visit_10target_300.csv,6,6,10,15.835424787948753,15.835424787948753,01,01,1,0,True,completed
233,known_visit,ACBBA,ideal,1.0,19,361,4,10,acbba_h1_ideal,C:\Users\lottj\Desktop\research\decentralized benchmark\commitment-horizon-study\reference_core_benchmark_pilot\known_visit_10target_300.csv,7,15,14,28.965669391647694,28.965669391647694,02,02,1,0,True,completed
233,known_visit,ACBBA,ideal,1.0,19,361,4,10,acbba_h1_ideal,C:\Users\lottj\Desktop\research\decentralized benchmark\commitment-horizon-study\reference_core_benchmark_pilot\known_visit_10target_300.csv,8,12,14,23.73977723674647,23.73977723674647,02,02,1,0,True,completed
233,known_visit,ACBBA,ideal,1.0,19,361,4,10,acbba_h1_ideal,C:\Users\lottj\Desktop\research\decentralized benchmark\commitment-horizon-study\reference_core_benchmark_pilot\known_visit_10target_300.csv,9,15,1,47.793914783059186,47.793914783059186,01,01,1,0,True,completed
233,known_visit,ACBBA,ideal,1.0,19,361,4,10,acbba_h1_ideal,C:\Users\lottj\Desktop\research\decentralized benchmark\commitment-horizon-study\reference_core_benchmark_pilot\known_visit_10target_300.csv,10,3,2,7.314491979638499,7.314491979638499,00,00,1,0,True,completed
234,known_visit,ACBBA,ideal,1.0,19,361,4,10,acbba_h1_ideal,C:\Users\lottj\Desktop\research\decentralized benchmark\commitment-horizon-study\reference_core_benchmark_pilot\known_visit_10target_300.csv,1,8,16,15.566280877104326,15.566280877104326,03,03,1,0,True,completed
234,known_visit,ACBBA,ideal,1.0,19,361,4,10,acbba_h1_ideal,C:\Users\lottj\Desktop\research\decentralized benchmark\commitment-horizon-study\reference_core_benchmark_pilot\known_visit_10target_300.csv,2,8,13,18.022427908676995,18.022427908676995,02,02,1,0,True,completed
234,known_visit,ACBBA,ideal,1.0,19,361,4,10,acbba_h1_ideal,C:\Users\lottj\Desktop\research\decentralized benchmark\commitment-horizon-study\reference_core_benchmark_pilot\known_visit_10target_300.csv,3,8,0,19.967182646990672,19.967182646990672,00,00,1,0,True,completed
234,known_visit,ACBBA,ideal,1.0,19,361,4,10,acbba_h1_ideal,C:\Users\lottj\Desktop\research\decentralized benchmark\commitment-horizon-study\reference_core_benchmark_pilot\known_visit_10target_300.csv,4,10,5,24.66015224990879,24.66015224990879,01,01,1,0,True,completed
234,known_visit,ACBBA,ideal,1.0,19,361,4,10,acbba_h1_ideal,C:\Users\lottj\Desktop\research\decentralized benchmark\commitment-horizon-study\reference_core_benchmark_pilot\known_visit_10target_300.csv,5,7,11,12.302374384620409,12.302374384620409,02,02,1,0,True,completed
234,known_visit,ACBBA,ideal,1.0,19,361,4,10,acbba_h1_ideal,C:\Users\lottj\Desktop\research\decentralized benchmark\commitment-horizon-study\reference_core_benchmark_pilot\known_visit_10target_300.csv,6,14,16,25.779217661654894,25.779217661654894,03,03,1,0,True,completed
234,known_visit,ACBBA,ideal,1.0,19,361,4,10,acbba_h1_ideal,C:\Users\lottj\Desktop\research\decentralized benchmark\commitment-horizon-study\reference_core_benchmark_pilot\known_visit_10target_300.csv,7,15,9,37.34688505992086,37.34688505992086,02,02,1,0,True,completed
234,known_visit,ACBBA,ideal,1.0,19,361,4,10,acbba_h1_ideal,C:\Users\lottj\Desktop\research\decentralized benchmark\commitment-horizon-study\reference_core_benchmark_pilot\known_visit_10target_300.csv,8,9,8,17.177669110537835,17.177669110537835,01,01,1,0,True,completed
234,known_visit,ACBBA,ideal,1.0,19,361,4,10,acbba_h1_ideal,C:\Users\lottj\Desktop\research\decentralized benchmark\commitment-horizon-study\reference_core_benchmark_pilot\known_visit_10target_300.csv,9,5,2,10.616699293925919,10.616699293925919,00,00,1,0,True,completed
234,known_visit,ACBBA,ideal,1.0,19,361,4,10,acbba_h1_ideal,C:\Users\lottj\Desktop\research\decentralized benchmark\commitment-horizon-study\reference_core_benchmark_pilot\known_visit_10target_300.csv,10,12,0,27.259601861740276,27.259601861740276,00,00,1,0,True,completed
235,known_visit,ACBBA,ideal,1.0,19,361,4,10,acbba_h1_ideal,C:\Users\lottj\Desktop\research\decentralized benchmark\commitment-horizon-study\reference_core_benchmark_pilot\known_visit_10target_300.csv,1,10,6,19.810097673834083,19.810097673834083,01,01,1,0,True,completed
235,known_visit,ACBBA,ideal,1.0,19,361,4,10,acbba_h1_ideal,C:\Users\lottj\Desktop\research\decentralized benchmark\commitment-horizon-study\reference_core_benchmark_pilot\known_visit_10target_300.csv,2,13,16,24.780522950039703,24.780522950039703,03,03,1,0,True,completed
235,known_visit,ACBBA,ideal,1.0,19,361,4,10,acbba_h1_ideal,C:\Users\lottj\Desktop\research\decentralized benchmark\commitment-horizon-study\reference_core_benchmark_pilot\known_visit_10target_300.csv,3,15,0,38.246787422131604,38.246787422131604,00,00,1,0,True,completed
235,known_visit,ACBBA,ideal,1.0,19,361,4,10,acbba_h1_ideal,C:\Users\lottj\Desktop\research\decentralized benchmark\commitment-horizon-study\reference_core_benchmark_pilot\known_visit_10target_300.csv,4,0,16,2.304083077984471,2.304083077984471,03,03,1,0,True,completed
235,known_visit,ACBBA,ideal,1.0,19,361,4,10,acbba_h1_ideal,C:\Users\lottj\Desktop\research\decentralized benchmark\commitment-horizon-study\reference_core_benchmark_pilot\known_visit_10target_300.csv,5,18,13,42.59084770057438,42.59084770057438,03,03,1,0,True,completed
235,known_visit,ACBBA,ideal,1.0,19,361,4,10,acbba_h1_ideal,C:\Users\lottj\Desktop\research\decentralized benchmark\commitment-horizon-study\reference_core_benchmark_pilot\known_visit_10target_300.csv,6,0,10,2.269740025852753,2.269740025852753,02,02,1,0,True,completed
235,known_visit,ACBBA,ideal,1.0,19,361,4,10,acbba_h1_ideal,C:\Users\lottj\Desktop\research\decentralized benchmark\commitment-horizon-study\reference_core_benchmark_pilot\known_visit_10target_300.csv,7,3,4,10.92715701361068,10.92715701361068,00,00,1,0,True,completed
235,known_visit,ACBBA,ideal,1.0,19,361,4,10,acbba_h1_ideal,C:\Users\lottj\Desktop\research\decentralized benchmark\commitment-horizon-study\reference_core_benchmark_pilot\known_visit_10target_300.csv,8,13,12,31.839026626903934,31.839026626903934,03,03,1,0,True,completed
235,known_visit,ACBBA,ideal,1.0,19,361,4,10,acbba_h1_ideal,C:\Users\lottj\Desktop\research\decentralized benchmark\commitment-horizon-study\reference_core_benchmark_pilot\known_visit_10target_300.csv,9,1,7,2.064955031728733,2.064955031728733,01,01,1,0,True,completed
235,known_visit,ACBBA,ideal,1.0,19,361,4,10,acbba_h1_ideal,C:\Users\lottj\Desktop\research\decentralized benchmark\commitment-horizon-study\reference_core_benchmark_pilot\known_visit_10target_300.csv,10,0,3,3.9127042964694376,3.9127042964694376,00,00,1,0,True,completed
236,known_visit,ACBBA,ideal,1.0,19,361,4,10,acbba_h1_ideal,C:\Users\lottj\Desktop\research\decentralized benchmark\commitment-horizon-study\reference_core_benchmark_pilot\known_visit_10target_300.csv,1,2,16,5.798781049172001,5.798781049172001,03,03,1,0,True,completed
236,known_visit,ACBBA,ideal,1.0,19,361,4,10,acbba_h1_ideal,C:\Users\lottj\Desktop\research\decentralized benchmark\commitment-horizon-study\reference_core_benchmark_pilot\known_visit_10target_300.csv,2,3,12,3.5314030278442066,3.5314030278442066,02,02,1,0,True,completed
236,known_visit,ACBBA,ideal,1.0,19,361,4,10,acbba_h1_ideal,C:\Users\lottj\Desktop\research\decentralized benchmark\commitment-horizon-study\reference_core_benchmark_pilot\known_visit_10target_300.csv,3,11,7,28.1188750998893,28.1188750998893,01,01,1,0,True,completed
236,known_visit,ACBBA,ideal,1.0,19,361,4,10,acbba_h1_ideal,C:\Users\lottj\Desktop\research\decentralized benchmark\commitment-horizon-study\reference_core_benchmark_pilot\known_visit_10target_300.csv,4,18,5,43.565909914678585,43.565909914678585,01,01,1,0,True,completed
236,known_visit,ACBBA,ideal,1.0,19,361,4,10,acbba_h1_ideal,C:\Users\lottj\Desktop\research\decentralized benchmark\commitment-horizon-study\reference_core_benchmark_pilot\known_visit_10target_300.csv,5,7,10,18.095590739162827,18.095590739162827,02,02,1,0,True,completed
236,known_visit,ACBBA,ideal,1.0,19,361,4,10,acbba_h1_ideal,C:\Users\lottj\Desktop\research\decentralized benchmark\commitment-horizon-study\reference_core_benchmark_pilot\known_visit_10target_300.csv,6,8,10,20.103033743452517,20.103033743452517,02,02,1,0,True,completed
236,known_visit,ACBBA,ideal,1.0,19,361,4,10,acbba_h1_ideal,C:\Users\lottj\Desktop\research\decentralized benchmark\commitment-horizon-study\reference_core_benchmark_pilot\known_visit_10target_300.csv,7,15,13,33.5761523819147,33.5761523819147,03,03,1,0,True,completed
236,known_visit,ACBBA,ideal,1.0,19,361,4,10,acbba_h1_ideal,C:\Users\lottj\Desktop\research\decentralized benchmark\commitment-horizon-study\reference_core_benchmark_pilot\known_visit_10target_300.csv,8,4,9,10.774239849139429,10.774239849139429,02,02,1,0,True,completed
236,known_visit,ACBBA,ideal,1.0,19,361,4,10,acbba_h1_ideal,C:\Users\lottj\Desktop\research\decentralized benchmark\commitment-horizon-study\reference_core_benchmark_pilot\known_visit_10target_300.csv,9,4,6,5.520903055133002,5.520903055133002,01,01,2,1,True,completed
236,known_visit,ACBBA,ideal,1.0,19,361,4,10,acbba_h1_ideal,C:\Users\lottj\Desktop\research\decentralized benchmark\commitment-horizon-study\reference_core_benchmark_pilot\known_visit_10target_300.csv,10,1,16,3.812515231459338,3.812515231459338,03,03,1,0,True,completed
237,known_visit,ACBBA,ideal,1.0,19,361,4,10,acbba_h1_ideal,C:\Users\lottj\Desktop\research\decentralized benchmark\commitment-horizon-study\reference_core_benchmark_pilot\known_visit_10target_300.csv,1,4,7,7.499396443601811,7.499396443601811,01,01,1,0,True,completed
237,known_visit,ACBBA,ideal,1.0,19,361,4,10,acbba_h1_ideal,C:\Users\lottj\Desktop\research\decentralized benchmark\commitment-horizon-study\reference_core_benchmark_pilot\known_visit_10target_300.csv,2,8,2,23.471356653439784,23.471356653439784,00,00,1,0,True,completed
237,known_visit,ACBBA,ideal,1.0,19,361,4,10,acbba_h1_ideal,C:\Users\lottj\Desktop\research\decentralized benchmark\commitment-horizon-study\reference_core_benchmark_pilot\known_visit_10target_300.csv,3,4,1,7.345007492203172,7.345007492203172,00,00,1,0,True,completed
237,known_visit,ACBBA,ideal,1.0,19,361,4,10,acbba_h1_ideal,C:\Users\lottj\Desktop\research\decentralized benchmark\commitment-horizon-study\reference_core_benchmark_pilot\known_visit_10target_300.csv,4,4,4,12.670651476338469,12.670651476338469,00,00,1,0,True,completed
237,known_visit,ACBBA,ideal,1.0,19,361,4,10,acbba_h1_ideal,C:\Users\lottj\Desktop\research\decentralized benchmark\commitment-horizon-study\reference_core_benchmark_pilot\known_visit_10target_300.csv,5,11,8,21.512016372987873,21.512016372987873,01,01,1,0,True,completed
237,known_visit,ACBBA,ideal,1.0,19,361,4,10,acbba_h1_ideal,C:\Users\lottj\Desktop\research\decentralized benchmark\commitment-horizon-study\reference_core_benchmark_pilot\known_visit_10target_300.csv,6,0,17,0.5291973920963324,0.5291973920963324,03,03,1,0,True,completed
237,known_visit,ACBBA,ideal,1.0,19,361,4,10,acbba_h1_ideal,C:\Users\lottj\Desktop\research\decentralized benchmark\commitment-horizon-study\reference_core_benchmark_pilot\known_visit_10target_300.csv,7,17,15,33.627371537606415,33.627371537606415,03,03,1,0,True,completed
237,known_visit,ACBBA,ideal,1.0,19,361,4,10,acbba_h1_ideal,C:\Users\lottj\Desktop\research\decentralized benchmark\commitment-horizon-study\reference_core_benchmark_pilot\known_visit_10target_300.csv,8,6,15,14.665560008547594,14.665560008547594,03,03,1,0,True,completed
237,known_visit,ACBBA,ideal,1.0,19,361,4,10,acbba_h1_ideal,C:\Users\lottj\Desktop\research\decentralized benchmark\commitment-horizon-study\reference_core_benchmark_pilot\known_visit_10target_300.csv,9,4,13,7.650935346649859,7.650935346649859,02,02,1,0,True,completed
237,known_visit,ACBBA,ideal,1.0,19,361,4,10,acbba_h1_ideal,C:\Users\lottj\Desktop\research\decentralized benchmark\commitment-horizon-study\reference_core_benchmark_pilot\known_visit_10target_300.csv,10,14,1,35.52707227382447,35.52707227382447,00,00,1,0,True,completed
238,known_visit,ACBBA,ideal,1.0,19,361,4,10,acbba_h1_ideal,C:\Users\lottj\Desktop\research\decentralized benchmark\commitment-horizon-study\reference_core_benchmark_pilot\known_visit_10target_300.csv,1,6,14,12.710136008395702,12.710136008395702,02,02,1,0,True,completed
238,known_visit,ACBBA,ideal,1.0,19,361,4,10,acbba_h1_ideal,C:\Users\lottj\Desktop\research\decentralized benchmark\commitment-horizon-study\reference_core_benchmark_pilot\known_visit_10target_300.csv,2,1,13,2.2150340815176697,2.2150340815176697,02,02,1,0,True,completed
238,known_visit,ACBBA,ideal,1.0,19,361,4,10,acbba_h1_ideal,C:\Users\lottj\Desktop\research\decentralized benchmark\commitment-horizon-study\reference_core_benchmark_pilot\known_visit_10target_300.csv,3,15,11,33.241427916464374,33.241427916464374,02,02,1,0,True,completed
238,known_visit,ACBBA,ideal,1.0,19,361,4,10,acbba_h1_ideal,C:\Users\lottj\Desktop\research\decentralized benchmark\commitment-horizon-study\reference_core_benchmark_pilot\known_visit_10target_300.csv,4,13,8,31.743799827559123,31.743799827559123,01,01,1,0,True,completed
238,known_visit,ACBBA,ideal,1.0,19,361,4,10,acbba_h1_ideal,C:\Users\lottj\Desktop\research\decentralized benchmark\commitment-horizon-study\reference_core_benchmark_pilot\known_visit_10target_300.csv,5,9,10,20.830600409724575,20.830600409724575,01,01,1,0,True,completed
238,known_visit,ACBBA,ideal,1.0,19,361,4,10,acbba_h1_ideal,C:\Users\lottj\Desktop\research\decentralized benchmark\commitment-horizon-study\reference_core_benchmark_pilot\known_visit_10target_300.csv,6,13,0,31.976613784108142,31.976613784108142,00,00,1,0,True,completed
238,known_visit,ACBBA,ideal,1.0,19,361,4,10,acbba_h1_ideal,C:\Users\lottj\Desktop\research\decentralized benchmark\commitment-horizon-study\reference_core_benchmark_pilot\known_visit_10target_300.csv,7,3,3,9.242188572733342,9.242188572733342,00,00,1,0,True,completed
238,known_visit,ACBBA,ideal,1.0,19,361,4,10,acbba_h1_ideal,C:\Users\lottj\Desktop\research\decentralized benchmark\commitment-horizon-study\reference_core_benchmark_pilot\known_visit_10target_300.csv,8,9,16,17.68988296041087,17.68988296041087,03,03,1,0,True,completed
238,known_visit,ACBBA,ideal,1.0,19,361,4,10,acbba_h1_ideal,C:\Users\lottj\Desktop\research\decentralized benchmark\commitment-horizon-study\reference_core_benchmark_pilot\known_visit_10target_300.csv,9,2,18,2.0220244390941193,2.0220244390941193,03,03,1,0,True,completed
238,known_visit,ACBBA,ideal,1.0,19,361,4,10,acbba_h1_ideal,C:\Users\lottj\Desktop\research\decentralized benchmark\commitment-horizon-study\reference_core_benchmark_pilot\known_visit_10target_300.csv,10,12,3,25.02976806514013,25.02976806514013,00,00,1,0,True,completed
239,known_visit,ACBBA,ideal,1.0,19,361,4,10,acbba_h1_ideal,C:\Users\lottj\Desktop\research\decentralized benchmark\commitment-horizon-study\reference_core_benchmark_pilot\known_visit_10target_300.csv,1,16,3,31.378262082433437,31.378262082433437,00,00,1,0,True,completed
239,known_visit,ACBBA,ideal,1.0,19,361,4,10,acbba_h1_ideal,C:\Users\lottj\Desktop\research\decentralized benchmark\commitment-horizon-study\reference_core_benchmark_pilot\known_visit_10target_300.csv,2,16,0,36.957722748798936,36.957722748798936,00,00,1,0,True,completed
239,known_visit,ACBBA,ideal,1.0,19,361,4,10,acbba_h1_ideal,C:\Users\lottj\Desktop\research\decentralized benchmark\commitment-horizon-study\reference_core_benchmark_pilot\known_visit_10target_300.csv,3,4,3,10.39652666331074,10.39652666331074,00,00,1,0,True,completed
239,known_visit,ACBBA,ideal,1.0,19,361,4,10,acbba_h1_ideal,C:\Users\lottj\Desktop\research\decentralized benchmark\commitment-horizon-study\reference_core_benchmark_pilot\known_visit_10target_300.csv,4,13,11,26.273063329843936,26.273063329843936,02,02,1,0,True,completed
239,known_visit,ACBBA,ideal,1.0,19,361,4,10,acbba_h1_ideal,C:\Users\lottj\Desktop\research\decentralized benchmark\commitment-horizon-study\reference_core_benchmark_pilot\known_visit_10target_300.csv,5,14,6,26.717907770693,26.717907770693,01,01,1,0,True,completed
239,known_visit,ACBBA,ideal,1.0,19,361,4,10,acbba_h1_ideal,C:\Users\lottj\Desktop\research\decentralized benchmark\commitment-horizon-study\reference_core_benchmark_pilot\known_visit_10target_300.csv,6,17,0,39.027880250555064,39.027880250555064,00,00,1,0,True,completed
239,known_visit,ACBBA,ideal,1.0,19,361,4,10,acbba_h1_ideal,C:\Users\lottj\Desktop\research\decentralized benchmark\commitment-horizon-study\reference_core_benchmark_pilot\known_visit_10target_300.csv,7,2,17,3.985380682894531,3.985380682894531,03,03,1,0,True,completed
239,known_visit,ACBBA,ideal,1.0,19,361,4,10,acbba_h1_ideal,C:\Users\lottj\Desktop\research\decentralized benchmark\commitment-horizon-study\reference_core_benchmark_pilot\known_visit_10target_300.csv,8,8,7,14.387537935301873,14.387537935301873,01,01,1,0,True,completed
239,known_visit,ACBBA,ideal,1.0,19,361,4,10,acbba_h1_ideal,C:\Users\lottj\Desktop\research\decentralized benchmark\commitment-horizon-study\reference_core_benchmark_pilot\known_visit_10target_300.csv,9,4,7,7.2153834772033205,7.2153834772033205,01,01,1,0,True,completed
239,known_visit,ACBBA,ideal,1.0,19,361,4,10,acbba_h1_ideal,C:\Users\lottj\Desktop\research\decentralized benchmark\commitment-horizon-study\reference_core_benchmark_pilot\known_visit_10target_300.csv,10,8,10,15.657941984356468,15.657941984356468,02,02,1,0,True,completed
240,known_visit,ACBBA,ideal,1.0,19,361,4,10,acbba_h1_ideal,C:\Users\lottj\Desktop\research\decentralized benchmark\commitment-horizon-study\reference_core_benchmark_pilot\known_visit_10target_300.csv,1,3,3,8.958476560106883,8.958476560106883,00,00,1,0,True,completed
240,known_visit,ACBBA,ideal,1.0,19,361,4,10,acbba_h1_ideal,C:\Users\lottj\Desktop\research\decentralized benchmark\commitment-horizon-study\reference_core_benchmark_pilot\known_visit_10target_300.csv,2,7,9,16.129661224282277,16.129661224282277,02,02,1,0,True,completed
240,known_visit,ACBBA,ideal,1.0,19,361,4,10,acbba_h1_ideal,C:\Users\lottj\Desktop\research\decentralized benchmark\commitment-horizon-study\reference_core_benchmark_pilot\known_visit_10target_300.csv,3,18,7,38.44682067665732,38.44682067665732,02,02,1,0,True,completed
240,known_visit,ACBBA,ideal,1.0,19,361,4,10,acbba_h1_ideal,C:\Users\lottj\Desktop\research\decentralized benchmark\commitment-horizon-study\reference_core_benchmark_pilot\known_visit_10target_300.csv,4,3,10,7.355067723483156,7.355067723483156,02,02,1,0,True,completed
240,known_visit,ACBBA,ideal,1.0,19,361,4,10,acbba_h1_ideal,C:\Users\lottj\Desktop\research\decentralized benchmark\commitment-horizon-study\reference_core_benchmark_pilot\known_visit_10target_300.csv,5,14,16,26.182998616845225,26.182998616845225,03,03,1,0,True,completed
240,known_visit,ACBBA,ideal,1.0,19,361,4,10,acbba_h1_ideal,C:\Users\lottj\Desktop\research\decentralized benchmark\commitment-horizon-study\reference_core_benchmark_pilot\known_visit_10target_300.csv,6,6,17,10.55724356251403,10.55724356251403,03,03,1,0,True,completed
240,known_visit,ACBBA,ideal,1.0,19,361,4,10,acbba_h1_ideal,C:\Users\lottj\Desktop\research\decentralized benchmark\commitment-horizon-study\reference_core_benchmark_pilot\known_visit_10target_300.csv,7,3,5,5.688793476080692,5.688793476080692,01,01,1,0,True,completed
240,known_visit,ACBBA,ideal,1.0,19,361,4,10,acbba_h1_ideal,C:\Users\lottj\Desktop\research\decentralized benchmark\commitment-horizon-study\reference_core_benchmark_pilot\known_visit_10target_300.csv,8,14,14,29.950729689675583,29.950729689675583,03,03,1,0,True,completed
240,known_visit,ACBBA,ideal,1.0,19,361,4,10,acbba_h1_ideal,C:\Users\lottj\Desktop\research\decentralized benchmark\commitment-horizon-study\reference_core_benchmark_pilot\known_visit_10target_300.csv,9,12,1,28.03238942119823,28.03238942119823,00,00,1,0,True,completed
240,known_visit,ACBBA,ideal,1.0,19,361,4,10,acbba_h1_ideal,C:\Users\lottj\Desktop\research\decentralized benchmark\commitment-horizon-study\reference_core_benchmark_pilot\known_visit_10target_300.csv,10,4,9,11.064793513474978,11.064793513474978,02,02,1,0,True,completed
241,known_visit,ACBBA,ideal,1.0,19,361,4,10,acbba_h1_ideal,C:\Users\lottj\Desktop\research\decentralized benchmark\commitment-horizon-study\reference_core_benchmark_pilot\known_visit_10target_300.csv,1,0,14,2.156838571496628,2.156838571496628,02,02,1,0,True,completed
241,known_visit,ACBBA,ideal,1.0,19,361,4,10,acbba_h1_ideal,C:\Users\lottj\Desktop\research\decentralized benchmark\commitment-horizon-study\reference_core_benchmark_pilot\known_visit_10target_300.csv,2,0,15,3.7612837810622484,3.7612837810622484,02,02,1,0,True,completed
241,known_visit,ACBBA,ideal,1.0,19,361,4,10,acbba_h1_ideal,C:\Users\lottj\Desktop\research\decentralized benchmark\commitment-horizon-study\reference_core_benchmark_pilot\known_visit_10target_300.csv,3,8,0,12.16825820016778,12.16825820016778,00,00,1,0,True,completed
241,known_visit,ACBBA,ideal,1.0,19,361,4,10,acbba_h1_ideal,C:\Users\lottj\Desktop\research\decentralized benchmark\commitment-horizon-study\reference_core_benchmark_pilot\known_visit_10target_300.csv,4,7,4,32.391181748588394,32.391181748588394,01,01,1,0,True,completed
241,known_visit,ACBBA,ideal,1.0,19,361,4,10,acbba_h1_ideal,C:\Users\lottj\Desktop\research\decentralized benchmark\commitment-horizon-study\reference_core_benchmark_pilot\known_visit_10target_300.csv,5,9,13,22.812221722171177,22.812221722171177,02,02,1,0,True,completed
241,known_visit,ACBBA,ideal,1.0,19,361,4,10,acbba_h1_ideal,C:\Users\lottj\Desktop\research\decentralized benchmark\commitment-horizon-study\reference_core_benchmark_pilot\known_visit_10target_300.csv,6,12,0,18.99033318983603,18.99033318983603,00,00,1,0,True,completed
241,known_visit,ACBBA,ideal,1.0,19,361,4,10,acbba_h1_ideal,C:\Users\lottj\Desktop\research\decentralized benchmark\commitment-horizon-study\reference_core_benchmark_pilot\known_visit_10target_300.csv,7,6,17,14.819167492174989,14.819167492174989,03,03,1,0,True,completed
241,known_visit,ACBBA,ideal,1.0,19,361,4,10,acbba_h1_ideal,C:\Users\lottj\Desktop\research\decentralized benchmark\commitment-horizon-study\reference_core_benchmark_pilot\known_visit_10target_300.csv,8,1,7,2.3857140369828524,2.3857140369828524,01,01,1,0,True,completed
241,known_visit,ACBBA,ideal,1.0,19,361,4,10,acbba_h1_ideal,C:\Users\lottj\Desktop\research\decentralized benchmark\commitment-horizon-study\reference_core_benchmark_pilot\known_visit_10target_300.csv,9,0,9,7.711319852317483,7.711319852317483,01,01,1,0,True,completed
241,known_visit,ACBBA,ideal,1.0,19,361,4,10,acbba_h1_ideal,C:\Users\lottj\Desktop\research\decentralized benchmark\commitment-horizon-study\reference_core_benchmark_pilot\known_visit_10target_300.csv,10,14,3,27.857308345865007,27.857308345865007,00,00,1,0,True,completed
242,known_visit,ACBBA,ideal,1.0,19,361,4,10,acbba_h1_ideal,C:\Users\lottj\Desktop\research\decentralized benchmark\commitment-horizon-study\reference_core_benchmark_pilot\known_visit_10target_300.csv,1,7,9,15.734434679002334,15.734434679002334,01,01,2,1,True,completed
242,known_visit,ACBBA,ideal,1.0,19,361,4,10,acbba_h1_ideal,C:\Users\lottj\Desktop\research\decentralized benchmark\commitment-horizon-study\reference_core_benchmark_pilot\known_visit_10target_300.csv,2,13,2,24.440291211372116,24.440291211372116,00,00,1,0,True,completed
242,known_visit,ACBBA,ideal,1.0,19,361,4,10,acbba_h1_ideal,C:\Users\lottj\Desktop\research\decentralized benchmark\commitment-horizon-study\reference_core_benchmark_pilot\known_visit_10target_300.csv,3,13,16,39.58170972796202,39.58170972796202,01,01,1,0,True,completed
242,known_visit,ACBBA,ideal,1.0,19,361,4,10,acbba_h1_ideal,C:\Users\lottj\Desktop\research\decentralized benchmark\commitment-horizon-study\reference_core_benchmark_pilot\known_visit_10target_300.csv,4,5,15,12.366992930824836,12.366992930824836,03,03,1,0,True,completed
242,known_visit,ACBBA,ideal,1.0,19,361,4,10,acbba_h1_ideal,C:\Users\lottj\Desktop\research\decentralized benchmark\commitment-horizon-study\reference_core_benchmark_pilot\known_visit_10target_300.csv,5,6,11,25.833273093188726,25.833273093188726,03,03,1,0,True,completed
242,known_visit,ACBBA,ideal,1.0,19,361,4,10,acbba_h1_ideal,C:\Users\lottj\Desktop\research\decentralized benchmark\commitment-horizon-study\reference_core_benchmark_pilot\known_visit_10target_300.csv,6,16,1,31.666243418639283,31.666243418639283,00,00,1,0,True,completed
242,known_visit,ACBBA,ideal,1.0,19,361,4,10,acbba_h1_ideal,C:\Users\lottj\Desktop\research\decentralized benchmark\commitment-horizon-study\reference_core_benchmark_pilot\known_visit_10target_300.csv,7,16,6,44.643695480015225,44.643695480015225,00,00,1,0,True,completed
242,known_visit,ACBBA,ideal,1.0,19,361,4,10,acbba_h1_ideal,C:\Users\lottj\Desktop\research\decentralized benchmark\commitment-horizon-study\reference_core_benchmark_pilot\known_visit_10target_300.csv,8,10,15,32.47557081634005,32.47557081634005,01,01,1,0,True,completed
242,known_visit,ACBBA,ideal,1.0,19,361,4,10,acbba_h1_ideal,C:\Users\lottj\Desktop\research\decentralized benchmark\commitment-horizon-study\reference_core_benchmark_pilot\known_visit_10target_300.csv,9,16,2,29.672862902334575,29.672862902334575,00,00,1,0,True,completed
242,known_visit,ACBBA,ideal,1.0,19,361,4,10,acbba_h1_ideal,C:\Users\lottj\Desktop\research\decentralized benchmark\commitment-horizon-study\reference_core_benchmark_pilot\known_visit_10target_300.csv,10,3,14,7.265644516302183,7.265644516302183,02,02,1,0,True,completed
243,known_visit,ACBBA,ideal,1.0,19,361,4,10,acbba_h1_ideal,C:\Users\lottj\Desktop\research\decentralized benchmark\commitment-horizon-study\reference_core_benchmark_pilot\known_visit_10target_300.csv,1,1,2,3.9979598837740835,3.9979598837740835,00,00,1,0,True,completed
243,known_visit,ACBBA,ideal,1.0,19,361,4,10,acbba_h1_ideal,C:\Users\lottj\Desktop\research\decentralized benchmark\commitment-horizon-study\reference_core_benchmark_pilot\known_visit_10target_300.csv,2,18,15,35.05399243312295,35.05399243312295,03,03,1,0,True,completed
243,known_visit,ACBBA,ideal,1.0,19,361,4,10,acbba_h1_ideal,C:\Users\lottj\Desktop\research\decentralized benchmark\commitment-horizon-study\reference_core_benchmark_pilot\known_visit_10target_300.csv,3,9,3,19.635913258120826,19.635913258120826,00,00,1,0,True,completed
243,known_visit,ACBBA,ideal,1.0,19,361,4,10,acbba_h1_ideal,C:\Users\lottj\Desktop\research\decentralized benchmark\commitment-horizon-study\reference_core_benchmark_pilot\known_visit_10target_300.csv,4,4,13,14.552961520566996,14.552961520566996,02,02,1,0,True,completed
243,known_visit,ACBBA,ideal,1.0,19,361,4,10,acbba_h1_ideal,C:\Users\lottj\Desktop\research\decentralized benchmark\commitment-horizon-study\reference_core_benchmark_pilot\known_visit_10target_300.csv,5,18,0,40.299593612646945,40.299593612646945,00,00,1,0,True,completed
243,known_visit,ACBBA,ideal,1.0,19,361,4,10,acbba_h1_ideal,C:\Users\lottj\Desktop\research\decentralized benchmark\commitment-horizon-study\reference_core_benchmark_pilot\known_visit_10target_300.csv,6,3,14,7.0934757524283185,7.0934757524283185,02,02,1,0,True,completed
243,known_visit,ACBBA,ideal,1.0,19,361,4,10,acbba_h1_ideal,C:\Users\lottj\Desktop\research\decentralized benchmark\commitment-horizon-study\reference_core_benchmark_pilot\known_visit_10target_300.csv,7,2,6,1.9082810256678036,1.9082810256678036,01,01,1,0,True,completed
243,known_visit,ACBBA,ideal,1.0,19,361,4,10,acbba_h1_ideal,C:\Users\lottj\Desktop\research\decentralized benchmark\commitment-horizon-study\reference_core_benchmark_pilot\known_visit_10target_300.csv,8,8,9,17.706528662795808,17.706528662795808,01,01,1,0,True,completed
243,known_visit,ACBBA,ideal,1.0,19,361,4,10,acbba_h1_ideal,C:\Users\lottj\Desktop\research\decentralized benchmark\commitment-horizon-study\reference_core_benchmark_pilot\known_visit_10target_300.csv,9,12,2,26.577162335607472,26.577162335607472,00,00,1,0,True,completed
243,known_visit,ACBBA,ideal,1.0,19,361,4,10,acbba_h1_ideal,C:\Users\lottj\Desktop\research\decentralized benchmark\commitment-horizon-study\reference_core_benchmark_pilot\known_visit_10target_300.csv,10,3,15,8.833132040721992,8.833132040721992,02,02,1,0,True,completed
244,known_visit,ACBBA,ideal,1.0,19,361,4,10,acbba_h1_ideal,C:\Users\lottj\Desktop\research\decentralized benchmark\commitment-horizon-study\reference_core_benchmark_pilot\known_visit_10target_300.csv,1,17,5,33.97663267982834,33.97663267982834,01,01,1,0,True,completed
244,known_visit,ACBBA,ideal,1.0,19,361,4,10,acbba_h1_ideal,C:\Users\lottj\Desktop\research\decentralized benchmark\commitment-horizon-study\reference_core_benchmark_pilot\known_visit_10target_300.csv,2,15,4,28.247928303900956,28.247928303900956,01,01,1,0,True,completed
244,known_visit,ACBBA,ideal,1.0,19,361,4,10,acbba_h1_ideal,C:\Users\lottj\Desktop\research\decentralized benchmark\commitment-horizon-study\reference_core_benchmark_pilot\known_visit_10target_300.csv,3,17,18,35.195187626051876,35.195187626051876,03,03,1,0,True,completed
244,known_visit,ACBBA,ideal,1.0,19,361,4,10,acbba_h1_ideal,C:\Users\lottj\Desktop\research\decentralized benchmark\commitment-horizon-study\reference_core_benchmark_pilot\known_visit_10target_300.csv,4,1,18,0.1297103107697643,0.1297103107697643,03,03,1,0,True,completed
244,known_visit,ACBBA,ideal,1.0,19,361,4,10,acbba_h1_ideal,C:\Users\lottj\Desktop\research\decentralized benchmark\commitment-horizon-study\reference_core_benchmark_pilot\known_visit_10target_300.csv,5,5,6,6.912038396184315,6.912038396184315,01,01,1,0,True,completed
244,known_visit,ACBBA,ideal,1.0,19,361,4,10,acbba_h1_ideal,C:\Users\lottj\Desktop\research\decentralized benchmark\commitment-horizon-study\reference_core_benchmark_pilot\known_visit_10target_300.csv,6,16,10,33.06589120257558,33.06589120257558,02,02,1,0,True,completed
244,known_visit,ACBBA,ideal,1.0,19,361,4,10,acbba_h1_ideal,C:\Users\lottj\Desktop\research\decentralized benchmark\commitment-horizon-study\reference_core_benchmark_pilot\known_visit_10target_300.csv,7,9,5,15.787298042278419,15.787298042278419,01,01,1,0,True,completed
244,known_visit,ACBBA,ideal,1.0,19,361,4,10,acbba_h1_ideal,C:\Users\lottj\Desktop\research\decentralized benchmark\commitment-horizon-study\reference_core_benchmark_pilot\known_visit_10target_300.csv,8,10,16,19.402747265498295,19.402747265498295,03,03,1,0,True,completed
244,known_visit,ACBBA,ideal,1.0,19,361,4,10,acbba_h1_ideal,C:\Users\lottj\Desktop\research\decentralized benchmark\commitment-horizon-study\reference_core_benchmark_pilot\known_visit_10target_300.csv,9,17,11,36.7519175170029,36.7519175170029,02,02,1,0,True,completed
244,known_visit,ACBBA,ideal,1.0,19,361,4,10,acbba_h1_ideal,C:\Users\lottj\Desktop\research\decentralized benchmark\commitment-horizon-study\reference_core_benchmark_pilot\known_visit_10target_300.csv,10,9,9,19.213778187876486,19.213778187876486,02,02,1,0,True,completed
245,known_visit,ACBBA,ideal,1.0,19,361,4,10,acbba_h1_ideal,C:\Users\lottj\Desktop\research\decentralized benchmark\commitment-horizon-study\reference_core_benchmark_pilot\known_visit_10target_300.csv,1,5,4,10.663355918627174,10.663355918627174,01,01,1,0,True,completed
245,known_visit,ACBBA,ideal,1.0,19,361,4,10,acbba_h1_ideal,C:\Users\lottj\Desktop\research\decentralized benchmark\commitment-horizon-study\reference_core_benchmark_pilot\known_visit_10target_300.csv,2,6,7,17.38249677992426,17.38249677992426,02,02,1,0,True,completed
245,known_visit,ACBBA,ideal,1.0,19,361,4,10,acbba_h1_ideal,C:\Users\lottj\Desktop\research\decentralized benchmark\commitment-horizon-study\reference_core_benchmark_pilot\known_visit_10target_300.csv,3,9,9,29.357732529832365,29.357732529832365,03,03,1,0,True,completed
245,known_visit,ACBBA,ideal,1.0,19,361,4,10,acbba_h1_ideal,C:\Users\lottj\Desktop\research\decentralized benchmark\commitment-horizon-study\reference_core_benchmark_pilot\known_visit_10target_300.csv,4,17,14,48.88979186944433,48.88979186944433,02,02,1,0,True,completed
245,known_visit,ACBBA,ideal,1.0,19,361,4,10,acbba_h1_ideal,C:\Users\lottj\Desktop\research\decentralized benchmark\commitment-horizon-study\reference_core_benchmark_pilot\known_visit_10target_300.csv,5,8,5,22.337792225660355,22.337792225660355,01,01,1,0,True,completed
245,known_visit,ACBBA,ideal,1.0,19,361,4,10,acbba_h1_ideal,C:\Users\lottj\Desktop\research\decentralized benchmark\commitment-horizon-study\reference_core_benchmark_pilot\known_visit_10target_300.csv,6,16,5,36.95448617771033,36.95448617771033,01,01,1,0,True,completed
245,known_visit,ACBBA,ideal,1.0,19,361,4,10,acbba_h1_ideal,C:\Users\lottj\Desktop\research\decentralized benchmark\commitment-horizon-study\reference_core_benchmark_pilot\known_visit_10target_300.csv,7,13,12,38.56541307324978,38.56541307324978,02,02,1,0,True,completed
245,known_visit,ACBBA,ideal,1.0,19,361,4,10,acbba_h1_ideal,C:\Users\lottj\Desktop\research\decentralized benchmark\commitment-horizon-study\reference_core_benchmark_pilot\known_visit_10target_300.csv,8,10,8,26.34887063269783,26.34887063269783,02,02,2,1,True,completed
245,known_visit,ACBBA,ideal,1.0,19,361,4,10,acbba_h1_ideal,C:\Users\lottj\Desktop\research\decentralized benchmark\commitment-horizon-study\reference_core_benchmark_pilot\known_visit_10target_300.csv,9,9,3,19.438371329661244,19.438371329661244,00,00,1,0,True,completed
245,known_visit,ACBBA,ideal,1.0,19,361,4,10,acbba_h1_ideal,C:\Users\lottj\Desktop\research\decentralized benchmark\commitment-horizon-study\reference_core_benchmark_pilot\known_visit_10target_300.csv,10,10,7,24.422037363153976,24.422037363153976,02,02,1,0,True,completed
246,known_visit,ACBBA,ideal,1.0,19,361,4,10,acbba_h1_ideal,C:\Users\lottj\Desktop\research\decentralized benchmark\commitment-horizon-study\reference_core_benchmark_pilot\known_visit_10target_300.csv,1,5,15,12.475862494396633,12.475862494396633,02,02,1,0,True,completed
246,known_visit,ACBBA,ideal,1.0,19,361,4,10,acbba_h1_ideal,C:\Users\lottj\Desktop\research\decentralized benchmark\commitment-horizon-study\reference_core_benchmark_pilot\known_visit_10target_300.csv,2,2,18,1.9840463472100915,1.9840463472100915,03,03,1,0,True,completed
246,known_visit,ACBBA,ideal,1.0,19,361,4,10,acbba_h1_ideal,C:\Users\lottj\Desktop\research\decentralized benchmark\commitment-horizon-study\reference_core_benchmark_pilot\known_visit_10target_300.csv,3,1,0,0.22009060769858732,0.22009060769858732,00,00,1,0,True,completed
246,known_visit,ACBBA,ideal,1.0,19,361,4,10,acbba_h1_ideal,C:\Users\lottj\Desktop\research\decentralized benchmark\commitment-horizon-study\reference_core_benchmark_pilot\known_visit_10target_300.csv,4,5,2,10.5610943866749,10.5610943866749,00,00,1,0,True,completed
246,known_visit,ACBBA,ideal,1.0,19,361,4,10,acbba_h1_ideal,C:\Users\lottj\Desktop\research\decentralized benchmark\commitment-horizon-study\reference_core_benchmark_pilot\known_visit_10target_300.csv,5,18,17,31.668809026436453,31.668809026436453,03,03,1,0,True,completed
246,known_visit,ACBBA,ideal,1.0,19,361,4,10,acbba_h1_ideal,C:\Users\lottj\Desktop\research\decentralized benchmark\commitment-horizon-study\reference_core_benchmark_pilot\known_visit_10target_300.csv,6,17,8,31.375859956222666,31.375859956222666,01,01,1,0,True,completed
246,known_visit,ACBBA,ideal,1.0,19,361,4,10,acbba_h1_ideal,C:\Users\lottj\Desktop\research\decentralized benchmark\commitment-horizon-study\reference_core_benchmark_pilot\known_visit_10target_300.csv,7,7,8,14.10502688235329,14.10502688235329,01,01,1,0,True,completed
246,known_visit,ACBBA,ideal,1.0,19,361,4,10,acbba_h1_ideal,C:\Users\lottj\Desktop\research\decentralized benchmark\commitment-horizon-study\reference_core_benchmark_pilot\known_visit_10target_300.csv,8,15,8,27.98450232432262,27.98450232432262,01,01,1,0,True,completed
246,known_visit,ACBBA,ideal,1.0,19,361,4,10,acbba_h1_ideal,C:\Users\lottj\Desktop\research\decentralized benchmark\commitment-horizon-study\reference_core_benchmark_pilot\known_visit_10target_300.csv,9,18,0,37.05900331092344,37.05900331092344,00,00,1,0,True,completed
246,known_visit,ACBBA,ideal,1.0,19,361,4,10,acbba_h1_ideal,C:\Users\lottj\Desktop\research\decentralized benchmark\commitment-horizon-study\reference_core_benchmark_pilot\known_visit_10target_300.csv,10,6,2,12.463162009173484,12.463162009173484,00,00,1,0,True,completed
247,known_visit,ACBBA,ideal,1.0,19,361,4,10,acbba_h1_ideal,C:\Users\lottj\Desktop\research\decentralized benchmark\commitment-horizon-study\reference_core_benchmark_pilot\known_visit_10target_300.csv,1,12,16,22.192188961847265,22.192188961847265,03,03,1,0,True,completed
247,known_visit,ACBBA,ideal,1.0,19,361,4,10,acbba_h1_ideal,C:\Users\lottj\Desktop\research\decentralized benchmark\commitment-horizon-study\reference_core_benchmark_pilot\known_visit_10target_300.csv,2,8,0,20.11584678022681,20.11584678022681,00,00,1,0,True,completed
247,known_visit,ACBBA,ideal,1.0,19,361,4,10,acbba_h1_ideal,C:\Users\lottj\Desktop\research\decentralized benchmark\commitment-horizon-study\reference_core_benchmark_pilot\known_visit_10target_300.csv,3,18,7,48.33101884439119,48.33101884439119,03,03,1,0,True,completed
247,known_visit,ACBBA,ideal,1.0,19,361,4,10,acbba_h1_ideal,C:\Users\lottj\Desktop\research\decentralized benchmark\commitment-horizon-study\reference_core_benchmark_pilot\known_visit_10target_300.csv,4,2,3,7.367379723070627,7.367379723070627,01,01,1,0,True,completed
247,known_visit,ACBBA,ideal,1.0,19,361,4,10,acbba_h1_ideal,C:\Users\lottj\Desktop\research\decentralized benchmark\commitment-horizon-study\reference_core_benchmark_pilot\known_visit_10target_300.csv,5,10,4,30.67123961157027,30.67123961157027,00,00,1,0,True,completed
247,known_visit,ACBBA,ideal,1.0,19,361,4,10,acbba_h1_ideal,C:\Users\lottj\Desktop\research\decentralized benchmark\commitment-horizon-study\reference_core_benchmark_pilot\known_visit_10target_300.csv,6,9,7,26.8807141839508,26.8807141839508,01,01,1,0,True,completed
247,known_visit,ACBBA,ideal,1.0,19,361,4,10,acbba_h1_ideal,C:\Users\lottj\Desktop\research\decentralized benchmark\commitment-horizon-study\reference_core_benchmark_pilot\known_visit_10target_300.csv,7,9,5,23.362088233830445,23.362088233830445,01,01,1,0,True,completed
247,known_visit,ACBBA,ideal,1.0,19,361,4,10,acbba_h1_ideal,C:\Users\lottj\Desktop\research\decentralized benchmark\commitment-horizon-study\reference_core_benchmark_pilot\known_visit_10target_300.csv,8,18,13,38.09154173400062,38.09154173400062,03,03,1,0,True,completed
247,known_visit,ACBBA,ideal,1.0,19,361,4,10,acbba_h1_ideal,C:\Users\lottj\Desktop\research\decentralized benchmark\commitment-horizon-study\reference_core_benchmark_pilot\known_visit_10target_300.csv,9,1,15,5.688075429279141,5.688075429279141,02,02,1,0,True,completed
247,known_visit,ACBBA,ideal,1.0,19,361,4,10,acbba_h1_ideal,C:\Users\lottj\Desktop\research\decentralized benchmark\commitment-horizon-study\reference_core_benchmark_pilot\known_visit_10target_300.csv,10,8,9,31.893585385208535,31.893585385208535,02,02,1,0,True,completed
248,known_visit,ACBBA,ideal,1.0,19,361,4,10,acbba_h1_ideal,C:\Users\lottj\Desktop\research\decentralized benchmark\commitment-horizon-study\reference_core_benchmark_pilot\known_visit_10target_300.csv,1,4,12,9.487895964086757,9.487895964086757,02,02,1,0,True,completed
248,known_visit,ACBBA,ideal,1.0,19,361,4,10,acbba_h1_ideal,C:\Users\lottj\Desktop\research\decentralized benchmark\commitment-horizon-study\reference_core_benchmark_pilot\known_visit_10target_300.csv,2,8,2,19.397158031363556,19.397158031363556,01,01,1,0,True,completed
248,known_visit,ACBBA,ideal,1.0,19,361,4,10,acbba_h1_ideal,C:\Users\lottj\Desktop\research\decentralized benchmark\commitment-horizon-study\reference_core_benchmark_pilot\known_visit_10target_300.csv,3,5,11,13.474301729822,13.474301729822,02,02,1,0,True,completed
248,known_visit,ACBBA,ideal,1.0,19,361,4,10,acbba_h1_ideal,C:\Users\lottj\Desktop\research\decentralized benchmark\commitment-horizon-study\reference_core_benchmark_pilot\known_visit_10target_300.csv,4,13,13,31.765100166026624,31.765100166026624,02,02,1,0,True,completed
248,known_visit,ACBBA,ideal,1.0,19,361,4,10,acbba_h1_ideal,C:\Users\lottj\Desktop\research\decentralized benchmark\commitment-horizon-study\reference_core_benchmark_pilot\known_visit_10target_300.csv,5,9,14,24.60245027136386,24.60245027136386,03,03,1,0,True,completed
248,known_visit,ACBBA,ideal,1.0,19,361,4,10,acbba_h1_ideal,C:\Users\lottj\Desktop\research\decentralized benchmark\commitment-horizon-study\reference_core_benchmark_pilot\known_visit_10target_300.csv,6,2,11,3.8634780799903785,3.8634780799903785,02,02,1,0,True,completed
248,known_visit,ACBBA,ideal,1.0,19,361,4,10,acbba_h1_ideal,C:\Users\lottj\Desktop\research\decentralized benchmark\commitment-horizon-study\reference_core_benchmark_pilot\known_visit_10target_300.csv,7,6,3,14.01269262118168,14.01269262118168,01,01,1,0,True,completed
248,known_visit,ACBBA,ideal,1.0,19,361,4,10,acbba_h1_ideal,C:\Users\lottj\Desktop\research\decentralized benchmark\commitment-horizon-study\reference_core_benchmark_pilot\known_visit_10target_300.csv,8,4,2,8.982291342816518,8.982291342816518,00,00,1,0,True,completed
248,known_visit,ACBBA,ideal,1.0,19,361,4,10,acbba_h1_ideal,C:\Users\lottj\Desktop\research\decentralized benchmark\commitment-horizon-study\reference_core_benchmark_pilot\known_visit_10target_300.csv,9,2,16,5.370113003119112,5.370113003119112,03,03,1,0,True,completed
248,known_visit,ACBBA,ideal,1.0,19,361,4,10,acbba_h1_ideal,C:\Users\lottj\Desktop\research\decentralized benchmark\commitment-horizon-study\reference_core_benchmark_pilot\known_visit_10target_300.csv,10,12,12,28.039481159052027,28.039481159052027,02,02,1,0,True,completed
249,known_visit,ACBBA,ideal,1.0,19,361,4,10,acbba_h1_ideal,C:\Users\lottj\Desktop\research\decentralized benchmark\commitment-horizon-study\reference_core_benchmark_pilot\known_visit_10target_300.csv,1,15,8,41.89518415651387,41.89518415651387,02,02,1,0,True,completed
249,known_visit,ACBBA,ideal,1.0,19,361,4,10,acbba_h1_ideal,C:\Users\lottj\Desktop\research\decentralized benchmark\commitment-horizon-study\reference_core_benchmark_pilot\known_visit_10target_300.csv,2,14,4,33.525655132741996,33.525655132741996,01,01,1,0,True,completed
249,known_visit,ACBBA,ideal,1.0,19,361,4,10,acbba_h1_ideal,C:\Users\lottj\Desktop\research\decentralized benchmark\commitment-horizon-study\reference_core_benchmark_pilot\known_visit_10target_300.csv,3,1,8,3.7993176675614952,3.7993176675614952,01,01,1,0,True,completed
249,known_visit,ACBBA,ideal,1.0,19,361,4,10,acbba_h1_ideal,C:\Users\lottj\Desktop\research\decentralized benchmark\commitment-horizon-study\reference_core_benchmark_pilot\known_visit_10target_300.csv,4,11,6,24.736865762546564,24.736865762546564,01,01,1,0,True,completed
249,known_visit,ACBBA,ideal,1.0,19,361,4,10,acbba_h1_ideal,C:\Users\lottj\Desktop\research\decentralized benchmark\commitment-horizon-study\reference_core_benchmark_pilot\known_visit_10target_300.csv,5,1,17,2.141080285350117,2.141080285350117,03,03,1,0,True,completed
249,known_visit,ACBBA,ideal,1.0,19,361,4,10,acbba_h1_ideal,C:\Users\lottj\Desktop\research\decentralized benchmark\commitment-horizon-study\reference_core_benchmark_pilot\known_visit_10target_300.csv,6,16,11,34.81755865709913,34.81755865709913,02,02,1,0,True,completed
249,known_visit,ACBBA,ideal,1.0,19,361,4,10,acbba_h1_ideal,C:\Users\lottj\Desktop\research\decentralized benchmark\commitment-horizon-study\reference_core_benchmark_pilot\known_visit_10target_300.csv,7,6,18,12.908164969700195,12.908164969700195,03,03,1,0,True,completed
249,known_visit,ACBBA,ideal,1.0,19,361,4,10,acbba_h1_ideal,C:\Users\lottj\Desktop\research\decentralized benchmark\commitment-horizon-study\reference_core_benchmark_pilot\known_visit_10target_300.csv,8,15,7,40.39142936891504,40.39142936891504,01,01,1,0,True,completed
249,known_visit,ACBBA,ideal,1.0,19,361,4,10,acbba_h1_ideal,C:\Users\lottj\Desktop\research\decentralized benchmark\commitment-horizon-study\reference_core_benchmark_pilot\known_visit_10target_300.csv,9,17,0,27.288325533244386,27.288325533244386,00,00,1,0,True,completed
249,known_visit,ACBBA,ideal,1.0,19,361,4,10,acbba_h1_ideal,C:\Users\lottj\Desktop\research\decentralized benchmark\commitment-horizon-study\reference_core_benchmark_pilot\known_visit_10target_300.csv,10,12,0,18.8672464552891,18.8672464552891,00,00,1,0,True,completed
250,known_visit,ACBBA,ideal,1.0,19,361,4,10,acbba_h1_ideal,C:\Users\lottj\Desktop\research\decentralized benchmark\commitment-horizon-study\reference_core_benchmark_pilot\known_visit_10target_300.csv,1,5,0,14.65350894957553,14.65350894957553,00,00,1,0,True,completed
250,known_visit,ACBBA,ideal,1.0,19,361,4,10,acbba_h1_ideal,C:\Users\lottj\Desktop\research\decentralized benchmark\commitment-horizon-study\reference_core_benchmark_pilot\known_visit_10target_300.csv,2,6,17,10.737288106159758,10.737288106159758,03,03,1,0,True,completed
250,known_visit,ACBBA,ideal,1.0,19,361,4,10,acbba_h1_ideal,C:\Users\lottj\Desktop\research\decentralized benchmark\commitment-horizon-study\reference_core_benchmark_pilot\known_visit_10target_300.csv,3,6,7,10.714568022355209,10.714568022355209,01,01,1,0,True,completed
250,known_visit,ACBBA,ideal,1.0,19,361,4,10,acbba_h1_ideal,C:\Users\lottj\Desktop\research\decentralized benchmark\commitment-horizon-study\reference_core_benchmark_pilot\known_visit_10target_300.csv,4,2,2,5.629275308881921,5.629275308881921,00,00,1,0,True,completed
250,known_visit,ACBBA,ideal,1.0,19,361,4,10,acbba_h1_ideal,C:\Users\lottj\Desktop\research\decentralized benchmark\commitment-horizon-study\reference_core_benchmark_pilot\known_visit_10target_300.csv,5,18,17,31.962698263887436,31.962698263887436,03,03,1,0,True,completed
250,known_visit,ACBBA,ideal,1.0,19,361,4,10,acbba_h1_ideal,C:\Users\lottj\Desktop\research\decentralized benchmark\commitment-horizon-study\reference_core_benchmark_pilot\known_visit_10target_300.csv,6,10,8,19.425250692297823,19.425250692297823,01,01,1,0,True,completed
250,known_visit,ACBBA,ideal,1.0,19,361,4,10,acbba_h1_ideal,C:\Users\lottj\Desktop\research\decentralized benchmark\commitment-horizon-study\reference_core_benchmark_pilot\known_visit_10target_300.csv,7,12,8,22.938876045803003,22.938876045803003,01,01,1,0,True,completed
250,known_visit,ACBBA,ideal,1.0,19,361,4,10,acbba_h1_ideal,C:\Users\lottj\Desktop\research\decentralized benchmark\commitment-horizon-study\reference_core_benchmark_pilot\known_visit_10target_300.csv,8,17,14,39.61569337502308,39.61569337502308,03,03,1,0,True,completed
250,known_visit,ACBBA,ideal,1.0,19,361,4,10,acbba_h1_ideal,C:\Users\lottj\Desktop\research\decentralized benchmark\commitment-horizon-study\reference_core_benchmark_pilot\known_visit_10target_300.csv,9,14,17,24.936832859270414,24.936832859270414,03,03,1,0,True,completed
250,known_visit,ACBBA,ideal,1.0,19,361,4,10,acbba_h1_ideal,C:\Users\lottj\Desktop\research\decentralized benchmark\commitment-horizon-study\reference_core_benchmark_pilot\known_visit_10target_300.csv,10,16,7,31.809564737373613,31.809564737373613,01,01,1,0,True,completed
251,known_visit,ACBBA,ideal,1.0,19,361,4,10,acbba_h1_ideal,C:\Users\lottj\Desktop\research\decentralized benchmark\commitment-horizon-study\reference_core_benchmark_pilot\known_visit_10target_300.csv,1,6,1,10.696965839861727,10.696965839861727,00,00,1,0,True,completed
251,known_visit,ACBBA,ideal,1.0,19,361,4,10,acbba_h1_ideal,C:\Users\lottj\Desktop\research\decentralized benchmark\commitment-horizon-study\reference_core_benchmark_pilot\known_visit_10target_300.csv,2,15,6,35.04592711451872,35.04592711451872,00,00,1,0,True,completed
251,known_visit,ACBBA,ideal,1.0,19,361,4,10,acbba_h1_ideal,C:\Users\lottj\Desktop\research\decentralized benchmark\commitment-horizon-study\reference_core_benchmark_pilot\known_visit_10target_300.csv,3,16,18,51.319709491874356,51.319709491874356,03,03,1,0,True,completed
251,known_visit,ACBBA,ideal,1.0,19,361,4,10,acbba_h1_ideal,C:\Users\lottj\Desktop\research\decentralized benchmark\commitment-horizon-study\reference_core_benchmark_pilot\known_visit_10target_300.csv,4,1,14,3.960908637910944,3.960908637910944,02,02,1,0,True,completed
251,known_visit,ACBBA,ideal,1.0,19,361,4,10,acbba_h1_ideal,C:\Users\lottj\Desktop\research\decentralized benchmark\commitment-horizon-study\reference_core_benchmark_pilot\known_visit_10target_300.csv,5,15,3,30.02845415850071,30.02845415850071,00,00,1,0,True,completed
251,known_visit,ACBBA,ideal,1.0,19,361,4,10,acbba_h1_ideal,C:\Users\lottj\Desktop\research\decentralized benchmark\commitment-horizon-study\reference_core_benchmark_pilot\known_visit_10target_300.csv,6,1,7,2.222956832522552,2.222956832522552,01,01,1,0,True,completed
251,known_visit,ACBBA,ideal,1.0,19,361,4,10,acbba_h1_ideal,C:\Users\lottj\Desktop\research\decentralized benchmark\commitment-horizon-study\reference_core_benchmark_pilot\known_visit_10target_300.csv,7,4,16,8.959592239890997,8.959592239890997,03,03,1,0,True,completed
251,known_visit,ACBBA,ideal,1.0,19,361,4,10,acbba_h1_ideal,C:\Users\lottj\Desktop\research\decentralized benchmark\commitment-horizon-study\reference_core_benchmark_pilot\known_visit_10target_300.csv,8,10,1,17.861788829283523,17.861788829283523,00,00,1,0,True,completed
251,known_visit,ACBBA,ideal,1.0,19,361,4,10,acbba_h1_ideal,C:\Users\lottj\Desktop\research\decentralized benchmark\commitment-horizon-study\reference_core_benchmark_pilot\known_visit_10target_300.csv,9,10,10,26.558435980478976,26.558435980478976,01,01,1,0,True,completed
251,known_visit,ACBBA,ideal,1.0,19,361,4,10,acbba_h1_ideal,C:\Users\lottj\Desktop\research\decentralized benchmark\commitment-horizon-study\reference_core_benchmark_pilot\known_visit_10target_300.csv,10,7,11,19.411211373386916,19.411211373386916,01,01,1,0,True,completed
252,known_visit,ACBBA,ideal,1.0,19,361,4,10,acbba_h1_ideal,C:\Users\lottj\Desktop\research\decentralized benchmark\commitment-horizon-study\reference_core_benchmark_pilot\known_visit_10target_300.csv,1,12,7,24.7380319179009,24.7380319179009,01,01,1,0,True,completed
252,known_visit,ACBBA,ideal,1.0,19,361,4,10,acbba_h1_ideal,C:\Users\lottj\Desktop\research\decentralized benchmark\commitment-horizon-study\reference_core_benchmark_pilot\known_visit_10target_300.csv,2,16,15,31.365645065852416,31.365645065852416,03,03,1,0,True,completed
252,known_visit,ACBBA,ideal,1.0,19,361,4,10,acbba_h1_ideal,C:\Users\lottj\Desktop\research\decentralized benchmark\commitment-horizon-study\reference_core_benchmark_pilot\known_visit_10target_300.csv,3,3,6,3.5358617864293302,3.5358617864293302,01,01,1,0,True,completed
252,known_visit,ACBBA,ideal,1.0,19,361,4,10,acbba_h1_ideal,C:\Users\lottj\Desktop\research\decentralized benchmark\commitment-horizon-study\reference_core_benchmark_pilot\known_visit_10target_300.csv,4,17,6,35.246745575073625,35.246745575073625,01,01,1,0,True,completed
252,known_visit,ACBBA,ideal,1.0,19,361,4,10,acbba_h1_ideal,C:\Users\lottj\Desktop\research\decentralized benchmark\commitment-horizon-study\reference_core_benchmark_pilot\known_visit_10target_300.csv,5,10,8,19.013912560618742,19.013912560618742,01,01,1,0,True,completed
252,known_visit,ACBBA,ideal,1.0,19,361,4,10,acbba_h1_ideal,C:\Users\lottj\Desktop\research\decentralized benchmark\commitment-horizon-study\reference_core_benchmark_pilot\known_visit_10target_300.csv,6,9,14,17.87531603178739,17.87531603178739,02,02,1,0,True,completed
252,known_visit,ACBBA,ideal,1.0,19,361,4,10,acbba_h1_ideal,C:\Users\lottj\Desktop\research\decentralized benchmark\commitment-horizon-study\reference_core_benchmark_pilot\known_visit_10target_300.csv,7,6,13,10.726501482103497,10.726501482103497,02,02,1,0,True,completed
252,known_visit,ACBBA,ideal,1.0,19,361,4,10,acbba_h1_ideal,C:\Users\lottj\Desktop\research\decentralized benchmark\commitment-horizon-study\reference_core_benchmark_pilot\known_visit_10target_300.csv,8,4,12,5.405486312192149,5.405486312192149,02,02,1,0,True,completed
252,known_visit,ACBBA,ideal,1.0,19,361,4,10,acbba_h1_ideal,C:\Users\lottj\Desktop\research\decentralized benchmark\commitment-horizon-study\reference_core_benchmark_pilot\known_visit_10target_300.csv,9,6,3,13.90646858912048,13.90646858912048,00,00,1,0,True,completed
252,known_visit,ACBBA,ideal,1.0,19,361,4,10,acbba_h1_ideal,C:\Users\lottj\Desktop\research\decentralized benchmark\commitment-horizon-study\reference_core_benchmark_pilot\known_visit_10target_300.csv,10,9,11,23.10557199240011,23.10557199240011,02,02,1,0,True,completed
253,known_visit,ACBBA,ideal,1.0,19,361,4,10,acbba_h1_ideal,C:\Users\lottj\Desktop\research\decentralized benchmark\commitment-horizon-study\reference_core_benchmark_pilot\known_visit_10target_300.csv,1,3,10,14.677138990188398,14.677138990188398,02,02,1,0,True,completed
253,known_visit,ACBBA,ideal,1.0,19,361,4,10,acbba_h1_ideal,C:\Users\lottj\Desktop\research\decentralized benchmark\commitment-horizon-study\reference_core_benchmark_pilot\known_visit_10target_300.csv,2,11,4,20.959152292837466,20.959152292837466,01,01,1,0,True,completed
253,known_visit,ACBBA,ideal,1.0,19,361,4,10,acbba_h1_ideal,C:\Users\lottj\Desktop\research\decentralized benchmark\commitment-horizon-study\reference_core_benchmark_pilot\known_visit_10target_300.csv,3,3,14,7.635012742594544,7.635012742594544,02,02,1,0,True,completed
253,known_visit,ACBBA,ideal,1.0,19,361,4,10,acbba_h1_ideal,C:\Users\lottj\Desktop\research\decentralized benchmark\commitment-horizon-study\reference_core_benchmark_pilot\known_visit_10target_300.csv,4,8,1,17.875447644672803,17.875447644672803,00,00,1,0,True,completed
253,known_visit,ACBBA,ideal,1.0,19,361,4,10,acbba_h1_ideal,C:\Users\lottj\Desktop\research\decentralized benchmark\commitment-horizon-study\reference_core_benchmark_pilot\known_visit_10target_300.csv,5,6,6,8.5618143219783,8.5618143219783,01,01,1,0,True,completed
253,known_visit,ACBBA,ideal,1.0,19,361,4,10,acbba_h1_ideal,C:\Users\lottj\Desktop\research\decentralized benchmark\commitment-horizon-study\reference_core_benchmark_pilot\known_visit_10target_300.csv,6,0,13,0.43920487444049816,0.43920487444049816,02,02,1,0,True,completed
253,known_visit,ACBBA,ideal,1.0,19,361,4,10,acbba_h1_ideal,C:\Users\lottj\Desktop\research\decentralized benchmark\commitment-horizon-study\reference_core_benchmark_pilot\known_visit_10target_300.csv,7,8,10,23.334662655708605,23.334662655708605,02,02,1,0,True,completed
253,known_visit,ACBBA,ideal,1.0,19,361,4,10,acbba_h1_ideal,C:\Users\lottj\Desktop\research\decentralized benchmark\commitment-horizon-study\reference_core_benchmark_pilot\known_visit_10target_300.csv,8,16,0,33.43388315614914,33.43388315614914,00,00,1,0,True,completed
253,known_visit,ACBBA,ideal,1.0,19,361,4,10,acbba_h1_ideal,C:\Users\lottj\Desktop\research\decentralized benchmark\commitment-horizon-study\reference_core_benchmark_pilot\known_visit_10target_300.csv,9,10,6,15.44551402504983,15.44551402504983,01,01,1,0,True,completed
253,known_visit,ACBBA,ideal,1.0,19,361,4,10,acbba_h1_ideal,C:\Users\lottj\Desktop\research\decentralized benchmark\commitment-horizon-study\reference_core_benchmark_pilot\known_visit_10target_300.csv,10,4,2,8.958680348268203,8.958680348268203,00,00,1,0,True,completed
254,known_visit,ACBBA,ideal,1.0,19,361,4,10,acbba_h1_ideal,C:\Users\lottj\Desktop\research\decentralized benchmark\commitment-horizon-study\reference_core_benchmark_pilot\known_visit_10target_300.csv,1,7,8,14.183825252573028,14.183825252573028,01,01,1,0,True,completed
254,known_visit,ACBBA,ideal,1.0,19,361,4,10,acbba_h1_ideal,C:\Users\lottj\Desktop\research\decentralized benchmark\commitment-horizon-study\reference_core_benchmark_pilot\known_visit_10target_300.csv,2,13,2,35.5557447193424,35.5557447193424,01,01,1,0,True,completed
254,known_visit,ACBBA,ideal,1.0,19,361,4,10,acbba_h1_ideal,C:\Users\lottj\Desktop\research\decentralized benchmark\commitment-horizon-study\reference_core_benchmark_pilot\known_visit_10target_300.csv,3,18,4,47.73431265584749,47.73431265584749,01,01,1,0,True,completed
254,known_visit,ACBBA,ideal,1.0,19,361,4,10,acbba_h1_ideal,C:\Users\lottj\Desktop\research\decentralized benchmark\commitment-horizon-study\reference_core_benchmark_pilot\known_visit_10target_300.csv,4,9,3,26.73676722141758,26.73676722141758,01,01,2,1,True,completed
254,known_visit,ACBBA,ideal,1.0,19,361,4,10,acbba_h1_ideal,C:\Users\lottj\Desktop\research\decentralized benchmark\commitment-horizon-study\reference_core_benchmark_pilot\known_visit_10target_300.csv,5,17,11,38.20514595245026,38.20514595245026,02,02,1,0,True,completed
254,known_visit,ACBBA,ideal,1.0,19,361,4,10,acbba_h1_ideal,C:\Users\lottj\Desktop\research\decentralized benchmark\commitment-horizon-study\reference_core_benchmark_pilot\known_visit_10target_300.csv,6,8,0,12.253846077717496,12.253846077717496,00,00,1,0,True,completed
254,known_visit,ACBBA,ideal,1.0,19,361,4,10,acbba_h1_ideal,C:\Users\lottj\Desktop\research\decentralized benchmark\commitment-horizon-study\reference_core_benchmark_pilot\known_visit_10target_300.csv,7,16,9,41.1711260373446,41.1711260373446,03,03,1,0,True,completed
254,known_visit,ACBBA,ideal,1.0,19,361,4,10,acbba_h1_ideal,C:\Users\lottj\Desktop\research\decentralized benchmark\commitment-horizon-study\reference_core_benchmark_pilot\known_visit_10target_300.csv,8,6,14,15.33886785128503,15.33886785128503,03,03,1,0,True,completed
254,known_visit,ACBBA,ideal,1.0,19,361,4,10,acbba_h1_ideal,C:\Users\lottj\Desktop\research\decentralized benchmark\commitment-horizon-study\reference_core_benchmark_pilot\known_visit_10target_300.csv,9,4,11,7.4666213946993745,7.4666213946993745,02,02,1,0,True,completed
254,known_visit,ACBBA,ideal,1.0,19,361,4,10,acbba_h1_ideal,C:\Users\lottj\Desktop\research\decentralized benchmark\commitment-horizon-study\reference_core_benchmark_pilot\known_visit_10target_300.csv,10,7,3,19.548504014791252,19.548504014791252,00,00,1,0,True,completed
255,known_visit,ACBBA,ideal,1.0,19,361,4,10,acbba_h1_ideal,C:\Users\lottj\Desktop\research\decentralized benchmark\commitment-horizon-study\reference_core_benchmark_pilot\known_visit_10target_300.csv,1,6,14,12.546660291118666,12.546660291118666,02,02,1,0,True,completed
255,known_visit,ACBBA,ideal,1.0,19,361,4,10,acbba_h1_ideal,C:\Users\lottj\Desktop\research\decentralized benchmark\commitment-horizon-study\reference_core_benchmark_pilot\known_visit_10target_300.csv,2,14,6,36.17540321812293,36.17540321812293,00,00,1,0,True,completed
255,known_visit,ACBBA,ideal,1.0,19,361,4,10,acbba_h1_ideal,C:\Users\lottj\Desktop\research\decentralized benchmark\commitment-horizon-study\reference_core_benchmark_pilot\known_visit_10target_300.csv,3,11,13,23.243769887865554,23.243769887865554,02,02,2,1,True,completed
255,known_visit,ACBBA,ideal,1.0,19,361,4,10,acbba_h1_ideal,C:\Users\lottj\Desktop\research\decentralized benchmark\commitment-horizon-study\reference_core_benchmark_pilot\known_visit_10target_300.csv,4,13,7,32.441168958181606,32.441168958181606,00,00,1,0,True,completed
255,known_visit,ACBBA,ideal,1.0,19,361,4,10,acbba_h1_ideal,C:\Users\lottj\Desktop\research\decentralized benchmark\commitment-horizon-study\reference_core_benchmark_pilot\known_visit_10target_300.csv,5,6,7,10.955005220685154,10.955005220685154,01,01,1,0,True,completed
255,known_visit,ACBBA,ideal,1.0,19,361,4,10,acbba_h1_ideal,C:\Users\lottj\Desktop\research\decentralized benchmark\commitment-horizon-study\reference_core_benchmark_pilot\known_visit_10target_300.csv,6,18,10,41.85342640428731,41.85342640428731,02,02,1,0,True,completed
255,known_visit,ACBBA,ideal,1.0,19,361,4,10,acbba_h1_ideal,C:\Users\lottj\Desktop\research\decentralized benchmark\commitment-horizon-study\reference_core_benchmark_pilot\known_visit_10target_300.csv,7,13,11,30.350401638422014,30.350401638422014,02,02,1,0,True,completed
255,known_visit,ACBBA,ideal,1.0,19,361,4,10,acbba_h1_ideal,C:\Users\lottj\Desktop\research\decentralized benchmark\commitment-horizon-study\reference_core_benchmark_pilot\known_visit_10target_300.csv,8,16,12,37.703985124260164,37.703985124260164,03,03,1,0,True,completed
255,known_visit,ACBBA,ideal,1.0,19,361,4,10,acbba_h1_ideal,C:\Users\lottj\Desktop\research\decentralized benchmark\commitment-horizon-study\reference_core_benchmark_pilot\known_visit_10target_300.csv,9,11,1,18.815346247966477,18.815346247966477,00,00,1,0,True,completed
255,known_visit,ACBBA,ideal,1.0,19,361,4,10,acbba_h1_ideal,C:\Users\lottj\Desktop\research\decentralized benchmark\commitment-horizon-study\reference_core_benchmark_pilot\known_visit_10target_300.csv,10,9,4,21.639085037142895,21.639085037142895,01,01,1,0,True,completed
256,known_visit,ACBBA,ideal,1.0,19,361,4,10,acbba_h1_ideal,C:\Users\lottj\Desktop\research\decentralized benchmark\commitment-horizon-study\reference_core_benchmark_pilot\known_visit_10target_300.csv,1,5,14,11.408104705674235,11.408104705674235,02,02,1,0,True,completed
256,known_visit,ACBBA,ideal,1.0,19,361,4,10,acbba_h1_ideal,C:\Users\lottj\Desktop\research\decentralized benchmark\commitment-horizon-study\reference_core_benchmark_pilot\known_visit_10target_300.csv,2,13,9,38.24069748670438,38.24069748670438,02,02,1,0,True,completed
256,known_visit,ACBBA,ideal,1.0,19,361,4,10,acbba_h1_ideal,C:\Users\lottj\Desktop\research\decentralized benchmark\commitment-horizon-study\reference_core_benchmark_pilot\known_visit_10target_300.csv,3,9,5,23.01586624662078,23.01586624662078,00,00,1,0,True,completed
256,known_visit,ACBBA,ideal,1.0,19,361,4,10,acbba_h1_ideal,C:\Users\lottj\Desktop\research\decentralized benchmark\commitment-horizon-study\reference_core_benchmark_pilot\known_visit_10target_300.csv,4,15,6,34.9739531611013,34.9739531611013,00,00,1,0,True,completed
256,known_visit,ACBBA,ideal,1.0,19,361,4,10,acbba_h1_ideal,C:\Users\lottj\Desktop\research\decentralized benchmark\commitment-horizon-study\reference_core_benchmark_pilot\known_visit_10target_300.csv,5,2,4,5.902598651829632,5.902598651829632,01,01,1,0,True,completed
256,known_visit,ACBBA,ideal,1.0,19,361,4,10,acbba_h1_ideal,C:\Users\lottj\Desktop\research\decentralized benchmark\commitment-horizon-study\reference_core_benchmark_pilot\known_visit_10target_300.csv,6,1,6,0.14200504938288658,0.14200504938288658,01,01,1,0,True,completed
256,known_visit,ACBBA,ideal,1.0,19,361,4,10,acbba_h1_ideal,C:\Users\lottj\Desktop\research\decentralized benchmark\commitment-horizon-study\reference_core_benchmark_pilot\known_visit_10target_300.csv,7,4,8,16.403314598019918,16.403314598019918,01,01,1,0,True,completed
256,known_visit,ACBBA,ideal,1.0,19,361,4,10,acbba_h1_ideal,C:\Users\lottj\Desktop\research\decentralized benchmark\commitment-horizon-study\reference_core_benchmark_pilot\known_visit_10target_300.csv,8,18,3,45.381439085055064,45.381439085055064,00,00,1,0,True,completed
256,known_visit,ACBBA,ideal,1.0,19,361,4,10,acbba_h1_ideal,C:\Users\lottj\Desktop\research\decentralized benchmark\commitment-horizon-study\reference_core_benchmark_pilot\known_visit_10target_300.csv,9,1,5,2.1880949032575043,2.1880949032575043,01,01,1,0,True,completed
256,known_visit,ACBBA,ideal,1.0,19,361,4,10,acbba_h1_ideal,C:\Users\lottj\Desktop\research\decentralized benchmark\commitment-horizon-study\reference_core_benchmark_pilot\known_visit_10target_300.csv,10,0,15,8.154981861065968,8.154981861065968,03,03,1,0,True,completed
257,known_visit,ACBBA,ideal,1.0,19,361,4,10,acbba_h1_ideal,C:\Users\lottj\Desktop\research\decentralized benchmark\commitment-horizon-study\reference_core_benchmark_pilot\known_visit_10target_300.csv,1,16,6,33.93028804744613,33.93028804744613,01,01,1,0,True,completed
257,known_visit,ACBBA,ideal,1.0,19,361,4,10,acbba_h1_ideal,C:\Users\lottj\Desktop\research\decentralized benchmark\commitment-horizon-study\reference_core_benchmark_pilot\known_visit_10target_300.csv,2,15,14,31.980121541406866,31.980121541406866,03,03,1,0,True,completed
257,known_visit,ACBBA,ideal,1.0,19,361,4,10,acbba_h1_ideal,C:\Users\lottj\Desktop\research\decentralized benchmark\commitment-horizon-study\reference_core_benchmark_pilot\known_visit_10target_300.csv,3,14,0,33.12913701150801,33.12913701150801,00,00,1,0,True,completed
257,known_visit,ACBBA,ideal,1.0,19,361,4,10,acbba_h1_ideal,C:\Users\lottj\Desktop\research\decentralized benchmark\commitment-horizon-study\reference_core_benchmark_pilot\known_visit_10target_300.csv,4,17,4,39.29784209942286,39.29784209942286,01,01,1,0,True,completed
257,known_visit,ACBBA,ideal,1.0,19,361,4,10,acbba_h1_ideal,C:\Users\lottj\Desktop\research\decentralized benchmark\commitment-horizon-study\reference_core_benchmark_pilot\known_visit_10target_300.csv,5,7,6,18.184793587800122,18.184793587800122,01,01,1,0,True,completed
257,known_visit,ACBBA,ideal,1.0,19,361,4,10,acbba_h1_ideal,C:\Users\lottj\Desktop\research\decentralized benchmark\commitment-horizon-study\reference_core_benchmark_pilot\known_visit_10target_300.csv,6,6,11,21.656020010243587,21.656020010243587,02,02,1,0,True,completed
257,known_visit,ACBBA,ideal,1.0,19,361,4,10,acbba_h1_ideal,C:\Users\lottj\Desktop\research\decentralized benchmark\commitment-horizon-study\reference_core_benchmark_pilot\known_visit_10target_300.csv,7,5,4,10.797077060217232,10.797077060217232,01,01,1,0,True,completed
257,known_visit,ACBBA,ideal,1.0,19,361,4,10,acbba_h1_ideal,C:\Users\lottj\Desktop\research\decentralized benchmark\commitment-horizon-study\reference_core_benchmark_pilot\known_visit_10target_300.csv,8,12,6,26.994330027457977,26.994330027457977,01,01,1,0,True,completed
257,known_visit,ACBBA,ideal,1.0,19,361,4,10,acbba_h1_ideal,C:\Users\lottj\Desktop\research\decentralized benchmark\commitment-horizon-study\reference_core_benchmark_pilot\known_visit_10target_300.csv,9,4,15,10.656793078024828,10.656793078024828,02,02,1,0,True,completed
257,known_visit,ACBBA,ideal,1.0,19,361,4,10,acbba_h1_ideal,C:\Users\lottj\Desktop\research\decentralized benchmark\commitment-horizon-study\reference_core_benchmark_pilot\known_visit_10target_300.csv,10,9,3,19.01563163237652,19.01563163237652,00,00,1,0,True,completed
258,known_visit,ACBBA,ideal,1.0,19,361,4,10,acbba_h1_ideal,C:\Users\lottj\Desktop\research\decentralized benchmark\commitment-horizon-study\reference_core_benchmark_pilot\known_visit_10target_300.csv,1,15,15,30.324162007731488,30.324162007731488,03,03,1,0,True,completed
258,known_visit,ACBBA,ideal,1.0,19,361,4,10,acbba_h1_ideal,C:\Users\lottj\Desktop\research\decentralized benchmark\commitment-horizon-study\reference_core_benchmark_pilot\known_visit_10target_300.csv,2,10,18,15.662100909344074,15.662100909344074,03,03,1,0,True,completed
258,known_visit,ACBBA,ideal,1.0,19,361,4,10,acbba_h1_ideal,C:\Users\lottj\Desktop\research\decentralized benchmark\commitment-horizon-study\reference_core_benchmark_pilot\known_visit_10target_300.csv,3,11,4,28.377232225974417,28.377232225974417,01,01,1,0,True,completed
258,known_visit,ACBBA,ideal,1.0,19,361,4,10,acbba_h1_ideal,C:\Users\lottj\Desktop\research\decentralized benchmark\commitment-horizon-study\reference_core_benchmark_pilot\known_visit_10target_300.csv,4,14,6,32.68722459228171,32.68722459228171,00,00,1,0,True,completed
258,known_visit,ACBBA,ideal,1.0,19,361,4,10,acbba_h1_ideal,C:\Users\lottj\Desktop\research\decentralized benchmark\commitment-horizon-study\reference_core_benchmark_pilot\known_visit_10target_300.csv,5,5,14,10.77612033860887,10.77612033860887,02,02,1,0,True,completed
258,known_visit,ACBBA,ideal,1.0,19,361,4,10,acbba_h1_ideal,C:\Users\lottj\Desktop\research\decentralized benchmark\commitment-horizon-study\reference_core_benchmark_pilot\known_visit_10target_300.csv,6,3,8,7.373412235514831,7.373412235514831,01,01,1,0,True,completed
258,known_visit,ACBBA,ideal,1.0,19,361,4,10,acbba_h1_ideal,C:\Users\lottj\Desktop\research\decentralized benchmark\commitment-horizon-study\reference_core_benchmark_pilot\known_visit_10target_300.csv,7,11,0,16.78373757962775,16.78373757962775,00,00,1,0,True,completed
258,known_visit,ACBBA,ideal,1.0,19,361,4,10,acbba_h1_ideal,C:\Users\lottj\Desktop\research\decentralized benchmark\commitment-horizon-study\reference_core_benchmark_pilot\known_visit_10target_300.csv,8,10,12,23.279075181580428,23.279075181580428,02,02,1,0,True,completed
258,known_visit,ACBBA,ideal,1.0,19,361,4,10,acbba_h1_ideal,C:\Users\lottj\Desktop\research\decentralized benchmark\commitment-horizon-study\reference_core_benchmark_pilot\known_visit_10target_300.csv,9,8,5,21.2758923068341,21.2758923068341,01,01,1,0,True,completed
258,known_visit,ACBBA,ideal,1.0,19,361,4,10,acbba_h1_ideal,C:\Users\lottj\Desktop\research\decentralized benchmark\commitment-horizon-study\reference_core_benchmark_pilot\known_visit_10target_300.csv,10,13,1,22.13482236795571,22.13482236795571,00,00,1,0,True,completed
259,known_visit,ACBBA,ideal,1.0,19,361,4,10,acbba_h1_ideal,C:\Users\lottj\Desktop\research\decentralized benchmark\commitment-horizon-study\reference_core_benchmark_pilot\known_visit_10target_300.csv,1,3,11,5.7469929422060755,5.7469929422060755,02,02,1,0,True,completed
259,known_visit,ACBBA,ideal,1.0,19,361,4,10,acbba_h1_ideal,C:\Users\lottj\Desktop\research\decentralized benchmark\commitment-horizon-study\reference_core_benchmark_pilot\known_visit_10target_300.csv,2,10,4,19.12144971133408,19.12144971133408,01,01,1,0,True,completed
259,known_visit,ACBBA,ideal,1.0,19,361,4,10,acbba_h1_ideal,C:\Users\lottj\Desktop\research\decentralized benchmark\commitment-horizon-study\reference_core_benchmark_pilot\known_visit_10target_300.csv,3,7,10,14.55072182756214,14.55072182756214,02,02,1,0,True,completed
259,known_visit,ACBBA,ideal,1.0,19,361,4,10,acbba_h1_ideal,C:\Users\lottj\Desktop\research\decentralized benchmark\commitment-horizon-study\reference_core_benchmark_pilot\known_visit_10target_300.csv,4,14,13,33.16131971989402,33.16131971989402,02,02,1,0,True,completed
259,known_visit,ACBBA,ideal,1.0,19,361,4,10,acbba_h1_ideal,C:\Users\lottj\Desktop\research\decentralized benchmark\commitment-horizon-study\reference_core_benchmark_pilot\known_visit_10target_300.csv,5,10,10,19.848492967993163,19.848492967993163,02,02,1,0,True,completed
259,known_visit,ACBBA,ideal,1.0,19,361,4,10,acbba_h1_ideal,C:\Users\lottj\Desktop\research\decentralized benchmark\commitment-horizon-study\reference_core_benchmark_pilot\known_visit_10target_300.csv,6,14,5,28.229382223924247,28.229382223924247,01,01,1,0,True,completed
259,known_visit,ACBBA,ideal,1.0,19,361,4,10,acbba_h1_ideal,C:\Users\lottj\Desktop\research\decentralized benchmark\commitment-horizon-study\reference_core_benchmark_pilot\known_visit_10target_300.csv,7,9,10,18.220795062279446,18.220795062279446,02,02,1,0,True,completed
259,known_visit,ACBBA,ideal,1.0,19,361,4,10,acbba_h1_ideal,C:\Users\lottj\Desktop\research\decentralized benchmark\commitment-horizon-study\reference_core_benchmark_pilot\known_visit_10target_300.csv,8,10,14,27.196043391361624,27.196043391361624,03,03,1,0,True,completed
259,known_visit,ACBBA,ideal,1.0,19,361,4,10,acbba_h1_ideal,C:\Users\lottj\Desktop\research\decentralized benchmark\commitment-horizon-study\reference_core_benchmark_pilot\known_visit_10target_300.csv,9,6,14,16.24291926194743,16.24291926194743,03,03,1,0,True,completed
259,known_visit,ACBBA,ideal,1.0,19,361,4,10,acbba_h1_ideal,C:\Users\lottj\Desktop\research\decentralized benchmark\commitment-horizon-study\reference_core_benchmark_pilot\known_visit_10target_300.csv,10,8,13,21.804632357221323,21.804632357221323,03,03,1,0,True,completed
260,known_visit,ACBBA,ideal,1.0,19,361,4,10,acbba_h1_ideal,C:\Users\lottj\Desktop\research\decentralized benchmark\commitment-horizon-study\reference_core_benchmark_pilot\known_visit_10target_300.csv,1,15,2,39.27114285611261,39.27114285611261,01,01,1,0,True,completed
260,known_visit,ACBBA,ideal,1.0,19,361,4,10,acbba_h1_ideal,C:\Users\lottj\Desktop\research\decentralized benchmark\commitment-horizon-study\reference_core_benchmark_pilot\known_visit_10target_300.csv,2,8,3,18.170243671846784,18.170243671846784,00,00,1,0,True,completed
260,known_visit,ACBBA,ideal,1.0,19,361,4,10,acbba_h1_ideal,C:\Users\lottj\Desktop\research\decentralized benchmark\commitment-horizon-study\reference_core_benchmark_pilot\known_visit_10target_300.csv,3,7,2,14.434147209056112,14.434147209056112,00,00,1,0,True,completed
260,known_visit,ACBBA,ideal,1.0,19,361,4,10,acbba_h1_ideal,C:\Users\lottj\Desktop\research\decentralized benchmark\commitment-horizon-study\reference_core_benchmark_pilot\known_visit_10target_300.csv,4,9,14,17.615927481635687,17.615927481635687,02,02,1,0,True,completed
260,known_visit,ACBBA,ideal,1.0,19,361,4,10,acbba_h1_ideal,C:\Users\lottj\Desktop\research\decentralized benchmark\commitment-horizon-study\reference_core_benchmark_pilot\known_visit_10target_300.csv,5,6,0,19.988303261085985,19.988303261085985,01,01,1,0,True,completed
260,known_visit,ACBBA,ideal,1.0,19,361,4,10,acbba_h1_ideal,C:\Users\lottj\Desktop\research\decentralized benchmark\commitment-horizon-study\reference_core_benchmark_pilot\known_visit_10target_300.csv,6,4,2,9.074956866959555,9.074956866959555,00,00,1,0,True,completed
260,known_visit,ACBBA,ideal,1.0,19,361,4,10,acbba_h1_ideal,C:\Users\lottj\Desktop\research\decentralized benchmark\commitment-horizon-study\reference_core_benchmark_pilot\known_visit_10target_300.csv,7,12,6,30.479978902029902,30.479978902029902,00,00,1,0,True,completed
260,known_visit,ACBBA,ideal,1.0,19,361,4,10,acbba_h1_ideal,C:\Users\lottj\Desktop\research\decentralized benchmark\commitment-horizon-study\reference_core_benchmark_pilot\known_visit_10target_300.csv,8,14,10,33.690012909636934,33.690012909636934,02,02,1,0,True,completed
260,known_visit,ACBBA,ideal,1.0,19,361,4,10,acbba_h1_ideal,C:\Users\lottj\Desktop\research\decentralized benchmark\commitment-horizon-study\reference_core_benchmark_pilot\known_visit_10target_300.csv,9,5,12,7.104809522797865,7.104809522797865,02,02,1,0,True,completed
260,known_visit,ACBBA,ideal,1.0,19,361,4,10,acbba_h1_ideal,C:\Users\lottj\Desktop\research\decentralized benchmark\commitment-horizon-study\reference_core_benchmark_pilot\known_visit_10target_300.csv,10,7,18,10.791546169182048,10.791546169182048,03,03,1,0,True,completed
261,known_visit,ACBBA,ideal,1.0,19,361,4,10,acbba_h1_ideal,C:\Users\lottj\Desktop\research\decentralized benchmark\commitment-horizon-study\reference_core_benchmark_pilot\known_visit_10target_300.csv,1,10,7,22.22585605456454,22.22585605456454,01,01,1,0,True,completed
261,known_visit,ACBBA,ideal,1.0,19,361,4,10,acbba_h1_ideal,C:\Users\lottj\Desktop\research\decentralized benchmark\commitment-horizon-study\reference_core_benchmark_pilot\known_visit_10target_300.csv,2,4,11,7.152025277757749,7.152025277757749,02,02,1,0,True,completed
261,known_visit,ACBBA,ideal,1.0,19,361,4,10,acbba_h1_ideal,C:\Users\lottj\Desktop\research\decentralized benchmark\commitment-horizon-study\reference_core_benchmark_pilot\known_visit_10target_300.csv,3,7,9,15.803281345192254,15.803281345192254,02,02,1,0,True,completed
261,known_visit,ACBBA,ideal,1.0,19,361,4,10,acbba_h1_ideal,C:\Users\lottj\Desktop\research\decentralized benchmark\commitment-horizon-study\reference_core_benchmark_pilot\known_visit_10target_300.csv,4,18,17,31.690817482102005,31.690817482102005,03,03,1,0,True,completed
261,known_visit,ACBBA,ideal,1.0,19,361,4,10,acbba_h1_ideal,C:\Users\lottj\Desktop\research\decentralized benchmark\commitment-horizon-study\reference_core_benchmark_pilot\known_visit_10target_300.csv,5,14,10,29.633981175368362,29.633981175368362,02,02,1,0,True,completed
261,known_visit,ACBBA,ideal,1.0,19,361,4,10,acbba_h1_ideal,C:\Users\lottj\Desktop\research\decentralized benchmark\commitment-horizon-study\reference_core_benchmark_pilot\known_visit_10target_300.csv,6,1,7,2.1710790539380214,2.1710790539380214,01,01,1,0,True,completed
261,known_visit,ACBBA,ideal,1.0,19,361,4,10,acbba_h1_ideal,C:\Users\lottj\Desktop\research\decentralized benchmark\commitment-horizon-study\reference_core_benchmark_pilot\known_visit_10target_300.csv,7,2,2,5.656718658596981,5.656718658596981,00,00,1,0,True,completed
261,known_visit,ACBBA,ideal,1.0,19,361,4,10,acbba_h1_ideal,C:\Users\lottj\Desktop\research\decentralized benchmark\commitment-horizon-study\reference_core_benchmark_pilot\known_visit_10target_300.csv,8,5,4,14.46592678200994,14.46592678200994,00,00,1,0,True,completed
261,known_visit,ACBBA,ideal,1.0,19,361,4,10,acbba_h1_ideal,C:\Users\lottj\Desktop\research\decentralized benchmark\commitment-horizon-study\reference_core_benchmark_pilot\known_visit_10target_300.csv,9,18,15,35.51049008821041,35.51049008821041,03,03,1,0,True,completed
261,known_visit,ACBBA,ideal,1.0,19,361,4,10,acbba_h1_ideal,C:\Users\lottj\Desktop\research\decentralized benchmark\commitment-horizon-study\reference_core_benchmark_pilot\known_visit_10target_300.csv,10,12,6,27.719741751528822,27.719741751528822,01,01,1,0,True,completed
262,known_visit,ACBBA,ideal,1.0,19,361,4,10,acbba_h1_ideal,C:\Users\lottj\Desktop\research\decentralized benchmark\commitment-horizon-study\reference_core_benchmark_pilot\known_visit_10target_300.csv,1,13,5,26.302497638905404,26.302497638905404,01,01,1,0,True,completed
262,known_visit,ACBBA,ideal,1.0,19,361,4,10,acbba_h1_ideal,C:\Users\lottj\Desktop\research\decentralized benchmark\commitment-horizon-study\reference_core_benchmark_pilot\known_visit_10target_300.csv,2,5,1,9.286335105361413,9.286335105361413,00,00,1,0,True,completed
262,known_visit,ACBBA,ideal,1.0,19,361,4,10,acbba_h1_ideal,C:\Users\lottj\Desktop\research\decentralized benchmark\commitment-horizon-study\reference_core_benchmark_pilot\known_visit_10target_300.csv,3,9,1,16.39123935892196,16.39123935892196,00,00,1,0,True,completed
262,known_visit,ACBBA,ideal,1.0,19,361,4,10,acbba_h1_ideal,C:\Users\lottj\Desktop\research\decentralized benchmark\commitment-horizon-study\reference_core_benchmark_pilot\known_visit_10target_300.csv,4,17,13,29.400208875555577,29.400208875555577,02,02,1,0,True,completed
262,known_visit,ACBBA,ideal,1.0,19,361,4,10,acbba_h1_ideal,C:\Users\lottj\Desktop\research\decentralized benchmark\commitment-horizon-study\reference_core_benchmark_pilot\known_visit_10target_300.csv,5,16,1,28.273316738392918,28.273316738392918,00,00,1,0,True,completed
262,known_visit,ACBBA,ideal,1.0,19,361,4,10,acbba_h1_ideal,C:\Users\lottj\Desktop\research\decentralized benchmark\commitment-horizon-study\reference_core_benchmark_pilot\known_visit_10target_300.csv,6,16,18,25.6026760375783,25.6026760375783,03,03,1,0,True,completed
262,known_visit,ACBBA,ideal,1.0,19,361,4,10,acbba_h1_ideal,C:\Users\lottj\Desktop\research\decentralized benchmark\commitment-horizon-study\reference_core_benchmark_pilot\known_visit_10target_300.csv,7,3,12,3.536277590854732,3.536277590854732,02,02,1,0,True,completed
262,known_visit,ACBBA,ideal,1.0,19,361,4,10,acbba_h1_ideal,C:\Users\lottj\Desktop\research\decentralized benchmark\commitment-horizon-study\reference_core_benchmark_pilot\known_visit_10target_300.csv,8,15,6,31.803398463611476,31.803398463611476,01,01,1,0,True,completed
262,known_visit,ACBBA,ideal,1.0,19,361,4,10,acbba_h1_ideal,C:\Users\lottj\Desktop\research\decentralized benchmark\commitment-horizon-study\reference_core_benchmark_pilot\known_visit_10target_300.csv,9,5,12,6.929958366300388,6.929958366300388,02,02,1,0,True,completed
262,known_visit,ACBBA,ideal,1.0,19,361,4,10,acbba_h1_ideal,C:\Users\lottj\Desktop\research\decentralized benchmark\commitment-horizon-study\reference_core_benchmark_pilot\known_visit_10target_300.csv,10,18,17,30.995843508039645,30.995843508039645,03,03,1,0,True,completed
263,known_visit,ACBBA,ideal,1.0,19,361,4,10,acbba_h1_ideal,C:\Users\lottj\Desktop\research\decentralized benchmark\commitment-horizon-study\reference_core_benchmark_pilot\known_visit_10target_300.csv,1,12,3,24.53723039923003,24.53723039923003,01,01,1,0,True,completed
263,known_visit,ACBBA,ideal,1.0,19,361,4,10,acbba_h1_ideal,C:\Users\lottj\Desktop\research\decentralized benchmark\commitment-horizon-study\reference_core_benchmark_pilot\known_visit_10target_300.csv,2,6,16,16.037656792181657,16.037656792181657,02,02,1,0,True,completed
263,known_visit,ACBBA,ideal,1.0,19,361,4,10,acbba_h1_ideal,C:\Users\lottj\Desktop\research\decentralized benchmark\commitment-horizon-study\reference_core_benchmark_pilot\known_visit_10target_300.csv,3,0,17,0.4885309570272992,0.4885309570272992,03,03,1,0,True,completed
263,known_visit,ACBBA,ideal,1.0,19,361,4,10,acbba_h1_ideal,C:\Users\lottj\Desktop\research\decentralized benchmark\commitment-horizon-study\reference_core_benchmark_pilot\known_visit_10target_300.csv,4,16,13,39.84746549444988,39.84746549444988,03,03,1,0,True,completed
263,known_visit,ACBBA,ideal,1.0,19,361,4,10,acbba_h1_ideal,C:\Users\lottj\Desktop\research\decentralized benchmark\commitment-horizon-study\reference_core_benchmark_pilot\known_visit_10target_300.csv,5,17,7,40.22769837248428,40.22769837248428,01,01,1,0,True,completed
263,known_visit,ACBBA,ideal,1.0,19,361,4,10,acbba_h1_ideal,C:\Users\lottj\Desktop\research\decentralized benchmark\commitment-horizon-study\reference_core_benchmark_pilot\known_visit_10target_300.csv,6,7,0,14.596467164917227,14.596467164917227,00,00,1,0,True,completed
263,known_visit,ACBBA,ideal,1.0,19,361,4,10,acbba_h1_ideal,C:\Users\lottj\Desktop\research\decentralized benchmark\commitment-horizon-study\reference_core_benchmark_pilot\known_visit_10target_300.csv,7,5,16,14.327234152332027,14.327234152332027,02,02,1,0,True,completed
263,known_visit,ACBBA,ideal,1.0,19,361,4,10,acbba_h1_ideal,C:\Users\lottj\Desktop\research\decentralized benchmark\commitment-horizon-study\reference_core_benchmark_pilot\known_visit_10target_300.csv,8,0,4,2.15065406733979,2.15065406733979,01,01,1,0,True,completed
263,known_visit,ACBBA,ideal,1.0,19,361,4,10,acbba_h1_ideal,C:\Users\lottj\Desktop\research\decentralized benchmark\commitment-horizon-study\reference_core_benchmark_pilot\known_visit_10target_300.csv,9,10,9,35.64055840271347,35.64055840271347,02,02,1,0,True,completed
263,known_visit,ACBBA,ideal,1.0,19,361,4,10,acbba_h1_ideal,C:\Users\lottj\Desktop\research\decentralized benchmark\commitment-horizon-study\reference_core_benchmark_pilot\known_visit_10target_300.csv,10,3,18,7.959273020959843,7.959273020959843,03,03,1,0,True,completed
264,known_visit,ACBBA,ideal,1.0,19,361,4,10,acbba_h1_ideal,C:\Users\lottj\Desktop\research\decentralized benchmark\commitment-horizon-study\reference_core_benchmark_pilot\known_visit_10target_300.csv,1,14,9,27.900157279695378,27.900157279695378,01,01,1,0,True,completed
264,known_visit,ACBBA,ideal,1.0,19,361,4,10,acbba_h1_ideal,C:\Users\lottj\Desktop\research\decentralized benchmark\commitment-horizon-study\reference_core_benchmark_pilot\known_visit_10target_300.csv,2,18,9,34.61150129248539,34.61150129248539,01,01,1,0,True,completed
264,known_visit,ACBBA,ideal,1.0,19,361,4,10,acbba_h1_ideal,C:\Users\lottj\Desktop\research\decentralized benchmark\commitment-horizon-study\reference_core_benchmark_pilot\known_visit_10target_300.csv,3,2,8,5.579194172261607,5.579194172261607,01,01,1,0,True,completed
264,known_visit,ACBBA,ideal,1.0,19,361,4,10,acbba_h1_ideal,C:\Users\lottj\Desktop\research\decentralized benchmark\commitment-horizon-study\reference_core_benchmark_pilot\known_visit_10target_300.csv,4,12,13,21.071506269727216,21.071506269727216,02,02,1,0,True,completed
264,known_visit,ACBBA,ideal,1.0,19,361,4,10,acbba_h1_ideal,C:\Users\lottj\Desktop\research\decentralized benchmark\commitment-horizon-study\reference_core_benchmark_pilot\known_visit_10target_300.csv,5,8,17,14.169795874016613,14.169795874016613,03,03,1,0,True,completed
264,known_visit,ACBBA,ideal,1.0,19,361,4,10,acbba_h1_ideal,C:\Users\lottj\Desktop\research\decentralized benchmark\commitment-horizon-study\reference_core_benchmark_pilot\known_visit_10target_300.csv,6,14,18,26.6225856463883,26.6225856463883,03,03,1,0,True,completed
264,known_visit,ACBBA,ideal,1.0,19,361,4,10,acbba_h1_ideal,C:\Users\lottj\Desktop\research\decentralized benchmark\commitment-horizon-study\reference_core_benchmark_pilot\known_visit_10target_300.csv,7,17,6,38.25006570933165,38.25006570933165,00,00,1,0,True,completed
264,known_visit,ACBBA,ideal,1.0,19,361,4,10,acbba_h1_ideal,C:\Users\lottj\Desktop\research\decentralized benchmark\commitment-horizon-study\reference_core_benchmark_pilot\known_visit_10target_300.csv,8,12,3,24.23727671594154,24.23727671594154,00,00,1,0,True,completed
264,known_visit,ACBBA,ideal,1.0,19,361,4,10,acbba_h1_ideal,C:\Users\lottj\Desktop\research\decentralized benchmark\commitment-horizon-study\reference_core_benchmark_pilot\known_visit_10target_300.csv,9,12,0,19.03073831084981,19.03073831084981,00,00,1,0,True,completed
264,known_visit,ACBBA,ideal,1.0,19,361,4,10,acbba_h1_ideal,C:\Users\lottj\Desktop\research\decentralized benchmark\commitment-horizon-study\reference_core_benchmark_pilot\known_visit_10target_300.csv,10,1,13,2.138655455354377,2.138655455354377,02,02,1,0,True,completed
265,known_visit,ACBBA,ideal,1.0,19,361,4,10,acbba_h1_ideal,C:\Users\lottj\Desktop\research\decentralized benchmark\commitment-horizon-study\reference_core_benchmark_pilot\known_visit_10target_300.csv,1,8,5,21.06485177812168,21.06485177812168,00,00,1,0,True,completed
265,known_visit,ACBBA,ideal,1.0,19,361,4,10,acbba_h1_ideal,C:\Users\lottj\Desktop\research\decentralized benchmark\commitment-horizon-study\reference_core_benchmark_pilot\known_visit_10target_300.csv,2,10,16,19.121226995061082,19.121226995061082,03,03,1,0,True,completed
265,known_visit,ACBBA,ideal,1.0,19,361,4,10,acbba_h1_ideal,C:\Users\lottj\Desktop\research\decentralized benchmark\commitment-horizon-study\reference_core_benchmark_pilot\known_visit_10target_300.csv,3,15,10,31.70210472391467,31.70210472391467,02,02,1,0,True,completed
265,known_visit,ACBBA,ideal,1.0,19,361,4,10,acbba_h1_ideal,C:\Users\lottj\Desktop\research\decentralized benchmark\commitment-horizon-study\reference_core_benchmark_pilot\known_visit_10target_300.csv,4,4,9,10.70795237366002,10.70795237366002,02,02,1,0,True,completed
265,known_visit,ACBBA,ideal,1.0,19,361,4,10,acbba_h1_ideal,C:\Users\lottj\Desktop\research\decentralized benchmark\commitment-horizon-study\reference_core_benchmark_pilot\known_visit_10target_300.csv,5,17,12,38.19187982651082,38.19187982651082,03,03,1,0,True,completed
265,known_visit,ACBBA,ideal,1.0,19,361,4,10,acbba_h1_ideal,C:\Users\lottj\Desktop\research\decentralized benchmark\commitment-horizon-study\reference_core_benchmark_pilot\known_visit_10target_300.csv,6,4,8,9.1955675875556,9.1955675875556,01,01,1,0,True,completed
265,known_visit,ACBBA,ideal,1.0,19,361,4,10,acbba_h1_ideal,C:\Users\lottj\Desktop\research\decentralized benchmark\commitment-horizon-study\reference_core_benchmark_pilot\known_visit_10target_300.csv,7,18,11,38.89625642414055,38.89625642414055,02,02,1,0,True,completed
265,known_visit,ACBBA,ideal,1.0,19,361,4,10,acbba_h1_ideal,C:\Users\lottj\Desktop\research\decentralized benchmark\commitment-horizon-study\reference_core_benchmark_pilot\known_visit_10target_300.csv,8,15,3,36.87306356984925,36.87306356984925,00,00,1,0,True,completed
265,known_visit,ACBBA,ideal,1.0,19,361,4,10,acbba_h1_ideal,C:\Users\lottj\Desktop\research\decentralized benchmark\commitment-horizon-study\reference_core_benchmark_pilot\known_visit_10target_300.csv,9,18,12,39.94448957971486,39.94448957971486,03,03,1,0,True,completed
265,known_visit,ACBBA,ideal,1.0,19,361,4,10,acbba_h1_ideal,C:\Users\lottj\Desktop\research\decentralized benchmark\commitment-horizon-study\reference_core_benchmark_pilot\known_visit_10target_300.csv,10,1,8,3.9486332915166455,3.9486332915166455,01,01,1,0,True,completed
266,known_visit,ACBBA,ideal,1.0,19,361,4,10,acbba_h1_ideal,C:\Users\lottj\Desktop\research\decentralized benchmark\commitment-horizon-study\reference_core_benchmark_pilot\known_visit_10target_300.csv,1,0,9,3.8272365801226855,3.8272365801226855,01,01,1,0,True,completed
266,known_visit,ACBBA,ideal,1.0,19,361,4,10,acbba_h1_ideal,C:\Users\lottj\Desktop\research\decentralized benchmark\commitment-horizon-study\reference_core_benchmark_pilot\known_visit_10target_300.csv,2,9,9,19.44202127231787,19.44202127231787,02,02,1,0,True,completed
266,known_visit,ACBBA,ideal,1.0,19,361,4,10,acbba_h1_ideal,C:\Users\lottj\Desktop\research\decentralized benchmark\commitment-horizon-study\reference_core_benchmark_pilot\known_visit_10target_300.csv,3,6,17,10.726483087265674,10.726483087265674,03,03,1,0,True,completed
266,known_visit,ACBBA,ideal,1.0,19,361,4,10,acbba_h1_ideal,C:\Users\lottj\Desktop\research\decentralized benchmark\commitment-horizon-study\reference_core_benchmark_pilot\known_visit_10target_300.csv,4,7,16,14.474679774002551,14.474679774002551,03,03,1,0,True,completed
266,known_visit,ACBBA,ideal,1.0,19,361,4,10,acbba_h1_ideal,C:\Users\lottj\Desktop\research\decentralized benchmark\commitment-horizon-study\reference_core_benchmark_pilot\known_visit_10target_300.csv,5,6,10,12.273910212794982,12.273910212794982,02,02,2,1,True,completed
266,known_visit,ACBBA,ideal,1.0,19,361,4,10,acbba_h1_ideal,C:\Users\lottj\Desktop\research\decentralized benchmark\commitment-horizon-study\reference_core_benchmark_pilot\known_visit_10target_300.csv,6,14,10,30.12126118144999,30.12126118144999,01,01,1,0,True,completed
266,known_visit,ACBBA,ideal,1.0,19,361,4,10,acbba_h1_ideal,C:\Users\lottj\Desktop\research\decentralized benchmark\commitment-horizon-study\reference_core_benchmark_pilot\known_visit_10target_300.csv,7,14,15,36.21983105604706,36.21983105604706,03,03,1,0,True,completed
266,known_visit,ACBBA,ideal,1.0,19,361,4,10,acbba_h1_ideal,C:\Users\lottj\Desktop\research\decentralized benchmark\commitment-horizon-study\reference_core_benchmark_pilot\known_visit_10target_300.csv,8,17,10,35.05385546733107,35.05385546733107,01,01,2,1,True,completed
266,known_visit,ACBBA,ideal,1.0,19,361,4,10,acbba_h1_ideal,C:\Users\lottj\Desktop\research\decentralized benchmark\commitment-horizon-study\reference_core_benchmark_pilot\known_visit_10target_300.csv,9,18,18,48.2275688111597,48.2275688111597,03,03,1,0,True,completed
266,known_visit,ACBBA,ideal,1.0,19,361,4,10,acbba_h1_ideal,C:\Users\lottj\Desktop\research\decentralized benchmark\commitment-horizon-study\reference_core_benchmark_pilot\known_visit_10target_300.csv,10,12,13,28.854099706945895,28.854099706945895,03,03,1,0,True,completed
267,known_visit,ACBBA,ideal,1.0,19,361,4,10,acbba_h1_ideal,C:\Users\lottj\Desktop\research\decentralized benchmark\commitment-horizon-study\reference_core_benchmark_pilot\known_visit_10target_300.csv,1,2,8,13.454473815172456,13.454473815172456,01,01,1,0,True,completed
267,known_visit,ACBBA,ideal,1.0,19,361,4,10,acbba_h1_ideal,C:\Users\lottj\Desktop\research\decentralized benchmark\commitment-horizon-study\reference_core_benchmark_pilot\known_visit_10target_300.csv,2,7,18,10.196908302784747,10.196908302784747,03,03,1,0,True,completed
267,known_visit,ACBBA,ideal,1.0,19,361,4,10,acbba_h1_ideal,C:\Users\lottj\Desktop\research\decentralized benchmark\commitment-horizon-study\reference_core_benchmark_pilot\known_visit_10target_300.csv,3,7,15,15.737580538491091,15.737580538491091,03,03,1,0,True,completed
267,known_visit,ACBBA,ideal,1.0,19,361,4,10,acbba_h1_ideal,C:\Users\lottj\Desktop\research\decentralized benchmark\commitment-horizon-study\reference_core_benchmark_pilot\known_visit_10target_300.csv,4,8,6,26.623732666235835,26.623732666235835,00,00,1,0,True,completed
267,known_visit,ACBBA,ideal,1.0,19,361,4,10,acbba_h1_ideal,C:\Users\lottj\Desktop\research\decentralized benchmark\commitment-horizon-study\reference_core_benchmark_pilot\known_visit_10target_300.csv,5,2,5,3.898199341620605,3.898199341620605,01,01,2,1,True,completed
267,known_visit,ACBBA,ideal,1.0,19,361,4,10,acbba_h1_ideal,C:\Users\lottj\Desktop\research\decentralized benchmark\commitment-horizon-study\reference_core_benchmark_pilot\known_visit_10target_300.csv,6,13,11,29.995162648459214,29.995162648459214,02,02,1,0,True,completed
267,known_visit,ACBBA,ideal,1.0,19,361,4,10,acbba_h1_ideal,C:\Users\lottj\Desktop\research\decentralized benchmark\commitment-horizon-study\reference_core_benchmark_pilot\known_visit_10target_300.csv,7,16,5,45.5575638757103,45.5575638757103,02,02,1,0,True,completed
267,known_visit,ACBBA,ideal,1.0,19,361,4,10,acbba_h1_ideal,C:\Users\lottj\Desktop\research\decentralized benchmark\commitment-horizon-study\reference_core_benchmark_pilot\known_visit_10target_300.csv,8,4,7,17.563800872824906,17.563800872824906,00,00,1,0,True,completed
267,known_visit,ACBBA,ideal,1.0,19,361,4,10,acbba_h1_ideal,C:\Users\lottj\Desktop\research\decentralized benchmark\commitment-horizon-study\reference_core_benchmark_pilot\known_visit_10target_300.csv,9,0,14,2.1423292097882194,2.1423292097882194,02,02,1,0,True,completed
267,known_visit,ACBBA,ideal,1.0,19,361,4,10,acbba_h1_ideal,C:\Users\lottj\Desktop\research\decentralized benchmark\commitment-horizon-study\reference_core_benchmark_pilot\known_visit_10target_300.csv,10,10,4,33.888090136161864,33.888090136161864,00,00,1,0,True,completed
268,known_visit,ACBBA,ideal,1.0,19,361,4,10,acbba_h1_ideal,C:\Users\lottj\Desktop\research\decentralized benchmark\commitment-horizon-study\reference_core_benchmark_pilot\known_visit_10target_300.csv,1,16,13,38.34597772180858,38.34597772180858,01,01,1,0,True,completed
268,known_visit,ACBBA,ideal,1.0,19,361,4,10,acbba_h1_ideal,C:\Users\lottj\Desktop\research\decentralized benchmark\commitment-horizon-study\reference_core_benchmark_pilot\known_visit_10target_300.csv,2,15,3,29.53413588476088,29.53413588476088,00,00,1,0,True,completed
268,known_visit,ACBBA,ideal,1.0,19,361,4,10,acbba_h1_ideal,C:\Users\lottj\Desktop\research\decentralized benchmark\commitment-horizon-study\reference_core_benchmark_pilot\known_visit_10target_300.csv,3,4,16,8.863292096271929,8.863292096271929,03,03,1,0,True,completed
268,known_visit,ACBBA,ideal,1.0,19,361,4,10,acbba_h1_ideal,C:\Users\lottj\Desktop\research\decentralized benchmark\commitment-horizon-study\reference_core_benchmark_pilot\known_visit_10target_300.csv,4,1,14,3.9386937689888946,3.9386937689888946,02,02,1,0,True,completed
268,known_visit,ACBBA,ideal,1.0,19,361,4,10,acbba_h1_ideal,C:\Users\lottj\Desktop\research\decentralized benchmark\commitment-horizon-study\reference_core_benchmark_pilot\known_visit_10target_300.csv,5,9,14,21.13903685518106,21.13903685518106,03,03,1,0,True,completed
268,known_visit,ACBBA,ideal,1.0,19,361,4,10,acbba_h1_ideal,C:\Users\lottj\Desktop\research\decentralized benchmark\commitment-horizon-study\reference_core_benchmark_pilot\known_visit_10target_300.csv,6,15,13,36.253689397846074,36.253689397846074,01,01,1,0,True,completed
268,known_visit,ACBBA,ideal,1.0,19,361,4,10,acbba_h1_ideal,C:\Users\lottj\Desktop\research\decentralized benchmark\commitment-horizon-study\reference_core_benchmark_pilot\known_visit_10target_300.csv,7,11,17,29.908328638511307,29.908328638511307,03,03,1,0,True,completed
268,known_visit,ACBBA,ideal,1.0,19,361,4,10,acbba_h1_ideal,C:\Users\lottj\Desktop\research\decentralized benchmark\commitment-horizon-study\reference_core_benchmark_pilot\known_visit_10target_300.csv,8,18,12,43.74956099921166,43.74956099921166,01,01,1,0,True,completed
268,known_visit,ACBBA,ideal,1.0,19,361,4,10,acbba_h1_ideal,C:\Users\lottj\Desktop\research\decentralized benchmark\commitment-horizon-study\reference_core_benchmark_pilot\known_visit_10target_300.csv,9,5,9,12.421221381893345,12.421221381893345,01,01,1,0,True,completed
268,known_visit,ACBBA,ideal,1.0,19,361,4,10,acbba_h1_ideal,C:\Users\lottj\Desktop\research\decentralized benchmark\commitment-horizon-study\reference_core_benchmark_pilot\known_visit_10target_300.csv,10,1,7,2.191293491405096,2.191293491405096,01,01,1,0,True,completed
269,known_visit,ACBBA,ideal,1.0,19,361,4,10,acbba_h1_ideal,C:\Users\lottj\Desktop\research\decentralized benchmark\commitment-horizon-study\reference_core_benchmark_pilot\known_visit_10target_300.csv,1,14,11,32.180234441973695,32.180234441973695,02,02,1,0,True,completed
269,known_visit,ACBBA,ideal,1.0,19,361,4,10,acbba_h1_ideal,C:\Users\lottj\Desktop\research\decentralized benchmark\commitment-horizon-study\reference_core_benchmark_pilot\known_visit_10target_300.csv,2,4,8,9.227716034542436,9.227716034542436,01,01,1,0,True,completed
269,known_visit,ACBBA,ideal,1.0,19,361,4,10,acbba_h1_ideal,C:\Users\lottj\Desktop\research\decentralized benchmark\commitment-horizon-study\reference_core_benchmark_pilot\known_visit_10target_300.csv,3,8,12,22.7288963640039,22.7288963640039,03,03,2,1,True,completed
269,known_visit,ACBBA,ideal,1.0,19,361,4,10,acbba_h1_ideal,C:\Users\lottj\Desktop\research\decentralized benchmark\commitment-horizon-study\reference_core_benchmark_pilot\known_visit_10target_300.csv,4,13,17,39.68784098861448,39.68784098861448,03,03,1,0,True,completed
269,known_visit,ACBBA,ideal,1.0,19,361,4,10,acbba_h1_ideal,C:\Users\lottj\Desktop\research\decentralized benchmark\commitment-horizon-study\reference_core_benchmark_pilot\known_visit_10target_300.csv,5,6,14,15.827812473172035,15.827812473172035,03,03,1,0,True,completed
269,known_visit,ACBBA,ideal,1.0,19,361,4,10,acbba_h1_ideal,C:\Users\lottj\Desktop\research\decentralized benchmark\commitment-horizon-study\reference_core_benchmark_pilot\known_visit_10target_300.csv,6,8,1,14.07833516128508,14.07833516128508,00,00,1,0,True,completed
269,known_visit,ACBBA,ideal,1.0,19,361,4,10,acbba_h1_ideal,C:\Users\lottj\Desktop\research\decentralized benchmark\commitment-horizon-study\reference_core_benchmark_pilot\known_visit_10target_300.csv,7,5,5,16.399564774474833,16.399564774474833,01,01,1,0,True,completed
269,known_visit,ACBBA,ideal,1.0,19,361,4,10,acbba_h1_ideal,C:\Users\lottj\Desktop\research\decentralized benchmark\commitment-horizon-study\reference_core_benchmark_pilot\known_visit_10target_300.csv,8,0,7,0.4083598506455238,0.4083598506455238,01,01,1,0,True,completed
269,known_visit,ACBBA,ideal,1.0,19,361,4,10,acbba_h1_ideal,C:\Users\lottj\Desktop\research\decentralized benchmark\commitment-horizon-study\reference_core_benchmark_pilot\known_visit_10target_300.csv,9,9,12,24.359701488817404,24.359701488817404,03,03,1,0,True,completed
269,known_visit,ACBBA,ideal,1.0,19,361,4,10,acbba_h1_ideal,C:\Users\lottj\Desktop\research\decentralized benchmark\commitment-horizon-study\reference_core_benchmark_pilot\known_visit_10target_300.csv,10,15,18,45.10721536897666,45.10721536897666,03,03,1,0,True,completed
270,known_visit,ACBBA,ideal,1.0,19,361,4,10,acbba_h1_ideal,C:\Users\lottj\Desktop\research\decentralized benchmark\commitment-horizon-study\reference_core_benchmark_pilot\known_visit_10target_300.csv,1,17,1,33.574357684833814,33.574357684833814,00,00,1,0,True,completed
270,known_visit,ACBBA,ideal,1.0,19,361,4,10,acbba_h1_ideal,C:\Users\lottj\Desktop\research\decentralized benchmark\commitment-horizon-study\reference_core_benchmark_pilot\known_visit_10target_300.csv,2,10,0,15.560596093188597,15.560596093188597,00,00,1,0,True,completed
270,known_visit,ACBBA,ideal,1.0,19,361,4,10,acbba_h1_ideal,C:\Users\lottj\Desktop\research\decentralized benchmark\commitment-horizon-study\reference_core_benchmark_pilot\known_visit_10target_300.csv,3,9,5,23.999602462208028,23.999602462208028,01,01,1,0,True,completed
270,known_visit,ACBBA,ideal,1.0,19,361,4,10,acbba_h1_ideal,C:\Users\lottj\Desktop\research\decentralized benchmark\commitment-horizon-study\reference_core_benchmark_pilot\known_visit_10target_300.csv,4,4,16,8.788390658577388,8.788390658577388,03,03,1,0,True,completed
270,known_visit,ACBBA,ideal,1.0,19,361,4,10,acbba_h1_ideal,C:\Users\lottj\Desktop\research\decentralized benchmark\commitment-horizon-study\reference_core_benchmark_pilot\known_visit_10target_300.csv,5,15,2,28.107496575410316,28.107496575410316,00,00,1,0,True,completed
270,known_visit,ACBBA,ideal,1.0,19,361,4,10,acbba_h1_ideal,C:\Users\lottj\Desktop\research\decentralized benchmark\commitment-horizon-study\reference_core_benchmark_pilot\known_visit_10target_300.csv,6,0,7,7.209641237026256,7.209641237026256,02,02,1,0,True,completed
270,known_visit,ACBBA,ideal,1.0,19,361,4,10,acbba_h1_ideal,C:\Users\lottj\Desktop\research\decentralized benchmark\commitment-horizon-study\reference_core_benchmark_pilot\known_visit_10target_300.csv,7,1,0,0.17931046627974268,0.17931046627974268,00,00,1,0,True,completed
270,known_visit,ACBBA,ideal,1.0,19,361,4,10,acbba_h1_ideal,C:\Users\lottj\Desktop\research\decentralized benchmark\commitment-horizon-study\reference_core_benchmark_pilot\known_visit_10target_300.csv,8,16,5,36.11494415422477,36.11494415422477,01,01,1,0,True,completed
270,known_visit,ACBBA,ideal,1.0,19,361,4,10,acbba_h1_ideal,C:\Users\lottj\Desktop\research\decentralized benchmark\commitment-horizon-study\reference_core_benchmark_pilot\known_visit_10target_300.csv,9,0,5,0.4247048553431313,0.4247048553431313,01,01,2,1,True,completed
270,known_visit,ACBBA,ideal,1.0,19,361,4,10,acbba_h1_ideal,C:\Users\lottj\Desktop\research\decentralized benchmark\commitment-horizon-study\reference_core_benchmark_pilot\known_visit_10target_300.csv,10,15,16,27.751167742162558,27.751167742162558,03,03,1,0,True,completed
271,known_visit,ACBBA,ideal,1.0,19,361,4,10,acbba_h1_ideal,C:\Users\lottj\Desktop\research\decentralized benchmark\commitment-horizon-study\reference_core_benchmark_pilot\known_visit_10target_300.csv,1,13,4,27.724899717338864,27.724899717338864,00,00,1,0,True,completed
271,known_visit,ACBBA,ideal,1.0,19,361,4,10,acbba_h1_ideal,C:\Users\lottj\Desktop\research\decentralized benchmark\commitment-horizon-study\reference_core_benchmark_pilot\known_visit_10target_300.csv,2,18,17,35.58831753363308,35.58831753363308,03,03,1,0,True,completed
271,known_visit,ACBBA,ideal,1.0,19,361,4,10,acbba_h1_ideal,C:\Users\lottj\Desktop\research\decentralized benchmark\commitment-horizon-study\reference_core_benchmark_pilot\known_visit_10target_300.csv,3,15,9,30.340651979148,30.340651979148,02,02,1,0,True,completed
271,known_visit,ACBBA,ideal,1.0,19,361,4,10,acbba_h1_ideal,C:\Users\lottj\Desktop\research\decentralized benchmark\commitment-horizon-study\reference_core_benchmark_pilot\known_visit_10target_300.csv,4,11,16,21.013029638312265,21.013029638312265,03,03,1,0,True,completed
271,known_visit,ACBBA,ideal,1.0,19,361,4,10,acbba_h1_ideal,C:\Users\lottj\Desktop\research\decentralized benchmark\commitment-horizon-study\reference_core_benchmark_pilot\known_visit_10target_300.csv,5,6,7,11.027216307244386,11.027216307244386,01,01,1,0,True,completed
271,known_visit,ACBBA,ideal,1.0,19,361,4,10,acbba_h1_ideal,C:\Users\lottj\Desktop\research\decentralized benchmark\commitment-horizon-study\reference_core_benchmark_pilot\known_visit_10target_300.csv,6,5,0,6.981289708430699,6.981289708430699,00,00,1,0,True,completed
271,known_visit,ACBBA,ideal,1.0,19,361,4,10,acbba_h1_ideal,C:\Users\lottj\Desktop\research\decentralized benchmark\commitment-horizon-study\reference_core_benchmark_pilot\known_visit_10target_300.csv,7,7,18,10.683325597026874,10.683325597026874,03,03,1,0,True,completed
271,known_visit,ACBBA,ideal,1.0,19,361,4,10,acbba_h1_ideal,C:\Users\lottj\Desktop\research\decentralized benchmark\commitment-horizon-study\reference_core_benchmark_pilot\known_visit_10target_300.csv,8,16,17,31.86301258838841,31.86301258838841,03,03,1,0,True,completed
271,known_visit,ACBBA,ideal,1.0,19,361,4,10,acbba_h1_ideal,C:\Users\lottj\Desktop\research\decentralized benchmark\commitment-horizon-study\reference_core_benchmark_pilot\known_visit_10target_300.csv,9,9,0,13.780605371202354,13.780605371202354,00,00,1,0,True,completed
271,known_visit,ACBBA,ideal,1.0,19,361,4,10,acbba_h1_ideal,C:\Users\lottj\Desktop\research\decentralized benchmark\commitment-horizon-study\reference_core_benchmark_pilot\known_visit_10target_300.csv,10,11,0,17.25585091913085,17.25585091913085,00,00,1,0,True,completed
272,known_visit,ACBBA,ideal,1.0,19,361,4,10,acbba_h1_ideal,C:\Users\lottj\Desktop\research\decentralized benchmark\commitment-horizon-study\reference_core_benchmark_pilot\known_visit_10target_300.csv,1,10,16,19.126998773377373,19.126998773377373,03,03,1,0,True,completed
272,known_visit,ACBBA,ideal,1.0,19,361,4,10,acbba_h1_ideal,C:\Users\lottj\Desktop\research\decentralized benchmark\commitment-horizon-study\reference_core_benchmark_pilot\known_visit_10target_300.csv,2,10,4,23.18523510097314,23.18523510097314,00,00,1,0,True,completed
272,known_visit,ACBBA,ideal,1.0,19,361,4,10,acbba_h1_ideal,C:\Users\lottj\Desktop\research\decentralized benchmark\commitment-horizon-study\reference_core_benchmark_pilot\known_visit_10target_300.csv,3,8,8,15.724436641384592,15.724436641384592,01,01,1,0,True,completed
272,known_visit,ACBBA,ideal,1.0,19,361,4,10,acbba_h1_ideal,C:\Users\lottj\Desktop\research\decentralized benchmark\commitment-horizon-study\reference_core_benchmark_pilot\known_visit_10target_300.csv,4,8,6,12.151364855926074,12.151364855926074,01,01,1,0,True,completed
272,known_visit,ACBBA,ideal,1.0,19,361,4,10,acbba_h1_ideal,C:\Users\lottj\Desktop\research\decentralized benchmark\commitment-horizon-study\reference_core_benchmark_pilot\known_visit_10target_300.csv,5,13,10,28.50632797499284,28.50632797499284,01,01,1,0,True,completed
272,known_visit,ACBBA,ideal,1.0,19,361,4,10,acbba_h1_ideal,C:\Users\lottj\Desktop\research\decentralized benchmark\commitment-horizon-study\reference_core_benchmark_pilot\known_visit_10target_300.csv,6,11,13,23.023428597065873,23.023428597065873,02,02,1,0,True,completed
272,known_visit,ACBBA,ideal,1.0,19,361,4,10,acbba_h1_ideal,C:\Users\lottj\Desktop\research\decentralized benchmark\commitment-horizon-study\reference_core_benchmark_pilot\known_visit_10target_300.csv,7,16,9,35.770216212779076,35.770216212779076,01,01,1,0,True,completed
272,known_visit,ACBBA,ideal,1.0,19,361,4,10,acbba_h1_ideal,C:\Users\lottj\Desktop\research\decentralized benchmark\commitment-horizon-study\reference_core_benchmark_pilot\known_visit_10target_300.csv,8,12,9,24.686958945447614,24.686958945447614,01,01,1,0,True,completed
272,known_visit,ACBBA,ideal,1.0,19,361,4,10,acbba_h1_ideal,C:\Users\lottj\Desktop\research\decentralized benchmark\commitment-horizon-study\reference_core_benchmark_pilot\known_visit_10target_300.csv,9,7,2,14.171914149746707,14.171914149746707,00,00,1,0,True,completed
272,known_visit,ACBBA,ideal,1.0,19,361,4,10,acbba_h1_ideal,C:\Users\lottj\Desktop\research\decentralized benchmark\commitment-horizon-study\reference_core_benchmark_pilot\known_visit_10target_300.csv,10,16,15,31.38114414304827,31.38114414304827,03,03,1,0,True,completed
273,known_visit,ACBBA,ideal,1.0,19,361,4,10,acbba_h1_ideal,C:\Users\lottj\Desktop\research\decentralized benchmark\commitment-horizon-study\reference_core_benchmark_pilot\known_visit_10target_300.csv,1,14,11,35.60160310128519,35.60160310128519,03,03,1,0,True,completed
273,known_visit,ACBBA,ideal,1.0,19,361,4,10,acbba_h1_ideal,C:\Users\lottj\Desktop\research\decentralized benchmark\commitment-horizon-study\reference_core_benchmark_pilot\known_visit_10target_300.csv,2,3,3,8.81493226912728,8.81493226912728,01,01,1,0,True,completed
273,known_visit,ACBBA,ideal,1.0,19,361,4,10,acbba_h1_ideal,C:\Users\lottj\Desktop\research\decentralized benchmark\commitment-horizon-study\reference_core_benchmark_pilot\known_visit_10target_300.csv,3,13,0,29.045113266113233,29.045113266113233,00,00,1,0,True,completed
273,known_visit,ACBBA,ideal,1.0,19,361,4,10,acbba_h1_ideal,C:\Users\lottj\Desktop\research\decentralized benchmark\commitment-horizon-study\reference_core_benchmark_pilot\known_visit_10target_300.csv,4,13,4,36.38965645730555,36.38965645730555,00,00,1,0,True,completed
273,known_visit,ACBBA,ideal,1.0,19,361,4,10,acbba_h1_ideal,C:\Users\lottj\Desktop\research\decentralized benchmark\commitment-horizon-study\reference_core_benchmark_pilot\known_visit_10target_300.csv,5,8,0,20.209856286283994,20.209856286283994,00,00,1,0,True,completed
273,known_visit,ACBBA,ideal,1.0,19,361,4,10,acbba_h1_ideal,C:\Users\lottj\Desktop\research\decentralized benchmark\commitment-horizon-study\reference_core_benchmark_pilot\known_visit_10target_300.csv,6,3,16,7.192531524327505,7.192531524327505,03,03,1,0,True,completed
273,known_visit,ACBBA,ideal,1.0,19,361,4,10,acbba_h1_ideal,C:\Users\lottj\Desktop\research\decentralized benchmark\commitment-horizon-study\reference_core_benchmark_pilot\known_visit_10target_300.csv,7,9,14,17.754541662394523,17.754541662394523,02,02,1,0,True,completed
273,known_visit,ACBBA,ideal,1.0,19,361,4,10,acbba_h1_ideal,C:\Users\lottj\Desktop\research\decentralized benchmark\commitment-horizon-study\reference_core_benchmark_pilot\known_visit_10target_300.csv,8,8,7,24.650345782792783,24.650345782792783,01,01,1,0,True,completed
273,known_visit,ACBBA,ideal,1.0,19,361,4,10,acbba_h1_ideal,C:\Users\lottj\Desktop\research\decentralized benchmark\commitment-horizon-study\reference_core_benchmark_pilot\known_visit_10target_300.csv,9,11,9,30.01964306727642,30.01964306727642,02,02,1,0,True,completed
273,known_visit,ACBBA,ideal,1.0,19,361,4,10,acbba_h1_ideal,C:\Users\lottj\Desktop\research\decentralized benchmark\commitment-horizon-study\reference_core_benchmark_pilot\known_visit_10target_300.csv,10,12,5,38.845713141426785,38.845713141426785,02,02,1,0,True,completed
274,known_visit,ACBBA,ideal,1.0,19,361,4,10,acbba_h1_ideal,C:\Users\lottj\Desktop\research\decentralized benchmark\commitment-horizon-study\reference_core_benchmark_pilot\known_visit_10target_300.csv,1,8,10,15.679537028200818,15.679537028200818,02,02,1,0,True,completed
274,known_visit,ACBBA,ideal,1.0,19,361,4,10,acbba_h1_ideal,C:\Users\lottj\Desktop\research\decentralized benchmark\commitment-horizon-study\reference_core_benchmark_pilot\known_visit_10target_300.csv,2,6,5,14.495328549751314,14.495328549751314,01,01,1,0,True,completed
274,known_visit,ACBBA,ideal,1.0,19,361,4,10,acbba_h1_ideal,C:\Users\lottj\Desktop\research\decentralized benchmark\commitment-horizon-study\reference_core_benchmark_pilot\known_visit_10target_300.csv,3,13,8,32.075679511995105,32.075679511995105,01,01,1,0,True,completed
274,known_visit,ACBBA,ideal,1.0,19,361,4,10,acbba_h1_ideal,C:\Users\lottj\Desktop\research\decentralized benchmark\commitment-horizon-study\reference_core_benchmark_pilot\known_visit_10target_300.csv,4,0,5,0.5013683780472956,0.5013683780472956,01,01,1,0,True,completed
274,known_visit,ACBBA,ideal,1.0,19,361,4,10,acbba_h1_ideal,C:\Users\lottj\Desktop\research\decentralized benchmark\commitment-horizon-study\reference_core_benchmark_pilot\known_visit_10target_300.csv,5,16,4,33.721731901866974,33.721731901866974,00,00,1,0,True,completed
274,known_visit,ACBBA,ideal,1.0,19,361,4,10,acbba_h1_ideal,C:\Users\lottj\Desktop\research\decentralized benchmark\commitment-horizon-study\reference_core_benchmark_pilot\known_visit_10target_300.csv,6,10,13,25.024691636795882,25.024691636795882,02,02,1,0,True,completed
274,known_visit,ACBBA,ideal,1.0,19,361,4,10,acbba_h1_ideal,C:\Users\lottj\Desktop\research\decentralized benchmark\commitment-horizon-study\reference_core_benchmark_pilot\known_visit_10target_300.csv,7,16,17,31.90877973107414,31.90877973107414,03,03,1,0,True,completed
274,known_visit,ACBBA,ideal,1.0,19,361,4,10,acbba_h1_ideal,C:\Users\lottj\Desktop\research\decentralized benchmark\commitment-horizon-study\reference_core_benchmark_pilot\known_visit_10target_300.csv,8,2,4,5.831085117075978,5.831085117075978,01,01,1,0,True,completed
274,known_visit,ACBBA,ideal,1.0,19,361,4,10,acbba_h1_ideal,C:\Users\lottj\Desktop\research\decentralized benchmark\commitment-horizon-study\reference_core_benchmark_pilot\known_visit_10target_300.csv,9,12,16,22.888048181619194,22.888048181619194,03,03,1,0,True,completed
274,known_visit,ACBBA,ideal,1.0,19,361,4,10,acbba_h1_ideal,C:\Users\lottj\Desktop\research\decentralized benchmark\commitment-horizon-study\reference_core_benchmark_pilot\known_visit_10target_300.csv,10,1,16,3.8776971906180244,3.8776971906180244,03,03,1,0,True,completed
275,known_visit,ACBBA,ideal,1.0,19,361,4,10,acbba_h1_ideal,C:\Users\lottj\Desktop\research\decentralized benchmark\commitment-horizon-study\reference_core_benchmark_pilot\known_visit_10target_300.csv,1,14,13,28.502468034569194,28.502468034569194,02,02,1,0,True,completed
275,known_visit,ACBBA,ideal,1.0,19,361,4,10,acbba_h1_ideal,C:\Users\lottj\Desktop\research\decentralized benchmark\commitment-horizon-study\reference_core_benchmark_pilot\known_visit_10target_300.csv,2,1,11,2.2051274406788934,2.2051274406788934,02,02,1,0,True,completed
275,known_visit,ACBBA,ideal,1.0,19,361,4,10,acbba_h1_ideal,C:\Users\lottj\Desktop\research\decentralized benchmark\commitment-horizon-study\reference_core_benchmark_pilot\known_visit_10target_300.csv,3,18,15,35.16876857358232,35.16876857358232,03,03,1,0,True,completed
275,known_visit,ACBBA,ideal,1.0,19,361,4,10,acbba_h1_ideal,C:\Users\lottj\Desktop\research\decentralized benchmark\commitment-horizon-study\reference_core_benchmark_pilot\known_visit_10target_300.csv,4,1,17,2.213972668634762,2.213972668634762,03,03,1,0,True,completed
275,known_visit,ACBBA,ideal,1.0,19,361,4,10,acbba_h1_ideal,C:\Users\lottj\Desktop\research\decentralized benchmark\commitment-horizon-study\reference_core_benchmark_pilot\known_visit_10target_300.csv,5,4,6,5.396490021422291,5.396490021422291,01,01,1,0,True,completed
275,known_visit,ACBBA,ideal,1.0,19,361,4,10,acbba_h1_ideal,C:\Users\lottj\Desktop\research\decentralized benchmark\commitment-horizon-study\reference_core_benchmark_pilot\known_visit_10target_300.csv,6,2,0,1.9000765194428457,1.9000765194428457,00,00,1,0,True,completed
275,known_visit,ACBBA,ideal,1.0,19,361,4,10,acbba_h1_ideal,C:\Users\lottj\Desktop\research\decentralized benchmark\commitment-horizon-study\reference_core_benchmark_pilot\known_visit_10target_300.csv,7,9,1,15.790063472235962,15.790063472235962,00,00,1,0,True,completed
275,known_visit,ACBBA,ideal,1.0,19,361,4,10,acbba_h1_ideal,C:\Users\lottj\Desktop\research\decentralized benchmark\commitment-horizon-study\reference_core_benchmark_pilot\known_visit_10target_300.csv,8,16,11,34.591095982197714,34.591095982197714,01,01,1,0,True,completed
275,known_visit,ACBBA,ideal,1.0,19,361,4,10,acbba_h1_ideal,C:\Users\lottj\Desktop\research\decentralized benchmark\commitment-horizon-study\reference_core_benchmark_pilot\known_visit_10target_300.csv,9,8,16,16.011849209772652,16.011849209772652,03,03,1,0,True,completed
275,known_visit,ACBBA,ideal,1.0,19,361,4,10,acbba_h1_ideal,C:\Users\lottj\Desktop\research\decentralized benchmark\commitment-horizon-study\reference_core_benchmark_pilot\known_visit_10target_300.csv,10,17,0,31.901034735409038,31.901034735409038,00,00,1,0,True,completed
276,known_visit,ACBBA,ideal,1.0,19,361,4,10,acbba_h1_ideal,C:\Users\lottj\Desktop\research\decentralized benchmark\commitment-horizon-study\reference_core_benchmark_pilot\known_visit_10target_300.csv,1,10,17,18.04052785468378,18.04052785468378,03,03,1,0,True,completed
276,known_visit,ACBBA,ideal,1.0,19,361,4,10,acbba_h1_ideal,C:\Users\lottj\Desktop\research\decentralized benchmark\commitment-horizon-study\reference_core_benchmark_pilot\known_visit_10target_300.csv,2,11,17,19.687160401272706,19.687160401272706,03,03,1,0,True,completed
276,known_visit,ACBBA,ideal,1.0,19,361,4,10,acbba_h1_ideal,C:\Users\lottj\Desktop\research\decentralized benchmark\commitment-horizon-study\reference_core_benchmark_pilot\known_visit_10target_300.csv,3,13,3,43.96434497291136,43.96434497291136,00,00,1,0,True,completed
276,known_visit,ACBBA,ideal,1.0,19,361,4,10,acbba_h1_ideal,C:\Users\lottj\Desktop\research\decentralized benchmark\commitment-horizon-study\reference_core_benchmark_pilot\known_visit_10target_300.csv,4,13,13,27.18893077561248,27.18893077561248,02,02,1,0,True,completed
276,known_visit,ACBBA,ideal,1.0,19,361,4,10,acbba_h1_ideal,C:\Users\lottj\Desktop\research\decentralized benchmark\commitment-horizon-study\reference_core_benchmark_pilot\known_visit_10target_300.csv,5,6,2,12.518743898266623,12.518743898266623,00,00,1,0,True,completed
276,known_visit,ACBBA,ideal,1.0,19,361,4,10,acbba_h1_ideal,C:\Users\lottj\Desktop\research\decentralized benchmark\commitment-horizon-study\reference_core_benchmark_pilot\known_visit_10target_300.csv,6,7,11,19.065021957348456,19.065021957348456,01,01,1,0,True,completed
276,known_visit,ACBBA,ideal,1.0,19,361,4,10,acbba_h1_ideal,C:\Users\lottj\Desktop\research\decentralized benchmark\commitment-horizon-study\reference_core_benchmark_pilot\known_visit_10target_300.csv,7,8,8,26.61455399468362,26.61455399468362,00,00,1,0,True,completed
276,known_visit,ACBBA,ideal,1.0,19,361,4,10,acbba_h1_ideal,C:\Users\lottj\Desktop\research\decentralized benchmark\commitment-horizon-study\reference_core_benchmark_pilot\known_visit_10target_300.csv,8,0,9,3.705054422283188,3.705054422283188,01,01,1,0,True,completed
276,known_visit,ACBBA,ideal,1.0,19,361,4,10,acbba_h1_ideal,C:\Users\lottj\Desktop\research\decentralized benchmark\commitment-horizon-study\reference_core_benchmark_pilot\known_visit_10target_300.csv,9,4,17,7.878597822666062,7.878597822666062,03,03,1,0,True,completed
276,known_visit,ACBBA,ideal,1.0,19,361,4,10,acbba_h1_ideal,C:\Users\lottj\Desktop\research\decentralized benchmark\commitment-horizon-study\reference_core_benchmark_pilot\known_visit_10target_300.csv,10,0,17,0.5257567256257305,0.5257567256257305,03,03,1,0,True,completed
277,known_visit,ACBBA,ideal,1.0,19,361,4,10,acbba_h1_ideal,C:\Users\lottj\Desktop\research\decentralized benchmark\commitment-horizon-study\reference_core_benchmark_pilot\known_visit_10target_300.csv,1,15,16,27.597271075807743,27.597271075807743,03,03,1,0,True,completed
277,known_visit,ACBBA,ideal,1.0,19,361,4,10,acbba_h1_ideal,C:\Users\lottj\Desktop\research\decentralized benchmark\commitment-horizon-study\reference_core_benchmark_pilot\known_visit_10target_300.csv,2,2,5,3.9336843736353515,3.9336843736353515,01,01,1,0,True,completed
277,known_visit,ACBBA,ideal,1.0,19,361,4,10,acbba_h1_ideal,C:\Users\lottj\Desktop\research\decentralized benchmark\commitment-horizon-study\reference_core_benchmark_pilot\known_visit_10target_300.csv,3,13,1,22.96894664554603,22.96894664554603,00,00,1,0,True,completed
277,known_visit,ACBBA,ideal,1.0,19,361,4,10,acbba_h1_ideal,C:\Users\lottj\Desktop\research\decentralized benchmark\commitment-horizon-study\reference_core_benchmark_pilot\known_visit_10target_300.csv,4,4,9,14.805834586202776,14.805834586202776,02,02,1,0,True,completed
277,known_visit,ACBBA,ideal,1.0,19,361,4,10,acbba_h1_ideal,C:\Users\lottj\Desktop\research\decentralized benchmark\commitment-horizon-study\reference_core_benchmark_pilot\known_visit_10target_300.csv,5,14,3,28.503764640348276,28.503764640348276,00,00,1,0,True,completed
277,known_visit,ACBBA,ideal,1.0,19,361,4,10,acbba_h1_ideal,C:\Users\lottj\Desktop\research\decentralized benchmark\commitment-horizon-study\reference_core_benchmark_pilot\known_visit_10target_300.csv,6,11,8,29.17455443414755,29.17455443414755,02,02,1,0,True,completed
277,known_visit,ACBBA,ideal,1.0,19,361,4,10,acbba_h1_ideal,C:\Users\lottj\Desktop\research\decentralized benchmark\commitment-horizon-study\reference_core_benchmark_pilot\known_visit_10target_300.csv,7,16,17,31.307829029317134,31.307829029317134,03,03,1,0,True,completed
277,known_visit,ACBBA,ideal,1.0,19,361,4,10,acbba_h1_ideal,C:\Users\lottj\Desktop\research\decentralized benchmark\commitment-horizon-study\reference_core_benchmark_pilot\known_visit_10target_300.csv,8,9,7,23.98871854303187,23.98871854303187,01,01,1,0,True,completed
277,known_visit,ACBBA,ideal,1.0,19,361,4,10,acbba_h1_ideal,C:\Users\lottj\Desktop\research\decentralized benchmark\commitment-horizon-study\reference_core_benchmark_pilot\known_visit_10target_300.csv,9,4,13,7.534831488427403,7.534831488427403,02,02,1,0,True,completed
277,known_visit,ACBBA,ideal,1.0,19,361,4,10,acbba_h1_ideal,C:\Users\lottj\Desktop\research\decentralized benchmark\commitment-horizon-study\reference_core_benchmark_pilot\known_visit_10target_300.csv,10,2,13,3.7791322321471044,3.7791322321471044,02,02,1,0,True,completed
278,known_visit,ACBBA,ideal,1.0,19,361,4,10,acbba_h1_ideal,C:\Users\lottj\Desktop\research\decentralized benchmark\commitment-horizon-study\reference_core_benchmark_pilot\known_visit_10target_300.csv,1,10,16,19.419273818831336,19.419273818831336,03,03,1,0,True,completed
278,known_visit,ACBBA,ideal,1.0,19,361,4,10,acbba_h1_ideal,C:\Users\lottj\Desktop\research\decentralized benchmark\commitment-horizon-study\reference_core_benchmark_pilot\known_visit_10target_300.csv,2,0,9,3.8448916311909276,3.8448916311909276,02,02,1,0,True,completed
278,known_visit,ACBBA,ideal,1.0,19,361,4,10,acbba_h1_ideal,C:\Users\lottj\Desktop\research\decentralized benchmark\commitment-horizon-study\reference_core_benchmark_pilot\known_visit_10target_300.csv,3,7,7,16.49527814164995,16.49527814164995,01,01,1,0,True,completed
278,known_visit,ACBBA,ideal,1.0,19,361,4,10,acbba_h1_ideal,C:\Users\lottj\Desktop\research\decentralized benchmark\commitment-horizon-study\reference_core_benchmark_pilot\known_visit_10target_300.csv,4,10,17,17.745382020895264,17.745382020895264,03,03,1,0,True,completed
278,known_visit,ACBBA,ideal,1.0,19,361,4,10,acbba_h1_ideal,C:\Users\lottj\Desktop\research\decentralized benchmark\commitment-horizon-study\reference_core_benchmark_pilot\known_visit_10target_300.csv,5,2,2,5.580738574042952,5.580738574042952,00,00,1,0,True,completed
278,known_visit,ACBBA,ideal,1.0,19,361,4,10,acbba_h1_ideal,C:\Users\lottj\Desktop\research\decentralized benchmark\commitment-horizon-study\reference_core_benchmark_pilot\known_visit_10target_300.csv,6,9,12,28.08212278860564,28.08212278860564,03,03,1,0,True,completed
278,known_visit,ACBBA,ideal,1.0,19,361,4,10,acbba_h1_ideal,C:\Users\lottj\Desktop\research\decentralized benchmark\commitment-horizon-study\reference_core_benchmark_pilot\known_visit_10target_300.csv,7,6,4,15.847963824961226,15.847963824961226,00,00,1,0,True,completed
278,known_visit,ACBBA,ideal,1.0,19,361,4,10,acbba_h1_ideal,C:\Users\lottj\Desktop\research\decentralized benchmark\commitment-horizon-study\reference_core_benchmark_pilot\known_visit_10target_300.csv,8,18,2,39.8451322098193,39.8451322098193,00,00,1,0,True,completed
278,known_visit,ACBBA,ideal,1.0,19,361,4,10,acbba_h1_ideal,C:\Users\lottj\Desktop\research\decentralized benchmark\commitment-horizon-study\reference_core_benchmark_pilot\known_visit_10target_300.csv,9,18,13,45.55660817196453,45.55660817196453,03,03,1,0,True,completed
278,known_visit,ACBBA,ideal,1.0,19,361,4,10,acbba_h1_ideal,C:\Users\lottj\Desktop\research\decentralized benchmark\commitment-horizon-study\reference_core_benchmark_pilot\known_visit_10target_300.csv,10,1,7,2.0980187938827353,2.0980187938827353,01,01,2,1,True,completed
279,known_visit,ACBBA,ideal,1.0,19,361,4,10,acbba_h1_ideal,C:\Users\lottj\Desktop\research\decentralized benchmark\commitment-horizon-study\reference_core_benchmark_pilot\known_visit_10target_300.csv,1,4,15,14.219012975509344,14.219012975509344,03,03,1,0,True,completed
279,known_visit,ACBBA,ideal,1.0,19,361,4,10,acbba_h1_ideal,C:\Users\lottj\Desktop\research\decentralized benchmark\commitment-horizon-study\reference_core_benchmark_pilot\known_visit_10target_300.csv,2,0,11,0.44257122257171855,0.44257122257171855,02,02,1,0,True,completed
279,known_visit,ACBBA,ideal,1.0,19,361,4,10,acbba_h1_ideal,C:\Users\lottj\Desktop\research\decentralized benchmark\commitment-horizon-study\reference_core_benchmark_pilot\known_visit_10target_300.csv,3,10,16,26.911103217080313,26.911103217080313,03,03,1,0,True,completed
279,known_visit,ACBBA,ideal,1.0,19,361,4,10,acbba_h1_ideal,C:\Users\lottj\Desktop\research\decentralized benchmark\commitment-horizon-study\reference_core_benchmark_pilot\known_visit_10target_300.csv,4,4,12,9.387742042819404,9.387742042819404,02,02,1,0,True,completed
279,known_visit,ACBBA,ideal,1.0,19,361,4,10,acbba_h1_ideal,C:\Users\lottj\Desktop\research\decentralized benchmark\commitment-horizon-study\reference_core_benchmark_pilot\known_visit_10target_300.csv,5,8,11,21.6684817098869,21.6684817098869,01,01,1,0,True,completed
279,known_visit,ACBBA,ideal,1.0,19,361,4,10,acbba_h1_ideal,C:\Users\lottj\Desktop\research\decentralized benchmark\commitment-horizon-study\reference_core_benchmark_pilot\known_visit_10target_300.csv,6,5,18,6.8460495647119215,6.8460495647119215,03,03,1,0,True,completed
279,known_visit,ACBBA,ideal,1.0,19,361,4,10,acbba_h1_ideal,C:\Users\lottj\Desktop\research\decentralized benchmark\commitment-horizon-study\reference_core_benchmark_pilot\known_visit_10target_300.csv,7,6,4,15.736568259108234,15.736568259108234,00,00,1,0,True,completed
279,known_visit,ACBBA,ideal,1.0,19,361,4,10,acbba_h1_ideal,C:\Users\lottj\Desktop\research\decentralized benchmark\commitment-horizon-study\reference_core_benchmark_pilot\known_visit_10target_300.csv,8,7,11,19.665354147375737,19.665354147375737,01,01,1,0,True,completed
279,known_visit,ACBBA,ideal,1.0,19,361,4,10,acbba_h1_ideal,C:\Users\lottj\Desktop\research\decentralized benchmark\commitment-horizon-study\reference_core_benchmark_pilot\known_visit_10target_300.csv,9,8,3,21.486614310080764,21.486614310080764,00,00,1,0,True,completed
279,known_visit,ACBBA,ideal,1.0,19,361,4,10,acbba_h1_ideal,C:\Users\lottj\Desktop\research\decentralized benchmark\commitment-horizon-study\reference_core_benchmark_pilot\known_visit_10target_300.csv,10,13,18,35.87374071493642,35.87374071493642,03,03,1,0,True,completed
280,known_visit,ACBBA,ideal,1.0,19,361,4,10,acbba_h1_ideal,C:\Users\lottj\Desktop\research\decentralized benchmark\commitment-horizon-study\reference_core_benchmark_pilot\known_visit_10target_300.csv,1,16,17,27.66066581963655,27.66066581963655,03,03,1,0,True,completed
280,known_visit,ACBBA,ideal,1.0,19,361,4,10,acbba_h1_ideal,C:\Users\lottj\Desktop\research\decentralized benchmark\commitment-horizon-study\reference_core_benchmark_pilot\known_visit_10target_300.csv,2,1,3,5.539516147817672,5.539516147817672,00,00,1,0,True,completed
280,known_visit,ACBBA,ideal,1.0,19,361,4,10,acbba_h1_ideal,C:\Users\lottj\Desktop\research\decentralized benchmark\commitment-horizon-study\reference_core_benchmark_pilot\known_visit_10target_300.csv,3,17,15,33.107654106484375,33.107654106484375,03,03,1,0,True,completed
280,known_visit,ACBBA,ideal,1.0,19,361,4,10,acbba_h1_ideal,C:\Users\lottj\Desktop\research\decentralized benchmark\commitment-horizon-study\reference_core_benchmark_pilot\known_visit_10target_300.csv,4,1,5,8.9450007326694,8.9450007326694,00,00,1,0,True,completed
280,known_visit,ACBBA,ideal,1.0,19,361,4,10,acbba_h1_ideal,C:\Users\lottj\Desktop\research\decentralized benchmark\commitment-horizon-study\reference_core_benchmark_pilot\known_visit_10target_300.csv,5,2,13,3.9060344668331832,3.9060344668331832,02,02,1,0,True,completed
280,known_visit,ACBBA,ideal,1.0,19,361,4,10,acbba_h1_ideal,C:\Users\lottj\Desktop\research\decentralized benchmark\commitment-horizon-study\reference_core_benchmark_pilot\known_visit_10target_300.csv,6,0,8,2.1986292372091927,2.1986292372091927,01,01,1,0,True,completed
280,known_visit,ACBBA,ideal,1.0,19,361,4,10,acbba_h1_ideal,C:\Users\lottj\Desktop\research\decentralized benchmark\commitment-horizon-study\reference_core_benchmark_pilot\known_visit_10target_300.csv,7,13,18,20.538887665810194,20.538887665810194,03,03,1,0,True,completed
280,known_visit,ACBBA,ideal,1.0,19,361,4,10,acbba_h1_ideal,C:\Users\lottj\Desktop\research\decentralized benchmark\commitment-horizon-study\reference_core_benchmark_pilot\known_visit_10target_300.csv,8,14,2,36.835891788293935,36.835891788293935,00,00,1,0,True,completed
280,known_visit,ACBBA,ideal,1.0,19,361,4,10,acbba_h1_ideal,C:\Users\lottj\Desktop\research\decentralized benchmark\commitment-horizon-study\reference_core_benchmark_pilot\known_visit_10target_300.csv,9,12,18,18.817469837491366,18.817469837491366,03,03,1,0,True,completed
280,known_visit,ACBBA,ideal,1.0,19,361,4,10,acbba_h1_ideal,C:\Users\lottj\Desktop\research\decentralized benchmark\commitment-horizon-study\reference_core_benchmark_pilot\known_visit_10target_300.csv,10,10,11,21.5634434318107,21.5634434318107,02,02,1,0,True,completed
281,known_visit,ACBBA,ideal,1.0,19,361,4,10,acbba_h1_ideal,C:\Users\lottj\Desktop\research\decentralized benchmark\commitment-horizon-study\reference_core_benchmark_pilot\known_visit_10target_300.csv,1,3,7,12.473189897903191,12.473189897903191,02,02,1,0,True,completed
281,known_visit,ACBBA,ideal,1.0,19,361,4,10,acbba_h1_ideal,C:\Users\lottj\Desktop\research\decentralized benchmark\commitment-horizon-study\reference_core_benchmark_pilot\known_visit_10target_300.csv,2,10,7,24.796668690047422,24.796668690047422,02,02,1,0,True,completed
281,known_visit,ACBBA,ideal,1.0,19,361,4,10,acbba_h1_ideal,C:\Users\lottj\Desktop\research\decentralized benchmark\commitment-horizon-study\reference_core_benchmark_pilot\known_visit_10target_300.csv,3,0,3,3.83173697289273,3.83173697289273,00,00,1,0,True,completed
281,known_visit,ACBBA,ideal,1.0,19,361,4,10,acbba_h1_ideal,C:\Users\lottj\Desktop\research\decentralized benchmark\commitment-horizon-study\reference_core_benchmark_pilot\known_visit_10target_300.csv,4,5,17,8.926608225520285,8.926608225520285,03,03,1,0,True,completed
281,known_visit,ACBBA,ideal,1.0,19,361,4,10,acbba_h1_ideal,C:\Users\lottj\Desktop\research\decentralized benchmark\commitment-horizon-study\reference_core_benchmark_pilot\known_visit_10target_300.csv,5,13,9,33.45906706944231,33.45906706944231,02,02,1,0,True,completed
281,known_visit,ACBBA,ideal,1.0,19,361,4,10,acbba_h1_ideal,C:\Users\lottj\Desktop\research\decentralized benchmark\commitment-horizon-study\reference_core_benchmark_pilot\known_visit_10target_300.csv,6,16,13,34.92840196409369,34.92840196409369,03,03,1,0,True,completed
281,known_visit,ACBBA,ideal,1.0,19,361,4,10,acbba_h1_ideal,C:\Users\lottj\Desktop\research\decentralized benchmark\commitment-horizon-study\reference_core_benchmark_pilot\known_visit_10target_300.csv,7,11,14,24.56599357396051,24.56599357396051,03,03,1,0,True,completed
281,known_visit,ACBBA,ideal,1.0,19,361,4,10,acbba_h1_ideal,C:\Users\lottj\Desktop\research\decentralized benchmark\commitment-horizon-study\reference_core_benchmark_pilot\known_visit_10target_300.csv,8,1,2,7.79126431829495,7.79126431829495,00,00,1,0,True,completed
281,known_visit,ACBBA,ideal,1.0,19,361,4,10,acbba_h1_ideal,C:\Users\lottj\Desktop\research\decentralized benchmark\commitment-horizon-study\reference_core_benchmark_pilot\known_visit_10target_300.csv,9,5,0,18.745344281977907,18.745344281977907,00,00,1,0,True,completed
281,known_visit,ACBBA,ideal,1.0,19,361,4,10,acbba_h1_ideal,C:\Users\lottj\Desktop\research\decentralized benchmark\commitment-horizon-study\reference_core_benchmark_pilot\known_visit_10target_300.csv,10,2,1,11.465081221512206,11.465081221512206,00,00,1,0,True,completed
282,known_visit,ACBBA,ideal,1.0,19,361,4,10,acbba_h1_ideal,C:\Users\lottj\Desktop\research\decentralized benchmark\commitment-horizon-study\reference_core_benchmark_pilot\known_visit_10target_300.csv,1,10,16,19.759358915336797,19.759358915336797,03,03,1,0,True,completed
282,known_visit,ACBBA,ideal,1.0,19,361,4,10,acbba_h1_ideal,C:\Users\lottj\Desktop\research\decentralized benchmark\commitment-horizon-study\reference_core_benchmark_pilot\known_visit_10target_300.csv,2,8,0,12.098380926084484,12.098380926084484,00,00,1,0,True,completed
282,known_visit,ACBBA,ideal,1.0,19,361,4,10,acbba_h1_ideal,C:\Users\lottj\Desktop\research\decentralized benchmark\commitment-horizon-study\reference_core_benchmark_pilot\known_visit_10target_300.csv,3,14,3,39.06572830942833,39.06572830942833,00,00,1,0,True,completed
282,known_visit,ACBBA,ideal,1.0,19,361,4,10,acbba_h1_ideal,C:\Users\lottj\Desktop\research\decentralized benchmark\commitment-horizon-study\reference_core_benchmark_pilot\known_visit_10target_300.csv,4,6,3,21.110188696082258,21.110188696082258,00,00,1,0,True,completed
282,known_visit,ACBBA,ideal,1.0,19,361,4,10,acbba_h1_ideal,C:\Users\lottj\Desktop\research\decentralized benchmark\commitment-horizon-study\reference_core_benchmark_pilot\known_visit_10target_300.csv,5,1,11,2.027291397407532,2.027291397407532,02,02,1,0,True,completed
282,known_visit,ACBBA,ideal,1.0,19,361,4,10,acbba_h1_ideal,C:\Users\lottj\Desktop\research\decentralized benchmark\commitment-horizon-study\reference_core_benchmark_pilot\known_visit_10target_300.csv,6,9,10,25.06027153170973,25.06027153170973,01,01,1,0,True,completed
282,known_visit,ACBBA,ideal,1.0,19,361,4,10,acbba_h1_ideal,C:\Users\lottj\Desktop\research\decentralized benchmark\commitment-horizon-study\reference_core_benchmark_pilot\known_visit_10target_300.csv,7,2,13,7.807447145222119,7.807447145222119,02,02,1,0,True,completed
282,known_visit,ACBBA,ideal,1.0,19,361,4,10,acbba_h1_ideal,C:\Users\lottj\Desktop\research\decentralized benchmark\commitment-horizon-study\reference_core_benchmark_pilot\known_visit_10target_300.csv,8,14,0,44.04239369267912,44.04239369267912,00,00,1,0,True,completed
282,known_visit,ACBBA,ideal,1.0,19,361,4,10,acbba_h1_ideal,C:\Users\lottj\Desktop\research\decentralized benchmark\commitment-horizon-study\reference_core_benchmark_pilot\known_visit_10target_300.csv,9,10,8,19.2381611481177,19.2381611481177,01,01,1,0,True,completed
282,known_visit,ACBBA,ideal,1.0,19,361,4,10,acbba_h1_ideal,C:\Users\lottj\Desktop\research\decentralized benchmark\commitment-horizon-study\reference_core_benchmark_pilot\known_visit_10target_300.csv,10,3,17,5.459280941369624,5.459280941369624,03,03,1,0,True,completed
283,known_visit,ACBBA,ideal,1.0,19,361,4,10,acbba_h1_ideal,C:\Users\lottj\Desktop\research\decentralized benchmark\commitment-horizon-study\reference_core_benchmark_pilot\known_visit_10target_300.csv,1,15,3,29.969575819260648,29.969575819260648,00,00,1,0,True,completed
283,known_visit,ACBBA,ideal,1.0,19,361,4,10,acbba_h1_ideal,C:\Users\lottj\Desktop\research\decentralized benchmark\commitment-horizon-study\reference_core_benchmark_pilot\known_visit_10target_300.csv,2,6,2,12.459148092029835,12.459148092029835,00,00,1,0,True,completed
283,known_visit,ACBBA,ideal,1.0,19,361,4,10,acbba_h1_ideal,C:\Users\lottj\Desktop\research\decentralized benchmark\commitment-horizon-study\reference_core_benchmark_pilot\known_visit_10target_300.csv,3,12,10,23.054404129712765,23.054404129712765,02,02,1,0,True,completed
283,known_visit,ACBBA,ideal,1.0,19,361,4,10,acbba_h1_ideal,C:\Users\lottj\Desktop\research\decentralized benchmark\commitment-horizon-study\reference_core_benchmark_pilot\known_visit_10target_300.csv,4,9,17,15.75668277182932,15.75668277182932,03,03,1,0,True,completed
283,known_visit,ACBBA,ideal,1.0,19,361,4,10,acbba_h1_ideal,C:\Users\lottj\Desktop\research\decentralized benchmark\commitment-horizon-study\reference_core_benchmark_pilot\known_visit_10target_300.csv,5,14,15,28.116822831362057,28.116822831362057,03,03,1,0,True,completed
283,known_visit,ACBBA,ideal,1.0,19,361,4,10,acbba_h1_ideal,C:\Users\lottj\Desktop\research\decentralized benchmark\commitment-horizon-study\reference_core_benchmark_pilot\known_visit_10target_300.csv,6,3,6,3.4867767178584477,3.4867767178584477,01,01,1,0,True,completed
283,known_visit,ACBBA,ideal,1.0,19,361,4,10,acbba_h1_ideal,C:\Users\lottj\Desktop\research\decentralized benchmark\commitment-horizon-study\reference_core_benchmark_pilot\known_visit_10target_300.csv,7,6,1,10.740854739646986,10.740854739646986,00,00,1,0,True,completed
283,known_visit,ACBBA,ideal,1.0,19,361,4,10,acbba_h1_ideal,C:\Users\lottj\Desktop\research\decentralized benchmark\commitment-horizon-study\reference_core_benchmark_pilot\known_visit_10target_300.csv,8,13,5,26.263610669348733,26.263610669348733,01,01,1,0,True,completed
283,known_visit,ACBBA,ideal,1.0,19,361,4,10,acbba_h1_ideal,C:\Users\lottj\Desktop\research\decentralized benchmark\commitment-horizon-study\reference_core_benchmark_pilot\known_visit_10target_300.csv,9,4,11,7.407141021076958,7.407141021076958,02,02,1,0,True,completed
283,known_visit,ACBBA,ideal,1.0,19,361,4,10,acbba_h1_ideal,C:\Users\lottj\Desktop\research\decentralized benchmark\commitment-horizon-study\reference_core_benchmark_pilot\known_visit_10target_300.csv,10,15,0,35.39360008335688,35.39360008335688,00,00,1,0,True,completed
284,known_visit,ACBBA,ideal,1.0,19,361,4,10,acbba_h1_ideal,C:\Users\lottj\Desktop\research\decentralized benchmark\commitment-horizon-study\reference_core_benchmark_pilot\known_visit_10target_300.csv,1,6,1,10.850477472724336,10.850477472724336,00,00,1,0,True,completed
284,known_visit,ACBBA,ideal,1.0,19,361,4,10,acbba_h1_ideal,C:\Users\lottj\Desktop\research\decentralized benchmark\commitment-horizon-study\reference_core_benchmark_pilot\known_visit_10target_300.csv,2,5,16,14.642812656985518,14.642812656985518,03,03,1,0,True,completed
284,known_visit,ACBBA,ideal,1.0,19,361,4,10,acbba_h1_ideal,C:\Users\lottj\Desktop\research\decentralized benchmark\commitment-horizon-study\reference_core_benchmark_pilot\known_visit_10target_300.csv,3,16,10,33.46814611519012,33.46814611519012,01,01,1,0,True,completed
284,known_visit,ACBBA,ideal,1.0,19,361,4,10,acbba_h1_ideal,C:\Users\lottj\Desktop\research\decentralized benchmark\commitment-horizon-study\reference_core_benchmark_pilot\known_visit_10target_300.csv,4,11,3,23.515637847975608,23.515637847975608,00,00,1,0,True,completed
284,known_visit,ACBBA,ideal,1.0,19,361,4,10,acbba_h1_ideal,C:\Users\lottj\Desktop\research\decentralized benchmark\commitment-horizon-study\reference_core_benchmark_pilot\known_visit_10target_300.csv,5,4,15,10.696676349062699,10.696676349062699,03,03,1,0,True,completed
284,known_visit,ACBBA,ideal,1.0,19,361,4,10,acbba_h1_ideal,C:\Users\lottj\Desktop\research\decentralized benchmark\commitment-horizon-study\reference_core_benchmark_pilot\known_visit_10target_300.csv,6,2,8,5.507653455250482,5.507653455250482,01,01,1,0,True,completed
284,known_visit,ACBBA,ideal,1.0,19,361,4,10,acbba_h1_ideal,C:\Users\lottj\Desktop\research\decentralized benchmark\commitment-horizon-study\reference_core_benchmark_pilot\known_visit_10target_300.csv,7,1,11,2.52348820861137,2.52348820861137,02,02,1,0,True,completed
284,known_visit,ACBBA,ideal,1.0,19,361,4,10,acbba_h1_ideal,C:\Users\lottj\Desktop\research\decentralized benchmark\commitment-horizon-study\reference_core_benchmark_pilot\known_visit_10target_300.csv,8,0,11,0.42636480225767626,0.42636480225767626,02,02,1,0,True,completed
284,known_visit,ACBBA,ideal,1.0,19,361,4,10,acbba_h1_ideal,C:\Users\lottj\Desktop\research\decentralized benchmark\commitment-horizon-study\reference_core_benchmark_pilot\known_visit_10target_300.csv,9,16,14,33.72619028603392,33.72619028603392,02,02,1,0,True,completed
284,known_visit,ACBBA,ideal,1.0,19,361,4,10,acbba_h1_ideal,C:\Users\lottj\Desktop\research\decentralized benchmark\commitment-horizon-study\reference_core_benchmark_pilot\known_visit_10target_300.csv,10,10,1,18.016129891228235,18.016129891228235,00,00,1,0,True,completed
285,known_visit,ACBBA,ideal,1.0,19,361,4,10,acbba_h1_ideal,C:\Users\lottj\Desktop\research\decentralized benchmark\commitment-horizon-study\reference_core_benchmark_pilot\known_visit_10target_300.csv,1,3,12,3.7073527818807075,3.7073527818807075,02,02,1,0,True,completed
285,known_visit,ACBBA,ideal,1.0,19,361,4,10,acbba_h1_ideal,C:\Users\lottj\Desktop\research\decentralized benchmark\commitment-horizon-study\reference_core_benchmark_pilot\known_visit_10target_300.csv,2,14,14,36.99725077730698,36.99725077730698,02,02,1,0,True,completed
285,known_visit,ACBBA,ideal,1.0,19,361,4,10,acbba_h1_ideal,C:\Users\lottj\Desktop\research\decentralized benchmark\commitment-horizon-study\reference_core_benchmark_pilot\known_visit_10target_300.csv,3,18,3,42.3241668176543,42.3241668176543,01,01,1,0,True,completed
285,known_visit,ACBBA,ideal,1.0,19,361,4,10,acbba_h1_ideal,C:\Users\lottj\Desktop\research\decentralized benchmark\commitment-horizon-study\reference_core_benchmark_pilot\known_visit_10target_300.csv,4,5,15,12.545618034848689,12.545618034848689,02,02,1,0,True,completed
285,known_visit,ACBBA,ideal,1.0,19,361,4,10,acbba_h1_ideal,C:\Users\lottj\Desktop\research\decentralized benchmark\commitment-horizon-study\reference_core_benchmark_pilot\known_visit_10target_300.csv,5,9,3,19.272801246178066,19.272801246178066,01,01,1,0,True,completed
285,known_visit,ACBBA,ideal,1.0,19,361,4,10,acbba_h1_ideal,C:\Users\lottj\Desktop\research\decentralized benchmark\commitment-horizon-study\reference_core_benchmark_pilot\known_visit_10target_300.csv,6,9,17,23.04114603328421,23.04114603328421,02,02,1,0,True,completed
285,known_visit,ACBBA,ideal,1.0,19,361,4,10,acbba_h1_ideal,C:\Users\lottj\Desktop\research\decentralized benchmark\commitment-horizon-study\reference_core_benchmark_pilot\known_visit_10target_300.csv,7,12,5,28.646981393207795,28.646981393207795,01,01,1,0,True,completed
285,known_visit,ACBBA,ideal,1.0,19,361,4,10,acbba_h1_ideal,C:\Users\lottj\Desktop\research\decentralized benchmark\commitment-horizon-study\reference_core_benchmark_pilot\known_visit_10target_300.csv,8,0,16,2.200332781125813,2.200332781125813,03,03,1,0,True,completed
285,known_visit,ACBBA,ideal,1.0,19,361,4,10,acbba_h1_ideal,C:\Users\lottj\Desktop\research\decentralized benchmark\commitment-horizon-study\reference_core_benchmark_pilot\known_visit_10target_300.csv,9,11,4,24.984903925046602,24.984903925046602,01,01,1,0,True,completed
285,known_visit,ACBBA,ideal,1.0,19,361,4,10,acbba_h1_ideal,C:\Users\lottj\Desktop\research\decentralized benchmark\commitment-horizon-study\reference_core_benchmark_pilot\known_visit_10target_300.csv,10,8,2,16.225567941071432,16.225567941071432,00,00,1,0,True,completed
286,known_visit,ACBBA,ideal,1.0,19,361,4,10,acbba_h1_ideal,C:\Users\lottj\Desktop\research\decentralized benchmark\commitment-horizon-study\reference_core_benchmark_pilot\known_visit_10target_300.csv,1,13,15,30.738661660542665,30.738661660542665,03,03,1,0,True,completed
286,known_visit,ACBBA,ideal,1.0,19,361,4,10,acbba_h1_ideal,C:\Users\lottj\Desktop\research\decentralized benchmark\commitment-horizon-study\reference_core_benchmark_pilot\known_visit_10target_300.csv,2,15,12,24.32694066944852,24.32694066944852,02,02,1,0,True,completed
286,known_visit,ACBBA,ideal,1.0,19,361,4,10,acbba_h1_ideal,C:\Users\lottj\Desktop\research\decentralized benchmark\commitment-horizon-study\reference_core_benchmark_pilot\known_visit_10target_300.csv,3,16,7,35.923447123463525,35.923447123463525,01,01,1,0,True,completed
286,known_visit,ACBBA,ideal,1.0,19,361,4,10,acbba_h1_ideal,C:\Users\lottj\Desktop\research\decentralized benchmark\commitment-horizon-study\reference_core_benchmark_pilot\known_visit_10target_300.csv,4,6,7,10.708908190402953,10.708908190402953,01,01,1,0,True,completed
286,known_visit,ACBBA,ideal,1.0,19,361,4,10,acbba_h1_ideal,C:\Users\lottj\Desktop\research\decentralized benchmark\commitment-horizon-study\reference_core_benchmark_pilot\known_visit_10target_300.csv,5,17,6,38.384250729066345,38.384250729066345,00,00,1,0,True,completed
286,known_visit,ACBBA,ideal,1.0,19,361,4,10,acbba_h1_ideal,C:\Users\lottj\Desktop\research\decentralized benchmark\commitment-horizon-study\reference_core_benchmark_pilot\known_visit_10target_300.csv,6,14,5,28.54238241120268,28.54238241120268,01,01,1,0,True,completed
286,known_visit,ACBBA,ideal,1.0,19,361,4,10,acbba_h1_ideal,C:\Users\lottj\Desktop\research\decentralized benchmark\commitment-horizon-study\reference_core_benchmark_pilot\known_visit_10target_300.csv,7,18,10,32.979743265986514,32.979743265986514,02,02,1,0,True,completed
286,known_visit,ACBBA,ideal,1.0,19,361,4,10,acbba_h1_ideal,C:\Users\lottj\Desktop\research\decentralized benchmark\commitment-horizon-study\reference_core_benchmark_pilot\known_visit_10target_300.csv,8,12,18,23.452074808095293,23.452074808095293,03,03,1,0,True,completed
286,known_visit,ACBBA,ideal,1.0,19,361,4,10,acbba_h1_ideal,C:\Users\lottj\Desktop\research\decentralized benchmark\commitment-horizon-study\reference_core_benchmark_pilot\known_visit_10target_300.csv,9,5,0,6.813710368957642,6.813710368957642,00,00,1,0,True,completed
286,known_visit,ACBBA,ideal,1.0,19,361,4,10,acbba_h1_ideal,C:\Users\lottj\Desktop\research\decentralized benchmark\commitment-horizon-study\reference_core_benchmark_pilot\known_visit_10target_300.csv,10,5,17,9.190786596772211,9.190786596772211,03,03,1,0,True,completed
287,known_visit,ACBBA,ideal,1.0,19,361,4,10,acbba_h1_ideal,C:\Users\lottj\Desktop\research\decentralized benchmark\commitment-horizon-study\reference_core_benchmark_pilot\known_visit_10target_300.csv,1,8,1,14.207794855772727,14.207794855772727,00,00,1,0,True,completed
287,known_visit,ACBBA,ideal,1.0,19,361,4,10,acbba_h1_ideal,C:\Users\lottj\Desktop\research\decentralized benchmark\commitment-horizon-study\reference_core_benchmark_pilot\known_visit_10target_300.csv,2,5,14,10.521038204003927,10.521038204003927,02,02,1,0,True,completed
287,known_visit,ACBBA,ideal,1.0,19,361,4,10,acbba_h1_ideal,C:\Users\lottj\Desktop\research\decentralized benchmark\commitment-horizon-study\reference_core_benchmark_pilot\known_visit_10target_300.csv,3,17,1,36.66879062983882,36.66879062983882,00,00,1,0,True,completed
287,known_visit,ACBBA,ideal,1.0,19,361,4,10,acbba_h1_ideal,C:\Users\lottj\Desktop\research\decentralized benchmark\commitment-horizon-study\reference_core_benchmark_pilot\known_visit_10target_300.csv,4,6,0,8.748900407533966,8.748900407533966,00,00,1,0,True,completed
287,known_visit,ACBBA,ideal,1.0,19,361,4,10,acbba_h1_ideal,C:\Users\lottj\Desktop\research\decentralized benchmark\commitment-horizon-study\reference_core_benchmark_pilot\known_visit_10target_300.csv,5,7,17,12.349498426283274,12.349498426283274,03,03,1,0,True,completed
287,known_visit,ACBBA,ideal,1.0,19,361,4,10,acbba_h1_ideal,C:\Users\lottj\Desktop\research\decentralized benchmark\commitment-horizon-study\reference_core_benchmark_pilot\known_visit_10target_300.csv,6,14,7,35.2732159436542,35.2732159436542,01,01,1,0,True,completed
287,known_visit,ACBBA,ideal,1.0,19,361,4,10,acbba_h1_ideal,C:\Users\lottj\Desktop\research\decentralized benchmark\commitment-horizon-study\reference_core_benchmark_pilot\known_visit_10target_300.csv,7,4,4,9.037574216928068,9.037574216928068,01,01,1,0,True,completed
287,known_visit,ACBBA,ideal,1.0,19,361,4,10,acbba_h1_ideal,C:\Users\lottj\Desktop\research\decentralized benchmark\commitment-horizon-study\reference_core_benchmark_pilot\known_visit_10target_300.csv,8,16,3,31.414555571154445,31.414555571154445,00,00,1,0,True,completed
287,known_visit,ACBBA,ideal,1.0,19,361,4,10,acbba_h1_ideal,C:\Users\lottj\Desktop\research\decentralized benchmark\commitment-horizon-study\reference_core_benchmark_pilot\known_visit_10target_300.csv,9,15,13,38.24097867030367,38.24097867030367,02,02,1,0,True,completed
287,known_visit,ACBBA,ideal,1.0,19,361,4,10,acbba_h1_ideal,C:\Users\lottj\Desktop\research\decentralized benchmark\commitment-horizon-study\reference_core_benchmark_pilot\known_visit_10target_300.csv,10,12,3,24.60548054539571,24.60548054539571,00,00,1,0,True,completed
288,known_visit,ACBBA,ideal,1.0,19,361,4,10,acbba_h1_ideal,C:\Users\lottj\Desktop\research\decentralized benchmark\commitment-horizon-study\reference_core_benchmark_pilot\known_visit_10target_300.csv,1,2,3,14.342558915046762,14.342558915046762,00,00,1,0,True,completed
288,known_visit,ACBBA,ideal,1.0,19,361,4,10,acbba_h1_ideal,C:\Users\lottj\Desktop\research\decentralized benchmark\commitment-horizon-study\reference_core_benchmark_pilot\known_visit_10target_300.csv,2,1,9,5.753005875107094,5.753005875107094,02,02,1,0,True,completed
288,known_visit,ACBBA,ideal,1.0,19,361,4,10,acbba_h1_ideal,C:\Users\lottj\Desktop\research\decentralized benchmark\commitment-horizon-study\reference_core_benchmark_pilot\known_visit_10target_300.csv,3,4,0,5.431315390748092,5.431315390748092,00,00,1,0,True,completed
288,known_visit,ACBBA,ideal,1.0,19,361,4,10,acbba_h1_ideal,C:\Users\lottj\Desktop\research\decentralized benchmark\commitment-horizon-study\reference_core_benchmark_pilot\known_visit_10target_300.csv,4,15,8,28.50924481409644,28.50924481409644,01,01,1,0,True,completed
288,known_visit,ACBBA,ideal,1.0,19,361,4,10,acbba_h1_ideal,C:\Users\lottj\Desktop\research\decentralized benchmark\commitment-horizon-study\reference_core_benchmark_pilot\known_visit_10target_300.csv,5,18,3,49.529657338278206,49.529657338278206,02,02,1,0,True,completed
288,known_visit,ACBBA,ideal,1.0,19,361,4,10,acbba_h1_ideal,C:\Users\lottj\Desktop\research\decentralized benchmark\commitment-horizon-study\reference_core_benchmark_pilot\known_visit_10target_300.csv,6,0,9,3.744342185147558,3.744342185147558,02,02,1,0,True,completed
288,known_visit,ACBBA,ideal,1.0,19,361,4,10,acbba_h1_ideal,C:\Users\lottj\Desktop\research\decentralized benchmark\commitment-horizon-study\reference_core_benchmark_pilot\known_visit_10target_300.csv,7,14,15,27.989958131100536,27.989958131100536,03,03,1,0,True,completed
288,known_visit,ACBBA,ideal,1.0,19,361,4,10,acbba_h1_ideal,C:\Users\lottj\Desktop\research\decentralized benchmark\commitment-horizon-study\reference_core_benchmark_pilot\known_visit_10target_300.csv,8,14,1,42.37208906701571,42.37208906701571,01,01,1,0,True,completed
288,known_visit,ACBBA,ideal,1.0,19,361,4,10,acbba_h1_ideal,C:\Users\lottj\Desktop\research\decentralized benchmark\commitment-horizon-study\reference_core_benchmark_pilot\known_visit_10target_300.csv,9,7,2,28.680394509497432,28.680394509497432,00,00,1,0,True,completed
288,known_visit,ACBBA,ideal,1.0,19,361,4,10,acbba_h1_ideal,C:\Users\lottj\Desktop\research\decentralized benchmark\commitment-horizon-study\reference_core_benchmark_pilot\known_visit_10target_300.csv,10,2,10,9.532524261124383,9.532524261124383,02,02,1,0,True,completed
289,known_visit,ACBBA,ideal,1.0,19,361,4,10,acbba_h1_ideal,C:\Users\lottj\Desktop\research\decentralized benchmark\commitment-horizon-study\reference_core_benchmark_pilot\known_visit_10target_300.csv,1,12,5,27.612023946708334,27.612023946708334,00,00,1,0,True,completed
289,known_visit,ACBBA,ideal,1.0,19,361,4,10,acbba_h1_ideal,C:\Users\lottj\Desktop\research\decentralized benchmark\commitment-horizon-study\reference_core_benchmark_pilot\known_visit_10target_300.csv,2,17,6,38.251165609037436,38.251165609037436,00,00,1,0,True,completed
289,known_visit,ACBBA,ideal,1.0,19,361,4,10,acbba_h1_ideal,C:\Users\lottj\Desktop\research\decentralized benchmark\commitment-horizon-study\reference_core_benchmark_pilot\known_visit_10target_300.csv,3,5,12,15.010335433412271,15.010335433412271,02,02,1,0,True,completed
289,known_visit,ACBBA,ideal,1.0,19,361,4,10,acbba_h1_ideal,C:\Users\lottj\Desktop\research\decentralized benchmark\commitment-horizon-study\reference_core_benchmark_pilot\known_visit_10target_300.csv,4,0,9,4.138987223272082,4.138987223272082,01,01,1,0,True,completed
289,known_visit,ACBBA,ideal,1.0,19,361,4,10,acbba_h1_ideal,C:\Users\lottj\Desktop\research\decentralized benchmark\commitment-horizon-study\reference_core_benchmark_pilot\known_visit_10target_300.csv,5,11,18,36.10642796522809,36.10642796522809,03,03,1,0,True,completed
289,known_visit,ACBBA,ideal,1.0,19,361,4,10,acbba_h1_ideal,C:\Users\lottj\Desktop\research\decentralized benchmark\commitment-horizon-study\reference_core_benchmark_pilot\known_visit_10target_300.csv,6,4,13,14.317598453210406,14.317598453210406,03,03,1,0,True,completed
289,known_visit,ACBBA,ideal,1.0,19,361,4,10,acbba_h1_ideal,C:\Users\lottj\Desktop\research\decentralized benchmark\commitment-horizon-study\reference_core_benchmark_pilot\known_visit_10target_300.csv,7,15,12,35.926406200824715,35.926406200824715,01,01,1,0,True,completed
289,known_visit,ACBBA,ideal,1.0,19,361,4,10,acbba_h1_ideal,C:\Users\lottj\Desktop\research\decentralized benchmark\commitment-horizon-study\reference_core_benchmark_pilot\known_visit_10target_300.csv,8,11,14,28.80761120547863,28.80761120547863,03,03,1,0,True,completed
289,known_visit,ACBBA,ideal,1.0,19,361,4,10,acbba_h1_ideal,C:\Users\lottj\Desktop\research\decentralized benchmark\commitment-horizon-study\reference_core_benchmark_pilot\known_visit_10target_300.csv,9,6,14,19.892345385800308,19.892345385800308,03,03,1,0,True,completed
289,known_visit,ACBBA,ideal,1.0,19,361,4,10,acbba_h1_ideal,C:\Users\lottj\Desktop\research\decentralized benchmark\commitment-horizon-study\reference_core_benchmark_pilot\known_visit_10target_300.csv,10,6,2,12.035348367833683,12.035348367833683,00,00,1,0,True,completed
290,known_visit,ACBBA,ideal,1.0,19,361,4,10,acbba_h1_ideal,C:\Users\lottj\Desktop\research\decentralized benchmark\commitment-horizon-study\reference_core_benchmark_pilot\known_visit_10target_300.csv,1,4,2,8.751062380331378,8.751062380331378,00,00,1,0,True,completed
290,known_visit,ACBBA,ideal,1.0,19,361,4,10,acbba_h1_ideal,C:\Users\lottj\Desktop\research\decentralized benchmark\commitment-horizon-study\reference_core_benchmark_pilot\known_visit_10target_300.csv,2,11,8,31.258503205667278,31.258503205667278,00,00,1,0,True,completed
290,known_visit,ACBBA,ideal,1.0,19,361,4,10,acbba_h1_ideal,C:\Users\lottj\Desktop\research\decentralized benchmark\commitment-horizon-study\reference_core_benchmark_pilot\known_visit_10target_300.csv,3,17,11,37.338165477972005,37.338165477972005,01,01,1,0,True,completed
290,known_visit,ACBBA,ideal,1.0,19,361,4,10,acbba_h1_ideal,C:\Users\lottj\Desktop\research\decentralized benchmark\commitment-horizon-study\reference_core_benchmark_pilot\known_visit_10target_300.csv,4,8,10,19.307888692307607,19.307888692307607,01,01,1,0,True,completed
290,known_visit,ACBBA,ideal,1.0,19,361,4,10,acbba_h1_ideal,C:\Users\lottj\Desktop\research\decentralized benchmark\commitment-horizon-study\reference_core_benchmark_pilot\known_visit_10target_300.csv,5,18,10,40.99961828025821,40.99961828025821,01,01,1,0,True,completed
290,known_visit,ACBBA,ideal,1.0,19,361,4,10,acbba_h1_ideal,C:\Users\lottj\Desktop\research\decentralized benchmark\commitment-horizon-study\reference_core_benchmark_pilot\known_visit_10target_300.csv,6,14,14,26.653572750809936,26.653572750809936,02,02,1,0,True,completed
290,known_visit,ACBBA,ideal,1.0,19,361,4,10,acbba_h1_ideal,C:\Users\lottj\Desktop\research\decentralized benchmark\commitment-horizon-study\reference_core_benchmark_pilot\known_visit_10target_300.csv,7,1,13,2.0451091694931107,2.0451091694931107,02,02,1,0,True,completed
290,known_visit,ACBBA,ideal,1.0,19,361,4,10,acbba_h1_ideal,C:\Users\lottj\Desktop\research\decentralized benchmark\commitment-horizon-study\reference_core_benchmark_pilot\known_visit_10target_300.csv,8,0,15,3.9520712797837607,3.9520712797837607,03,03,1,0,True,completed
290,known_visit,ACBBA,ideal,1.0,19,361,4,10,acbba_h1_ideal,C:\Users\lottj\Desktop\research\decentralized benchmark\commitment-horizon-study\reference_core_benchmark_pilot\known_visit_10target_300.csv,9,11,11,26.440028518881313,26.440028518881313,01,01,1,0,True,completed
290,known_visit,ACBBA,ideal,1.0,19,361,4,10,acbba_h1_ideal,C:\Users\lottj\Desktop\research\decentralized benchmark\commitment-horizon-study\reference_core_benchmark_pilot\known_visit_10target_300.csv,10,2,14,5.730315422774286,5.730315422774286,02,02,1,0,True,completed
291,known_visit,ACBBA,ideal,1.0,19,361,4,10,acbba_h1_ideal,C:\Users\lottj\Desktop\research\decentralized benchmark\commitment-horizon-study\reference_core_benchmark_pilot\known_visit_10target_300.csv,1,0,2,2.156442879943165,2.156442879943165,00,00,1,0,True,completed
291,known_visit,ACBBA,ideal,1.0,19,361,4,10,acbba_h1_ideal,C:\Users\lottj\Desktop\research\decentralized benchmark\commitment-horizon-study\reference_core_benchmark_pilot\known_visit_10target_300.csv,2,18,5,35.17229616496055,35.17229616496055,01,01,1,0,True,completed
291,known_visit,ACBBA,ideal,1.0,19,361,4,10,acbba_h1_ideal,C:\Users\lottj\Desktop\research\decentralized benchmark\commitment-horizon-study\reference_core_benchmark_pilot\known_visit_10target_300.csv,3,17,3,32.98511728499705,32.98511728499705,00,00,1,0,True,completed
291,known_visit,ACBBA,ideal,1.0,19,361,4,10,acbba_h1_ideal,C:\Users\lottj\Desktop\research\decentralized benchmark\commitment-horizon-study\reference_core_benchmark_pilot\known_visit_10target_300.csv,4,9,17,15.968933629646537,15.968933629646537,03,03,1,0,True,completed
291,known_visit,ACBBA,ideal,1.0,19,361,4,10,acbba_h1_ideal,C:\Users\lottj\Desktop\research\decentralized benchmark\commitment-horizon-study\reference_core_benchmark_pilot\known_visit_10target_300.csv,5,16,10,36.92927790225139,36.92927790225139,02,02,1,0,True,completed
291,known_visit,ACBBA,ideal,1.0,19,361,4,10,acbba_h1_ideal,C:\Users\lottj\Desktop\research\decentralized benchmark\commitment-horizon-study\reference_core_benchmark_pilot\known_visit_10target_300.csv,6,17,13,36.92811585869705,36.92811585869705,03,03,1,0,True,completed
291,known_visit,ACBBA,ideal,1.0,19,361,4,10,acbba_h1_ideal,C:\Users\lottj\Desktop\research\decentralized benchmark\commitment-horizon-study\reference_core_benchmark_pilot\known_visit_10target_300.csv,7,10,8,22.62247559155828,22.62247559155828,02,02,1,0,True,completed
291,known_visit,ACBBA,ideal,1.0,19,361,4,10,acbba_h1_ideal,C:\Users\lottj\Desktop\research\decentralized benchmark\commitment-horizon-study\reference_core_benchmark_pilot\known_visit_10target_300.csv,8,0,4,2.1761344189176213,2.1761344189176213,01,01,1,0,True,completed
291,known_visit,ACBBA,ideal,1.0,19,361,4,10,acbba_h1_ideal,C:\Users\lottj\Desktop\research\decentralized benchmark\commitment-horizon-study\reference_core_benchmark_pilot\known_visit_10target_300.csv,9,18,1,38.3660582366461,38.3660582366461,00,00,1,0,True,completed
291,known_visit,ACBBA,ideal,1.0,19,361,4,10,acbba_h1_ideal,C:\Users\lottj\Desktop\research\decentralized benchmark\commitment-horizon-study\reference_core_benchmark_pilot\known_visit_10target_300.csv,10,4,4,9.492548225803764,9.492548225803764,01,01,1,0,True,completed
292,known_visit,ACBBA,ideal,1.0,19,361,4,10,acbba_h1_ideal,C:\Users\lottj\Desktop\research\decentralized benchmark\commitment-horizon-study\reference_core_benchmark_pilot\known_visit_10target_300.csv,1,18,0,54.12465059265793,54.12465059265793,00,00,1,0,True,completed
292,known_visit,ACBBA,ideal,1.0,19,361,4,10,acbba_h1_ideal,C:\Users\lottj\Desktop\research\decentralized benchmark\commitment-horizon-study\reference_core_benchmark_pilot\known_visit_10target_300.csv,2,8,10,24.013421522751997,24.013421522751997,01,01,1,0,True,completed
292,known_visit,ACBBA,ideal,1.0,19,361,4,10,acbba_h1_ideal,C:\Users\lottj\Desktop\research\decentralized benchmark\commitment-horizon-study\reference_core_benchmark_pilot\known_visit_10target_300.csv,3,10,17,25.100672438219707,25.100672438219707,03,03,1,0,True,completed
292,known_visit,ACBBA,ideal,1.0,19,361,4,10,acbba_h1_ideal,C:\Users\lottj\Desktop\research\decentralized benchmark\commitment-horizon-study\reference_core_benchmark_pilot\known_visit_10target_300.csv,4,7,15,16.00979402270357,16.00979402270357,03,03,1,0,True,completed
292,known_visit,ACBBA,ideal,1.0,19,361,4,10,acbba_h1_ideal,C:\Users\lottj\Desktop\research\decentralized benchmark\commitment-horizon-study\reference_core_benchmark_pilot\known_visit_10target_300.csv,5,3,3,8.95044039536511,8.95044039536511,00,00,1,0,True,completed
292,known_visit,ACBBA,ideal,1.0,19,361,4,10,acbba_h1_ideal,C:\Users\lottj\Desktop\research\decentralized benchmark\commitment-horizon-study\reference_core_benchmark_pilot\known_visit_10target_300.csv,6,2,18,1.832556218380575,1.832556218380575,03,03,1,0,True,completed
292,known_visit,ACBBA,ideal,1.0,19,361,4,10,acbba_h1_ideal,C:\Users\lottj\Desktop\research\decentralized benchmark\commitment-horizon-study\reference_core_benchmark_pilot\known_visit_10target_300.csv,7,16,1,48.68018217883115,48.68018217883115,00,00,1,0,True,completed
292,known_visit,ACBBA,ideal,1.0,19,361,4,10,acbba_h1_ideal,C:\Users\lottj\Desktop\research\decentralized benchmark\commitment-horizon-study\reference_core_benchmark_pilot\known_visit_10target_300.csv,8,5,14,10.861624525908349,10.861624525908349,02,02,1,0,True,completed
292,known_visit,ACBBA,ideal,1.0,19,361,4,10,acbba_h1_ideal,C:\Users\lottj\Desktop\research\decentralized benchmark\commitment-horizon-study\reference_core_benchmark_pilot\known_visit_10target_300.csv,9,6,7,14.880475024309336,14.880475024309336,01,01,2,1,True,completed
292,known_visit,ACBBA,ideal,1.0,19,361,4,10,acbba_h1_ideal,C:\Users\lottj\Desktop\research\decentralized benchmark\commitment-horizon-study\reference_core_benchmark_pilot\known_visit_10target_300.csv,10,4,8,9.096588442307105,9.096588442307105,01,01,1,0,True,completed
293,known_visit,ACBBA,ideal,1.0,19,361,4,10,acbba_h1_ideal,C:\Users\lottj\Desktop\research\decentralized benchmark\commitment-horizon-study\reference_core_benchmark_pilot\known_visit_10target_300.csv,1,11,9,23.055913167070557,23.055913167070557,01,01,1,0,True,completed
293,known_visit,ACBBA,ideal,1.0,19,361,4,10,acbba_h1_ideal,C:\Users\lottj\Desktop\research\decentralized benchmark\commitment-horizon-study\reference_core_benchmark_pilot\known_visit_10target_300.csv,2,2,18,1.9805904967784747,1.9805904967784747,03,03,1,0,True,completed
293,known_visit,ACBBA,ideal,1.0,19,361,4,10,acbba_h1_ideal,C:\Users\lottj\Desktop\research\decentralized benchmark\commitment-horizon-study\reference_core_benchmark_pilot\known_visit_10target_300.csv,3,0,13,0.4497387279926256,0.4497387279926256,02,02,1,0,True,completed
293,known_visit,ACBBA,ideal,1.0,19,361,4,10,acbba_h1_ideal,C:\Users\lottj\Desktop\research\decentralized benchmark\commitment-horizon-study\reference_core_benchmark_pilot\known_visit_10target_300.csv,4,17,10,39.32450759697106,39.32450759697106,01,01,1,0,True,completed
293,known_visit,ACBBA,ideal,1.0,19,361,4,10,acbba_h1_ideal,C:\Users\lottj\Desktop\research\decentralized benchmark\commitment-horizon-study\reference_core_benchmark_pilot\known_visit_10target_300.csv,5,1,16,7.7204330881931575,7.7204330881931575,02,02,1,0,True,completed
293,known_visit,ACBBA,ideal,1.0,19,361,4,10,acbba_h1_ideal,C:\Users\lottj\Desktop\research\decentralized benchmark\commitment-horizon-study\reference_core_benchmark_pilot\known_visit_10target_300.csv,6,13,8,28.401488539899987,28.401488539899987,01,01,2,1,True,completed
293,known_visit,ACBBA,ideal,1.0,19,361,4,10,acbba_h1_ideal,C:\Users\lottj\Desktop\research\decentralized benchmark\commitment-horizon-study\reference_core_benchmark_pilot\known_visit_10target_300.csv,7,4,18,5.512670254523546,5.512670254523546,03,03,1,0,True,completed
293,known_visit,ACBBA,ideal,1.0,19,361,4,10,acbba_h1_ideal,C:\Users\lottj\Desktop\research\decentralized benchmark\commitment-horizon-study\reference_core_benchmark_pilot\known_visit_10target_300.csv,8,17,16,34.95301142154215,34.95301142154215,02,02,1,0,True,completed
293,known_visit,ACBBA,ideal,1.0,19,361,4,10,acbba_h1_ideal,C:\Users\lottj\Desktop\research\decentralized benchmark\commitment-horizon-study\reference_core_benchmark_pilot\known_visit_10target_300.csv,9,13,12,31.26451932150507,31.26451932150507,03,03,1,0,True,completed
293,known_visit,ACBBA,ideal,1.0,19,361,4,10,acbba_h1_ideal,C:\Users\lottj\Desktop\research\decentralized benchmark\commitment-horizon-study\reference_core_benchmark_pilot\known_visit_10target_300.csv,10,18,13,42.12600115938372,42.12600115938372,03,03,1,0,True,completed
294,known_visit,ACBBA,ideal,1.0,19,361,4,10,acbba_h1_ideal,C:\Users\lottj\Desktop\research\decentralized benchmark\commitment-horizon-study\reference_core_benchmark_pilot\known_visit_10target_300.csv,1,7,9,15.938974711248301,15.938974711248301,02,02,1,0,True,completed
294,known_visit,ACBBA,ideal,1.0,19,361,4,10,acbba_h1_ideal,C:\Users\lottj\Desktop\research\decentralized benchmark\commitment-horizon-study\reference_core_benchmark_pilot\known_visit_10target_300.csv,2,6,6,8.831184955801781,8.831184955801781,01,01,1,0,True,completed
294,known_visit,ACBBA,ideal,1.0,19,361,4,10,acbba_h1_ideal,C:\Users\lottj\Desktop\research\decentralized benchmark\commitment-horizon-study\reference_core_benchmark_pilot\known_visit_10target_300.csv,3,13,13,29.540025433105875,29.540025433105875,03,03,1,0,True,completed
294,known_visit,ACBBA,ideal,1.0,19,361,4,10,acbba_h1_ideal,C:\Users\lottj\Desktop\research\decentralized benchmark\commitment-horizon-study\reference_core_benchmark_pilot\known_visit_10target_300.csv,4,1,1,2.18721281873548,2.18721281873548,00,00,1,0,True,completed
294,known_visit,ACBBA,ideal,1.0,19,361,4,10,acbba_h1_ideal,C:\Users\lottj\Desktop\research\decentralized benchmark\commitment-horizon-study\reference_core_benchmark_pilot\known_visit_10target_300.csv,5,8,10,19.77554712797589,19.77554712797589,02,02,1,0,True,completed
294,known_visit,ACBBA,ideal,1.0,19,361,4,10,acbba_h1_ideal,C:\Users\lottj\Desktop\research\decentralized benchmark\commitment-horizon-study\reference_core_benchmark_pilot\known_visit_10target_300.csv,6,18,9,42.70550662279111,42.70550662279111,01,01,1,0,True,completed
294,known_visit,ACBBA,ideal,1.0,19,361,4,10,acbba_h1_ideal,C:\Users\lottj\Desktop\research\decentralized benchmark\commitment-horizon-study\reference_core_benchmark_pilot\known_visit_10target_300.csv,7,6,9,14.018208352356453,14.018208352356453,02,02,1,0,True,completed
294,known_visit,ACBBA,ideal,1.0,19,361,4,10,acbba_h1_ideal,C:\Users\lottj\Desktop\research\decentralized benchmark\commitment-horizon-study\reference_core_benchmark_pilot\known_visit_10target_300.csv,8,18,13,38.07581555599956,38.07581555599956,03,03,1,0,True,completed
294,known_visit,ACBBA,ideal,1.0,19,361,4,10,acbba_h1_ideal,C:\Users\lottj\Desktop\research\decentralized benchmark\commitment-horizon-study\reference_core_benchmark_pilot\known_visit_10target_300.csv,9,4,0,9.78075879663569,9.78075879663569,00,00,1,0,True,completed
294,known_visit,ACBBA,ideal,1.0,19,361,4,10,acbba_h1_ideal,C:\Users\lottj\Desktop\research\decentralized benchmark\commitment-horizon-study\reference_core_benchmark_pilot\known_visit_10target_300.csv,10,15,6,31.977983204094677,31.977983204094677,01,01,1,0,True,completed
295,known_visit,ACBBA,ideal,1.0,19,361,4,10,acbba_h1_ideal,C:\Users\lottj\Desktop\research\decentralized benchmark\commitment-horizon-study\reference_core_benchmark_pilot\known_visit_10target_300.csv,1,12,15,24.789854528992077,24.789854528992077,03,03,1,0,True,completed
295,known_visit,ACBBA,ideal,1.0,19,361,4,10,acbba_h1_ideal,C:\Users\lottj\Desktop\research\decentralized benchmark\commitment-horizon-study\reference_core_benchmark_pilot\known_visit_10target_300.csv,2,2,2,6.134255782415463,6.134255782415463,00,00,1,0,True,completed
295,known_visit,ACBBA,ideal,1.0,19,361,4,10,acbba_h1_ideal,C:\Users\lottj\Desktop\research\decentralized benchmark\commitment-horizon-study\reference_core_benchmark_pilot\known_visit_10target_300.csv,3,18,12,44.91243027743361,44.91243027743361,03,03,1,0,True,completed
295,known_visit,ACBBA,ideal,1.0,19,361,4,10,acbba_h1_ideal,C:\Users\lottj\Desktop\research\decentralized benchmark\commitment-horizon-study\reference_core_benchmark_pilot\known_visit_10target_300.csv,4,0,3,3.760978285481005,3.760978285481005,01,01,1,0,True,completed
295,known_visit,ACBBA,ideal,1.0,19,361,4,10,acbba_h1_ideal,C:\Users\lottj\Desktop\research\decentralized benchmark\commitment-horizon-study\reference_core_benchmark_pilot\known_visit_10target_300.csv,5,0,10,2.111541676816781,2.111541676816781,02,02,1,0,True,completed
295,known_visit,ACBBA,ideal,1.0,19,361,4,10,acbba_h1_ideal,C:\Users\lottj\Desktop\research\decentralized benchmark\commitment-horizon-study\reference_core_benchmark_pilot\known_visit_10target_300.csv,6,15,11,43.271612233727296,43.271612233727296,02,02,1,0,True,completed
295,known_visit,ACBBA,ideal,1.0,19,361,4,10,acbba_h1_ideal,C:\Users\lottj\Desktop\research\decentralized benchmark\commitment-horizon-study\reference_core_benchmark_pilot\known_visit_10target_300.csv,7,15,16,31.858865423679987,31.858865423679987,03,03,1,0,True,completed
295,known_visit,ACBBA,ideal,1.0,19,361,4,10,acbba_h1_ideal,C:\Users\lottj\Desktop\research\decentralized benchmark\commitment-horizon-study\reference_core_benchmark_pilot\known_visit_10target_300.csv,8,12,6,29.417369827184316,29.417369827184316,02,02,1,0,True,completed
295,known_visit,ACBBA,ideal,1.0,19,361,4,10,acbba_h1_ideal,C:\Users\lottj\Desktop\research\decentralized benchmark\commitment-horizon-study\reference_core_benchmark_pilot\known_visit_10target_300.csv,9,16,14,37.63747118987824,37.63747118987824,03,03,1,0,True,completed
295,known_visit,ACBBA,ideal,1.0,19,361,4,10,acbba_h1_ideal,C:\Users\lottj\Desktop\research\decentralized benchmark\commitment-horizon-study\reference_core_benchmark_pilot\known_visit_10target_300.csv,10,13,0,28.784531458175127,28.784531458175127,00,00,1,0,True,completed
296,known_visit,ACBBA,ideal,1.0,19,361,4,10,acbba_h1_ideal,C:\Users\lottj\Desktop\research\decentralized benchmark\commitment-horizon-study\reference_core_benchmark_pilot\known_visit_10target_300.csv,1,2,14,5.5008051861772955,5.5008051861772955,02,02,1,0,True,completed
296,known_visit,ACBBA,ideal,1.0,19,361,4,10,acbba_h1_ideal,C:\Users\lottj\Desktop\research\decentralized benchmark\commitment-horizon-study\reference_core_benchmark_pilot\known_visit_10target_300.csv,2,15,13,33.43576889172085,33.43576889172085,03,03,1,0,True,completed
296,known_visit,ACBBA,ideal,1.0,19,361,4,10,acbba_h1_ideal,C:\Users\lottj\Desktop\research\decentralized benchmark\commitment-horizon-study\reference_core_benchmark_pilot\known_visit_10target_300.csv,3,1,3,5.319839800764097,5.319839800764097,01,01,1,0,True,completed
296,known_visit,ACBBA,ideal,1.0,19,361,4,10,acbba_h1_ideal,C:\Users\lottj\Desktop\research\decentralized benchmark\commitment-horizon-study\reference_core_benchmark_pilot\known_visit_10target_300.csv,4,2,1,3.706598119859342,3.706598119859342,00,00,1,0,True,completed
296,known_visit,ACBBA,ideal,1.0,19,361,4,10,acbba_h1_ideal,C:\Users\lottj\Desktop\research\decentralized benchmark\commitment-horizon-study\reference_core_benchmark_pilot\known_visit_10target_300.csv,5,9,15,19.32059631756222,19.32059631756222,03,03,1,0,True,completed
296,known_visit,ACBBA,ideal,1.0,19,361,4,10,acbba_h1_ideal,C:\Users\lottj\Desktop\research\decentralized benchmark\commitment-horizon-study\reference_core_benchmark_pilot\known_visit_10target_300.csv,6,14,9,35.26405990279581,35.26405990279581,02,02,1,0,True,completed
296,known_visit,ACBBA,ideal,1.0,19,361,4,10,acbba_h1_ideal,C:\Users\lottj\Desktop\research\decentralized benchmark\commitment-horizon-study\reference_core_benchmark_pilot\known_visit_10target_300.csv,7,18,9,42.10461392700467,42.10461392700467,02,02,1,0,True,completed
296,known_visit,ACBBA,ideal,1.0,19,361,4,10,acbba_h1_ideal,C:\Users\lottj\Desktop\research\decentralized benchmark\commitment-horizon-study\reference_core_benchmark_pilot\known_visit_10target_300.csv,8,17,4,42.45668574051576,42.45668574051576,00,00,1,0,True,completed
296,known_visit,ACBBA,ideal,1.0,19,361,4,10,acbba_h1_ideal,C:\Users\lottj\Desktop\research\decentralized benchmark\commitment-horizon-study\reference_core_benchmark_pilot\known_visit_10target_300.csv,9,5,9,19.678614586177865,19.678614586177865,02,02,1,0,True,completed
296,known_visit,ACBBA,ideal,1.0,19,361,4,10,acbba_h1_ideal,C:\Users\lottj\Desktop\research\decentralized benchmark\commitment-horizon-study\reference_core_benchmark_pilot\known_visit_10target_300.csv,10,6,7,21.36652399092349,21.36652399092349,01,01,1,0,True,completed
297,known_visit,ACBBA,ideal,1.0,19,361,4,10,acbba_h1_ideal,C:\Users\lottj\Desktop\research\decentralized benchmark\commitment-horizon-study\reference_core_benchmark_pilot\known_visit_10target_300.csv,1,4,13,7.514350664426371,7.514350664426371,02,02,1,0,True,completed
297,known_visit,ACBBA,ideal,1.0,19,361,4,10,acbba_h1_ideal,C:\Users\lottj\Desktop\research\decentralized benchmark\commitment-horizon-study\reference_core_benchmark_pilot\known_visit_10target_300.csv,2,3,13,5.81723736314874,5.81723736314874,02,02,1,0,True,completed
297,known_visit,ACBBA,ideal,1.0,19,361,4,10,acbba_h1_ideal,C:\Users\lottj\Desktop\research\decentralized benchmark\commitment-horizon-study\reference_core_benchmark_pilot\known_visit_10target_300.csv,3,7,11,16.654415319816376,16.654415319816376,02,02,1,0,True,completed
297,known_visit,ACBBA,ideal,1.0,19,361,4,10,acbba_h1_ideal,C:\Users\lottj\Desktop\research\decentralized benchmark\commitment-horizon-study\reference_core_benchmark_pilot\known_visit_10target_300.csv,4,1,0,0.1601715152835425,0.1601715152835425,00,00,1,0,True,completed
297,known_visit,ACBBA,ideal,1.0,19,361,4,10,acbba_h1_ideal,C:\Users\lottj\Desktop\research\decentralized benchmark\commitment-horizon-study\reference_core_benchmark_pilot\known_visit_10target_300.csv,5,11,17,30.21734304202274,30.21734304202274,03,03,1,0,True,completed
297,known_visit,ACBBA,ideal,1.0,19,361,4,10,acbba_h1_ideal,C:\Users\lottj\Desktop\research\decentralized benchmark\commitment-horizon-study\reference_core_benchmark_pilot\known_visit_10target_300.csv,6,8,6,12.196623366217514,12.196623366217514,01,01,1,0,True,completed
297,known_visit,ACBBA,ideal,1.0,19,361,4,10,acbba_h1_ideal,C:\Users\lottj\Desktop\research\decentralized benchmark\commitment-horizon-study\reference_core_benchmark_pilot\known_visit_10target_300.csv,7,15,17,41.10025461170534,41.10025461170534,03,03,1,0,True,completed
297,known_visit,ACBBA,ideal,1.0,19,361,4,10,acbba_h1_ideal,C:\Users\lottj\Desktop\research\decentralized benchmark\commitment-horizon-study\reference_core_benchmark_pilot\known_visit_10target_300.csv,8,0,13,0.44961671071246667,0.44961671071246667,02,02,1,0,True,completed
297,known_visit,ACBBA,ideal,1.0,19,361,4,10,acbba_h1_ideal,C:\Users\lottj\Desktop\research\decentralized benchmark\commitment-horizon-study\reference_core_benchmark_pilot\known_visit_10target_300.csv,9,7,9,19.380194299489258,19.380194299489258,01,01,1,0,True,completed
297,known_visit,ACBBA,ideal,1.0,19,361,4,10,acbba_h1_ideal,C:\Users\lottj\Desktop\research\decentralized benchmark\commitment-horizon-study\reference_core_benchmark_pilot\known_visit_10target_300.csv,10,11,18,31.935739333785136,31.935739333785136,03,03,1,0,True,completed
298,known_visit,ACBBA,ideal,1.0,19,361,4,10,acbba_h1_ideal,C:\Users\lottj\Desktop\research\decentralized benchmark\commitment-horizon-study\reference_core_benchmark_pilot\known_visit_10target_300.csv,1,7,4,13.946615149385119,13.946615149385119,01,01,2,1,True,completed
298,known_visit,ACBBA,ideal,1.0,19,361,4,10,acbba_h1_ideal,C:\Users\lottj\Desktop\research\decentralized benchmark\commitment-horizon-study\reference_core_benchmark_pilot\known_visit_10target_300.csv,2,4,1,7.325156280509391,7.325156280509391,00,00,1,0,True,completed
298,known_visit,ACBBA,ideal,1.0,19,361,4,10,acbba_h1_ideal,C:\Users\lottj\Desktop\research\decentralized benchmark\commitment-horizon-study\reference_core_benchmark_pilot\known_visit_10target_300.csv,3,1,13,2.1838579221409318,2.1838579221409318,02,02,1,0,True,completed
298,known_visit,ACBBA,ideal,1.0,19,361,4,10,acbba_h1_ideal,C:\Users\lottj\Desktop\research\decentralized benchmark\commitment-horizon-study\reference_core_benchmark_pilot\known_visit_10target_300.csv,4,6,14,12.812006580422526,12.812006580422526,02,02,1,0,True,completed
298,known_visit,ACBBA,ideal,1.0,19,361,4,10,acbba_h1_ideal,C:\Users\lottj\Desktop\research\decentralized benchmark\commitment-horizon-study\reference_core_benchmark_pilot\known_visit_10target_300.csv,5,17,17,29.483739060359014,29.483739060359014,03,03,1,0,True,completed
298,known_visit,ACBBA,ideal,1.0,19,361,4,10,acbba_h1_ideal,C:\Users\lottj\Desktop\research\decentralized benchmark\commitment-horizon-study\reference_core_benchmark_pilot\known_visit_10target_300.csv,6,9,4,17.766309222117098,17.766309222117098,01,01,1,0,True,completed
298,known_visit,ACBBA,ideal,1.0,19,361,4,10,acbba_h1_ideal,C:\Users\lottj\Desktop\research\decentralized benchmark\commitment-horizon-study\reference_core_benchmark_pilot\known_visit_10target_300.csv,7,9,10,24.702922170205177,24.702922170205177,02,02,1,0,True,completed
298,known_visit,ACBBA,ideal,1.0,19,361,4,10,acbba_h1_ideal,C:\Users\lottj\Desktop\research\decentralized benchmark\commitment-horizon-study\reference_core_benchmark_pilot\known_visit_10target_300.csv,8,18,18,33.52433873366759,33.52433873366759,03,03,1,0,True,completed
298,known_visit,ACBBA,ideal,1.0,19,361,4,10,acbba_h1_ideal,C:\Users\lottj\Desktop\research\decentralized benchmark\commitment-horizon-study\reference_core_benchmark_pilot\known_visit_10target_300.csv,9,16,7,35.15702543003282,35.15702543003282,01,01,1,0,True,completed
298,known_visit,ACBBA,ideal,1.0,19,361,4,10,acbba_h1_ideal,C:\Users\lottj\Desktop\research\decentralized benchmark\commitment-horizon-study\reference_core_benchmark_pilot\known_visit_10target_300.csv,10,12,18,18.8291982416323,18.8291982416323,03,03,1,0,True,completed
299,known_visit,ACBBA,ideal,1.0,19,361,4,10,acbba_h1_ideal,C:\Users\lottj\Desktop\research\decentralized benchmark\commitment-horizon-study\reference_core_benchmark_pilot\known_visit_10target_300.csv,1,15,15,30.265449410783305,30.265449410783305,03,03,1,0,True,completed
299,known_visit,ACBBA,ideal,1.0,19,361,4,10,acbba_h1_ideal,C:\Users\lottj\Desktop\research\decentralized benchmark\commitment-horizon-study\reference_core_benchmark_pilot\known_visit_10target_300.csv,2,3,13,5.527719147211079,5.527719147211079,02,02,1,0,True,completed
299,known_visit,ACBBA,ideal,1.0,19,361,4,10,acbba_h1_ideal,C:\Users\lottj\Desktop\research\decentralized benchmark\commitment-horizon-study\reference_core_benchmark_pilot\known_visit_10target_300.csv,3,15,5,29.911410524177,29.911410524177,01,01,1,0,True,completed
299,known_visit,ACBBA,ideal,1.0,19,361,4,10,acbba_h1_ideal,C:\Users\lottj\Desktop\research\decentralized benchmark\commitment-horizon-study\reference_core_benchmark_pilot\known_visit_10target_300.csv,4,14,0,22.229753896653868,22.229753896653868,00,00,1,0,True,completed
299,known_visit,ACBBA,ideal,1.0,19,361,4,10,acbba_h1_ideal,C:\Users\lottj\Desktop\research\decentralized benchmark\commitment-horizon-study\reference_core_benchmark_pilot\known_visit_10target_300.csv,5,7,12,14.843817506039276,14.843817506039276,02,02,1,0,True,completed
299,known_visit,ACBBA,ideal,1.0,19,361,4,10,acbba_h1_ideal,C:\Users\lottj\Desktop\research\decentralized benchmark\commitment-horizon-study\reference_core_benchmark_pilot\known_visit_10target_300.csv,6,18,16,37.495012029401494,37.495012029401494,03,03,1,0,True,completed
299,known_visit,ACBBA,ideal,1.0,19,361,4,10,acbba_h1_ideal,C:\Users\lottj\Desktop\research\decentralized benchmark\commitment-horizon-study\reference_core_benchmark_pilot\known_visit_10target_300.csv,7,6,16,12.70951214758101,12.70951214758101,03,03,1,0,True,completed
299,known_visit,ACBBA,ideal,1.0,19,361,4,10,acbba_h1_ideal,C:\Users\lottj\Desktop\research\decentralized benchmark\commitment-horizon-study\reference_core_benchmark_pilot\known_visit_10target_300.csv,8,5,18,7.200610300746544,7.200610300746544,03,03,1,0,True,completed
299,known_visit,ACBBA,ideal,1.0,19,361,4,10,acbba_h1_ideal,C:\Users\lottj\Desktop\research\decentralized benchmark\commitment-horizon-study\reference_core_benchmark_pilot\known_visit_10target_300.csv,9,13,4,24.197972696928204,24.197972696928204,01,01,1,0,True,completed
299,known_visit,ACBBA,ideal,1.0,19,361,4,10,acbba_h1_ideal,C:\Users\lottj\Desktop\research\decentralized benchmark\commitment-horizon-study\reference_core_benchmark_pilot\known_visit_10target_300.csv,10,12,16,23.172538725855503,23.172538725855503,03,03,1,0,True,completed
