trial_id,trial_mode,algorithm,comm_model,comm_level,grid_size,grid_cells,robot_count,target_count,condition_id,scenario_file,target_index,target_x,target_y,first_completion_time_s,first_completion_sim_time_s,first_found_by_robot,first_finder_robot_id,total_visits,duplicate_visits,completed,trial_status
0,known_visit,HIPC,bernoulli,drop_0.25,19,361,4,10,hipc_h5_bernoulli_025,C:\Users\lottj\Desktop\research\decentralized benchmark\commitment-horizon-study\reference_core_benchmark_pilot\known_visit_10target_300.csv,1,9,10,25.192469829334247,25.192469829334247,01,01,1,0,True,completed
0,known_visit,HIPC,bernoulli,drop_0.25,19,361,4,10,hipc_h5_bernoulli_025,C:\Users\lottj\Desktop\research\decentralized benchmark\commitment-horizon-study\reference_core_benchmark_pilot\known_visit_10target_300.csv,2,8,11,21.228878906987322,21.228878906987322,01,01,1,0,True,completed
0,known_visit,HIPC,bernoulli,drop_0.25,19,361,4,10,hipc_h5_bernoulli_025,C:\Users\lottj\Desktop\research\decentralized benchmark\commitment-horizon-study\reference_core_benchmark_pilot\known_visit_10target_300.csv,3,2,1,3.8873002548846833,3.8873002548846833,00,00,1,0,True,completed
0,known_visit,HIPC,bernoulli,drop_0.25,19,361,4,10,hipc_h5_bernoulli_025,C:\Users\lottj\Desktop\research\decentralized benchmark\commitment-horizon-study\reference_core_benchmark_pilot\known_visit_10target_300.csv,4,1,7,2.138668814299081,2.138668814299081,01,01,1,0,True,completed
0,known_visit,HIPC,bernoulli,drop_0.25,19,361,4,10,hipc_h5_bernoulli_025,C:\Users\lottj\Desktop\research\decentralized benchmark\commitment-horizon-study\reference_core_benchmark_pilot\known_visit_10target_300.csv,5,17,13,47.93480892528422,47.93480892528422,01,01,1,0,True,completed
0,known_visit,HIPC,bernoulli,drop_0.25,19,361,4,10,hipc_h5_bernoulli_025,C:\Users\lottj\Desktop\research\decentralized benchmark\commitment-horizon-study\reference_core_benchmark_pilot\known_visit_10target_300.csv,6,4,13,11.253289618204114,11.253289618204114,02,02,1,0,True,completed
0,known_visit,HIPC,bernoulli,drop_0.25,19,361,4,10,hipc_h5_bernoulli_025,C:\Users\lottj\Desktop\research\decentralized benchmark\commitment-horizon-study\reference_core_benchmark_pilot\known_visit_10target_300.csv,7,0,11,0.46946749367260543,0.46946749367260543,02,02,1,0,True,completed
0,known_visit,HIPC,bernoulli,drop_0.25,19,361,4,10,hipc_h5_bernoulli_025,C:\Users\lottj\Desktop\research\decentralized benchmark\commitment-horizon-study\reference_core_benchmark_pilot\known_visit_10target_300.csv,8,5,8,10.81855691889405,10.81855691889405,01,01,1,0,True,completed
0,known_visit,HIPC,bernoulli,drop_0.25,19,361,4,10,hipc_h5_bernoulli_025,C:\Users\lottj\Desktop\research\decentralized benchmark\commitment-horizon-study\reference_core_benchmark_pilot\known_visit_10target_300.csv,9,0,13,18.515547369662617,18.515547369662617,02,02,1,0,True,completed
0,known_visit,HIPC,bernoulli,drop_0.25,19,361,4,10,hipc_h5_bernoulli_025,C:\Users\lottj\Desktop\research\decentralized benchmark\commitment-horizon-study\reference_core_benchmark_pilot\known_visit_10target_300.csv,10,14,9,35.76961176916796,35.76961176916796,01,01,1,0,True,completed
1,known_visit,HIPC,bernoulli,drop_0.25,19,361,4,10,hipc_h5_bernoulli_025,C:\Users\lottj\Desktop\research\decentralized benchmark\commitment-horizon-study\reference_core_benchmark_pilot\known_visit_10target_300.csv,1,16,15,43.1185989967459,43.1185989967459,03,03,1,0,True,completed
1,known_visit,HIPC,bernoulli,drop_0.25,19,361,4,10,hipc_h5_bernoulli_025,C:\Users\lottj\Desktop\research\decentralized benchmark\commitment-horizon-study\reference_core_benchmark_pilot\known_visit_10target_300.csv,2,17,5,41.16673347851395,41.16673347851395,00,00,1,0,True,completed
1,known_visit,HIPC,bernoulli,drop_0.25,19,361,4,10,hipc_h5_bernoulli_025,C:\Users\lottj\Desktop\research\decentralized benchmark\commitment-horizon-study\reference_core_benchmark_pilot\known_visit_10target_300.csv,3,14,13,31.623242323211855,31.623242323211855,03,03,1,0,True,completed
1,known_visit,HIPC,bernoulli,drop_0.25,19,361,4,10,hipc_h5_bernoulli_025,C:\Users\lottj\Desktop\research\decentralized benchmark\commitment-horizon-study\reference_core_benchmark_pilot\known_visit_10target_300.csv,4,15,3,29.96330490407953,29.96330490407953,00,00,1,0,True,completed
1,known_visit,HIPC,bernoulli,drop_0.25,19,361,4,10,hipc_h5_bernoulli_025,C:\Users\lottj\Desktop\research\decentralized benchmark\commitment-horizon-study\reference_core_benchmark_pilot\known_visit_10target_300.csv,5,13,7,55.95888231213466,55.95888231213466,00,00,1,0,True,completed
1,known_visit,HIPC,bernoulli,drop_0.25,19,361,4,10,hipc_h5_bernoulli_025,C:\Users\lottj\Desktop\research\decentralized benchmark\commitment-horizon-study\reference_core_benchmark_pilot\known_visit_10target_300.csv,6,11,2,21.093591443686314,21.093591443686314,00,00,1,0,True,completed
1,known_visit,HIPC,bernoulli,drop_0.25,19,361,4,10,hipc_h5_bernoulli_025,C:\Users\lottj\Desktop\research\decentralized benchmark\commitment-horizon-study\reference_core_benchmark_pilot\known_visit_10target_300.csv,7,15,16,38.9508253715109,38.9508253715109,03,03,1,0,True,completed
1,known_visit,HIPC,bernoulli,drop_0.25,19,361,4,10,hipc_h5_bernoulli_025,C:\Users\lottj\Desktop\research\decentralized benchmark\commitment-horizon-study\reference_core_benchmark_pilot\known_visit_10target_300.csv,8,16,6,36.991657148985986,36.991657148985986,00,00,1,0,True,completed
1,known_visit,HIPC,bernoulli,drop_0.25,19,361,4,10,hipc_h5_bernoulli_025,C:\Users\lottj\Desktop\research\decentralized benchmark\commitment-horizon-study\reference_core_benchmark_pilot\known_visit_10target_300.csv,9,9,14,21.047303443422365,21.047303443422365,03,03,1,0,True,completed
1,known_visit,HIPC,bernoulli,drop_0.25,19,361,4,10,hipc_h5_bernoulli_025,C:\Users\lottj\Desktop\research\decentralized benchmark\commitment-horizon-study\reference_core_benchmark_pilot\known_visit_10target_300.csv,10,7,16,13.790089138581006,13.790089138581006,03,03,1,0,True,completed
2,known_visit,HIPC,bernoulli,drop_0.25,19,361,4,10,hipc_h5_bernoulli_025,C:\Users\lottj\Desktop\research\decentralized benchmark\commitment-horizon-study\reference_core_benchmark_pilot\known_visit_10target_300.csv,1,0,4,5.747450313452575,5.747450313452575,00,00,2,1,True,completed
2,known_visit,HIPC,bernoulli,drop_0.25,19,361,4,10,hipc_h5_bernoulli_025,C:\Users\lottj\Desktop\research\decentralized benchmark\commitment-horizon-study\reference_core_benchmark_pilot\known_visit_10target_300.csv,2,8,8,20.18778012287243,20.18778012287243,01,01,1,0,True,completed
2,known_visit,HIPC,bernoulli,drop_0.25,19,361,4,10,hipc_h5_bernoulli_025,C:\Users\lottj\Desktop\research\decentralized benchmark\commitment-horizon-study\reference_core_benchmark_pilot\known_visit_10target_300.csv,3,13,2,31.811524761233184,31.811524761233184,00,00,1,0,True,completed
2,known_visit,HIPC,bernoulli,drop_0.25,19,361,4,10,hipc_h5_bernoulli_025,C:\Users\lottj\Desktop\research\decentralized benchmark\commitment-horizon-study\reference_core_benchmark_pilot\known_visit_10target_300.csv,4,0,2,2.2490615284627813,2.2490615284627813,00,00,2,1,True,completed
2,known_visit,HIPC,bernoulli,drop_0.25,19,361,4,10,hipc_h5_bernoulli_025,C:\Users\lottj\Desktop\research\decentralized benchmark\commitment-horizon-study\reference_core_benchmark_pilot\known_visit_10target_300.csv,5,12,18,59.3267898873205,59.3267898873205,01,01,1,0,True,completed
2,known_visit,HIPC,bernoulli,drop_0.25,19,361,4,10,hipc_h5_bernoulli_025,C:\Users\lottj\Desktop\research\decentralized benchmark\commitment-horizon-study\reference_core_benchmark_pilot\known_visit_10target_300.csv,6,0,9,4.128639551239534,4.128639551239534,01,01,2,1,True,completed
2,known_visit,HIPC,bernoulli,drop_0.25,19,361,4,10,hipc_h5_bernoulli_025,C:\Users\lottj\Desktop\research\decentralized benchmark\commitment-horizon-study\reference_core_benchmark_pilot\known_visit_10target_300.csv,7,16,12,41.50866811549437,41.50866811549437,01,01,1,0,True,completed
2,known_visit,HIPC,bernoulli,drop_0.25,19,361,4,10,hipc_h5_bernoulli_025,C:\Users\lottj\Desktop\research\decentralized benchmark\commitment-horizon-study\reference_core_benchmark_pilot\known_visit_10target_300.csv,8,4,15,10.716255121099207,10.716255121099207,03,03,1,0,True,completed
2,known_visit,HIPC,bernoulli,drop_0.25,19,361,4,10,hipc_h5_bernoulli_025,C:\Users\lottj\Desktop\research\decentralized benchmark\commitment-horizon-study\reference_core_benchmark_pilot\known_visit_10target_300.csv,9,14,2,33.72229121066797,33.72229121066797,00,00,1,0,True,completed
2,known_visit,HIPC,bernoulli,drop_0.25,19,361,4,10,hipc_h5_bernoulli_025,C:\Users\lottj\Desktop\research\decentralized benchmark\commitment-horizon-study\reference_core_benchmark_pilot\known_visit_10target_300.csv,10,12,9,29.175564059655237,29.175564059655237,01,01,1,0,True,completed
3,known_visit,HIPC,bernoulli,drop_0.25,19,361,4,10,hipc_h5_bernoulli_025,C:\Users\lottj\Desktop\research\decentralized benchmark\commitment-horizon-study\reference_core_benchmark_pilot\known_visit_10target_300.csv,1,15,11,41.02622876891989,41.02622876891989,01,01,1,0,True,completed
3,known_visit,HIPC,bernoulli,drop_0.25,19,361,4,10,hipc_h5_bernoulli_025,C:\Users\lottj\Desktop\research\decentralized benchmark\commitment-horizon-study\reference_core_benchmark_pilot\known_visit_10target_300.csv,2,11,8,28.787132538609953,28.787132538609953,01,01,1,0,True,completed
3,known_visit,HIPC,bernoulli,drop_0.25,19,361,4,10,hipc_h5_bernoulli_025,C:\Users\lottj\Desktop\research\decentralized benchmark\commitment-horizon-study\reference_core_benchmark_pilot\known_visit_10target_300.csv,3,11,16,39.69908412864911,39.69908412864911,02,02,1,0,True,completed
3,known_visit,HIPC,bernoulli,drop_0.25,19,361,4,10,hipc_h5_bernoulli_025,C:\Users\lottj\Desktop\research\decentralized benchmark\commitment-horizon-study\reference_core_benchmark_pilot\known_visit_10target_300.csv,4,7,17,30.797917554941087,30.797917554941087,02,02,1,0,True,completed
3,known_visit,HIPC,bernoulli,drop_0.25,19,361,4,10,hipc_h5_bernoulli_025,C:\Users\lottj\Desktop\research\decentralized benchmark\commitment-horizon-study\reference_core_benchmark_pilot\known_visit_10target_300.csv,5,10,5,21.30448777690148,21.30448777690148,01,01,1,0,True,completed
3,known_visit,HIPC,bernoulli,drop_0.25,19,361,4,10,hipc_h5_bernoulli_025,C:\Users\lottj\Desktop\research\decentralized benchmark\commitment-horizon-study\reference_core_benchmark_pilot\known_visit_10target_300.csv,6,0,15,3.7353315243287484,3.7353315243287484,02,02,2,1,True,completed
3,known_visit,HIPC,bernoulli,drop_0.25,19,361,4,10,hipc_h5_bernoulli_025,C:\Users\lottj\Desktop\research\decentralized benchmark\commitment-horizon-study\reference_core_benchmark_pilot\known_visit_10target_300.csv,7,0,13,0.40752572537144527,0.40752572537144527,02,02,2,1,True,completed
3,known_visit,HIPC,bernoulli,drop_0.25,19,361,4,10,hipc_h5_bernoulli_025,C:\Users\lottj\Desktop\research\decentralized benchmark\commitment-horizon-study\reference_core_benchmark_pilot\known_visit_10target_300.csv,8,1,12,11.154868549075438,11.154868549075438,02,02,1,0,True,completed
3,known_visit,HIPC,bernoulli,drop_0.25,19,361,4,10,hipc_h5_bernoulli_025,C:\Users\lottj\Desktop\research\decentralized benchmark\commitment-horizon-study\reference_core_benchmark_pilot\known_visit_10target_300.csv,9,3,14,18.574925173335266,18.574925173335266,02,02,1,0,True,completed
3,known_visit,HIPC,bernoulli,drop_0.25,19,361,4,10,hipc_h5_bernoulli_025,C:\Users\lottj\Desktop\research\decentralized benchmark\commitment-horizon-study\reference_core_benchmark_pilot\known_visit_10target_300.csv,10,2,7,3.7095633380193678,3.7095633380193678,01,01,1,0,True,completed
4,known_visit,HIPC,bernoulli,drop_0.25,19,361,4,10,hipc_h5_bernoulli_025,C:\Users\lottj\Desktop\research\decentralized benchmark\commitment-horizon-study\reference_core_benchmark_pilot\known_visit_10target_300.csv,1,13,1,26.4442300113164,26.4442300113164,00,00,1,0,True,completed
4,known_visit,HIPC,bernoulli,drop_0.25,19,361,4,10,hipc_h5_bernoulli_025,C:\Users\lottj\Desktop\research\decentralized benchmark\commitment-horizon-study\reference_core_benchmark_pilot\known_visit_10target_300.csv,2,17,14,57.00214227971153,57.00214227971153,02,02,1,0,True,completed
4,known_visit,HIPC,bernoulli,drop_0.25,19,361,4,10,hipc_h5_bernoulli_025,C:\Users\lottj\Desktop\research\decentralized benchmark\commitment-horizon-study\reference_core_benchmark_pilot\known_visit_10target_300.csv,3,8,0,11.774580632137331,11.774580632137331,00,00,2,1,True,completed
4,known_visit,HIPC,bernoulli,drop_0.25,19,361,4,10,hipc_h5_bernoulli_025,C:\Users\lottj\Desktop\research\decentralized benchmark\commitment-horizon-study\reference_core_benchmark_pilot\known_visit_10target_300.csv,4,10,2,19.0988620730116,19.0988620730116,00,00,1,0,True,completed
4,known_visit,HIPC,bernoulli,drop_0.25,19,361,4,10,hipc_h5_bernoulli_025,C:\Users\lottj\Desktop\research\decentralized benchmark\commitment-horizon-study\reference_core_benchmark_pilot\known_visit_10target_300.csv,5,16,10,65.6220474958345,65.6220474958345,02,02,1,0,True,completed
4,known_visit,HIPC,bernoulli,drop_0.25,19,361,4,10,hipc_h5_bernoulli_025,C:\Users\lottj\Desktop\research\decentralized benchmark\commitment-horizon-study\reference_core_benchmark_pilot\known_visit_10target_300.csv,6,4,18,16.115059842269297,16.115059842269297,02,02,1,0,True,completed
4,known_visit,HIPC,bernoulli,drop_0.25,19,361,4,10,hipc_h5_bernoulli_025,C:\Users\lottj\Desktop\research\decentralized benchmark\commitment-horizon-study\reference_core_benchmark_pilot\known_visit_10target_300.csv,7,0,17,0.5284193642547109,0.5284193642547109,03,03,1,0,True,completed
4,known_visit,HIPC,bernoulli,drop_0.25,19,361,4,10,hipc_h5_bernoulli_025,C:\Users\lottj\Desktop\research\decentralized benchmark\commitment-horizon-study\reference_core_benchmark_pilot\known_visit_10target_300.csv,8,1,0,0.11407592730193608,0.11407592730193608,00,00,1,0,True,completed
4,known_visit,HIPC,bernoulli,drop_0.25,19,361,4,10,hipc_h5_bernoulli_025,C:\Users\lottj\Desktop\research\decentralized benchmark\commitment-horizon-study\reference_core_benchmark_pilot\known_visit_10target_300.csv,9,12,16,44.5225512795417,44.5225512795417,02,02,1,0,True,completed
4,known_visit,HIPC,bernoulli,drop_0.25,19,361,4,10,hipc_h5_bernoulli_025,C:\Users\lottj\Desktop\research\decentralized benchmark\commitment-horizon-study\reference_core_benchmark_pilot\known_visit_10target_300.csv,10,8,13,32.13171566254487,32.13171566254487,02,02,1,0,True,completed
5,known_visit,HIPC,bernoulli,drop_0.25,19,361,4,10,hipc_h5_bernoulli_025,C:\Users\lottj\Desktop\research\decentralized benchmark\commitment-horizon-study\reference_core_benchmark_pilot\known_visit_10target_300.csv,1,1,9,5.53293629146099,5.53293629146099,02,02,1,0,True,completed
5,known_visit,HIPC,bernoulli,drop_0.25,19,361,4,10,hipc_h5_bernoulli_025,C:\Users\lottj\Desktop\research\decentralized benchmark\commitment-horizon-study\reference_core_benchmark_pilot\known_visit_10target_300.csv,2,12,6,29.721235427373283,29.721235427373283,00,00,1,0,True,completed
5,known_visit,HIPC,bernoulli,drop_0.25,19,361,4,10,hipc_h5_bernoulli_025,C:\Users\lottj\Desktop\research\decentralized benchmark\commitment-horizon-study\reference_core_benchmark_pilot\known_visit_10target_300.csv,3,16,8,40.3716470438441,40.3716470438441,00,00,1,0,True,completed
5,known_visit,HIPC,bernoulli,drop_0.25,19,361,4,10,hipc_h5_bernoulli_025,C:\Users\lottj\Desktop\research\decentralized benchmark\commitment-horizon-study\reference_core_benchmark_pilot\known_visit_10target_300.csv,4,14,1,60.558327224513015,60.558327224513015,00,00,1,0,True,completed
5,known_visit,HIPC,bernoulli,drop_0.25,19,361,4,10,hipc_h5_bernoulli_025,C:\Users\lottj\Desktop\research\decentralized benchmark\commitment-horizon-study\reference_core_benchmark_pilot\known_visit_10target_300.csv,5,3,5,12.41475654052408,12.41475654052408,00,00,1,0,True,completed
5,known_visit,HIPC,bernoulli,drop_0.25,19,361,4,10,hipc_h5_bernoulli_025,C:\Users\lottj\Desktop\research\decentralized benchmark\commitment-horizon-study\reference_core_benchmark_pilot\known_visit_10target_300.csv,6,8,15,24.881035532583038,24.881035532583038,03,03,1,0,True,completed
5,known_visit,HIPC,bernoulli,drop_0.25,19,361,4,10,hipc_h5_bernoulli_025,C:\Users\lottj\Desktop\research\decentralized benchmark\commitment-horizon-study\reference_core_benchmark_pilot\known_visit_10target_300.csv,7,1,6,0.23740712992871135,0.23740712992871135,01,01,1,0,True,completed
5,known_visit,HIPC,bernoulli,drop_0.25,19,361,4,10,hipc_h5_bernoulli_025,C:\Users\lottj\Desktop\research\decentralized benchmark\commitment-horizon-study\reference_core_benchmark_pilot\known_visit_10target_300.csv,8,10,6,26.436635428193124,26.436635428193124,00,00,1,0,True,completed
5,known_visit,HIPC,bernoulli,drop_0.25,19,361,4,10,hipc_h5_bernoulli_025,C:\Users\lottj\Desktop\research\decentralized benchmark\commitment-horizon-study\reference_core_benchmark_pilot\known_visit_10target_300.csv,9,16,3,53.33994369589674,53.33994369589674,00,00,1,0,True,completed
5,known_visit,HIPC,bernoulli,drop_0.25,19,361,4,10,hipc_h5_bernoulli_025,C:\Users\lottj\Desktop\research\decentralized benchmark\commitment-horizon-study\reference_core_benchmark_pilot\known_visit_10target_300.csv,10,15,14,38.90213965308084,38.90213965308084,03,03,1,0,True,completed
6,known_visit,HIPC,bernoulli,drop_0.25,19,361,4,10,hipc_h5_bernoulli_025,C:\Users\lottj\Desktop\research\decentralized benchmark\commitment-horizon-study\reference_core_benchmark_pilot\known_visit_10target_300.csv,1,4,12,15.576631222346151,15.576631222346151,01,01,1,0,True,completed
6,known_visit,HIPC,bernoulli,drop_0.25,19,361,4,10,hipc_h5_bernoulli_025,C:\Users\lottj\Desktop\research\decentralized benchmark\commitment-horizon-study\reference_core_benchmark_pilot\known_visit_10target_300.csv,2,9,2,17.60691163465901,17.60691163465901,00,00,1,0,True,completed
6,known_visit,HIPC,bernoulli,drop_0.25,19,361,4,10,hipc_h5_bernoulli_025,C:\Users\lottj\Desktop\research\decentralized benchmark\commitment-horizon-study\reference_core_benchmark_pilot\known_visit_10target_300.csv,3,4,2,8.880175928531644,8.880175928531644,00,00,1,0,True,completed
6,known_visit,HIPC,bernoulli,drop_0.25,19,361,4,10,hipc_h5_bernoulli_025,C:\Users\lottj\Desktop\research\decentralized benchmark\commitment-horizon-study\reference_core_benchmark_pilot\known_visit_10target_300.csv,4,13,8,52.16045857453506,52.16045857453506,00,00,1,0,True,completed
6,known_visit,HIPC,bernoulli,drop_0.25,19,361,4,10,hipc_h5_bernoulli_025,C:\Users\lottj\Desktop\research\decentralized benchmark\commitment-horizon-study\reference_core_benchmark_pilot\known_visit_10target_300.csv,5,16,13,66.122895219596,66.122895219596,00,00,1,0,True,completed
6,known_visit,HIPC,bernoulli,drop_0.25,19,361,4,10,hipc_h5_bernoulli_025,C:\Users\lottj\Desktop\research\decentralized benchmark\commitment-horizon-study\reference_core_benchmark_pilot\known_visit_10target_300.csv,6,6,13,20.953364811271907,20.953364811271907,01,01,1,0,True,completed
6,known_visit,HIPC,bernoulli,drop_0.25,19,361,4,10,hipc_h5_bernoulli_025,C:\Users\lottj\Desktop\research\decentralized benchmark\commitment-horizon-study\reference_core_benchmark_pilot\known_visit_10target_300.csv,7,18,2,32.89129423918626,32.89129423918626,00,00,1,0,True,completed
6,known_visit,HIPC,bernoulli,drop_0.25,19,361,4,10,hipc_h5_bernoulli_025,C:\Users\lottj\Desktop\research\decentralized benchmark\commitment-horizon-study\reference_core_benchmark_pilot\known_visit_10target_300.csv,8,4,8,8.90403541783334,8.90403541783334,01,01,1,0,True,completed
6,known_visit,HIPC,bernoulli,drop_0.25,19,361,4,10,hipc_h5_bernoulli_025,C:\Users\lottj\Desktop\research\decentralized benchmark\commitment-horizon-study\reference_core_benchmark_pilot\known_visit_10target_300.csv,9,0,15,3.780119156310337,3.780119156310337,02,02,1,0,True,completed
6,known_visit,HIPC,bernoulli,drop_0.25,19,361,4,10,hipc_h5_bernoulli_025,C:\Users\lottj\Desktop\research\decentralized benchmark\commitment-horizon-study\reference_core_benchmark_pilot\known_visit_10target_300.csv,10,18,7,41.595247574380224,41.595247574380224,00,00,1,0,True,completed
7,known_visit,HIPC,bernoulli,drop_0.25,19,361,4,10,hipc_h5_bernoulli_025,C:\Users\lottj\Desktop\research\decentralized benchmark\commitment-horizon-study\reference_core_benchmark_pilot\known_visit_10target_300.csv,1,7,3,15.498233759011738,15.498233759011738,00,00,1,0,True,completed
7,known_visit,HIPC,bernoulli,drop_0.25,19,361,4,10,hipc_h5_bernoulli_025,C:\Users\lottj\Desktop\research\decentralized benchmark\commitment-horizon-study\reference_core_benchmark_pilot\known_visit_10target_300.csv,2,17,14,38.571845734412435,38.571845734412435,02,02,1,0,True,completed
7,known_visit,HIPC,bernoulli,drop_0.25,19,361,4,10,hipc_h5_bernoulli_025,C:\Users\lottj\Desktop\research\decentralized benchmark\commitment-horizon-study\reference_core_benchmark_pilot\known_visit_10target_300.csv,3,1,9,5.6241405673921125,5.6241405673921125,01,01,1,0,True,completed
7,known_visit,HIPC,bernoulli,drop_0.25,19,361,4,10,hipc_h5_bernoulli_025,C:\Users\lottj\Desktop\research\decentralized benchmark\commitment-horizon-study\reference_core_benchmark_pilot\known_visit_10target_300.csv,4,13,14,31.627505966977047,31.627505966977047,02,02,1,0,True,completed
7,known_visit,HIPC,bernoulli,drop_0.25,19,361,4,10,hipc_h5_bernoulli_025,C:\Users\lottj\Desktop\research\decentralized benchmark\commitment-horizon-study\reference_core_benchmark_pilot\known_visit_10target_300.csv,5,10,5,28.56262857545639,28.56262857545639,00,00,1,0,True,completed
7,known_visit,HIPC,bernoulli,drop_0.25,19,361,4,10,hipc_h5_bernoulli_025,C:\Users\lottj\Desktop\research\decentralized benchmark\commitment-horizon-study\reference_core_benchmark_pilot\known_visit_10target_300.csv,6,7,16,17.541844893264138,17.541844893264138,02,02,1,0,True,completed
7,known_visit,HIPC,bernoulli,drop_0.25,19,361,4,10,hipc_h5_bernoulli_025,C:\Users\lottj\Desktop\research\decentralized benchmark\commitment-horizon-study\reference_core_benchmark_pilot\known_visit_10target_300.csv,7,18,15,42.341384634804186,42.341384634804186,02,02,1,0,True,completed
7,known_visit,HIPC,bernoulli,drop_0.25,19,361,4,10,hipc_h5_bernoulli_025,C:\Users\lottj\Desktop\research\decentralized benchmark\commitment-horizon-study\reference_core_benchmark_pilot\known_visit_10target_300.csv,8,16,7,42.55416171985224,42.55416171985224,00,00,1,0,True,completed
7,known_visit,HIPC,bernoulli,drop_0.25,19,361,4,10,hipc_h5_bernoulli_025,C:\Users\lottj\Desktop\research\decentralized benchmark\commitment-horizon-study\reference_core_benchmark_pilot\known_visit_10target_300.csv,9,2,12,1.840405936403387,1.840405936403387,02,02,1,0,True,completed
7,known_visit,HIPC,bernoulli,drop_0.25,19,361,4,10,hipc_h5_bernoulli_025,C:\Users\lottj\Desktop\research\decentralized benchmark\commitment-horizon-study\reference_core_benchmark_pilot\known_visit_10target_300.csv,10,9,2,21.138564977731605,21.138564977731605,00,00,1,0,True,completed
8,known_visit,HIPC,bernoulli,drop_0.25,19,361,4,10,hipc_h5_bernoulli_025,C:\Users\lottj\Desktop\research\decentralized benchmark\commitment-horizon-study\reference_core_benchmark_pilot\known_visit_10target_300.csv,1,4,16,8.907423080729883,8.907423080729883,03,03,2,1,True,completed
8,known_visit,HIPC,bernoulli,drop_0.25,19,361,4,10,hipc_h5_bernoulli_025,C:\Users\lottj\Desktop\research\decentralized benchmark\commitment-horizon-study\reference_core_benchmark_pilot\known_visit_10target_300.csv,2,9,10,70.54979519482912,70.54979519482912,00,00,1,0,True,completed
8,known_visit,HIPC,bernoulli,drop_0.25,19,361,4,10,hipc_h5_bernoulli_025,C:\Users\lottj\Desktop\research\decentralized benchmark\commitment-horizon-study\reference_core_benchmark_pilot\known_visit_10target_300.csv,3,12,8,61.6488592987519,61.6488592987519,00,00,1,0,True,completed
8,known_visit,HIPC,bernoulli,drop_0.25,19,361,4,10,hipc_h5_bernoulli_025,C:\Users\lottj\Desktop\research\decentralized benchmark\commitment-horizon-study\reference_core_benchmark_pilot\known_visit_10target_300.csv,4,12,15,24.36545823897498,24.36545823897498,03,03,1,0,True,completed
8,known_visit,HIPC,bernoulli,drop_0.25,19,361,4,10,hipc_h5_bernoulli_025,C:\Users\lottj\Desktop\research\decentralized benchmark\commitment-horizon-study\reference_core_benchmark_pilot\known_visit_10target_300.csv,5,11,6,52.11495907592987,52.11495907592987,00,00,1,0,True,completed
8,known_visit,HIPC,bernoulli,drop_0.25,19,361,4,10,hipc_h5_bernoulli_025,C:\Users\lottj\Desktop\research\decentralized benchmark\commitment-horizon-study\reference_core_benchmark_pilot\known_visit_10target_300.csv,6,17,7,39.38943934912395,39.38943934912395,00,00,1,0,True,completed
8,known_visit,HIPC,bernoulli,drop_0.25,19,361,4,10,hipc_h5_bernoulli_025,C:\Users\lottj\Desktop\research\decentralized benchmark\commitment-horizon-study\reference_core_benchmark_pilot\known_visit_10target_300.csv,7,0,5,0.5092608238268528,0.5092608238268528,01,01,1,0,True,completed
8,known_visit,HIPC,bernoulli,drop_0.25,19,361,4,10,hipc_h5_bernoulli_025,C:\Users\lottj\Desktop\research\decentralized benchmark\commitment-horizon-study\reference_core_benchmark_pilot\known_visit_10target_300.csv,8,2,5,4.124155094987075,4.124155094987075,01,01,1,0,True,completed
8,known_visit,HIPC,bernoulli,drop_0.25,19,361,4,10,hipc_h5_bernoulli_025,C:\Users\lottj\Desktop\research\decentralized benchmark\commitment-horizon-study\reference_core_benchmark_pilot\known_visit_10target_300.csv,9,1,5,2.475443252301709,2.475443252301709,01,01,1,0,True,completed
8,known_visit,HIPC,bernoulli,drop_0.25,19,361,4,10,hipc_h5_bernoulli_025,C:\Users\lottj\Desktop\research\decentralized benchmark\commitment-horizon-study\reference_core_benchmark_pilot\known_visit_10target_300.csv,10,17,0,27.1985879767984,27.1985879767984,00,00,1,0,True,completed
9,known_visit,HIPC,bernoulli,drop_0.25,19,361,4,10,hipc_h5_bernoulli_025,C:\Users\lottj\Desktop\research\decentralized benchmark\commitment-horizon-study\reference_core_benchmark_pilot\known_visit_10target_300.csv,1,12,16,146.38681570640543,146.38681570640543,02,02,1,0,True,completed
9,known_visit,HIPC,bernoulli,drop_0.25,19,361,4,10,hipc_h5_bernoulli_025,C:\Users\lottj\Desktop\research\decentralized benchmark\commitment-horizon-study\reference_core_benchmark_pilot\known_visit_10target_300.csv,2,16,17,27.623915988055032,27.623915988055032,03,03,1,0,True,completed
9,known_visit,HIPC,bernoulli,drop_0.25,19,361,4,10,hipc_h5_bernoulli_025,C:\Users\lottj\Desktop\research\decentralized benchmark\commitment-horizon-study\reference_core_benchmark_pilot\known_visit_10target_300.csv,3,2,7,3.8044597655952646,3.8044597655952646,01,01,1,0,True,completed
9,known_visit,HIPC,bernoulli,drop_0.25,19,361,4,10,hipc_h5_bernoulli_025,C:\Users\lottj\Desktop\research\decentralized benchmark\commitment-horizon-study\reference_core_benchmark_pilot\known_visit_10target_300.csv,4,18,12,40.047168472748275,40.047168472748275,03,03,1,0,True,completed
9,known_visit,HIPC,bernoulli,drop_0.25,19,361,4,10,hipc_h5_bernoulli_025,C:\Users\lottj\Desktop\research\decentralized benchmark\commitment-horizon-study\reference_core_benchmark_pilot\known_visit_10target_300.csv,5,17,1,44.52271407626214,44.52271407626214,00,00,1,0,True,completed
9,known_visit,HIPC,bernoulli,drop_0.25,19,361,4,10,hipc_h5_bernoulli_025,C:\Users\lottj\Desktop\research\decentralized benchmark\commitment-horizon-study\reference_core_benchmark_pilot\known_visit_10target_300.csv,6,8,2,23.175713808169565,23.175713808169565,00,00,1,0,True,completed
9,known_visit,HIPC,bernoulli,drop_0.25,19,361,4,10,hipc_h5_bernoulli_025,C:\Users\lottj\Desktop\research\decentralized benchmark\commitment-horizon-study\reference_core_benchmark_pilot\known_visit_10target_300.csv,7,9,18,13.795145932279604,13.795145932279604,03,03,1,0,True,completed
9,known_visit,HIPC,bernoulli,drop_0.25,19,361,4,10,hipc_h5_bernoulli_025,C:\Users\lottj\Desktop\research\decentralized benchmark\commitment-horizon-study\reference_core_benchmark_pilot\known_visit_10target_300.csv,8,10,3,28.88588900301579,28.88588900301579,00,00,1,0,True,completed
9,known_visit,HIPC,bernoulli,drop_0.25,19,361,4,10,hipc_h5_bernoulli_025,C:\Users\lottj\Desktop\research\decentralized benchmark\commitment-horizon-study\reference_core_benchmark_pilot\known_visit_10target_300.csv,9,1,4,6.949099706946472,6.949099706946472,00,00,2,1,True,completed
9,known_visit,HIPC,bernoulli,drop_0.25,19,361,4,10,hipc_h5_bernoulli_025,C:\Users\lottj\Desktop\research\decentralized benchmark\commitment-horizon-study\reference_core_benchmark_pilot\known_visit_10target_300.csv,10,1,1,2.068655719885625,2.068655719885625,00,00,1,0,True,completed
10,known_visit,HIPC,bernoulli,drop_0.25,19,361,4,10,hipc_h5_bernoulli_025,C:\Users\lottj\Desktop\research\decentralized benchmark\commitment-horizon-study\reference_core_benchmark_pilot\known_visit_10target_300.csv,1,4,2,9.198789579113022,9.198789579113022,00,00,1,0,True,completed
10,known_visit,HIPC,bernoulli,drop_0.25,19,361,4,10,hipc_h5_bernoulli_025,C:\Users\lottj\Desktop\research\decentralized benchmark\commitment-horizon-study\reference_core_benchmark_pilot\known_visit_10target_300.csv,2,13,14,46.19030955305299,46.19030955305299,00,00,1,0,True,completed
10,known_visit,HIPC,bernoulli,drop_0.25,19,361,4,10,hipc_h5_bernoulli_025,C:\Users\lottj\Desktop\research\decentralized benchmark\commitment-horizon-study\reference_core_benchmark_pilot\known_visit_10target_300.csv,3,11,18,28.53445978221343,28.53445978221343,02,02,1,0,True,completed
10,known_visit,HIPC,bernoulli,drop_0.25,19,361,4,10,hipc_h5_bernoulli_025,C:\Users\lottj\Desktop\research\decentralized benchmark\commitment-horizon-study\reference_core_benchmark_pilot\known_visit_10target_300.csv,4,12,10,37.237922863259506,37.237922863259506,00,00,1,0,True,completed
10,known_visit,HIPC,bernoulli,drop_0.25,19,361,4,10,hipc_h5_bernoulli_025,C:\Users\lottj\Desktop\research\decentralized benchmark\commitment-horizon-study\reference_core_benchmark_pilot\known_visit_10target_300.csv,5,5,14,10.816328381102824,10.816328381102824,02,02,1,0,True,completed
10,known_visit,HIPC,bernoulli,drop_0.25,19,361,4,10,hipc_h5_bernoulli_025,C:\Users\lottj\Desktop\research\decentralized benchmark\commitment-horizon-study\reference_core_benchmark_pilot\known_visit_10target_300.csv,6,10,7,28.064286017601834,28.064286017601834,00,00,1,0,True,completed
10,known_visit,HIPC,bernoulli,drop_0.25,19,361,4,10,hipc_h5_bernoulli_025,C:\Users\lottj\Desktop\research\decentralized benchmark\commitment-horizon-study\reference_core_benchmark_pilot\known_visit_10target_300.csv,7,4,14,8.85616300150182,8.85616300150182,02,02,1,0,True,completed
10,known_visit,HIPC,bernoulli,drop_0.25,19,361,4,10,hipc_h5_bernoulli_025,C:\Users\lottj\Desktop\research\decentralized benchmark\commitment-horizon-study\reference_core_benchmark_pilot\known_visit_10target_300.csv,8,8,6,11.995499074417841,11.995499074417841,01,01,1,0,True,completed
10,known_visit,HIPC,bernoulli,drop_0.25,19,361,4,10,hipc_h5_bernoulli_025,C:\Users\lottj\Desktop\research\decentralized benchmark\commitment-horizon-study\reference_core_benchmark_pilot\known_visit_10target_300.csv,9,16,5,27.638833452990834,27.638833452990834,01,01,1,0,True,completed
10,known_visit,HIPC,bernoulli,drop_0.25,19,361,4,10,hipc_h5_bernoulli_025,C:\Users\lottj\Desktop\research\decentralized benchmark\commitment-horizon-study\reference_core_benchmark_pilot\known_visit_10target_300.csv,10,9,18,24.803489325433404,24.803489325433404,02,02,1,0,True,completed
11,known_visit,HIPC,bernoulli,drop_0.25,19,361,4,10,hipc_h5_bernoulli_025,C:\Users\lottj\Desktop\research\decentralized benchmark\commitment-horizon-study\reference_core_benchmark_pilot\known_visit_10target_300.csv,1,0,16,2.0687392112886847,2.0687392112886847,03,03,1,0,True,completed
11,known_visit,HIPC,bernoulli,drop_0.25,19,361,4,10,hipc_h5_bernoulli_025,C:\Users\lottj\Desktop\research\decentralized benchmark\commitment-horizon-study\reference_core_benchmark_pilot\known_visit_10target_300.csv,2,7,11,36.479735379143065,36.479735379143065,00,00,1,0,True,completed
11,known_visit,HIPC,bernoulli,drop_0.25,19,361,4,10,hipc_h5_bernoulli_025,C:\Users\lottj\Desktop\research\decentralized benchmark\commitment-horizon-study\reference_core_benchmark_pilot\known_visit_10target_300.csv,3,14,15,77.320898380895,77.320898380895,00,00,1,0,True,completed
11,known_visit,HIPC,bernoulli,drop_0.25,19,361,4,10,hipc_h5_bernoulli_025,C:\Users\lottj\Desktop\research\decentralized benchmark\commitment-horizon-study\reference_core_benchmark_pilot\known_visit_10target_300.csv,4,9,7,25.83868489161034,25.83868489161034,00,00,2,1,True,completed
11,known_visit,HIPC,bernoulli,drop_0.25,19,361,4,10,hipc_h5_bernoulli_025,C:\Users\lottj\Desktop\research\decentralized benchmark\commitment-horizon-study\reference_core_benchmark_pilot\known_visit_10target_300.csv,5,5,12,24.583814491890223,24.583814491890223,03,03,2,1,True,completed
11,known_visit,HIPC,bernoulli,drop_0.25,19,361,4,10,hipc_h5_bernoulli_025,C:\Users\lottj\Desktop\research\decentralized benchmark\commitment-horizon-study\reference_core_benchmark_pilot\known_visit_10target_300.csv,6,8,13,42.122556355702024,42.122556355702024,00,00,2,1,True,completed
11,known_visit,HIPC,bernoulli,drop_0.25,19,361,4,10,hipc_h5_bernoulli_025,C:\Users\lottj\Desktop\research\decentralized benchmark\commitment-horizon-study\reference_core_benchmark_pilot\known_visit_10target_300.csv,7,18,17,66.69162079939697,66.69162079939697,00,00,1,0,True,completed
11,known_visit,HIPC,bernoulli,drop_0.25,19,361,4,10,hipc_h5_bernoulli_025,C:\Users\lottj\Desktop\research\decentralized benchmark\commitment-horizon-study\reference_core_benchmark_pilot\known_visit_10target_300.csv,8,8,17,49.298119856631466,49.298119856631466,00,00,1,0,True,completed
11,known_visit,HIPC,bernoulli,drop_0.25,19,361,4,10,hipc_h5_bernoulli_025,C:\Users\lottj\Desktop\research\decentralized benchmark\commitment-horizon-study\reference_core_benchmark_pilot\known_visit_10target_300.csv,9,13,9,67.83314805287426,67.83314805287426,03,03,1,0,True,completed
11,known_visit,HIPC,bernoulli,drop_0.25,19,361,4,10,hipc_h5_bernoulli_025,C:\Users\lottj\Desktop\research\decentralized benchmark\commitment-horizon-study\reference_core_benchmark_pilot\known_visit_10target_300.csv,10,5,2,10.607570500792752,10.607570500792752,00,00,2,1,True,completed
12,known_visit,HIPC,bernoulli,drop_0.25,19,361,4,10,hipc_h5_bernoulli_025,C:\Users\lottj\Desktop\research\decentralized benchmark\commitment-horizon-study\reference_core_benchmark_pilot\known_visit_10target_300.csv,1,16,8,40.02780727639439,40.02780727639439,00,00,1,0,True,completed
12,known_visit,HIPC,bernoulli,drop_0.25,19,361,4,10,hipc_h5_bernoulli_025,C:\Users\lottj\Desktop\research\decentralized benchmark\commitment-horizon-study\reference_core_benchmark_pilot\known_visit_10target_300.csv,2,12,16,37.358801149126194,37.358801149126194,02,02,1,0,True,completed
12,known_visit,HIPC,bernoulli,drop_0.25,19,361,4,10,hipc_h5_bernoulli_025,C:\Users\lottj\Desktop\research\decentralized benchmark\commitment-horizon-study\reference_core_benchmark_pilot\known_visit_10target_300.csv,3,3,3,9.244228026445503,9.244228026445503,01,01,1,0,True,completed
12,known_visit,HIPC,bernoulli,drop_0.25,19,361,4,10,hipc_h5_bernoulli_025,C:\Users\lottj\Desktop\research\decentralized benchmark\commitment-horizon-study\reference_core_benchmark_pilot\known_visit_10target_300.csv,4,5,13,19.946972379075795,19.946972379075795,02,02,2,1,True,completed
12,known_visit,HIPC,bernoulli,drop_0.25,19,361,4,10,hipc_h5_bernoulli_025,C:\Users\lottj\Desktop\research\decentralized benchmark\commitment-horizon-study\reference_core_benchmark_pilot\known_visit_10target_300.csv,5,18,15,49.67417139032658,49.67417139032658,02,02,1,0,True,completed
12,known_visit,HIPC,bernoulli,drop_0.25,19,361,4,10,hipc_h5_bernoulli_025,C:\Users\lottj\Desktop\research\decentralized benchmark\commitment-horizon-study\reference_core_benchmark_pilot\known_visit_10target_300.csv,6,2,17,3.808156299257019,3.808156299257019,03,03,1,0,True,completed
12,known_visit,HIPC,bernoulli,drop_0.25,19,361,4,10,hipc_h5_bernoulli_025,C:\Users\lottj\Desktop\research\decentralized benchmark\commitment-horizon-study\reference_core_benchmark_pilot\known_visit_10target_300.csv,7,2,9,7.125868231415245,7.125868231415245,02,02,1,0,True,completed
12,known_visit,HIPC,bernoulli,drop_0.25,19,361,4,10,hipc_h5_bernoulli_025,C:\Users\lottj\Desktop\research\decentralized benchmark\commitment-horizon-study\reference_core_benchmark_pilot\known_visit_10target_300.csv,8,3,5,5.833826074303079,5.833826074303079,01,01,1,0,True,completed
12,known_visit,HIPC,bernoulli,drop_0.25,19,361,4,10,hipc_h5_bernoulli_025,C:\Users\lottj\Desktop\research\decentralized benchmark\commitment-horizon-study\reference_core_benchmark_pilot\known_visit_10target_300.csv,9,12,6,29.726012082897622,29.726012082897622,00,00,1,0,True,completed
12,known_visit,HIPC,bernoulli,drop_0.25,19,361,4,10,hipc_h5_bernoulli_025,C:\Users\lottj\Desktop\research\decentralized benchmark\commitment-horizon-study\reference_core_benchmark_pilot\known_visit_10target_300.csv,10,9,0,14.070975291920607,14.070975291920607,00,00,1,0,True,completed
13,known_visit,HIPC,bernoulli,drop_0.25,19,361,4,10,hipc_h5_bernoulli_025,C:\Users\lottj\Desktop\research\decentralized benchmark\commitment-horizon-study\reference_core_benchmark_pilot\known_visit_10target_300.csv,1,7,7,19.092177179066454,19.092177179066454,02,02,1,0,True,completed
13,known_visit,HIPC,bernoulli,drop_0.25,19,361,4,10,hipc_h5_bernoulli_025,C:\Users\lottj\Desktop\research\decentralized benchmark\commitment-horizon-study\reference_core_benchmark_pilot\known_visit_10target_300.csv,2,3,3,8.945281081384307,8.945281081384307,00,00,1,0,True,completed
13,known_visit,HIPC,bernoulli,drop_0.25,19,361,4,10,hipc_h5_bernoulli_025,C:\Users\lottj\Desktop\research\decentralized benchmark\commitment-horizon-study\reference_core_benchmark_pilot\known_visit_10target_300.csv,3,18,5,49.91053407690077,49.91053407690077,00,00,1,0,True,completed
13,known_visit,HIPC,bernoulli,drop_0.25,19,361,4,10,hipc_h5_bernoulli_025,C:\Users\lottj\Desktop\research\decentralized benchmark\commitment-horizon-study\reference_core_benchmark_pilot\known_visit_10target_300.csv,4,2,10,9.483299298952787,9.483299298952787,01,01,1,0,True,completed
13,known_visit,HIPC,bernoulli,drop_0.25,19,361,4,10,hipc_h5_bernoulli_025,C:\Users\lottj\Desktop\research\decentralized benchmark\commitment-horizon-study\reference_core_benchmark_pilot\known_visit_10target_300.csv,5,12,4,26.52154249077279,26.52154249077279,00,00,1,0,True,completed
13,known_visit,HIPC,bernoulli,drop_0.25,19,361,4,10,hipc_h5_bernoulli_025,C:\Users\lottj\Desktop\research\decentralized benchmark\commitment-horizon-study\reference_core_benchmark_pilot\known_visit_10target_300.csv,6,1,9,5.690363633382291,5.690363633382291,01,01,2,1,True,completed
13,known_visit,HIPC,bernoulli,drop_0.25,19,361,4,10,hipc_h5_bernoulli_025,C:\Users\lottj\Desktop\research\decentralized benchmark\commitment-horizon-study\reference_core_benchmark_pilot\known_visit_10target_300.csv,7,11,11,36.37719555974815,36.37719555974815,02,02,1,0,True,completed
13,known_visit,HIPC,bernoulli,drop_0.25,19,361,4,10,hipc_h5_bernoulli_025,C:\Users\lottj\Desktop\research\decentralized benchmark\commitment-horizon-study\reference_core_benchmark_pilot\known_visit_10target_300.csv,8,13,1,33.659070442412165,33.659070442412165,00,00,1,0,True,completed
13,known_visit,HIPC,bernoulli,drop_0.25,19,361,4,10,hipc_h5_bernoulli_025,C:\Users\lottj\Desktop\research\decentralized benchmark\commitment-horizon-study\reference_core_benchmark_pilot\known_visit_10target_300.csv,9,14,2,37.64418737310476,37.64418737310476,00,00,1,0,True,completed
13,known_visit,HIPC,bernoulli,drop_0.25,19,361,4,10,hipc_h5_bernoulli_025,C:\Users\lottj\Desktop\research\decentralized benchmark\commitment-horizon-study\reference_core_benchmark_pilot\known_visit_10target_300.csv,10,18,3,46.26764879365108,46.26764879365108,00,00,1,0,True,completed
14,known_visit,HIPC,bernoulli,drop_0.25,19,361,4,10,hipc_h5_bernoulli_025,C:\Users\lottj\Desktop\research\decentralized benchmark\commitment-horizon-study\reference_core_benchmark_pilot\known_visit_10target_300.csv,1,18,5,54.344947767192316,54.344947767192316,00,00,1,0,True,completed
14,known_visit,HIPC,bernoulli,drop_0.25,19,361,4,10,hipc_h5_bernoulli_025,C:\Users\lottj\Desktop\research\decentralized benchmark\commitment-horizon-study\reference_core_benchmark_pilot\known_visit_10target_300.csv,2,5,1,12.836599777472209,12.836599777472209,00,00,1,0,True,completed
14,known_visit,HIPC,bernoulli,drop_0.25,19,361,4,10,hipc_h5_bernoulli_025,C:\Users\lottj\Desktop\research\decentralized benchmark\commitment-horizon-study\reference_core_benchmark_pilot\known_visit_10target_300.csv,3,11,15,27.069936136593647,27.069936136593647,03,03,1,0,True,completed
14,known_visit,HIPC,bernoulli,drop_0.25,19,361,4,10,hipc_h5_bernoulli_025,C:\Users\lottj\Desktop\research\decentralized benchmark\commitment-horizon-study\reference_core_benchmark_pilot\known_visit_10target_300.csv,4,4,17,7.1744734423053975,7.1744734423053975,03,03,1,0,True,completed
14,known_visit,HIPC,bernoulli,drop_0.25,19,361,4,10,hipc_h5_bernoulli_025,C:\Users\lottj\Desktop\research\decentralized benchmark\commitment-horizon-study\reference_core_benchmark_pilot\known_visit_10target_300.csv,5,10,14,23.084988137215532,23.084988137215532,03,03,1,0,True,completed
14,known_visit,HIPC,bernoulli,drop_0.25,19,361,4,10,hipc_h5_bernoulli_025,C:\Users\lottj\Desktop\research\decentralized benchmark\commitment-horizon-study\reference_core_benchmark_pilot\known_visit_10target_300.csv,6,7,16,14.317628133175086,14.317628133175086,03,03,1,0,True,completed
14,known_visit,HIPC,bernoulli,drop_0.25,19,361,4,10,hipc_h5_bernoulli_025,C:\Users\lottj\Desktop\research\decentralized benchmark\commitment-horizon-study\reference_core_benchmark_pilot\known_visit_10target_300.csv,7,10,18,34.088195210795874,34.088195210795874,03,03,1,0,True,completed
14,known_visit,HIPC,bernoulli,drop_0.25,19,361,4,10,hipc_h5_bernoulli_025,C:\Users\lottj\Desktop\research\decentralized benchmark\commitment-horizon-study\reference_core_benchmark_pilot\known_visit_10target_300.csv,8,0,2,2.131482654739772,2.131482654739772,00,00,1,0,True,completed
14,known_visit,HIPC,bernoulli,drop_0.25,19,361,4,10,hipc_h5_bernoulli_025,C:\Users\lottj\Desktop\research\decentralized benchmark\commitment-horizon-study\reference_core_benchmark_pilot\known_visit_10target_300.csv,9,14,0,38.33125585174723,38.33125585174723,00,00,1,0,True,completed
14,known_visit,HIPC,bernoulli,drop_0.25,19,361,4,10,hipc_h5_bernoulli_025,C:\Users\lottj\Desktop\research\decentralized benchmark\commitment-horizon-study\reference_core_benchmark_pilot\known_visit_10target_300.csv,10,7,3,20.21547954901398,20.21547954901398,00,00,1,0,True,completed
15,known_visit,HIPC,bernoulli,drop_0.25,19,361,4,10,hipc_h5_bernoulli_025,C:\Users\lottj\Desktop\research\decentralized benchmark\commitment-horizon-study\reference_core_benchmark_pilot\known_visit_10target_300.csv,1,5,17,9.080112867236807,9.080112867236807,03,03,1,0,True,completed
15,known_visit,HIPC,bernoulli,drop_0.25,19,361,4,10,hipc_h5_bernoulli_025,C:\Users\lottj\Desktop\research\decentralized benchmark\commitment-horizon-study\reference_core_benchmark_pilot\known_visit_10target_300.csv,2,2,5,3.9384016351579425,3.9384016351579425,01,01,2,1,True,completed
15,known_visit,HIPC,bernoulli,drop_0.25,19,361,4,10,hipc_h5_bernoulli_025,C:\Users\lottj\Desktop\research\decentralized benchmark\commitment-horizon-study\reference_core_benchmark_pilot\known_visit_10target_300.csv,3,9,16,17.919465872286413,17.919465872286413,03,03,1,0,True,completed
15,known_visit,HIPC,bernoulli,drop_0.25,19,361,4,10,hipc_h5_bernoulli_025,C:\Users\lottj\Desktop\research\decentralized benchmark\commitment-horizon-study\reference_core_benchmark_pilot\known_visit_10target_300.csv,4,12,15,25.273323846595492,25.273323846595492,03,03,1,0,True,completed
15,known_visit,HIPC,bernoulli,drop_0.25,19,361,4,10,hipc_h5_bernoulli_025,C:\Users\lottj\Desktop\research\decentralized benchmark\commitment-horizon-study\reference_core_benchmark_pilot\known_visit_10target_300.csv,5,5,3,12.756017378545494,12.756017378545494,01,01,1,0,True,completed
15,known_visit,HIPC,bernoulli,drop_0.25,19,361,4,10,hipc_h5_bernoulli_025,C:\Users\lottj\Desktop\research\decentralized benchmark\commitment-horizon-study\reference_core_benchmark_pilot\known_visit_10target_300.csv,6,12,10,33.88140986490954,33.88140986490954,03,03,1,0,True,completed
15,known_visit,HIPC,bernoulli,drop_0.25,19,361,4,10,hipc_h5_bernoulli_025,C:\Users\lottj\Desktop\research\decentralized benchmark\commitment-horizon-study\reference_core_benchmark_pilot\known_visit_10target_300.csv,7,9,2,21.657220703465136,21.657220703465136,01,01,1,0,True,completed
15,known_visit,HIPC,bernoulli,drop_0.25,19,361,4,10,hipc_h5_bernoulli_025,C:\Users\lottj\Desktop\research\decentralized benchmark\commitment-horizon-study\reference_core_benchmark_pilot\known_visit_10target_300.csv,8,1,10,3.943479183378176,3.943479183378176,02,02,1,0,True,completed
15,known_visit,HIPC,bernoulli,drop_0.25,19,361,4,10,hipc_h5_bernoulli_025,C:\Users\lottj\Desktop\research\decentralized benchmark\commitment-horizon-study\reference_core_benchmark_pilot\known_visit_10target_300.csv,9,3,3,9.414654148626305,9.414654148626305,01,01,2,1,True,completed
15,known_visit,HIPC,bernoulli,drop_0.25,19,361,4,10,hipc_h5_bernoulli_025,C:\Users\lottj\Desktop\research\decentralized benchmark\commitment-horizon-study\reference_core_benchmark_pilot\known_visit_10target_300.csv,10,0,1,0.5462692548060903,0.5462692548060903,00,00,1,0,True,completed
16,known_visit,HIPC,bernoulli,drop_0.25,19,361,4,10,hipc_h5_bernoulli_025,C:\Users\lottj\Desktop\research\decentralized benchmark\commitment-horizon-study\reference_core_benchmark_pilot\known_visit_10target_300.csv,1,9,16,17.42653798088917,17.42653798088917,03,03,1,0,True,completed
16,known_visit,HIPC,bernoulli,drop_0.25,19,361,4,10,hipc_h5_bernoulli_025,C:\Users\lottj\Desktop\research\decentralized benchmark\commitment-horizon-study\reference_core_benchmark_pilot\known_visit_10target_300.csv,2,12,0,51.8632771567521,51.8632771567521,00,00,1,0,True,completed
16,known_visit,HIPC,bernoulli,drop_0.25,19,361,4,10,hipc_h5_bernoulli_025,C:\Users\lottj\Desktop\research\decentralized benchmark\commitment-horizon-study\reference_core_benchmark_pilot\known_visit_10target_300.csv,3,5,5,23.457802240737067,23.457802240737067,00,00,1,0,True,completed
16,known_visit,HIPC,bernoulli,drop_0.25,19,361,4,10,hipc_h5_bernoulli_025,C:\Users\lottj\Desktop\research\decentralized benchmark\commitment-horizon-study\reference_core_benchmark_pilot\known_visit_10target_300.csv,4,0,5,0.5341172754726882,0.5341172754726882,01,01,1,0,True,completed
16,known_visit,HIPC,bernoulli,drop_0.25,19,361,4,10,hipc_h5_bernoulli_025,C:\Users\lottj\Desktop\research\decentralized benchmark\commitment-horizon-study\reference_core_benchmark_pilot\known_visit_10target_300.csv,5,7,3,16.053572400068234,16.053572400068234,00,00,1,0,True,completed
16,known_visit,HIPC,bernoulli,drop_0.25,19,361,4,10,hipc_h5_bernoulli_025,C:\Users\lottj\Desktop\research\decentralized benchmark\commitment-horizon-study\reference_core_benchmark_pilot\known_visit_10target_300.csv,6,1,13,2.2437635613344633,2.2437635613344633,02,02,1,0,True,completed
16,known_visit,HIPC,bernoulli,drop_0.25,19,361,4,10,hipc_h5_bernoulli_025,C:\Users\lottj\Desktop\research\decentralized benchmark\commitment-horizon-study\reference_core_benchmark_pilot\known_visit_10target_300.csv,7,13,5,41.37769660525198,41.37769660525198,00,00,1,0,True,completed
16,known_visit,HIPC,bernoulli,drop_0.25,19,361,4,10,hipc_h5_bernoulli_025,C:\Users\lottj\Desktop\research\decentralized benchmark\commitment-horizon-study\reference_core_benchmark_pilot\known_visit_10target_300.csv,8,13,1,48.25784954628931,48.25784954628931,00,00,1,0,True,completed
16,known_visit,HIPC,bernoulli,drop_0.25,19,361,4,10,hipc_h5_bernoulli_025,C:\Users\lottj\Desktop\research\decentralized benchmark\commitment-horizon-study\reference_core_benchmark_pilot\known_visit_10target_300.csv,9,9,18,13.669702786270795,13.669702786270795,03,03,1,0,True,completed
16,known_visit,HIPC,bernoulli,drop_0.25,19,361,4,10,hipc_h5_bernoulli_025,C:\Users\lottj\Desktop\research\decentralized benchmark\commitment-horizon-study\reference_core_benchmark_pilot\known_visit_10target_300.csv,10,15,14,31.460748932278044,31.460748932278044,03,03,1,0,True,completed
17,known_visit,HIPC,bernoulli,drop_0.25,19,361,4,10,hipc_h5_bernoulli_025,C:\Users\lottj\Desktop\research\decentralized benchmark\commitment-horizon-study\reference_core_benchmark_pilot\known_visit_10target_300.csv,1,10,11,24.656382023221443,24.656382023221443,01,01,1,0,True,completed
17,known_visit,HIPC,bernoulli,drop_0.25,19,361,4,10,hipc_h5_bernoulli_025,C:\Users\lottj\Desktop\research\decentralized benchmark\commitment-horizon-study\reference_core_benchmark_pilot\known_visit_10target_300.csv,2,16,16,29.878198972435616,29.878198972435616,03,03,1,0,True,completed
17,known_visit,HIPC,bernoulli,drop_0.25,19,361,4,10,hipc_h5_bernoulli_025,C:\Users\lottj\Desktop\research\decentralized benchmark\commitment-horizon-study\reference_core_benchmark_pilot\known_visit_10target_300.csv,3,14,2,47.17520584401341,47.17520584401341,01,01,1,0,True,completed
17,known_visit,HIPC,bernoulli,drop_0.25,19,361,4,10,hipc_h5_bernoulli_025,C:\Users\lottj\Desktop\research\decentralized benchmark\commitment-horizon-study\reference_core_benchmark_pilot\known_visit_10target_300.csv,4,2,7,3.69306513494003,3.69306513494003,01,01,1,0,True,completed
17,known_visit,HIPC,bernoulli,drop_0.25,19,361,4,10,hipc_h5_bernoulli_025,C:\Users\lottj\Desktop\research\decentralized benchmark\commitment-horizon-study\reference_core_benchmark_pilot\known_visit_10target_300.csv,5,17,1,54.01716009699676,54.01716009699676,01,01,1,0,True,completed
17,known_visit,HIPC,bernoulli,drop_0.25,19,361,4,10,hipc_h5_bernoulli_025,C:\Users\lottj\Desktop\research\decentralized benchmark\commitment-horizon-study\reference_core_benchmark_pilot\known_visit_10target_300.csv,6,1,6,0.14716067402145097,0.14716067402145097,01,01,2,1,True,completed
17,known_visit,HIPC,bernoulli,drop_0.25,19,361,4,10,hipc_h5_bernoulli_025,C:\Users\lottj\Desktop\research\decentralized benchmark\commitment-horizon-study\reference_core_benchmark_pilot\known_visit_10target_300.csv,7,18,1,55.63757085920746,55.63757085920746,01,01,1,0,True,completed
17,known_visit,HIPC,bernoulli,drop_0.25,19,361,4,10,hipc_h5_bernoulli_025,C:\Users\lottj\Desktop\research\decentralized benchmark\commitment-horizon-study\reference_core_benchmark_pilot\known_visit_10target_300.csv,8,11,17,19.01568220171033,19.01568220171033,03,03,1,0,True,completed
17,known_visit,HIPC,bernoulli,drop_0.25,19,361,4,10,hipc_h5_bernoulli_025,C:\Users\lottj\Desktop\research\decentralized benchmark\commitment-horizon-study\reference_core_benchmark_pilot\known_visit_10target_300.csv,9,4,8,9.103316134416291,9.103316134416291,01,01,1,0,True,completed
17,known_visit,HIPC,bernoulli,drop_0.25,19,361,4,10,hipc_h5_bernoulli_025,C:\Users\lottj\Desktop\research\decentralized benchmark\commitment-horizon-study\reference_core_benchmark_pilot\known_visit_10target_300.csv,10,10,9,21.276665781263926,21.276665781263926,01,01,2,1,True,completed
18,known_visit,HIPC,bernoulli,drop_0.25,19,361,4,10,hipc_h5_bernoulli_025,C:\Users\lottj\Desktop\research\decentralized benchmark\commitment-horizon-study\reference_core_benchmark_pilot\known_visit_10target_300.csv,1,16,11,46.22276840909687,46.22276840909687,01,01,1,0,True,completed
18,known_visit,HIPC,bernoulli,drop_0.25,19,361,4,10,hipc_h5_bernoulli_025,C:\Users\lottj\Desktop\research\decentralized benchmark\commitment-horizon-study\reference_core_benchmark_pilot\known_visit_10target_300.csv,2,17,4,35.695161320286864,35.695161320286864,00,00,1,0,True,completed
18,known_visit,HIPC,bernoulli,drop_0.25,19,361,4,10,hipc_h5_bernoulli_025,C:\Users\lottj\Desktop\research\decentralized benchmark\commitment-horizon-study\reference_core_benchmark_pilot\known_visit_10target_300.csv,3,13,1,23.30729829834198,23.30729829834198,00,00,1,0,True,completed
18,known_visit,HIPC,bernoulli,drop_0.25,19,361,4,10,hipc_h5_bernoulli_025,C:\Users\lottj\Desktop\research\decentralized benchmark\commitment-horizon-study\reference_core_benchmark_pilot\known_visit_10target_300.csv,4,13,13,37.02502372602732,37.02502372602732,01,01,1,0,True,completed
18,known_visit,HIPC,bernoulli,drop_0.25,19,361,4,10,hipc_h5_bernoulli_025,C:\Users\lottj\Desktop\research\decentralized benchmark\commitment-horizon-study\reference_core_benchmark_pilot\known_visit_10target_300.csv,5,14,12,40.720996911058755,40.720996911058755,01,01,1,0,True,completed
18,known_visit,HIPC,bernoulli,drop_0.25,19,361,4,10,hipc_h5_bernoulli_025,C:\Users\lottj\Desktop\research\decentralized benchmark\commitment-horizon-study\reference_core_benchmark_pilot\known_visit_10target_300.csv,6,2,1,4.008360620418036,4.008360620418036,00,00,1,0,True,completed
18,known_visit,HIPC,bernoulli,drop_0.25,19,361,4,10,hipc_h5_bernoulli_025,C:\Users\lottj\Desktop\research\decentralized benchmark\commitment-horizon-study\reference_core_benchmark_pilot\known_visit_10target_300.csv,7,4,16,9.060579977634918,9.060579977634918,03,03,1,0,True,completed
18,known_visit,HIPC,bernoulli,drop_0.25,19,361,4,10,hipc_h5_bernoulli_025,C:\Users\lottj\Desktop\research\decentralized benchmark\commitment-horizon-study\reference_core_benchmark_pilot\known_visit_10target_300.csv,8,14,2,26.972375802570735,26.972375802570735,00,00,1,0,True,completed
18,known_visit,HIPC,bernoulli,drop_0.25,19,361,4,10,hipc_h5_bernoulli_025,C:\Users\lottj\Desktop\research\decentralized benchmark\commitment-horizon-study\reference_core_benchmark_pilot\known_visit_10target_300.csv,9,12,10,30.066814030433818,30.066814030433818,01,01,1,0,True,completed
18,known_visit,HIPC,bernoulli,drop_0.25,19,361,4,10,hipc_h5_bernoulli_025,C:\Users\lottj\Desktop\research\decentralized benchmark\commitment-horizon-study\reference_core_benchmark_pilot\known_visit_10target_300.csv,10,8,5,14.135402537764062,14.135402537764062,01,01,1,0,True,completed
19,known_visit,HIPC,bernoulli,drop_0.25,19,361,4,10,hipc_h5_bernoulli_025,C:\Users\lottj\Desktop\research\decentralized benchmark\commitment-horizon-study\reference_core_benchmark_pilot\known_visit_10target_300.csv,1,2,7,3.919462213365985,3.919462213365985,01,01,1,0,True,completed
19,known_visit,HIPC,bernoulli,drop_0.25,19,361,4,10,hipc_h5_bernoulli_025,C:\Users\lottj\Desktop\research\decentralized benchmark\commitment-horizon-study\reference_core_benchmark_pilot\known_visit_10target_300.csv,2,14,9,42.560702126101795,42.560702126101795,03,03,1,0,True,completed
19,known_visit,HIPC,bernoulli,drop_0.25,19,361,4,10,hipc_h5_bernoulli_025,C:\Users\lottj\Desktop\research\decentralized benchmark\commitment-horizon-study\reference_core_benchmark_pilot\known_visit_10target_300.csv,3,15,12,35.09410064560969,35.09410064560969,03,03,1,0,True,completed
19,known_visit,HIPC,bernoulli,drop_0.25,19,361,4,10,hipc_h5_bernoulli_025,C:\Users\lottj\Desktop\research\decentralized benchmark\commitment-horizon-study\reference_core_benchmark_pilot\known_visit_10target_300.csv,4,9,15,19.156672358975175,19.156672358975175,03,03,1,0,True,completed
19,known_visit,HIPC,bernoulli,drop_0.25,19,361,4,10,hipc_h5_bernoulli_025,C:\Users\lottj\Desktop\research\decentralized benchmark\commitment-horizon-study\reference_core_benchmark_pilot\known_visit_10target_300.csv,5,11,4,29.777290360144175,29.777290360144175,01,01,1,0,True,completed
19,known_visit,HIPC,bernoulli,drop_0.25,19,361,4,10,hipc_h5_bernoulli_025,C:\Users\lottj\Desktop\research\decentralized benchmark\commitment-horizon-study\reference_core_benchmark_pilot\known_visit_10target_300.csv,6,6,18,8.71585606102078,8.71585606102078,03,03,1,0,True,completed
19,known_visit,HIPC,bernoulli,drop_0.25,19,361,4,10,hipc_h5_bernoulli_025,C:\Users\lottj\Desktop\research\decentralized benchmark\commitment-horizon-study\reference_core_benchmark_pilot\known_visit_10target_300.csv,7,10,5,25.832983046719377,25.832983046719377,01,01,1,0,True,completed
19,known_visit,HIPC,bernoulli,drop_0.25,19,361,4,10,hipc_h5_bernoulli_025,C:\Users\lottj\Desktop\research\decentralized benchmark\commitment-horizon-study\reference_core_benchmark_pilot\known_visit_10target_300.csv,8,11,1,34.7735059876008,34.7735059876008,01,01,1,0,True,completed
19,known_visit,HIPC,bernoulli,drop_0.25,19,361,4,10,hipc_h5_bernoulli_025,C:\Users\lottj\Desktop\research\decentralized benchmark\commitment-horizon-study\reference_core_benchmark_pilot\known_visit_10target_300.csv,9,8,18,11.945751454902007,11.945751454902007,03,03,1,0,True,completed
19,known_visit,HIPC,bernoulli,drop_0.25,19,361,4,10,hipc_h5_bernoulli_025,C:\Users\lottj\Desktop\research\decentralized benchmark\commitment-horizon-study\reference_core_benchmark_pilot\known_visit_10target_300.csv,10,6,4,16.689340902570052,16.689340902570052,01,01,1,0,True,completed
20,known_visit,HIPC,bernoulli,drop_0.25,19,361,4,10,hipc_h5_bernoulli_025,C:\Users\lottj\Desktop\research\decentralized benchmark\commitment-horizon-study\reference_core_benchmark_pilot\known_visit_10target_300.csv,1,7,4,17.79634396068785,17.79634396068785,00,00,2,1,True,completed
20,known_visit,HIPC,bernoulli,drop_0.25,19,361,4,10,hipc_h5_bernoulli_025,C:\Users\lottj\Desktop\research\decentralized benchmark\commitment-horizon-study\reference_core_benchmark_pilot\known_visit_10target_300.csv,2,6,9,31.681751054591373,31.681751054591373,03,03,1,0,True,completed
20,known_visit,HIPC,bernoulli,drop_0.25,19,361,4,10,hipc_h5_bernoulli_025,C:\Users\lottj\Desktop\research\decentralized benchmark\commitment-horizon-study\reference_core_benchmark_pilot\known_visit_10target_300.csv,3,8,14,19.230339966209712,19.230339966209712,03,03,1,0,True,completed
20,known_visit,HIPC,bernoulli,drop_0.25,19,361,4,10,hipc_h5_bernoulli_025,C:\Users\lottj\Desktop\research\decentralized benchmark\commitment-horizon-study\reference_core_benchmark_pilot\known_visit_10target_300.csv,4,16,6,51.34127387475514,51.34127387475514,00,00,1,0,True,completed
20,known_visit,HIPC,bernoulli,drop_0.25,19,361,4,10,hipc_h5_bernoulli_025,C:\Users\lottj\Desktop\research\decentralized benchmark\commitment-horizon-study\reference_core_benchmark_pilot\known_visit_10target_300.csv,5,4,3,10.708460169352938,10.708460169352938,00,00,2,1,True,completed
20,known_visit,HIPC,bernoulli,drop_0.25,19,361,4,10,hipc_h5_bernoulli_025,C:\Users\lottj\Desktop\research\decentralized benchmark\commitment-horizon-study\reference_core_benchmark_pilot\known_visit_10target_300.csv,6,4,16,8.90373849403088,8.90373849403088,03,03,2,1,True,completed
20,known_visit,HIPC,bernoulli,drop_0.25,19,361,4,10,hipc_h5_bernoulli_025,C:\Users\lottj\Desktop\research\decentralized benchmark\commitment-horizon-study\reference_core_benchmark_pilot\known_visit_10target_300.csv,7,1,12,0.2078225643782647,0.2078225643782647,02,02,1,0,True,completed
20,known_visit,HIPC,bernoulli,drop_0.25,19,361,4,10,hipc_h5_bernoulli_025,C:\Users\lottj\Desktop\research\decentralized benchmark\commitment-horizon-study\reference_core_benchmark_pilot\known_visit_10target_300.csv,8,2,18,1.8919860933699213,1.8919860933699213,03,03,2,1,True,completed
20,known_visit,HIPC,bernoulli,drop_0.25,19,361,4,10,hipc_h5_bernoulli_025,C:\Users\lottj\Desktop\research\decentralized benchmark\commitment-horizon-study\reference_core_benchmark_pilot\known_visit_10target_300.csv,9,14,4,44.26358875435654,44.26358875435654,00,00,1,0,True,completed
20,known_visit,HIPC,bernoulli,drop_0.25,19,361,4,10,hipc_h5_bernoulli_025,C:\Users\lottj\Desktop\research\decentralized benchmark\commitment-horizon-study\reference_core_benchmark_pilot\known_visit_10target_300.csv,10,7,0,24.834844054597543,24.834844054597543,00,00,1,0,True,completed
21,known_visit,HIPC,bernoulli,drop_0.25,19,361,4,10,hipc_h5_bernoulli_025,C:\Users\lottj\Desktop\research\decentralized benchmark\commitment-horizon-study\reference_core_benchmark_pilot\known_visit_10target_300.csv,1,16,12,43.97233038570028,43.97233038570028,01,01,1,0,True,completed
21,known_visit,HIPC,bernoulli,drop_0.25,19,361,4,10,hipc_h5_bernoulli_025,C:\Users\lottj\Desktop\research\decentralized benchmark\commitment-horizon-study\reference_core_benchmark_pilot\known_visit_10target_300.csv,2,10,18,15.554049901006263,15.554049901006263,03,03,1,0,True,completed
21,known_visit,HIPC,bernoulli,drop_0.25,19,361,4,10,hipc_h5_bernoulli_025,C:\Users\lottj\Desktop\research\decentralized benchmark\commitment-horizon-study\reference_core_benchmark_pilot\known_visit_10target_300.csv,3,2,11,3.8532036964148877,3.8532036964148877,02,02,1,0,True,completed
21,known_visit,HIPC,bernoulli,drop_0.25,19,361,4,10,hipc_h5_bernoulli_025,C:\Users\lottj\Desktop\research\decentralized benchmark\commitment-horizon-study\reference_core_benchmark_pilot\known_visit_10target_300.csv,4,9,15,37.35282870938982,37.35282870938982,03,03,1,0,True,completed
21,known_visit,HIPC,bernoulli,drop_0.25,19,361,4,10,hipc_h5_bernoulli_025,C:\Users\lottj\Desktop\research\decentralized benchmark\commitment-horizon-study\reference_core_benchmark_pilot\known_visit_10target_300.csv,5,16,13,42.31934243693753,42.31934243693753,01,01,1,0,True,completed
21,known_visit,HIPC,bernoulli,drop_0.25,19,361,4,10,hipc_h5_bernoulli_025,C:\Users\lottj\Desktop\research\decentralized benchmark\commitment-horizon-study\reference_core_benchmark_pilot\known_visit_10target_300.csv,6,9,8,17.521845865811244,17.521845865811244,01,01,1,0,True,completed
21,known_visit,HIPC,bernoulli,drop_0.25,19,361,4,10,hipc_h5_bernoulli_025,C:\Users\lottj\Desktop\research\decentralized benchmark\commitment-horizon-study\reference_core_benchmark_pilot\known_visit_10target_300.csv,7,12,17,21.129587374066094,21.129587374066094,03,03,1,0,True,completed
21,known_visit,HIPC,bernoulli,drop_0.25,19,361,4,10,hipc_h5_bernoulli_025,C:\Users\lottj\Desktop\research\decentralized benchmark\commitment-horizon-study\reference_core_benchmark_pilot\known_visit_10target_300.csv,8,13,9,26.112675447974386,26.112675447974386,01,01,2,1,True,completed
21,known_visit,HIPC,bernoulli,drop_0.25,19,361,4,10,hipc_h5_bernoulli_025,C:\Users\lottj\Desktop\research\decentralized benchmark\commitment-horizon-study\reference_core_benchmark_pilot\known_visit_10target_300.csv,9,10,10,19.623626384519575,19.623626384519575,02,02,1,0,True,completed
21,known_visit,HIPC,bernoulli,drop_0.25,19,361,4,10,hipc_h5_bernoulli_025,C:\Users\lottj\Desktop\research\decentralized benchmark\commitment-horizon-study\reference_core_benchmark_pilot\known_visit_10target_300.csv,10,16,17,56.956160553843766,56.956160553843766,01,01,1,0,True,completed
22,known_visit,HIPC,bernoulli,drop_0.25,19,361,4,10,hipc_h5_bernoulli_025,C:\Users\lottj\Desktop\research\decentralized benchmark\commitment-horizon-study\reference_core_benchmark_pilot\known_visit_10target_300.csv,1,16,6,72.68601654660732,72.68601654660732,01,01,1,0,True,completed
22,known_visit,HIPC,bernoulli,drop_0.25,19,361,4,10,hipc_h5_bernoulli_025,C:\Users\lottj\Desktop\research\decentralized benchmark\commitment-horizon-study\reference_core_benchmark_pilot\known_visit_10target_300.csv,2,3,4,11.157418049318187,11.157418049318187,00,00,1,0,True,completed
22,known_visit,HIPC,bernoulli,drop_0.25,19,361,4,10,hipc_h5_bernoulli_025,C:\Users\lottj\Desktop\research\decentralized benchmark\commitment-horizon-study\reference_core_benchmark_pilot\known_visit_10target_300.csv,3,5,15,12.800481741023072,12.800481741023072,02,02,1,0,True,completed
22,known_visit,HIPC,bernoulli,drop_0.25,19,361,4,10,hipc_h5_bernoulli_025,C:\Users\lottj\Desktop\research\decentralized benchmark\commitment-horizon-study\reference_core_benchmark_pilot\known_visit_10target_300.csv,4,15,18,46.19081274522338,46.19081274522338,02,02,1,0,True,completed
22,known_visit,HIPC,bernoulli,drop_0.25,19,361,4,10,hipc_h5_bernoulli_025,C:\Users\lottj\Desktop\research\decentralized benchmark\commitment-horizon-study\reference_core_benchmark_pilot\known_visit_10target_300.csv,5,7,0,26.02640697781511,26.02640697781511,00,00,1,0,True,completed
22,known_visit,HIPC,bernoulli,drop_0.25,19,361,4,10,hipc_h5_bernoulli_025,C:\Users\lottj\Desktop\research\decentralized benchmark\commitment-horizon-study\reference_core_benchmark_pilot\known_visit_10target_300.csv,6,9,12,25.480508516665427,25.480508516665427,02,02,2,1,True,completed
22,known_visit,HIPC,bernoulli,drop_0.25,19,361,4,10,hipc_h5_bernoulli_025,C:\Users\lottj\Desktop\research\decentralized benchmark\commitment-horizon-study\reference_core_benchmark_pilot\known_visit_10target_300.csv,7,3,2,7.472691876929362,7.472691876929362,00,00,1,0,True,completed
22,known_visit,HIPC,bernoulli,drop_0.25,19,361,4,10,hipc_h5_bernoulli_025,C:\Users\lottj\Desktop\research\decentralized benchmark\commitment-horizon-study\reference_core_benchmark_pilot\known_visit_10target_300.csv,8,2,9,9.191420318457617,9.191420318457617,01,01,2,1,True,completed
22,known_visit,HIPC,bernoulli,drop_0.25,19,361,4,10,hipc_h5_bernoulli_025,C:\Users\lottj\Desktop\research\decentralized benchmark\commitment-horizon-study\reference_core_benchmark_pilot\known_visit_10target_300.csv,9,5,1,20.51399509147738,20.51399509147738,00,00,1,0,True,completed
22,known_visit,HIPC,bernoulli,drop_0.25,19,361,4,10,hipc_h5_bernoulli_025,C:\Users\lottj\Desktop\research\decentralized benchmark\commitment-horizon-study\reference_core_benchmark_pilot\known_visit_10target_300.csv,10,15,14,39.60657558799158,39.60657558799158,02,02,1,0,True,completed
23,known_visit,HIPC,bernoulli,drop_0.25,19,361,4,10,hipc_h5_bernoulli_025,C:\Users\lottj\Desktop\research\decentralized benchmark\commitment-horizon-study\reference_core_benchmark_pilot\known_visit_10target_300.csv,1,12,7,53.07920002281268,53.07920002281268,01,01,1,0,True,completed
23,known_visit,HIPC,bernoulli,drop_0.25,19,361,4,10,hipc_h5_bernoulli_025,C:\Users\lottj\Desktop\research\decentralized benchmark\commitment-horizon-study\reference_core_benchmark_pilot\known_visit_10target_300.csv,2,13,3,26.111920184309312,26.111920184309312,01,01,1,0,True,completed
23,known_visit,HIPC,bernoulli,drop_0.25,19,361,4,10,hipc_h5_bernoulli_025,C:\Users\lottj\Desktop\research\decentralized benchmark\commitment-horizon-study\reference_core_benchmark_pilot\known_visit_10target_300.csv,3,10,6,15.552355269826178,15.552355269826178,01,01,1,0,True,completed
23,known_visit,HIPC,bernoulli,drop_0.25,19,361,4,10,hipc_h5_bernoulli_025,C:\Users\lottj\Desktop\research\decentralized benchmark\commitment-horizon-study\reference_core_benchmark_pilot\known_visit_10target_300.csv,4,2,13,3.7466484570923813,3.7466484570923813,02,02,1,0,True,completed
23,known_visit,HIPC,bernoulli,drop_0.25,19,361,4,10,hipc_h5_bernoulli_025,C:\Users\lottj\Desktop\research\decentralized benchmark\commitment-horizon-study\reference_core_benchmark_pilot\known_visit_10target_300.csv,5,11,9,50.75326229345184,50.75326229345184,03,03,1,0,True,completed
23,known_visit,HIPC,bernoulli,drop_0.25,19,361,4,10,hipc_h5_bernoulli_025,C:\Users\lottj\Desktop\research\decentralized benchmark\commitment-horizon-study\reference_core_benchmark_pilot\known_visit_10target_300.csv,6,11,16,28.932968220958628,28.932968220958628,03,03,1,0,True,completed
23,known_visit,HIPC,bernoulli,drop_0.25,19,361,4,10,hipc_h5_bernoulli_025,C:\Users\lottj\Desktop\research\decentralized benchmark\commitment-horizon-study\reference_core_benchmark_pilot\known_visit_10target_300.csv,7,16,7,46.0124965942805,46.0124965942805,01,01,1,0,True,completed
23,known_visit,HIPC,bernoulli,drop_0.25,19,361,4,10,hipc_h5_bernoulli_025,C:\Users\lottj\Desktop\research\decentralized benchmark\commitment-horizon-study\reference_core_benchmark_pilot\known_visit_10target_300.csv,8,6,18,16.48173903566372,16.48173903566372,03,03,2,1,True,completed
23,known_visit,HIPC,bernoulli,drop_0.25,19,361,4,10,hipc_h5_bernoulli_025,C:\Users\lottj\Desktop\research\decentralized benchmark\commitment-horizon-study\reference_core_benchmark_pilot\known_visit_10target_300.csv,9,14,9,38.529671111769545,38.529671111769545,01,01,1,0,True,completed
23,known_visit,HIPC,bernoulli,drop_0.25,19,361,4,10,hipc_h5_bernoulli_025,C:\Users\lottj\Desktop\research\decentralized benchmark\commitment-horizon-study\reference_core_benchmark_pilot\known_visit_10target_300.csv,10,1,16,3.940969927401599,3.940969927401599,03,03,2,1,True,completed
24,known_visit,HIPC,bernoulli,drop_0.25,19,361,4,10,hipc_h5_bernoulli_025,C:\Users\lottj\Desktop\research\decentralized benchmark\commitment-horizon-study\reference_core_benchmark_pilot\known_visit_10target_300.csv,1,4,17,11.406434778141811,11.406434778141811,03,03,1,0,True,completed
24,known_visit,HIPC,bernoulli,drop_0.25,19,361,4,10,hipc_h5_bernoulli_025,C:\Users\lottj\Desktop\research\decentralized benchmark\commitment-horizon-study\reference_core_benchmark_pilot\known_visit_10target_300.csv,2,16,16,34.244452891569885,34.244452891569885,03,03,1,0,True,completed
24,known_visit,HIPC,bernoulli,drop_0.25,19,361,4,10,hipc_h5_bernoulli_025,C:\Users\lottj\Desktop\research\decentralized benchmark\commitment-horizon-study\reference_core_benchmark_pilot\known_visit_10target_300.csv,3,11,3,22.788432593349565,22.788432593349565,00,00,1,0,True,completed
24,known_visit,HIPC,bernoulli,drop_0.25,19,361,4,10,hipc_h5_bernoulli_025,C:\Users\lottj\Desktop\research\decentralized benchmark\commitment-horizon-study\reference_core_benchmark_pilot\known_visit_10target_300.csv,4,8,8,19.777006031493954,19.777006031493954,02,02,1,0,True,completed
24,known_visit,HIPC,bernoulli,drop_0.25,19,361,4,10,hipc_h5_bernoulli_025,C:\Users\lottj\Desktop\research\decentralized benchmark\commitment-horizon-study\reference_core_benchmark_pilot\known_visit_10target_300.csv,5,10,10,26.88527118927679,26.88527118927679,02,02,1,0,True,completed
24,known_visit,HIPC,bernoulli,drop_0.25,19,361,4,10,hipc_h5_bernoulli_025,C:\Users\lottj\Desktop\research\decentralized benchmark\commitment-horizon-study\reference_core_benchmark_pilot\known_visit_10target_300.csv,6,5,11,9.075257238372265,9.075257238372265,02,02,1,0,True,completed
24,known_visit,HIPC,bernoulli,drop_0.25,19,361,4,10,hipc_h5_bernoulli_025,C:\Users\lottj\Desktop\research\decentralized benchmark\commitment-horizon-study\reference_core_benchmark_pilot\known_visit_10target_300.csv,7,13,17,26.979816945704428,26.979816945704428,03,03,1,0,True,completed
24,known_visit,HIPC,bernoulli,drop_0.25,19,361,4,10,hipc_h5_bernoulli_025,C:\Users\lottj\Desktop\research\decentralized benchmark\commitment-horizon-study\reference_core_benchmark_pilot\known_visit_10target_300.csv,8,4,2,8.875465185438731,8.875465185438731,00,00,1,0,True,completed
24,known_visit,HIPC,bernoulli,drop_0.25,19,361,4,10,hipc_h5_bernoulli_025,C:\Users\lottj\Desktop\research\decentralized benchmark\commitment-horizon-study\reference_core_benchmark_pilot\known_visit_10target_300.csv,9,1,0,0.21119341618562573,0.21119341618562573,00,00,1,0,True,completed
24,known_visit,HIPC,bernoulli,drop_0.25,19,361,4,10,hipc_h5_bernoulli_025,C:\Users\lottj\Desktop\research\decentralized benchmark\commitment-horizon-study\reference_core_benchmark_pilot\known_visit_10target_300.csv,10,3,16,7.327600768706862,7.327600768706862,03,03,1,0,True,completed
25,known_visit,HIPC,bernoulli,drop_0.25,19,361,4,10,hipc_h5_bernoulli_025,C:\Users\lottj\Desktop\research\decentralized benchmark\commitment-horizon-study\reference_core_benchmark_pilot\known_visit_10target_300.csv,1,4,5,17.83599329960385,17.83599329960385,01,01,1,0,True,completed
25,known_visit,HIPC,bernoulli,drop_0.25,19,361,4,10,hipc_h5_bernoulli_025,C:\Users\lottj\Desktop\research\decentralized benchmark\commitment-horizon-study\reference_core_benchmark_pilot\known_visit_10target_300.csv,2,2,9,7.304236715481237,7.304236715481237,01,01,1,0,True,completed
25,known_visit,HIPC,bernoulli,drop_0.25,19,361,4,10,hipc_h5_bernoulli_025,C:\Users\lottj\Desktop\research\decentralized benchmark\commitment-horizon-study\reference_core_benchmark_pilot\known_visit_10target_300.csv,3,6,4,23.248979726046354,23.248979726046354,01,01,1,0,True,completed
25,known_visit,HIPC,bernoulli,drop_0.25,19,361,4,10,hipc_h5_bernoulli_025,C:\Users\lottj\Desktop\research\decentralized benchmark\commitment-horizon-study\reference_core_benchmark_pilot\known_visit_10target_300.csv,4,10,6,33.74322544160095,33.74322544160095,01,01,1,0,True,completed
25,known_visit,HIPC,bernoulli,drop_0.25,19,361,4,10,hipc_h5_bernoulli_025,C:\Users\lottj\Desktop\research\decentralized benchmark\commitment-horizon-study\reference_core_benchmark_pilot\known_visit_10target_300.csv,5,2,6,1.9613549120696008,1.9613549120696008,01,01,1,0,True,completed
25,known_visit,HIPC,bernoulli,drop_0.25,19,361,4,10,hipc_h5_bernoulli_025,C:\Users\lottj\Desktop\research\decentralized benchmark\commitment-horizon-study\reference_core_benchmark_pilot\known_visit_10target_300.csv,6,6,17,10.657514721231644,10.657514721231644,03,03,1,0,True,completed
25,known_visit,HIPC,bernoulli,drop_0.25,19,361,4,10,hipc_h5_bernoulli_025,C:\Users\lottj\Desktop\research\decentralized benchmark\commitment-horizon-study\reference_core_benchmark_pilot\known_visit_10target_300.csv,7,4,12,5.330401357956041,5.330401357956041,02,02,1,0,True,completed
25,known_visit,HIPC,bernoulli,drop_0.25,19,361,4,10,hipc_h5_bernoulli_025,C:\Users\lottj\Desktop\research\decentralized benchmark\commitment-horizon-study\reference_core_benchmark_pilot\known_visit_10target_300.csv,8,5,10,10.858354156975453,10.858354156975453,02,02,1,0,True,completed
25,known_visit,HIPC,bernoulli,drop_0.25,19,361,4,10,hipc_h5_bernoulli_025,C:\Users\lottj\Desktop\research\decentralized benchmark\commitment-horizon-study\reference_core_benchmark_pilot\known_visit_10target_300.csv,9,6,18,8.618114728849774,8.618114728849774,03,03,1,0,True,completed
25,known_visit,HIPC,bernoulli,drop_0.25,19,361,4,10,hipc_h5_bernoulli_025,C:\Users\lottj\Desktop\research\decentralized benchmark\commitment-horizon-study\reference_core_benchmark_pilot\known_visit_10target_300.csv,10,8,15,17.68117212816964,17.68117212816964,03,03,1,0,True,completed
26,known_visit,HIPC,bernoulli,drop_0.25,19,361,4,10,hipc_h5_bernoulli_025,C:\Users\lottj\Desktop\research\decentralized benchmark\commitment-horizon-study\reference_core_benchmark_pilot\known_visit_10target_300.csv,1,5,11,9.13636137459705,9.13636137459705,02,02,1,0,True,completed
26,known_visit,HIPC,bernoulli,drop_0.25,19,361,4,10,hipc_h5_bernoulli_025,C:\Users\lottj\Desktop\research\decentralized benchmark\commitment-horizon-study\reference_core_benchmark_pilot\known_visit_10target_300.csv,2,17,0,41.90345756289286,41.90345756289286,00,00,1,0,True,completed
26,known_visit,HIPC,bernoulli,drop_0.25,19,361,4,10,hipc_h5_bernoulli_025,C:\Users\lottj\Desktop\research\decentralized benchmark\commitment-horizon-study\reference_core_benchmark_pilot\known_visit_10target_300.csv,3,17,10,59.05796258694501,59.05796258694501,00,00,1,0,True,completed
26,known_visit,HIPC,bernoulli,drop_0.25,19,361,4,10,hipc_h5_bernoulli_025,C:\Users\lottj\Desktop\research\decentralized benchmark\commitment-horizon-study\reference_core_benchmark_pilot\known_visit_10target_300.csv,4,8,15,21.747160986726133,21.747160986726133,02,02,1,0,True,completed
26,known_visit,HIPC,bernoulli,drop_0.25,19,361,4,10,hipc_h5_bernoulli_025,C:\Users\lottj\Desktop\research\decentralized benchmark\commitment-horizon-study\reference_core_benchmark_pilot\known_visit_10target_300.csv,5,7,11,12.912705596425829,12.912705596425829,02,02,1,0,True,completed
26,known_visit,HIPC,bernoulli,drop_0.25,19,361,4,10,hipc_h5_bernoulli_025,C:\Users\lottj\Desktop\research\decentralized benchmark\commitment-horizon-study\reference_core_benchmark_pilot\known_visit_10target_300.csv,6,1,18,0.21913217805388158,0.21913217805388158,03,03,1,0,True,completed
26,known_visit,HIPC,bernoulli,drop_0.25,19,361,4,10,hipc_h5_bernoulli_025,C:\Users\lottj\Desktop\research\decentralized benchmark\commitment-horizon-study\reference_core_benchmark_pilot\known_visit_10target_300.csv,7,5,1,8.799320286979688,8.799320286979688,00,00,1,0,True,completed
26,known_visit,HIPC,bernoulli,drop_0.25,19,361,4,10,hipc_h5_bernoulli_025,C:\Users\lottj\Desktop\research\decentralized benchmark\commitment-horizon-study\reference_core_benchmark_pilot\known_visit_10target_300.csv,8,9,4,20.99510309899307,20.99510309899307,00,00,1,0,True,completed
26,known_visit,HIPC,bernoulli,drop_0.25,19,361,4,10,hipc_h5_bernoulli_025,C:\Users\lottj\Desktop\research\decentralized benchmark\commitment-horizon-study\reference_core_benchmark_pilot\known_visit_10target_300.csv,9,3,12,3.6769363038711425,3.6769363038711425,02,02,2,1,True,completed
26,known_visit,HIPC,bernoulli,drop_0.25,19,361,4,10,hipc_h5_bernoulli_025,C:\Users\lottj\Desktop\research\decentralized benchmark\commitment-horizon-study\reference_core_benchmark_pilot\known_visit_10target_300.csv,10,14,1,34.75150649277269,34.75150649277269,00,00,1,0,True,completed
27,known_visit,HIPC,bernoulli,drop_0.25,19,361,4,10,hipc_h5_bernoulli_025,C:\Users\lottj\Desktop\research\decentralized benchmark\commitment-horizon-study\reference_core_benchmark_pilot\known_visit_10target_300.csv,1,1,7,2.270913915067931,2.270913915067931,01,01,1,0,True,completed
27,known_visit,HIPC,bernoulli,drop_0.25,19,361,4,10,hipc_h5_bernoulli_025,C:\Users\lottj\Desktop\research\decentralized benchmark\commitment-horizon-study\reference_core_benchmark_pilot\known_visit_10target_300.csv,2,5,4,14.37301500207143,14.37301500207143,00,00,1,0,True,completed
27,known_visit,HIPC,bernoulli,drop_0.25,19,361,4,10,hipc_h5_bernoulli_025,C:\Users\lottj\Desktop\research\decentralized benchmark\commitment-horizon-study\reference_core_benchmark_pilot\known_visit_10target_300.csv,3,3,12,3.5681411577453823,3.5681411577453823,02,02,1,0,True,completed
27,known_visit,HIPC,bernoulli,drop_0.25,19,361,4,10,hipc_h5_bernoulli_025,C:\Users\lottj\Desktop\research\decentralized benchmark\commitment-horizon-study\reference_core_benchmark_pilot\known_visit_10target_300.csv,4,7,14,14.323721308741353,14.323721308741353,02,02,1,0,True,completed
27,known_visit,HIPC,bernoulli,drop_0.25,19,361,4,10,hipc_h5_bernoulli_025,C:\Users\lottj\Desktop\research\decentralized benchmark\commitment-horizon-study\reference_core_benchmark_pilot\known_visit_10target_300.csv,5,5,13,9.001856215612166,9.001856215612166,02,02,1,0,True,completed
27,known_visit,HIPC,bernoulli,drop_0.25,19,361,4,10,hipc_h5_bernoulli_025,C:\Users\lottj\Desktop\research\decentralized benchmark\commitment-horizon-study\reference_core_benchmark_pilot\known_visit_10target_300.csv,6,5,15,37.77753236477721,37.77753236477721,02,02,1,0,True,completed
27,known_visit,HIPC,bernoulli,drop_0.25,19,361,4,10,hipc_h5_bernoulli_025,C:\Users\lottj\Desktop\research\decentralized benchmark\commitment-horizon-study\reference_core_benchmark_pilot\known_visit_10target_300.csv,7,8,16,30.761958996743346,30.761958996743346,02,02,1,0,True,completed
27,known_visit,HIPC,bernoulli,drop_0.25,19,361,4,10,hipc_h5_bernoulli_025,C:\Users\lottj\Desktop\research\decentralized benchmark\commitment-horizon-study\reference_core_benchmark_pilot\known_visit_10target_300.csv,8,1,0,0.12342641509860544,0.12342641509860544,00,00,1,0,True,completed
27,known_visit,HIPC,bernoulli,drop_0.25,19,361,4,10,hipc_h5_bernoulli_025,C:\Users\lottj\Desktop\research\decentralized benchmark\commitment-horizon-study\reference_core_benchmark_pilot\known_visit_10target_300.csv,9,1,1,2.081309414022072,2.081309414022072,00,00,1,0,True,completed
27,known_visit,HIPC,bernoulli,drop_0.25,19,361,4,10,hipc_h5_bernoulli_025,C:\Users\lottj\Desktop\research\decentralized benchmark\commitment-horizon-study\reference_core_benchmark_pilot\known_visit_10target_300.csv,10,9,13,19.764571224840108,19.764571224840108,02,02,1,0,True,completed
28,known_visit,HIPC,bernoulli,drop_0.25,19,361,4,10,hipc_h5_bernoulli_025,C:\Users\lottj\Desktop\research\decentralized benchmark\commitment-horizon-study\reference_core_benchmark_pilot\known_visit_10target_300.csv,1,16,8,33.837099605796446,33.837099605796446,02,02,1,0,True,completed
28,known_visit,HIPC,bernoulli,drop_0.25,19,361,4,10,hipc_h5_bernoulli_025,C:\Users\lottj\Desktop\research\decentralized benchmark\commitment-horizon-study\reference_core_benchmark_pilot\known_visit_10target_300.csv,2,9,8,21.575616223289195,21.575616223289195,02,02,2,1,True,completed
28,known_visit,HIPC,bernoulli,drop_0.25,19,361,4,10,hipc_h5_bernoulli_025,C:\Users\lottj\Desktop\research\decentralized benchmark\commitment-horizon-study\reference_core_benchmark_pilot\known_visit_10target_300.csv,3,14,12,54.92922974860807,54.92922974860807,02,02,1,0,True,completed
28,known_visit,HIPC,bernoulli,drop_0.25,19,361,4,10,hipc_h5_bernoulli_025,C:\Users\lottj\Desktop\research\decentralized benchmark\commitment-horizon-study\reference_core_benchmark_pilot\known_visit_10target_300.csv,4,7,1,19.51868265197985,19.51868265197985,01,01,1,0,True,completed
28,known_visit,HIPC,bernoulli,drop_0.25,19,361,4,10,hipc_h5_bernoulli_025,C:\Users\lottj\Desktop\research\decentralized benchmark\commitment-horizon-study\reference_core_benchmark_pilot\known_visit_10target_300.csv,5,5,11,8.9467228818822,8.9467228818822,02,02,2,1,True,completed
28,known_visit,HIPC,bernoulli,drop_0.25,19,361,4,10,hipc_h5_bernoulli_025,C:\Users\lottj\Desktop\research\decentralized benchmark\commitment-horizon-study\reference_core_benchmark_pilot\known_visit_10target_300.csv,6,2,5,3.6791050041790037,3.6791050041790037,01,01,2,1,True,completed
28,known_visit,HIPC,bernoulli,drop_0.25,19,361,4,10,hipc_h5_bernoulli_025,C:\Users\lottj\Desktop\research\decentralized benchmark\commitment-horizon-study\reference_core_benchmark_pilot\known_visit_10target_300.csv,7,17,14,45.77287316813158,45.77287316813158,02,02,1,0,True,completed
28,known_visit,HIPC,bernoulli,drop_0.25,19,361,4,10,hipc_h5_bernoulli_025,C:\Users\lottj\Desktop\research\decentralized benchmark\commitment-horizon-study\reference_core_benchmark_pilot\known_visit_10target_300.csv,8,4,17,7.521126701391195,7.521126701391195,03,03,1,0,True,completed
28,known_visit,HIPC,bernoulli,drop_0.25,19,361,4,10,hipc_h5_bernoulli_025,C:\Users\lottj\Desktop\research\decentralized benchmark\commitment-horizon-study\reference_core_benchmark_pilot\known_visit_10target_300.csv,9,5,2,14.192420524495988,14.192420524495988,01,01,2,1,True,completed
28,known_visit,HIPC,bernoulli,drop_0.25,19,361,4,10,hipc_h5_bernoulli_025,C:\Users\lottj\Desktop\research\decentralized benchmark\commitment-horizon-study\reference_core_benchmark_pilot\known_visit_10target_300.csv,10,10,3,28.555534063558135,28.555534063558135,01,01,1,0,True,completed
29,known_visit,HIPC,bernoulli,drop_0.25,19,361,4,10,hipc_h5_bernoulli_025,C:\Users\lottj\Desktop\research\decentralized benchmark\commitment-horizon-study\reference_core_benchmark_pilot\known_visit_10target_300.csv,1,8,0,11.97877288773579,11.97877288773579,00,00,1,0,True,completed
29,known_visit,HIPC,bernoulli,drop_0.25,19,361,4,10,hipc_h5_bernoulli_025,C:\Users\lottj\Desktop\research\decentralized benchmark\commitment-horizon-study\reference_core_benchmark_pilot\known_visit_10target_300.csv,2,17,10,58.56283127536665,58.56283127536665,00,00,1,0,True,completed
29,known_visit,HIPC,bernoulli,drop_0.25,19,361,4,10,hipc_h5_bernoulli_025,C:\Users\lottj\Desktop\research\decentralized benchmark\commitment-horizon-study\reference_core_benchmark_pilot\known_visit_10target_300.csv,3,9,18,28.517373377801686,28.517373377801686,02,02,1,0,True,completed
29,known_visit,HIPC,bernoulli,drop_0.25,19,361,4,10,hipc_h5_bernoulli_025,C:\Users\lottj\Desktop\research\decentralized benchmark\commitment-horizon-study\reference_core_benchmark_pilot\known_visit_10target_300.csv,4,6,11,10.674089323195469,10.674089323195469,02,02,1,0,True,completed
29,known_visit,HIPC,bernoulli,drop_0.25,19,361,4,10,hipc_h5_bernoulli_025,C:\Users\lottj\Desktop\research\decentralized benchmark\commitment-horizon-study\reference_core_benchmark_pilot\known_visit_10target_300.csv,5,11,8,44.488758814740436,44.488758814740436,00,00,1,0,True,completed
29,known_visit,HIPC,bernoulli,drop_0.25,19,361,4,10,hipc_h5_bernoulli_025,C:\Users\lottj\Desktop\research\decentralized benchmark\commitment-horizon-study\reference_core_benchmark_pilot\known_visit_10target_300.csv,6,2,0,2.004015069235287,2.004015069235287,00,00,1,0,True,completed
29,known_visit,HIPC,bernoulli,drop_0.25,19,361,4,10,hipc_h5_bernoulli_025,C:\Users\lottj\Desktop\research\decentralized benchmark\commitment-horizon-study\reference_core_benchmark_pilot\known_visit_10target_300.csv,7,15,5,32.34284928237172,32.34284928237172,00,00,1,0,True,completed
29,known_visit,HIPC,bernoulli,drop_0.25,19,361,4,10,hipc_h5_bernoulli_025,C:\Users\lottj\Desktop\research\decentralized benchmark\commitment-horizon-study\reference_core_benchmark_pilot\known_visit_10target_300.csv,8,7,18,24.83180184909679,24.83180184909679,02,02,1,0,True,completed
29,known_visit,HIPC,bernoulli,drop_0.25,19,361,4,10,hipc_h5_bernoulli_025,C:\Users\lottj\Desktop\research\decentralized benchmark\commitment-horizon-study\reference_core_benchmark_pilot\known_visit_10target_300.csv,9,7,14,18.086915174562858,18.086915174562858,02,02,1,0,True,completed
29,known_visit,HIPC,bernoulli,drop_0.25,19,361,4,10,hipc_h5_bernoulli_025,C:\Users\lottj\Desktop\research\decentralized benchmark\commitment-horizon-study\reference_core_benchmark_pilot\known_visit_10target_300.csv,10,12,16,37.2151752223951,37.2151752223951,02,02,1,0,True,completed
30,known_visit,HIPC,bernoulli,drop_0.25,19,361,4,10,hipc_h5_bernoulli_025,C:\Users\lottj\Desktop\research\decentralized benchmark\commitment-horizon-study\reference_core_benchmark_pilot\known_visit_10target_300.csv,1,13,2,45.25341439743088,45.25341439743088,00,00,1,0,True,completed
30,known_visit,HIPC,bernoulli,drop_0.25,19,361,4,10,hipc_h5_bernoulli_025,C:\Users\lottj\Desktop\research\decentralized benchmark\commitment-horizon-study\reference_core_benchmark_pilot\known_visit_10target_300.csv,2,3,5,5.416318593721615,5.416318593721615,01,01,1,0,True,completed
30,known_visit,HIPC,bernoulli,drop_0.25,19,361,4,10,hipc_h5_bernoulli_025,C:\Users\lottj\Desktop\research\decentralized benchmark\commitment-horizon-study\reference_core_benchmark_pilot\known_visit_10target_300.csv,3,4,3,10.861009453304552,10.861009453304552,01,01,2,1,True,completed
30,known_visit,HIPC,bernoulli,drop_0.25,19,361,4,10,hipc_h5_bernoulli_025,C:\Users\lottj\Desktop\research\decentralized benchmark\commitment-horizon-study\reference_core_benchmark_pilot\known_visit_10target_300.csv,4,10,16,19.07414226179409,19.07414226179409,03,03,1,0,True,completed
30,known_visit,HIPC,bernoulli,drop_0.25,19,361,4,10,hipc_h5_bernoulli_025,C:\Users\lottj\Desktop\research\decentralized benchmark\commitment-horizon-study\reference_core_benchmark_pilot\known_visit_10target_300.csv,5,12,17,24.9273277861329,24.9273277861329,03,03,1,0,True,completed
30,known_visit,HIPC,bernoulli,drop_0.25,19,361,4,10,hipc_h5_bernoulli_025,C:\Users\lottj\Desktop\research\decentralized benchmark\commitment-horizon-study\reference_core_benchmark_pilot\known_visit_10target_300.csv,6,7,5,22.44462901374839,22.44462901374839,00,00,1,0,True,completed
30,known_visit,HIPC,bernoulli,drop_0.25,19,361,4,10,hipc_h5_bernoulli_025,C:\Users\lottj\Desktop\research\decentralized benchmark\commitment-horizon-study\reference_core_benchmark_pilot\known_visit_10target_300.csv,7,4,8,19.6037467343989,19.6037467343989,01,01,1,0,True,completed
30,known_visit,HIPC,bernoulli,drop_0.25,19,361,4,10,hipc_h5_bernoulli_025,C:\Users\lottj\Desktop\research\decentralized benchmark\commitment-horizon-study\reference_core_benchmark_pilot\known_visit_10target_300.csv,8,12,7,34.90205024836177,34.90205024836177,00,00,1,0,True,completed
30,known_visit,HIPC,bernoulli,drop_0.25,19,361,4,10,hipc_h5_bernoulli_025,C:\Users\lottj\Desktop\research\decentralized benchmark\commitment-horizon-study\reference_core_benchmark_pilot\known_visit_10target_300.csv,9,14,18,30.257132066681734,30.257132066681734,03,03,1,0,True,completed
30,known_visit,HIPC,bernoulli,drop_0.25,19,361,4,10,hipc_h5_bernoulli_025,C:\Users\lottj\Desktop\research\decentralized benchmark\commitment-horizon-study\reference_core_benchmark_pilot\known_visit_10target_300.csv,10,18,4,57.78618068303218,57.78618068303218,00,00,1,0,True,completed
31,known_visit,HIPC,bernoulli,drop_0.25,19,361,4,10,hipc_h5_bernoulli_025,C:\Users\lottj\Desktop\research\decentralized benchmark\commitment-horizon-study\reference_core_benchmark_pilot\known_visit_10target_300.csv,1,14,2,37.69594067299858,37.69594067299858,00,00,2,1,True,completed
31,known_visit,HIPC,bernoulli,drop_0.25,19,361,4,10,hipc_h5_bernoulli_025,C:\Users\lottj\Desktop\research\decentralized benchmark\commitment-horizon-study\reference_core_benchmark_pilot\known_visit_10target_300.csv,2,18,12,62.58899661952165,62.58899661952165,00,00,1,0,True,completed
31,known_visit,HIPC,bernoulli,drop_0.25,19,361,4,10,hipc_h5_bernoulli_025,C:\Users\lottj\Desktop\research\decentralized benchmark\commitment-horizon-study\reference_core_benchmark_pilot\known_visit_10target_300.csv,3,15,10,53.725777293883034,53.725777293883034,00,00,1,0,True,completed
31,known_visit,HIPC,bernoulli,drop_0.25,19,361,4,10,hipc_h5_bernoulli_025,C:\Users\lottj\Desktop\research\decentralized benchmark\commitment-horizon-study\reference_core_benchmark_pilot\known_visit_10target_300.csv,4,1,17,2.1135414363646694,2.1135414363646694,03,03,1,0,True,completed
31,known_visit,HIPC,bernoulli,drop_0.25,19,361,4,10,hipc_h5_bernoulli_025,C:\Users\lottj\Desktop\research\decentralized benchmark\commitment-horizon-study\reference_core_benchmark_pilot\known_visit_10target_300.csv,5,4,2,13.147611907825276,13.147611907825276,00,00,1,0,True,completed
31,known_visit,HIPC,bernoulli,drop_0.25,19,361,4,10,hipc_h5_bernoulli_025,C:\Users\lottj\Desktop\research\decentralized benchmark\commitment-horizon-study\reference_core_benchmark_pilot\known_visit_10target_300.csv,6,12,0,30.745527136282092,30.745527136282092,00,00,1,0,True,completed
31,known_visit,HIPC,bernoulli,drop_0.25,19,361,4,10,hipc_h5_bernoulli_025,C:\Users\lottj\Desktop\research\decentralized benchmark\commitment-horizon-study\reference_core_benchmark_pilot\known_visit_10target_300.csv,7,9,7,27.101975918205724,27.101975918205724,02,02,1,0,True,completed
31,known_visit,HIPC,bernoulli,drop_0.25,19,361,4,10,hipc_h5_bernoulli_025,C:\Users\lottj\Desktop\research\decentralized benchmark\commitment-horizon-study\reference_core_benchmark_pilot\known_visit_10target_300.csv,8,6,12,12.832697667238982,12.832697667238982,02,02,1,0,True,completed
31,known_visit,HIPC,bernoulli,drop_0.25,19,361,4,10,hipc_h5_bernoulli_025,C:\Users\lottj\Desktop\research\decentralized benchmark\commitment-horizon-study\reference_core_benchmark_pilot\known_visit_10target_300.csv,9,3,3,9.244782268272054,9.244782268272054,00,00,2,1,True,completed
31,known_visit,HIPC,bernoulli,drop_0.25,19,361,4,10,hipc_h5_bernoulli_025,C:\Users\lottj\Desktop\research\decentralized benchmark\commitment-horizon-study\reference_core_benchmark_pilot\known_visit_10target_300.csv,10,0,7,0.5555369295936505,0.5555369295936505,01,01,1,0,True,completed
32,known_visit,HIPC,bernoulli,drop_0.25,19,361,4,10,hipc_h5_bernoulli_025,C:\Users\lottj\Desktop\research\decentralized benchmark\commitment-horizon-study\reference_core_benchmark_pilot\known_visit_10target_300.csv,1,12,3,44.94908337061672,44.94908337061672,00,00,1,0,True,completed
32,known_visit,HIPC,bernoulli,drop_0.25,19,361,4,10,hipc_h5_bernoulli_025,C:\Users\lottj\Desktop\research\decentralized benchmark\commitment-horizon-study\reference_core_benchmark_pilot\known_visit_10target_300.csv,2,14,17,31.697325130189427,31.697325130189427,02,02,1,0,True,completed
32,known_visit,HIPC,bernoulli,drop_0.25,19,361,4,10,hipc_h5_bernoulli_025,C:\Users\lottj\Desktop\research\decentralized benchmark\commitment-horizon-study\reference_core_benchmark_pilot\known_visit_10target_300.csv,3,3,14,7.448445098657892,7.448445098657892,02,02,1,0,True,completed
32,known_visit,HIPC,bernoulli,drop_0.25,19,361,4,10,hipc_h5_bernoulli_025,C:\Users\lottj\Desktop\research\decentralized benchmark\commitment-horizon-study\reference_core_benchmark_pilot\known_visit_10target_300.csv,4,13,17,30.011838330721957,30.011838330721957,02,02,1,0,True,completed
32,known_visit,HIPC,bernoulli,drop_0.25,19,361,4,10,hipc_h5_bernoulli_025,C:\Users\lottj\Desktop\research\decentralized benchmark\commitment-horizon-study\reference_core_benchmark_pilot\known_visit_10target_300.csv,5,10,17,24.84304939819987,24.84304939819987,02,02,1,0,True,completed
32,known_visit,HIPC,bernoulli,drop_0.25,19,361,4,10,hipc_h5_bernoulli_025,C:\Users\lottj\Desktop\research\decentralized benchmark\commitment-horizon-study\reference_core_benchmark_pilot\known_visit_10target_300.csv,6,8,9,27.75788741743564,27.75788741743564,00,00,1,0,True,completed
32,known_visit,HIPC,bernoulli,drop_0.25,19,361,4,10,hipc_h5_bernoulli_025,C:\Users\lottj\Desktop\research\decentralized benchmark\commitment-horizon-study\reference_core_benchmark_pilot\known_visit_10target_300.csv,7,2,3,7.27182224461432,7.27182224461432,00,00,1,0,True,completed
32,known_visit,HIPC,bernoulli,drop_0.25,19,361,4,10,hipc_h5_bernoulli_025,C:\Users\lottj\Desktop\research\decentralized benchmark\commitment-horizon-study\reference_core_benchmark_pilot\known_visit_10target_300.csv,8,4,4,8.991835035338111,8.991835035338111,01,01,1,0,True,completed
32,known_visit,HIPC,bernoulli,drop_0.25,19,361,4,10,hipc_h5_bernoulli_025,C:\Users\lottj\Desktop\research\decentralized benchmark\commitment-horizon-study\reference_core_benchmark_pilot\known_visit_10target_300.csv,9,11,7,36.29079998233926,36.29079998233926,00,00,1,0,True,completed
32,known_visit,HIPC,bernoulli,drop_0.25,19,361,4,10,hipc_h5_bernoulli_025,C:\Users\lottj\Desktop\research\decentralized benchmark\commitment-horizon-study\reference_core_benchmark_pilot\known_visit_10target_300.csv,10,10,0,54.185010885681805,54.185010885681805,00,00,1,0,True,completed
33,known_visit,HIPC,bernoulli,drop_0.25,19,361,4,10,hipc_h5_bernoulli_025,C:\Users\lottj\Desktop\research\decentralized benchmark\commitment-horizon-study\reference_core_benchmark_pilot\known_visit_10target_300.csv,1,3,1,5.815591961448074,5.815591961448074,00,00,1,0,True,completed
33,known_visit,HIPC,bernoulli,drop_0.25,19,361,4,10,hipc_h5_bernoulli_025,C:\Users\lottj\Desktop\research\decentralized benchmark\commitment-horizon-study\reference_core_benchmark_pilot\known_visit_10target_300.csv,2,2,1,3.906674203841287,3.906674203841287,00,00,1,0,True,completed
33,known_visit,HIPC,bernoulli,drop_0.25,19,361,4,10,hipc_h5_bernoulli_025,C:\Users\lottj\Desktop\research\decentralized benchmark\commitment-horizon-study\reference_core_benchmark_pilot\known_visit_10target_300.csv,3,11,5,27.112868225367837,27.112868225367837,01,01,1,0,True,completed
33,known_visit,HIPC,bernoulli,drop_0.25,19,361,4,10,hipc_h5_bernoulli_025,C:\Users\lottj\Desktop\research\decentralized benchmark\commitment-horizon-study\reference_core_benchmark_pilot\known_visit_10target_300.csv,4,10,18,26.916710210072317,26.916710210072317,02,02,1,0,True,completed
33,known_visit,HIPC,bernoulli,drop_0.25,19,361,4,10,hipc_h5_bernoulli_025,C:\Users\lottj\Desktop\research\decentralized benchmark\commitment-horizon-study\reference_core_benchmark_pilot\known_visit_10target_300.csv,5,1,7,2.202197814176599,2.202197814176599,01,01,1,0,True,completed
33,known_visit,HIPC,bernoulli,drop_0.25,19,361,4,10,hipc_h5_bernoulli_025,C:\Users\lottj\Desktop\research\decentralized benchmark\commitment-horizon-study\reference_core_benchmark_pilot\known_visit_10target_300.csv,6,3,15,9.025984526396226,9.025984526396226,02,02,1,0,True,completed
33,known_visit,HIPC,bernoulli,drop_0.25,19,361,4,10,hipc_h5_bernoulli_025,C:\Users\lottj\Desktop\research\decentralized benchmark\commitment-horizon-study\reference_core_benchmark_pilot\known_visit_10target_300.csv,7,11,8,21.53670858367472,21.53670858367472,01,01,1,0,True,completed
33,known_visit,HIPC,bernoulli,drop_0.25,19,361,4,10,hipc_h5_bernoulli_025,C:\Users\lottj\Desktop\research\decentralized benchmark\commitment-horizon-study\reference_core_benchmark_pilot\known_visit_10target_300.csv,8,18,9,46.11582334607446,46.11582334607446,01,01,1,0,True,completed
33,known_visit,HIPC,bernoulli,drop_0.25,19,361,4,10,hipc_h5_bernoulli_025,C:\Users\lottj\Desktop\research\decentralized benchmark\commitment-horizon-study\reference_core_benchmark_pilot\known_visit_10target_300.csv,9,8,15,17.921460410704437,17.921460410704437,02,02,1,0,True,completed
33,known_visit,HIPC,bernoulli,drop_0.25,19,361,4,10,hipc_h5_bernoulli_025,C:\Users\lottj\Desktop\research\decentralized benchmark\commitment-horizon-study\reference_core_benchmark_pilot\known_visit_10target_300.csv,10,10,16,23.42422510346985,23.42422510346985,02,02,1,0,True,completed
34,known_visit,HIPC,bernoulli,drop_0.25,19,361,4,10,hipc_h5_bernoulli_025,C:\Users\lottj\Desktop\research\decentralized benchmark\commitment-horizon-study\reference_core_benchmark_pilot\known_visit_10target_300.csv,1,15,17,51.46459754465134,51.46459754465134,02,02,1,0,True,completed
34,known_visit,HIPC,bernoulli,drop_0.25,19,361,4,10,hipc_h5_bernoulli_025,C:\Users\lottj\Desktop\research\decentralized benchmark\commitment-horizon-study\reference_core_benchmark_pilot\known_visit_10target_300.csv,2,9,13,22.908094012541394,22.908094012541394,02,02,1,0,True,completed
34,known_visit,HIPC,bernoulli,drop_0.25,19,361,4,10,hipc_h5_bernoulli_025,C:\Users\lottj\Desktop\research\decentralized benchmark\commitment-horizon-study\reference_core_benchmark_pilot\known_visit_10target_300.csv,3,9,17,29.75853507839928,29.75853507839928,02,02,2,1,True,completed
34,known_visit,HIPC,bernoulli,drop_0.25,19,361,4,10,hipc_h5_bernoulli_025,C:\Users\lottj\Desktop\research\decentralized benchmark\commitment-horizon-study\reference_core_benchmark_pilot\known_visit_10target_300.csv,4,9,12,21.30526111857223,21.30526111857223,02,02,1,0,True,completed
34,known_visit,HIPC,bernoulli,drop_0.25,19,361,4,10,hipc_h5_bernoulli_025,C:\Users\lottj\Desktop\research\decentralized benchmark\commitment-horizon-study\reference_core_benchmark_pilot\known_visit_10target_300.csv,5,7,17,33.5412026160934,33.5412026160934,02,02,1,0,True,completed
34,known_visit,HIPC,bernoulli,drop_0.25,19,361,4,10,hipc_h5_bernoulli_025,C:\Users\lottj\Desktop\research\decentralized benchmark\commitment-horizon-study\reference_core_benchmark_pilot\known_visit_10target_300.csv,6,15,11,72.58030561012254,72.58030561012254,02,02,1,0,True,completed
34,known_visit,HIPC,bernoulli,drop_0.25,19,361,4,10,hipc_h5_bernoulli_025,C:\Users\lottj\Desktop\research\decentralized benchmark\commitment-horizon-study\reference_core_benchmark_pilot\known_visit_10target_300.csv,7,2,10,5.480006365228288,5.480006365228288,02,02,1,0,True,completed
34,known_visit,HIPC,bernoulli,drop_0.25,19,361,4,10,hipc_h5_bernoulli_025,C:\Users\lottj\Desktop\research\decentralized benchmark\commitment-horizon-study\reference_core_benchmark_pilot\known_visit_10target_300.csv,8,12,14,61.9079223957321,61.9079223957321,02,02,1,0,True,completed
34,known_visit,HIPC,bernoulli,drop_0.25,19,361,4,10,hipc_h5_bernoulli_025,C:\Users\lottj\Desktop\research\decentralized benchmark\commitment-horizon-study\reference_core_benchmark_pilot\known_visit_10target_300.csv,9,16,4,29.58621436537233,29.58621436537233,01,01,1,0,True,completed
34,known_visit,HIPC,bernoulli,drop_0.25,19,361,4,10,hipc_h5_bernoulli_025,C:\Users\lottj\Desktop\research\decentralized benchmark\commitment-horizon-study\reference_core_benchmark_pilot\known_visit_10target_300.csv,10,12,5,20.896584107104882,20.896584107104882,01,01,1,0,True,completed
35,known_visit,HIPC,bernoulli,drop_0.25,19,361,4,10,hipc_h5_bernoulli_025,C:\Users\lottj\Desktop\research\decentralized benchmark\commitment-horizon-study\reference_core_benchmark_pilot\known_visit_10target_300.csv,1,4,10,13.084879578254544,13.084879578254544,02,02,1,0,True,completed
35,known_visit,HIPC,bernoulli,drop_0.25,19,361,4,10,hipc_h5_bernoulli_025,C:\Users\lottj\Desktop\research\decentralized benchmark\commitment-horizon-study\reference_core_benchmark_pilot\known_visit_10target_300.csv,2,18,15,55.12372349347653,55.12372349347653,00,00,1,0,True,completed
35,known_visit,HIPC,bernoulli,drop_0.25,19,361,4,10,hipc_h5_bernoulli_025,C:\Users\lottj\Desktop\research\decentralized benchmark\commitment-horizon-study\reference_core_benchmark_pilot\known_visit_10target_300.csv,3,18,7,41.12049247732651,41.12049247732651,00,00,2,1,True,completed
35,known_visit,HIPC,bernoulli,drop_0.25,19,361,4,10,hipc_h5_bernoulli_025,C:\Users\lottj\Desktop\research\decentralized benchmark\commitment-horizon-study\reference_core_benchmark_pilot\known_visit_10target_300.csv,4,5,0,6.8104014021049615,6.8104014021049615,00,00,1,0,True,completed
35,known_visit,HIPC,bernoulli,drop_0.25,19,361,4,10,hipc_h5_bernoulli_025,C:\Users\lottj\Desktop\research\decentralized benchmark\commitment-horizon-study\reference_core_benchmark_pilot\known_visit_10target_300.csv,5,14,3,27.182323877302913,27.182323877302913,00,00,1,0,True,completed
35,known_visit,HIPC,bernoulli,drop_0.25,19,361,4,10,hipc_h5_bernoulli_025,C:\Users\lottj\Desktop\research\decentralized benchmark\commitment-horizon-study\reference_core_benchmark_pilot\known_visit_10target_300.csv,6,2,4,5.750860807173954,5.750860807173954,01,01,1,0,True,completed
35,known_visit,HIPC,bernoulli,drop_0.25,19,361,4,10,hipc_h5_bernoulli_025,C:\Users\lottj\Desktop\research\decentralized benchmark\commitment-horizon-study\reference_core_benchmark_pilot\known_visit_10target_300.csv,7,7,7,24.148622708279486,24.148622708279486,02,02,1,0,True,completed
35,known_visit,HIPC,bernoulli,drop_0.25,19,361,4,10,hipc_h5_bernoulli_025,C:\Users\lottj\Desktop\research\decentralized benchmark\commitment-horizon-study\reference_core_benchmark_pilot\known_visit_10target_300.csv,8,1,9,5.9165492423034705,5.9165492423034705,02,02,1,0,True,completed
35,known_visit,HIPC,bernoulli,drop_0.25,19,361,4,10,hipc_h5_bernoulli_025,C:\Users\lottj\Desktop\research\decentralized benchmark\commitment-horizon-study\reference_core_benchmark_pilot\known_visit_10target_300.csv,9,3,9,9.290754853146034,9.290754853146034,02,02,1,0,True,completed
35,known_visit,HIPC,bernoulli,drop_0.25,19,361,4,10,hipc_h5_bernoulli_025,C:\Users\lottj\Desktop\research\decentralized benchmark\commitment-horizon-study\reference_core_benchmark_pilot\known_visit_10target_300.csv,10,0,10,2.062108879105583,2.062108879105583,02,02,1,0,True,completed
36,known_visit,HIPC,bernoulli,drop_0.25,19,361,4,10,hipc_h5_bernoulli_025,C:\Users\lottj\Desktop\research\decentralized benchmark\commitment-horizon-study\reference_core_benchmark_pilot\known_visit_10target_300.csv,1,10,2,33.45738110128297,33.45738110128297,02,02,1,0,True,completed
36,known_visit,HIPC,bernoulli,drop_0.25,19,361,4,10,hipc_h5_bernoulli_025,C:\Users\lottj\Desktop\research\decentralized benchmark\commitment-horizon-study\reference_core_benchmark_pilot\known_visit_10target_300.csv,2,4,9,10.592346859843591,10.592346859843591,02,02,2,1,True,completed
36,known_visit,HIPC,bernoulli,drop_0.25,19,361,4,10,hipc_h5_bernoulli_025,C:\Users\lottj\Desktop\research\decentralized benchmark\commitment-horizon-study\reference_core_benchmark_pilot\known_visit_10target_300.csv,3,16,16,29.083409065161586,29.083409065161586,03,03,1,0,True,completed
36,known_visit,HIPC,bernoulli,drop_0.25,19,361,4,10,hipc_h5_bernoulli_025,C:\Users\lottj\Desktop\research\decentralized benchmark\commitment-horizon-study\reference_core_benchmark_pilot\known_visit_10target_300.csv,4,0,1,0.5279955590771018,0.5279955590771018,00,00,1,0,True,completed
36,known_visit,HIPC,bernoulli,drop_0.25,19,361,4,10,hipc_h5_bernoulli_025,C:\Users\lottj\Desktop\research\decentralized benchmark\commitment-horizon-study\reference_core_benchmark_pilot\known_visit_10target_300.csv,5,3,1,5.854315691484365,5.854315691484365,00,00,1,0,True,completed
36,known_visit,HIPC,bernoulli,drop_0.25,19,361,4,10,hipc_h5_bernoulli_025,C:\Users\lottj\Desktop\research\decentralized benchmark\commitment-horizon-study\reference_core_benchmark_pilot\known_visit_10target_300.csv,6,7,7,19.27722446813842,19.27722446813842,02,02,1,0,True,completed
36,known_visit,HIPC,bernoulli,drop_0.25,19,361,4,10,hipc_h5_bernoulli_025,C:\Users\lottj\Desktop\research\decentralized benchmark\commitment-horizon-study\reference_core_benchmark_pilot\known_visit_10target_300.csv,7,8,4,26.4439664504318,26.4439664504318,02,02,1,0,True,completed
36,known_visit,HIPC,bernoulli,drop_0.25,19,361,4,10,hipc_h5_bernoulli_025,C:\Users\lottj\Desktop\research\decentralized benchmark\commitment-horizon-study\reference_core_benchmark_pilot\known_visit_10target_300.csv,8,1,4,3.926209010830641,3.926209010830641,01,01,1,0,True,completed
36,known_visit,HIPC,bernoulli,drop_0.25,19,361,4,10,hipc_h5_bernoulli_025,C:\Users\lottj\Desktop\research\decentralized benchmark\commitment-horizon-study\reference_core_benchmark_pilot\known_visit_10target_300.csv,9,16,15,30.835416352524998,30.835416352524998,03,03,1,0,True,completed
36,known_visit,HIPC,bernoulli,drop_0.25,19,361,4,10,hipc_h5_bernoulli_025,C:\Users\lottj\Desktop\research\decentralized benchmark\commitment-horizon-study\reference_core_benchmark_pilot\known_visit_10target_300.csv,10,17,7,46.30084483477561,46.30084483477561,03,03,1,0,True,completed
37,known_visit,HIPC,bernoulli,drop_0.25,19,361,4,10,hipc_h5_bernoulli_025,C:\Users\lottj\Desktop\research\decentralized benchmark\commitment-horizon-study\reference_core_benchmark_pilot\known_visit_10target_300.csv,1,15,9,58.410228610451114,58.410228610451114,00,00,1,0,True,completed
37,known_visit,HIPC,bernoulli,drop_0.25,19,361,4,10,hipc_h5_bernoulli_025,C:\Users\lottj\Desktop\research\decentralized benchmark\commitment-horizon-study\reference_core_benchmark_pilot\known_visit_10target_300.csv,2,14,10,62.37130912851439,62.37130912851439,00,00,1,0,True,completed
37,known_visit,HIPC,bernoulli,drop_0.25,19,361,4,10,hipc_h5_bernoulli_025,C:\Users\lottj\Desktop\research\decentralized benchmark\commitment-horizon-study\reference_core_benchmark_pilot\known_visit_10target_300.csv,3,17,14,74.79551975793225,74.79551975793225,00,00,1,0,True,completed
37,known_visit,HIPC,bernoulli,drop_0.25,19,361,4,10,hipc_h5_bernoulli_025,C:\Users\lottj\Desktop\research\decentralized benchmark\commitment-horizon-study\reference_core_benchmark_pilot\known_visit_10target_300.csv,4,10,3,28.648611689767467,28.648611689767467,00,00,1,0,True,completed
37,known_visit,HIPC,bernoulli,drop_0.25,19,361,4,10,hipc_h5_bernoulli_025,C:\Users\lottj\Desktop\research\decentralized benchmark\commitment-horizon-study\reference_core_benchmark_pilot\known_visit_10target_300.csv,5,0,8,2.184693291444087,2.184693291444087,01,01,1,0,True,completed
37,known_visit,HIPC,bernoulli,drop_0.25,19,361,4,10,hipc_h5_bernoulli_025,C:\Users\lottj\Desktop\research\decentralized benchmark\commitment-horizon-study\reference_core_benchmark_pilot\known_visit_10target_300.csv,6,2,3,7.248758348225095,7.248758348225095,00,00,1,0,True,completed
37,known_visit,HIPC,bernoulli,drop_0.25,19,361,4,10,hipc_h5_bernoulli_025,C:\Users\lottj\Desktop\research\decentralized benchmark\commitment-horizon-study\reference_core_benchmark_pilot\known_visit_10target_300.csv,7,0,13,0.5554337204165032,0.5554337204165032,02,02,1,0,True,completed
37,known_visit,HIPC,bernoulli,drop_0.25,19,361,4,10,hipc_h5_bernoulli_025,C:\Users\lottj\Desktop\research\decentralized benchmark\commitment-horizon-study\reference_core_benchmark_pilot\known_visit_10target_300.csv,8,10,6,33.615759544978815,33.615759544978815,00,00,1,0,True,completed
37,known_visit,HIPC,bernoulli,drop_0.25,19,361,4,10,hipc_h5_bernoulli_025,C:\Users\lottj\Desktop\research\decentralized benchmark\commitment-horizon-study\reference_core_benchmark_pilot\known_visit_10target_300.csv,9,6,1,18.023109472537104,18.023109472537104,00,00,1,0,True,completed
37,known_visit,HIPC,bernoulli,drop_0.25,19,361,4,10,hipc_h5_bernoulli_025,C:\Users\lottj\Desktop\research\decentralized benchmark\commitment-horizon-study\reference_core_benchmark_pilot\known_visit_10target_300.csv,10,7,8,42.428597375569325,42.428597375569325,00,00,2,1,True,completed
38,known_visit,HIPC,bernoulli,drop_0.25,19,361,4,10,hipc_h5_bernoulli_025,C:\Users\lottj\Desktop\research\decentralized benchmark\commitment-horizon-study\reference_core_benchmark_pilot\known_visit_10target_300.csv,1,16,4,32.87344431706651,32.87344431706651,00,00,1,0,True,completed
38,known_visit,HIPC,bernoulli,drop_0.25,19,361,4,10,hipc_h5_bernoulli_025,C:\Users\lottj\Desktop\research\decentralized benchmark\commitment-horizon-study\reference_core_benchmark_pilot\known_visit_10target_300.csv,2,4,14,9.06641899687862,9.06641899687862,02,02,1,0,True,completed
38,known_visit,HIPC,bernoulli,drop_0.25,19,361,4,10,hipc_h5_bernoulli_025,C:\Users\lottj\Desktop\research\decentralized benchmark\commitment-horizon-study\reference_core_benchmark_pilot\known_visit_10target_300.csv,3,18,1,41.77336643412335,41.77336643412335,00,00,1,0,True,completed
38,known_visit,HIPC,bernoulli,drop_0.25,19,361,4,10,hipc_h5_bernoulli_025,C:\Users\lottj\Desktop\research\decentralized benchmark\commitment-horizon-study\reference_core_benchmark_pilot\known_visit_10target_300.csv,4,4,8,23.63930884921139,23.63930884921139,02,02,1,0,True,completed
38,known_visit,HIPC,bernoulli,drop_0.25,19,361,4,10,hipc_h5_bernoulli_025,C:\Users\lottj\Desktop\research\decentralized benchmark\commitment-horizon-study\reference_core_benchmark_pilot\known_visit_10target_300.csv,5,18,10,61.87176922792446,61.87176922792446,00,00,1,0,True,completed
38,known_visit,HIPC,bernoulli,drop_0.25,19,361,4,10,hipc_h5_bernoulli_025,C:\Users\lottj\Desktop\research\decentralized benchmark\commitment-horizon-study\reference_core_benchmark_pilot\known_visit_10target_300.csv,6,18,8,58.25082037540079,58.25082037540079,00,00,1,0,True,completed
38,known_visit,HIPC,bernoulli,drop_0.25,19,361,4,10,hipc_h5_bernoulli_025,C:\Users\lottj\Desktop\research\decentralized benchmark\commitment-horizon-study\reference_core_benchmark_pilot\known_visit_10target_300.csv,7,3,8,25.31705635986309,25.31705635986309,02,02,1,0,True,completed
38,known_visit,HIPC,bernoulli,drop_0.25,19,361,4,10,hipc_h5_bernoulli_025,C:\Users\lottj\Desktop\research\decentralized benchmark\commitment-horizon-study\reference_core_benchmark_pilot\known_visit_10target_300.csv,8,5,11,16.322254575402685,16.322254575402685,02,02,1,0,True,completed
38,known_visit,HIPC,bernoulli,drop_0.25,19,361,4,10,hipc_h5_bernoulli_025,C:\Users\lottj\Desktop\research\decentralized benchmark\commitment-horizon-study\reference_core_benchmark_pilot\known_visit_10target_300.csv,9,18,2,40.00145294673351,40.00145294673351,00,00,1,0,True,completed
38,known_visit,HIPC,bernoulli,drop_0.25,19,361,4,10,hipc_h5_bernoulli_025,C:\Users\lottj\Desktop\research\decentralized benchmark\commitment-horizon-study\reference_core_benchmark_pilot\known_visit_10target_300.csv,10,13,2,24.259051834517127,24.259051834517127,00,00,1,0,True,completed
39,known_visit,HIPC,bernoulli,drop_0.25,19,361,4,10,hipc_h5_bernoulli_025,C:\Users\lottj\Desktop\research\decentralized benchmark\commitment-horizon-study\reference_core_benchmark_pilot\known_visit_10target_300.csv,1,5,15,31.417152646482318,31.417152646482318,02,02,1,0,True,completed
39,known_visit,HIPC,bernoulli,drop_0.25,19,361,4,10,hipc_h5_bernoulli_025,C:\Users\lottj\Desktop\research\decentralized benchmark\commitment-horizon-study\reference_core_benchmark_pilot\known_visit_10target_300.csv,2,2,13,4.289691720222448,4.289691720222448,02,02,1,0,True,completed
39,known_visit,HIPC,bernoulli,drop_0.25,19,361,4,10,hipc_h5_bernoulli_025,C:\Users\lottj\Desktop\research\decentralized benchmark\commitment-horizon-study\reference_core_benchmark_pilot\known_visit_10target_300.csv,3,17,12,72.88993649668024,72.88993649668024,01,01,1,0,True,completed
39,known_visit,HIPC,bernoulli,drop_0.25,19,361,4,10,hipc_h5_bernoulli_025,C:\Users\lottj\Desktop\research\decentralized benchmark\commitment-horizon-study\reference_core_benchmark_pilot\known_visit_10target_300.csv,4,3,9,13.446902344941362,13.446902344941362,02,02,2,1,True,completed
39,known_visit,HIPC,bernoulli,drop_0.25,19,361,4,10,hipc_h5_bernoulli_025,C:\Users\lottj\Desktop\research\decentralized benchmark\commitment-horizon-study\reference_core_benchmark_pilot\known_visit_10target_300.csv,5,6,9,18.630747127726174,18.630747127726174,02,02,2,1,True,completed
39,known_visit,HIPC,bernoulli,drop_0.25,19,361,4,10,hipc_h5_bernoulli_025,C:\Users\lottj\Desktop\research\decentralized benchmark\commitment-horizon-study\reference_core_benchmark_pilot\known_visit_10target_300.csv,6,7,3,16.6932832183467,16.6932832183467,00,00,1,0,True,completed
39,known_visit,HIPC,bernoulli,drop_0.25,19,361,4,10,hipc_h5_bernoulli_025,C:\Users\lottj\Desktop\research\decentralized benchmark\commitment-horizon-study\reference_core_benchmark_pilot\known_visit_10target_300.csv,7,1,13,2.2646869426923897,2.2646869426923897,02,02,1,0,True,completed
39,known_visit,HIPC,bernoulli,drop_0.25,19,361,4,10,hipc_h5_bernoulli_025,C:\Users\lottj\Desktop\research\decentralized benchmark\commitment-horizon-study\reference_core_benchmark_pilot\known_visit_10target_300.csv,8,3,3,9.554513234919463,9.554513234919463,00,00,1,0,True,completed
39,known_visit,HIPC,bernoulli,drop_0.25,19,361,4,10,hipc_h5_bernoulli_025,C:\Users\lottj\Desktop\research\decentralized benchmark\commitment-horizon-study\reference_core_benchmark_pilot\known_visit_10target_300.csv,9,10,13,47.578125467724384,47.578125467724384,02,02,1,0,True,completed
39,known_visit,HIPC,bernoulli,drop_0.25,19,361,4,10,hipc_h5_bernoulli_025,C:\Users\lottj\Desktop\research\decentralized benchmark\commitment-horizon-study\reference_core_benchmark_pilot\known_visit_10target_300.csv,10,11,11,60.74394264349805,60.74394264349805,01,01,1,0,True,completed
40,known_visit,HIPC,bernoulli,drop_0.25,19,361,4,10,hipc_h5_bernoulli_025,C:\Users\lottj\Desktop\research\decentralized benchmark\commitment-horizon-study\reference_core_benchmark_pilot\known_visit_10target_300.csv,1,1,1,2.296346417926019,2.296346417926019,00,00,1,0,True,completed
40,known_visit,HIPC,bernoulli,drop_0.25,19,361,4,10,hipc_h5_bernoulli_025,C:\Users\lottj\Desktop\research\decentralized benchmark\commitment-horizon-study\reference_core_benchmark_pilot\known_visit_10target_300.csv,2,4,8,16.18501131937793,16.18501131937793,01,01,1,0,True,completed
40,known_visit,HIPC,bernoulli,drop_0.25,19,361,4,10,hipc_h5_bernoulli_025,C:\Users\lottj\Desktop\research\decentralized benchmark\commitment-horizon-study\reference_core_benchmark_pilot\known_visit_10target_300.csv,3,2,9,7.1208126498026605,7.1208126498026605,01,01,1,0,True,completed
40,known_visit,HIPC,bernoulli,drop_0.25,19,361,4,10,hipc_h5_bernoulli_025,C:\Users\lottj\Desktop\research\decentralized benchmark\commitment-horizon-study\reference_core_benchmark_pilot\known_visit_10target_300.csv,4,13,18,32.22864511224639,32.22864511224639,03,03,1,0,True,completed
40,known_visit,HIPC,bernoulli,drop_0.25,19,361,4,10,hipc_h5_bernoulli_025,C:\Users\lottj\Desktop\research\decentralized benchmark\commitment-horizon-study\reference_core_benchmark_pilot\known_visit_10target_300.csv,5,4,4,22.95509774907711,22.95509774907711,01,01,1,0,True,completed
40,known_visit,HIPC,bernoulli,drop_0.25,19,361,4,10,hipc_h5_bernoulli_025,C:\Users\lottj\Desktop\research\decentralized benchmark\commitment-horizon-study\reference_core_benchmark_pilot\known_visit_10target_300.csv,6,10,4,33.47156331727445,33.47156331727445,01,01,1,0,True,completed
40,known_visit,HIPC,bernoulli,drop_0.25,19,361,4,10,hipc_h5_bernoulli_025,C:\Users\lottj\Desktop\research\decentralized benchmark\commitment-horizon-study\reference_core_benchmark_pilot\known_visit_10target_300.csv,7,0,17,0.5406133171318462,0.5406133171318462,03,03,1,0,True,completed
40,known_visit,HIPC,bernoulli,drop_0.25,19,361,4,10,hipc_h5_bernoulli_025,C:\Users\lottj\Desktop\research\decentralized benchmark\commitment-horizon-study\reference_core_benchmark_pilot\known_visit_10target_300.csv,8,7,15,16.424835714984848,16.424835714984848,03,03,1,0,True,completed
40,known_visit,HIPC,bernoulli,drop_0.25,19,361,4,10,hipc_h5_bernoulli_025,C:\Users\lottj\Desktop\research\decentralized benchmark\commitment-horizon-study\reference_core_benchmark_pilot\known_visit_10target_300.csv,9,4,10,12.451664495237674,12.451664495237674,01,01,1,0,True,completed
40,known_visit,HIPC,bernoulli,drop_0.25,19,361,4,10,hipc_h5_bernoulli_025,C:\Users\lottj\Desktop\research\decentralized benchmark\commitment-horizon-study\reference_core_benchmark_pilot\known_visit_10target_300.csv,10,7,17,12.72941175586446,12.72941175586446,03,03,1,0,True,completed
41,known_visit,HIPC,bernoulli,drop_0.25,19,361,4,10,hipc_h5_bernoulli_025,C:\Users\lottj\Desktop\research\decentralized benchmark\commitment-horizon-study\reference_core_benchmark_pilot\known_visit_10target_300.csv,1,7,2,14.421257804543883,14.421257804543883,00,00,2,1,True,completed
41,known_visit,HIPC,bernoulli,drop_0.25,19,361,4,10,hipc_h5_bernoulli_025,C:\Users\lottj\Desktop\research\decentralized benchmark\commitment-horizon-study\reference_core_benchmark_pilot\known_visit_10target_300.csv,2,15,1,38.42441711953215,38.42441711953215,01,01,1,0,True,completed
41,known_visit,HIPC,bernoulli,drop_0.25,19,361,4,10,hipc_h5_bernoulli_025,C:\Users\lottj\Desktop\research\decentralized benchmark\commitment-horizon-study\reference_core_benchmark_pilot\known_visit_10target_300.csv,3,6,2,12.440375037897084,12.440375037897084,00,00,1,0,True,completed
41,known_visit,HIPC,bernoulli,drop_0.25,19,361,4,10,hipc_h5_bernoulli_025,C:\Users\lottj\Desktop\research\decentralized benchmark\commitment-horizon-study\reference_core_benchmark_pilot\known_visit_10target_300.csv,4,7,5,12.595336345619726,12.595336345619726,01,01,2,1,True,completed
41,known_visit,HIPC,bernoulli,drop_0.25,19,361,4,10,hipc_h5_bernoulli_025,C:\Users\lottj\Desktop\research\decentralized benchmark\commitment-horizon-study\reference_core_benchmark_pilot\known_visit_10target_300.csv,5,1,6,0.22344159477749587,0.22344159477749587,01,01,1,0,True,completed
41,known_visit,HIPC,bernoulli,drop_0.25,19,361,4,10,hipc_h5_bernoulli_025,C:\Users\lottj\Desktop\research\decentralized benchmark\commitment-horizon-study\reference_core_benchmark_pilot\known_visit_10target_300.csv,6,13,1,34.71383498246377,34.71383498246377,01,01,1,0,True,completed
41,known_visit,HIPC,bernoulli,drop_0.25,19,361,4,10,hipc_h5_bernoulli_025,C:\Users\lottj\Desktop\research\decentralized benchmark\commitment-horizon-study\reference_core_benchmark_pilot\known_visit_10target_300.csv,7,9,10,17.623898183266288,17.623898183266288,02,02,1,0,True,completed
41,known_visit,HIPC,bernoulli,drop_0.25,19,361,4,10,hipc_h5_bernoulli_025,C:\Users\lottj\Desktop\research\decentralized benchmark\commitment-horizon-study\reference_core_benchmark_pilot\known_visit_10target_300.csv,8,5,0,6.933037106694297,6.933037106694297,00,00,1,0,True,completed
41,known_visit,HIPC,bernoulli,drop_0.25,19,361,4,10,hipc_h5_bernoulli_025,C:\Users\lottj\Desktop\research\decentralized benchmark\commitment-horizon-study\reference_core_benchmark_pilot\known_visit_10target_300.csv,9,13,2,32.69022608577707,32.69022608577707,01,01,1,0,True,completed
41,known_visit,HIPC,bernoulli,drop_0.25,19,361,4,10,hipc_h5_bernoulli_025,C:\Users\lottj\Desktop\research\decentralized benchmark\commitment-horizon-study\reference_core_benchmark_pilot\known_visit_10target_300.csv,10,13,10,24.789851930858426,24.789851930858426,02,02,1,0,True,completed
42,known_visit,HIPC,bernoulli,drop_0.25,19,361,4,10,hipc_h5_bernoulli_025,C:\Users\lottj\Desktop\research\decentralized benchmark\commitment-horizon-study\reference_core_benchmark_pilot\known_visit_10target_300.csv,1,2,15,7.067241121802122,7.067241121802122,02,02,1,0,True,completed
42,known_visit,HIPC,bernoulli,drop_0.25,19,361,4,10,hipc_h5_bernoulli_025,C:\Users\lottj\Desktop\research\decentralized benchmark\commitment-horizon-study\reference_core_benchmark_pilot\known_visit_10target_300.csv,2,2,14,5.393867596611948,5.393867596611948,02,02,1,0,True,completed
42,known_visit,HIPC,bernoulli,drop_0.25,19,361,4,10,hipc_h5_bernoulli_025,C:\Users\lottj\Desktop\research\decentralized benchmark\commitment-horizon-study\reference_core_benchmark_pilot\known_visit_10target_300.csv,3,17,7,46.777956118218725,46.777956118218725,03,03,1,0,True,completed
42,known_visit,HIPC,bernoulli,drop_0.25,19,361,4,10,hipc_h5_bernoulli_025,C:\Users\lottj\Desktop\research\decentralized benchmark\commitment-horizon-study\reference_core_benchmark_pilot\known_visit_10target_300.csv,4,4,12,16.400849607214884,16.400849607214884,02,02,1,0,True,completed
42,known_visit,HIPC,bernoulli,drop_0.25,19,361,4,10,hipc_h5_bernoulli_025,C:\Users\lottj\Desktop\research\decentralized benchmark\commitment-horizon-study\reference_core_benchmark_pilot\known_visit_10target_300.csv,5,6,13,22.257339815069393,22.257339815069393,02,02,1,0,True,completed
42,known_visit,HIPC,bernoulli,drop_0.25,19,361,4,10,hipc_h5_bernoulli_025,C:\Users\lottj\Desktop\research\decentralized benchmark\commitment-horizon-study\reference_core_benchmark_pilot\known_visit_10target_300.csv,6,17,15,32.96380173985417,32.96380173985417,03,03,1,0,True,completed
42,known_visit,HIPC,bernoulli,drop_0.25,19,361,4,10,hipc_h5_bernoulli_025,C:\Users\lottj\Desktop\research\decentralized benchmark\commitment-horizon-study\reference_core_benchmark_pilot\known_visit_10target_300.csv,7,9,18,13.981863063415028,13.981863063415028,03,03,1,0,True,completed
42,known_visit,HIPC,bernoulli,drop_0.25,19,361,4,10,hipc_h5_bernoulli_025,C:\Users\lottj\Desktop\research\decentralized benchmark\commitment-horizon-study\reference_core_benchmark_pilot\known_visit_10target_300.csv,8,17,5,50.305520210434146,50.305520210434146,03,03,1,0,True,completed
42,known_visit,HIPC,bernoulli,drop_0.25,19,361,4,10,hipc_h5_bernoulli_025,C:\Users\lottj\Desktop\research\decentralized benchmark\commitment-horizon-study\reference_core_benchmark_pilot\known_visit_10target_300.csv,9,9,11,31.54438414444102,31.54438414444102,02,02,1,0,True,completed
42,known_visit,HIPC,bernoulli,drop_0.25,19,361,4,10,hipc_h5_bernoulli_025,C:\Users\lottj\Desktop\research\decentralized benchmark\commitment-horizon-study\reference_core_benchmark_pilot\known_visit_10target_300.csv,10,5,2,10.672748057546599,10.672748057546599,00,00,1,0,True,completed
43,known_visit,HIPC,bernoulli,drop_0.25,19,361,4,10,hipc_h5_bernoulli_025,C:\Users\lottj\Desktop\research\decentralized benchmark\commitment-horizon-study\reference_core_benchmark_pilot\known_visit_10target_300.csv,1,0,10,2.2625863893990954,2.2625863893990954,02,02,1,0,True,completed
43,known_visit,HIPC,bernoulli,drop_0.25,19,361,4,10,hipc_h5_bernoulli_025,C:\Users\lottj\Desktop\research\decentralized benchmark\commitment-horizon-study\reference_core_benchmark_pilot\known_visit_10target_300.csv,2,18,5,92.01277366363958,92.01277366363958,01,01,1,0,True,completed
43,known_visit,HIPC,bernoulli,drop_0.25,19,361,4,10,hipc_h5_bernoulli_025,C:\Users\lottj\Desktop\research\decentralized benchmark\commitment-horizon-study\reference_core_benchmark_pilot\known_visit_10target_300.csv,3,2,7,3.982348576549383,3.982348576549383,01,01,1,0,True,completed
43,known_visit,HIPC,bernoulli,drop_0.25,19,361,4,10,hipc_h5_bernoulli_025,C:\Users\lottj\Desktop\research\decentralized benchmark\commitment-horizon-study\reference_core_benchmark_pilot\known_visit_10target_300.csv,4,17,15,72.93324612004115,72.93324612004115,01,01,1,0,True,completed
43,known_visit,HIPC,bernoulli,drop_0.25,19,361,4,10,hipc_h5_bernoulli_025,C:\Users\lottj\Desktop\research\decentralized benchmark\commitment-horizon-study\reference_core_benchmark_pilot\known_visit_10target_300.csv,5,10,4,23.63586295533784,23.63586295533784,01,01,1,0,True,completed
43,known_visit,HIPC,bernoulli,drop_0.25,19,361,4,10,hipc_h5_bernoulli_025,C:\Users\lottj\Desktop\research\decentralized benchmark\commitment-horizon-study\reference_core_benchmark_pilot\known_visit_10target_300.csv,6,13,11,59.20769836541346,59.20769836541346,01,01,1,0,True,completed
43,known_visit,HIPC,bernoulli,drop_0.25,19,361,4,10,hipc_h5_bernoulli_025,C:\Users\lottj\Desktop\research\decentralized benchmark\commitment-horizon-study\reference_core_benchmark_pilot\known_visit_10target_300.csv,7,4,5,11.546529590874693,11.546529590874693,01,01,2,1,True,completed
43,known_visit,HIPC,bernoulli,drop_0.25,19,361,4,10,hipc_h5_bernoulli_025,C:\Users\lottj\Desktop\research\decentralized benchmark\commitment-horizon-study\reference_core_benchmark_pilot\known_visit_10target_300.csv,8,14,9,53.76396691508259,53.76396691508259,01,01,1,0,True,completed
43,known_visit,HIPC,bernoulli,drop_0.25,19,361,4,10,hipc_h5_bernoulli_025,C:\Users\lottj\Desktop\research\decentralized benchmark\commitment-horizon-study\reference_core_benchmark_pilot\known_visit_10target_300.csv,9,2,3,6.965864441242282,6.965864441242282,00,00,1,0,True,completed
43,known_visit,HIPC,bernoulli,drop_0.25,19,361,4,10,hipc_h5_bernoulli_025,C:\Users\lottj\Desktop\research\decentralized benchmark\commitment-horizon-study\reference_core_benchmark_pilot\known_visit_10target_300.csv,10,14,1,35.98448191937913,35.98448191937913,01,01,1,0,True,completed
44,known_visit,HIPC,bernoulli,drop_0.25,19,361,4,10,hipc_h5_bernoulli_025,C:\Users\lottj\Desktop\research\decentralized benchmark\commitment-horizon-study\reference_core_benchmark_pilot\known_visit_10target_300.csv,1,15,0,41.37583324210608,41.37583324210608,00,00,1,0,True,completed
44,known_visit,HIPC,bernoulli,drop_0.25,19,361,4,10,hipc_h5_bernoulli_025,C:\Users\lottj\Desktop\research\decentralized benchmark\commitment-horizon-study\reference_core_benchmark_pilot\known_visit_10target_300.csv,2,6,14,12.30237993557193,12.30237993557193,02,02,1,0,True,completed
44,known_visit,HIPC,bernoulli,drop_0.25,19,361,4,10,hipc_h5_bernoulli_025,C:\Users\lottj\Desktop\research\decentralized benchmark\commitment-horizon-study\reference_core_benchmark_pilot\known_visit_10target_300.csv,3,6,12,8.580324912253985,8.580324912253985,02,02,1,0,True,completed
44,known_visit,HIPC,bernoulli,drop_0.25,19,361,4,10,hipc_h5_bernoulli_025,C:\Users\lottj\Desktop\research\decentralized benchmark\commitment-horizon-study\reference_core_benchmark_pilot\known_visit_10target_300.csv,4,8,18,11.892629915584115,11.892629915584115,03,03,1,0,True,completed
44,known_visit,HIPC,bernoulli,drop_0.25,19,361,4,10,hipc_h5_bernoulli_025,C:\Users\lottj\Desktop\research\decentralized benchmark\commitment-horizon-study\reference_core_benchmark_pilot\known_visit_10target_300.csv,5,9,5,22.4962363006874,22.4962363006874,00,00,1,0,True,completed
44,known_visit,HIPC,bernoulli,drop_0.25,19,361,4,10,hipc_h5_bernoulli_025,C:\Users\lottj\Desktop\research\decentralized benchmark\commitment-horizon-study\reference_core_benchmark_pilot\known_visit_10target_300.csv,6,4,3,10.579256170044463,10.579256170044463,00,00,2,1,True,completed
44,known_visit,HIPC,bernoulli,drop_0.25,19,361,4,10,hipc_h5_bernoulli_025,C:\Users\lottj\Desktop\research\decentralized benchmark\commitment-horizon-study\reference_core_benchmark_pilot\known_visit_10target_300.csv,7,10,13,21.355216049003285,21.355216049003285,02,02,1,0,True,completed
44,known_visit,HIPC,bernoulli,drop_0.25,19,361,4,10,hipc_h5_bernoulli_025,C:\Users\lottj\Desktop\research\decentralized benchmark\commitment-horizon-study\reference_core_benchmark_pilot\known_visit_10target_300.csv,8,15,10,35.16943065187703,35.16943065187703,02,02,1,0,True,completed
44,known_visit,HIPC,bernoulli,drop_0.25,19,361,4,10,hipc_h5_bernoulli_025,C:\Users\lottj\Desktop\research\decentralized benchmark\commitment-horizon-study\reference_core_benchmark_pilot\known_visit_10target_300.csv,9,0,7,0.46487597727125063,0.46487597727125063,01,01,1,0,True,completed
44,known_visit,HIPC,bernoulli,drop_0.25,19,361,4,10,hipc_h5_bernoulli_025,C:\Users\lottj\Desktop\research\decentralized benchmark\commitment-horizon-study\reference_core_benchmark_pilot\known_visit_10target_300.csv,10,12,5,27.720054521884062,27.720054521884062,00,00,1,0,True,completed
45,known_visit,HIPC,bernoulli,drop_0.25,19,361,4,10,hipc_h5_bernoulli_025,C:\Users\lottj\Desktop\research\decentralized benchmark\commitment-horizon-study\reference_core_benchmark_pilot\known_visit_10target_300.csv,1,8,17,14.03832586457209,14.03832586457209,03,03,1,0,True,completed
45,known_visit,HIPC,bernoulli,drop_0.25,19,361,4,10,hipc_h5_bernoulli_025,C:\Users\lottj\Desktop\research\decentralized benchmark\commitment-horizon-study\reference_core_benchmark_pilot\known_visit_10target_300.csv,2,3,1,5.777973943460094,5.777973943460094,00,00,1,0,True,completed
45,known_visit,HIPC,bernoulli,drop_0.25,19,361,4,10,hipc_h5_bernoulli_025,C:\Users\lottj\Desktop\research\decentralized benchmark\commitment-horizon-study\reference_core_benchmark_pilot\known_visit_10target_300.csv,3,16,5,30.460702610854796,30.460702610854796,01,01,1,0,True,completed
45,known_visit,HIPC,bernoulli,drop_0.25,19,361,4,10,hipc_h5_bernoulli_025,C:\Users\lottj\Desktop\research\decentralized benchmark\commitment-horizon-study\reference_core_benchmark_pilot\known_visit_10target_300.csv,4,18,16,71.57450625259469,71.57450625259469,01,01,1,0,True,completed
45,known_visit,HIPC,bernoulli,drop_0.25,19,361,4,10,hipc_h5_bernoulli_025,C:\Users\lottj\Desktop\research\decentralized benchmark\commitment-horizon-study\reference_core_benchmark_pilot\known_visit_10target_300.csv,5,18,3,41.750230740742424,41.750230740742424,01,01,1,0,True,completed
45,known_visit,HIPC,bernoulli,drop_0.25,19,361,4,10,hipc_h5_bernoulli_025,C:\Users\lottj\Desktop\research\decentralized benchmark\commitment-horizon-study\reference_core_benchmark_pilot\known_visit_10target_300.csv,6,16,2,35.93796921353261,35.93796921353261,01,01,1,0,True,completed
45,known_visit,HIPC,bernoulli,drop_0.25,19,361,4,10,hipc_h5_bernoulli_025,C:\Users\lottj\Desktop\research\decentralized benchmark\commitment-horizon-study\reference_core_benchmark_pilot\known_visit_10target_300.csv,7,7,5,12.35395122787026,12.35395122787026,01,01,1,0,True,completed
45,known_visit,HIPC,bernoulli,drop_0.25,19,361,4,10,hipc_h5_bernoulli_025,C:\Users\lottj\Desktop\research\decentralized benchmark\commitment-horizon-study\reference_core_benchmark_pilot\known_visit_10target_300.csv,8,9,12,21.563714101157156,21.563714101157156,02,02,1,0,True,completed
45,known_visit,HIPC,bernoulli,drop_0.25,19,361,4,10,hipc_h5_bernoulli_025,C:\Users\lottj\Desktop\research\decentralized benchmark\commitment-horizon-study\reference_core_benchmark_pilot\known_visit_10target_300.csv,9,5,10,10.915317398595615,10.915317398595615,02,02,1,0,True,completed
45,known_visit,HIPC,bernoulli,drop_0.25,19,361,4,10,hipc_h5_bernoulli_025,C:\Users\lottj\Desktop\research\decentralized benchmark\commitment-horizon-study\reference_core_benchmark_pilot\known_visit_10target_300.csv,10,16,9,55.620679988408085,55.620679988408085,01,01,1,0,True,completed
46,known_visit,HIPC,bernoulli,drop_0.25,19,361,4,10,hipc_h5_bernoulli_025,C:\Users\lottj\Desktop\research\decentralized benchmark\commitment-horizon-study\reference_core_benchmark_pilot\known_visit_10target_300.csv,1,16,14,51.06177367655636,51.06177367655636,00,00,1,0,True,completed
46,known_visit,HIPC,bernoulli,drop_0.25,19,361,4,10,hipc_h5_bernoulli_025,C:\Users\lottj\Desktop\research\decentralized benchmark\commitment-horizon-study\reference_core_benchmark_pilot\known_visit_10target_300.csv,2,2,4,5.910583395680137,5.910583395680137,01,01,1,0,True,completed
46,known_visit,HIPC,bernoulli,drop_0.25,19,361,4,10,hipc_h5_bernoulli_025,C:\Users\lottj\Desktop\research\decentralized benchmark\commitment-horizon-study\reference_core_benchmark_pilot\known_visit_10target_300.csv,3,16,2,30.398819392503373,30.398819392503373,00,00,1,0,True,completed
46,known_visit,HIPC,bernoulli,drop_0.25,19,361,4,10,hipc_h5_bernoulli_025,C:\Users\lottj\Desktop\research\decentralized benchmark\commitment-horizon-study\reference_core_benchmark_pilot\known_visit_10target_300.csv,4,4,16,8.864435063509138,8.864435063509138,03,03,1,0,True,completed
46,known_visit,HIPC,bernoulli,drop_0.25,19,361,4,10,hipc_h5_bernoulli_025,C:\Users\lottj\Desktop\research\decentralized benchmark\commitment-horizon-study\reference_core_benchmark_pilot\known_visit_10target_300.csv,5,5,13,30.672602421746383,30.672602421746383,03,03,1,0,True,completed
46,known_visit,HIPC,bernoulli,drop_0.25,19,361,4,10,hipc_h5_bernoulli_025,C:\Users\lottj\Desktop\research\decentralized benchmark\commitment-horizon-study\reference_core_benchmark_pilot\known_visit_10target_300.csv,6,0,4,2.3126056543363207,2.3126056543363207,01,01,1,0,True,completed
46,known_visit,HIPC,bernoulli,drop_0.25,19,361,4,10,hipc_h5_bernoulli_025,C:\Users\lottj\Desktop\research\decentralized benchmark\commitment-horizon-study\reference_core_benchmark_pilot\known_visit_10target_300.csv,7,6,15,14.191076968724465,14.191076968724465,03,03,1,0,True,completed
46,known_visit,HIPC,bernoulli,drop_0.25,19,361,4,10,hipc_h5_bernoulli_025,C:\Users\lottj\Desktop\research\decentralized benchmark\commitment-horizon-study\reference_core_benchmark_pilot\known_visit_10target_300.csv,8,0,11,0.5245315974136664,0.5245315974136664,02,02,1,0,True,completed
46,known_visit,HIPC,bernoulli,drop_0.25,19,361,4,10,hipc_h5_bernoulli_025,C:\Users\lottj\Desktop\research\decentralized benchmark\commitment-horizon-study\reference_core_benchmark_pilot\known_visit_10target_300.csv,9,6,17,17.995083713380705,17.995083713380705,03,03,1,0,True,completed
46,known_visit,HIPC,bernoulli,drop_0.25,19,361,4,10,hipc_h5_bernoulli_025,C:\Users\lottj\Desktop\research\decentralized benchmark\commitment-horizon-study\reference_core_benchmark_pilot\known_visit_10target_300.csv,10,10,18,68.19531202025755,68.19531202025755,00,00,1,0,True,completed
47,known_visit,HIPC,bernoulli,drop_0.25,19,361,4,10,hipc_h5_bernoulli_025,C:\Users\lottj\Desktop\research\decentralized benchmark\commitment-horizon-study\reference_core_benchmark_pilot\known_visit_10target_300.csv,1,9,11,33.362257443158384,33.362257443158384,03,03,1,0,True,completed
47,known_visit,HIPC,bernoulli,drop_0.25,19,361,4,10,hipc_h5_bernoulli_025,C:\Users\lottj\Desktop\research\decentralized benchmark\commitment-horizon-study\reference_core_benchmark_pilot\known_visit_10target_300.csv,2,3,14,7.262114262636453,7.262114262636453,02,02,1,0,True,completed
47,known_visit,HIPC,bernoulli,drop_0.25,19,361,4,10,hipc_h5_bernoulli_025,C:\Users\lottj\Desktop\research\decentralized benchmark\commitment-horizon-study\reference_core_benchmark_pilot\known_visit_10target_300.csv,3,9,13,22.719593187296354,22.719593187296354,03,03,1,0,True,completed
47,known_visit,HIPC,bernoulli,drop_0.25,19,361,4,10,hipc_h5_bernoulli_025,C:\Users\lottj\Desktop\research\decentralized benchmark\commitment-horizon-study\reference_core_benchmark_pilot\known_visit_10target_300.csv,4,9,18,59.4931255891332,59.4931255891332,01,01,1,0,True,completed
47,known_visit,HIPC,bernoulli,drop_0.25,19,361,4,10,hipc_h5_bernoulli_025,C:\Users\lottj\Desktop\research\decentralized benchmark\commitment-horizon-study\reference_core_benchmark_pilot\known_visit_10target_300.csv,5,15,8,31.851559730729797,31.851559730729797,01,01,1,0,True,completed
47,known_visit,HIPC,bernoulli,drop_0.25,19,361,4,10,hipc_h5_bernoulli_025,C:\Users\lottj\Desktop\research\decentralized benchmark\commitment-horizon-study\reference_core_benchmark_pilot\known_visit_10target_300.csv,6,11,13,26.123087494298154,26.123087494298154,03,03,1,0,True,completed
47,known_visit,HIPC,bernoulli,drop_0.25,19,361,4,10,hipc_h5_bernoulli_025,C:\Users\lottj\Desktop\research\decentralized benchmark\commitment-horizon-study\reference_core_benchmark_pilot\known_visit_10target_300.csv,7,5,17,8.988299769075688,8.988299769075688,03,03,1,0,True,completed
47,known_visit,HIPC,bernoulli,drop_0.25,19,361,4,10,hipc_h5_bernoulli_025,C:\Users\lottj\Desktop\research\decentralized benchmark\commitment-horizon-study\reference_core_benchmark_pilot\known_visit_10target_300.csv,8,5,18,6.94742007463687,6.94742007463687,03,03,1,0,True,completed
47,known_visit,HIPC,bernoulli,drop_0.25,19,361,4,10,hipc_h5_bernoulli_025,C:\Users\lottj\Desktop\research\decentralized benchmark\commitment-horizon-study\reference_core_benchmark_pilot\known_visit_10target_300.csv,9,9,5,15.980615992162333,15.980615992162333,01,01,2,1,True,completed
47,known_visit,HIPC,bernoulli,drop_0.25,19,361,4,10,hipc_h5_bernoulli_025,C:\Users\lottj\Desktop\research\decentralized benchmark\commitment-horizon-study\reference_core_benchmark_pilot\known_visit_10target_300.csv,10,14,14,44.15171198542519,44.15171198542519,01,01,1,0,True,completed
48,known_visit,HIPC,bernoulli,drop_0.25,19,361,4,10,hipc_h5_bernoulli_025,C:\Users\lottj\Desktop\research\decentralized benchmark\commitment-horizon-study\reference_core_benchmark_pilot\known_visit_10target_300.csv,1,11,16,35.422621943413844,35.422621943413844,01,01,1,0,True,completed
48,known_visit,HIPC,bernoulli,drop_0.25,19,361,4,10,hipc_h5_bernoulli_025,C:\Users\lottj\Desktop\research\decentralized benchmark\commitment-horizon-study\reference_core_benchmark_pilot\known_visit_10target_300.csv,2,18,5,52.49869730591861,52.49869730591861,00,00,1,0,True,completed
48,known_visit,HIPC,bernoulli,drop_0.25,19,361,4,10,hipc_h5_bernoulli_025,C:\Users\lottj\Desktop\research\decentralized benchmark\commitment-horizon-study\reference_core_benchmark_pilot\known_visit_10target_300.csv,3,5,0,21.570800799896087,21.570800799896087,00,00,1,0,True,completed
48,known_visit,HIPC,bernoulli,drop_0.25,19,361,4,10,hipc_h5_bernoulli_025,C:\Users\lottj\Desktop\research\decentralized benchmark\commitment-horizon-study\reference_core_benchmark_pilot\known_visit_10target_300.csv,4,5,9,12.578070975864536,12.578070975864536,01,01,1,0,True,completed
48,known_visit,HIPC,bernoulli,drop_0.25,19,361,4,10,hipc_h5_bernoulli_025,C:\Users\lottj\Desktop\research\decentralized benchmark\commitment-horizon-study\reference_core_benchmark_pilot\known_visit_10target_300.csv,5,12,8,68.1709214166007,68.1709214166007,00,00,1,0,True,completed
48,known_visit,HIPC,bernoulli,drop_0.25,19,361,4,10,hipc_h5_bernoulli_025,C:\Users\lottj\Desktop\research\decentralized benchmark\commitment-horizon-study\reference_core_benchmark_pilot\known_visit_10target_300.csv,6,14,8,64.78958192087148,64.78958192087148,00,00,1,0,True,completed
48,known_visit,HIPC,bernoulli,drop_0.25,19,361,4,10,hipc_h5_bernoulli_025,C:\Users\lottj\Desktop\research\decentralized benchmark\commitment-horizon-study\reference_core_benchmark_pilot\known_visit_10target_300.csv,7,0,1,0.546367326726852,0.546367326726852,00,00,2,1,True,completed
48,known_visit,HIPC,bernoulli,drop_0.25,19,361,4,10,hipc_h5_bernoulli_025,C:\Users\lottj\Desktop\research\decentralized benchmark\commitment-horizon-study\reference_core_benchmark_pilot\known_visit_10target_300.csv,8,5,14,21.38024449823925,21.38024449823925,01,01,1,0,True,completed
48,known_visit,HIPC,bernoulli,drop_0.25,19,361,4,10,hipc_h5_bernoulli_025,C:\Users\lottj\Desktop\research\decentralized benchmark\commitment-horizon-study\reference_core_benchmark_pilot\known_visit_10target_300.csv,9,0,4,5.670757351504539,5.670757351504539,00,00,2,1,True,completed
48,known_visit,HIPC,bernoulli,drop_0.25,19,361,4,10,hipc_h5_bernoulli_025,C:\Users\lottj\Desktop\research\decentralized benchmark\commitment-horizon-study\reference_core_benchmark_pilot\known_visit_10target_300.csv,10,0,7,0.5459186153072079,0.5459186153072079,01,01,2,1,True,completed
49,known_visit,HIPC,bernoulli,drop_0.25,19,361,4,10,hipc_h5_bernoulli_025,C:\Users\lottj\Desktop\research\decentralized benchmark\commitment-horizon-study\reference_core_benchmark_pilot\known_visit_10target_300.csv,1,7,16,28.714460179888317,28.714460179888317,01,01,1,0,True,completed
49,known_visit,HIPC,bernoulli,drop_0.25,19,361,4,10,hipc_h5_bernoulli_025,C:\Users\lottj\Desktop\research\decentralized benchmark\commitment-horizon-study\reference_core_benchmark_pilot\known_visit_10target_300.csv,2,4,4,12.594092310909042,12.594092310909042,00,00,1,0,True,completed
49,known_visit,HIPC,bernoulli,drop_0.25,19,361,4,10,hipc_h5_bernoulli_025,C:\Users\lottj\Desktop\research\decentralized benchmark\commitment-horizon-study\reference_core_benchmark_pilot\known_visit_10target_300.csv,3,6,10,16.23515424353762,16.23515424353762,01,01,1,0,True,completed
49,known_visit,HIPC,bernoulli,drop_0.25,19,361,4,10,hipc_h5_bernoulli_025,C:\Users\lottj\Desktop\research\decentralized benchmark\commitment-horizon-study\reference_core_benchmark_pilot\known_visit_10target_300.csv,4,16,15,46.21639792767778,46.21639792767778,01,01,1,0,True,completed
49,known_visit,HIPC,bernoulli,drop_0.25,19,361,4,10,hipc_h5_bernoulli_025,C:\Users\lottj\Desktop\research\decentralized benchmark\commitment-horizon-study\reference_core_benchmark_pilot\known_visit_10target_300.csv,5,0,8,2.0478685034685786,2.0478685034685786,01,01,1,0,True,completed
49,known_visit,HIPC,bernoulli,drop_0.25,19,361,4,10,hipc_h5_bernoulli_025,C:\Users\lottj\Desktop\research\decentralized benchmark\commitment-horizon-study\reference_core_benchmark_pilot\known_visit_10target_300.csv,6,15,12,53.37241148841222,53.37241148841222,01,01,1,0,True,completed
49,known_visit,HIPC,bernoulli,drop_0.25,19,361,4,10,hipc_h5_bernoulli_025,C:\Users\lottj\Desktop\research\decentralized benchmark\commitment-horizon-study\reference_core_benchmark_pilot\known_visit_10target_300.csv,7,15,1,36.8790756585695,36.8790756585695,00,00,1,0,True,completed
49,known_visit,HIPC,bernoulli,drop_0.25,19,361,4,10,hipc_h5_bernoulli_025,C:\Users\lottj\Desktop\research\decentralized benchmark\commitment-horizon-study\reference_core_benchmark_pilot\known_visit_10target_300.csv,8,6,2,19.693159306841796,19.693159306841796,00,00,1,0,True,completed
49,known_visit,HIPC,bernoulli,drop_0.25,19,361,4,10,hipc_h5_bernoulli_025,C:\Users\lottj\Desktop\research\decentralized benchmark\commitment-horizon-study\reference_core_benchmark_pilot\known_visit_10target_300.csv,9,1,14,4.085972552204523,4.085972552204523,02,02,1,0,True,completed
49,known_visit,HIPC,bernoulli,drop_0.25,19,361,4,10,hipc_h5_bernoulli_025,C:\Users\lottj\Desktop\research\decentralized benchmark\commitment-horizon-study\reference_core_benchmark_pilot\known_visit_10target_300.csv,10,2,1,3.8891891827651,3.8891891827651,00,00,1,0,True,completed
50,known_visit,HIPC,bernoulli,drop_0.25,19,361,4,10,hipc_h5_bernoulli_025,C:\Users\lottj\Desktop\research\decentralized benchmark\commitment-horizon-study\reference_core_benchmark_pilot\known_visit_10target_300.csv,1,15,1,43.3477815806286,43.3477815806286,02,02,1,0,True,completed
50,known_visit,HIPC,bernoulli,drop_0.25,19,361,4,10,hipc_h5_bernoulli_025,C:\Users\lottj\Desktop\research\decentralized benchmark\commitment-horizon-study\reference_core_benchmark_pilot\known_visit_10target_300.csv,2,3,6,18.64914069576271,18.64914069576271,00,00,1,0,True,completed
50,known_visit,HIPC,bernoulli,drop_0.25,19,361,4,10,hipc_h5_bernoulli_025,C:\Users\lottj\Desktop\research\decentralized benchmark\commitment-horizon-study\reference_core_benchmark_pilot\known_visit_10target_300.csv,3,10,3,31.328100021357102,31.328100021357102,02,02,1,0,True,completed
50,known_visit,HIPC,bernoulli,drop_0.25,19,361,4,10,hipc_h5_bernoulli_025,C:\Users\lottj\Desktop\research\decentralized benchmark\commitment-horizon-study\reference_core_benchmark_pilot\known_visit_10target_300.csv,4,2,1,4.0280734669735745,4.0280734669735745,00,00,1,0,True,completed
50,known_visit,HIPC,bernoulli,drop_0.25,19,361,4,10,hipc_h5_bernoulli_025,C:\Users\lottj\Desktop\research\decentralized benchmark\commitment-horizon-study\reference_core_benchmark_pilot\known_visit_10target_300.csv,5,3,8,22.390759292308335,22.390759292308335,00,00,1,0,True,completed
50,known_visit,HIPC,bernoulli,drop_0.25,19,361,4,10,hipc_h5_bernoulli_025,C:\Users\lottj\Desktop\research\decentralized benchmark\commitment-horizon-study\reference_core_benchmark_pilot\known_visit_10target_300.csv,6,8,0,57.247869736000595,57.247869736000595,02,02,1,0,True,completed
50,known_visit,HIPC,bernoulli,drop_0.25,19,361,4,10,hipc_h5_bernoulli_025,C:\Users\lottj\Desktop\research\decentralized benchmark\commitment-horizon-study\reference_core_benchmark_pilot\known_visit_10target_300.csv,7,4,12,5.403616437418648,5.403616437418648,02,02,1,0,True,completed
50,known_visit,HIPC,bernoulli,drop_0.25,19,361,4,10,hipc_h5_bernoulli_025,C:\Users\lottj\Desktop\research\decentralized benchmark\commitment-horizon-study\reference_core_benchmark_pilot\known_visit_10target_300.csv,8,0,9,3.7946678717411326,3.7946678717411326,01,01,1,0,True,completed
50,known_visit,HIPC,bernoulli,drop_0.25,19,361,4,10,hipc_h5_bernoulli_025,C:\Users\lottj\Desktop\research\decentralized benchmark\commitment-horizon-study\reference_core_benchmark_pilot\known_visit_10target_300.csv,9,7,4,24.44927916156341,24.44927916156341,02,02,1,0,True,completed
50,known_visit,HIPC,bernoulli,drop_0.25,19,361,4,10,hipc_h5_bernoulli_025,C:\Users\lottj\Desktop\research\decentralized benchmark\commitment-horizon-study\reference_core_benchmark_pilot\known_visit_10target_300.csv,10,1,4,11.236284624333488,11.236284624333488,00,00,2,1,True,completed
51,known_visit,HIPC,bernoulli,drop_0.25,19,361,4,10,hipc_h5_bernoulli_025,C:\Users\lottj\Desktop\research\decentralized benchmark\commitment-horizon-study\reference_core_benchmark_pilot\known_visit_10target_300.csv,1,15,17,48.57511734494879,48.57511734494879,02,02,1,0,True,completed
51,known_visit,HIPC,bernoulli,drop_0.25,19,361,4,10,hipc_h5_bernoulli_025,C:\Users\lottj\Desktop\research\decentralized benchmark\commitment-horizon-study\reference_core_benchmark_pilot\known_visit_10target_300.csv,2,10,12,23.292768901516677,23.292768901516677,02,02,1,0,True,completed
51,known_visit,HIPC,bernoulli,drop_0.25,19,361,4,10,hipc_h5_bernoulli_025,C:\Users\lottj\Desktop\research\decentralized benchmark\commitment-horizon-study\reference_core_benchmark_pilot\known_visit_10target_300.csv,3,2,10,5.6168573132056,5.6168573132056,02,02,2,1,True,completed
51,known_visit,HIPC,bernoulli,drop_0.25,19,361,4,10,hipc_h5_bernoulli_025,C:\Users\lottj\Desktop\research\decentralized benchmark\commitment-horizon-study\reference_core_benchmark_pilot\known_visit_10target_300.csv,4,14,13,39.666911731097045,39.666911731097045,02,02,1,0,True,completed
51,known_visit,HIPC,bernoulli,drop_0.25,19,361,4,10,hipc_h5_bernoulli_025,C:\Users\lottj\Desktop\research\decentralized benchmark\commitment-horizon-study\reference_core_benchmark_pilot\known_visit_10target_300.csv,5,7,10,14.249633572510156,14.249633572510156,02,02,1,0,True,completed
51,known_visit,HIPC,bernoulli,drop_0.25,19,361,4,10,hipc_h5_bernoulli_025,C:\Users\lottj\Desktop\research\decentralized benchmark\commitment-horizon-study\reference_core_benchmark_pilot\known_visit_10target_300.csv,6,8,14,19.58849967425627,19.58849967425627,03,03,2,1,True,completed
51,known_visit,HIPC,bernoulli,drop_0.25,19,361,4,10,hipc_h5_bernoulli_025,C:\Users\lottj\Desktop\research\decentralized benchmark\commitment-horizon-study\reference_core_benchmark_pilot\known_visit_10target_300.csv,7,13,13,37.62628249270102,37.62628249270102,02,02,1,0,True,completed
51,known_visit,HIPC,bernoulli,drop_0.25,19,361,4,10,hipc_h5_bernoulli_025,C:\Users\lottj\Desktop\research\decentralized benchmark\commitment-horizon-study\reference_core_benchmark_pilot\known_visit_10target_300.csv,8,18,0,36.98455445425154,36.98455445425154,00,00,1,0,True,completed
51,known_visit,HIPC,bernoulli,drop_0.25,19,361,4,10,hipc_h5_bernoulli_025,C:\Users\lottj\Desktop\research\decentralized benchmark\commitment-horizon-study\reference_core_benchmark_pilot\known_visit_10target_300.csv,9,11,15,30.49926458465579,30.49926458465579,02,02,1,0,True,completed
51,known_visit,HIPC,bernoulli,drop_0.25,19,361,4,10,hipc_h5_bernoulli_025,C:\Users\lottj\Desktop\research\decentralized benchmark\commitment-horizon-study\reference_core_benchmark_pilot\known_visit_10target_300.csv,10,9,2,17.726670253037813,17.726670253037813,00,00,1,0,True,completed
52,known_visit,HIPC,bernoulli,drop_0.25,19,361,4,10,hipc_h5_bernoulli_025,C:\Users\lottj\Desktop\research\decentralized benchmark\commitment-horizon-study\reference_core_benchmark_pilot\known_visit_10target_300.csv,1,9,18,13.62461118584022,13.62461118584022,03,03,1,0,True,completed
52,known_visit,HIPC,bernoulli,drop_0.25,19,361,4,10,hipc_h5_bernoulli_025,C:\Users\lottj\Desktop\research\decentralized benchmark\commitment-horizon-study\reference_core_benchmark_pilot\known_visit_10target_300.csv,2,2,14,5.7201669212753385,5.7201669212753385,02,02,2,1,True,completed
52,known_visit,HIPC,bernoulli,drop_0.25,19,361,4,10,hipc_h5_bernoulli_025,C:\Users\lottj\Desktop\research\decentralized benchmark\commitment-horizon-study\reference_core_benchmark_pilot\known_visit_10target_300.csv,3,6,16,16.3258637740743,16.3258637740743,02,02,1,0,True,completed
52,known_visit,HIPC,bernoulli,drop_0.25,19,361,4,10,hipc_h5_bernoulli_025,C:\Users\lottj\Desktop\research\decentralized benchmark\commitment-horizon-study\reference_core_benchmark_pilot\known_visit_10target_300.csv,4,2,2,5.521139155568262,5.521139155568262,00,00,1,0,True,completed
52,known_visit,HIPC,bernoulli,drop_0.25,19,361,4,10,hipc_h5_bernoulli_025,C:\Users\lottj\Desktop\research\decentralized benchmark\commitment-horizon-study\reference_core_benchmark_pilot\known_visit_10target_300.csv,5,11,11,29.228090865856988,29.228090865856988,03,03,2,1,True,completed
52,known_visit,HIPC,bernoulli,drop_0.25,19,361,4,10,hipc_h5_bernoulli_025,C:\Users\lottj\Desktop\research\decentralized benchmark\commitment-horizon-study\reference_core_benchmark_pilot\known_visit_10target_300.csv,6,11,5,39.37381296769418,39.37381296769418,03,03,1,0,True,completed
52,known_visit,HIPC,bernoulli,drop_0.25,19,361,4,10,hipc_h5_bernoulli_025,C:\Users\lottj\Desktop\research\decentralized benchmark\commitment-horizon-study\reference_core_benchmark_pilot\known_visit_10target_300.csv,7,17,7,53.44570782716233,53.44570782716233,03,03,1,0,True,completed
52,known_visit,HIPC,bernoulli,drop_0.25,19,361,4,10,hipc_h5_bernoulli_025,C:\Users\lottj\Desktop\research\decentralized benchmark\commitment-horizon-study\reference_core_benchmark_pilot\known_visit_10target_300.csv,8,11,14,24.225094740464193,24.225094740464193,03,03,1,0,True,completed
52,known_visit,HIPC,bernoulli,drop_0.25,19,361,4,10,hipc_h5_bernoulli_025,C:\Users\lottj\Desktop\research\decentralized benchmark\commitment-horizon-study\reference_core_benchmark_pilot\known_visit_10target_300.csv,9,5,16,14.673390583804704,14.673390583804704,02,02,2,1,True,completed
52,known_visit,HIPC,bernoulli,drop_0.25,19,361,4,10,hipc_h5_bernoulli_025,C:\Users\lottj\Desktop\research\decentralized benchmark\commitment-horizon-study\reference_core_benchmark_pilot\known_visit_10target_300.csv,10,6,11,24.963081092178268,24.963081092178268,02,02,1,0,True,completed
53,known_visit,HIPC,bernoulli,drop_0.25,19,361,4,10,hipc_h5_bernoulli_025,C:\Users\lottj\Desktop\research\decentralized benchmark\commitment-horizon-study\reference_core_benchmark_pilot\known_visit_10target_300.csv,1,2,13,3.9602993285167014,3.9602993285167014,02,02,1,0,True,completed
53,known_visit,HIPC,bernoulli,drop_0.25,19,361,4,10,hipc_h5_bernoulli_025,C:\Users\lottj\Desktop\research\decentralized benchmark\commitment-horizon-study\reference_core_benchmark_pilot\known_visit_10target_300.csv,2,10,10,30.654508429858303,30.654508429858303,01,01,1,0,True,completed
53,known_visit,HIPC,bernoulli,drop_0.25,19,361,4,10,hipc_h5_bernoulli_025,C:\Users\lottj\Desktop\research\decentralized benchmark\commitment-horizon-study\reference_core_benchmark_pilot\known_visit_10target_300.csv,3,10,16,40.9325697687631,40.9325697687631,01,01,1,0,True,completed
53,known_visit,HIPC,bernoulli,drop_0.25,19,361,4,10,hipc_h5_bernoulli_025,C:\Users\lottj\Desktop\research\decentralized benchmark\commitment-horizon-study\reference_core_benchmark_pilot\known_visit_10target_300.csv,4,18,15,56.468917209175494,56.468917209175494,01,01,1,0,True,completed
53,known_visit,HIPC,bernoulli,drop_0.25,19,361,4,10,hipc_h5_bernoulli_025,C:\Users\lottj\Desktop\research\decentralized benchmark\commitment-horizon-study\reference_core_benchmark_pilot\known_visit_10target_300.csv,5,7,6,18.168140902436704,18.168140902436704,01,01,1,0,True,completed
53,known_visit,HIPC,bernoulli,drop_0.25,19,361,4,10,hipc_h5_bernoulli_025,C:\Users\lottj\Desktop\research\decentralized benchmark\commitment-horizon-study\reference_core_benchmark_pilot\known_visit_10target_300.csv,6,11,0,17.1214602240017,17.1214602240017,00,00,1,0,True,completed
53,known_visit,HIPC,bernoulli,drop_0.25,19,361,4,10,hipc_h5_bernoulli_025,C:\Users\lottj\Desktop\research\decentralized benchmark\commitment-horizon-study\reference_core_benchmark_pilot\known_visit_10target_300.csv,7,16,17,63.73584280854768,63.73584280854768,01,01,1,0,True,completed
53,known_visit,HIPC,bernoulli,drop_0.25,19,361,4,10,hipc_h5_bernoulli_025,C:\Users\lottj\Desktop\research\decentralized benchmark\commitment-horizon-study\reference_core_benchmark_pilot\known_visit_10target_300.csv,8,1,0,0.2225923620834417,0.2225923620834417,00,00,1,0,True,completed
53,known_visit,HIPC,bernoulli,drop_0.25,19,361,4,10,hipc_h5_bernoulli_025,C:\Users\lottj\Desktop\research\decentralized benchmark\commitment-horizon-study\reference_core_benchmark_pilot\known_visit_10target_300.csv,9,18,4,36.49995778841931,36.49995778841931,00,00,1,0,True,completed
53,known_visit,HIPC,bernoulli,drop_0.25,19,361,4,10,hipc_h5_bernoulli_025,C:\Users\lottj\Desktop\research\decentralized benchmark\commitment-horizon-study\reference_core_benchmark_pilot\known_visit_10target_300.csv,10,4,8,9.059508648237294,9.059508648237294,01,01,1,0,True,completed
54,known_visit,HIPC,bernoulli,drop_0.25,19,361,4,10,hipc_h5_bernoulli_025,C:\Users\lottj\Desktop\research\decentralized benchmark\commitment-horizon-study\reference_core_benchmark_pilot\known_visit_10target_300.csv,1,15,13,44.07775172615376,44.07775172615376,01,01,1,0,True,completed
54,known_visit,HIPC,bernoulli,drop_0.25,19,361,4,10,hipc_h5_bernoulli_025,C:\Users\lottj\Desktop\research\decentralized benchmark\commitment-horizon-study\reference_core_benchmark_pilot\known_visit_10target_300.csv,2,9,15,30.3392028403763,30.3392028403763,01,01,1,0,True,completed
54,known_visit,HIPC,bernoulli,drop_0.25,19,361,4,10,hipc_h5_bernoulli_025,C:\Users\lottj\Desktop\research\decentralized benchmark\commitment-horizon-study\reference_core_benchmark_pilot\known_visit_10target_300.csv,3,18,6,40.37417665355923,40.37417665355923,00,00,1,0,True,completed
54,known_visit,HIPC,bernoulli,drop_0.25,19,361,4,10,hipc_h5_bernoulli_025,C:\Users\lottj\Desktop\research\decentralized benchmark\commitment-horizon-study\reference_core_benchmark_pilot\known_visit_10target_300.csv,4,1,9,5.746795736244106,5.746795736244106,02,02,1,0,True,completed
54,known_visit,HIPC,bernoulli,drop_0.25,19,361,4,10,hipc_h5_bernoulli_025,C:\Users\lottj\Desktop\research\decentralized benchmark\commitment-horizon-study\reference_core_benchmark_pilot\known_visit_10target_300.csv,5,15,1,26.62521757366889,26.62521757366889,00,00,1,0,True,completed
54,known_visit,HIPC,bernoulli,drop_0.25,19,361,4,10,hipc_h5_bernoulli_025,C:\Users\lottj\Desktop\research\decentralized benchmark\commitment-horizon-study\reference_core_benchmark_pilot\known_visit_10target_300.csv,6,8,13,24.859814082691223,24.859814082691223,01,01,1,0,True,completed
54,known_visit,HIPC,bernoulli,drop_0.25,19,361,4,10,hipc_h5_bernoulli_025,C:\Users\lottj\Desktop\research\decentralized benchmark\commitment-horizon-study\reference_core_benchmark_pilot\known_visit_10target_300.csv,7,3,7,5.600701273212602,5.600701273212602,01,01,2,1,True,completed
54,known_visit,HIPC,bernoulli,drop_0.25,19,361,4,10,hipc_h5_bernoulli_025,C:\Users\lottj\Desktop\research\decentralized benchmark\commitment-horizon-study\reference_core_benchmark_pilot\known_visit_10target_300.csv,8,5,8,11.036227423688041,11.036227423688041,01,01,1,0,True,completed
54,known_visit,HIPC,bernoulli,drop_0.25,19,361,4,10,hipc_h5_bernoulli_025,C:\Users\lottj\Desktop\research\decentralized benchmark\commitment-horizon-study\reference_core_benchmark_pilot\known_visit_10target_300.csv,9,1,11,2.252418078459098,2.252418078459098,02,02,1,0,True,completed
54,known_visit,HIPC,bernoulli,drop_0.25,19,361,4,10,hipc_h5_bernoulli_025,C:\Users\lottj\Desktop\research\decentralized benchmark\commitment-horizon-study\reference_core_benchmark_pilot\known_visit_10target_300.csv,10,8,10,19.79092877246982,19.79092877246982,01,01,1,0,True,completed
55,known_visit,HIPC,bernoulli,drop_0.25,19,361,4,10,hipc_h5_bernoulli_025,C:\Users\lottj\Desktop\research\decentralized benchmark\commitment-horizon-study\reference_core_benchmark_pilot\known_visit_10target_300.csv,1,8,10,20.108724898305322,20.108724898305322,01,01,1,0,True,completed
55,known_visit,HIPC,bernoulli,drop_0.25,19,361,4,10,hipc_h5_bernoulli_025,C:\Users\lottj\Desktop\research\decentralized benchmark\commitment-horizon-study\reference_core_benchmark_pilot\known_visit_10target_300.csv,2,13,1,49.42893258202122,49.42893258202122,01,01,1,0,True,completed
55,known_visit,HIPC,bernoulli,drop_0.25,19,361,4,10,hipc_h5_bernoulli_025,C:\Users\lottj\Desktop\research\decentralized benchmark\commitment-horizon-study\reference_core_benchmark_pilot\known_visit_10target_300.csv,3,8,4,34.67271033847531,34.67271033847531,01,01,1,0,True,completed
55,known_visit,HIPC,bernoulli,drop_0.25,19,361,4,10,hipc_h5_bernoulli_025,C:\Users\lottj\Desktop\research\decentralized benchmark\commitment-horizon-study\reference_core_benchmark_pilot\known_visit_10target_300.csv,4,8,17,14.306882642849269,14.306882642849269,03,03,1,0,True,completed
55,known_visit,HIPC,bernoulli,drop_0.25,19,361,4,10,hipc_h5_bernoulli_025,C:\Users\lottj\Desktop\research\decentralized benchmark\commitment-horizon-study\reference_core_benchmark_pilot\known_visit_10target_300.csv,5,9,3,38.627361038714945,38.627361038714945,01,01,1,0,True,completed
55,known_visit,HIPC,bernoulli,drop_0.25,19,361,4,10,hipc_h5_bernoulli_025,C:\Users\lottj\Desktop\research\decentralized benchmark\commitment-horizon-study\reference_core_benchmark_pilot\known_visit_10target_300.csv,6,10,6,26.95347184633148,26.95347184633148,02,02,1,0,True,completed
55,known_visit,HIPC,bernoulli,drop_0.25,19,361,4,10,hipc_h5_bernoulli_025,C:\Users\lottj\Desktop\research\decentralized benchmark\commitment-horizon-study\reference_core_benchmark_pilot\known_visit_10target_300.csv,7,15,7,37.2538357701533,37.2538357701533,02,02,1,0,True,completed
55,known_visit,HIPC,bernoulli,drop_0.25,19,361,4,10,hipc_h5_bernoulli_025,C:\Users\lottj\Desktop\research\decentralized benchmark\commitment-horizon-study\reference_core_benchmark_pilot\known_visit_10target_300.csv,8,2,9,7.3998673457317805,7.3998673457317805,02,02,1,0,True,completed
55,known_visit,HIPC,bernoulli,drop_0.25,19,361,4,10,hipc_h5_bernoulli_025,C:\Users\lottj\Desktop\research\decentralized benchmark\commitment-horizon-study\reference_core_benchmark_pilot\known_visit_10target_300.csv,9,10,1,44.15714473355457,44.15714473355457,01,01,1,0,True,completed
55,known_visit,HIPC,bernoulli,drop_0.25,19,361,4,10,hipc_h5_bernoulli_025,C:\Users\lottj\Desktop\research\decentralized benchmark\commitment-horizon-study\reference_core_benchmark_pilot\known_visit_10target_300.csv,10,0,1,0.5335222513602188,0.5335222513602188,00,00,1,0,True,completed
56,known_visit,HIPC,bernoulli,drop_0.25,19,361,4,10,hipc_h5_bernoulli_025,C:\Users\lottj\Desktop\research\decentralized benchmark\commitment-horizon-study\reference_core_benchmark_pilot\known_visit_10target_300.csv,1,2,13,3.8518183321650126,3.8518183321650126,02,02,1,0,True,completed
56,known_visit,HIPC,bernoulli,drop_0.25,19,361,4,10,hipc_h5_bernoulli_025,C:\Users\lottj\Desktop\research\decentralized benchmark\commitment-horizon-study\reference_core_benchmark_pilot\known_visit_10target_300.csv,2,6,11,14.94132509594787,14.94132509594787,02,02,1,0,True,completed
56,known_visit,HIPC,bernoulli,drop_0.25,19,361,4,10,hipc_h5_bernoulli_025,C:\Users\lottj\Desktop\research\decentralized benchmark\commitment-horizon-study\reference_core_benchmark_pilot\known_visit_10target_300.csv,3,16,3,34.93553935088867,34.93553935088867,01,01,1,0,True,completed
56,known_visit,HIPC,bernoulli,drop_0.25,19,361,4,10,hipc_h5_bernoulli_025,C:\Users\lottj\Desktop\research\decentralized benchmark\commitment-horizon-study\reference_core_benchmark_pilot\known_visit_10target_300.csv,4,7,13,20.296742029605443,20.296742029605443,02,02,2,1,True,completed
56,known_visit,HIPC,bernoulli,drop_0.25,19,361,4,10,hipc_h5_bernoulli_025,C:\Users\lottj\Desktop\research\decentralized benchmark\commitment-horizon-study\reference_core_benchmark_pilot\known_visit_10target_300.csv,5,7,16,14.135919346467793,14.135919346467793,03,03,1,0,True,completed
56,known_visit,HIPC,bernoulli,drop_0.25,19,361,4,10,hipc_h5_bernoulli_025,C:\Users\lottj\Desktop\research\decentralized benchmark\commitment-horizon-study\reference_core_benchmark_pilot\known_visit_10target_300.csv,6,4,2,12.605914511507953,12.605914511507953,01,01,2,1,True,completed
56,known_visit,HIPC,bernoulli,drop_0.25,19,361,4,10,hipc_h5_bernoulli_025,C:\Users\lottj\Desktop\research\decentralized benchmark\commitment-horizon-study\reference_core_benchmark_pilot\known_visit_10target_300.csv,7,6,18,8.73446675060931,8.73446675060931,03,03,1,0,True,completed
56,known_visit,HIPC,bernoulli,drop_0.25,19,361,4,10,hipc_h5_bernoulli_025,C:\Users\lottj\Desktop\research\decentralized benchmark\commitment-horizon-study\reference_core_benchmark_pilot\known_visit_10target_300.csv,8,2,4,5.469338444024044,5.469338444024044,01,01,1,0,True,completed
56,known_visit,HIPC,bernoulli,drop_0.25,19,361,4,10,hipc_h5_bernoulli_025,C:\Users\lottj\Desktop\research\decentralized benchmark\commitment-horizon-study\reference_core_benchmark_pilot\known_visit_10target_300.csv,9,11,9,42.08086177747395,42.08086177747395,02,02,1,0,True,completed
56,known_visit,HIPC,bernoulli,drop_0.25,19,361,4,10,hipc_h5_bernoulli_025,C:\Users\lottj\Desktop\research\decentralized benchmark\commitment-horizon-study\reference_core_benchmark_pilot\known_visit_10target_300.csv,10,3,11,9.635436868532105,9.635436868532105,02,02,1,0,True,completed
57,known_visit,HIPC,bernoulli,drop_0.25,19,361,4,10,hipc_h5_bernoulli_025,C:\Users\lottj\Desktop\research\decentralized benchmark\commitment-horizon-study\reference_core_benchmark_pilot\known_visit_10target_300.csv,1,0,1,0.541559319089016,0.541559319089016,00,00,2,1,True,completed
57,known_visit,HIPC,bernoulli,drop_0.25,19,361,4,10,hipc_h5_bernoulli_025,C:\Users\lottj\Desktop\research\decentralized benchmark\commitment-horizon-study\reference_core_benchmark_pilot\known_visit_10target_300.csv,2,12,16,47.97566702634162,47.97566702634162,02,02,1,0,True,completed
57,known_visit,HIPC,bernoulli,drop_0.25,19,361,4,10,hipc_h5_bernoulli_025,C:\Users\lottj\Desktop\research\decentralized benchmark\commitment-horizon-study\reference_core_benchmark_pilot\known_visit_10target_300.csv,3,13,12,28.15536740450688,28.15536740450688,02,02,1,0,True,completed
57,known_visit,HIPC,bernoulli,drop_0.25,19,361,4,10,hipc_h5_bernoulli_025,C:\Users\lottj\Desktop\research\decentralized benchmark\commitment-horizon-study\reference_core_benchmark_pilot\known_visit_10target_300.csv,4,9,10,17.636912752625186,17.636912752625186,02,02,1,0,True,completed
57,known_visit,HIPC,bernoulli,drop_0.25,19,361,4,10,hipc_h5_bernoulli_025,C:\Users\lottj\Desktop\research\decentralized benchmark\commitment-horizon-study\reference_core_benchmark_pilot\known_visit_10target_300.csv,5,9,12,13.930173243750309,13.930173243750309,02,02,1,0,True,completed
57,known_visit,HIPC,bernoulli,drop_0.25,19,361,4,10,hipc_h5_bernoulli_025,C:\Users\lottj\Desktop\research\decentralized benchmark\commitment-horizon-study\reference_core_benchmark_pilot\known_visit_10target_300.csv,6,6,1,11.225202332443683,11.225202332443683,00,00,1,0,True,completed
57,known_visit,HIPC,bernoulli,drop_0.25,19,361,4,10,hipc_h5_bernoulli_025,C:\Users\lottj\Desktop\research\decentralized benchmark\commitment-horizon-study\reference_core_benchmark_pilot\known_visit_10target_300.csv,7,14,2,30.976112744773076,30.976112744773076,00,00,1,0,True,completed
57,known_visit,HIPC,bernoulli,drop_0.25,19,361,4,10,hipc_h5_bernoulli_025,C:\Users\lottj\Desktop\research\decentralized benchmark\commitment-horizon-study\reference_core_benchmark_pilot\known_visit_10target_300.csv,8,16,12,33.60944531151368,33.60944531151368,02,02,1,0,True,completed
57,known_visit,HIPC,bernoulli,drop_0.25,19,361,4,10,hipc_h5_bernoulli_025,C:\Users\lottj\Desktop\research\decentralized benchmark\commitment-horizon-study\reference_core_benchmark_pilot\known_visit_10target_300.csv,9,2,4,5.466405300719966,5.466405300719966,01,01,1,0,True,completed
57,known_visit,HIPC,bernoulli,drop_0.25,19,361,4,10,hipc_h5_bernoulli_025,C:\Users\lottj\Desktop\research\decentralized benchmark\commitment-horizon-study\reference_core_benchmark_pilot\known_visit_10target_300.csv,10,11,0,21.82924300477453,21.82924300477453,00,00,1,0,True,completed
58,known_visit,HIPC,bernoulli,drop_0.25,19,361,4,10,hipc_h5_bernoulli_025,C:\Users\lottj\Desktop\research\decentralized benchmark\commitment-horizon-study\reference_core_benchmark_pilot\known_visit_10target_300.csv,1,17,0,38.4601196325959,38.4601196325959,01,01,1,0,True,completed
58,known_visit,HIPC,bernoulli,drop_0.25,19,361,4,10,hipc_h5_bernoulli_025,C:\Users\lottj\Desktop\research\decentralized benchmark\commitment-horizon-study\reference_core_benchmark_pilot\known_visit_10target_300.csv,2,5,16,10.936713664498665,10.936713664498665,03,03,2,1,True,completed
58,known_visit,HIPC,bernoulli,drop_0.25,19,361,4,10,hipc_h5_bernoulli_025,C:\Users\lottj\Desktop\research\decentralized benchmark\commitment-horizon-study\reference_core_benchmark_pilot\known_visit_10target_300.csv,3,15,16,32.462677118512,32.462677118512,03,03,1,0,True,completed
58,known_visit,HIPC,bernoulli,drop_0.25,19,361,4,10,hipc_h5_bernoulli_025,C:\Users\lottj\Desktop\research\decentralized benchmark\commitment-horizon-study\reference_core_benchmark_pilot\known_visit_10target_300.csv,4,11,3,22.352565672723458,22.352565672723458,01,01,1,0,True,completed
58,known_visit,HIPC,bernoulli,drop_0.25,19,361,4,10,hipc_h5_bernoulli_025,C:\Users\lottj\Desktop\research\decentralized benchmark\commitment-horizon-study\reference_core_benchmark_pilot\known_visit_10target_300.csv,5,2,17,3.8659480656439666,3.8659480656439666,03,03,2,1,True,completed
58,known_visit,HIPC,bernoulli,drop_0.25,19,361,4,10,hipc_h5_bernoulli_025,C:\Users\lottj\Desktop\research\decentralized benchmark\commitment-horizon-study\reference_core_benchmark_pilot\known_visit_10target_300.csv,6,15,8,59.74119639504537,59.74119639504537,01,01,1,0,True,completed
58,known_visit,HIPC,bernoulli,drop_0.25,19,361,4,10,hipc_h5_bernoulli_025,C:\Users\lottj\Desktop\research\decentralized benchmark\commitment-horizon-study\reference_core_benchmark_pilot\known_visit_10target_300.csv,7,16,2,33.062944434205235,33.062944434205235,01,01,1,0,True,completed
58,known_visit,HIPC,bernoulli,drop_0.25,19,361,4,10,hipc_h5_bernoulli_025,C:\Users\lottj\Desktop\research\decentralized benchmark\commitment-horizon-study\reference_core_benchmark_pilot\known_visit_10target_300.csv,8,18,14,41.363145178251834,41.363145178251834,03,03,1,0,True,completed
58,known_visit,HIPC,bernoulli,drop_0.25,19,361,4,10,hipc_h5_bernoulli_025,C:\Users\lottj\Desktop\research\decentralized benchmark\commitment-horizon-study\reference_core_benchmark_pilot\known_visit_10target_300.csv,9,12,17,24.859906503918154,24.859906503918154,03,03,1,0,True,completed
58,known_visit,HIPC,bernoulli,drop_0.25,19,361,4,10,hipc_h5_bernoulli_025,C:\Users\lottj\Desktop\research\decentralized benchmark\commitment-horizon-study\reference_core_benchmark_pilot\known_visit_10target_300.csv,10,8,9,73.37376544308988,73.37376544308988,01,01,1,0,True,completed
59,known_visit,HIPC,bernoulli,drop_0.25,19,361,4,10,hipc_h5_bernoulli_025,C:\Users\lottj\Desktop\research\decentralized benchmark\commitment-horizon-study\reference_core_benchmark_pilot\known_visit_10target_300.csv,1,5,5,11.15231927380622,11.15231927380622,01,01,2,1,True,completed
59,known_visit,HIPC,bernoulli,drop_0.25,19,361,4,10,hipc_h5_bernoulli_025,C:\Users\lottj\Desktop\research\decentralized benchmark\commitment-horizon-study\reference_core_benchmark_pilot\known_visit_10target_300.csv,2,8,10,20.012564586679883,20.012564586679883,02,02,1,0,True,completed
59,known_visit,HIPC,bernoulli,drop_0.25,19,361,4,10,hipc_h5_bernoulli_025,C:\Users\lottj\Desktop\research\decentralized benchmark\commitment-horizon-study\reference_core_benchmark_pilot\known_visit_10target_300.csv,3,7,13,12.464145968118538,12.464145968118538,02,02,1,0,True,completed
59,known_visit,HIPC,bernoulli,drop_0.25,19,361,4,10,hipc_h5_bernoulli_025,C:\Users\lottj\Desktop\research\decentralized benchmark\commitment-horizon-study\reference_core_benchmark_pilot\known_visit_10target_300.csv,4,0,3,3.7623146956344646,3.7623146956344646,00,00,1,0,True,completed
59,known_visit,HIPC,bernoulli,drop_0.25,19,361,4,10,hipc_h5_bernoulli_025,C:\Users\lottj\Desktop\research\decentralized benchmark\commitment-horizon-study\reference_core_benchmark_pilot\known_visit_10target_300.csv,5,12,1,30.202436631856465,30.202436631856465,01,01,1,0,True,completed
59,known_visit,HIPC,bernoulli,drop_0.25,19,361,4,10,hipc_h5_bernoulli_025,C:\Users\lottj\Desktop\research\decentralized benchmark\commitment-horizon-study\reference_core_benchmark_pilot\known_visit_10target_300.csv,6,11,16,46.48144018435623,46.48144018435623,02,02,1,0,True,completed
59,known_visit,HIPC,bernoulli,drop_0.25,19,361,4,10,hipc_h5_bernoulli_025,C:\Users\lottj\Desktop\research\decentralized benchmark\commitment-horizon-study\reference_core_benchmark_pilot\known_visit_10target_300.csv,7,14,12,34.293359438980474,34.293359438980474,02,02,1,0,True,completed
59,known_visit,HIPC,bernoulli,drop_0.25,19,361,4,10,hipc_h5_bernoulli_025,C:\Users\lottj\Desktop\research\decentralized benchmark\commitment-horizon-study\reference_core_benchmark_pilot\known_visit_10target_300.csv,8,13,16,43.08874130082001,43.08874130082001,02,02,1,0,True,completed
59,known_visit,HIPC,bernoulli,drop_0.25,19,361,4,10,hipc_h5_bernoulli_025,C:\Users\lottj\Desktop\research\decentralized benchmark\commitment-horizon-study\reference_core_benchmark_pilot\known_visit_10target_300.csv,9,3,17,5.621066341609036,5.621066341609036,03,03,1,0,True,completed
59,known_visit,HIPC,bernoulli,drop_0.25,19,361,4,10,hipc_h5_bernoulli_025,C:\Users\lottj\Desktop\research\decentralized benchmark\commitment-horizon-study\reference_core_benchmark_pilot\known_visit_10target_300.csv,10,3,9,19.236365610198302,19.236365610198302,03,03,1,0,True,completed
60,known_visit,HIPC,bernoulli,drop_0.25,19,361,4,10,hipc_h5_bernoulli_025,C:\Users\lottj\Desktop\research\decentralized benchmark\commitment-horizon-study\reference_core_benchmark_pilot\known_visit_10target_300.csv,1,13,17,23.00555989133722,23.00555989133722,03,03,1,0,True,completed
60,known_visit,HIPC,bernoulli,drop_0.25,19,361,4,10,hipc_h5_bernoulli_025,C:\Users\lottj\Desktop\research\decentralized benchmark\commitment-horizon-study\reference_core_benchmark_pilot\known_visit_10target_300.csv,2,7,3,16.13696841492592,16.13696841492592,00,00,1,0,True,completed
60,known_visit,HIPC,bernoulli,drop_0.25,19,361,4,10,hipc_h5_bernoulli_025,C:\Users\lottj\Desktop\research\decentralized benchmark\commitment-horizon-study\reference_core_benchmark_pilot\known_visit_10target_300.csv,3,11,18,17.47866737598299,17.47866737598299,03,03,1,0,True,completed
60,known_visit,HIPC,bernoulli,drop_0.25,19,361,4,10,hipc_h5_bernoulli_025,C:\Users\lottj\Desktop\research\decentralized benchmark\commitment-horizon-study\reference_core_benchmark_pilot\known_visit_10target_300.csv,4,17,16,31.955424612804855,31.955424612804855,03,03,1,0,True,completed
60,known_visit,HIPC,bernoulli,drop_0.25,19,361,4,10,hipc_h5_bernoulli_025,C:\Users\lottj\Desktop\research\decentralized benchmark\commitment-horizon-study\reference_core_benchmark_pilot\known_visit_10target_300.csv,5,1,8,4.234142639174599,4.234142639174599,01,01,1,0,True,completed
60,known_visit,HIPC,bernoulli,drop_0.25,19,361,4,10,hipc_h5_bernoulli_025,C:\Users\lottj\Desktop\research\decentralized benchmark\commitment-horizon-study\reference_core_benchmark_pilot\known_visit_10target_300.csv,6,9,3,19.5627181126916,19.5627181126916,00,00,1,0,True,completed
60,known_visit,HIPC,bernoulli,drop_0.25,19,361,4,10,hipc_h5_bernoulli_025,C:\Users\lottj\Desktop\research\decentralized benchmark\commitment-horizon-study\reference_core_benchmark_pilot\known_visit_10target_300.csv,7,10,10,33.134031282893254,33.134031282893254,00,00,1,0,True,completed
60,known_visit,HIPC,bernoulli,drop_0.25,19,361,4,10,hipc_h5_bernoulli_025,C:\Users\lottj\Desktop\research\decentralized benchmark\commitment-horizon-study\reference_core_benchmark_pilot\known_visit_10target_300.csv,8,0,8,2.248765104224152,2.248765104224152,01,01,1,0,True,completed
60,known_visit,HIPC,bernoulli,drop_0.25,19,361,4,10,hipc_h5_bernoulli_025,C:\Users\lottj\Desktop\research\decentralized benchmark\commitment-horizon-study\reference_core_benchmark_pilot\known_visit_10target_300.csv,9,10,18,15.698929190681234,15.698929190681234,03,03,1,0,True,completed
60,known_visit,HIPC,bernoulli,drop_0.25,19,361,4,10,hipc_h5_bernoulli_025,C:\Users\lottj\Desktop\research\decentralized benchmark\commitment-horizon-study\reference_core_benchmark_pilot\known_visit_10target_300.csv,10,6,3,14.403741679330295,14.403741679330295,00,00,1,0,True,completed
61,known_visit,HIPC,bernoulli,drop_0.25,19,361,4,10,hipc_h5_bernoulli_025,C:\Users\lottj\Desktop\research\decentralized benchmark\commitment-horizon-study\reference_core_benchmark_pilot\known_visit_10target_300.csv,1,2,14,16.780392304787078,16.780392304787078,02,02,2,1,True,completed
61,known_visit,HIPC,bernoulli,drop_0.25,19,361,4,10,hipc_h5_bernoulli_025,C:\Users\lottj\Desktop\research\decentralized benchmark\commitment-horizon-study\reference_core_benchmark_pilot\known_visit_10target_300.csv,2,2,5,3.8245526786410093,3.8245526786410093,01,01,1,0,True,completed
61,known_visit,HIPC,bernoulli,drop_0.25,19,361,4,10,hipc_h5_bernoulli_025,C:\Users\lottj\Desktop\research\decentralized benchmark\commitment-horizon-study\reference_core_benchmark_pilot\known_visit_10target_300.csv,3,1,1,2.242484007923793,2.242484007923793,00,00,1,0,True,completed
61,known_visit,HIPC,bernoulli,drop_0.25,19,361,4,10,hipc_h5_bernoulli_025,C:\Users\lottj\Desktop\research\decentralized benchmark\commitment-horizon-study\reference_core_benchmark_pilot\known_visit_10target_300.csv,4,12,10,45.507793643160724,45.507793643160724,02,02,1,0,True,completed
61,known_visit,HIPC,bernoulli,drop_0.25,19,361,4,10,hipc_h5_bernoulli_025,C:\Users\lottj\Desktop\research\decentralized benchmark\commitment-horizon-study\reference_core_benchmark_pilot\known_visit_10target_300.csv,5,2,12,1.99992302040563,1.99992302040563,02,02,2,1,True,completed
61,known_visit,HIPC,bernoulli,drop_0.25,19,361,4,10,hipc_h5_bernoulli_025,C:\Users\lottj\Desktop\research\decentralized benchmark\commitment-horizon-study\reference_core_benchmark_pilot\known_visit_10target_300.csv,6,2,10,5.668052600643548,5.668052600643548,02,02,2,1,True,completed
61,known_visit,HIPC,bernoulli,drop_0.25,19,361,4,10,hipc_h5_bernoulli_025,C:\Users\lottj\Desktop\research\decentralized benchmark\commitment-horizon-study\reference_core_benchmark_pilot\known_visit_10target_300.csv,7,3,5,5.916158860383427,5.916158860383427,01,01,1,0,True,completed
61,known_visit,HIPC,bernoulli,drop_0.25,19,361,4,10,hipc_h5_bernoulli_025,C:\Users\lottj\Desktop\research\decentralized benchmark\commitment-horizon-study\reference_core_benchmark_pilot\known_visit_10target_300.csv,8,8,12,34.825272589623445,34.825272589623445,02,02,1,0,True,completed
61,known_visit,HIPC,bernoulli,drop_0.25,19,361,4,10,hipc_h5_bernoulli_025,C:\Users\lottj\Desktop\research\decentralized benchmark\commitment-horizon-study\reference_core_benchmark_pilot\known_visit_10target_300.csv,9,13,9,49.12418192923542,49.12418192923542,02,02,1,0,True,completed
61,known_visit,HIPC,bernoulli,drop_0.25,19,361,4,10,hipc_h5_bernoulli_025,C:\Users\lottj\Desktop\research\decentralized benchmark\commitment-horizon-study\reference_core_benchmark_pilot\known_visit_10target_300.csv,10,3,17,5.58880641704815,5.58880641704815,03,03,1,0,True,completed
62,known_visit,HIPC,bernoulli,drop_0.25,19,361,4,10,hipc_h5_bernoulli_025,C:\Users\lottj\Desktop\research\decentralized benchmark\commitment-horizon-study\reference_core_benchmark_pilot\known_visit_10target_300.csv,1,1,2,7.413085312544965,7.413085312544965,01,01,1,0,True,completed
62,known_visit,HIPC,bernoulli,drop_0.25,19,361,4,10,hipc_h5_bernoulli_025,C:\Users\lottj\Desktop\research\decentralized benchmark\commitment-horizon-study\reference_core_benchmark_pilot\known_visit_10target_300.csv,2,4,1,7.7297172376323005,7.7297172376323005,00,00,1,0,True,completed
62,known_visit,HIPC,bernoulli,drop_0.25,19,361,4,10,hipc_h5_bernoulli_025,C:\Users\lottj\Desktop\research\decentralized benchmark\commitment-horizon-study\reference_core_benchmark_pilot\known_visit_10target_300.csv,3,2,1,3.9869447698000946,3.9869447698000946,00,00,1,0,True,completed
62,known_visit,HIPC,bernoulli,drop_0.25,19,361,4,10,hipc_h5_bernoulli_025,C:\Users\lottj\Desktop\research\decentralized benchmark\commitment-horizon-study\reference_core_benchmark_pilot\known_visit_10target_300.csv,4,4,13,7.191895565431714,7.191895565431714,02,02,1,0,True,completed
62,known_visit,HIPC,bernoulli,drop_0.25,19,361,4,10,hipc_h5_bernoulli_025,C:\Users\lottj\Desktop\research\decentralized benchmark\commitment-horizon-study\reference_core_benchmark_pilot\known_visit_10target_300.csv,5,18,6,40.63288272743855,40.63288272743855,00,00,1,0,True,completed
62,known_visit,HIPC,bernoulli,drop_0.25,19,361,4,10,hipc_h5_bernoulli_025,C:\Users\lottj\Desktop\research\decentralized benchmark\commitment-horizon-study\reference_core_benchmark_pilot\known_visit_10target_300.csv,6,14,0,58.18374357829617,58.18374357829617,00,00,1,0,True,completed
62,known_visit,HIPC,bernoulli,drop_0.25,19,361,4,10,hipc_h5_bernoulli_025,C:\Users\lottj\Desktop\research\decentralized benchmark\commitment-horizon-study\reference_core_benchmark_pilot\known_visit_10target_300.csv,7,3,14,10.743970262055052,10.743970262055052,03,03,1,0,True,completed
62,known_visit,HIPC,bernoulli,drop_0.25,19,361,4,10,hipc_h5_bernoulli_025,C:\Users\lottj\Desktop\research\decentralized benchmark\commitment-horizon-study\reference_core_benchmark_pilot\known_visit_10target_300.csv,8,3,18,3.757638401072357,3.757638401072357,03,03,1,0,True,completed
62,known_visit,HIPC,bernoulli,drop_0.25,19,361,4,10,hipc_h5_bernoulli_025,C:\Users\lottj\Desktop\research\decentralized benchmark\commitment-horizon-study\reference_core_benchmark_pilot\known_visit_10target_300.csv,9,9,15,19.62189810532224,19.62189810532224,02,02,1,0,True,completed
62,known_visit,HIPC,bernoulli,drop_0.25,19,361,4,10,hipc_h5_bernoulli_025,C:\Users\lottj\Desktop\research\decentralized benchmark\commitment-horizon-study\reference_core_benchmark_pilot\known_visit_10target_300.csv,10,10,15,21.34307924801451,21.34307924801451,02,02,1,0,True,completed
63,known_visit,HIPC,bernoulli,drop_0.25,19,361,4,10,hipc_h5_bernoulli_025,C:\Users\lottj\Desktop\research\decentralized benchmark\commitment-horizon-study\reference_core_benchmark_pilot\known_visit_10target_300.csv,1,16,5,39.18667311913524,39.18667311913524,00,00,1,0,True,completed
63,known_visit,HIPC,bernoulli,drop_0.25,19,361,4,10,hipc_h5_bernoulli_025,C:\Users\lottj\Desktop\research\decentralized benchmark\commitment-horizon-study\reference_core_benchmark_pilot\known_visit_10target_300.csv,2,5,6,7.1484839427767355,7.1484839427767355,01,01,1,0,True,completed
63,known_visit,HIPC,bernoulli,drop_0.25,19,361,4,10,hipc_h5_bernoulli_025,C:\Users\lottj\Desktop\research\decentralized benchmark\commitment-horizon-study\reference_core_benchmark_pilot\known_visit_10target_300.csv,3,10,2,23.279211184867933,23.279211184867933,00,00,1,0,True,completed
63,known_visit,HIPC,bernoulli,drop_0.25,19,361,4,10,hipc_h5_bernoulli_025,C:\Users\lottj\Desktop\research\decentralized benchmark\commitment-horizon-study\reference_core_benchmark_pilot\known_visit_10target_300.csv,4,1,17,2.7284975712773565,2.7284975712773565,03,03,1,0,True,completed
63,known_visit,HIPC,bernoulli,drop_0.25,19,361,4,10,hipc_h5_bernoulli_025,C:\Users\lottj\Desktop\research\decentralized benchmark\commitment-horizon-study\reference_core_benchmark_pilot\known_visit_10target_300.csv,5,13,13,58.14706598945241,58.14706598945241,00,00,1,0,True,completed
63,known_visit,HIPC,bernoulli,drop_0.25,19,361,4,10,hipc_h5_bernoulli_025,C:\Users\lottj\Desktop\research\decentralized benchmark\commitment-horizon-study\reference_core_benchmark_pilot\known_visit_10target_300.csv,6,5,14,31.958304021694993,31.958304021694993,01,01,1,0,True,completed
63,known_visit,HIPC,bernoulli,drop_0.25,19,361,4,10,hipc_h5_bernoulli_025,C:\Users\lottj\Desktop\research\decentralized benchmark\commitment-horizon-study\reference_core_benchmark_pilot\known_visit_10target_300.csv,7,8,11,21.318990817306474,21.318990817306474,01,01,1,0,True,completed
63,known_visit,HIPC,bernoulli,drop_0.25,19,361,4,10,hipc_h5_bernoulli_025,C:\Users\lottj\Desktop\research\decentralized benchmark\commitment-horizon-study\reference_core_benchmark_pilot\known_visit_10target_300.csv,8,15,13,54.7867669187718,54.7867669187718,00,00,1,0,True,completed
63,known_visit,HIPC,bernoulli,drop_0.25,19,361,4,10,hipc_h5_bernoulli_025,C:\Users\lottj\Desktop\research\decentralized benchmark\commitment-horizon-study\reference_core_benchmark_pilot\known_visit_10target_300.csv,9,6,8,12.580184536337493,12.580184536337493,01,01,1,0,True,completed
63,known_visit,HIPC,bernoulli,drop_0.25,19,361,4,10,hipc_h5_bernoulli_025,C:\Users\lottj\Desktop\research\decentralized benchmark\commitment-horizon-study\reference_core_benchmark_pilot\known_visit_10target_300.csv,10,2,3,7.284236447483828,7.284236447483828,00,00,1,0,True,completed
64,known_visit,HIPC,bernoulli,drop_0.25,19,361,4,10,hipc_h5_bernoulli_025,C:\Users\lottj\Desktop\research\decentralized benchmark\commitment-horizon-study\reference_core_benchmark_pilot\known_visit_10target_300.csv,1,18,3,42.67996091006283,42.67996091006283,01,01,1,0,True,completed
64,known_visit,HIPC,bernoulli,drop_0.25,19,361,4,10,hipc_h5_bernoulli_025,C:\Users\lottj\Desktop\research\decentralized benchmark\commitment-horizon-study\reference_core_benchmark_pilot\known_visit_10target_300.csv,2,11,11,19.87124581726307,19.87124581726307,02,02,1,0,True,completed
64,known_visit,HIPC,bernoulli,drop_0.25,19,361,4,10,hipc_h5_bernoulli_025,C:\Users\lottj\Desktop\research\decentralized benchmark\commitment-horizon-study\reference_core_benchmark_pilot\known_visit_10target_300.csv,3,7,15,34.016269779810415,34.016269779810415,02,02,1,0,True,completed
64,known_visit,HIPC,bernoulli,drop_0.25,19,361,4,10,hipc_h5_bernoulli_025,C:\Users\lottj\Desktop\research\decentralized benchmark\commitment-horizon-study\reference_core_benchmark_pilot\known_visit_10target_300.csv,4,9,11,16.337795494830473,16.337795494830473,02,02,1,0,True,completed
64,known_visit,HIPC,bernoulli,drop_0.25,19,361,4,10,hipc_h5_bernoulli_025,C:\Users\lottj\Desktop\research\decentralized benchmark\commitment-horizon-study\reference_core_benchmark_pilot\known_visit_10target_300.csv,5,6,2,16.120969907321598,16.120969907321598,01,01,1,0,True,completed
64,known_visit,HIPC,bernoulli,drop_0.25,19,361,4,10,hipc_h5_bernoulli_025,C:\Users\lottj\Desktop\research\decentralized benchmark\commitment-horizon-study\reference_core_benchmark_pilot\known_visit_10target_300.csv,6,16,2,37.32361221709276,37.32361221709276,01,01,1,0,True,completed
64,known_visit,HIPC,bernoulli,drop_0.25,19,361,4,10,hipc_h5_bernoulli_025,C:\Users\lottj\Desktop\research\decentralized benchmark\commitment-horizon-study\reference_core_benchmark_pilot\known_visit_10target_300.csv,7,5,11,9.21350153915182,9.21350153915182,02,02,1,0,True,completed
64,known_visit,HIPC,bernoulli,drop_0.25,19,361,4,10,hipc_h5_bernoulli_025,C:\Users\lottj\Desktop\research\decentralized benchmark\commitment-horizon-study\reference_core_benchmark_pilot\known_visit_10target_300.csv,8,14,1,31.525150287166618,31.525150287166618,01,01,1,0,True,completed
64,known_visit,HIPC,bernoulli,drop_0.25,19,361,4,10,hipc_h5_bernoulli_025,C:\Users\lottj\Desktop\research\decentralized benchmark\commitment-horizon-study\reference_core_benchmark_pilot\known_visit_10target_300.csv,9,13,2,27.76850467290455,27.76850467290455,01,01,1,0,True,completed
64,known_visit,HIPC,bernoulli,drop_0.25,19,361,4,10,hipc_h5_bernoulli_025,C:\Users\lottj\Desktop\research\decentralized benchmark\commitment-horizon-study\reference_core_benchmark_pilot\known_visit_10target_300.csv,10,4,4,8.991571302016649,8.991571302016649,01,01,1,0,True,completed
65,known_visit,HIPC,bernoulli,drop_0.25,19,361,4,10,hipc_h5_bernoulli_025,C:\Users\lottj\Desktop\research\decentralized benchmark\commitment-horizon-study\reference_core_benchmark_pilot\known_visit_10target_300.csv,1,16,0,35.0322157783145,35.0322157783145,00,00,1,0,True,completed
65,known_visit,HIPC,bernoulli,drop_0.25,19,361,4,10,hipc_h5_bernoulli_025,C:\Users\lottj\Desktop\research\decentralized benchmark\commitment-horizon-study\reference_core_benchmark_pilot\known_visit_10target_300.csv,2,3,12,3.58960009132868,3.58960009132868,02,02,1,0,True,completed
65,known_visit,HIPC,bernoulli,drop_0.25,19,361,4,10,hipc_h5_bernoulli_025,C:\Users\lottj\Desktop\research\decentralized benchmark\commitment-horizon-study\reference_core_benchmark_pilot\known_visit_10target_300.csv,3,13,11,23.005152452822628,23.005152452822628,02,02,1,0,True,completed
65,known_visit,HIPC,bernoulli,drop_0.25,19,361,4,10,hipc_h5_bernoulli_025,C:\Users\lottj\Desktop\research\decentralized benchmark\commitment-horizon-study\reference_core_benchmark_pilot\known_visit_10target_300.csv,4,13,18,21.014249320371196,21.014249320371196,03,03,1,0,True,completed
65,known_visit,HIPC,bernoulli,drop_0.25,19,361,4,10,hipc_h5_bernoulli_025,C:\Users\lottj\Desktop\research\decentralized benchmark\commitment-horizon-study\reference_core_benchmark_pilot\known_visit_10target_300.csv,5,6,11,10.541257792316141,10.541257792316141,02,02,1,0,True,completed
65,known_visit,HIPC,bernoulli,drop_0.25,19,361,4,10,hipc_h5_bernoulli_025,C:\Users\lottj\Desktop\research\decentralized benchmark\commitment-horizon-study\reference_core_benchmark_pilot\known_visit_10target_300.csv,6,10,13,38.95200760799035,38.95200760799035,03,03,1,0,True,completed
65,known_visit,HIPC,bernoulli,drop_0.25,19,361,4,10,hipc_h5_bernoulli_025,C:\Users\lottj\Desktop\research\decentralized benchmark\commitment-horizon-study\reference_core_benchmark_pilot\known_visit_10target_300.csv,7,16,8,33.731221439126124,33.731221439126124,02,02,1,0,True,completed
65,known_visit,HIPC,bernoulli,drop_0.25,19,361,4,10,hipc_h5_bernoulli_025,C:\Users\lottj\Desktop\research\decentralized benchmark\commitment-horizon-study\reference_core_benchmark_pilot\known_visit_10target_300.csv,8,17,6,39.18723100232715,39.18723100232715,02,02,1,0,True,completed
65,known_visit,HIPC,bernoulli,drop_0.25,19,361,4,10,hipc_h5_bernoulli_025,C:\Users\lottj\Desktop\research\decentralized benchmark\commitment-horizon-study\reference_core_benchmark_pilot\known_visit_10target_300.csv,9,3,2,7.6155865072278655,7.6155865072278655,00,00,1,0,True,completed
65,known_visit,HIPC,bernoulli,drop_0.25,19,361,4,10,hipc_h5_bernoulli_025,C:\Users\lottj\Desktop\research\decentralized benchmark\commitment-horizon-study\reference_core_benchmark_pilot\known_visit_10target_300.csv,10,11,9,48.2823385318318,48.2823385318318,03,03,1,0,True,completed
66,known_visit,HIPC,bernoulli,drop_0.25,19,361,4,10,hipc_h5_bernoulli_025,C:\Users\lottj\Desktop\research\decentralized benchmark\commitment-horizon-study\reference_core_benchmark_pilot\known_visit_10target_300.csv,1,18,1,48.7633217871369,48.7633217871369,02,02,1,0,True,completed
66,known_visit,HIPC,bernoulli,drop_0.25,19,361,4,10,hipc_h5_bernoulli_025,C:\Users\lottj\Desktop\research\decentralized benchmark\commitment-horizon-study\reference_core_benchmark_pilot\known_visit_10target_300.csv,2,6,3,14.197077273471775,14.197077273471775,00,00,1,0,True,completed
66,known_visit,HIPC,bernoulli,drop_0.25,19,361,4,10,hipc_h5_bernoulli_025,C:\Users\lottj\Desktop\research\decentralized benchmark\commitment-horizon-study\reference_core_benchmark_pilot\known_visit_10target_300.csv,3,14,9,27.77810549675821,27.77810549675821,02,02,2,1,True,completed
66,known_visit,HIPC,bernoulli,drop_0.25,19,361,4,10,hipc_h5_bernoulli_025,C:\Users\lottj\Desktop\research\decentralized benchmark\commitment-horizon-study\reference_core_benchmark_pilot\known_visit_10target_300.csv,4,16,18,25.478820291777843,25.478820291777843,03,03,1,0,True,completed
66,known_visit,HIPC,bernoulli,drop_0.25,19,361,4,10,hipc_h5_bernoulli_025,C:\Users\lottj\Desktop\research\decentralized benchmark\commitment-horizon-study\reference_core_benchmark_pilot\known_visit_10target_300.csv,5,16,0,54.66064913608612,54.66064913608612,02,02,1,0,True,completed
66,known_visit,HIPC,bernoulli,drop_0.25,19,361,4,10,hipc_h5_bernoulli_025,C:\Users\lottj\Desktop\research\decentralized benchmark\commitment-horizon-study\reference_core_benchmark_pilot\known_visit_10target_300.csv,6,7,9,15.593575159371323,15.593575159371323,02,02,2,1,True,completed
66,known_visit,HIPC,bernoulli,drop_0.25,19,361,4,10,hipc_h5_bernoulli_025,C:\Users\lottj\Desktop\research\decentralized benchmark\commitment-horizon-study\reference_core_benchmark_pilot\known_visit_10target_300.csv,7,9,9,19.366684920984422,19.366684920984422,02,02,2,1,True,completed
66,known_visit,HIPC,bernoulli,drop_0.25,19,361,4,10,hipc_h5_bernoulli_025,C:\Users\lottj\Desktop\research\decentralized benchmark\commitment-horizon-study\reference_core_benchmark_pilot\known_visit_10target_300.csv,8,16,4,39.986029984742586,39.986029984742586,02,02,1,0,True,completed
66,known_visit,HIPC,bernoulli,drop_0.25,19,361,4,10,hipc_h5_bernoulli_025,C:\Users\lottj\Desktop\research\decentralized benchmark\commitment-horizon-study\reference_core_benchmark_pilot\known_visit_10target_300.csv,9,6,0,8.740839573541153,8.740839573541153,00,00,1,0,True,completed
66,known_visit,HIPC,bernoulli,drop_0.25,19,361,4,10,hipc_h5_bernoulli_025,C:\Users\lottj\Desktop\research\decentralized benchmark\commitment-horizon-study\reference_core_benchmark_pilot\known_visit_10target_300.csv,10,6,6,19.574531678618484,19.574531678618484,00,00,1,0,True,completed
67,known_visit,HIPC,bernoulli,drop_0.25,19,361,4,10,hipc_h5_bernoulli_025,C:\Users\lottj\Desktop\research\decentralized benchmark\commitment-horizon-study\reference_core_benchmark_pilot\known_visit_10target_300.csv,1,18,9,59.60015846536495,59.60015846536495,00,00,1,0,True,completed
67,known_visit,HIPC,bernoulli,drop_0.25,19,361,4,10,hipc_h5_bernoulli_025,C:\Users\lottj\Desktop\research\decentralized benchmark\commitment-horizon-study\reference_core_benchmark_pilot\known_visit_10target_300.csv,2,18,1,45.686313048416864,45.686313048416864,00,00,2,1,True,completed
67,known_visit,HIPC,bernoulli,drop_0.25,19,361,4,10,hipc_h5_bernoulli_025,C:\Users\lottj\Desktop\research\decentralized benchmark\commitment-horizon-study\reference_core_benchmark_pilot\known_visit_10target_300.csv,3,4,16,9.289647640928886,9.289647640928886,03,03,1,0,True,completed
67,known_visit,HIPC,bernoulli,drop_0.25,19,361,4,10,hipc_h5_bernoulli_025,C:\Users\lottj\Desktop\research\decentralized benchmark\commitment-horizon-study\reference_core_benchmark_pilot\known_visit_10target_300.csv,4,17,3,40.366658986709325,40.366658986709325,00,00,2,1,True,completed
67,known_visit,HIPC,bernoulli,drop_0.25,19,361,4,10,hipc_h5_bernoulli_025,C:\Users\lottj\Desktop\research\decentralized benchmark\commitment-horizon-study\reference_core_benchmark_pilot\known_visit_10target_300.csv,5,12,5,28.257275426430038,28.257275426430038,00,00,1,0,True,completed
67,known_visit,HIPC,bernoulli,drop_0.25,19,361,4,10,hipc_h5_bernoulli_025,C:\Users\lottj\Desktop\research\decentralized benchmark\commitment-horizon-study\reference_core_benchmark_pilot\known_visit_10target_300.csv,6,2,0,1.7900909721266676,1.7900909721266676,00,00,1,0,True,completed
67,known_visit,HIPC,bernoulli,drop_0.25,19,361,4,10,hipc_h5_bernoulli_025,C:\Users\lottj\Desktop\research\decentralized benchmark\commitment-horizon-study\reference_core_benchmark_pilot\known_visit_10target_300.csv,7,10,5,24.927035019157724,24.927035019157724,00,00,1,0,True,completed
67,known_visit,HIPC,bernoulli,drop_0.25,19,361,4,10,hipc_h5_bernoulli_025,C:\Users\lottj\Desktop\research\decentralized benchmark\commitment-horizon-study\reference_core_benchmark_pilot\known_visit_10target_300.csv,8,17,17,75.09080378694091,75.09080378694091,00,00,1,0,True,completed
67,known_visit,HIPC,bernoulli,drop_0.25,19,361,4,10,hipc_h5_bernoulli_025,C:\Users\lottj\Desktop\research\decentralized benchmark\commitment-horizon-study\reference_core_benchmark_pilot\known_visit_10target_300.csv,9,6,18,19.397506986028223,19.397506986028223,02,02,1,0,True,completed
67,known_visit,HIPC,bernoulli,drop_0.25,19,361,4,10,hipc_h5_bernoulli_025,C:\Users\lottj\Desktop\research\decentralized benchmark\commitment-horizon-study\reference_core_benchmark_pilot\known_visit_10target_300.csv,10,7,3,16.074033431740016,16.074033431740016,00,00,2,1,True,completed
68,known_visit,HIPC,bernoulli,drop_0.25,19,361,4,10,hipc_h5_bernoulli_025,C:\Users\lottj\Desktop\research\decentralized benchmark\commitment-horizon-study\reference_core_benchmark_pilot\known_visit_10target_300.csv,1,4,0,5.327525618769821,5.327525618769821,00,00,1,0,True,completed
68,known_visit,HIPC,bernoulli,drop_0.25,19,361,4,10,hipc_h5_bernoulli_025,C:\Users\lottj\Desktop\research\decentralized benchmark\commitment-horizon-study\reference_core_benchmark_pilot\known_visit_10target_300.csv,2,0,8,2.232012085632698,2.232012085632698,01,01,1,0,True,completed
68,known_visit,HIPC,bernoulli,drop_0.25,19,361,4,10,hipc_h5_bernoulli_025,C:\Users\lottj\Desktop\research\decentralized benchmark\commitment-horizon-study\reference_core_benchmark_pilot\known_visit_10target_300.csv,3,0,10,5.587864211606697,5.587864211606697,01,01,1,0,True,completed
68,known_visit,HIPC,bernoulli,drop_0.25,19,361,4,10,hipc_h5_bernoulli_025,C:\Users\lottj\Desktop\research\decentralized benchmark\commitment-horizon-study\reference_core_benchmark_pilot\known_visit_10target_300.csv,4,15,18,63.69418048555531,63.69418048555531,01,01,1,0,True,completed
68,known_visit,HIPC,bernoulli,drop_0.25,19,361,4,10,hipc_h5_bernoulli_025,C:\Users\lottj\Desktop\research\decentralized benchmark\commitment-horizon-study\reference_core_benchmark_pilot\known_visit_10target_300.csv,5,13,0,20.711584694510115,20.711584694510115,00,00,1,0,True,completed
68,known_visit,HIPC,bernoulli,drop_0.25,19,361,4,10,hipc_h5_bernoulli_025,C:\Users\lottj\Desktop\research\decentralized benchmark\commitment-horizon-study\reference_core_benchmark_pilot\known_visit_10target_300.csv,6,8,16,48.16029146999086,48.16029146999086,01,01,1,0,True,completed
68,known_visit,HIPC,bernoulli,drop_0.25,19,361,4,10,hipc_h5_bernoulli_025,C:\Users\lottj\Desktop\research\decentralized benchmark\commitment-horizon-study\reference_core_benchmark_pilot\known_visit_10target_300.csv,7,7,6,29.108076728943484,29.108076728943484,01,01,1,0,True,completed
68,known_visit,HIPC,bernoulli,drop_0.25,19,361,4,10,hipc_h5_bernoulli_025,C:\Users\lottj\Desktop\research\decentralized benchmark\commitment-horizon-study\reference_core_benchmark_pilot\known_visit_10target_300.csv,8,16,3,31.427268137690326,31.427268137690326,00,00,1,0,True,completed
68,known_visit,HIPC,bernoulli,drop_0.25,19,361,4,10,hipc_h5_bernoulli_025,C:\Users\lottj\Desktop\research\decentralized benchmark\commitment-horizon-study\reference_core_benchmark_pilot\known_visit_10target_300.csv,9,1,5,16.500553929105163,16.500553929105163,01,01,1,0,True,completed
68,known_visit,HIPC,bernoulli,drop_0.25,19,361,4,10,hipc_h5_bernoulli_025,C:\Users\lottj\Desktop\research\decentralized benchmark\commitment-horizon-study\reference_core_benchmark_pilot\known_visit_10target_300.csv,10,7,12,39.312952439448004,39.312952439448004,01,01,1,0,True,completed
69,known_visit,HIPC,bernoulli,drop_0.25,19,361,4,10,hipc_h5_bernoulli_025,C:\Users\lottj\Desktop\research\decentralized benchmark\commitment-horizon-study\reference_core_benchmark_pilot\known_visit_10target_300.csv,1,1,3,5.434591961080929,5.434591961080929,00,00,1,0,True,completed
69,known_visit,HIPC,bernoulli,drop_0.25,19,361,4,10,hipc_h5_bernoulli_025,C:\Users\lottj\Desktop\research\decentralized benchmark\commitment-horizon-study\reference_core_benchmark_pilot\known_visit_10target_300.csv,2,0,13,0.4802202256481741,0.4802202256481741,02,02,1,0,True,completed
69,known_visit,HIPC,bernoulli,drop_0.25,19,361,4,10,hipc_h5_bernoulli_025,C:\Users\lottj\Desktop\research\decentralized benchmark\commitment-horizon-study\reference_core_benchmark_pilot\known_visit_10target_300.csv,3,7,9,16.197293061132328,16.197293061132328,01,01,1,0,True,completed
69,known_visit,HIPC,bernoulli,drop_0.25,19,361,4,10,hipc_h5_bernoulli_025,C:\Users\lottj\Desktop\research\decentralized benchmark\commitment-horizon-study\reference_core_benchmark_pilot\known_visit_10target_300.csv,4,1,7,2.3022196566682305,2.3022196566682305,01,01,1,0,True,completed
69,known_visit,HIPC,bernoulli,drop_0.25,19,361,4,10,hipc_h5_bernoulli_025,C:\Users\lottj\Desktop\research\decentralized benchmark\commitment-horizon-study\reference_core_benchmark_pilot\known_visit_10target_300.csv,5,10,3,20.978771283012836,20.978771283012836,00,00,1,0,True,completed
69,known_visit,HIPC,bernoulli,drop_0.25,19,361,4,10,hipc_h5_bernoulli_025,C:\Users\lottj\Desktop\research\decentralized benchmark\commitment-horizon-study\reference_core_benchmark_pilot\known_visit_10target_300.csv,6,15,0,42.65994395783431,42.65994395783431,00,00,2,1,True,completed
69,known_visit,HIPC,bernoulli,drop_0.25,19,361,4,10,hipc_h5_bernoulli_025,C:\Users\lottj\Desktop\research\decentralized benchmark\commitment-horizon-study\reference_core_benchmark_pilot\known_visit_10target_300.csv,7,12,5,28.24937364068705,28.24937364068705,00,00,1,0,True,completed
69,known_visit,HIPC,bernoulli,drop_0.25,19,361,4,10,hipc_h5_bernoulli_025,C:\Users\lottj\Desktop\research\decentralized benchmark\commitment-horizon-study\reference_core_benchmark_pilot\known_visit_10target_300.csv,8,16,9,31.480727430989827,31.480727430989827,01,01,2,1,True,completed
69,known_visit,HIPC,bernoulli,drop_0.25,19,361,4,10,hipc_h5_bernoulli_025,C:\Users\lottj\Desktop\research\decentralized benchmark\commitment-horizon-study\reference_core_benchmark_pilot\known_visit_10target_300.csv,9,2,9,7.640459411052996,7.640459411052996,01,01,1,0,True,completed
69,known_visit,HIPC,bernoulli,drop_0.25,19,361,4,10,hipc_h5_bernoulli_025,C:\Users\lottj\Desktop\research\decentralized benchmark\commitment-horizon-study\reference_core_benchmark_pilot\known_visit_10target_300.csv,10,17,12,72.24309010850877,72.24309010850877,00,00,1,0,True,completed
70,known_visit,HIPC,bernoulli,drop_0.25,19,361,4,10,hipc_h5_bernoulli_025,C:\Users\lottj\Desktop\research\decentralized benchmark\commitment-horizon-study\reference_core_benchmark_pilot\known_visit_10target_300.csv,1,18,7,46.100925952936905,46.100925952936905,00,00,1,0,True,completed
70,known_visit,HIPC,bernoulli,drop_0.25,19,361,4,10,hipc_h5_bernoulli_025,C:\Users\lottj\Desktop\research\decentralized benchmark\commitment-horizon-study\reference_core_benchmark_pilot\known_visit_10target_300.csv,2,1,8,7.72534200223939,7.72534200223939,01,01,1,0,True,completed
70,known_visit,HIPC,bernoulli,drop_0.25,19,361,4,10,hipc_h5_bernoulli_025,C:\Users\lottj\Desktop\research\decentralized benchmark\commitment-horizon-study\reference_core_benchmark_pilot\known_visit_10target_300.csv,3,1,15,5.365393522976482,5.365393522976482,02,02,1,0,True,completed
70,known_visit,HIPC,bernoulli,drop_0.25,19,361,4,10,hipc_h5_bernoulli_025,C:\Users\lottj\Desktop\research\decentralized benchmark\commitment-horizon-study\reference_core_benchmark_pilot\known_visit_10target_300.csv,4,5,17,16.41450310904629,16.41450310904629,02,02,1,0,True,completed
70,known_visit,HIPC,bernoulli,drop_0.25,19,361,4,10,hipc_h5_bernoulli_025,C:\Users\lottj\Desktop\research\decentralized benchmark\commitment-horizon-study\reference_core_benchmark_pilot\known_visit_10target_300.csv,5,17,8,42.13026781501623,42.13026781501623,00,00,1,0,True,completed
70,known_visit,HIPC,bernoulli,drop_0.25,19,361,4,10,hipc_h5_bernoulli_025,C:\Users\lottj\Desktop\research\decentralized benchmark\commitment-horizon-study\reference_core_benchmark_pilot\known_visit_10target_300.csv,6,0,5,0.5142295395868265,0.5142295395868265,01,01,1,0,True,completed
70,known_visit,HIPC,bernoulli,drop_0.25,19,361,4,10,hipc_h5_bernoulli_025,C:\Users\lottj\Desktop\research\decentralized benchmark\commitment-horizon-study\reference_core_benchmark_pilot\known_visit_10target_300.csv,7,2,16,9.248586932436005,9.248586932436005,02,02,1,0,True,completed
70,known_visit,HIPC,bernoulli,drop_0.25,19,361,4,10,hipc_h5_bernoulli_025,C:\Users\lottj\Desktop\research\decentralized benchmark\commitment-horizon-study\reference_core_benchmark_pilot\known_visit_10target_300.csv,8,4,2,9.077910813583049,9.077910813583049,00,00,2,1,True,completed
70,known_visit,HIPC,bernoulli,drop_0.25,19,361,4,10,hipc_h5_bernoulli_025,C:\Users\lottj\Desktop\research\decentralized benchmark\commitment-horizon-study\reference_core_benchmark_pilot\known_visit_10target_300.csv,9,15,2,28.21572596309347,28.21572596309347,00,00,1,0,True,completed
70,known_visit,HIPC,bernoulli,drop_0.25,19,361,4,10,hipc_h5_bernoulli_025,C:\Users\lottj\Desktop\research\decentralized benchmark\commitment-horizon-study\reference_core_benchmark_pilot\known_visit_10target_300.csv,10,10,14,30.35121327011108,30.35121327011108,02,02,1,0,True,completed
71,known_visit,HIPC,bernoulli,drop_0.25,19,361,4,10,hipc_h5_bernoulli_025,C:\Users\lottj\Desktop\research\decentralized benchmark\commitment-horizon-study\reference_core_benchmark_pilot\known_visit_10target_300.csv,1,15,15,29.08172633051143,29.08172633051143,03,03,1,0,True,completed
71,known_visit,HIPC,bernoulli,drop_0.25,19,361,4,10,hipc_h5_bernoulli_025,C:\Users\lottj\Desktop\research\decentralized benchmark\commitment-horizon-study\reference_core_benchmark_pilot\known_visit_10target_300.csv,2,7,8,17.669839405033738,17.669839405033738,02,02,1,0,True,completed
71,known_visit,HIPC,bernoulli,drop_0.25,19,361,4,10,hipc_h5_bernoulli_025,C:\Users\lottj\Desktop\research\decentralized benchmark\commitment-horizon-study\reference_core_benchmark_pilot\known_visit_10target_300.csv,3,5,4,20.49766157965375,20.49766157965375,00,00,1,0,True,completed
71,known_visit,HIPC,bernoulli,drop_0.25,19,361,4,10,hipc_h5_bernoulli_025,C:\Users\lottj\Desktop\research\decentralized benchmark\commitment-horizon-study\reference_core_benchmark_pilot\known_visit_10target_300.csv,4,4,10,8.801424245553306,8.801424245553306,02,02,1,0,True,completed
71,known_visit,HIPC,bernoulli,drop_0.25,19,361,4,10,hipc_h5_bernoulli_025,C:\Users\lottj\Desktop\research\decentralized benchmark\commitment-horizon-study\reference_core_benchmark_pilot\known_visit_10target_300.csv,5,0,4,2.2688840150219467,2.2688840150219467,01,01,2,1,True,completed
71,known_visit,HIPC,bernoulli,drop_0.25,19,361,4,10,hipc_h5_bernoulli_025,C:\Users\lottj\Desktop\research\decentralized benchmark\commitment-horizon-study\reference_core_benchmark_pilot\known_visit_10target_300.csv,6,8,3,27.697472596010048,27.697472596010048,00,00,1,0,True,completed
71,known_visit,HIPC,bernoulli,drop_0.25,19,361,4,10,hipc_h5_bernoulli_025,C:\Users\lottj\Desktop\research\decentralized benchmark\commitment-horizon-study\reference_core_benchmark_pilot\known_visit_10target_300.csv,7,2,6,9.600571132987977,9.600571132987977,01,01,1,0,True,completed
71,known_visit,HIPC,bernoulli,drop_0.25,19,361,4,10,hipc_h5_bernoulli_025,C:\Users\lottj\Desktop\research\decentralized benchmark\commitment-horizon-study\reference_core_benchmark_pilot\known_visit_10target_300.csv,8,11,8,45.5169080540764,45.5169080540764,00,00,1,0,True,completed
71,known_visit,HIPC,bernoulli,drop_0.25,19,361,4,10,hipc_h5_bernoulli_025,C:\Users\lottj\Desktop\research\decentralized benchmark\commitment-horizon-study\reference_core_benchmark_pilot\known_visit_10target_300.csv,9,16,13,34.57360316996324,34.57360316996324,03,03,1,0,True,completed
71,known_visit,HIPC,bernoulli,drop_0.25,19,361,4,10,hipc_h5_bernoulli_025,C:\Users\lottj\Desktop\research\decentralized benchmark\commitment-horizon-study\reference_core_benchmark_pilot\known_visit_10target_300.csv,10,12,6,40.177560393638295,40.177560393638295,00,00,1,0,True,completed
72,known_visit,HIPC,bernoulli,drop_0.25,19,361,4,10,hipc_h5_bernoulli_025,C:\Users\lottj\Desktop\research\decentralized benchmark\commitment-horizon-study\reference_core_benchmark_pilot\known_visit_10target_300.csv,1,9,6,25.028866283117136,25.028866283117136,00,00,1,0,True,completed
72,known_visit,HIPC,bernoulli,drop_0.25,19,361,4,10,hipc_h5_bernoulli_025,C:\Users\lottj\Desktop\research\decentralized benchmark\commitment-horizon-study\reference_core_benchmark_pilot\known_visit_10target_300.csv,2,0,5,0.4786527552517912,0.4786527552517912,01,01,1,0,True,completed
72,known_visit,HIPC,bernoulli,drop_0.25,19,361,4,10,hipc_h5_bernoulli_025,C:\Users\lottj\Desktop\research\decentralized benchmark\commitment-horizon-study\reference_core_benchmark_pilot\known_visit_10target_300.csv,3,18,7,63.262912342368224,63.262912342368224,00,00,1,0,True,completed
72,known_visit,HIPC,bernoulli,drop_0.25,19,361,4,10,hipc_h5_bernoulli_025,C:\Users\lottj\Desktop\research\decentralized benchmark\commitment-horizon-study\reference_core_benchmark_pilot\known_visit_10target_300.csv,4,2,10,5.637453450843632,5.637453450843632,02,02,2,1,True,completed
72,known_visit,HIPC,bernoulli,drop_0.25,19,361,4,10,hipc_h5_bernoulli_025,C:\Users\lottj\Desktop\research\decentralized benchmark\commitment-horizon-study\reference_core_benchmark_pilot\known_visit_10target_300.csv,5,7,11,16.40414531216014,16.40414531216014,02,02,1,0,True,completed
72,known_visit,HIPC,bernoulli,drop_0.25,19,361,4,10,hipc_h5_bernoulli_025,C:\Users\lottj\Desktop\research\decentralized benchmark\commitment-horizon-study\reference_core_benchmark_pilot\known_visit_10target_300.csv,6,1,18,0.20217762043877274,0.20217762043877274,03,03,1,0,True,completed
72,known_visit,HIPC,bernoulli,drop_0.25,19,361,4,10,hipc_h5_bernoulli_025,C:\Users\lottj\Desktop\research\decentralized benchmark\commitment-horizon-study\reference_core_benchmark_pilot\known_visit_10target_300.csv,7,5,1,9.28150351168753,9.28150351168753,00,00,1,0,True,completed
72,known_visit,HIPC,bernoulli,drop_0.25,19,361,4,10,hipc_h5_bernoulli_025,C:\Users\lottj\Desktop\research\decentralized benchmark\commitment-horizon-study\reference_core_benchmark_pilot\known_visit_10target_300.csv,8,11,3,33.98558155824534,33.98558155824534,00,00,1,0,True,completed
72,known_visit,HIPC,bernoulli,drop_0.25,19,361,4,10,hipc_h5_bernoulli_025,C:\Users\lottj\Desktop\research\decentralized benchmark\commitment-horizon-study\reference_core_benchmark_pilot\known_visit_10target_300.csv,9,6,16,26.888242042976,26.888242042976,02,02,1,0,True,completed
72,known_visit,HIPC,bernoulli,drop_0.25,19,361,4,10,hipc_h5_bernoulli_025,C:\Users\lottj\Desktop\research\decentralized benchmark\commitment-horizon-study\reference_core_benchmark_pilot\known_visit_10target_300.csv,10,11,0,38.98145267079835,38.98145267079835,00,00,1,0,True,completed
73,known_visit,HIPC,bernoulli,drop_0.25,19,361,4,10,hipc_h5_bernoulli_025,C:\Users\lottj\Desktop\research\decentralized benchmark\commitment-horizon-study\reference_core_benchmark_pilot\known_visit_10target_300.csv,1,13,10,35.77938240568036,35.77938240568036,01,01,1,0,True,completed
73,known_visit,HIPC,bernoulli,drop_0.25,19,361,4,10,hipc_h5_bernoulli_025,C:\Users\lottj\Desktop\research\decentralized benchmark\commitment-horizon-study\reference_core_benchmark_pilot\known_visit_10target_300.csv,2,2,2,5.966478010975335,5.966478010975335,00,00,1,0,True,completed
73,known_visit,HIPC,bernoulli,drop_0.25,19,361,4,10,hipc_h5_bernoulli_025,C:\Users\lottj\Desktop\research\decentralized benchmark\commitment-horizon-study\reference_core_benchmark_pilot\known_visit_10target_300.csv,3,0,2,2.285185362308327,2.285185362308327,00,00,2,1,True,completed
73,known_visit,HIPC,bernoulli,drop_0.25,19,361,4,10,hipc_h5_bernoulli_025,C:\Users\lottj\Desktop\research\decentralized benchmark\commitment-horizon-study\reference_core_benchmark_pilot\known_visit_10target_300.csv,4,11,3,23.269326563708603,23.269326563708603,00,00,1,0,True,completed
73,known_visit,HIPC,bernoulli,drop_0.25,19,361,4,10,hipc_h5_bernoulli_025,C:\Users\lottj\Desktop\research\decentralized benchmark\commitment-horizon-study\reference_core_benchmark_pilot\known_visit_10target_300.csv,5,8,11,25.143917971978745,25.143917971978745,01,01,1,0,True,completed
73,known_visit,HIPC,bernoulli,drop_0.25,19,361,4,10,hipc_h5_bernoulli_025,C:\Users\lottj\Desktop\research\decentralized benchmark\commitment-horizon-study\reference_core_benchmark_pilot\known_visit_10target_300.csv,6,3,8,11.294525387907164,11.294525387907164,01,01,1,0,True,completed
73,known_visit,HIPC,bernoulli,drop_0.25,19,361,4,10,hipc_h5_bernoulli_025,C:\Users\lottj\Desktop\research\decentralized benchmark\commitment-horizon-study\reference_core_benchmark_pilot\known_visit_10target_300.csv,7,18,14,51.299227366870895,51.299227366870895,01,01,1,0,True,completed
73,known_visit,HIPC,bernoulli,drop_0.25,19,361,4,10,hipc_h5_bernoulli_025,C:\Users\lottj\Desktop\research\decentralized benchmark\commitment-horizon-study\reference_core_benchmark_pilot\known_visit_10target_300.csv,8,6,11,21.81156622767172,21.81156622767172,01,01,1,0,True,completed
73,known_visit,HIPC,bernoulli,drop_0.25,19,361,4,10,hipc_h5_bernoulli_025,C:\Users\lottj\Desktop\research\decentralized benchmark\commitment-horizon-study\reference_core_benchmark_pilot\known_visit_10target_300.csv,9,16,3,32.12188958675825,32.12188958675825,00,00,1,0,True,completed
73,known_visit,HIPC,bernoulli,drop_0.25,19,361,4,10,hipc_h5_bernoulli_025,C:\Users\lottj\Desktop\research\decentralized benchmark\commitment-horizon-study\reference_core_benchmark_pilot\known_visit_10target_300.csv,10,1,16,3.7556256342036067,3.7556256342036067,03,03,1,0,True,completed
74,known_visit,HIPC,bernoulli,drop_0.25,19,361,4,10,hipc_h5_bernoulli_025,C:\Users\lottj\Desktop\research\decentralized benchmark\commitment-horizon-study\reference_core_benchmark_pilot\known_visit_10target_300.csv,1,9,11,27.090191151251176,27.090191151251176,03,03,1,0,True,completed
74,known_visit,HIPC,bernoulli,drop_0.25,19,361,4,10,hipc_h5_bernoulli_025,C:\Users\lottj\Desktop\research\decentralized benchmark\commitment-horizon-study\reference_core_benchmark_pilot\known_visit_10target_300.csv,2,2,8,5.479680393892609,5.479680393892609,01,01,1,0,True,completed
74,known_visit,HIPC,bernoulli,drop_0.25,19,361,4,10,hipc_h5_bernoulli_025,C:\Users\lottj\Desktop\research\decentralized benchmark\commitment-horizon-study\reference_core_benchmark_pilot\known_visit_10target_300.csv,3,6,17,11.086925456399364,11.086925456399364,03,03,2,1,True,completed
74,known_visit,HIPC,bernoulli,drop_0.25,19,361,4,10,hipc_h5_bernoulli_025,C:\Users\lottj\Desktop\research\decentralized benchmark\commitment-horizon-study\reference_core_benchmark_pilot\known_visit_10target_300.csv,4,12,9,35.82089375680498,35.82089375680498,03,03,1,0,True,completed
74,known_visit,HIPC,bernoulli,drop_0.25,19,361,4,10,hipc_h5_bernoulli_025,C:\Users\lottj\Desktop\research\decentralized benchmark\commitment-horizon-study\reference_core_benchmark_pilot\known_visit_10target_300.csv,5,6,2,12.41835197618579,12.41835197618579,00,00,1,0,True,completed
74,known_visit,HIPC,bernoulli,drop_0.25,19,361,4,10,hipc_h5_bernoulli_025,C:\Users\lottj\Desktop\research\decentralized benchmark\commitment-horizon-study\reference_core_benchmark_pilot\known_visit_10target_300.csv,6,15,6,46.24455022914454,46.24455022914454,03,03,1,0,True,completed
74,known_visit,HIPC,bernoulli,drop_0.25,19,361,4,10,hipc_h5_bernoulli_025,C:\Users\lottj\Desktop\research\decentralized benchmark\commitment-horizon-study\reference_core_benchmark_pilot\known_visit_10target_300.csv,7,2,12,1.7595493636797364,1.7595493636797364,02,02,2,1,True,completed
74,known_visit,HIPC,bernoulli,drop_0.25,19,361,4,10,hipc_h5_bernoulli_025,C:\Users\lottj\Desktop\research\decentralized benchmark\commitment-horizon-study\reference_core_benchmark_pilot\known_visit_10target_300.csv,8,3,17,5.561504713312142,5.561504713312142,03,03,1,0,True,completed
74,known_visit,HIPC,bernoulli,drop_0.25,19,361,4,10,hipc_h5_bernoulli_025,C:\Users\lottj\Desktop\research\decentralized benchmark\commitment-horizon-study\reference_core_benchmark_pilot\known_visit_10target_300.csv,9,1,10,10.697360036616368,10.697360036616368,01,01,1,0,True,completed
74,known_visit,HIPC,bernoulli,drop_0.25,19,361,4,10,hipc_h5_bernoulli_025,C:\Users\lottj\Desktop\research\decentralized benchmark\commitment-horizon-study\reference_core_benchmark_pilot\known_visit_10target_300.csv,10,7,14,18.060702314855096,18.060702314855096,03,03,1,0,True,completed
75,known_visit,HIPC,bernoulli,drop_0.25,19,361,4,10,hipc_h5_bernoulli_025,C:\Users\lottj\Desktop\research\decentralized benchmark\commitment-horizon-study\reference_core_benchmark_pilot\known_visit_10target_300.csv,1,11,1,19.397856546323137,19.397856546323137,00,00,1,0,True,completed
75,known_visit,HIPC,bernoulli,drop_0.25,19,361,4,10,hipc_h5_bernoulli_025,C:\Users\lottj\Desktop\research\decentralized benchmark\commitment-horizon-study\reference_core_benchmark_pilot\known_visit_10target_300.csv,2,4,10,9.450067241349883,9.450067241349883,02,02,1,0,True,completed
75,known_visit,HIPC,bernoulli,drop_0.25,19,361,4,10,hipc_h5_bernoulli_025,C:\Users\lottj\Desktop\research\decentralized benchmark\commitment-horizon-study\reference_core_benchmark_pilot\known_visit_10target_300.csv,3,2,11,3.9235674880055935,3.9235674880055935,02,02,1,0,True,completed
75,known_visit,HIPC,bernoulli,drop_0.25,19,361,4,10,hipc_h5_bernoulli_025,C:\Users\lottj\Desktop\research\decentralized benchmark\commitment-horizon-study\reference_core_benchmark_pilot\known_visit_10target_300.csv,4,5,0,7.086341689730873,7.086341689730873,00,00,1,0,True,completed
75,known_visit,HIPC,bernoulli,drop_0.25,19,361,4,10,hipc_h5_bernoulli_025,C:\Users\lottj\Desktop\research\decentralized benchmark\commitment-horizon-study\reference_core_benchmark_pilot\known_visit_10target_300.csv,5,6,11,14.994790614841396,14.994790614841396,02,02,1,0,True,completed
75,known_visit,HIPC,bernoulli,drop_0.25,19,361,4,10,hipc_h5_bernoulli_025,C:\Users\lottj\Desktop\research\decentralized benchmark\commitment-horizon-study\reference_core_benchmark_pilot\known_visit_10target_300.csv,6,14,8,40.70535661600423,40.70535661600423,00,00,1,0,True,completed
75,known_visit,HIPC,bernoulli,drop_0.25,19,361,4,10,hipc_h5_bernoulli_025,C:\Users\lottj\Desktop\research\decentralized benchmark\commitment-horizon-study\reference_core_benchmark_pilot\known_visit_10target_300.csv,7,18,11,53.01344517620383,53.01344517620383,00,00,1,0,True,completed
75,known_visit,HIPC,bernoulli,drop_0.25,19,361,4,10,hipc_h5_bernoulli_025,C:\Users\lottj\Desktop\research\decentralized benchmark\commitment-horizon-study\reference_core_benchmark_pilot\known_visit_10target_300.csv,8,10,5,28.28349994332744,28.28349994332744,00,00,1,0,True,completed
75,known_visit,HIPC,bernoulli,drop_0.25,19,361,4,10,hipc_h5_bernoulli_025,C:\Users\lottj\Desktop\research\decentralized benchmark\commitment-horizon-study\reference_core_benchmark_pilot\known_visit_10target_300.csv,9,2,10,5.630923319340152,5.630923319340152,02,02,1,0,True,completed
75,known_visit,HIPC,bernoulli,drop_0.25,19,361,4,10,hipc_h5_bernoulli_025,C:\Users\lottj\Desktop\research\decentralized benchmark\commitment-horizon-study\reference_core_benchmark_pilot\known_visit_10target_300.csv,10,0,8,2.1802132182108687,2.1802132182108687,01,01,1,0,True,completed
76,known_visit,HIPC,bernoulli,drop_0.25,19,361,4,10,hipc_h5_bernoulli_025,C:\Users\lottj\Desktop\research\decentralized benchmark\commitment-horizon-study\reference_core_benchmark_pilot\known_visit_10target_300.csv,1,16,12,44.68314488563867,44.68314488563867,03,03,1,0,True,completed
76,known_visit,HIPC,bernoulli,drop_0.25,19,361,4,10,hipc_h5_bernoulli_025,C:\Users\lottj\Desktop\research\decentralized benchmark\commitment-horizon-study\reference_core_benchmark_pilot\known_visit_10target_300.csv,2,9,2,24.50058779025027,24.50058779025027,00,00,1,0,True,completed
76,known_visit,HIPC,bernoulli,drop_0.25,19,361,4,10,hipc_h5_bernoulli_025,C:\Users\lottj\Desktop\research\decentralized benchmark\commitment-horizon-study\reference_core_benchmark_pilot\known_visit_10target_300.csv,3,0,5,0.4220264627680691,0.4220264627680691,01,01,1,0,True,completed
76,known_visit,HIPC,bernoulli,drop_0.25,19,361,4,10,hipc_h5_bernoulli_025,C:\Users\lottj\Desktop\research\decentralized benchmark\commitment-horizon-study\reference_core_benchmark_pilot\known_visit_10target_300.csv,4,18,2,65.25789422722332,65.25789422722332,03,03,1,0,True,completed
76,known_visit,HIPC,bernoulli,drop_0.25,19,361,4,10,hipc_h5_bernoulli_025,C:\Users\lottj\Desktop\research\decentralized benchmark\commitment-horizon-study\reference_core_benchmark_pilot\known_visit_10target_300.csv,5,10,7,35.25729025418774,35.25729025418774,00,00,1,0,True,completed
76,known_visit,HIPC,bernoulli,drop_0.25,19,361,4,10,hipc_h5_bernoulli_025,C:\Users\lottj\Desktop\research\decentralized benchmark\commitment-horizon-study\reference_core_benchmark_pilot\known_visit_10target_300.csv,6,1,3,5.466539790488291,5.466539790488291,00,00,1,0,True,completed
76,known_visit,HIPC,bernoulli,drop_0.25,19,361,4,10,hipc_h5_bernoulli_025,C:\Users\lottj\Desktop\research\decentralized benchmark\commitment-horizon-study\reference_core_benchmark_pilot\known_visit_10target_300.csv,7,3,15,9.034803052126222,9.034803052126222,02,02,1,0,True,completed
76,known_visit,HIPC,bernoulli,drop_0.25,19,361,4,10,hipc_h5_bernoulli_025,C:\Users\lottj\Desktop\research\decentralized benchmark\commitment-horizon-study\reference_core_benchmark_pilot\known_visit_10target_300.csv,8,9,16,17.598589148421624,17.598589148421624,03,03,1,0,True,completed
76,known_visit,HIPC,bernoulli,drop_0.25,19,361,4,10,hipc_h5_bernoulli_025,C:\Users\lottj\Desktop\research\decentralized benchmark\commitment-horizon-study\reference_core_benchmark_pilot\known_visit_10target_300.csv,9,14,18,30.270479189437275,30.270479189437275,03,03,1,0,True,completed
76,known_visit,HIPC,bernoulli,drop_0.25,19,361,4,10,hipc_h5_bernoulli_025,C:\Users\lottj\Desktop\research\decentralized benchmark\commitment-horizon-study\reference_core_benchmark_pilot\known_visit_10target_300.csv,10,3,4,11.038025383107065,11.038025383107065,00,00,2,1,True,completed
77,known_visit,HIPC,bernoulli,drop_0.25,19,361,4,10,hipc_h5_bernoulli_025,C:\Users\lottj\Desktop\research\decentralized benchmark\commitment-horizon-study\reference_core_benchmark_pilot\known_visit_10target_300.csv,1,3,12,3.6465848859099395,3.6465848859099395,02,02,2,1,True,completed
77,known_visit,HIPC,bernoulli,drop_0.25,19,361,4,10,hipc_h5_bernoulli_025,C:\Users\lottj\Desktop\research\decentralized benchmark\commitment-horizon-study\reference_core_benchmark_pilot\known_visit_10target_300.csv,2,16,10,63.41688520963417,63.41688520963417,00,00,1,0,True,completed
77,known_visit,HIPC,bernoulli,drop_0.25,19,361,4,10,hipc_h5_bernoulli_025,C:\Users\lottj\Desktop\research\decentralized benchmark\commitment-horizon-study\reference_core_benchmark_pilot\known_visit_10target_300.csv,3,0,5,0.5328325247050977,0.5328325247050977,01,01,2,1,True,completed
77,known_visit,HIPC,bernoulli,drop_0.25,19,361,4,10,hipc_h5_bernoulli_025,C:\Users\lottj\Desktop\research\decentralized benchmark\commitment-horizon-study\reference_core_benchmark_pilot\known_visit_10target_300.csv,4,8,11,22.293342588099865,22.293342588099865,02,02,1,0,True,completed
77,known_visit,HIPC,bernoulli,drop_0.25,19,361,4,10,hipc_h5_bernoulli_025,C:\Users\lottj\Desktop\research\decentralized benchmark\commitment-horizon-study\reference_core_benchmark_pilot\known_visit_10target_300.csv,5,14,11,32.791038074240355,32.791038074240355,02,02,1,0,True,completed
77,known_visit,HIPC,bernoulli,drop_0.25,19,361,4,10,hipc_h5_bernoulli_025,C:\Users\lottj\Desktop\research\decentralized benchmark\commitment-horizon-study\reference_core_benchmark_pilot\known_visit_10target_300.csv,6,14,4,44.50503957656028,44.50503957656028,00,00,1,0,True,completed
77,known_visit,HIPC,bernoulli,drop_0.25,19,361,4,10,hipc_h5_bernoulli_025,C:\Users\lottj\Desktop\research\decentralized benchmark\commitment-horizon-study\reference_core_benchmark_pilot\known_visit_10target_300.csv,7,14,6,52.21924038041222,52.21924038041222,00,00,1,0,True,completed
77,known_visit,HIPC,bernoulli,drop_0.25,19,361,4,10,hipc_h5_bernoulli_025,C:\Users\lottj\Desktop\research\decentralized benchmark\commitment-horizon-study\reference_core_benchmark_pilot\known_visit_10target_300.csv,8,7,12,18.400370126124233,18.400370126124233,02,02,1,0,True,completed
77,known_visit,HIPC,bernoulli,drop_0.25,19,361,4,10,hipc_h5_bernoulli_025,C:\Users\lottj\Desktop\research\decentralized benchmark\commitment-horizon-study\reference_core_benchmark_pilot\known_visit_10target_300.csv,9,5,9,19.974544468765462,19.974544468765462,01,01,1,0,True,completed
77,known_visit,HIPC,bernoulli,drop_0.25,19,361,4,10,hipc_h5_bernoulli_025,C:\Users\lottj\Desktop\research\decentralized benchmark\commitment-horizon-study\reference_core_benchmark_pilot\known_visit_10target_300.csv,10,4,14,9.168892399354714,9.168892399354714,02,02,1,0,True,completed
78,known_visit,HIPC,bernoulli,drop_0.25,19,361,4,10,hipc_h5_bernoulli_025,C:\Users\lottj\Desktop\research\decentralized benchmark\commitment-horizon-study\reference_core_benchmark_pilot\known_visit_10target_300.csv,1,16,3,70.71800810815901,70.71800810815901,00,00,1,0,True,completed
78,known_visit,HIPC,bernoulli,drop_0.25,19,361,4,10,hipc_h5_bernoulli_025,C:\Users\lottj\Desktop\research\decentralized benchmark\commitment-horizon-study\reference_core_benchmark_pilot\known_visit_10target_300.csv,2,12,9,35.15052175085657,35.15052175085657,00,00,1,0,True,completed
78,known_visit,HIPC,bernoulli,drop_0.25,19,361,4,10,hipc_h5_bernoulli_025,C:\Users\lottj\Desktop\research\decentralized benchmark\commitment-horizon-study\reference_core_benchmark_pilot\known_visit_10target_300.csv,3,11,12,42.39554823805789,42.39554823805789,00,00,1,0,True,completed
78,known_visit,HIPC,bernoulli,drop_0.25,19,361,4,10,hipc_h5_bernoulli_025,C:\Users\lottj\Desktop\research\decentralized benchmark\commitment-horizon-study\reference_core_benchmark_pilot\known_visit_10target_300.csv,4,3,17,12.399565104137189,12.399565104137189,02,02,1,0,True,completed
78,known_visit,HIPC,bernoulli,drop_0.25,19,361,4,10,hipc_h5_bernoulli_025,C:\Users\lottj\Desktop\research\decentralized benchmark\commitment-horizon-study\reference_core_benchmark_pilot\known_visit_10target_300.csv,5,6,17,17.911128470564712,17.911128470564712,02,02,1,0,True,completed
78,known_visit,HIPC,bernoulli,drop_0.25,19,361,4,10,hipc_h5_bernoulli_025,C:\Users\lottj\Desktop\research\decentralized benchmark\commitment-horizon-study\reference_core_benchmark_pilot\known_visit_10target_300.csv,6,7,2,14.171187855575322,14.171187855575322,00,00,1,0,True,completed
78,known_visit,HIPC,bernoulli,drop_0.25,19,361,4,10,hipc_h5_bernoulli_025,C:\Users\lottj\Desktop\research\decentralized benchmark\commitment-horizon-study\reference_core_benchmark_pilot\known_visit_10target_300.csv,7,3,13,5.560364318071579,5.560364318071579,02,02,1,0,True,completed
78,known_visit,HIPC,bernoulli,drop_0.25,19,361,4,10,hipc_h5_bernoulli_025,C:\Users\lottj\Desktop\research\decentralized benchmark\commitment-horizon-study\reference_core_benchmark_pilot\known_visit_10target_300.csv,8,10,5,24.7197858805579,24.7197858805579,00,00,1,0,True,completed
78,known_visit,HIPC,bernoulli,drop_0.25,19,361,4,10,hipc_h5_bernoulli_025,C:\Users\lottj\Desktop\research\decentralized benchmark\commitment-horizon-study\reference_core_benchmark_pilot\known_visit_10target_300.csv,9,0,8,2.168796219485585,2.168796219485585,01,01,1,0,True,completed
78,known_visit,HIPC,bernoulli,drop_0.25,19,361,4,10,hipc_h5_bernoulli_025,C:\Users\lottj\Desktop\research\decentralized benchmark\commitment-horizon-study\reference_core_benchmark_pilot\known_visit_10target_300.csv,10,1,0,0.18372695964302155,0.18372695964302155,00,00,1,0,True,completed
79,known_visit,HIPC,bernoulli,drop_0.25,19,361,4,10,hipc_h5_bernoulli_025,C:\Users\lottj\Desktop\research\decentralized benchmark\commitment-horizon-study\reference_core_benchmark_pilot\known_visit_10target_300.csv,1,4,12,5.3745268026790445,5.3745268026790445,02,02,2,1,True,completed
79,known_visit,HIPC,bernoulli,drop_0.25,19,361,4,10,hipc_h5_bernoulli_025,C:\Users\lottj\Desktop\research\decentralized benchmark\commitment-horizon-study\reference_core_benchmark_pilot\known_visit_10target_300.csv,2,15,16,35.19705813185036,35.19705813185036,02,02,1,0,True,completed
79,known_visit,HIPC,bernoulli,drop_0.25,19,361,4,10,hipc_h5_bernoulli_025,C:\Users\lottj\Desktop\research\decentralized benchmark\commitment-horizon-study\reference_core_benchmark_pilot\known_visit_10target_300.csv,3,11,12,17.34868738619992,17.34868738619992,02,02,1,0,True,completed
79,known_visit,HIPC,bernoulli,drop_0.25,19,361,4,10,hipc_h5_bernoulli_025,C:\Users\lottj\Desktop\research\decentralized benchmark\commitment-horizon-study\reference_core_benchmark_pilot\known_visit_10target_300.csv,4,4,0,5.179786376930412,5.179786376930412,00,00,1,0,True,completed
79,known_visit,HIPC,bernoulli,drop_0.25,19,361,4,10,hipc_h5_bernoulli_025,C:\Users\lottj\Desktop\research\decentralized benchmark\commitment-horizon-study\reference_core_benchmark_pilot\known_visit_10target_300.csv,5,17,5,61.6342865314711,61.6342865314711,02,02,1,0,True,completed
79,known_visit,HIPC,bernoulli,drop_0.25,19,361,4,10,hipc_h5_bernoulli_025,C:\Users\lottj\Desktop\research\decentralized benchmark\commitment-horizon-study\reference_core_benchmark_pilot\known_visit_10target_300.csv,6,2,8,5.59946026380365,5.59946026380365,01,01,1,0,True,completed
79,known_visit,HIPC,bernoulli,drop_0.25,19,361,4,10,hipc_h5_bernoulli_025,C:\Users\lottj\Desktop\research\decentralized benchmark\commitment-horizon-study\reference_core_benchmark_pilot\known_visit_10target_300.csv,7,2,3,13.99361918457132,13.99361918457132,00,00,1,0,True,completed
79,known_visit,HIPC,bernoulli,drop_0.25,19,361,4,10,hipc_h5_bernoulli_025,C:\Users\lottj\Desktop\research\decentralized benchmark\commitment-horizon-study\reference_core_benchmark_pilot\known_visit_10target_300.csv,8,2,17,3.783812264968358,3.783812264968358,03,03,1,0,True,completed
79,known_visit,HIPC,bernoulli,drop_0.25,19,361,4,10,hipc_h5_bernoulli_025,C:\Users\lottj\Desktop\research\decentralized benchmark\commitment-horizon-study\reference_core_benchmark_pilot\known_visit_10target_300.csv,9,4,8,9.393904545926645,9.393904545926645,01,01,1,0,True,completed
79,known_visit,HIPC,bernoulli,drop_0.25,19,361,4,10,hipc_h5_bernoulli_025,C:\Users\lottj\Desktop\research\decentralized benchmark\commitment-horizon-study\reference_core_benchmark_pilot\known_visit_10target_300.csv,10,16,14,29.65253534599974,29.65253534599974,02,02,1,0,True,completed
80,known_visit,HIPC,bernoulli,drop_0.25,19,361,4,10,hipc_h5_bernoulli_025,C:\Users\lottj\Desktop\research\decentralized benchmark\commitment-horizon-study\reference_core_benchmark_pilot\known_visit_10target_300.csv,1,10,16,26.2308357515111,26.2308357515111,02,02,1,0,True,completed
80,known_visit,HIPC,bernoulli,drop_0.25,19,361,4,10,hipc_h5_bernoulli_025,C:\Users\lottj\Desktop\research\decentralized benchmark\commitment-horizon-study\reference_core_benchmark_pilot\known_visit_10target_300.csv,2,4,4,12.270937397349167,12.270937397349167,00,00,1,0,True,completed
80,known_visit,HIPC,bernoulli,drop_0.25,19,361,4,10,hipc_h5_bernoulli_025,C:\Users\lottj\Desktop\research\decentralized benchmark\commitment-horizon-study\reference_core_benchmark_pilot\known_visit_10target_300.csv,3,10,11,17.57362219719239,17.57362219719239,02,02,1,0,True,completed
80,known_visit,HIPC,bernoulli,drop_0.25,19,361,4,10,hipc_h5_bernoulli_025,C:\Users\lottj\Desktop\research\decentralized benchmark\commitment-horizon-study\reference_core_benchmark_pilot\known_visit_10target_300.csv,4,16,12,44.097181362334155,44.097181362334155,02,02,1,0,True,completed
80,known_visit,HIPC,bernoulli,drop_0.25,19,361,4,10,hipc_h5_bernoulli_025,C:\Users\lottj\Desktop\research\decentralized benchmark\commitment-horizon-study\reference_core_benchmark_pilot\known_visit_10target_300.csv,5,10,2,33.133417465493494,33.133417465493494,00,00,1,0,True,completed
80,known_visit,HIPC,bernoulli,drop_0.25,19,361,4,10,hipc_h5_bernoulli_025,C:\Users\lottj\Desktop\research\decentralized benchmark\commitment-horizon-study\reference_core_benchmark_pilot\known_visit_10target_300.csv,6,9,18,134.50118428870502,134.50118428870502,03,03,1,0,True,completed
80,known_visit,HIPC,bernoulli,drop_0.25,19,361,4,10,hipc_h5_bernoulli_025,C:\Users\lottj\Desktop\research\decentralized benchmark\commitment-horizon-study\reference_core_benchmark_pilot\known_visit_10target_300.csv,7,10,13,21.19241695316968,21.19241695316968,02,02,1,0,True,completed
80,known_visit,HIPC,bernoulli,drop_0.25,19,361,4,10,hipc_h5_bernoulli_025,C:\Users\lottj\Desktop\research\decentralized benchmark\commitment-horizon-study\reference_core_benchmark_pilot\known_visit_10target_300.csv,8,6,6,19.321507535514876,19.321507535514876,00,00,1,0,True,completed
80,known_visit,HIPC,bernoulli,drop_0.25,19,361,4,10,hipc_h5_bernoulli_025,C:\Users\lottj\Desktop\research\decentralized benchmark\commitment-horizon-study\reference_core_benchmark_pilot\known_visit_10target_300.csv,9,15,14,38.69019086216133,38.69019086216133,02,02,1,0,True,completed
80,known_visit,HIPC,bernoulli,drop_0.25,19,361,4,10,hipc_h5_bernoulli_025,C:\Users\lottj\Desktop\research\decentralized benchmark\commitment-horizon-study\reference_core_benchmark_pilot\known_visit_10target_300.csv,10,0,11,0.4036532217651335,0.4036532217651335,02,02,2,1,True,completed
81,known_visit,HIPC,bernoulli,drop_0.25,19,361,4,10,hipc_h5_bernoulli_025,C:\Users\lottj\Desktop\research\decentralized benchmark\commitment-horizon-study\reference_core_benchmark_pilot\known_visit_10target_300.csv,1,12,7,21.11739069571174,21.11739069571174,01,01,1,0,True,completed
81,known_visit,HIPC,bernoulli,drop_0.25,19,361,4,10,hipc_h5_bernoulli_025,C:\Users\lottj\Desktop\research\decentralized benchmark\commitment-horizon-study\reference_core_benchmark_pilot\known_visit_10target_300.csv,2,3,17,5.451871382027311,5.451871382027311,03,03,1,0,True,completed
81,known_visit,HIPC,bernoulli,drop_0.25,19,361,4,10,hipc_h5_bernoulli_025,C:\Users\lottj\Desktop\research\decentralized benchmark\commitment-horizon-study\reference_core_benchmark_pilot\known_visit_10target_300.csv,3,12,0,30.29464275197613,30.29464275197613,00,00,1,0,True,completed
81,known_visit,HIPC,bernoulli,drop_0.25,19,361,4,10,hipc_h5_bernoulli_025,C:\Users\lottj\Desktop\research\decentralized benchmark\commitment-horizon-study\reference_core_benchmark_pilot\known_visit_10target_300.csv,4,5,3,12.97569359533051,12.97569359533051,00,00,1,0,True,completed
81,known_visit,HIPC,bernoulli,drop_0.25,19,361,4,10,hipc_h5_bernoulli_025,C:\Users\lottj\Desktop\research\decentralized benchmark\commitment-horizon-study\reference_core_benchmark_pilot\known_visit_10target_300.csv,5,7,7,12.523001388582033,12.523001388582033,01,01,1,0,True,completed
81,known_visit,HIPC,bernoulli,drop_0.25,19,361,4,10,hipc_h5_bernoulli_025,C:\Users\lottj\Desktop\research\decentralized benchmark\commitment-horizon-study\reference_core_benchmark_pilot\known_visit_10target_300.csv,6,4,18,9.360562606181238,9.360562606181238,03,03,1,0,True,completed
81,known_visit,HIPC,bernoulli,drop_0.25,19,361,4,10,hipc_h5_bernoulli_025,C:\Users\lottj\Desktop\research\decentralized benchmark\commitment-horizon-study\reference_core_benchmark_pilot\known_visit_10target_300.csv,7,2,1,3.859718168030565,3.859718168030565,00,00,1,0,True,completed
81,known_visit,HIPC,bernoulli,drop_0.25,19,361,4,10,hipc_h5_bernoulli_025,C:\Users\lottj\Desktop\research\decentralized benchmark\commitment-horizon-study\reference_core_benchmark_pilot\known_visit_10target_300.csv,8,1,0,0.11846805877043225,0.11846805877043225,00,00,1,0,True,completed
81,known_visit,HIPC,bernoulli,drop_0.25,19,361,4,10,hipc_h5_bernoulli_025,C:\Users\lottj\Desktop\research\decentralized benchmark\commitment-horizon-study\reference_core_benchmark_pilot\known_visit_10target_300.csv,9,0,7,0.45908573411036646,0.45908573411036646,01,01,1,0,True,completed
81,known_visit,HIPC,bernoulli,drop_0.25,19,361,4,10,hipc_h5_bernoulli_025,C:\Users\lottj\Desktop\research\decentralized benchmark\commitment-horizon-study\reference_core_benchmark_pilot\known_visit_10target_300.csv,10,15,10,31.59002985102094,31.59002985102094,01,01,1,0,True,completed
82,known_visit,HIPC,bernoulli,drop_0.25,19,361,4,10,hipc_h5_bernoulli_025,C:\Users\lottj\Desktop\research\decentralized benchmark\commitment-horizon-study\reference_core_benchmark_pilot\known_visit_10target_300.csv,1,6,14,12.435585814425815,12.435585814425815,02,02,2,1,True,completed
82,known_visit,HIPC,bernoulli,drop_0.25,19,361,4,10,hipc_h5_bernoulli_025,C:\Users\lottj\Desktop\research\decentralized benchmark\commitment-horizon-study\reference_core_benchmark_pilot\known_visit_10target_300.csv,2,15,15,40.52463094229442,40.52463094229442,02,02,1,0,True,completed
82,known_visit,HIPC,bernoulli,drop_0.25,19,361,4,10,hipc_h5_bernoulli_025,C:\Users\lottj\Desktop\research\decentralized benchmark\commitment-horizon-study\reference_core_benchmark_pilot\known_visit_10target_300.csv,3,14,10,34.302323073399386,34.302323073399386,01,01,1,0,True,completed
82,known_visit,HIPC,bernoulli,drop_0.25,19,361,4,10,hipc_h5_bernoulli_025,C:\Users\lottj\Desktop\research\decentralized benchmark\commitment-horizon-study\reference_core_benchmark_pilot\known_visit_10target_300.csv,4,2,12,1.938900209304896,1.938900209304896,02,02,2,1,True,completed
82,known_visit,HIPC,bernoulli,drop_0.25,19,361,4,10,hipc_h5_bernoulli_025,C:\Users\lottj\Desktop\research\decentralized benchmark\commitment-horizon-study\reference_core_benchmark_pilot\known_visit_10target_300.csv,5,15,2,57.357507535894655,57.357507535894655,01,01,1,0,True,completed
82,known_visit,HIPC,bernoulli,drop_0.25,19,361,4,10,hipc_h5_bernoulli_025,C:\Users\lottj\Desktop\research\decentralized benchmark\commitment-horizon-study\reference_core_benchmark_pilot\known_visit_10target_300.csv,6,17,6,46.68130864118404,46.68130864118404,01,01,1,0,True,completed
82,known_visit,HIPC,bernoulli,drop_0.25,19,361,4,10,hipc_h5_bernoulli_025,C:\Users\lottj\Desktop\research\decentralized benchmark\commitment-horizon-study\reference_core_benchmark_pilot\known_visit_10target_300.csv,7,12,9,56.00295569364277,56.00295569364277,02,02,1,0,True,completed
82,known_visit,HIPC,bernoulli,drop_0.25,19,361,4,10,hipc_h5_bernoulli_025,C:\Users\lottj\Desktop\research\decentralized benchmark\commitment-horizon-study\reference_core_benchmark_pilot\known_visit_10target_300.csv,8,14,7,29.256779027438842,29.256779027438842,01,01,1,0,True,completed
82,known_visit,HIPC,bernoulli,drop_0.25,19,361,4,10,hipc_h5_bernoulli_025,C:\Users\lottj\Desktop\research\decentralized benchmark\commitment-horizon-study\reference_core_benchmark_pilot\known_visit_10target_300.csv,9,6,18,19.4248070896285,19.4248070896285,02,02,2,1,True,completed
82,known_visit,HIPC,bernoulli,drop_0.25,19,361,4,10,hipc_h5_bernoulli_025,C:\Users\lottj\Desktop\research\decentralized benchmark\commitment-horizon-study\reference_core_benchmark_pilot\known_visit_10target_300.csv,10,6,5,11.328581848511904,11.328581848511904,01,01,1,0,True,completed
83,known_visit,HIPC,bernoulli,drop_0.25,19,361,4,10,hipc_h5_bernoulli_025,C:\Users\lottj\Desktop\research\decentralized benchmark\commitment-horizon-study\reference_core_benchmark_pilot\known_visit_10target_300.csv,1,3,16,7.647169680099587,7.647169680099587,03,03,1,0,True,completed
83,known_visit,HIPC,bernoulli,drop_0.25,19,361,4,10,hipc_h5_bernoulli_025,C:\Users\lottj\Desktop\research\decentralized benchmark\commitment-horizon-study\reference_core_benchmark_pilot\known_visit_10target_300.csv,2,6,2,26.67157725393325,26.67157725393325,01,01,1,0,True,completed
83,known_visit,HIPC,bernoulli,drop_0.25,19,361,4,10,hipc_h5_bernoulli_025,C:\Users\lottj\Desktop\research\decentralized benchmark\commitment-horizon-study\reference_core_benchmark_pilot\known_visit_10target_300.csv,3,0,1,0.501705744246441,0.501705744246441,00,00,1,0,True,completed
83,known_visit,HIPC,bernoulli,drop_0.25,19,361,4,10,hipc_h5_bernoulli_025,C:\Users\lottj\Desktop\research\decentralized benchmark\commitment-horizon-study\reference_core_benchmark_pilot\known_visit_10target_300.csv,4,18,1,30.9863120831539,30.9863120831539,00,00,1,0,True,completed
83,known_visit,HIPC,bernoulli,drop_0.25,19,361,4,10,hipc_h5_bernoulli_025,C:\Users\lottj\Desktop\research\decentralized benchmark\commitment-horizon-study\reference_core_benchmark_pilot\known_visit_10target_300.csv,5,3,7,5.505995665542421,5.505995665542421,01,01,1,0,True,completed
83,known_visit,HIPC,bernoulli,drop_0.25,19,361,4,10,hipc_h5_bernoulli_025,C:\Users\lottj\Desktop\research\decentralized benchmark\commitment-horizon-study\reference_core_benchmark_pilot\known_visit_10target_300.csv,6,6,8,16.379685602714392,16.379685602714392,01,01,1,0,True,completed
83,known_visit,HIPC,bernoulli,drop_0.25,19,361,4,10,hipc_h5_bernoulli_025,C:\Users\lottj\Desktop\research\decentralized benchmark\commitment-horizon-study\reference_core_benchmark_pilot\known_visit_10target_300.csv,7,10,14,20.086864702134992,20.086864702134992,02,02,1,0,True,completed
83,known_visit,HIPC,bernoulli,drop_0.25,19,361,4,10,hipc_h5_bernoulli_025,C:\Users\lottj\Desktop\research\decentralized benchmark\commitment-horizon-study\reference_core_benchmark_pilot\known_visit_10target_300.csv,8,5,9,12.742321873579565,12.742321873579565,01,01,1,0,True,completed
83,known_visit,HIPC,bernoulli,drop_0.25,19,361,4,10,hipc_h5_bernoulli_025,C:\Users\lottj\Desktop\research\decentralized benchmark\commitment-horizon-study\reference_core_benchmark_pilot\known_visit_10target_300.csv,9,4,3,32.22172487836998,32.22172487836998,01,01,1,0,True,completed
83,known_visit,HIPC,bernoulli,drop_0.25,19,361,4,10,hipc_h5_bernoulli_025,C:\Users\lottj\Desktop\research\decentralized benchmark\commitment-horizon-study\reference_core_benchmark_pilot\known_visit_10target_300.csv,10,8,14,16.422467098933858,16.422467098933858,02,02,1,0,True,completed
84,known_visit,HIPC,bernoulli,drop_0.25,19,361,4,10,hipc_h5_bernoulli_025,C:\Users\lottj\Desktop\research\decentralized benchmark\commitment-horizon-study\reference_core_benchmark_pilot\known_visit_10target_300.csv,1,15,6,37.957843717096395,37.957843717096395,00,00,1,0,True,completed
84,known_visit,HIPC,bernoulli,drop_0.25,19,361,4,10,hipc_h5_bernoulli_025,C:\Users\lottj\Desktop\research\decentralized benchmark\commitment-horizon-study\reference_core_benchmark_pilot\known_visit_10target_300.csv,2,8,4,16.10160591424205,16.10160591424205,01,01,1,0,True,completed
84,known_visit,HIPC,bernoulli,drop_0.25,19,361,4,10,hipc_h5_bernoulli_025,C:\Users\lottj\Desktop\research\decentralized benchmark\commitment-horizon-study\reference_core_benchmark_pilot\known_visit_10target_300.csv,3,16,1,27.737594485475167,27.737594485475167,00,00,1,0,True,completed
84,known_visit,HIPC,bernoulli,drop_0.25,19,361,4,10,hipc_h5_bernoulli_025,C:\Users\lottj\Desktop\research\decentralized benchmark\commitment-horizon-study\reference_core_benchmark_pilot\known_visit_10target_300.csv,4,5,11,16.40479285042964,16.40479285042964,02,02,1,0,True,completed
84,known_visit,HIPC,bernoulli,drop_0.25,19,361,4,10,hipc_h5_bernoulli_025,C:\Users\lottj\Desktop\research\decentralized benchmark\commitment-horizon-study\reference_core_benchmark_pilot\known_visit_10target_300.csv,5,17,7,50.50063615335144,50.50063615335144,00,00,1,0,True,completed
84,known_visit,HIPC,bernoulli,drop_0.25,19,361,4,10,hipc_h5_bernoulli_025,C:\Users\lottj\Desktop\research\decentralized benchmark\commitment-horizon-study\reference_core_benchmark_pilot\known_visit_10target_300.csv,6,13,7,43.2286014855681,43.2286014855681,00,00,1,0,True,completed
84,known_visit,HIPC,bernoulli,drop_0.25,19,361,4,10,hipc_h5_bernoulli_025,C:\Users\lottj\Desktop\research\decentralized benchmark\commitment-horizon-study\reference_core_benchmark_pilot\known_visit_10target_300.csv,7,3,14,7.092723154593738,7.092723154593738,02,02,1,0,True,completed
84,known_visit,HIPC,bernoulli,drop_0.25,19,361,4,10,hipc_h5_bernoulli_025,C:\Users\lottj\Desktop\research\decentralized benchmark\commitment-horizon-study\reference_core_benchmark_pilot\known_visit_10target_300.csv,8,12,3,24.962933177938467,24.962933177938467,01,01,1,0,True,completed
84,known_visit,HIPC,bernoulli,drop_0.25,19,361,4,10,hipc_h5_bernoulli_025,C:\Users\lottj\Desktop\research\decentralized benchmark\commitment-horizon-study\reference_core_benchmark_pilot\known_visit_10target_300.csv,9,11,15,22.75526223349895,22.75526223349895,03,03,1,0,True,completed
84,known_visit,HIPC,bernoulli,drop_0.25,19,361,4,10,hipc_h5_bernoulli_025,C:\Users\lottj\Desktop\research\decentralized benchmark\commitment-horizon-study\reference_core_benchmark_pilot\known_visit_10target_300.csv,10,4,14,9.120183703262722,9.120183703262722,02,02,1,0,True,completed
85,known_visit,HIPC,bernoulli,drop_0.25,19,361,4,10,hipc_h5_bernoulli_025,C:\Users\lottj\Desktop\research\decentralized benchmark\commitment-horizon-study\reference_core_benchmark_pilot\known_visit_10target_300.csv,1,1,17,2.2652078329257574,2.2652078329257574,03,03,2,1,True,completed
85,known_visit,HIPC,bernoulli,drop_0.25,19,361,4,10,hipc_h5_bernoulli_025,C:\Users\lottj\Desktop\research\decentralized benchmark\commitment-horizon-study\reference_core_benchmark_pilot\known_visit_10target_300.csv,2,13,5,61.76178826243591,61.76178826243591,03,03,1,0,True,completed
85,known_visit,HIPC,bernoulli,drop_0.25,19,361,4,10,hipc_h5_bernoulli_025,C:\Users\lottj\Desktop\research\decentralized benchmark\commitment-horizon-study\reference_core_benchmark_pilot\known_visit_10target_300.csv,3,9,14,21.561338079275277,21.561338079275277,03,03,1,0,True,completed
85,known_visit,HIPC,bernoulli,drop_0.25,19,361,4,10,hipc_h5_bernoulli_025,C:\Users\lottj\Desktop\research\decentralized benchmark\commitment-horizon-study\reference_core_benchmark_pilot\known_visit_10target_300.csv,4,16,2,95.02159117534615,95.02159117534615,03,03,1,0,True,completed
85,known_visit,HIPC,bernoulli,drop_0.25,19,361,4,10,hipc_h5_bernoulli_025,C:\Users\lottj\Desktop\research\decentralized benchmark\commitment-horizon-study\reference_core_benchmark_pilot\known_visit_10target_300.csv,5,3,11,5.52523541838345,5.52523541838345,02,02,1,0,True,completed
85,known_visit,HIPC,bernoulli,drop_0.25,19,361,4,10,hipc_h5_bernoulli_025,C:\Users\lottj\Desktop\research\decentralized benchmark\commitment-horizon-study\reference_core_benchmark_pilot\known_visit_10target_300.csv,6,4,17,7.6272235076260335,7.6272235076260335,03,03,2,1,True,completed
85,known_visit,HIPC,bernoulli,drop_0.25,19,361,4,10,hipc_h5_bernoulli_025,C:\Users\lottj\Desktop\research\decentralized benchmark\commitment-horizon-study\reference_core_benchmark_pilot\known_visit_10target_300.csv,7,15,14,32.00125390920634,32.00125390920634,03,03,1,0,True,completed
85,known_visit,HIPC,bernoulli,drop_0.25,19,361,4,10,hipc_h5_bernoulli_025,C:\Users\lottj\Desktop\research\decentralized benchmark\commitment-horizon-study\reference_core_benchmark_pilot\known_visit_10target_300.csv,8,18,10,44.18612727282911,44.18612727282911,03,03,1,0,True,completed
85,known_visit,HIPC,bernoulli,drop_0.25,19,361,4,10,hipc_h5_bernoulli_025,C:\Users\lottj\Desktop\research\decentralized benchmark\commitment-horizon-study\reference_core_benchmark_pilot\known_visit_10target_300.csv,9,11,7,19.364064013180762,19.364064013180762,01,01,2,1,True,completed
85,known_visit,HIPC,bernoulli,drop_0.25,19,361,4,10,hipc_h5_bernoulli_025,C:\Users\lottj\Desktop\research\decentralized benchmark\commitment-horizon-study\reference_core_benchmark_pilot\known_visit_10target_300.csv,10,18,7,31.615234411338147,31.615234411338147,01,01,1,0,True,completed
86,known_visit,HIPC,bernoulli,drop_0.25,19,361,4,10,hipc_h5_bernoulli_025,C:\Users\lottj\Desktop\research\decentralized benchmark\commitment-horizon-study\reference_core_benchmark_pilot\known_visit_10target_300.csv,1,1,12,0.19161294577611437,0.19161294577611437,02,02,1,0,True,completed
86,known_visit,HIPC,bernoulli,drop_0.25,19,361,4,10,hipc_h5_bernoulli_025,C:\Users\lottj\Desktop\research\decentralized benchmark\commitment-horizon-study\reference_core_benchmark_pilot\known_visit_10target_300.csv,2,2,10,5.664993483341829,5.664993483341829,02,02,1,0,True,completed
86,known_visit,HIPC,bernoulli,drop_0.25,19,361,4,10,hipc_h5_bernoulli_025,C:\Users\lottj\Desktop\research\decentralized benchmark\commitment-horizon-study\reference_core_benchmark_pilot\known_visit_10target_300.csv,3,8,15,25.149172692741054,25.149172692741054,02,02,1,0,True,completed
86,known_visit,HIPC,bernoulli,drop_0.25,19,361,4,10,hipc_h5_bernoulli_025,C:\Users\lottj\Desktop\research\decentralized benchmark\commitment-horizon-study\reference_core_benchmark_pilot\known_visit_10target_300.csv,4,1,17,2.13412623944222,2.13412623944222,03,03,1,0,True,completed
86,known_visit,HIPC,bernoulli,drop_0.25,19,361,4,10,hipc_h5_bernoulli_025,C:\Users\lottj\Desktop\research\decentralized benchmark\commitment-horizon-study\reference_core_benchmark_pilot\known_visit_10target_300.csv,5,14,3,27.79355549222643,27.79355549222643,01,01,1,0,True,completed
86,known_visit,HIPC,bernoulli,drop_0.25,19,361,4,10,hipc_h5_bernoulli_025,C:\Users\lottj\Desktop\research\decentralized benchmark\commitment-horizon-study\reference_core_benchmark_pilot\known_visit_10target_300.csv,6,5,4,10.739388810634336,10.739388810634336,01,01,1,0,True,completed
86,known_visit,HIPC,bernoulli,drop_0.25,19,361,4,10,hipc_h5_bernoulli_025,C:\Users\lottj\Desktop\research\decentralized benchmark\commitment-horizon-study\reference_core_benchmark_pilot\known_visit_10target_300.csv,7,7,3,16.05605300772037,16.05605300772037,01,01,1,0,True,completed
86,known_visit,HIPC,bernoulli,drop_0.25,19,361,4,10,hipc_h5_bernoulli_025,C:\Users\lottj\Desktop\research\decentralized benchmark\commitment-horizon-study\reference_core_benchmark_pilot\known_visit_10target_300.csv,8,18,18,47.42440468345375,47.42440468345375,02,02,1,0,True,completed
86,known_visit,HIPC,bernoulli,drop_0.25,19,361,4,10,hipc_h5_bernoulli_025,C:\Users\lottj\Desktop\research\decentralized benchmark\commitment-horizon-study\reference_core_benchmark_pilot\known_visit_10target_300.csv,9,5,3,12.373690396042266,12.373690396042266,01,01,1,0,True,completed
86,known_visit,HIPC,bernoulli,drop_0.25,19,361,4,10,hipc_h5_bernoulli_025,C:\Users\lottj\Desktop\research\decentralized benchmark\commitment-horizon-study\reference_core_benchmark_pilot\known_visit_10target_300.csv,10,7,10,14.573856981646454,14.573856981646454,02,02,1,0,True,completed
87,known_visit,HIPC,bernoulli,drop_0.25,19,361,4,10,hipc_h5_bernoulli_025,C:\Users\lottj\Desktop\research\decentralized benchmark\commitment-horizon-study\reference_core_benchmark_pilot\known_visit_10target_300.csv,1,17,10,56.43643041492915,56.43643041492915,01,01,1,0,True,completed
87,known_visit,HIPC,bernoulli,drop_0.25,19,361,4,10,hipc_h5_bernoulli_025,C:\Users\lottj\Desktop\research\decentralized benchmark\commitment-horizon-study\reference_core_benchmark_pilot\known_visit_10target_300.csv,2,1,16,3.9848576835650182,3.9848576835650182,03,03,1,0,True,completed
87,known_visit,HIPC,bernoulli,drop_0.25,19,361,4,10,hipc_h5_bernoulli_025,C:\Users\lottj\Desktop\research\decentralized benchmark\commitment-horizon-study\reference_core_benchmark_pilot\known_visit_10target_300.csv,3,14,12,65.33698646035819,65.33698646035819,01,01,1,0,True,completed
87,known_visit,HIPC,bernoulli,drop_0.25,19,361,4,10,hipc_h5_bernoulli_025,C:\Users\lottj\Desktop\research\decentralized benchmark\commitment-horizon-study\reference_core_benchmark_pilot\known_visit_10target_300.csv,4,15,3,40.43542617032122,40.43542617032122,01,01,1,0,True,completed
87,known_visit,HIPC,bernoulli,drop_0.25,19,361,4,10,hipc_h5_bernoulli_025,C:\Users\lottj\Desktop\research\decentralized benchmark\commitment-horizon-study\reference_core_benchmark_pilot\known_visit_10target_300.csv,5,4,15,11.210928418018415,11.210928418018415,03,03,1,0,True,completed
87,known_visit,HIPC,bernoulli,drop_0.25,19,361,4,10,hipc_h5_bernoulli_025,C:\Users\lottj\Desktop\research\decentralized benchmark\commitment-horizon-study\reference_core_benchmark_pilot\known_visit_10target_300.csv,6,4,18,20.8954605081628,20.8954605081628,03,03,1,0,True,completed
87,known_visit,HIPC,bernoulli,drop_0.25,19,361,4,10,hipc_h5_bernoulli_025,C:\Users\lottj\Desktop\research\decentralized benchmark\commitment-horizon-study\reference_core_benchmark_pilot\known_visit_10target_300.csv,7,3,8,7.215127125778332,7.215127125778332,01,01,1,0,True,completed
87,known_visit,HIPC,bernoulli,drop_0.25,19,361,4,10,hipc_h5_bernoulli_025,C:\Users\lottj\Desktop\research\decentralized benchmark\commitment-horizon-study\reference_core_benchmark_pilot\known_visit_10target_300.csv,8,12,9,24.45131587107591,24.45131587107591,01,01,1,0,True,completed
87,known_visit,HIPC,bernoulli,drop_0.25,19,361,4,10,hipc_h5_bernoulli_025,C:\Users\lottj\Desktop\research\decentralized benchmark\commitment-horizon-study\reference_core_benchmark_pilot\known_visit_10target_300.csv,9,3,17,16.91523167029039,16.91523167029039,03,03,1,0,True,completed
87,known_visit,HIPC,bernoulli,drop_0.25,19,361,4,10,hipc_h5_bernoulli_025,C:\Users\lottj\Desktop\research\decentralized benchmark\commitment-horizon-study\reference_core_benchmark_pilot\known_visit_10target_300.csv,10,17,12,59.834534778189656,59.834534778189656,01,01,1,0,True,completed
88,known_visit,HIPC,bernoulli,drop_0.25,19,361,4,10,hipc_h5_bernoulli_025,C:\Users\lottj\Desktop\research\decentralized benchmark\commitment-horizon-study\reference_core_benchmark_pilot\known_visit_10target_300.csv,1,5,11,15.951547473133664,15.951547473133664,01,01,2,1,True,completed
88,known_visit,HIPC,bernoulli,drop_0.25,19,361,4,10,hipc_h5_bernoulli_025,C:\Users\lottj\Desktop\research\decentralized benchmark\commitment-horizon-study\reference_core_benchmark_pilot\known_visit_10target_300.csv,2,17,5,57.99393471400881,57.99393471400881,02,02,1,0,True,completed
88,known_visit,HIPC,bernoulli,drop_0.25,19,361,4,10,hipc_h5_bernoulli_025,C:\Users\lottj\Desktop\research\decentralized benchmark\commitment-horizon-study\reference_core_benchmark_pilot\known_visit_10target_300.csv,3,0,13,0.4706454821668904,0.4706454821668904,02,02,1,0,True,completed
88,known_visit,HIPC,bernoulli,drop_0.25,19,361,4,10,hipc_h5_bernoulli_025,C:\Users\lottj\Desktop\research\decentralized benchmark\commitment-horizon-study\reference_core_benchmark_pilot\known_visit_10target_300.csv,4,6,13,10.948571889782878,10.948571889782878,02,02,2,1,True,completed
88,known_visit,HIPC,bernoulli,drop_0.25,19,361,4,10,hipc_h5_bernoulli_025,C:\Users\lottj\Desktop\research\decentralized benchmark\commitment-horizon-study\reference_core_benchmark_pilot\known_visit_10target_300.csv,5,17,18,49.408863887436496,49.408863887436496,01,01,1,0,True,completed
88,known_visit,HIPC,bernoulli,drop_0.25,19,361,4,10,hipc_h5_bernoulli_025,C:\Users\lottj\Desktop\research\decentralized benchmark\commitment-horizon-study\reference_core_benchmark_pilot\known_visit_10target_300.csv,6,12,13,21.654671363370024,21.654671363370024,02,02,2,1,True,completed
88,known_visit,HIPC,bernoulli,drop_0.25,19,361,4,10,hipc_h5_bernoulli_025,C:\Users\lottj\Desktop\research\decentralized benchmark\commitment-horizon-study\reference_core_benchmark_pilot\known_visit_10target_300.csv,7,12,8,30.31674490513011,30.31674490513011,02,02,1,0,True,completed
88,known_visit,HIPC,bernoulli,drop_0.25,19,361,4,10,hipc_h5_bernoulli_025,C:\Users\lottj\Desktop\research\decentralized benchmark\commitment-horizon-study\reference_core_benchmark_pilot\known_visit_10target_300.csv,8,8,13,14.528025554377479,14.528025554377479,02,02,2,1,True,completed
88,known_visit,HIPC,bernoulli,drop_0.25,19,361,4,10,hipc_h5_bernoulli_025,C:\Users\lottj\Desktop\research\decentralized benchmark\commitment-horizon-study\reference_core_benchmark_pilot\known_visit_10target_300.csv,9,13,17,40.441447276525395,40.441447276525395,01,01,1,0,True,completed
88,known_visit,HIPC,bernoulli,drop_0.25,19,361,4,10,hipc_h5_bernoulli_025,C:\Users\lottj\Desktop\research\decentralized benchmark\commitment-horizon-study\reference_core_benchmark_pilot\known_visit_10target_300.csv,10,12,1,42.243191986124664,42.243191986124664,02,02,1,0,True,completed
89,known_visit,HIPC,bernoulli,drop_0.25,19,361,4,10,hipc_h5_bernoulli_025,C:\Users\lottj\Desktop\research\decentralized benchmark\commitment-horizon-study\reference_core_benchmark_pilot\known_visit_10target_300.csv,1,2,12,1.8156764984812037,1.8156764984812037,02,02,2,1,True,completed
89,known_visit,HIPC,bernoulli,drop_0.25,19,361,4,10,hipc_h5_bernoulli_025,C:\Users\lottj\Desktop\research\decentralized benchmark\commitment-horizon-study\reference_core_benchmark_pilot\known_visit_10target_300.csv,2,3,8,7.284105266637723,7.284105266637723,01,01,1,0,True,completed
89,known_visit,HIPC,bernoulli,drop_0.25,19,361,4,10,hipc_h5_bernoulli_025,C:\Users\lottj\Desktop\research\decentralized benchmark\commitment-horizon-study\reference_core_benchmark_pilot\known_visit_10target_300.csv,3,17,3,37.3175601952101,37.3175601952101,00,00,1,0,True,completed
89,known_visit,HIPC,bernoulli,drop_0.25,19,361,4,10,hipc_h5_bernoulli_025,C:\Users\lottj\Desktop\research\decentralized benchmark\commitment-horizon-study\reference_core_benchmark_pilot\known_visit_10target_300.csv,4,9,13,39.052913907102,39.052913907102,01,01,1,0,True,completed
89,known_visit,HIPC,bernoulli,drop_0.25,19,361,4,10,hipc_h5_bernoulli_025,C:\Users\lottj\Desktop\research\decentralized benchmark\commitment-horizon-study\reference_core_benchmark_pilot\known_visit_10target_300.csv,5,8,1,14.090124826903086,14.090124826903086,00,00,1,0,True,completed
89,known_visit,HIPC,bernoulli,drop_0.25,19,361,4,10,hipc_h5_bernoulli_025,C:\Users\lottj\Desktop\research\decentralized benchmark\commitment-horizon-study\reference_core_benchmark_pilot\known_visit_10target_300.csv,6,17,16,45.454415329572605,45.454415329572605,02,02,1,0,True,completed
89,known_visit,HIPC,bernoulli,drop_0.25,19,361,4,10,hipc_h5_bernoulli_025,C:\Users\lottj\Desktop\research\decentralized benchmark\commitment-horizon-study\reference_core_benchmark_pilot\known_visit_10target_300.csv,7,16,5,42.87437240784545,42.87437240784545,00,00,1,0,True,completed
89,known_visit,HIPC,bernoulli,drop_0.25,19,361,4,10,hipc_h5_bernoulli_025,C:\Users\lottj\Desktop\research\decentralized benchmark\commitment-horizon-study\reference_core_benchmark_pilot\known_visit_10target_300.csv,8,14,0,26.554954551379925,26.554954551379925,00,00,1,0,True,completed
89,known_visit,HIPC,bernoulli,drop_0.25,19,361,4,10,hipc_h5_bernoulli_025,C:\Users\lottj\Desktop\research\decentralized benchmark\commitment-horizon-study\reference_core_benchmark_pilot\known_visit_10target_300.csv,9,12,9,24.119684881523643,24.119684881523643,02,02,1,0,True,completed
89,known_visit,HIPC,bernoulli,drop_0.25,19,361,4,10,hipc_h5_bernoulli_025,C:\Users\lottj\Desktop\research\decentralized benchmark\commitment-horizon-study\reference_core_benchmark_pilot\known_visit_10target_300.csv,10,16,12,36.59143034747191,36.59143034747191,02,02,1,0,True,completed
90,known_visit,HIPC,bernoulli,drop_0.25,19,361,4,10,hipc_h5_bernoulli_025,C:\Users\lottj\Desktop\research\decentralized benchmark\commitment-horizon-study\reference_core_benchmark_pilot\known_visit_10target_300.csv,1,12,10,47.97896079620469,47.97896079620469,03,03,1,0,True,completed
90,known_visit,HIPC,bernoulli,drop_0.25,19,361,4,10,hipc_h5_bernoulli_025,C:\Users\lottj\Desktop\research\decentralized benchmark\commitment-horizon-study\reference_core_benchmark_pilot\known_visit_10target_300.csv,2,6,0,16.424054448369517,16.424054448369517,00,00,1,0,True,completed
90,known_visit,HIPC,bernoulli,drop_0.25,19,361,4,10,hipc_h5_bernoulli_025,C:\Users\lottj\Desktop\research\decentralized benchmark\commitment-horizon-study\reference_core_benchmark_pilot\known_visit_10target_300.csv,3,6,14,12.098381669194,12.098381669194,02,02,1,0,True,completed
90,known_visit,HIPC,bernoulli,drop_0.25,19,361,4,10,hipc_h5_bernoulli_025,C:\Users\lottj\Desktop\research\decentralized benchmark\commitment-horizon-study\reference_core_benchmark_pilot\known_visit_10target_300.csv,4,16,1,70.95930975282167,70.95930975282167,03,03,1,0,True,completed
90,known_visit,HIPC,bernoulli,drop_0.25,19,361,4,10,hipc_h5_bernoulli_025,C:\Users\lottj\Desktop\research\decentralized benchmark\commitment-horizon-study\reference_core_benchmark_pilot\known_visit_10target_300.csv,5,13,18,28.4978383139803,28.4978383139803,03,03,1,0,True,completed
90,known_visit,HIPC,bernoulli,drop_0.25,19,361,4,10,hipc_h5_bernoulli_025,C:\Users\lottj\Desktop\research\decentralized benchmark\commitment-horizon-study\reference_core_benchmark_pilot\known_visit_10target_300.csv,6,4,2,8.887125051206981,8.887125051206981,00,00,1,0,True,completed
90,known_visit,HIPC,bernoulli,drop_0.25,19,361,4,10,hipc_h5_bernoulli_025,C:\Users\lottj\Desktop\research\decentralized benchmark\commitment-horizon-study\reference_core_benchmark_pilot\known_visit_10target_300.csv,7,4,18,5.106688384158222,5.106688384158222,03,03,2,1,True,completed
90,known_visit,HIPC,bernoulli,drop_0.25,19,361,4,10,hipc_h5_bernoulli_025,C:\Users\lottj\Desktop\research\decentralized benchmark\commitment-horizon-study\reference_core_benchmark_pilot\known_visit_10target_300.csv,8,14,10,44.30590240504587,44.30590240504587,03,03,1,0,True,completed
90,known_visit,HIPC,bernoulli,drop_0.25,19,361,4,10,hipc_h5_bernoulli_025,C:\Users\lottj\Desktop\research\decentralized benchmark\commitment-horizon-study\reference_core_benchmark_pilot\known_visit_10target_300.csv,9,4,0,5.33081091869592,5.33081091869592,00,00,1,0,True,completed
90,known_visit,HIPC,bernoulli,drop_0.25,19,361,4,10,hipc_h5_bernoulli_025,C:\Users\lottj\Desktop\research\decentralized benchmark\commitment-horizon-study\reference_core_benchmark_pilot\known_visit_10target_300.csv,10,15,9,55.31967806564697,55.31967806564697,03,03,1,0,True,completed
91,known_visit,HIPC,bernoulli,drop_0.25,19,361,4,10,hipc_h5_bernoulli_025,C:\Users\lottj\Desktop\research\decentralized benchmark\commitment-horizon-study\reference_core_benchmark_pilot\known_visit_10target_300.csv,1,3,1,5.734242477151695,5.734242477151695,00,00,1,0,True,completed
91,known_visit,HIPC,bernoulli,drop_0.25,19,361,4,10,hipc_h5_bernoulli_025,C:\Users\lottj\Desktop\research\decentralized benchmark\commitment-horizon-study\reference_core_benchmark_pilot\known_visit_10target_300.csv,2,3,3,9.17041544603667,9.17041544603667,00,00,1,0,True,completed
91,known_visit,HIPC,bernoulli,drop_0.25,19,361,4,10,hipc_h5_bernoulli_025,C:\Users\lottj\Desktop\research\decentralized benchmark\commitment-horizon-study\reference_core_benchmark_pilot\known_visit_10target_300.csv,3,16,16,33.485424989432516,33.485424989432516,03,03,1,0,True,completed
91,known_visit,HIPC,bernoulli,drop_0.25,19,361,4,10,hipc_h5_bernoulli_025,C:\Users\lottj\Desktop\research\decentralized benchmark\commitment-horizon-study\reference_core_benchmark_pilot\known_visit_10target_300.csv,4,2,0,1.9015765160609757,1.9015765160609757,00,00,1,0,True,completed
91,known_visit,HIPC,bernoulli,drop_0.25,19,361,4,10,hipc_h5_bernoulli_025,C:\Users\lottj\Desktop\research\decentralized benchmark\commitment-horizon-study\reference_core_benchmark_pilot\known_visit_10target_300.csv,5,7,7,23.39888506902545,23.39888506902545,00,00,2,1,True,completed
91,known_visit,HIPC,bernoulli,drop_0.25,19,361,4,10,hipc_h5_bernoulli_025,C:\Users\lottj\Desktop\research\decentralized benchmark\commitment-horizon-study\reference_core_benchmark_pilot\known_visit_10target_300.csv,6,7,17,12.353092683825375,12.353092683825375,03,03,1,0,True,completed
91,known_visit,HIPC,bernoulli,drop_0.25,19,361,4,10,hipc_h5_bernoulli_025,C:\Users\lottj\Desktop\research\decentralized benchmark\commitment-horizon-study\reference_core_benchmark_pilot\known_visit_10target_300.csv,7,18,7,42.41356448442045,42.41356448442045,00,00,1,0,True,completed
91,known_visit,HIPC,bernoulli,drop_0.25,19,361,4,10,hipc_h5_bernoulli_025,C:\Users\lottj\Desktop\research\decentralized benchmark\commitment-horizon-study\reference_core_benchmark_pilot\known_visit_10target_300.csv,8,4,6,16.259909349843003,16.259909349843003,00,00,2,1,True,completed
91,known_visit,HIPC,bernoulli,drop_0.25,19,361,4,10,hipc_h5_bernoulli_025,C:\Users\lottj\Desktop\research\decentralized benchmark\commitment-horizon-study\reference_core_benchmark_pilot\known_visit_10target_300.csv,9,16,3,53.2431441697111,53.2431441697111,00,00,1,0,True,completed
91,known_visit,HIPC,bernoulli,drop_0.25,19,361,4,10,hipc_h5_bernoulli_025,C:\Users\lottj\Desktop\research\decentralized benchmark\commitment-horizon-study\reference_core_benchmark_pilot\known_visit_10target_300.csv,10,11,15,22.941483440470734,22.941483440470734,03,03,1,0,True,completed
92,known_visit,HIPC,bernoulli,drop_0.25,19,361,4,10,hipc_h5_bernoulli_025,C:\Users\lottj\Desktop\research\decentralized benchmark\commitment-horizon-study\reference_core_benchmark_pilot\known_visit_10target_300.csv,1,16,7,53.72195220758418,53.72195220758418,01,01,1,0,True,completed
92,known_visit,HIPC,bernoulli,drop_0.25,19,361,4,10,hipc_h5_bernoulli_025,C:\Users\lottj\Desktop\research\decentralized benchmark\commitment-horizon-study\reference_core_benchmark_pilot\known_visit_10target_300.csv,2,3,5,13.000559005150793,13.000559005150793,01,01,1,0,True,completed
92,known_visit,HIPC,bernoulli,drop_0.25,19,361,4,10,hipc_h5_bernoulli_025,C:\Users\lottj\Desktop\research\decentralized benchmark\commitment-horizon-study\reference_core_benchmark_pilot\known_visit_10target_300.csv,3,16,2,41.01088452922423,41.01088452922423,01,01,1,0,True,completed
92,known_visit,HIPC,bernoulli,drop_0.25,19,361,4,10,hipc_h5_bernoulli_025,C:\Users\lottj\Desktop\research\decentralized benchmark\commitment-horizon-study\reference_core_benchmark_pilot\known_visit_10target_300.csv,4,15,11,62.43839084442549,62.43839084442549,01,01,1,0,True,completed
92,known_visit,HIPC,bernoulli,drop_0.25,19,361,4,10,hipc_h5_bernoulli_025,C:\Users\lottj\Desktop\research\decentralized benchmark\commitment-horizon-study\reference_core_benchmark_pilot\known_visit_10target_300.csv,5,10,12,26.73239074902692,26.73239074902692,02,02,1,0,True,completed
92,known_visit,HIPC,bernoulli,drop_0.25,19,361,4,10,hipc_h5_bernoulli_025,C:\Users\lottj\Desktop\research\decentralized benchmark\commitment-horizon-study\reference_core_benchmark_pilot\known_visit_10target_300.csv,6,0,9,3.768174977872984,3.768174977872984,02,02,1,0,True,completed
92,known_visit,HIPC,bernoulli,drop_0.25,19,361,4,10,hipc_h5_bernoulli_025,C:\Users\lottj\Desktop\research\decentralized benchmark\commitment-horizon-study\reference_core_benchmark_pilot\known_visit_10target_300.csv,7,8,10,19.670340196378213,19.670340196378213,02,02,1,0,True,completed
92,known_visit,HIPC,bernoulli,drop_0.25,19,361,4,10,hipc_h5_bernoulli_025,C:\Users\lottj\Desktop\research\decentralized benchmark\commitment-horizon-study\reference_core_benchmark_pilot\known_visit_10target_300.csv,8,11,4,28.713530056223224,28.713530056223224,01,01,1,0,True,completed
92,known_visit,HIPC,bernoulli,drop_0.25,19,361,4,10,hipc_h5_bernoulli_025,C:\Users\lottj\Desktop\research\decentralized benchmark\commitment-horizon-study\reference_core_benchmark_pilot\known_visit_10target_300.csv,9,8,11,21.322345624109193,21.322345624109193,02,02,1,0,True,completed
92,known_visit,HIPC,bernoulli,drop_0.25,19,361,4,10,hipc_h5_bernoulli_025,C:\Users\lottj\Desktop\research\decentralized benchmark\commitment-horizon-study\reference_core_benchmark_pilot\known_visit_10target_300.csv,10,11,17,37.37926989866006,37.37926989866006,02,02,1,0,True,completed
93,known_visit,HIPC,bernoulli,drop_0.25,19,361,4,10,hipc_h5_bernoulli_025,C:\Users\lottj\Desktop\research\decentralized benchmark\commitment-horizon-study\reference_core_benchmark_pilot\known_visit_10target_300.csv,1,13,18,68.36603471292521,68.36603471292521,01,01,1,0,True,completed
93,known_visit,HIPC,bernoulli,drop_0.25,19,361,4,10,hipc_h5_bernoulli_025,C:\Users\lottj\Desktop\research\decentralized benchmark\commitment-horizon-study\reference_core_benchmark_pilot\known_visit_10target_300.csv,2,15,11,52.620971104133886,52.620971104133886,01,01,1,0,True,completed
93,known_visit,HIPC,bernoulli,drop_0.25,19,361,4,10,hipc_h5_bernoulli_025,C:\Users\lottj\Desktop\research\decentralized benchmark\commitment-horizon-study\reference_core_benchmark_pilot\known_visit_10target_300.csv,3,0,4,2.175166131719414,2.175166131719414,01,01,1,0,True,completed
93,known_visit,HIPC,bernoulli,drop_0.25,19,361,4,10,hipc_h5_bernoulli_025,C:\Users\lottj\Desktop\research\decentralized benchmark\commitment-horizon-study\reference_core_benchmark_pilot\known_visit_10target_300.csv,4,4,12,5.388072061291398,5.388072061291398,02,02,2,1,True,completed
93,known_visit,HIPC,bernoulli,drop_0.25,19,361,4,10,hipc_h5_bernoulli_025,C:\Users\lottj\Desktop\research\decentralized benchmark\commitment-horizon-study\reference_core_benchmark_pilot\known_visit_10target_300.csv,5,5,14,10.739293890774897,10.739293890774897,02,02,2,1,True,completed
93,known_visit,HIPC,bernoulli,drop_0.25,19,361,4,10,hipc_h5_bernoulli_025,C:\Users\lottj\Desktop\research\decentralized benchmark\commitment-horizon-study\reference_core_benchmark_pilot\known_visit_10target_300.csv,6,11,8,39.98755351934402,39.98755351934402,01,01,1,0,True,completed
93,known_visit,HIPC,bernoulli,drop_0.25,19,361,4,10,hipc_h5_bernoulli_025,C:\Users\lottj\Desktop\research\decentralized benchmark\commitment-horizon-study\reference_core_benchmark_pilot\known_visit_10target_300.csv,7,10,3,25.513829643758044,25.513829643758044,01,01,1,0,True,completed
93,known_visit,HIPC,bernoulli,drop_0.25,19,361,4,10,hipc_h5_bernoulli_025,C:\Users\lottj\Desktop\research\decentralized benchmark\commitment-horizon-study\reference_core_benchmark_pilot\known_visit_10target_300.csv,8,12,5,33.137925146805976,33.137925146805976,01,01,1,0,True,completed
93,known_visit,HIPC,bernoulli,drop_0.25,19,361,4,10,hipc_h5_bernoulli_025,C:\Users\lottj\Desktop\research\decentralized benchmark\commitment-horizon-study\reference_core_benchmark_pilot\known_visit_10target_300.csv,9,1,5,6.0972207110280445,6.0972207110280445,01,01,2,1,True,completed
93,known_visit,HIPC,bernoulli,drop_0.25,19,361,4,10,hipc_h5_bernoulli_025,C:\Users\lottj\Desktop\research\decentralized benchmark\commitment-horizon-study\reference_core_benchmark_pilot\known_visit_10target_300.csv,10,2,12,1.8730396978624957,1.8730396978624957,02,02,2,1,True,completed
94,known_visit,HIPC,bernoulli,drop_0.25,19,361,4,10,hipc_h5_bernoulli_025,C:\Users\lottj\Desktop\research\decentralized benchmark\commitment-horizon-study\reference_core_benchmark_pilot\known_visit_10target_300.csv,1,9,9,55.0067011617913,55.0067011617913,00,00,1,0,True,completed
94,known_visit,HIPC,bernoulli,drop_0.25,19,361,4,10,hipc_h5_bernoulli_025,C:\Users\lottj\Desktop\research\decentralized benchmark\commitment-horizon-study\reference_core_benchmark_pilot\known_visit_10target_300.csv,2,11,10,60.50769807834831,60.50769807834831,00,00,1,0,True,completed
94,known_visit,HIPC,bernoulli,drop_0.25,19,361,4,10,hipc_h5_bernoulli_025,C:\Users\lottj\Desktop\research\decentralized benchmark\commitment-horizon-study\reference_core_benchmark_pilot\known_visit_10target_300.csv,3,11,11,62.239331795942796,62.239331795942796,00,00,1,0,True,completed
94,known_visit,HIPC,bernoulli,drop_0.25,19,361,4,10,hipc_h5_bernoulli_025,C:\Users\lottj\Desktop\research\decentralized benchmark\commitment-horizon-study\reference_core_benchmark_pilot\known_visit_10target_300.csv,4,7,13,12.489583790063653,12.489583790063653,02,02,1,0,True,completed
94,known_visit,HIPC,bernoulli,drop_0.25,19,361,4,10,hipc_h5_bernoulli_025,C:\Users\lottj\Desktop\research\decentralized benchmark\commitment-horizon-study\reference_core_benchmark_pilot\known_visit_10target_300.csv,5,18,5,31.775273513528717,31.775273513528717,01,01,1,0,True,completed
94,known_visit,HIPC,bernoulli,drop_0.25,19,361,4,10,hipc_h5_bernoulli_025,C:\Users\lottj\Desktop\research\decentralized benchmark\commitment-horizon-study\reference_core_benchmark_pilot\known_visit_10target_300.csv,6,6,5,10.858964352832562,10.858964352832562,01,01,1,0,True,completed
94,known_visit,HIPC,bernoulli,drop_0.25,19,361,4,10,hipc_h5_bernoulli_025,C:\Users\lottj\Desktop\research\decentralized benchmark\commitment-horizon-study\reference_core_benchmark_pilot\known_visit_10target_300.csv,7,17,11,44.446901434236295,44.446901434236295,02,02,1,0,True,completed
94,known_visit,HIPC,bernoulli,drop_0.25,19,361,4,10,hipc_h5_bernoulli_025,C:\Users\lottj\Desktop\research\decentralized benchmark\commitment-horizon-study\reference_core_benchmark_pilot\known_visit_10target_300.csv,8,10,5,17.871608317428404,17.871608317428404,01,01,1,0,True,completed
94,known_visit,HIPC,bernoulli,drop_0.25,19,361,4,10,hipc_h5_bernoulli_025,C:\Users\lottj\Desktop\research\decentralized benchmark\commitment-horizon-study\reference_core_benchmark_pilot\known_visit_10target_300.csv,9,18,15,35.37237829859673,35.37237829859673,02,02,1,0,True,completed
94,known_visit,HIPC,bernoulli,drop_0.25,19,361,4,10,hipc_h5_bernoulli_025,C:\Users\lottj\Desktop\research\decentralized benchmark\commitment-horizon-study\reference_core_benchmark_pilot\known_visit_10target_300.csv,10,7,1,12.310631374211995,12.310631374211995,00,00,1,0,True,completed
95,known_visit,HIPC,bernoulli,drop_0.25,19,361,4,10,hipc_h5_bernoulli_025,C:\Users\lottj\Desktop\research\decentralized benchmark\commitment-horizon-study\reference_core_benchmark_pilot\known_visit_10target_300.csv,1,10,10,34.05464204865081,34.05464204865081,03,03,1,0,True,completed
95,known_visit,HIPC,bernoulli,drop_0.25,19,361,4,10,hipc_h5_bernoulli_025,C:\Users\lottj\Desktop\research\decentralized benchmark\commitment-horizon-study\reference_core_benchmark_pilot\known_visit_10target_300.csv,2,18,0,52.7737818629815,52.7737818629815,01,01,1,0,True,completed
95,known_visit,HIPC,bernoulli,drop_0.25,19,361,4,10,hipc_h5_bernoulli_025,C:\Users\lottj\Desktop\research\decentralized benchmark\commitment-horizon-study\reference_core_benchmark_pilot\known_visit_10target_300.csv,3,7,6,15.246432868487753,15.246432868487753,01,01,2,1,True,completed
95,known_visit,HIPC,bernoulli,drop_0.25,19,361,4,10,hipc_h5_bernoulli_025,C:\Users\lottj\Desktop\research\decentralized benchmark\commitment-horizon-study\reference_core_benchmark_pilot\known_visit_10target_300.csv,4,4,17,7.342677963827681,7.342677963827681,03,03,1,0,True,completed
95,known_visit,HIPC,bernoulli,drop_0.25,19,361,4,10,hipc_h5_bernoulli_025,C:\Users\lottj\Desktop\research\decentralized benchmark\commitment-horizon-study\reference_core_benchmark_pilot\known_visit_10target_300.csv,5,6,2,28.105500982070648,28.105500982070648,01,01,1,0,True,completed
95,known_visit,HIPC,bernoulli,drop_0.25,19,361,4,10,hipc_h5_bernoulli_025,C:\Users\lottj\Desktop\research\decentralized benchmark\commitment-horizon-study\reference_core_benchmark_pilot\known_visit_10target_300.csv,6,1,5,2.746883658330056,2.746883658330056,01,01,1,0,True,completed
95,known_visit,HIPC,bernoulli,drop_0.25,19,361,4,10,hipc_h5_bernoulli_025,C:\Users\lottj\Desktop\research\decentralized benchmark\commitment-horizon-study\reference_core_benchmark_pilot\known_visit_10target_300.csv,7,17,9,47.86253427916995,47.86253427916995,03,03,1,0,True,completed
95,known_visit,HIPC,bernoulli,drop_0.25,19,361,4,10,hipc_h5_bernoulli_025,C:\Users\lottj\Desktop\research\decentralized benchmark\commitment-horizon-study\reference_core_benchmark_pilot\known_visit_10target_300.csv,8,11,1,39.04430026384545,39.04430026384545,01,01,1,0,True,completed
95,known_visit,HIPC,bernoulli,drop_0.25,19,361,4,10,hipc_h5_bernoulli_025,C:\Users\lottj\Desktop\research\decentralized benchmark\commitment-horizon-study\reference_core_benchmark_pilot\known_visit_10target_300.csv,9,6,17,11.1631786826738,11.1631786826738,03,03,2,1,True,completed
95,known_visit,HIPC,bernoulli,drop_0.25,19,361,4,10,hipc_h5_bernoulli_025,C:\Users\lottj\Desktop\research\decentralized benchmark\commitment-horizon-study\reference_core_benchmark_pilot\known_visit_10target_300.csv,10,8,18,16.57681018788298,16.57681018788298,03,03,1,0,True,completed
96,known_visit,HIPC,bernoulli,drop_0.25,19,361,4,10,hipc_h5_bernoulli_025,C:\Users\lottj\Desktop\research\decentralized benchmark\commitment-horizon-study\reference_core_benchmark_pilot\known_visit_10target_300.csv,1,13,4,49.7426729355578,49.7426729355578,00,00,1,0,True,completed
96,known_visit,HIPC,bernoulli,drop_0.25,19,361,4,10,hipc_h5_bernoulli_025,C:\Users\lottj\Desktop\research\decentralized benchmark\commitment-horizon-study\reference_core_benchmark_pilot\known_visit_10target_300.csv,2,7,6,21.380151041708622,21.380151041708622,00,00,1,0,True,completed
96,known_visit,HIPC,bernoulli,drop_0.25,19,361,4,10,hipc_h5_bernoulli_025,C:\Users\lottj\Desktop\research\decentralized benchmark\commitment-horizon-study\reference_core_benchmark_pilot\known_visit_10target_300.csv,3,11,16,21.121943431829976,21.121943431829976,03,03,1,0,True,completed
96,known_visit,HIPC,bernoulli,drop_0.25,19,361,4,10,hipc_h5_bernoulli_025,C:\Users\lottj\Desktop\research\decentralized benchmark\commitment-horizon-study\reference_core_benchmark_pilot\known_visit_10target_300.csv,4,2,8,5.6763703094116265,5.6763703094116265,01,01,1,0,True,completed
96,known_visit,HIPC,bernoulli,drop_0.25,19,361,4,10,hipc_h5_bernoulli_025,C:\Users\lottj\Desktop\research\decentralized benchmark\commitment-horizon-study\reference_core_benchmark_pilot\known_visit_10target_300.csv,5,12,16,23.097452649621907,23.097452649621907,03,03,1,0,True,completed
96,known_visit,HIPC,bernoulli,drop_0.25,19,361,4,10,hipc_h5_bernoulli_025,C:\Users\lottj\Desktop\research\decentralized benchmark\commitment-horizon-study\reference_core_benchmark_pilot\known_visit_10target_300.csv,6,7,2,14.5939238082336,14.5939238082336,00,00,1,0,True,completed
96,known_visit,HIPC,bernoulli,drop_0.25,19,361,4,10,hipc_h5_bernoulli_025,C:\Users\lottj\Desktop\research\decentralized benchmark\commitment-horizon-study\reference_core_benchmark_pilot\known_visit_10target_300.csv,7,18,13,38.40899873659304,38.40899873659304,03,03,1,0,True,completed
96,known_visit,HIPC,bernoulli,drop_0.25,19,361,4,10,hipc_h5_bernoulli_025,C:\Users\lottj\Desktop\research\decentralized benchmark\commitment-horizon-study\reference_core_benchmark_pilot\known_visit_10target_300.csv,8,14,7,42.595657482604274,42.595657482604274,00,00,1,0,True,completed
96,known_visit,HIPC,bernoulli,drop_0.25,19,361,4,10,hipc_h5_bernoulli_025,C:\Users\lottj\Desktop\research\decentralized benchmark\commitment-horizon-study\reference_core_benchmark_pilot\known_visit_10target_300.csv,9,11,9,33.847378404841955,33.847378404841955,00,00,1,0,True,completed
96,known_visit,HIPC,bernoulli,drop_0.25,19,361,4,10,hipc_h5_bernoulli_025,C:\Users\lottj\Desktop\research\decentralized benchmark\commitment-horizon-study\reference_core_benchmark_pilot\known_visit_10target_300.csv,10,3,11,12.802247130478582,12.802247130478582,01,01,1,0,True,completed
97,known_visit,HIPC,bernoulli,drop_0.25,19,361,4,10,hipc_h5_bernoulli_025,C:\Users\lottj\Desktop\research\decentralized benchmark\commitment-horizon-study\reference_core_benchmark_pilot\known_visit_10target_300.csv,1,9,12,14.048136460629104,14.048136460629104,02,02,1,0,True,completed
97,known_visit,HIPC,bernoulli,drop_0.25,19,361,4,10,hipc_h5_bernoulli_025,C:\Users\lottj\Desktop\research\decentralized benchmark\commitment-horizon-study\reference_core_benchmark_pilot\known_visit_10target_300.csv,2,9,1,16.40856059809104,16.40856059809104,00,00,1,0,True,completed
97,known_visit,HIPC,bernoulli,drop_0.25,19,361,4,10,hipc_h5_bernoulli_025,C:\Users\lottj\Desktop\research\decentralized benchmark\commitment-horizon-study\reference_core_benchmark_pilot\known_visit_10target_300.csv,3,3,17,5.637958555369548,5.637958555369548,03,03,2,1,True,completed
97,known_visit,HIPC,bernoulli,drop_0.25,19,361,4,10,hipc_h5_bernoulli_025,C:\Users\lottj\Desktop\research\decentralized benchmark\commitment-horizon-study\reference_core_benchmark_pilot\known_visit_10target_300.csv,4,18,18,33.38390942945703,33.38390942945703,03,03,1,0,True,completed
97,known_visit,HIPC,bernoulli,drop_0.25,19,361,4,10,hipc_h5_bernoulli_025,C:\Users\lottj\Desktop\research\decentralized benchmark\commitment-horizon-study\reference_core_benchmark_pilot\known_visit_10target_300.csv,5,1,14,14.01107638060467,14.01107638060467,01,01,1,0,True,completed
97,known_visit,HIPC,bernoulli,drop_0.25,19,361,4,10,hipc_h5_bernoulli_025,C:\Users\lottj\Desktop\research\decentralized benchmark\commitment-horizon-study\reference_core_benchmark_pilot\known_visit_10target_300.csv,6,2,18,1.9164100456191684,1.9164100456191684,03,03,1,0,True,completed
97,known_visit,HIPC,bernoulli,drop_0.25,19,361,4,10,hipc_h5_bernoulli_025,C:\Users\lottj\Desktop\research\decentralized benchmark\commitment-horizon-study\reference_core_benchmark_pilot\known_visit_10target_300.csv,7,12,17,21.1559501178038,21.1559501178038,03,03,1,0,True,completed
97,known_visit,HIPC,bernoulli,drop_0.25,19,361,4,10,hipc_h5_bernoulli_025,C:\Users\lottj\Desktop\research\decentralized benchmark\commitment-horizon-study\reference_core_benchmark_pilot\known_visit_10target_300.csv,8,17,14,42.58669527202529,42.58669527202529,03,03,1,0,True,completed
97,known_visit,HIPC,bernoulli,drop_0.25,19,361,4,10,hipc_h5_bernoulli_025,C:\Users\lottj\Desktop\research\decentralized benchmark\commitment-horizon-study\reference_core_benchmark_pilot\known_visit_10target_300.csv,9,13,11,23.081853493771906,23.081853493771906,02,02,1,0,True,completed
97,known_visit,HIPC,bernoulli,drop_0.25,19,361,4,10,hipc_h5_bernoulli_025,C:\Users\lottj\Desktop\research\decentralized benchmark\commitment-horizon-study\reference_core_benchmark_pilot\known_visit_10target_300.csv,10,15,15,48.36785224548476,48.36785224548476,03,03,1,0,True,completed
98,known_visit,HIPC,bernoulli,drop_0.25,19,361,4,10,hipc_h5_bernoulli_025,C:\Users\lottj\Desktop\research\decentralized benchmark\commitment-horizon-study\reference_core_benchmark_pilot\known_visit_10target_300.csv,1,7,12,10.24765007074267,10.24765007074267,02,02,1,0,True,completed
98,known_visit,HIPC,bernoulli,drop_0.25,19,361,4,10,hipc_h5_bernoulli_025,C:\Users\lottj\Desktop\research\decentralized benchmark\commitment-horizon-study\reference_core_benchmark_pilot\known_visit_10target_300.csv,2,6,13,14.219908299941109,14.219908299941109,02,02,1,0,True,completed
98,known_visit,HIPC,bernoulli,drop_0.25,19,361,4,10,hipc_h5_bernoulli_025,C:\Users\lottj\Desktop\research\decentralized benchmark\commitment-horizon-study\reference_core_benchmark_pilot\known_visit_10target_300.csv,3,18,6,51.70770562465378,51.70770562465378,02,02,1,0,True,completed
98,known_visit,HIPC,bernoulli,drop_0.25,19,361,4,10,hipc_h5_bernoulli_025,C:\Users\lottj\Desktop\research\decentralized benchmark\commitment-horizon-study\reference_core_benchmark_pilot\known_visit_10target_300.csv,4,18,12,41.42136969921509,41.42136969921509,02,02,1,0,True,completed
98,known_visit,HIPC,bernoulli,drop_0.25,19,361,4,10,hipc_h5_bernoulli_025,C:\Users\lottj\Desktop\research\decentralized benchmark\commitment-horizon-study\reference_core_benchmark_pilot\known_visit_10target_300.csv,5,16,5,57.212465913225984,57.212465913225984,02,02,1,0,True,completed
98,known_visit,HIPC,bernoulli,drop_0.25,19,361,4,10,hipc_h5_bernoulli_025,C:\Users\lottj\Desktop\research\decentralized benchmark\commitment-horizon-study\reference_core_benchmark_pilot\known_visit_10target_300.csv,6,3,9,8.97579947076767,8.97579947076767,01,01,1,0,True,completed
98,known_visit,HIPC,bernoulli,drop_0.25,19,361,4,10,hipc_h5_bernoulli_025,C:\Users\lottj\Desktop\research\decentralized benchmark\commitment-horizon-study\reference_core_benchmark_pilot\known_visit_10target_300.csv,7,5,7,16.36802247256495,16.36802247256495,01,01,1,0,True,completed
98,known_visit,HIPC,bernoulli,drop_0.25,19,361,4,10,hipc_h5_bernoulli_025,C:\Users\lottj\Desktop\research\decentralized benchmark\commitment-horizon-study\reference_core_benchmark_pilot\known_visit_10target_300.csv,8,3,1,5.555118589739546,5.555118589739546,00,00,1,0,True,completed
98,known_visit,HIPC,bernoulli,drop_0.25,19,361,4,10,hipc_h5_bernoulli_025,C:\Users\lottj\Desktop\research\decentralized benchmark\commitment-horizon-study\reference_core_benchmark_pilot\known_visit_10target_300.csv,9,4,1,7.505100701869536,7.505100701869536,00,00,1,0,True,completed
98,known_visit,HIPC,bernoulli,drop_0.25,19,361,4,10,hipc_h5_bernoulli_025,C:\Users\lottj\Desktop\research\decentralized benchmark\commitment-horizon-study\reference_core_benchmark_pilot\known_visit_10target_300.csv,10,8,1,14.38665493534832,14.38665493534832,00,00,1,0,True,completed
99,known_visit,HIPC,bernoulli,drop_0.25,19,361,4,10,hipc_h5_bernoulli_025,C:\Users\lottj\Desktop\research\decentralized benchmark\commitment-horizon-study\reference_core_benchmark_pilot\known_visit_10target_300.csv,1,8,4,15.611731218801516,15.611731218801516,01,01,1,0,True,completed
99,known_visit,HIPC,bernoulli,drop_0.25,19,361,4,10,hipc_h5_bernoulli_025,C:\Users\lottj\Desktop\research\decentralized benchmark\commitment-horizon-study\reference_core_benchmark_pilot\known_visit_10target_300.csv,2,10,9,28.207379994310422,28.207379994310422,01,01,1,0,True,completed
99,known_visit,HIPC,bernoulli,drop_0.25,19,361,4,10,hipc_h5_bernoulli_025,C:\Users\lottj\Desktop\research\decentralized benchmark\commitment-horizon-study\reference_core_benchmark_pilot\known_visit_10target_300.csv,3,2,0,1.9817084973497527,1.9817084973497527,00,00,1,0,True,completed
99,known_visit,HIPC,bernoulli,drop_0.25,19,361,4,10,hipc_h5_bernoulli_025,C:\Users\lottj\Desktop\research\decentralized benchmark\commitment-horizon-study\reference_core_benchmark_pilot\known_visit_10target_300.csv,4,17,7,40.14151254320612,40.14151254320612,00,00,1,0,True,completed
99,known_visit,HIPC,bernoulli,drop_0.25,19,361,4,10,hipc_h5_bernoulli_025,C:\Users\lottj\Desktop\research\decentralized benchmark\commitment-horizon-study\reference_core_benchmark_pilot\known_visit_10target_300.csv,5,15,17,25.724136450403247,25.724136450403247,03,03,1,0,True,completed
99,known_visit,HIPC,bernoulli,drop_0.25,19,361,4,10,hipc_h5_bernoulli_025,C:\Users\lottj\Desktop\research\decentralized benchmark\commitment-horizon-study\reference_core_benchmark_pilot\known_visit_10target_300.csv,6,4,0,5.3955418893164495,5.3955418893164495,00,00,1,0,True,completed
99,known_visit,HIPC,bernoulli,drop_0.25,19,361,4,10,hipc_h5_bernoulli_025,C:\Users\lottj\Desktop\research\decentralized benchmark\commitment-horizon-study\reference_core_benchmark_pilot\known_visit_10target_300.csv,7,15,3,29.870659745600335,29.870659745600335,00,00,1,0,True,completed
99,known_visit,HIPC,bernoulli,drop_0.25,19,361,4,10,hipc_h5_bernoulli_025,C:\Users\lottj\Desktop\research\decentralized benchmark\commitment-horizon-study\reference_core_benchmark_pilot\known_visit_10target_300.csv,8,14,1,24.469912082931135,24.469912082931135,00,00,1,0,True,completed
99,known_visit,HIPC,bernoulli,drop_0.25,19,361,4,10,hipc_h5_bernoulli_025,C:\Users\lottj\Desktop\research\decentralized benchmark\commitment-horizon-study\reference_core_benchmark_pilot\known_visit_10target_300.csv,9,12,11,35.40000775202336,35.40000775202336,01,01,1,0,True,completed
99,known_visit,HIPC,bernoulli,drop_0.25,19,361,4,10,hipc_h5_bernoulli_025,C:\Users\lottj\Desktop\research\decentralized benchmark\commitment-horizon-study\reference_core_benchmark_pilot\known_visit_10target_300.csv,10,10,18,15.359846620980495,15.359846620980495,03,03,1,0,True,completed
100,known_visit,HIPC,bernoulli,drop_0.25,19,361,4,10,hipc_h5_bernoulli_025,C:\Users\lottj\Desktop\research\decentralized benchmark\commitment-horizon-study\reference_core_benchmark_pilot\known_visit_10target_300.csv,1,1,6,0.1069294117125603,0.1069294117125603,01,01,1,0,True,completed
100,known_visit,HIPC,bernoulli,drop_0.25,19,361,4,10,hipc_h5_bernoulli_025,C:\Users\lottj\Desktop\research\decentralized benchmark\commitment-horizon-study\reference_core_benchmark_pilot\known_visit_10target_300.csv,2,10,16,41.69845934440095,41.69845934440095,01,01,1,0,True,completed
100,known_visit,HIPC,bernoulli,drop_0.25,19,361,4,10,hipc_h5_bernoulli_025,C:\Users\lottj\Desktop\research\decentralized benchmark\commitment-horizon-study\reference_core_benchmark_pilot\known_visit_10target_300.csv,3,15,10,41.54379775867347,41.54379775867347,00,00,1,0,True,completed
100,known_visit,HIPC,bernoulli,drop_0.25,19,361,4,10,hipc_h5_bernoulli_025,C:\Users\lottj\Desktop\research\decentralized benchmark\commitment-horizon-study\reference_core_benchmark_pilot\known_visit_10target_300.csv,4,3,15,14.234967008457598,14.234967008457598,02,02,2,1,True,completed
100,known_visit,HIPC,bernoulli,drop_0.25,19,361,4,10,hipc_h5_bernoulli_025,C:\Users\lottj\Desktop\research\decentralized benchmark\commitment-horizon-study\reference_core_benchmark_pilot\known_visit_10target_300.csv,5,7,12,29.12529595108181,29.12529595108181,01,01,1,0,True,completed
100,known_visit,HIPC,bernoulli,drop_0.25,19,361,4,10,hipc_h5_bernoulli_025,C:\Users\lottj\Desktop\research\decentralized benchmark\commitment-horizon-study\reference_core_benchmark_pilot\known_visit_10target_300.csv,6,4,5,7.420075878863542,7.420075878863542,01,01,1,0,True,completed
100,known_visit,HIPC,bernoulli,drop_0.25,19,361,4,10,hipc_h5_bernoulli_025,C:\Users\lottj\Desktop\research\decentralized benchmark\commitment-horizon-study\reference_core_benchmark_pilot\known_visit_10target_300.csv,7,4,9,18.533320833276544,18.533320833276544,01,01,1,0,True,completed
100,known_visit,HIPC,bernoulli,drop_0.25,19,361,4,10,hipc_h5_bernoulli_025,C:\Users\lottj\Desktop\research\decentralized benchmark\commitment-horizon-study\reference_core_benchmark_pilot\known_visit_10target_300.csv,8,15,2,27.6373682089093,27.6373682089093,00,00,1,0,True,completed
100,known_visit,HIPC,bernoulli,drop_0.25,19,361,4,10,hipc_h5_bernoulli_025,C:\Users\lottj\Desktop\research\decentralized benchmark\commitment-horizon-study\reference_core_benchmark_pilot\known_visit_10target_300.csv,9,9,16,39.77523272354878,39.77523272354878,01,01,1,0,True,completed
100,known_visit,HIPC,bernoulli,drop_0.25,19,361,4,10,hipc_h5_bernoulli_025,C:\Users\lottj\Desktop\research\decentralized benchmark\commitment-horizon-study\reference_core_benchmark_pilot\known_visit_10target_300.csv,10,6,2,12.200664335497919,12.200664335497919,00,00,1,0,True,completed
101,known_visit,HIPC,bernoulli,drop_0.25,19,361,4,10,hipc_h5_bernoulli_025,C:\Users\lottj\Desktop\research\decentralized benchmark\commitment-horizon-study\reference_core_benchmark_pilot\known_visit_10target_300.csv,1,13,8,64.22173712171829,64.22173712171829,00,00,1,0,True,completed
101,known_visit,HIPC,bernoulli,drop_0.25,19,361,4,10,hipc_h5_bernoulli_025,C:\Users\lottj\Desktop\research\decentralized benchmark\commitment-horizon-study\reference_core_benchmark_pilot\known_visit_10target_300.csv,2,15,8,60.388906271859895,60.388906271859895,00,00,1,0,True,completed
101,known_visit,HIPC,bernoulli,drop_0.25,19,361,4,10,hipc_h5_bernoulli_025,C:\Users\lottj\Desktop\research\decentralized benchmark\commitment-horizon-study\reference_core_benchmark_pilot\known_visit_10target_300.csv,3,11,14,29.23983508436211,29.23983508436211,02,02,1,0,True,completed
101,known_visit,HIPC,bernoulli,drop_0.25,19,361,4,10,hipc_h5_bernoulli_025,C:\Users\lottj\Desktop\research\decentralized benchmark\commitment-horizon-study\reference_core_benchmark_pilot\known_visit_10target_300.csv,4,8,12,20.00058613528007,20.00058613528007,02,02,1,0,True,completed
101,known_visit,HIPC,bernoulli,drop_0.25,19,361,4,10,hipc_h5_bernoulli_025,C:\Users\lottj\Desktop\research\decentralized benchmark\commitment-horizon-study\reference_core_benchmark_pilot\known_visit_10target_300.csv,5,16,8,44.1213980189619,44.1213980189619,00,00,1,0,True,completed
101,known_visit,HIPC,bernoulli,drop_0.25,19,361,4,10,hipc_h5_bernoulli_025,C:\Users\lottj\Desktop\research\decentralized benchmark\commitment-horizon-study\reference_core_benchmark_pilot\known_visit_10target_300.csv,6,18,6,51.44136047076216,51.44136047076216,00,00,1,0,True,completed
101,known_visit,HIPC,bernoulli,drop_0.25,19,361,4,10,hipc_h5_bernoulli_025,C:\Users\lottj\Desktop\research\decentralized benchmark\commitment-horizon-study\reference_core_benchmark_pilot\known_visit_10target_300.csv,7,15,0,28.131619585104165,28.131619585104165,00,00,1,0,True,completed
101,known_visit,HIPC,bernoulli,drop_0.25,19,361,4,10,hipc_h5_bernoulli_025,C:\Users\lottj\Desktop\research\decentralized benchmark\commitment-horizon-study\reference_core_benchmark_pilot\known_visit_10target_300.csv,8,4,14,9.312064445122433,9.312064445122433,02,02,1,0,True,completed
101,known_visit,HIPC,bernoulli,drop_0.25,19,361,4,10,hipc_h5_bernoulli_025,C:\Users\lottj\Desktop\research\decentralized benchmark\commitment-horizon-study\reference_core_benchmark_pilot\known_visit_10target_300.csv,9,4,1,7.441894838556302,7.441894838556302,00,00,1,0,True,completed
101,known_visit,HIPC,bernoulli,drop_0.25,19,361,4,10,hipc_h5_bernoulli_025,C:\Users\lottj\Desktop\research\decentralized benchmark\commitment-horizon-study\reference_core_benchmark_pilot\known_visit_10target_300.csv,10,3,5,5.648687379059346,5.648687379059346,01,01,1,0,True,completed
102,known_visit,HIPC,bernoulli,drop_0.25,19,361,4,10,hipc_h5_bernoulli_025,C:\Users\lottj\Desktop\research\decentralized benchmark\commitment-horizon-study\reference_core_benchmark_pilot\known_visit_10target_300.csv,1,0,10,2.1792921836832657,2.1792921836832657,02,02,1,0,True,completed
102,known_visit,HIPC,bernoulli,drop_0.25,19,361,4,10,hipc_h5_bernoulli_025,C:\Users\lottj\Desktop\research\decentralized benchmark\commitment-horizon-study\reference_core_benchmark_pilot\known_visit_10target_300.csv,2,4,2,12.868843062716255,12.868843062716255,01,01,2,1,True,completed
102,known_visit,HIPC,bernoulli,drop_0.25,19,361,4,10,hipc_h5_bernoulli_025,C:\Users\lottj\Desktop\research\decentralized benchmark\commitment-horizon-study\reference_core_benchmark_pilot\known_visit_10target_300.csv,3,13,5,47.985288759766114,47.985288759766114,01,01,1,0,True,completed
102,known_visit,HIPC,bernoulli,drop_0.25,19,361,4,10,hipc_h5_bernoulli_025,C:\Users\lottj\Desktop\research\decentralized benchmark\commitment-horizon-study\reference_core_benchmark_pilot\known_visit_10target_300.csv,4,5,14,17.76104078635666,17.76104078635666,03,03,1,0,True,completed
102,known_visit,HIPC,bernoulli,drop_0.25,19,361,4,10,hipc_h5_bernoulli_025,C:\Users\lottj\Desktop\research\decentralized benchmark\commitment-horizon-study\reference_core_benchmark_pilot\known_visit_10target_300.csv,5,8,9,32.17742594520125,32.17742594520125,01,01,1,0,True,completed
102,known_visit,HIPC,bernoulli,drop_0.25,19,361,4,10,hipc_h5_bernoulli_025,C:\Users\lottj\Desktop\research\decentralized benchmark\commitment-horizon-study\reference_core_benchmark_pilot\known_visit_10target_300.csv,6,2,5,3.907631198880654,3.907631198880654,01,01,1,0,True,completed
102,known_visit,HIPC,bernoulli,drop_0.25,19,361,4,10,hipc_h5_bernoulli_025,C:\Users\lottj\Desktop\research\decentralized benchmark\commitment-horizon-study\reference_core_benchmark_pilot\known_visit_10target_300.csv,7,9,5,40.9351062682632,40.9351062682632,01,01,1,0,True,completed
102,known_visit,HIPC,bernoulli,drop_0.25,19,361,4,10,hipc_h5_bernoulli_025,C:\Users\lottj\Desktop\research\decentralized benchmark\commitment-horizon-study\reference_core_benchmark_pilot\known_visit_10target_300.csv,8,16,6,55.0109788916261,55.0109788916261,01,01,1,0,True,completed
102,known_visit,HIPC,bernoulli,drop_0.25,19,361,4,10,hipc_h5_bernoulli_025,C:\Users\lottj\Desktop\research\decentralized benchmark\commitment-horizon-study\reference_core_benchmark_pilot\known_visit_10target_300.csv,9,6,18,8.879582827444874,8.879582827444874,03,03,1,0,True,completed
102,known_visit,HIPC,bernoulli,drop_0.25,19,361,4,10,hipc_h5_bernoulli_025,C:\Users\lottj\Desktop\research\decentralized benchmark\commitment-horizon-study\reference_core_benchmark_pilot\known_visit_10target_300.csv,10,4,8,23.339784350407797,23.339784350407797,01,01,2,1,True,completed
103,known_visit,HIPC,bernoulli,drop_0.25,19,361,4,10,hipc_h5_bernoulli_025,C:\Users\lottj\Desktop\research\decentralized benchmark\commitment-horizon-study\reference_core_benchmark_pilot\known_visit_10target_300.csv,1,9,8,25.10602197438977,25.10602197438977,01,01,1,0,True,completed
103,known_visit,HIPC,bernoulli,drop_0.25,19,361,4,10,hipc_h5_bernoulli_025,C:\Users\lottj\Desktop\research\decentralized benchmark\commitment-horizon-study\reference_core_benchmark_pilot\known_visit_10target_300.csv,2,1,14,7.966593262921503,7.966593262921503,02,02,1,0,True,completed
103,known_visit,HIPC,bernoulli,drop_0.25,19,361,4,10,hipc_h5_bernoulli_025,C:\Users\lottj\Desktop\research\decentralized benchmark\commitment-horizon-study\reference_core_benchmark_pilot\known_visit_10target_300.csv,3,8,10,19.587489517458625,19.587489517458625,01,01,1,0,True,completed
103,known_visit,HIPC,bernoulli,drop_0.25,19,361,4,10,hipc_h5_bernoulli_025,C:\Users\lottj\Desktop\research\decentralized benchmark\commitment-horizon-study\reference_core_benchmark_pilot\known_visit_10target_300.csv,4,18,6,44.31180749671722,44.31180749671722,01,01,1,0,True,completed
103,known_visit,HIPC,bernoulli,drop_0.25,19,361,4,10,hipc_h5_bernoulli_025,C:\Users\lottj\Desktop\research\decentralized benchmark\commitment-horizon-study\reference_core_benchmark_pilot\known_visit_10target_300.csv,5,2,13,11.639372830816917,11.639372830816917,02,02,1,0,True,completed
103,known_visit,HIPC,bernoulli,drop_0.25,19,361,4,10,hipc_h5_bernoulli_025,C:\Users\lottj\Desktop\research\decentralized benchmark\commitment-horizon-study\reference_core_benchmark_pilot\known_visit_10target_300.csv,6,7,9,15.809980046537143,15.809980046537143,01,01,2,1,True,completed
103,known_visit,HIPC,bernoulli,drop_0.25,19,361,4,10,hipc_h5_bernoulli_025,C:\Users\lottj\Desktop\research\decentralized benchmark\commitment-horizon-study\reference_core_benchmark_pilot\known_visit_10target_300.csv,7,10,6,30.57886610836991,30.57886610836991,01,01,1,0,True,completed
103,known_visit,HIPC,bernoulli,drop_0.25,19,361,4,10,hipc_h5_bernoulli_025,C:\Users\lottj\Desktop\research\decentralized benchmark\commitment-horizon-study\reference_core_benchmark_pilot\known_visit_10target_300.csv,8,4,1,7.150471089824657,7.150471089824657,00,00,1,0,True,completed
103,known_visit,HIPC,bernoulli,drop_0.25,19,361,4,10,hipc_h5_bernoulli_025,C:\Users\lottj\Desktop\research\decentralized benchmark\commitment-horizon-study\reference_core_benchmark_pilot\known_visit_10target_300.csv,9,6,8,12.224132742840599,12.224132742840599,01,01,1,0,True,completed
103,known_visit,HIPC,bernoulli,drop_0.25,19,361,4,10,hipc_h5_bernoulli_025,C:\Users\lottj\Desktop\research\decentralized benchmark\commitment-horizon-study\reference_core_benchmark_pilot\known_visit_10target_300.csv,10,0,15,3.8560814499665996,3.8560814499665996,02,02,2,1,True,completed
104,known_visit,HIPC,bernoulli,drop_0.25,19,361,4,10,hipc_h5_bernoulli_025,C:\Users\lottj\Desktop\research\decentralized benchmark\commitment-horizon-study\reference_core_benchmark_pilot\known_visit_10target_300.csv,1,0,2,2.1152715668074458,2.1152715668074458,00,00,1,0,True,completed
104,known_visit,HIPC,bernoulli,drop_0.25,19,361,4,10,hipc_h5_bernoulli_025,C:\Users\lottj\Desktop\research\decentralized benchmark\commitment-horizon-study\reference_core_benchmark_pilot\known_visit_10target_300.csv,2,5,0,17.813281695631865,17.813281695631865,00,00,1,0,True,completed
104,known_visit,HIPC,bernoulli,drop_0.25,19,361,4,10,hipc_h5_bernoulli_025,C:\Users\lottj\Desktop\research\decentralized benchmark\commitment-horizon-study\reference_core_benchmark_pilot\known_visit_10target_300.csv,3,10,12,19.947906238358186,19.947906238358186,02,02,1,0,True,completed
104,known_visit,HIPC,bernoulli,drop_0.25,19,361,4,10,hipc_h5_bernoulli_025,C:\Users\lottj\Desktop\research\decentralized benchmark\commitment-horizon-study\reference_core_benchmark_pilot\known_visit_10target_300.csv,4,9,13,16.101983417653734,16.101983417653734,02,02,1,0,True,completed
104,known_visit,HIPC,bernoulli,drop_0.25,19,361,4,10,hipc_h5_bernoulli_025,C:\Users\lottj\Desktop\research\decentralized benchmark\commitment-horizon-study\reference_core_benchmark_pilot\known_visit_10target_300.csv,5,17,11,33.705187539962324,33.705187539962324,02,02,1,0,True,completed
104,known_visit,HIPC,bernoulli,drop_0.25,19,361,4,10,hipc_h5_bernoulli_025,C:\Users\lottj\Desktop\research\decentralized benchmark\commitment-horizon-study\reference_core_benchmark_pilot\known_visit_10target_300.csv,6,6,1,21.789821249005804,21.789821249005804,00,00,1,0,True,completed
104,known_visit,HIPC,bernoulli,drop_0.25,19,361,4,10,hipc_h5_bernoulli_025,C:\Users\lottj\Desktop\research\decentralized benchmark\commitment-horizon-study\reference_core_benchmark_pilot\known_visit_10target_300.csv,7,4,11,42.44418251296465,42.44418251296465,00,00,1,0,True,completed
104,known_visit,HIPC,bernoulli,drop_0.25,19,361,4,10,hipc_h5_bernoulli_025,C:\Users\lottj\Desktop\research\decentralized benchmark\commitment-horizon-study\reference_core_benchmark_pilot\known_visit_10target_300.csv,8,8,13,14.12400616999767,14.12400616999767,02,02,1,0,True,completed
104,known_visit,HIPC,bernoulli,drop_0.25,19,361,4,10,hipc_h5_bernoulli_025,C:\Users\lottj\Desktop\research\decentralized benchmark\commitment-horizon-study\reference_core_benchmark_pilot\known_visit_10target_300.csv,9,18,11,35.41758867482006,35.41758867482006,02,02,1,0,True,completed
104,known_visit,HIPC,bernoulli,drop_0.25,19,361,4,10,hipc_h5_bernoulli_025,C:\Users\lottj\Desktop\research\decentralized benchmark\commitment-horizon-study\reference_core_benchmark_pilot\known_visit_10target_300.csv,10,4,3,10.803049211650958,10.803049211650958,00,00,1,0,True,completed
105,known_visit,HIPC,bernoulli,drop_0.25,19,361,4,10,hipc_h5_bernoulli_025,C:\Users\lottj\Desktop\research\decentralized benchmark\commitment-horizon-study\reference_core_benchmark_pilot\known_visit_10target_300.csv,1,6,2,12.775438800028768,12.775438800028768,00,00,2,1,True,completed
105,known_visit,HIPC,bernoulli,drop_0.25,19,361,4,10,hipc_h5_bernoulli_025,C:\Users\lottj\Desktop\research\decentralized benchmark\commitment-horizon-study\reference_core_benchmark_pilot\known_visit_10target_300.csv,2,4,2,9.338917741055539,9.338917741055539,00,00,2,1,True,completed
105,known_visit,HIPC,bernoulli,drop_0.25,19,361,4,10,hipc_h5_bernoulli_025,C:\Users\lottj\Desktop\research\decentralized benchmark\commitment-horizon-study\reference_core_benchmark_pilot\known_visit_10target_300.csv,3,11,6,42.199377379892084,42.199377379892084,00,00,1,0,True,completed
105,known_visit,HIPC,bernoulli,drop_0.25,19,361,4,10,hipc_h5_bernoulli_025,C:\Users\lottj\Desktop\research\decentralized benchmark\commitment-horizon-study\reference_core_benchmark_pilot\known_visit_10target_300.csv,4,13,2,24.704569958657785,24.704569958657785,00,00,1,0,True,completed
105,known_visit,HIPC,bernoulli,drop_0.25,19,361,4,10,hipc_h5_bernoulli_025,C:\Users\lottj\Desktop\research\decentralized benchmark\commitment-horizon-study\reference_core_benchmark_pilot\known_visit_10target_300.csv,5,3,4,7.416628917840212,7.416628917840212,01,01,1,0,True,completed
105,known_visit,HIPC,bernoulli,drop_0.25,19,361,4,10,hipc_h5_bernoulli_025,C:\Users\lottj\Desktop\research\decentralized benchmark\commitment-horizon-study\reference_core_benchmark_pilot\known_visit_10target_300.csv,6,4,11,7.434859977915393,7.434859977915393,02,02,1,0,True,completed
105,known_visit,HIPC,bernoulli,drop_0.25,19,361,4,10,hipc_h5_bernoulli_025,C:\Users\lottj\Desktop\research\decentralized benchmark\commitment-horizon-study\reference_core_benchmark_pilot\known_visit_10target_300.csv,7,15,5,33.4729822310367,33.4729822310367,00,00,1,0,True,completed
105,known_visit,HIPC,bernoulli,drop_0.25,19,361,4,10,hipc_h5_bernoulli_025,C:\Users\lottj\Desktop\research\decentralized benchmark\commitment-horizon-study\reference_core_benchmark_pilot\known_visit_10target_300.csv,8,18,11,44.433334213921334,44.433334213921334,03,03,1,0,True,completed
105,known_visit,HIPC,bernoulli,drop_0.25,19,361,4,10,hipc_h5_bernoulli_025,C:\Users\lottj\Desktop\research\decentralized benchmark\commitment-horizon-study\reference_core_benchmark_pilot\known_visit_10target_300.csv,9,12,16,25.3209377136581,25.3209377136581,03,03,1,0,True,completed
105,known_visit,HIPC,bernoulli,drop_0.25,19,361,4,10,hipc_h5_bernoulli_025,C:\Users\lottj\Desktop\research\decentralized benchmark\commitment-horizon-study\reference_core_benchmark_pilot\known_visit_10target_300.csv,10,2,2,5.621441100997229,5.621441100997229,00,00,1,0,True,completed
106,known_visit,HIPC,bernoulli,drop_0.25,19,361,4,10,hipc_h5_bernoulli_025,C:\Users\lottj\Desktop\research\decentralized benchmark\commitment-horizon-study\reference_core_benchmark_pilot\known_visit_10target_300.csv,1,11,11,30.187596979010188,30.187596979010188,02,02,1,0,True,completed
106,known_visit,HIPC,bernoulli,drop_0.25,19,361,4,10,hipc_h5_bernoulli_025,C:\Users\lottj\Desktop\research\decentralized benchmark\commitment-horizon-study\reference_core_benchmark_pilot\known_visit_10target_300.csv,2,4,15,10.576716025905867,10.576716025905867,02,02,1,0,True,completed
106,known_visit,HIPC,bernoulli,drop_0.25,19,361,4,10,hipc_h5_bernoulli_025,C:\Users\lottj\Desktop\research\decentralized benchmark\commitment-horizon-study\reference_core_benchmark_pilot\known_visit_10target_300.csv,3,13,10,35.51622260207201,35.51622260207201,02,02,1,0,True,completed
106,known_visit,HIPC,bernoulli,drop_0.25,19,361,4,10,hipc_h5_bernoulli_025,C:\Users\lottj\Desktop\research\decentralized benchmark\commitment-horizon-study\reference_core_benchmark_pilot\known_visit_10target_300.csv,4,2,1,3.8104678356520467,3.8104678356520467,00,00,2,1,True,completed
106,known_visit,HIPC,bernoulli,drop_0.25,19,361,4,10,hipc_h5_bernoulli_025,C:\Users\lottj\Desktop\research\decentralized benchmark\commitment-horizon-study\reference_core_benchmark_pilot\known_visit_10target_300.csv,5,17,4,35.01858839454416,35.01858839454416,00,00,1,0,True,completed
106,known_visit,HIPC,bernoulli,drop_0.25,19,361,4,10,hipc_h5_bernoulli_025,C:\Users\lottj\Desktop\research\decentralized benchmark\commitment-horizon-study\reference_core_benchmark_pilot\known_visit_10target_300.csv,6,15,6,46.10990897977283,46.10990897977283,00,00,1,0,True,completed
106,known_visit,HIPC,bernoulli,drop_0.25,19,361,4,10,hipc_h5_bernoulli_025,C:\Users\lottj\Desktop\research\decentralized benchmark\commitment-horizon-study\reference_core_benchmark_pilot\known_visit_10target_300.csv,7,6,13,17.94242843876295,17.94242843876295,02,02,1,0,True,completed
106,known_visit,HIPC,bernoulli,drop_0.25,19,361,4,10,hipc_h5_bernoulli_025,C:\Users\lottj\Desktop\research\decentralized benchmark\commitment-horizon-study\reference_core_benchmark_pilot\known_visit_10target_300.csv,8,18,5,38.7780037265377,38.7780037265377,00,00,1,0,True,completed
106,known_visit,HIPC,bernoulli,drop_0.25,19,361,4,10,hipc_h5_bernoulli_025,C:\Users\lottj\Desktop\research\decentralized benchmark\commitment-horizon-study\reference_core_benchmark_pilot\known_visit_10target_300.csv,9,9,3,19.474167848251366,19.474167848251366,00,00,1,0,True,completed
106,known_visit,HIPC,bernoulli,drop_0.25,19,361,4,10,hipc_h5_bernoulli_025,C:\Users\lottj\Desktop\research\decentralized benchmark\commitment-horizon-study\reference_core_benchmark_pilot\known_visit_10target_300.csv,10,11,7,54.86702411493625,54.86702411493625,00,00,1,0,True,completed
107,known_visit,HIPC,bernoulli,drop_0.25,19,361,4,10,hipc_h5_bernoulli_025,C:\Users\lottj\Desktop\research\decentralized benchmark\commitment-horizon-study\reference_core_benchmark_pilot\known_visit_10target_300.csv,1,11,9,22.798721089650584,22.798721089650584,01,01,2,1,True,completed
107,known_visit,HIPC,bernoulli,drop_0.25,19,361,4,10,hipc_h5_bernoulli_025,C:\Users\lottj\Desktop\research\decentralized benchmark\commitment-horizon-study\reference_core_benchmark_pilot\known_visit_10target_300.csv,2,13,8,28.207651111684218,28.207651111684218,01,01,1,0,True,completed
107,known_visit,HIPC,bernoulli,drop_0.25,19,361,4,10,hipc_h5_bernoulli_025,C:\Users\lottj\Desktop\research\decentralized benchmark\commitment-horizon-study\reference_core_benchmark_pilot\known_visit_10target_300.csv,3,15,11,40.90147408470441,40.90147408470441,01,01,1,0,True,completed
107,known_visit,HIPC,bernoulli,drop_0.25,19,361,4,10,hipc_h5_bernoulli_025,C:\Users\lottj\Desktop\research\decentralized benchmark\commitment-horizon-study\reference_core_benchmark_pilot\known_visit_10target_300.csv,4,17,2,55.166801487712206,55.166801487712206,03,03,1,0,True,completed
107,known_visit,HIPC,bernoulli,drop_0.25,19,361,4,10,hipc_h5_bernoulli_025,C:\Users\lottj\Desktop\research\decentralized benchmark\commitment-horizon-study\reference_core_benchmark_pilot\known_visit_10target_300.csv,5,3,15,9.154801710339022,9.154801710339022,02,02,1,0,True,completed
107,known_visit,HIPC,bernoulli,drop_0.25,19,361,4,10,hipc_h5_bernoulli_025,C:\Users\lottj\Desktop\research\decentralized benchmark\commitment-horizon-study\reference_core_benchmark_pilot\known_visit_10target_300.csv,6,15,7,33.75321516258055,33.75321516258055,01,01,1,0,True,completed
107,known_visit,HIPC,bernoulli,drop_0.25,19,361,4,10,hipc_h5_bernoulli_025,C:\Users\lottj\Desktop\research\decentralized benchmark\commitment-horizon-study\reference_core_benchmark_pilot\known_visit_10target_300.csv,7,11,16,20.74690502426547,20.74690502426547,03,03,1,0,True,completed
107,known_visit,HIPC,bernoulli,drop_0.25,19,361,4,10,hipc_h5_bernoulli_025,C:\Users\lottj\Desktop\research\decentralized benchmark\commitment-horizon-study\reference_core_benchmark_pilot\known_visit_10target_300.csv,8,14,14,48.04654796750274,48.04654796750274,01,01,1,0,True,completed
107,known_visit,HIPC,bernoulli,drop_0.25,19,361,4,10,hipc_h5_bernoulli_025,C:\Users\lottj\Desktop\research\decentralized benchmark\commitment-horizon-study\reference_core_benchmark_pilot\known_visit_10target_300.csv,9,9,5,77.94406230261295,77.94406230261295,03,03,1,0,True,completed
107,known_visit,HIPC,bernoulli,drop_0.25,19,361,4,10,hipc_h5_bernoulli_025,C:\Users\lottj\Desktop\research\decentralized benchmark\commitment-horizon-study\reference_core_benchmark_pilot\known_visit_10target_300.csv,10,1,8,3.766256299820147,3.766256299820147,01,01,1,0,True,completed
108,known_visit,HIPC,bernoulli,drop_0.25,19,361,4,10,hipc_h5_bernoulli_025,C:\Users\lottj\Desktop\research\decentralized benchmark\commitment-horizon-study\reference_core_benchmark_pilot\known_visit_10target_300.csv,1,1,12,0.16025401613601675,0.16025401613601675,02,02,1,0,True,completed
108,known_visit,HIPC,bernoulli,drop_0.25,19,361,4,10,hipc_h5_bernoulli_025,C:\Users\lottj\Desktop\research\decentralized benchmark\commitment-horizon-study\reference_core_benchmark_pilot\known_visit_10target_300.csv,2,0,14,6.054462962855882,6.054462962855882,02,02,1,0,True,completed
108,known_visit,HIPC,bernoulli,drop_0.25,19,361,4,10,hipc_h5_bernoulli_025,C:\Users\lottj\Desktop\research\decentralized benchmark\commitment-horizon-study\reference_core_benchmark_pilot\known_visit_10target_300.csv,3,8,16,16.158848119928646,16.158848119928646,03,03,1,0,True,completed
108,known_visit,HIPC,bernoulli,drop_0.25,19,361,4,10,hipc_h5_bernoulli_025,C:\Users\lottj\Desktop\research\decentralized benchmark\commitment-horizon-study\reference_core_benchmark_pilot\known_visit_10target_300.csv,4,11,12,28.57578944574739,28.57578944574739,03,03,1,0,True,completed
108,known_visit,HIPC,bernoulli,drop_0.25,19,361,4,10,hipc_h5_bernoulli_025,C:\Users\lottj\Desktop\research\decentralized benchmark\commitment-horizon-study\reference_core_benchmark_pilot\known_visit_10target_300.csv,5,11,14,24.806766710406727,24.806766710406727,03,03,1,0,True,completed
108,known_visit,HIPC,bernoulli,drop_0.25,19,361,4,10,hipc_h5_bernoulli_025,C:\Users\lottj\Desktop\research\decentralized benchmark\commitment-horizon-study\reference_core_benchmark_pilot\known_visit_10target_300.csv,6,4,17,7.549417372613232,7.549417372613232,03,03,1,0,True,completed
108,known_visit,HIPC,bernoulli,drop_0.25,19,361,4,10,hipc_h5_bernoulli_025,C:\Users\lottj\Desktop\research\decentralized benchmark\commitment-horizon-study\reference_core_benchmark_pilot\known_visit_10target_300.csv,7,2,7,3.728656148535521,3.728656148535521,01,01,1,0,True,completed
108,known_visit,HIPC,bernoulli,drop_0.25,19,361,4,10,hipc_h5_bernoulli_025,C:\Users\lottj\Desktop\research\decentralized benchmark\commitment-horizon-study\reference_core_benchmark_pilot\known_visit_10target_300.csv,8,8,7,18.461289255500894,18.461289255500894,01,01,1,0,True,completed
108,known_visit,HIPC,bernoulli,drop_0.25,19,361,4,10,hipc_h5_bernoulli_025,C:\Users\lottj\Desktop\research\decentralized benchmark\commitment-horizon-study\reference_core_benchmark_pilot\known_visit_10target_300.csv,9,6,6,12.690550863826223,12.690550863826223,01,01,1,0,True,completed
108,known_visit,HIPC,bernoulli,drop_0.25,19,361,4,10,hipc_h5_bernoulli_025,C:\Users\lottj\Desktop\research\decentralized benchmark\commitment-horizon-study\reference_core_benchmark_pilot\known_visit_10target_300.csv,10,9,0,32.33896354396711,32.33896354396711,01,01,1,0,True,completed
109,known_visit,HIPC,bernoulli,drop_0.25,19,361,4,10,hipc_h5_bernoulli_025,C:\Users\lottj\Desktop\research\decentralized benchmark\commitment-horizon-study\reference_core_benchmark_pilot\known_visit_10target_300.csv,1,4,3,10.665889963995363,10.665889963995363,00,00,1,0,True,completed
109,known_visit,HIPC,bernoulli,drop_0.25,19,361,4,10,hipc_h5_bernoulli_025,C:\Users\lottj\Desktop\research\decentralized benchmark\commitment-horizon-study\reference_core_benchmark_pilot\known_visit_10target_300.csv,2,13,16,31.764577261869654,31.764577261869654,02,02,1,0,True,completed
109,known_visit,HIPC,bernoulli,drop_0.25,19,361,4,10,hipc_h5_bernoulli_025,C:\Users\lottj\Desktop\research\decentralized benchmark\commitment-horizon-study\reference_core_benchmark_pilot\known_visit_10target_300.csv,3,13,2,31.755050062894664,31.755050062894664,00,00,1,0,True,completed
109,known_visit,HIPC,bernoulli,drop_0.25,19,361,4,10,hipc_h5_bernoulli_025,C:\Users\lottj\Desktop\research\decentralized benchmark\commitment-horizon-study\reference_core_benchmark_pilot\known_visit_10target_300.csv,4,13,4,28.150862549854,28.150862549854,00,00,1,0,True,completed
109,known_visit,HIPC,bernoulli,drop_0.25,19,361,4,10,hipc_h5_bernoulli_025,C:\Users\lottj\Desktop\research\decentralized benchmark\commitment-horizon-study\reference_core_benchmark_pilot\known_visit_10target_300.csv,5,5,11,9.22395693809386,9.22395693809386,02,02,1,0,True,completed
109,known_visit,HIPC,bernoulli,drop_0.25,19,361,4,10,hipc_h5_bernoulli_025,C:\Users\lottj\Desktop\research\decentralized benchmark\commitment-horizon-study\reference_core_benchmark_pilot\known_visit_10target_300.csv,6,15,6,46.73190728782454,46.73190728782454,00,00,1,0,True,completed
109,known_visit,HIPC,bernoulli,drop_0.25,19,361,4,10,hipc_h5_bernoulli_025,C:\Users\lottj\Desktop\research\decentralized benchmark\commitment-horizon-study\reference_core_benchmark_pilot\known_visit_10target_300.csv,7,17,5,51.92356494792714,51.92356494792714,00,00,1,0,True,completed
109,known_visit,HIPC,bernoulli,drop_0.25,19,361,4,10,hipc_h5_bernoulli_025,C:\Users\lottj\Desktop\research\decentralized benchmark\commitment-horizon-study\reference_core_benchmark_pilot\known_visit_10target_300.csv,8,14,7,42.62634251818997,42.62634251818997,00,00,1,0,True,completed
109,known_visit,HIPC,bernoulli,drop_0.25,19,361,4,10,hipc_h5_bernoulli_025,C:\Users\lottj\Desktop\research\decentralized benchmark\commitment-horizon-study\reference_core_benchmark_pilot\known_visit_10target_300.csv,9,17,17,40.50333910177281,40.50333910177281,02,02,1,0,True,completed
109,known_visit,HIPC,bernoulli,drop_0.25,19,361,4,10,hipc_h5_bernoulli_025,C:\Users\lottj\Desktop\research\decentralized benchmark\commitment-horizon-study\reference_core_benchmark_pilot\known_visit_10target_300.csv,10,4,0,5.242263548386896,5.242263548386896,00,00,1,0,True,completed
110,known_visit,HIPC,bernoulli,drop_0.25,19,361,4,10,hipc_h5_bernoulli_025,C:\Users\lottj\Desktop\research\decentralized benchmark\commitment-horizon-study\reference_core_benchmark_pilot\known_visit_10target_300.csv,1,11,14,32.80737686607135,32.80737686607135,02,02,1,0,True,completed
110,known_visit,HIPC,bernoulli,drop_0.25,19,361,4,10,hipc_h5_bernoulli_025,C:\Users\lottj\Desktop\research\decentralized benchmark\commitment-horizon-study\reference_core_benchmark_pilot\known_visit_10target_300.csv,2,0,14,2.2892826292245334,2.2892826292245334,02,02,1,0,True,completed
110,known_visit,HIPC,bernoulli,drop_0.25,19,361,4,10,hipc_h5_bernoulli_025,C:\Users\lottj\Desktop\research\decentralized benchmark\commitment-horizon-study\reference_core_benchmark_pilot\known_visit_10target_300.csv,3,12,11,40.066064733276434,40.066064733276434,02,02,1,0,True,completed
110,known_visit,HIPC,bernoulli,drop_0.25,19,361,4,10,hipc_h5_bernoulli_025,C:\Users\lottj\Desktop\research\decentralized benchmark\commitment-horizon-study\reference_core_benchmark_pilot\known_visit_10target_300.csv,4,7,1,19.835578199975874,19.835578199975874,00,00,1,0,True,completed
110,known_visit,HIPC,bernoulli,drop_0.25,19,361,4,10,hipc_h5_bernoulli_025,C:\Users\lottj\Desktop\research\decentralized benchmark\commitment-horizon-study\reference_core_benchmark_pilot\known_visit_10target_300.csv,5,6,3,14.39613915076976,14.39613915076976,00,00,1,0,True,completed
110,known_visit,HIPC,bernoulli,drop_0.25,19,361,4,10,hipc_h5_bernoulli_025,C:\Users\lottj\Desktop\research\decentralized benchmark\commitment-horizon-study\reference_core_benchmark_pilot\known_visit_10target_300.csv,6,8,10,25.23664522986127,25.23664522986127,01,01,1,0,True,completed
110,known_visit,HIPC,bernoulli,drop_0.25,19,361,4,10,hipc_h5_bernoulli_025,C:\Users\lottj\Desktop\research\decentralized benchmark\commitment-horizon-study\reference_core_benchmark_pilot\known_visit_10target_300.csv,7,10,17,25.418275408357076,25.418275408357076,02,02,1,0,True,completed
110,known_visit,HIPC,bernoulli,drop_0.25,19,361,4,10,hipc_h5_bernoulli_025,C:\Users\lottj\Desktop\research\decentralized benchmark\commitment-horizon-study\reference_core_benchmark_pilot\known_visit_10target_300.csv,8,8,7,14.258840138687894,14.258840138687894,01,01,1,0,True,completed
110,known_visit,HIPC,bernoulli,drop_0.25,19,361,4,10,hipc_h5_bernoulli_025,C:\Users\lottj\Desktop\research\decentralized benchmark\commitment-horizon-study\reference_core_benchmark_pilot\known_visit_10target_300.csv,9,4,3,10.718546111987036,10.718546111987036,00,00,1,0,True,completed
110,known_visit,HIPC,bernoulli,drop_0.25,19,361,4,10,hipc_h5_bernoulli_025,C:\Users\lottj\Desktop\research\decentralized benchmark\commitment-horizon-study\reference_core_benchmark_pilot\known_visit_10target_300.csv,10,7,15,16.45645096524412,16.45645096524412,02,02,2,1,True,completed
111,known_visit,HIPC,bernoulli,drop_0.25,19,361,4,10,hipc_h5_bernoulli_025,C:\Users\lottj\Desktop\research\decentralized benchmark\commitment-horizon-study\reference_core_benchmark_pilot\known_visit_10target_300.csv,1,14,9,28.02892194577614,28.02892194577614,01,01,1,0,True,completed
111,known_visit,HIPC,bernoulli,drop_0.25,19,361,4,10,hipc_h5_bernoulli_025,C:\Users\lottj\Desktop\research\decentralized benchmark\commitment-horizon-study\reference_core_benchmark_pilot\known_visit_10target_300.csv,2,5,6,6.873071609345735,6.873071609345735,01,01,1,0,True,completed
111,known_visit,HIPC,bernoulli,drop_0.25,19,361,4,10,hipc_h5_bernoulli_025,C:\Users\lottj\Desktop\research\decentralized benchmark\commitment-horizon-study\reference_core_benchmark_pilot\known_visit_10target_300.csv,3,7,18,14.888407527151315,14.888407527151315,03,03,1,0,True,completed
111,known_visit,HIPC,bernoulli,drop_0.25,19,361,4,10,hipc_h5_bernoulli_025,C:\Users\lottj\Desktop\research\decentralized benchmark\commitment-horizon-study\reference_core_benchmark_pilot\known_visit_10target_300.csv,4,16,14,44.806674132026025,44.806674132026025,03,03,1,0,True,completed
111,known_visit,HIPC,bernoulli,drop_0.25,19,361,4,10,hipc_h5_bernoulli_025,C:\Users\lottj\Desktop\research\decentralized benchmark\commitment-horizon-study\reference_core_benchmark_pilot\known_visit_10target_300.csv,5,18,17,36.07312048312235,36.07312048312235,03,03,1,0,True,completed
111,known_visit,HIPC,bernoulli,drop_0.25,19,361,4,10,hipc_h5_bernoulli_025,C:\Users\lottj\Desktop\research\decentralized benchmark\commitment-horizon-study\reference_core_benchmark_pilot\known_visit_10target_300.csv,6,13,7,22.608410879431286,22.608410879431286,01,01,1,0,True,completed
111,known_visit,HIPC,bernoulli,drop_0.25,19,361,4,10,hipc_h5_bernoulli_025,C:\Users\lottj\Desktop\research\decentralized benchmark\commitment-horizon-study\reference_core_benchmark_pilot\known_visit_10target_300.csv,7,1,6,0.1428369696548847,0.1428369696548847,01,01,2,1,True,completed
111,known_visit,HIPC,bernoulli,drop_0.25,19,361,4,10,hipc_h5_bernoulli_025,C:\Users\lottj\Desktop\research\decentralized benchmark\commitment-horizon-study\reference_core_benchmark_pilot\known_visit_10target_300.csv,8,10,6,15.533992791194729,15.533992791194729,01,01,1,0,True,completed
111,known_visit,HIPC,bernoulli,drop_0.25,19,361,4,10,hipc_h5_bernoulli_025,C:\Users\lottj\Desktop\research\decentralized benchmark\commitment-horizon-study\reference_core_benchmark_pilot\known_visit_10target_300.csv,9,15,1,43.63482362694561,43.63482362694561,01,01,1,0,True,completed
111,known_visit,HIPC,bernoulli,drop_0.25,19,361,4,10,hipc_h5_bernoulli_025,C:\Users\lottj\Desktop\research\decentralized benchmark\commitment-horizon-study\reference_core_benchmark_pilot\known_visit_10target_300.csv,10,2,14,5.6664841433959925,5.6664841433959925,02,02,1,0,True,completed
112,known_visit,HIPC,bernoulli,drop_0.25,19,361,4,10,hipc_h5_bernoulli_025,C:\Users\lottj\Desktop\research\decentralized benchmark\commitment-horizon-study\reference_core_benchmark_pilot\known_visit_10target_300.csv,1,7,8,21.612918514471144,21.612918514471144,02,02,1,0,True,completed
112,known_visit,HIPC,bernoulli,drop_0.25,19,361,4,10,hipc_h5_bernoulli_025,C:\Users\lottj\Desktop\research\decentralized benchmark\commitment-horizon-study\reference_core_benchmark_pilot\known_visit_10target_300.csv,2,7,18,14.94945495612467,14.94945495612467,03,03,1,0,True,completed
112,known_visit,HIPC,bernoulli,drop_0.25,19,361,4,10,hipc_h5_bernoulli_025,C:\Users\lottj\Desktop\research\decentralized benchmark\commitment-horizon-study\reference_core_benchmark_pilot\known_visit_10target_300.csv,3,17,8,49.634644632355716,49.634644632355716,03,03,1,0,True,completed
112,known_visit,HIPC,bernoulli,drop_0.25,19,361,4,10,hipc_h5_bernoulli_025,C:\Users\lottj\Desktop\research\decentralized benchmark\commitment-horizon-study\reference_core_benchmark_pilot\known_visit_10target_300.csv,4,7,6,25.27847533480107,25.27847533480107,02,02,1,0,True,completed
112,known_visit,HIPC,bernoulli,drop_0.25,19,361,4,10,hipc_h5_bernoulli_025,C:\Users\lottj\Desktop\research\decentralized benchmark\commitment-horizon-study\reference_core_benchmark_pilot\known_visit_10target_300.csv,5,3,10,11.207897705208483,11.207897705208483,02,02,1,0,True,completed
112,known_visit,HIPC,bernoulli,drop_0.25,19,361,4,10,hipc_h5_bernoulli_025,C:\Users\lottj\Desktop\research\decentralized benchmark\commitment-horizon-study\reference_core_benchmark_pilot\known_visit_10target_300.csv,6,1,17,2.278844132557701,2.278844132557701,03,03,1,0,True,completed
112,known_visit,HIPC,bernoulli,drop_0.25,19,361,4,10,hipc_h5_bernoulli_025,C:\Users\lottj\Desktop\research\decentralized benchmark\commitment-horizon-study\reference_core_benchmark_pilot\known_visit_10target_300.csv,7,1,13,2.1755381056526635,2.1755381056526635,02,02,1,0,True,completed
112,known_visit,HIPC,bernoulli,drop_0.25,19,361,4,10,hipc_h5_bernoulli_025,C:\Users\lottj\Desktop\research\decentralized benchmark\commitment-horizon-study\reference_core_benchmark_pilot\known_visit_10target_300.csv,8,15,7,55.28933311709367,55.28933311709367,03,03,1,0,True,completed
112,known_visit,HIPC,bernoulli,drop_0.25,19,361,4,10,hipc_h5_bernoulli_025,C:\Users\lottj\Desktop\research\decentralized benchmark\commitment-horizon-study\reference_core_benchmark_pilot\known_visit_10target_300.csv,9,16,15,35.788849311126825,35.788849311126825,03,03,1,0,True,completed
112,known_visit,HIPC,bernoulli,drop_0.25,19,361,4,10,hipc_h5_bernoulli_025,C:\Users\lottj\Desktop\research\decentralized benchmark\commitment-horizon-study\reference_core_benchmark_pilot\known_visit_10target_300.csv,10,12,4,65.64848009198259,65.64848009198259,03,03,1,0,True,completed
113,known_visit,HIPC,bernoulli,drop_0.25,19,361,4,10,hipc_h5_bernoulli_025,C:\Users\lottj\Desktop\research\decentralized benchmark\commitment-horizon-study\reference_core_benchmark_pilot\known_visit_10target_300.csv,1,14,3,27.918597443327293,27.918597443327293,00,00,1,0,True,completed
113,known_visit,HIPC,bernoulli,drop_0.25,19,361,4,10,hipc_h5_bernoulli_025,C:\Users\lottj\Desktop\research\decentralized benchmark\commitment-horizon-study\reference_core_benchmark_pilot\known_visit_10target_300.csv,2,8,0,11.93457538080042,11.93457538080042,00,00,1,0,True,completed
113,known_visit,HIPC,bernoulli,drop_0.25,19,361,4,10,hipc_h5_bernoulli_025,C:\Users\lottj\Desktop\research\decentralized benchmark\commitment-horizon-study\reference_core_benchmark_pilot\known_visit_10target_300.csv,3,1,15,5.449798555683591,5.449798555683591,02,02,1,0,True,completed
113,known_visit,HIPC,bernoulli,drop_0.25,19,361,4,10,hipc_h5_bernoulli_025,C:\Users\lottj\Desktop\research\decentralized benchmark\commitment-horizon-study\reference_core_benchmark_pilot\known_visit_10target_300.csv,4,14,13,38.17874585152778,38.17874585152778,02,02,1,0,True,completed
113,known_visit,HIPC,bernoulli,drop_0.25,19,361,4,10,hipc_h5_bernoulli_025,C:\Users\lottj\Desktop\research\decentralized benchmark\commitment-horizon-study\reference_core_benchmark_pilot\known_visit_10target_300.csv,5,17,8,63.84773241327344,63.84773241327344,02,02,1,0,True,completed
113,known_visit,HIPC,bernoulli,drop_0.25,19,361,4,10,hipc_h5_bernoulli_025,C:\Users\lottj\Desktop\research\decentralized benchmark\commitment-horizon-study\reference_core_benchmark_pilot\known_visit_10target_300.csv,6,18,9,60.10351961295295,60.10351961295295,02,02,1,0,True,completed
113,known_visit,HIPC,bernoulli,drop_0.25,19,361,4,10,hipc_h5_bernoulli_025,C:\Users\lottj\Desktop\research\decentralized benchmark\commitment-horizon-study\reference_core_benchmark_pilot\known_visit_10target_300.csv,7,17,15,47.397523965170684,47.397523965170684,02,02,1,0,True,completed
113,known_visit,HIPC,bernoulli,drop_0.25,19,361,4,10,hipc_h5_bernoulli_025,C:\Users\lottj\Desktop\research\decentralized benchmark\commitment-horizon-study\reference_core_benchmark_pilot\known_visit_10target_300.csv,8,5,17,16.039525815255168,16.039525815255168,02,02,1,0,True,completed
113,known_visit,HIPC,bernoulli,drop_0.25,19,361,4,10,hipc_h5_bernoulli_025,C:\Users\lottj\Desktop\research\decentralized benchmark\commitment-horizon-study\reference_core_benchmark_pilot\known_visit_10target_300.csv,9,13,0,35.424264900894016,35.424264900894016,00,00,1,0,True,completed
113,known_visit,HIPC,bernoulli,drop_0.25,19,361,4,10,hipc_h5_bernoulli_025,C:\Users\lottj\Desktop\research\decentralized benchmark\commitment-horizon-study\reference_core_benchmark_pilot\known_visit_10target_300.csv,10,10,3,20.75468617598991,20.75468617598991,00,00,1,0,True,completed
114,known_visit,HIPC,bernoulli,drop_0.25,19,361,4,10,hipc_h5_bernoulli_025,C:\Users\lottj\Desktop\research\decentralized benchmark\commitment-horizon-study\reference_core_benchmark_pilot\known_visit_10target_300.csv,1,14,10,52.12379793119723,52.12379793119723,00,00,1,0,True,completed
114,known_visit,HIPC,bernoulli,drop_0.25,19,361,4,10,hipc_h5_bernoulli_025,C:\Users\lottj\Desktop\research\decentralized benchmark\commitment-horizon-study\reference_core_benchmark_pilot\known_visit_10target_300.csv,2,4,4,12.477632364721043,12.477632364721043,00,00,1,0,True,completed
114,known_visit,HIPC,bernoulli,drop_0.25,19,361,4,10,hipc_h5_bernoulli_025,C:\Users\lottj\Desktop\research\decentralized benchmark\commitment-horizon-study\reference_core_benchmark_pilot\known_visit_10target_300.csv,3,15,4,39.726965232494024,39.726965232494024,00,00,1,0,True,completed
114,known_visit,HIPC,bernoulli,drop_0.25,19,361,4,10,hipc_h5_bernoulli_025,C:\Users\lottj\Desktop\research\decentralized benchmark\commitment-horizon-study\reference_core_benchmark_pilot\known_visit_10target_300.csv,4,17,13,62.91786802159767,62.91786802159767,00,00,1,0,True,completed
114,known_visit,HIPC,bernoulli,drop_0.25,19,361,4,10,hipc_h5_bernoulli_025,C:\Users\lottj\Desktop\research\decentralized benchmark\commitment-horizon-study\reference_core_benchmark_pilot\known_visit_10target_300.csv,5,2,2,5.536916032538375,5.536916032538375,00,00,2,1,True,completed
114,known_visit,HIPC,bernoulli,drop_0.25,19,361,4,10,hipc_h5_bernoulli_025,C:\Users\lottj\Desktop\research\decentralized benchmark\commitment-horizon-study\reference_core_benchmark_pilot\known_visit_10target_300.csv,6,13,3,33.960284790276766,33.960284790276766,00,00,2,1,True,completed
114,known_visit,HIPC,bernoulli,drop_0.25,19,361,4,10,hipc_h5_bernoulli_025,C:\Users\lottj\Desktop\research\decentralized benchmark\commitment-horizon-study\reference_core_benchmark_pilot\known_visit_10target_300.csv,7,11,5,26.58405027330182,26.58405027330182,00,00,1,0,True,completed
114,known_visit,HIPC,bernoulli,drop_0.25,19,361,4,10,hipc_h5_bernoulli_025,C:\Users\lottj\Desktop\research\decentralized benchmark\commitment-horizon-study\reference_core_benchmark_pilot\known_visit_10target_300.csv,8,10,13,17.468024321897346,17.468024321897346,02,02,1,0,True,completed
114,known_visit,HIPC,bernoulli,drop_0.25,19,361,4,10,hipc_h5_bernoulli_025,C:\Users\lottj\Desktop\research\decentralized benchmark\commitment-horizon-study\reference_core_benchmark_pilot\known_visit_10target_300.csv,9,9,15,22.921001591539987,22.921001591539987,02,02,1,0,True,completed
114,known_visit,HIPC,bernoulli,drop_0.25,19,361,4,10,hipc_h5_bernoulli_025,C:\Users\lottj\Desktop\research\decentralized benchmark\commitment-horizon-study\reference_core_benchmark_pilot\known_visit_10target_300.csv,10,18,18,73.70718960414419,73.70718960414419,00,00,1,0,True,completed
115,known_visit,HIPC,bernoulli,drop_0.25,19,361,4,10,hipc_h5_bernoulli_025,C:\Users\lottj\Desktop\research\decentralized benchmark\commitment-horizon-study\reference_core_benchmark_pilot\known_visit_10target_300.csv,1,15,5,32.908815134738944,32.908815134738944,00,00,1,0,True,completed
115,known_visit,HIPC,bernoulli,drop_0.25,19,361,4,10,hipc_h5_bernoulli_025,C:\Users\lottj\Desktop\research\decentralized benchmark\commitment-horizon-study\reference_core_benchmark_pilot\known_visit_10target_300.csv,2,8,6,11.936333369657804,11.936333369657804,01,01,1,0,True,completed
115,known_visit,HIPC,bernoulli,drop_0.25,19,361,4,10,hipc_h5_bernoulli_025,C:\Users\lottj\Desktop\research\decentralized benchmark\commitment-horizon-study\reference_core_benchmark_pilot\known_visit_10target_300.csv,3,11,3,22.194080519363826,22.194080519363826,00,00,1,0,True,completed
115,known_visit,HIPC,bernoulli,drop_0.25,19,361,4,10,hipc_h5_bernoulli_025,C:\Users\lottj\Desktop\research\decentralized benchmark\commitment-horizon-study\reference_core_benchmark_pilot\known_visit_10target_300.csv,4,7,6,10.286265198759972,10.286265198759972,01,01,1,0,True,completed
115,known_visit,HIPC,bernoulli,drop_0.25,19,361,4,10,hipc_h5_bernoulli_025,C:\Users\lottj\Desktop\research\decentralized benchmark\commitment-horizon-study\reference_core_benchmark_pilot\known_visit_10target_300.csv,5,8,10,19.187555802402603,19.187555802402603,01,01,1,0,True,completed
115,known_visit,HIPC,bernoulli,drop_0.25,19,361,4,10,hipc_h5_bernoulli_025,C:\Users\lottj\Desktop\research\decentralized benchmark\commitment-horizon-study\reference_core_benchmark_pilot\known_visit_10target_300.csv,6,11,9,26.617281655630215,26.617281655630215,01,01,1,0,True,completed
115,known_visit,HIPC,bernoulli,drop_0.25,19,361,4,10,hipc_h5_bernoulli_025,C:\Users\lottj\Desktop\research\decentralized benchmark\commitment-horizon-study\reference_core_benchmark_pilot\known_visit_10target_300.csv,7,10,16,44.87483603980609,44.87483603980609,01,01,1,0,True,completed
115,known_visit,HIPC,bernoulli,drop_0.25,19,361,4,10,hipc_h5_bernoulli_025,C:\Users\lottj\Desktop\research\decentralized benchmark\commitment-horizon-study\reference_core_benchmark_pilot\known_visit_10target_300.csv,8,1,16,3.957298955988841,3.957298955988841,03,03,1,0,True,completed
115,known_visit,HIPC,bernoulli,drop_0.25,19,361,4,10,hipc_h5_bernoulli_025,C:\Users\lottj\Desktop\research\decentralized benchmark\commitment-horizon-study\reference_core_benchmark_pilot\known_visit_10target_300.csv,9,2,17,7.930021322192856,7.930021322192856,03,03,1,0,True,completed
115,known_visit,HIPC,bernoulli,drop_0.25,19,361,4,10,hipc_h5_bernoulli_025,C:\Users\lottj\Desktop\research\decentralized benchmark\commitment-horizon-study\reference_core_benchmark_pilot\known_visit_10target_300.csv,10,11,13,37.881669824854995,37.881669824854995,01,01,1,0,True,completed
116,known_visit,HIPC,bernoulli,drop_0.25,19,361,4,10,hipc_h5_bernoulli_025,C:\Users\lottj\Desktop\research\decentralized benchmark\commitment-horizon-study\reference_core_benchmark_pilot\known_visit_10target_300.csv,1,18,2,32.88472831771567,32.88472831771567,00,00,1,0,True,completed
116,known_visit,HIPC,bernoulli,drop_0.25,19,361,4,10,hipc_h5_bernoulli_025,C:\Users\lottj\Desktop\research\decentralized benchmark\commitment-horizon-study\reference_core_benchmark_pilot\known_visit_10target_300.csv,2,14,16,40.12007984499601,40.12007984499601,01,01,1,0,True,completed
116,known_visit,HIPC,bernoulli,drop_0.25,19,361,4,10,hipc_h5_bernoulli_025,C:\Users\lottj\Desktop\research\decentralized benchmark\commitment-horizon-study\reference_core_benchmark_pilot\known_visit_10target_300.csv,3,14,0,22.161715730018614,22.161715730018614,00,00,1,0,True,completed
116,known_visit,HIPC,bernoulli,drop_0.25,19,361,4,10,hipc_h5_bernoulli_025,C:\Users\lottj\Desktop\research\decentralized benchmark\commitment-horizon-study\reference_core_benchmark_pilot\known_visit_10target_300.csv,4,6,14,12.381056079497357,12.381056079497357,02,02,1,0,True,completed
116,known_visit,HIPC,bernoulli,drop_0.25,19,361,4,10,hipc_h5_bernoulli_025,C:\Users\lottj\Desktop\research\decentralized benchmark\commitment-horizon-study\reference_core_benchmark_pilot\known_visit_10target_300.csv,5,4,16,8.881176152125496,8.881176152125496,03,03,1,0,True,completed
116,known_visit,HIPC,bernoulli,drop_0.25,19,361,4,10,hipc_h5_bernoulli_025,C:\Users\lottj\Desktop\research\decentralized benchmark\commitment-horizon-study\reference_core_benchmark_pilot\known_visit_10target_300.csv,6,14,9,52.44988301836627,52.44988301836627,01,01,1,0,True,completed
116,known_visit,HIPC,bernoulli,drop_0.25,19,361,4,10,hipc_h5_bernoulli_025,C:\Users\lottj\Desktop\research\decentralized benchmark\commitment-horizon-study\reference_core_benchmark_pilot\known_visit_10target_300.csv,7,6,13,10.686372833946452,10.686372833946452,02,02,1,0,True,completed
116,known_visit,HIPC,bernoulli,drop_0.25,19,361,4,10,hipc_h5_bernoulli_025,C:\Users\lottj\Desktop\research\decentralized benchmark\commitment-horizon-study\reference_core_benchmark_pilot\known_visit_10target_300.csv,8,8,12,22.532776984776408,22.532776984776408,01,01,1,0,True,completed
116,known_visit,HIPC,bernoulli,drop_0.25,19,361,4,10,hipc_h5_bernoulli_025,C:\Users\lottj\Desktop\research\decentralized benchmark\commitment-horizon-study\reference_core_benchmark_pilot\known_visit_10target_300.csv,9,8,8,15.660152026224797,15.660152026224797,01,01,1,0,True,completed
116,known_visit,HIPC,bernoulli,drop_0.25,19,361,4,10,hipc_h5_bernoulli_025,C:\Users\lottj\Desktop\research\decentralized benchmark\commitment-horizon-study\reference_core_benchmark_pilot\known_visit_10target_300.csv,10,7,0,10.38806326241295,10.38806326241295,00,00,1,0,True,completed
117,known_visit,HIPC,bernoulli,drop_0.25,19,361,4,10,hipc_h5_bernoulli_025,C:\Users\lottj\Desktop\research\decentralized benchmark\commitment-horizon-study\reference_core_benchmark_pilot\known_visit_10target_300.csv,1,18,5,38.32324636183128,38.32324636183128,00,00,1,0,True,completed
117,known_visit,HIPC,bernoulli,drop_0.25,19,361,4,10,hipc_h5_bernoulli_025,C:\Users\lottj\Desktop\research\decentralized benchmark\commitment-horizon-study\reference_core_benchmark_pilot\known_visit_10target_300.csv,2,2,15,7.453460570133558,7.453460570133558,02,02,2,1,True,completed
117,known_visit,HIPC,bernoulli,drop_0.25,19,361,4,10,hipc_h5_bernoulli_025,C:\Users\lottj\Desktop\research\decentralized benchmark\commitment-horizon-study\reference_core_benchmark_pilot\known_visit_10target_300.csv,3,14,17,65.73893600484868,65.73893600484868,00,00,1,0,True,completed
117,known_visit,HIPC,bernoulli,drop_0.25,19,361,4,10,hipc_h5_bernoulli_025,C:\Users\lottj\Desktop\research\decentralized benchmark\commitment-horizon-study\reference_core_benchmark_pilot\known_visit_10target_300.csv,4,8,4,19.310771224211432,19.310771224211432,00,00,1,0,True,completed
117,known_visit,HIPC,bernoulli,drop_0.25,19,361,4,10,hipc_h5_bernoulli_025,C:\Users\lottj\Desktop\research\decentralized benchmark\commitment-horizon-study\reference_core_benchmark_pilot\known_visit_10target_300.csv,5,18,17,58.74721074745815,58.74721074745815,00,00,1,0,True,completed
117,known_visit,HIPC,bernoulli,drop_0.25,19,361,4,10,hipc_h5_bernoulli_025,C:\Users\lottj\Desktop\research\decentralized benchmark\commitment-horizon-study\reference_core_benchmark_pilot\known_visit_10target_300.csv,6,9,13,42.11576056969108,42.11576056969108,02,02,1,0,True,completed
117,known_visit,HIPC,bernoulli,drop_0.25,19,361,4,10,hipc_h5_bernoulli_025,C:\Users\lottj\Desktop\research\decentralized benchmark\commitment-horizon-study\reference_core_benchmark_pilot\known_visit_10target_300.csv,7,2,13,4.106587220173232,4.106587220173232,02,02,2,1,True,completed
117,known_visit,HIPC,bernoulli,drop_0.25,19,361,4,10,hipc_h5_bernoulli_025,C:\Users\lottj\Desktop\research\decentralized benchmark\commitment-horizon-study\reference_core_benchmark_pilot\known_visit_10target_300.csv,8,16,14,74.7836337429786,74.7836337429786,00,00,1,0,True,completed
117,known_visit,HIPC,bernoulli,drop_0.25,19,361,4,10,hipc_h5_bernoulli_025,C:\Users\lottj\Desktop\research\decentralized benchmark\commitment-horizon-study\reference_core_benchmark_pilot\known_visit_10target_300.csv,9,10,8,52.637281321605904,52.637281321605904,02,02,1,0,True,completed
117,known_visit,HIPC,bernoulli,drop_0.25,19,361,4,10,hipc_h5_bernoulli_025,C:\Users\lottj\Desktop\research\decentralized benchmark\commitment-horizon-study\reference_core_benchmark_pilot\known_visit_10target_300.csv,10,3,2,7.286004131783095,7.286004131783095,00,00,1,0,True,completed
118,known_visit,HIPC,bernoulli,drop_0.25,19,361,4,10,hipc_h5_bernoulli_025,C:\Users\lottj\Desktop\research\decentralized benchmark\commitment-horizon-study\reference_core_benchmark_pilot\known_visit_10target_300.csv,1,1,7,2.1888509905545264,2.1888509905545264,01,01,1,0,True,completed
118,known_visit,HIPC,bernoulli,drop_0.25,19,361,4,10,hipc_h5_bernoulli_025,C:\Users\lottj\Desktop\research\decentralized benchmark\commitment-horizon-study\reference_core_benchmark_pilot\known_visit_10target_300.csv,2,14,3,28.27548266594122,28.27548266594122,00,00,1,0,True,completed
118,known_visit,HIPC,bernoulli,drop_0.25,19,361,4,10,hipc_h5_bernoulli_025,C:\Users\lottj\Desktop\research\decentralized benchmark\commitment-horizon-study\reference_core_benchmark_pilot\known_visit_10target_300.csv,3,8,16,51.82153940836489,51.82153940836489,01,01,1,0,True,completed
118,known_visit,HIPC,bernoulli,drop_0.25,19,361,4,10,hipc_h5_bernoulli_025,C:\Users\lottj\Desktop\research\decentralized benchmark\commitment-horizon-study\reference_core_benchmark_pilot\known_visit_10target_300.csv,4,17,10,49.212608063860934,49.212608063860934,00,00,1,0,True,completed
118,known_visit,HIPC,bernoulli,drop_0.25,19,361,4,10,hipc_h5_bernoulli_025,C:\Users\lottj\Desktop\research\decentralized benchmark\commitment-horizon-study\reference_core_benchmark_pilot\known_visit_10target_300.csv,5,3,5,9.674190308209726,9.674190308209726,01,01,1,0,True,completed
118,known_visit,HIPC,bernoulli,drop_0.25,19,361,4,10,hipc_h5_bernoulli_025,C:\Users\lottj\Desktop\research\decentralized benchmark\commitment-horizon-study\reference_core_benchmark_pilot\known_visit_10target_300.csv,6,12,8,30.72064563153835,30.72064563153835,01,01,1,0,True,completed
118,known_visit,HIPC,bernoulli,drop_0.25,19,361,4,10,hipc_h5_bernoulli_025,C:\Users\lottj\Desktop\research\decentralized benchmark\commitment-horizon-study\reference_core_benchmark_pilot\known_visit_10target_300.csv,7,18,7,42.112516446282065,42.112516446282065,00,00,1,0,True,completed
118,known_visit,HIPC,bernoulli,drop_0.25,19,361,4,10,hipc_h5_bernoulli_025,C:\Users\lottj\Desktop\research\decentralized benchmark\commitment-horizon-study\reference_core_benchmark_pilot\known_visit_10target_300.csv,8,8,10,41.29114775826565,41.29114775826565,01,01,1,0,True,completed
118,known_visit,HIPC,bernoulli,drop_0.25,19,361,4,10,hipc_h5_bernoulli_025,C:\Users\lottj\Desktop\research\decentralized benchmark\commitment-horizon-study\reference_core_benchmark_pilot\known_visit_10target_300.csv,9,12,1,21.068722738924134,21.068722738924134,00,00,1,0,True,completed
118,known_visit,HIPC,bernoulli,drop_0.25,19,361,4,10,hipc_h5_bernoulli_025,C:\Users\lottj\Desktop\research\decentralized benchmark\commitment-horizon-study\reference_core_benchmark_pilot\known_visit_10target_300.csv,10,12,5,25.454670749377843,25.454670749377843,01,01,1,0,True,completed
119,known_visit,HIPC,bernoulli,drop_0.25,19,361,4,10,hipc_h5_bernoulli_025,C:\Users\lottj\Desktop\research\decentralized benchmark\commitment-horizon-study\reference_core_benchmark_pilot\known_visit_10target_300.csv,1,1,1,2.206136219160751,2.206136219160751,00,00,1,0,True,completed
119,known_visit,HIPC,bernoulli,drop_0.25,19,361,4,10,hipc_h5_bernoulli_025,C:\Users\lottj\Desktop\research\decentralized benchmark\commitment-horizon-study\reference_core_benchmark_pilot\known_visit_10target_300.csv,2,11,8,29.47038353034584,29.47038353034584,01,01,1,0,True,completed
119,known_visit,HIPC,bernoulli,drop_0.25,19,361,4,10,hipc_h5_bernoulli_025,C:\Users\lottj\Desktop\research\decentralized benchmark\commitment-horizon-study\reference_core_benchmark_pilot\known_visit_10target_300.csv,3,15,6,40.25628883848795,40.25628883848795,01,01,1,0,True,completed
119,known_visit,HIPC,bernoulli,drop_0.25,19,361,4,10,hipc_h5_bernoulli_025,C:\Users\lottj\Desktop\research\decentralized benchmark\commitment-horizon-study\reference_core_benchmark_pilot\known_visit_10target_300.csv,4,6,9,18.85849977211621,18.85849977211621,01,01,1,0,True,completed
119,known_visit,HIPC,bernoulli,drop_0.25,19,361,4,10,hipc_h5_bernoulli_025,C:\Users\lottj\Desktop\research\decentralized benchmark\commitment-horizon-study\reference_core_benchmark_pilot\known_visit_10target_300.csv,5,18,11,54.167771035538436,54.167771035538436,01,01,1,0,True,completed
119,known_visit,HIPC,bernoulli,drop_0.25,19,361,4,10,hipc_h5_bernoulli_025,C:\Users\lottj\Desktop\research\decentralized benchmark\commitment-horizon-study\reference_core_benchmark_pilot\known_visit_10target_300.csv,6,4,18,5.383462409269854,5.383462409269854,03,03,1,0,True,completed
119,known_visit,HIPC,bernoulli,drop_0.25,19,361,4,10,hipc_h5_bernoulli_025,C:\Users\lottj\Desktop\research\decentralized benchmark\commitment-horizon-study\reference_core_benchmark_pilot\known_visit_10target_300.csv,7,17,17,66.37068388343029,66.37068388343029,01,01,1,0,True,completed
119,known_visit,HIPC,bernoulli,drop_0.25,19,361,4,10,hipc_h5_bernoulli_025,C:\Users\lottj\Desktop\research\decentralized benchmark\commitment-horizon-study\reference_core_benchmark_pilot\known_visit_10target_300.csv,8,16,17,68.11983356076176,68.11983356076176,01,01,1,0,True,completed
119,known_visit,HIPC,bernoulli,drop_0.25,19,361,4,10,hipc_h5_bernoulli_025,C:\Users\lottj\Desktop\research\decentralized benchmark\commitment-horizon-study\reference_core_benchmark_pilot\known_visit_10target_300.csv,9,3,6,7.7143199575543395,7.7143199575543395,01,01,1,0,True,completed
119,known_visit,HIPC,bernoulli,drop_0.25,19,361,4,10,hipc_h5_bernoulli_025,C:\Users\lottj\Desktop\research\decentralized benchmark\commitment-horizon-study\reference_core_benchmark_pilot\known_visit_10target_300.csv,10,2,7,3.7485767513157326,3.7485767513157326,01,01,1,0,True,completed
120,known_visit,HIPC,bernoulli,drop_0.25,19,361,4,10,hipc_h5_bernoulli_025,C:\Users\lottj\Desktop\research\decentralized benchmark\commitment-horizon-study\reference_core_benchmark_pilot\known_visit_10target_300.csv,1,7,9,54.38116361836755,54.38116361836755,03,03,1,0,True,completed
120,known_visit,HIPC,bernoulli,drop_0.25,19,361,4,10,hipc_h5_bernoulli_025,C:\Users\lottj\Desktop\research\decentralized benchmark\commitment-horizon-study\reference_core_benchmark_pilot\known_visit_10target_300.csv,2,5,18,11.00581828839525,11.00581828839525,03,03,1,0,True,completed
120,known_visit,HIPC,bernoulli,drop_0.25,19,361,4,10,hipc_h5_bernoulli_025,C:\Users\lottj\Desktop\research\decentralized benchmark\commitment-horizon-study\reference_core_benchmark_pilot\known_visit_10target_300.csv,3,8,4,16.55012577750792,16.55012577750792,01,01,2,1,True,completed
120,known_visit,HIPC,bernoulli,drop_0.25,19,361,4,10,hipc_h5_bernoulli_025,C:\Users\lottj\Desktop\research\decentralized benchmark\commitment-horizon-study\reference_core_benchmark_pilot\known_visit_10target_300.csv,4,6,8,58.05867670413646,58.05867670413646,03,03,1,0,True,completed
120,known_visit,HIPC,bernoulli,drop_0.25,19,361,4,10,hipc_h5_bernoulli_025,C:\Users\lottj\Desktop\research\decentralized benchmark\commitment-horizon-study\reference_core_benchmark_pilot\known_visit_10target_300.csv,5,9,0,32.73354613194656,32.73354613194656,01,01,1,0,True,completed
120,known_visit,HIPC,bernoulli,drop_0.25,19,361,4,10,hipc_h5_bernoulli_025,C:\Users\lottj\Desktop\research\decentralized benchmark\commitment-horizon-study\reference_core_benchmark_pilot\known_visit_10target_300.csv,6,13,9,41.46220604724032,41.46220604724032,03,03,1,0,True,completed
120,known_visit,HIPC,bernoulli,drop_0.25,19,361,4,10,hipc_h5_bernoulli_025,C:\Users\lottj\Desktop\research\decentralized benchmark\commitment-horizon-study\reference_core_benchmark_pilot\known_visit_10target_300.csv,7,11,15,27.272607089614674,27.272607089614674,03,03,1,0,True,completed
120,known_visit,HIPC,bernoulli,drop_0.25,19,361,4,10,hipc_h5_bernoulli_025,C:\Users\lottj\Desktop\research\decentralized benchmark\commitment-horizon-study\reference_core_benchmark_pilot\known_visit_10target_300.csv,8,13,14,32.63546703726411,32.63546703726411,03,03,1,0,True,completed
120,known_visit,HIPC,bernoulli,drop_0.25,19,361,4,10,hipc_h5_bernoulli_025,C:\Users\lottj\Desktop\research\decentralized benchmark\commitment-horizon-study\reference_core_benchmark_pilot\known_visit_10target_300.csv,9,11,1,27.065960345394615,27.065960345394615,01,01,2,1,True,completed
120,known_visit,HIPC,bernoulli,drop_0.25,19,361,4,10,hipc_h5_bernoulli_025,C:\Users\lottj\Desktop\research\decentralized benchmark\commitment-horizon-study\reference_core_benchmark_pilot\known_visit_10target_300.csv,10,2,17,3.6745618363520607,3.6745618363520607,03,03,1,0,True,completed
121,known_visit,HIPC,bernoulli,drop_0.25,19,361,4,10,hipc_h5_bernoulli_025,C:\Users\lottj\Desktop\research\decentralized benchmark\commitment-horizon-study\reference_core_benchmark_pilot\known_visit_10target_300.csv,1,2,4,5.561058869101674,5.561058869101674,01,01,1,0,True,completed
121,known_visit,HIPC,bernoulli,drop_0.25,19,361,4,10,hipc_h5_bernoulli_025,C:\Users\lottj\Desktop\research\decentralized benchmark\commitment-horizon-study\reference_core_benchmark_pilot\known_visit_10target_300.csv,2,11,9,26.401677798021325,26.401677798021325,02,02,1,0,True,completed
121,known_visit,HIPC,bernoulli,drop_0.25,19,361,4,10,hipc_h5_bernoulli_025,C:\Users\lottj\Desktop\research\decentralized benchmark\commitment-horizon-study\reference_core_benchmark_pilot\known_visit_10target_300.csv,3,12,0,23.2803693022378,23.2803693022378,00,00,1,0,True,completed
121,known_visit,HIPC,bernoulli,drop_0.25,19,361,4,10,hipc_h5_bernoulli_025,C:\Users\lottj\Desktop\research\decentralized benchmark\commitment-horizon-study\reference_core_benchmark_pilot\known_visit_10target_300.csv,4,7,13,12.250302447426947,12.250302447426947,02,02,1,0,True,completed
121,known_visit,HIPC,bernoulli,drop_0.25,19,361,4,10,hipc_h5_bernoulli_025,C:\Users\lottj\Desktop\research\decentralized benchmark\commitment-horizon-study\reference_core_benchmark_pilot\known_visit_10target_300.csv,5,1,17,2.2521399683221057,2.2521399683221057,03,03,1,0,True,completed
121,known_visit,HIPC,bernoulli,drop_0.25,19,361,4,10,hipc_h5_bernoulli_025,C:\Users\lottj\Desktop\research\decentralized benchmark\commitment-horizon-study\reference_core_benchmark_pilot\known_visit_10target_300.csv,6,13,1,26.87904153862897,26.87904153862897,00,00,1,0,True,completed
121,known_visit,HIPC,bernoulli,drop_0.25,19,361,4,10,hipc_h5_bernoulli_025,C:\Users\lottj\Desktop\research\decentralized benchmark\commitment-horizon-study\reference_core_benchmark_pilot\known_visit_10target_300.csv,7,13,0,24.966298803136155,24.966298803136155,00,00,1,0,True,completed
121,known_visit,HIPC,bernoulli,drop_0.25,19,361,4,10,hipc_h5_bernoulli_025,C:\Users\lottj\Desktop\research\decentralized benchmark\commitment-horizon-study\reference_core_benchmark_pilot\known_visit_10target_300.csv,8,11,6,31.62389163583975,31.62389163583975,02,02,1,0,True,completed
121,known_visit,HIPC,bernoulli,drop_0.25,19,361,4,10,hipc_h5_bernoulli_025,C:\Users\lottj\Desktop\research\decentralized benchmark\commitment-horizon-study\reference_core_benchmark_pilot\known_visit_10target_300.csv,9,5,1,8.870393295223655,8.870393295223655,00,00,1,0,True,completed
121,known_visit,HIPC,bernoulli,drop_0.25,19,361,4,10,hipc_h5_bernoulli_025,C:\Users\lottj\Desktop\research\decentralized benchmark\commitment-horizon-study\reference_core_benchmark_pilot\known_visit_10target_300.csv,10,7,0,14.446343907471187,14.446343907471187,00,00,1,0,True,completed
122,known_visit,HIPC,bernoulli,drop_0.25,19,361,4,10,hipc_h5_bernoulli_025,C:\Users\lottj\Desktop\research\decentralized benchmark\commitment-horizon-study\reference_core_benchmark_pilot\known_visit_10target_300.csv,1,3,6,3.7398752680796403,3.7398752680796403,01,01,1,0,True,completed
122,known_visit,HIPC,bernoulli,drop_0.25,19,361,4,10,hipc_h5_bernoulli_025,C:\Users\lottj\Desktop\research\decentralized benchmark\commitment-horizon-study\reference_core_benchmark_pilot\known_visit_10target_300.csv,2,14,17,41.94891588946625,41.94891588946625,01,01,1,0,True,completed
122,known_visit,HIPC,bernoulli,drop_0.25,19,361,4,10,hipc_h5_bernoulli_025,C:\Users\lottj\Desktop\research\decentralized benchmark\commitment-horizon-study\reference_core_benchmark_pilot\known_visit_10target_300.csv,3,17,8,53.253983671774094,53.253983671774094,00,00,1,0,True,completed
122,known_visit,HIPC,bernoulli,drop_0.25,19,361,4,10,hipc_h5_bernoulli_025,C:\Users\lottj\Desktop\research\decentralized benchmark\commitment-horizon-study\reference_core_benchmark_pilot\known_visit_10target_300.csv,4,16,1,34.65385176053693,34.65385176053693,00,00,1,0,True,completed
122,known_visit,HIPC,bernoulli,drop_0.25,19,361,4,10,hipc_h5_bernoulli_025,C:\Users\lottj\Desktop\research\decentralized benchmark\commitment-horizon-study\reference_core_benchmark_pilot\known_visit_10target_300.csv,5,13,1,22.51425788283204,22.51425788283204,00,00,1,0,True,completed
122,known_visit,HIPC,bernoulli,drop_0.25,19,361,4,10,hipc_h5_bernoulli_025,C:\Users\lottj\Desktop\research\decentralized benchmark\commitment-horizon-study\reference_core_benchmark_pilot\known_visit_10target_300.csv,6,7,9,15.729385688928692,15.729385688928692,01,01,1,0,True,completed
122,known_visit,HIPC,bernoulli,drop_0.25,19,361,4,10,hipc_h5_bernoulli_025,C:\Users\lottj\Desktop\research\decentralized benchmark\commitment-horizon-study\reference_core_benchmark_pilot\known_visit_10target_300.csv,7,1,18,0.1639481107553687,0.1639481107553687,03,03,1,0,True,completed
122,known_visit,HIPC,bernoulli,drop_0.25,19,361,4,10,hipc_h5_bernoulli_025,C:\Users\lottj\Desktop\research\decentralized benchmark\commitment-horizon-study\reference_core_benchmark_pilot\known_visit_10target_300.csv,8,9,11,22.862966486219477,22.862966486219477,01,01,2,1,True,completed
122,known_visit,HIPC,bernoulli,drop_0.25,19,361,4,10,hipc_h5_bernoulli_025,C:\Users\lottj\Desktop\research\decentralized benchmark\commitment-horizon-study\reference_core_benchmark_pilot\known_visit_10target_300.csv,9,13,3,25.902294198305785,25.902294198305785,00,00,1,0,True,completed
122,known_visit,HIPC,bernoulli,drop_0.25,19,361,4,10,hipc_h5_bernoulli_025,C:\Users\lottj\Desktop\research\decentralized benchmark\commitment-horizon-study\reference_core_benchmark_pilot\known_visit_10target_300.csv,10,16,5,45.83336538780859,45.83336538780859,00,00,1,0,True,completed
123,known_visit,HIPC,bernoulli,drop_0.25,19,361,4,10,hipc_h5_bernoulli_025,C:\Users\lottj\Desktop\research\decentralized benchmark\commitment-horizon-study\reference_core_benchmark_pilot\known_visit_10target_300.csv,1,4,12,24.516342397136665,24.516342397136665,02,02,1,0,True,completed
123,known_visit,HIPC,bernoulli,drop_0.25,19,361,4,10,hipc_h5_bernoulli_025,C:\Users\lottj\Desktop\research\decentralized benchmark\commitment-horizon-study\reference_core_benchmark_pilot\known_visit_10target_300.csv,2,15,11,80.36739007268682,80.36739007268682,00,00,1,0,True,completed
123,known_visit,HIPC,bernoulli,drop_0.25,19,361,4,10,hipc_h5_bernoulli_025,C:\Users\lottj\Desktop\research\decentralized benchmark\commitment-horizon-study\reference_core_benchmark_pilot\known_visit_10target_300.csv,3,16,3,53.4284215098047,53.4284215098047,00,00,2,1,True,completed
123,known_visit,HIPC,bernoulli,drop_0.25,19,361,4,10,hipc_h5_bernoulli_025,C:\Users\lottj\Desktop\research\decentralized benchmark\commitment-horizon-study\reference_core_benchmark_pilot\known_visit_10target_300.csv,4,14,9,74.84072095004701,74.84072095004701,00,00,1,0,True,completed
123,known_visit,HIPC,bernoulli,drop_0.25,19,361,4,10,hipc_h5_bernoulli_025,C:\Users\lottj\Desktop\research\decentralized benchmark\commitment-horizon-study\reference_core_benchmark_pilot\known_visit_10target_300.csv,5,9,8,18.140817023019245,18.140817023019245,01,01,2,1,True,completed
123,known_visit,HIPC,bernoulli,drop_0.25,19,361,4,10,hipc_h5_bernoulli_025,C:\Users\lottj\Desktop\research\decentralized benchmark\commitment-horizon-study\reference_core_benchmark_pilot\known_visit_10target_300.csv,6,15,4,49.54280732372716,49.54280732372716,00,00,2,1,True,completed
123,known_visit,HIPC,bernoulli,drop_0.25,19,361,4,10,hipc_h5_bernoulli_025,C:\Users\lottj\Desktop\research\decentralized benchmark\commitment-horizon-study\reference_core_benchmark_pilot\known_visit_10target_300.csv,7,12,17,20.99540671382192,20.99540671382192,03,03,1,0,True,completed
123,known_visit,HIPC,bernoulli,drop_0.25,19,361,4,10,hipc_h5_bernoulli_025,C:\Users\lottj\Desktop\research\decentralized benchmark\commitment-horizon-study\reference_core_benchmark_pilot\known_visit_10target_300.csv,8,18,8,65.92634013744944,65.92634013744944,00,00,1,0,True,completed
123,known_visit,HIPC,bernoulli,drop_0.25,19,361,4,10,hipc_h5_bernoulli_025,C:\Users\lottj\Desktop\research\decentralized benchmark\commitment-horizon-study\reference_core_benchmark_pilot\known_visit_10target_300.csv,9,2,11,3.747799990767765,3.747799990767765,02,02,1,0,True,completed
123,known_visit,HIPC,bernoulli,drop_0.25,19,361,4,10,hipc_h5_bernoulli_025,C:\Users\lottj\Desktop\research\decentralized benchmark\commitment-horizon-study\reference_core_benchmark_pilot\known_visit_10target_300.csv,10,7,10,25.29140240409363,25.29140240409363,01,01,1,0,True,completed
124,known_visit,HIPC,bernoulli,drop_0.25,19,361,4,10,hipc_h5_bernoulli_025,C:\Users\lottj\Desktop\research\decentralized benchmark\commitment-horizon-study\reference_core_benchmark_pilot\known_visit_10target_300.csv,1,5,0,11.282486211104837,11.282486211104837,00,00,1,0,True,completed
124,known_visit,HIPC,bernoulli,drop_0.25,19,361,4,10,hipc_h5_bernoulli_025,C:\Users\lottj\Desktop\research\decentralized benchmark\commitment-horizon-study\reference_core_benchmark_pilot\known_visit_10target_300.csv,2,2,11,18.3393753406009,18.3393753406009,01,01,1,0,True,completed
124,known_visit,HIPC,bernoulli,drop_0.25,19,361,4,10,hipc_h5_bernoulli_025,C:\Users\lottj\Desktop\research\decentralized benchmark\commitment-horizon-study\reference_core_benchmark_pilot\known_visit_10target_300.csv,3,4,7,7.206852658600997,7.206852658600997,01,01,2,1,True,completed
124,known_visit,HIPC,bernoulli,drop_0.25,19,361,4,10,hipc_h5_bernoulli_025,C:\Users\lottj\Desktop\research\decentralized benchmark\commitment-horizon-study\reference_core_benchmark_pilot\known_visit_10target_300.csv,4,10,14,23.483180381378723,23.483180381378723,02,02,1,0,True,completed
124,known_visit,HIPC,bernoulli,drop_0.25,19,361,4,10,hipc_h5_bernoulli_025,C:\Users\lottj\Desktop\research\decentralized benchmark\commitment-horizon-study\reference_core_benchmark_pilot\known_visit_10target_300.csv,5,9,14,21.39142435712335,21.39142435712335,02,02,1,0,True,completed
124,known_visit,HIPC,bernoulli,drop_0.25,19,361,4,10,hipc_h5_bernoulli_025,C:\Users\lottj\Desktop\research\decentralized benchmark\commitment-horizon-study\reference_core_benchmark_pilot\known_visit_10target_300.csv,6,13,18,42.951197524364645,42.951197524364645,02,02,1,0,True,completed
124,known_visit,HIPC,bernoulli,drop_0.25,19,361,4,10,hipc_h5_bernoulli_025,C:\Users\lottj\Desktop\research\decentralized benchmark\commitment-horizon-study\reference_core_benchmark_pilot\known_visit_10target_300.csv,7,11,12,28.824658991851898,28.824658991851898,02,02,1,0,True,completed
124,known_visit,HIPC,bernoulli,drop_0.25,19,361,4,10,hipc_h5_bernoulli_025,C:\Users\lottj\Desktop\research\decentralized benchmark\commitment-horizon-study\reference_core_benchmark_pilot\known_visit_10target_300.csv,8,3,1,5.418254290074273,5.418254290074273,00,00,1,0,True,completed
124,known_visit,HIPC,bernoulli,drop_0.25,19,361,4,10,hipc_h5_bernoulli_025,C:\Users\lottj\Desktop\research\decentralized benchmark\commitment-horizon-study\reference_core_benchmark_pilot\known_visit_10target_300.csv,9,7,15,15.782632201278137,15.782632201278137,02,02,1,0,True,completed
124,known_visit,HIPC,bernoulli,drop_0.25,19,361,4,10,hipc_h5_bernoulli_025,C:\Users\lottj\Desktop\research\decentralized benchmark\commitment-horizon-study\reference_core_benchmark_pilot\known_visit_10target_300.csv,10,6,3,18.677281032068628,18.677281032068628,00,00,1,0,True,completed
125,known_visit,HIPC,bernoulli,drop_0.25,19,361,4,10,hipc_h5_bernoulli_025,C:\Users\lottj\Desktop\research\decentralized benchmark\commitment-horizon-study\reference_core_benchmark_pilot\known_visit_10target_300.csv,1,2,11,11.501426067611737,11.501426067611737,02,02,1,0,True,completed
125,known_visit,HIPC,bernoulli,drop_0.25,19,361,4,10,hipc_h5_bernoulli_025,C:\Users\lottj\Desktop\research\decentralized benchmark\commitment-horizon-study\reference_core_benchmark_pilot\known_visit_10target_300.csv,2,11,10,38.855242614876516,38.855242614876516,03,03,1,0,True,completed
125,known_visit,HIPC,bernoulli,drop_0.25,19,361,4,10,hipc_h5_bernoulli_025,C:\Users\lottj\Desktop\research\decentralized benchmark\commitment-horizon-study\reference_core_benchmark_pilot\known_visit_10target_300.csv,3,12,4,22.368613565122303,22.368613565122303,01,01,1,0,True,completed
125,known_visit,HIPC,bernoulli,drop_0.25,19,361,4,10,hipc_h5_bernoulli_025,C:\Users\lottj\Desktop\research\decentralized benchmark\commitment-horizon-study\reference_core_benchmark_pilot\known_visit_10target_300.csv,4,2,0,1.7805526324587535,1.7805526324587535,00,00,1,0,True,completed
125,known_visit,HIPC,bernoulli,drop_0.25,19,361,4,10,hipc_h5_bernoulli_025,C:\Users\lottj\Desktop\research\decentralized benchmark\commitment-horizon-study\reference_core_benchmark_pilot\known_visit_10target_300.csv,5,12,13,46.102767185412475,46.102767185412475,03,03,1,0,True,completed
125,known_visit,HIPC,bernoulli,drop_0.25,19,361,4,10,hipc_h5_bernoulli_025,C:\Users\lottj\Desktop\research\decentralized benchmark\commitment-horizon-study\reference_core_benchmark_pilot\known_visit_10target_300.csv,6,14,3,27.589804420360817,27.589804420360817,01,01,1,0,True,completed
125,known_visit,HIPC,bernoulli,drop_0.25,19,361,4,10,hipc_h5_bernoulli_025,C:\Users\lottj\Desktop\research\decentralized benchmark\commitment-horizon-study\reference_core_benchmark_pilot\known_visit_10target_300.csv,7,17,16,60.024350202915834,60.024350202915834,03,03,1,0,True,completed
125,known_visit,HIPC,bernoulli,drop_0.25,19,361,4,10,hipc_h5_bernoulli_025,C:\Users\lottj\Desktop\research\decentralized benchmark\commitment-horizon-study\reference_core_benchmark_pilot\known_visit_10target_300.csv,8,18,17,63.61960892132118,63.61960892132118,03,03,1,0,True,completed
125,known_visit,HIPC,bernoulli,drop_0.25,19,361,4,10,hipc_h5_bernoulli_025,C:\Users\lottj\Desktop\research\decentralized benchmark\commitment-horizon-study\reference_core_benchmark_pilot\known_visit_10target_300.csv,9,0,14,2.3751082450207557,2.3751082450207557,02,02,2,1,True,completed
125,known_visit,HIPC,bernoulli,drop_0.25,19,361,4,10,hipc_h5_bernoulli_025,C:\Users\lottj\Desktop\research\decentralized benchmark\commitment-horizon-study\reference_core_benchmark_pilot\known_visit_10target_300.csv,10,0,4,2.1294883495360444,2.1294883495360444,01,01,1,0,True,completed
126,known_visit,HIPC,bernoulli,drop_0.25,19,361,4,10,hipc_h5_bernoulli_025,C:\Users\lottj\Desktop\research\decentralized benchmark\commitment-horizon-study\reference_core_benchmark_pilot\known_visit_10target_300.csv,1,3,2,7.475159991117402,7.475159991117402,00,00,1,0,True,completed
126,known_visit,HIPC,bernoulli,drop_0.25,19,361,4,10,hipc_h5_bernoulli_025,C:\Users\lottj\Desktop\research\decentralized benchmark\commitment-horizon-study\reference_core_benchmark_pilot\known_visit_10target_300.csv,2,18,8,164.57454777025671,164.57454777025671,01,01,1,0,True,completed
126,known_visit,HIPC,bernoulli,drop_0.25,19,361,4,10,hipc_h5_bernoulli_025,C:\Users\lottj\Desktop\research\decentralized benchmark\commitment-horizon-study\reference_core_benchmark_pilot\known_visit_10target_300.csv,3,9,6,14.007924087499653,14.007924087499653,01,01,1,0,True,completed
126,known_visit,HIPC,bernoulli,drop_0.25,19,361,4,10,hipc_h5_bernoulli_025,C:\Users\lottj\Desktop\research\decentralized benchmark\commitment-horizon-study\reference_core_benchmark_pilot\known_visit_10target_300.csv,4,15,4,148.406805638718,148.406805638718,01,01,1,0,True,completed
126,known_visit,HIPC,bernoulli,drop_0.25,19,361,4,10,hipc_h5_bernoulli_025,C:\Users\lottj\Desktop\research\decentralized benchmark\commitment-horizon-study\reference_core_benchmark_pilot\known_visit_10target_300.csv,5,14,6,153.87982297727808,153.87982297727808,01,01,1,0,True,completed
126,known_visit,HIPC,bernoulli,drop_0.25,19,361,4,10,hipc_h5_bernoulli_025,C:\Users\lottj\Desktop\research\decentralized benchmark\commitment-horizon-study\reference_core_benchmark_pilot\known_visit_10target_300.csv,6,12,0,30.121578088527677,30.121578088527677,01,01,1,0,True,completed
126,known_visit,HIPC,bernoulli,drop_0.25,19,361,4,10,hipc_h5_bernoulli_025,C:\Users\lottj\Desktop\research\decentralized benchmark\commitment-horizon-study\reference_core_benchmark_pilot\known_visit_10target_300.csv,7,11,4,21.150224573859123,21.150224573859123,01,01,1,0,True,completed
126,known_visit,HIPC,bernoulli,drop_0.25,19,361,4,10,hipc_h5_bernoulli_025,C:\Users\lottj\Desktop\research\decentralized benchmark\commitment-horizon-study\reference_core_benchmark_pilot\known_visit_10target_300.csv,8,12,18,44.23551145590108,44.23551145590108,02,02,1,0,True,completed
126,known_visit,HIPC,bernoulli,drop_0.25,19,361,4,10,hipc_h5_bernoulli_025,C:\Users\lottj\Desktop\research\decentralized benchmark\commitment-horizon-study\reference_core_benchmark_pilot\known_visit_10target_300.csv,9,5,15,12.397048474769983,12.397048474769983,02,02,1,0,True,completed
126,known_visit,HIPC,bernoulli,drop_0.25,19,361,4,10,hipc_h5_bernoulli_025,C:\Users\lottj\Desktop\research\decentralized benchmark\commitment-horizon-study\reference_core_benchmark_pilot\known_visit_10target_300.csv,10,11,11,30.119233648232193,30.119233648232193,02,02,2,1,True,completed
127,known_visit,HIPC,bernoulli,drop_0.25,19,361,4,10,hipc_h5_bernoulli_025,C:\Users\lottj\Desktop\research\decentralized benchmark\commitment-horizon-study\reference_core_benchmark_pilot\known_visit_10target_300.csv,1,5,16,11.007172521025183,11.007172521025183,03,03,2,1,True,completed
127,known_visit,HIPC,bernoulli,drop_0.25,19,361,4,10,hipc_h5_bernoulli_025,C:\Users\lottj\Desktop\research\decentralized benchmark\commitment-horizon-study\reference_core_benchmark_pilot\known_visit_10target_300.csv,2,16,2,29.824137598728253,29.824137598728253,00,00,1,0,True,completed
127,known_visit,HIPC,bernoulli,drop_0.25,19,361,4,10,hipc_h5_bernoulli_025,C:\Users\lottj\Desktop\research\decentralized benchmark\commitment-horizon-study\reference_core_benchmark_pilot\known_visit_10target_300.csv,3,16,16,48.407711742476266,48.407711742476266,02,02,1,0,True,completed
127,known_visit,HIPC,bernoulli,drop_0.25,19,361,4,10,hipc_h5_bernoulli_025,C:\Users\lottj\Desktop\research\decentralized benchmark\commitment-horizon-study\reference_core_benchmark_pilot\known_visit_10target_300.csv,4,1,17,2.2474364333183683,2.2474364333183683,03,03,2,1,True,completed
127,known_visit,HIPC,bernoulli,drop_0.25,19,361,4,10,hipc_h5_bernoulli_025,C:\Users\lottj\Desktop\research\decentralized benchmark\commitment-horizon-study\reference_core_benchmark_pilot\known_visit_10target_300.csv,5,9,12,24.633805613182094,24.633805613182094,03,03,1,0,True,completed
127,known_visit,HIPC,bernoulli,drop_0.25,19,361,4,10,hipc_h5_bernoulli_025,C:\Users\lottj\Desktop\research\decentralized benchmark\commitment-horizon-study\reference_core_benchmark_pilot\known_visit_10target_300.csv,6,1,4,3.8050597763659084,3.8050597763659084,01,01,1,0,True,completed
127,known_visit,HIPC,bernoulli,drop_0.25,19,361,4,10,hipc_h5_bernoulli_025,C:\Users\lottj\Desktop\research\decentralized benchmark\commitment-horizon-study\reference_core_benchmark_pilot\known_visit_10target_300.csv,7,13,16,43.086304827440024,43.086304827440024,02,02,1,0,True,completed
127,known_visit,HIPC,bernoulli,drop_0.25,19,361,4,10,hipc_h5_bernoulli_025,C:\Users\lottj\Desktop\research\decentralized benchmark\commitment-horizon-study\reference_core_benchmark_pilot\known_visit_10target_300.csv,8,7,16,14.381144530528454,14.381144530528454,03,03,2,1,True,completed
127,known_visit,HIPC,bernoulli,drop_0.25,19,361,4,10,hipc_h5_bernoulli_025,C:\Users\lottj\Desktop\research\decentralized benchmark\commitment-horizon-study\reference_core_benchmark_pilot\known_visit_10target_300.csv,9,2,1,3.9986034406322406,3.9986034406322406,00,00,1,0,True,completed
127,known_visit,HIPC,bernoulli,drop_0.25,19,361,4,10,hipc_h5_bernoulli_025,C:\Users\lottj\Desktop\research\decentralized benchmark\commitment-horizon-study\reference_core_benchmark_pilot\known_visit_10target_300.csv,10,17,6,38.55976853084342,38.55976853084342,00,00,1,0,True,completed
128,known_visit,HIPC,bernoulli,drop_0.25,19,361,4,10,hipc_h5_bernoulli_025,C:\Users\lottj\Desktop\research\decentralized benchmark\commitment-horizon-study\reference_core_benchmark_pilot\known_visit_10target_300.csv,1,5,9,12.382434528192173,12.382434528192173,01,01,2,1,True,completed
128,known_visit,HIPC,bernoulli,drop_0.25,19,361,4,10,hipc_h5_bernoulli_025,C:\Users\lottj\Desktop\research\decentralized benchmark\commitment-horizon-study\reference_core_benchmark_pilot\known_visit_10target_300.csv,2,4,10,9.2733129466844,9.2733129466844,02,02,2,1,True,completed
128,known_visit,HIPC,bernoulli,drop_0.25,19,361,4,10,hipc_h5_bernoulli_025,C:\Users\lottj\Desktop\research\decentralized benchmark\commitment-horizon-study\reference_core_benchmark_pilot\known_visit_10target_300.csv,3,14,0,30.082056412869218,30.082056412869218,00,00,1,0,True,completed
128,known_visit,HIPC,bernoulli,drop_0.25,19,361,4,10,hipc_h5_bernoulli_025,C:\Users\lottj\Desktop\research\decentralized benchmark\commitment-horizon-study\reference_core_benchmark_pilot\known_visit_10target_300.csv,4,0,17,0.5047050725494482,0.5047050725494482,03,03,1,0,True,completed
128,known_visit,HIPC,bernoulli,drop_0.25,19,361,4,10,hipc_h5_bernoulli_025,C:\Users\lottj\Desktop\research\decentralized benchmark\commitment-horizon-study\reference_core_benchmark_pilot\known_visit_10target_300.csv,5,0,1,0.5092001126789185,0.5092001126789185,00,00,1,0,True,completed
128,known_visit,HIPC,bernoulli,drop_0.25,19,361,4,10,hipc_h5_bernoulli_025,C:\Users\lottj\Desktop\research\decentralized benchmark\commitment-horizon-study\reference_core_benchmark_pilot\known_visit_10target_300.csv,6,10,13,31.898147485919562,31.898147485919562,01,01,1,0,True,completed
128,known_visit,HIPC,bernoulli,drop_0.25,19,361,4,10,hipc_h5_bernoulli_025,C:\Users\lottj\Desktop\research\decentralized benchmark\commitment-horizon-study\reference_core_benchmark_pilot\known_visit_10target_300.csv,7,8,2,16.188630491296045,16.188630491296045,00,00,1,0,True,completed
128,known_visit,HIPC,bernoulli,drop_0.25,19,361,4,10,hipc_h5_bernoulli_025,C:\Users\lottj\Desktop\research\decentralized benchmark\commitment-horizon-study\reference_core_benchmark_pilot\known_visit_10target_300.csv,8,14,9,45.878065873783676,45.878065873783676,01,01,1,0,True,completed
128,known_visit,HIPC,bernoulli,drop_0.25,19,361,4,10,hipc_h5_bernoulli_025,C:\Users\lottj\Desktop\research\decentralized benchmark\commitment-horizon-study\reference_core_benchmark_pilot\known_visit_10target_300.csv,9,18,7,56.26577328100148,56.26577328100148,01,01,1,0,True,completed
128,known_visit,HIPC,bernoulli,drop_0.25,19,361,4,10,hipc_h5_bernoulli_025,C:\Users\lottj\Desktop\research\decentralized benchmark\commitment-horizon-study\reference_core_benchmark_pilot\known_visit_10target_300.csv,10,5,18,11.437020313112015,11.437020313112015,03,03,1,0,True,completed
129,known_visit,HIPC,bernoulli,drop_0.25,19,361,4,10,hipc_h5_bernoulli_025,C:\Users\lottj\Desktop\research\decentralized benchmark\commitment-horizon-study\reference_core_benchmark_pilot\known_visit_10target_300.csv,1,2,4,5.519467380596247,5.519467380596247,01,01,1,0,True,completed
129,known_visit,HIPC,bernoulli,drop_0.25,19,361,4,10,hipc_h5_bernoulli_025,C:\Users\lottj\Desktop\research\decentralized benchmark\commitment-horizon-study\reference_core_benchmark_pilot\known_visit_10target_300.csv,2,9,12,39.66513933683076,39.66513933683076,01,01,1,0,True,completed
129,known_visit,HIPC,bernoulli,drop_0.25,19,361,4,10,hipc_h5_bernoulli_025,C:\Users\lottj\Desktop\research\decentralized benchmark\commitment-horizon-study\reference_core_benchmark_pilot\known_visit_10target_300.csv,3,8,6,19.8861946847603,19.8861946847603,01,01,2,1,True,completed
129,known_visit,HIPC,bernoulli,drop_0.25,19,361,4,10,hipc_h5_bernoulli_025,C:\Users\lottj\Desktop\research\decentralized benchmark\commitment-horizon-study\reference_core_benchmark_pilot\known_visit_10target_300.csv,4,15,13,63.11373309904419,63.11373309904419,01,01,1,0,True,completed
129,known_visit,HIPC,bernoulli,drop_0.25,19,361,4,10,hipc_h5_bernoulli_025,C:\Users\lottj\Desktop\research\decentralized benchmark\commitment-horizon-study\reference_core_benchmark_pilot\known_visit_10target_300.csv,5,13,9,26.158172163843304,26.158172163843304,02,02,2,1,True,completed
129,known_visit,HIPC,bernoulli,drop_0.25,19,361,4,10,hipc_h5_bernoulli_025,C:\Users\lottj\Desktop\research\decentralized benchmark\commitment-horizon-study\reference_core_benchmark_pilot\known_visit_10target_300.csv,6,8,4,16.213992954550207,16.213992954550207,01,01,1,0,True,completed
129,known_visit,HIPC,bernoulli,drop_0.25,19,361,4,10,hipc_h5_bernoulli_025,C:\Users\lottj\Desktop\research\decentralized benchmark\commitment-horizon-study\reference_core_benchmark_pilot\known_visit_10target_300.csv,7,0,11,0.4000609740092671,0.4000609740092671,02,02,1,0,True,completed
129,known_visit,HIPC,bernoulli,drop_0.25,19,361,4,10,hipc_h5_bernoulli_025,C:\Users\lottj\Desktop\research\decentralized benchmark\commitment-horizon-study\reference_core_benchmark_pilot\known_visit_10target_300.csv,8,3,9,9.182391662789046,9.182391662789046,02,02,1,0,True,completed
129,known_visit,HIPC,bernoulli,drop_0.25,19,361,4,10,hipc_h5_bernoulli_025,C:\Users\lottj\Desktop\research\decentralized benchmark\commitment-horizon-study\reference_core_benchmark_pilot\known_visit_10target_300.csv,9,7,7,23.648265968390067,23.648265968390067,01,01,1,0,True,completed
129,known_visit,HIPC,bernoulli,drop_0.25,19,361,4,10,hipc_h5_bernoulli_025,C:\Users\lottj\Desktop\research\decentralized benchmark\commitment-horizon-study\reference_core_benchmark_pilot\known_visit_10target_300.csv,10,8,13,36.12130804723011,36.12130804723011,01,01,1,0,True,completed
130,known_visit,HIPC,bernoulli,drop_0.25,19,361,4,10,hipc_h5_bernoulli_025,C:\Users\lottj\Desktop\research\decentralized benchmark\commitment-horizon-study\reference_core_benchmark_pilot\known_visit_10target_300.csv,1,13,10,38.80826532670621,38.80826532670621,00,00,1,0,True,completed
130,known_visit,HIPC,bernoulli,drop_0.25,19,361,4,10,hipc_h5_bernoulli_025,C:\Users\lottj\Desktop\research\decentralized benchmark\commitment-horizon-study\reference_core_benchmark_pilot\known_visit_10target_300.csv,2,8,0,12.293606087781894,12.293606087781894,00,00,1,0,True,completed
130,known_visit,HIPC,bernoulli,drop_0.25,19,361,4,10,hipc_h5_bernoulli_025,C:\Users\lottj\Desktop\research\decentralized benchmark\commitment-horizon-study\reference_core_benchmark_pilot\known_visit_10target_300.csv,3,9,8,28.14290309117107,28.14290309117107,00,00,1,0,True,completed
130,known_visit,HIPC,bernoulli,drop_0.25,19,361,4,10,hipc_h5_bernoulli_025,C:\Users\lottj\Desktop\research\decentralized benchmark\commitment-horizon-study\reference_core_benchmark_pilot\known_visit_10target_300.csv,4,8,14,15.7193140299762,15.7193140299762,02,02,1,0,True,completed
130,known_visit,HIPC,bernoulli,drop_0.25,19,361,4,10,hipc_h5_bernoulli_025,C:\Users\lottj\Desktop\research\decentralized benchmark\commitment-horizon-study\reference_core_benchmark_pilot\known_visit_10target_300.csv,5,16,7,54.96997113146885,54.96997113146885,01,01,1,0,True,completed
130,known_visit,HIPC,bernoulli,drop_0.25,19,361,4,10,hipc_h5_bernoulli_025,C:\Users\lottj\Desktop\research\decentralized benchmark\commitment-horizon-study\reference_core_benchmark_pilot\known_visit_10target_300.csv,6,18,14,54.741190803197114,54.741190803197114,00,00,1,0,True,completed
130,known_visit,HIPC,bernoulli,drop_0.25,19,361,4,10,hipc_h5_bernoulli_025,C:\Users\lottj\Desktop\research\decentralized benchmark\commitment-horizon-study\reference_core_benchmark_pilot\known_visit_10target_300.csv,7,15,12,45.89562715473711,45.89562715473711,00,00,1,0,True,completed
130,known_visit,HIPC,bernoulli,drop_0.25,19,361,4,10,hipc_h5_bernoulli_025,C:\Users\lottj\Desktop\research\decentralized benchmark\commitment-horizon-study\reference_core_benchmark_pilot\known_visit_10target_300.csv,8,18,0,39.13734972109811,39.13734972109811,01,01,1,0,True,completed
130,known_visit,HIPC,bernoulli,drop_0.25,19,361,4,10,hipc_h5_bernoulli_025,C:\Users\lottj\Desktop\research\decentralized benchmark\commitment-horizon-study\reference_core_benchmark_pilot\known_visit_10target_300.csv,9,9,14,17.650675524484395,17.650675524484395,02,02,1,0,True,completed
130,known_visit,HIPC,bernoulli,drop_0.25,19,361,4,10,hipc_h5_bernoulli_025,C:\Users\lottj\Desktop\research\decentralized benchmark\commitment-horizon-study\reference_core_benchmark_pilot\known_visit_10target_300.csv,10,10,15,21.297541615233655,21.297541615233655,02,02,1,0,True,completed
131,known_visit,HIPC,bernoulli,drop_0.25,19,361,4,10,hipc_h5_bernoulli_025,C:\Users\lottj\Desktop\research\decentralized benchmark\commitment-horizon-study\reference_core_benchmark_pilot\known_visit_10target_300.csv,1,0,15,3.913578727560528,3.913578727560528,03,03,2,1,True,completed
131,known_visit,HIPC,bernoulli,drop_0.25,19,361,4,10,hipc_h5_bernoulli_025,C:\Users\lottj\Desktop\research\decentralized benchmark\commitment-horizon-study\reference_core_benchmark_pilot\known_visit_10target_300.csv,2,3,7,20.36474499584455,20.36474499584455,00,00,2,1,True,completed
131,known_visit,HIPC,bernoulli,drop_0.25,19,361,4,10,hipc_h5_bernoulli_025,C:\Users\lottj\Desktop\research\decentralized benchmark\commitment-horizon-study\reference_core_benchmark_pilot\known_visit_10target_300.csv,3,13,18,31.692396086072335,31.692396086072335,03,03,1,0,True,completed
131,known_visit,HIPC,bernoulli,drop_0.25,19,361,4,10,hipc_h5_bernoulli_025,C:\Users\lottj\Desktop\research\decentralized benchmark\commitment-horizon-study\reference_core_benchmark_pilot\known_visit_10target_300.csv,4,1,1,2.1610980600427725,2.1610980600427725,00,00,1,0,True,completed
131,known_visit,HIPC,bernoulli,drop_0.25,19,361,4,10,hipc_h5_bernoulli_025,C:\Users\lottj\Desktop\research\decentralized benchmark\commitment-horizon-study\reference_core_benchmark_pilot\known_visit_10target_300.csv,5,8,12,38.33023577072744,38.33023577072744,00,00,1,0,True,completed
131,known_visit,HIPC,bernoulli,drop_0.25,19,361,4,10,hipc_h5_bernoulli_025,C:\Users\lottj\Desktop\research\decentralized benchmark\commitment-horizon-study\reference_core_benchmark_pilot\known_visit_10target_300.csv,6,14,10,47.53349197974406,47.53349197974406,03,03,1,0,True,completed
131,known_visit,HIPC,bernoulli,drop_0.25,19,361,4,10,hipc_h5_bernoulli_025,C:\Users\lottj\Desktop\research\decentralized benchmark\commitment-horizon-study\reference_core_benchmark_pilot\known_visit_10target_300.csv,7,5,3,12.36006190468454,12.36006190468454,01,01,1,0,True,completed
131,known_visit,HIPC,bernoulli,drop_0.25,19,361,4,10,hipc_h5_bernoulli_025,C:\Users\lottj\Desktop\research\decentralized benchmark\commitment-horizon-study\reference_core_benchmark_pilot\known_visit_10target_300.csv,8,18,10,63.02223327115944,63.02223327115944,00,00,1,0,True,completed
131,known_visit,HIPC,bernoulli,drop_0.25,19,361,4,10,hipc_h5_bernoulli_025,C:\Users\lottj\Desktop\research\decentralized benchmark\commitment-horizon-study\reference_core_benchmark_pilot\known_visit_10target_300.csv,9,8,9,32.92542954271835,32.92542954271835,00,00,1,0,True,completed
131,known_visit,HIPC,bernoulli,drop_0.25,19,361,4,10,hipc_h5_bernoulli_025,C:\Users\lottj\Desktop\research\decentralized benchmark\commitment-horizon-study\reference_core_benchmark_pilot\known_visit_10target_300.csv,10,9,13,41.89458941851501,41.89458941851501,00,00,1,0,True,completed
132,known_visit,HIPC,bernoulli,drop_0.25,19,361,4,10,hipc_h5_bernoulli_025,C:\Users\lottj\Desktop\research\decentralized benchmark\commitment-horizon-study\reference_core_benchmark_pilot\known_visit_10target_300.csv,1,8,1,13.95951131512667,13.95951131512667,00,00,1,0,True,completed
132,known_visit,HIPC,bernoulli,drop_0.25,19,361,4,10,hipc_h5_bernoulli_025,C:\Users\lottj\Desktop\research\decentralized benchmark\commitment-horizon-study\reference_core_benchmark_pilot\known_visit_10target_300.csv,2,11,0,21.29934142172357,21.29934142172357,00,00,1,0,True,completed
132,known_visit,HIPC,bernoulli,drop_0.25,19,361,4,10,hipc_h5_bernoulli_025,C:\Users\lottj\Desktop\research\decentralized benchmark\commitment-horizon-study\reference_core_benchmark_pilot\known_visit_10target_300.csv,3,8,7,42.39291876239834,42.39291876239834,00,00,1,0,True,completed
132,known_visit,HIPC,bernoulli,drop_0.25,19,361,4,10,hipc_h5_bernoulli_025,C:\Users\lottj\Desktop\research\decentralized benchmark\commitment-horizon-study\reference_core_benchmark_pilot\known_visit_10target_300.csv,4,18,0,60.79949301878684,60.79949301878684,03,03,1,0,True,completed
132,known_visit,HIPC,bernoulli,drop_0.25,19,361,4,10,hipc_h5_bernoulli_025,C:\Users\lottj\Desktop\research\decentralized benchmark\commitment-horizon-study\reference_core_benchmark_pilot\known_visit_10target_300.csv,5,18,6,50.20936389196262,50.20936389196262,03,03,1,0,True,completed
132,known_visit,HIPC,bernoulli,drop_0.25,19,361,4,10,hipc_h5_bernoulli_025,C:\Users\lottj\Desktop\research\decentralized benchmark\commitment-horizon-study\reference_core_benchmark_pilot\known_visit_10target_300.csv,6,10,18,15.398790018659714,15.398790018659714,03,03,1,0,True,completed
132,known_visit,HIPC,bernoulli,drop_0.25,19,361,4,10,hipc_h5_bernoulli_025,C:\Users\lottj\Desktop\research\decentralized benchmark\commitment-horizon-study\reference_core_benchmark_pilot\known_visit_10target_300.csv,7,15,15,29.111628293315835,29.111628293315835,03,03,1,0,True,completed
132,known_visit,HIPC,bernoulli,drop_0.25,19,361,4,10,hipc_h5_bernoulli_025,C:\Users\lottj\Desktop\research\decentralized benchmark\commitment-horizon-study\reference_core_benchmark_pilot\known_visit_10target_300.csv,8,17,7,46.562842371177545,46.562842371177545,03,03,1,0,True,completed
132,known_visit,HIPC,bernoulli,drop_0.25,19,361,4,10,hipc_h5_bernoulli_025,C:\Users\lottj\Desktop\research\decentralized benchmark\commitment-horizon-study\reference_core_benchmark_pilot\known_visit_10target_300.csv,9,13,18,20.300377979930122,20.300377979930122,03,03,1,0,True,completed
132,known_visit,HIPC,bernoulli,drop_0.25,19,361,4,10,hipc_h5_bernoulli_025,C:\Users\lottj\Desktop\research\decentralized benchmark\commitment-horizon-study\reference_core_benchmark_pilot\known_visit_10target_300.csv,10,12,5,31.9309126142147,31.9309126142147,00,00,1,0,True,completed
133,known_visit,HIPC,bernoulli,drop_0.25,19,361,4,10,hipc_h5_bernoulli_025,C:\Users\lottj\Desktop\research\decentralized benchmark\commitment-horizon-study\reference_core_benchmark_pilot\known_visit_10target_300.csv,1,7,14,14.421922949803955,14.421922949803955,02,02,1,0,True,completed
133,known_visit,HIPC,bernoulli,drop_0.25,19,361,4,10,hipc_h5_bernoulli_025,C:\Users\lottj\Desktop\research\decentralized benchmark\commitment-horizon-study\reference_core_benchmark_pilot\known_visit_10target_300.csv,2,1,14,3.9372120823466887,3.9372120823466887,02,02,1,0,True,completed
133,known_visit,HIPC,bernoulli,drop_0.25,19,361,4,10,hipc_h5_bernoulli_025,C:\Users\lottj\Desktop\research\decentralized benchmark\commitment-horizon-study\reference_core_benchmark_pilot\known_visit_10target_300.csv,3,5,9,37.59997624675566,37.59997624675566,02,02,1,0,True,completed
133,known_visit,HIPC,bernoulli,drop_0.25,19,361,4,10,hipc_h5_bernoulli_025,C:\Users\lottj\Desktop\research\decentralized benchmark\commitment-horizon-study\reference_core_benchmark_pilot\known_visit_10target_300.csv,4,9,10,29.12134857712778,29.12134857712778,02,02,1,0,True,completed
133,known_visit,HIPC,bernoulli,drop_0.25,19,361,4,10,hipc_h5_bernoulli_025,C:\Users\lottj\Desktop\research\decentralized benchmark\commitment-horizon-study\reference_core_benchmark_pilot\known_visit_10target_300.csv,5,16,6,36.82938726189863,36.82938726189863,00,00,1,0,True,completed
133,known_visit,HIPC,bernoulli,drop_0.25,19,361,4,10,hipc_h5_bernoulli_025,C:\Users\lottj\Desktop\research\decentralized benchmark\commitment-horizon-study\reference_core_benchmark_pilot\known_visit_10target_300.csv,6,12,5,27.84188943676655,27.84188943676655,00,00,1,0,True,completed
133,known_visit,HIPC,bernoulli,drop_0.25,19,361,4,10,hipc_h5_bernoulli_025,C:\Users\lottj\Desktop\research\decentralized benchmark\commitment-horizon-study\reference_core_benchmark_pilot\known_visit_10target_300.csv,7,3,3,8.833297530522689,8.833297530522689,00,00,1,0,True,completed
133,known_visit,HIPC,bernoulli,drop_0.25,19,361,4,10,hipc_h5_bernoulli_025,C:\Users\lottj\Desktop\research\decentralized benchmark\commitment-horizon-study\reference_core_benchmark_pilot\known_visit_10target_300.csv,8,7,15,16.44410316279813,16.44410316279813,02,02,1,0,True,completed
133,known_visit,HIPC,bernoulli,drop_0.25,19,361,4,10,hipc_h5_bernoulli_025,C:\Users\lottj\Desktop\research\decentralized benchmark\commitment-horizon-study\reference_core_benchmark_pilot\known_visit_10target_300.csv,9,18,8,43.91151251636517,43.91151251636517,00,00,1,0,True,completed
133,known_visit,HIPC,bernoulli,drop_0.25,19,361,4,10,hipc_h5_bernoulli_025,C:\Users\lottj\Desktop\research\decentralized benchmark\commitment-horizon-study\reference_core_benchmark_pilot\known_visit_10target_300.csv,10,12,6,29.748840758372946,29.748840758372946,00,00,1,0,True,completed
134,known_visit,HIPC,bernoulli,drop_0.25,19,361,4,10,hipc_h5_bernoulli_025,C:\Users\lottj\Desktop\research\decentralized benchmark\commitment-horizon-study\reference_core_benchmark_pilot\known_visit_10target_300.csv,1,18,15,59.846926823382155,59.846926823382155,03,03,1,0,True,completed
134,known_visit,HIPC,bernoulli,drop_0.25,19,361,4,10,hipc_h5_bernoulli_025,C:\Users\lottj\Desktop\research\decentralized benchmark\commitment-horizon-study\reference_core_benchmark_pilot\known_visit_10target_300.csv,2,7,18,10.416700938160966,10.416700938160966,03,03,1,0,True,completed
134,known_visit,HIPC,bernoulli,drop_0.25,19,361,4,10,hipc_h5_bernoulli_025,C:\Users\lottj\Desktop\research\decentralized benchmark\commitment-horizon-study\reference_core_benchmark_pilot\known_visit_10target_300.csv,3,9,14,24.396147124457496,24.396147124457496,03,03,1,0,True,completed
134,known_visit,HIPC,bernoulli,drop_0.25,19,361,4,10,hipc_h5_bernoulli_025,C:\Users\lottj\Desktop\research\decentralized benchmark\commitment-horizon-study\reference_core_benchmark_pilot\known_visit_10target_300.csv,4,10,18,15.429985551995804,15.429985551995804,03,03,1,0,True,completed
134,known_visit,HIPC,bernoulli,drop_0.25,19,361,4,10,hipc_h5_bernoulli_025,C:\Users\lottj\Desktop\research\decentralized benchmark\commitment-horizon-study\reference_core_benchmark_pilot\known_visit_10target_300.csv,5,11,9,36.9850124603628,36.9850124603628,03,03,1,0,True,completed
134,known_visit,HIPC,bernoulli,drop_0.25,19,361,4,10,hipc_h5_bernoulli_025,C:\Users\lottj\Desktop\research\decentralized benchmark\commitment-horizon-study\reference_core_benchmark_pilot\known_visit_10target_300.csv,6,8,4,30.94110660900738,30.94110660900738,00,00,1,0,True,completed
134,known_visit,HIPC,bernoulli,drop_0.25,19,361,4,10,hipc_h5_bernoulli_025,C:\Users\lottj\Desktop\research\decentralized benchmark\commitment-horizon-study\reference_core_benchmark_pilot\known_visit_10target_300.csv,7,3,4,18.05499828553523,18.05499828553523,00,00,1,0,True,completed
134,known_visit,HIPC,bernoulli,drop_0.25,19,361,4,10,hipc_h5_bernoulli_025,C:\Users\lottj\Desktop\research\decentralized benchmark\commitment-horizon-study\reference_core_benchmark_pilot\known_visit_10target_300.csv,8,0,9,4.021629334389618,4.021629334389618,01,01,1,0,True,completed
134,known_visit,HIPC,bernoulli,drop_0.25,19,361,4,10,hipc_h5_bernoulli_025,C:\Users\lottj\Desktop\research\decentralized benchmark\commitment-horizon-study\reference_core_benchmark_pilot\known_visit_10target_300.csv,9,5,0,7.0441338056929865,7.0441338056929865,00,00,1,0,True,completed
134,known_visit,HIPC,bernoulli,drop_0.25,19,361,4,10,hipc_h5_bernoulli_025,C:\Users\lottj\Desktop\research\decentralized benchmark\commitment-horizon-study\reference_core_benchmark_pilot\known_visit_10target_300.csv,10,17,15,57.89586398082136,57.89586398082136,03,03,1,0,True,completed
135,known_visit,HIPC,bernoulli,drop_0.25,19,361,4,10,hipc_h5_bernoulli_025,C:\Users\lottj\Desktop\research\decentralized benchmark\commitment-horizon-study\reference_core_benchmark_pilot\known_visit_10target_300.csv,1,8,1,24.97898767786392,24.97898767786392,00,00,1,0,True,completed
135,known_visit,HIPC,bernoulli,drop_0.25,19,361,4,10,hipc_h5_bernoulli_025,C:\Users\lottj\Desktop\research\decentralized benchmark\commitment-horizon-study\reference_core_benchmark_pilot\known_visit_10target_300.csv,2,7,15,25.822335029223357,25.822335029223357,01,01,1,0,True,completed
135,known_visit,HIPC,bernoulli,drop_0.25,19,361,4,10,hipc_h5_bernoulli_025,C:\Users\lottj\Desktop\research\decentralized benchmark\commitment-horizon-study\reference_core_benchmark_pilot\known_visit_10target_300.csv,3,4,4,12.4318652181596,12.4318652181596,00,00,1,0,True,completed
135,known_visit,HIPC,bernoulli,drop_0.25,19,361,4,10,hipc_h5_bernoulli_025,C:\Users\lottj\Desktop\research\decentralized benchmark\commitment-horizon-study\reference_core_benchmark_pilot\known_visit_10target_300.csv,4,7,9,15.826504910629264,15.826504910629264,01,01,1,0,True,completed
135,known_visit,HIPC,bernoulli,drop_0.25,19,361,4,10,hipc_h5_bernoulli_025,C:\Users\lottj\Desktop\research\decentralized benchmark\commitment-horizon-study\reference_core_benchmark_pilot\known_visit_10target_300.csv,5,16,9,52.321516971653914,52.321516971653914,01,01,1,0,True,completed
135,known_visit,HIPC,bernoulli,drop_0.25,19,361,4,10,hipc_h5_bernoulli_025,C:\Users\lottj\Desktop\research\decentralized benchmark\commitment-horizon-study\reference_core_benchmark_pilot\known_visit_10target_300.csv,6,18,7,63.630798506212855,63.630798506212855,01,01,1,0,True,completed
135,known_visit,HIPC,bernoulli,drop_0.25,19,361,4,10,hipc_h5_bernoulli_025,C:\Users\lottj\Desktop\research\decentralized benchmark\commitment-horizon-study\reference_core_benchmark_pilot\known_visit_10target_300.csv,7,0,17,0.5233167328186896,0.5233167328186896,03,03,1,0,True,completed
135,known_visit,HIPC,bernoulli,drop_0.25,19,361,4,10,hipc_h5_bernoulli_025,C:\Users\lottj\Desktop\research\decentralized benchmark\commitment-horizon-study\reference_core_benchmark_pilot\known_visit_10target_300.csv,8,0,8,5.624685425608092,5.624685425608092,02,02,1,0,True,completed
135,known_visit,HIPC,bernoulli,drop_0.25,19,361,4,10,hipc_h5_bernoulli_025,C:\Users\lottj\Desktop\research\decentralized benchmark\commitment-horizon-study\reference_core_benchmark_pilot\known_visit_10target_300.csv,9,15,8,56.2658944696697,56.2658944696697,01,01,1,0,True,completed
135,known_visit,HIPC,bernoulli,drop_0.25,19,361,4,10,hipc_h5_bernoulli_025,C:\Users\lottj\Desktop\research\decentralized benchmark\commitment-horizon-study\reference_core_benchmark_pilot\known_visit_10target_300.csv,10,9,13,33.14753427888285,33.14753427888285,01,01,1,0,True,completed
136,known_visit,HIPC,bernoulli,drop_0.25,19,361,4,10,hipc_h5_bernoulli_025,C:\Users\lottj\Desktop\research\decentralized benchmark\commitment-horizon-study\reference_core_benchmark_pilot\known_visit_10target_300.csv,1,18,10,43.62669740355795,43.62669740355795,03,03,1,0,True,completed
136,known_visit,HIPC,bernoulli,drop_0.25,19,361,4,10,hipc_h5_bernoulli_025,C:\Users\lottj\Desktop\research\decentralized benchmark\commitment-horizon-study\reference_core_benchmark_pilot\known_visit_10target_300.csv,2,6,16,12.467067535390434,12.467067535390434,03,03,1,0,True,completed
136,known_visit,HIPC,bernoulli,drop_0.25,19,361,4,10,hipc_h5_bernoulli_025,C:\Users\lottj\Desktop\research\decentralized benchmark\commitment-horizon-study\reference_core_benchmark_pilot\known_visit_10target_300.csv,3,13,11,33.20800114839131,33.20800114839131,03,03,1,0,True,completed
136,known_visit,HIPC,bernoulli,drop_0.25,19,361,4,10,hipc_h5_bernoulli_025,C:\Users\lottj\Desktop\research\decentralized benchmark\commitment-horizon-study\reference_core_benchmark_pilot\known_visit_10target_300.csv,4,12,4,26.71260172386814,26.71260172386814,00,00,1,0,True,completed
136,known_visit,HIPC,bernoulli,drop_0.25,19,361,4,10,hipc_h5_bernoulli_025,C:\Users\lottj\Desktop\research\decentralized benchmark\commitment-horizon-study\reference_core_benchmark_pilot\known_visit_10target_300.csv,5,1,0,0.1630466489686622,0.1630466489686622,00,00,1,0,True,completed
136,known_visit,HIPC,bernoulli,drop_0.25,19,361,4,10,hipc_h5_bernoulli_025,C:\Users\lottj\Desktop\research\decentralized benchmark\commitment-horizon-study\reference_core_benchmark_pilot\known_visit_10target_300.csv,6,16,3,35.84522976478845,35.84522976478845,00,00,1,0,True,completed
136,known_visit,HIPC,bernoulli,drop_0.25,19,361,4,10,hipc_h5_bernoulli_025,C:\Users\lottj\Desktop\research\decentralized benchmark\commitment-horizon-study\reference_core_benchmark_pilot\known_visit_10target_300.csv,7,9,15,19.456826368915628,19.456826368915628,03,03,1,0,True,completed
136,known_visit,HIPC,bernoulli,drop_0.25,19,361,4,10,hipc_h5_bernoulli_025,C:\Users\lottj\Desktop\research\decentralized benchmark\commitment-horizon-study\reference_core_benchmark_pilot\known_visit_10target_300.csv,8,4,1,7.3277406851390525,7.3277406851390525,00,00,1,0,True,completed
136,known_visit,HIPC,bernoulli,drop_0.25,19,361,4,10,hipc_h5_bernoulli_025,C:\Users\lottj\Desktop\research\decentralized benchmark\commitment-horizon-study\reference_core_benchmark_pilot\known_visit_10target_300.csv,9,1,12,0.17417820143814,0.17417820143814,02,02,1,0,True,completed
136,known_visit,HIPC,bernoulli,drop_0.25,19,361,4,10,hipc_h5_bernoulli_025,C:\Users\lottj\Desktop\research\decentralized benchmark\commitment-horizon-study\reference_core_benchmark_pilot\known_visit_10target_300.csv,10,8,3,18.00300094293715,18.00300094293715,00,00,1,0,True,completed
137,known_visit,HIPC,bernoulli,drop_0.25,19,361,4,10,hipc_h5_bernoulli_025,C:\Users\lottj\Desktop\research\decentralized benchmark\commitment-horizon-study\reference_core_benchmark_pilot\known_visit_10target_300.csv,1,5,9,20.342056689372036,20.342056689372036,01,01,1,0,True,completed
137,known_visit,HIPC,bernoulli,drop_0.25,19,361,4,10,hipc_h5_bernoulli_025,C:\Users\lottj\Desktop\research\decentralized benchmark\commitment-horizon-study\reference_core_benchmark_pilot\known_visit_10target_300.csv,2,5,0,7.063925382762378,7.063925382762378,00,00,1,0,True,completed
137,known_visit,HIPC,bernoulli,drop_0.25,19,361,4,10,hipc_h5_bernoulli_025,C:\Users\lottj\Desktop\research\decentralized benchmark\commitment-horizon-study\reference_core_benchmark_pilot\known_visit_10target_300.csv,3,1,13,2.2580459413036205,2.2580459413036205,02,02,1,0,True,completed
137,known_visit,HIPC,bernoulli,drop_0.25,19,361,4,10,hipc_h5_bernoulli_025,C:\Users\lottj\Desktop\research\decentralized benchmark\commitment-horizon-study\reference_core_benchmark_pilot\known_visit_10target_300.csv,4,2,18,1.788750394946295,1.788750394946295,03,03,1,0,True,completed
137,known_visit,HIPC,bernoulli,drop_0.25,19,361,4,10,hipc_h5_bernoulli_025,C:\Users\lottj\Desktop\research\decentralized benchmark\commitment-horizon-study\reference_core_benchmark_pilot\known_visit_10target_300.csv,5,1,18,0.1294718115447454,0.1294718115447454,03,03,1,0,True,completed
137,known_visit,HIPC,bernoulli,drop_0.25,19,361,4,10,hipc_h5_bernoulli_025,C:\Users\lottj\Desktop\research\decentralized benchmark\commitment-horizon-study\reference_core_benchmark_pilot\known_visit_10target_300.csv,6,0,7,0.45253706536296945,0.45253706536296945,01,01,1,0,True,completed
137,known_visit,HIPC,bernoulli,drop_0.25,19,361,4,10,hipc_h5_bernoulli_025,C:\Users\lottj\Desktop\research\decentralized benchmark\commitment-horizon-study\reference_core_benchmark_pilot\known_visit_10target_300.csv,7,12,16,22.32538213733282,22.32538213733282,03,03,1,0,True,completed
137,known_visit,HIPC,bernoulli,drop_0.25,19,361,4,10,hipc_h5_bernoulli_025,C:\Users\lottj\Desktop\research\decentralized benchmark\commitment-horizon-study\reference_core_benchmark_pilot\known_visit_10target_300.csv,8,2,5,7.9261206203119965,7.9261206203119965,01,01,1,0,True,completed
137,known_visit,HIPC,bernoulli,drop_0.25,19,361,4,10,hipc_h5_bernoulli_025,C:\Users\lottj\Desktop\research\decentralized benchmark\commitment-horizon-study\reference_core_benchmark_pilot\known_visit_10target_300.csv,9,17,1,29.32779684565685,29.32779684565685,00,00,1,0,True,completed
137,known_visit,HIPC,bernoulli,drop_0.25,19,361,4,10,hipc_h5_bernoulli_025,C:\Users\lottj\Desktop\research\decentralized benchmark\commitment-horizon-study\reference_core_benchmark_pilot\known_visit_10target_300.csv,10,18,14,36.348914818679035,36.348914818679035,03,03,1,0,True,completed
138,known_visit,HIPC,bernoulli,drop_0.25,19,361,4,10,hipc_h5_bernoulli_025,C:\Users\lottj\Desktop\research\decentralized benchmark\commitment-horizon-study\reference_core_benchmark_pilot\known_visit_10target_300.csv,1,10,11,35.22684391844919,35.22684391844919,01,01,1,0,True,completed
138,known_visit,HIPC,bernoulli,drop_0.25,19,361,4,10,hipc_h5_bernoulli_025,C:\Users\lottj\Desktop\research\decentralized benchmark\commitment-horizon-study\reference_core_benchmark_pilot\known_visit_10target_300.csv,2,11,7,26.56056860196142,26.56056860196142,01,01,1,0,True,completed
138,known_visit,HIPC,bernoulli,drop_0.25,19,361,4,10,hipc_h5_bernoulli_025,C:\Users\lottj\Desktop\research\decentralized benchmark\commitment-horizon-study\reference_core_benchmark_pilot\known_visit_10target_300.csv,3,14,4,58.21615363238643,58.21615363238643,01,01,1,0,True,completed
138,known_visit,HIPC,bernoulli,drop_0.25,19,361,4,10,hipc_h5_bernoulli_025,C:\Users\lottj\Desktop\research\decentralized benchmark\commitment-horizon-study\reference_core_benchmark_pilot\known_visit_10target_300.csv,4,8,14,136.50521535040096,136.50521535040096,02,02,1,0,True,completed
138,known_visit,HIPC,bernoulli,drop_0.25,19,361,4,10,hipc_h5_bernoulli_025,C:\Users\lottj\Desktop\research\decentralized benchmark\commitment-horizon-study\reference_core_benchmark_pilot\known_visit_10target_300.csv,5,11,4,21.347190145806934,21.347190145806934,01,01,1,0,True,completed
138,known_visit,HIPC,bernoulli,drop_0.25,19,361,4,10,hipc_h5_bernoulli_025,C:\Users\lottj\Desktop\research\decentralized benchmark\commitment-horizon-study\reference_core_benchmark_pilot\known_visit_10target_300.csv,6,14,1,63.40587334306163,63.40587334306163,01,01,1,0,True,completed
138,known_visit,HIPC,bernoulli,drop_0.25,19,361,4,10,hipc_h5_bernoulli_025,C:\Users\lottj\Desktop\research\decentralized benchmark\commitment-horizon-study\reference_core_benchmark_pilot\known_visit_10target_300.csv,7,17,17,36.79080183130943,36.79080183130943,03,03,1,0,True,completed
138,known_visit,HIPC,bernoulli,drop_0.25,19,361,4,10,hipc_h5_bernoulli_025,C:\Users\lottj\Desktop\research\decentralized benchmark\commitment-horizon-study\reference_core_benchmark_pilot\known_visit_10target_300.csv,8,7,17,12.401679109371438,12.401679109371438,03,03,1,0,True,completed
138,known_visit,HIPC,bernoulli,drop_0.25,19,361,4,10,hipc_h5_bernoulli_025,C:\Users\lottj\Desktop\research\decentralized benchmark\commitment-horizon-study\reference_core_benchmark_pilot\known_visit_10target_300.csv,9,5,4,10.786910190561477,10.786910190561477,01,01,1,0,True,completed
138,known_visit,HIPC,bernoulli,drop_0.25,19,361,4,10,hipc_h5_bernoulli_025,C:\Users\lottj\Desktop\research\decentralized benchmark\commitment-horizon-study\reference_core_benchmark_pilot\known_visit_10target_300.csv,10,14,15,27.83592553897996,27.83592553897996,03,03,1,0,True,completed
139,known_visit,HIPC,bernoulli,drop_0.25,19,361,4,10,hipc_h5_bernoulli_025,C:\Users\lottj\Desktop\research\decentralized benchmark\commitment-horizon-study\reference_core_benchmark_pilot\known_visit_10target_300.csv,1,0,3,4.021952404261527,4.021952404261527,00,00,1,0,True,completed
139,known_visit,HIPC,bernoulli,drop_0.25,19,361,4,10,hipc_h5_bernoulli_025,C:\Users\lottj\Desktop\research\decentralized benchmark\commitment-horizon-study\reference_core_benchmark_pilot\known_visit_10target_300.csv,2,14,13,39.17400731718303,39.17400731718303,01,01,1,0,True,completed
139,known_visit,HIPC,bernoulli,drop_0.25,19,361,4,10,hipc_h5_bernoulli_025,C:\Users\lottj\Desktop\research\decentralized benchmark\commitment-horizon-study\reference_core_benchmark_pilot\known_visit_10target_300.csv,3,3,17,5.5951352182927865,5.5951352182927865,03,03,2,1,True,completed
139,known_visit,HIPC,bernoulli,drop_0.25,19,361,4,10,hipc_h5_bernoulli_025,C:\Users\lottj\Desktop\research\decentralized benchmark\commitment-horizon-study\reference_core_benchmark_pilot\known_visit_10target_300.csv,4,15,14,42.88246619759789,42.88246619759789,01,01,1,0,True,completed
139,known_visit,HIPC,bernoulli,drop_0.25,19,361,4,10,hipc_h5_bernoulli_025,C:\Users\lottj\Desktop\research\decentralized benchmark\commitment-horizon-study\reference_core_benchmark_pilot\known_visit_10target_300.csv,5,8,16,16.092054388151734,16.092054388151734,03,03,1,0,True,completed
139,known_visit,HIPC,bernoulli,drop_0.25,19,361,4,10,hipc_h5_bernoulli_025,C:\Users\lottj\Desktop\research\decentralized benchmark\commitment-horizon-study\reference_core_benchmark_pilot\known_visit_10target_300.csv,6,8,10,23.363513132895655,23.363513132895655,01,01,2,1,True,completed
139,known_visit,HIPC,bernoulli,drop_0.25,19,361,4,10,hipc_h5_bernoulli_025,C:\Users\lottj\Desktop\research\decentralized benchmark\commitment-horizon-study\reference_core_benchmark_pilot\known_visit_10target_300.csv,7,15,11,52.166690045886455,52.166690045886455,01,01,1,0,True,completed
139,known_visit,HIPC,bernoulli,drop_0.25,19,361,4,10,hipc_h5_bernoulli_025,C:\Users\lottj\Desktop\research\decentralized benchmark\commitment-horizon-study\reference_core_benchmark_pilot\known_visit_10target_300.csv,8,5,7,8.891822217878603,8.891822217878603,01,01,1,0,True,completed
139,known_visit,HIPC,bernoulli,drop_0.25,19,361,4,10,hipc_h5_bernoulli_025,C:\Users\lottj\Desktop\research\decentralized benchmark\commitment-horizon-study\reference_core_benchmark_pilot\known_visit_10target_300.csv,9,9,8,17.71301189807924,17.71301189807924,01,01,1,0,True,completed
139,known_visit,HIPC,bernoulli,drop_0.25,19,361,4,10,hipc_h5_bernoulli_025,C:\Users\lottj\Desktop\research\decentralized benchmark\commitment-horizon-study\reference_core_benchmark_pilot\known_visit_10target_300.csv,10,14,7,60.70817817234909,60.70817817234909,01,01,1,0,True,completed
140,known_visit,HIPC,bernoulli,drop_0.25,19,361,4,10,hipc_h5_bernoulli_025,C:\Users\lottj\Desktop\research\decentralized benchmark\commitment-horizon-study\reference_core_benchmark_pilot\known_visit_10target_300.csv,1,7,0,10.421091394517095,10.421091394517095,00,00,1,0,True,completed
140,known_visit,HIPC,bernoulli,drop_0.25,19,361,4,10,hipc_h5_bernoulli_025,C:\Users\lottj\Desktop\research\decentralized benchmark\commitment-horizon-study\reference_core_benchmark_pilot\known_visit_10target_300.csv,2,12,11,50.380868631126056,50.380868631126056,02,02,1,0,True,completed
140,known_visit,HIPC,bernoulli,drop_0.25,19,361,4,10,hipc_h5_bernoulli_025,C:\Users\lottj\Desktop\research\decentralized benchmark\commitment-horizon-study\reference_core_benchmark_pilot\known_visit_10target_300.csv,3,12,7,39.19655363088939,39.19655363088939,02,02,1,0,True,completed
140,known_visit,HIPC,bernoulli,drop_0.25,19,361,4,10,hipc_h5_bernoulli_025,C:\Users\lottj\Desktop\research\decentralized benchmark\commitment-horizon-study\reference_core_benchmark_pilot\known_visit_10target_300.csv,4,1,7,2.1336558182517713,2.1336558182517713,01,01,1,0,True,completed
140,known_visit,HIPC,bernoulli,drop_0.25,19,361,4,10,hipc_h5_bernoulli_025,C:\Users\lottj\Desktop\research\decentralized benchmark\commitment-horizon-study\reference_core_benchmark_pilot\known_visit_10target_300.csv,5,12,14,55.7923942218641,55.7923942218641,02,02,1,0,True,completed
140,known_visit,HIPC,bernoulli,drop_0.25,19,361,4,10,hipc_h5_bernoulli_025,C:\Users\lottj\Desktop\research\decentralized benchmark\commitment-horizon-study\reference_core_benchmark_pilot\known_visit_10target_300.csv,6,6,14,16.48068840673478,16.48068840673478,02,02,1,0,True,completed
140,known_visit,HIPC,bernoulli,drop_0.25,19,361,4,10,hipc_h5_bernoulli_025,C:\Users\lottj\Desktop\research\decentralized benchmark\commitment-horizon-study\reference_core_benchmark_pilot\known_visit_10target_300.csv,7,1,15,5.631219318647469,5.631219318647469,02,02,1,0,True,completed
140,known_visit,HIPC,bernoulli,drop_0.25,19,361,4,10,hipc_h5_bernoulli_025,C:\Users\lottj\Desktop\research\decentralized benchmark\commitment-horizon-study\reference_core_benchmark_pilot\known_visit_10target_300.csv,8,12,8,37.28953345664782,37.28953345664782,02,02,1,0,True,completed
140,known_visit,HIPC,bernoulli,drop_0.25,19,361,4,10,hipc_h5_bernoulli_025,C:\Users\lottj\Desktop\research\decentralized benchmark\commitment-horizon-study\reference_core_benchmark_pilot\known_visit_10target_300.csv,9,6,9,24.934821337352545,24.934821337352545,02,02,1,0,True,completed
140,known_visit,HIPC,bernoulli,drop_0.25,19,361,4,10,hipc_h5_bernoulli_025,C:\Users\lottj\Desktop\research\decentralized benchmark\commitment-horizon-study\reference_core_benchmark_pilot\known_visit_10target_300.csv,10,3,5,9.577642393261366,9.577642393261366,01,01,1,0,True,completed
141,known_visit,HIPC,bernoulli,drop_0.25,19,361,4,10,hipc_h5_bernoulli_025,C:\Users\lottj\Desktop\research\decentralized benchmark\commitment-horizon-study\reference_core_benchmark_pilot\known_visit_10target_300.csv,1,14,11,65.59245925706026,65.59245925706026,02,02,1,0,True,completed
141,known_visit,HIPC,bernoulli,drop_0.25,19,361,4,10,hipc_h5_bernoulli_025,C:\Users\lottj\Desktop\research\decentralized benchmark\commitment-horizon-study\reference_core_benchmark_pilot\known_visit_10target_300.csv,2,16,3,60.81994934258406,60.81994934258406,00,00,1,0,True,completed
141,known_visit,HIPC,bernoulli,drop_0.25,19,361,4,10,hipc_h5_bernoulli_025,C:\Users\lottj\Desktop\research\decentralized benchmark\commitment-horizon-study\reference_core_benchmark_pilot\known_visit_10target_300.csv,3,4,0,5.1673819533534875,5.1673819533534875,00,00,2,1,True,completed
141,known_visit,HIPC,bernoulli,drop_0.25,19,361,4,10,hipc_h5_bernoulli_025,C:\Users\lottj\Desktop\research\decentralized benchmark\commitment-horizon-study\reference_core_benchmark_pilot\known_visit_10target_300.csv,4,17,13,40.487074649517034,40.487074649517034,03,03,1,0,True,completed
141,known_visit,HIPC,bernoulli,drop_0.25,19,361,4,10,hipc_h5_bernoulli_025,C:\Users\lottj\Desktop\research\decentralized benchmark\commitment-horizon-study\reference_core_benchmark_pilot\known_visit_10target_300.csv,5,4,4,12.289830004276405,12.289830004276405,00,00,2,1,True,completed
141,known_visit,HIPC,bernoulli,drop_0.25,19,361,4,10,hipc_h5_bernoulli_025,C:\Users\lottj\Desktop\research\decentralized benchmark\commitment-horizon-study\reference_core_benchmark_pilot\known_visit_10target_300.csv,6,18,17,49.34117283019609,49.34117283019609,03,03,1,0,True,completed
141,known_visit,HIPC,bernoulli,drop_0.25,19,361,4,10,hipc_h5_bernoulli_025,C:\Users\lottj\Desktop\research\decentralized benchmark\commitment-horizon-study\reference_core_benchmark_pilot\known_visit_10target_300.csv,7,6,15,14.060450067291267,14.060450067291267,03,03,2,1,True,completed
141,known_visit,HIPC,bernoulli,drop_0.25,19,361,4,10,hipc_h5_bernoulli_025,C:\Users\lottj\Desktop\research\decentralized benchmark\commitment-horizon-study\reference_core_benchmark_pilot\known_visit_10target_300.csv,8,8,10,23.564363332531567,23.564363332531567,02,02,1,0,True,completed
141,known_visit,HIPC,bernoulli,drop_0.25,19,361,4,10,hipc_h5_bernoulli_025,C:\Users\lottj\Desktop\research\decentralized benchmark\commitment-horizon-study\reference_core_benchmark_pilot\known_visit_10target_300.csv,9,15,9,71.01963600516156,71.01963600516156,02,02,1,0,True,completed
141,known_visit,HIPC,bernoulli,drop_0.25,19,361,4,10,hipc_h5_bernoulli_025,C:\Users\lottj\Desktop\research\decentralized benchmark\commitment-horizon-study\reference_core_benchmark_pilot\known_visit_10target_300.csv,10,12,12,29.84120198175781,29.84120198175781,03,03,2,1,True,completed
142,known_visit,HIPC,bernoulli,drop_0.25,19,361,4,10,hipc_h5_bernoulli_025,C:\Users\lottj\Desktop\research\decentralized benchmark\commitment-horizon-study\reference_core_benchmark_pilot\known_visit_10target_300.csv,1,0,1,0.48056606974218974,0.48056606974218974,00,00,1,0,True,completed
142,known_visit,HIPC,bernoulli,drop_0.25,19,361,4,10,hipc_h5_bernoulli_025,C:\Users\lottj\Desktop\research\decentralized benchmark\commitment-horizon-study\reference_core_benchmark_pilot\known_visit_10target_300.csv,2,5,15,12.570772126832559,12.570772126832559,03,03,1,0,True,completed
142,known_visit,HIPC,bernoulli,drop_0.25,19,361,4,10,hipc_h5_bernoulli_025,C:\Users\lottj\Desktop\research\decentralized benchmark\commitment-horizon-study\reference_core_benchmark_pilot\known_visit_10target_300.csv,3,3,11,5.702997216955546,5.702997216955546,02,02,1,0,True,completed
142,known_visit,HIPC,bernoulli,drop_0.25,19,361,4,10,hipc_h5_bernoulli_025,C:\Users\lottj\Desktop\research\decentralized benchmark\commitment-horizon-study\reference_core_benchmark_pilot\known_visit_10target_300.csv,4,5,17,8.893038942216382,8.893038942216382,03,03,1,0,True,completed
142,known_visit,HIPC,bernoulli,drop_0.25,19,361,4,10,hipc_h5_bernoulli_025,C:\Users\lottj\Desktop\research\decentralized benchmark\commitment-horizon-study\reference_core_benchmark_pilot\known_visit_10target_300.csv,5,13,16,31.635248054838954,31.635248054838954,03,03,1,0,True,completed
142,known_visit,HIPC,bernoulli,drop_0.25,19,361,4,10,hipc_h5_bernoulli_025,C:\Users\lottj\Desktop\research\decentralized benchmark\commitment-horizon-study\reference_core_benchmark_pilot\known_visit_10target_300.csv,6,4,6,5.443356419913622,5.443356419913622,01,01,2,1,True,completed
142,known_visit,HIPC,bernoulli,drop_0.25,19,361,4,10,hipc_h5_bernoulli_025,C:\Users\lottj\Desktop\research\decentralized benchmark\commitment-horizon-study\reference_core_benchmark_pilot\known_visit_10target_300.csv,7,9,0,24.59773374870945,24.59773374870945,01,01,1,0,True,completed
142,known_visit,HIPC,bernoulli,drop_0.25,19,361,4,10,hipc_h5_bernoulli_025,C:\Users\lottj\Desktop\research\decentralized benchmark\commitment-horizon-study\reference_core_benchmark_pilot\known_visit_10target_300.csv,8,16,9,49.18804285210117,49.18804285210117,03,03,1,0,True,completed
142,known_visit,HIPC,bernoulli,drop_0.25,19,361,4,10,hipc_h5_bernoulli_025,C:\Users\lottj\Desktop\research\decentralized benchmark\commitment-horizon-study\reference_core_benchmark_pilot\known_visit_10target_300.csv,9,7,14,17.887410490986408,17.887410490986408,03,03,1,0,True,completed
142,known_visit,HIPC,bernoulli,drop_0.25,19,361,4,10,hipc_h5_bernoulli_025,C:\Users\lottj\Desktop\research\decentralized benchmark\commitment-horizon-study\reference_core_benchmark_pilot\known_visit_10target_300.csv,10,6,4,12.397410479226616,12.397410479226616,01,01,1,0,True,completed
143,known_visit,HIPC,bernoulli,drop_0.25,19,361,4,10,hipc_h5_bernoulli_025,C:\Users\lottj\Desktop\research\decentralized benchmark\commitment-horizon-study\reference_core_benchmark_pilot\known_visit_10target_300.csv,1,10,18,20.180194867345904,20.180194867345904,03,03,1,0,True,completed
143,known_visit,HIPC,bernoulli,drop_0.25,19,361,4,10,hipc_h5_bernoulli_025,C:\Users\lottj\Desktop\research\decentralized benchmark\commitment-horizon-study\reference_core_benchmark_pilot\known_visit_10target_300.csv,2,5,5,8.97908392166682,8.97908392166682,01,01,1,0,True,completed
143,known_visit,HIPC,bernoulli,drop_0.25,19,361,4,10,hipc_h5_bernoulli_025,C:\Users\lottj\Desktop\research\decentralized benchmark\commitment-horizon-study\reference_core_benchmark_pilot\known_visit_10target_300.csv,3,3,17,6.0915715303521765,6.0915715303521765,03,03,1,0,True,completed
143,known_visit,HIPC,bernoulli,drop_0.25,19,361,4,10,hipc_h5_bernoulli_025,C:\Users\lottj\Desktop\research\decentralized benchmark\commitment-horizon-study\reference_core_benchmark_pilot\known_visit_10target_300.csv,4,12,9,45.81496452174924,45.81496452174924,00,00,1,0,True,completed
143,known_visit,HIPC,bernoulli,drop_0.25,19,361,4,10,hipc_h5_bernoulli_025,C:\Users\lottj\Desktop\research\decentralized benchmark\commitment-horizon-study\reference_core_benchmark_pilot\known_visit_10target_300.csv,5,1,17,2.315662247115723,2.315662247115723,03,03,1,0,True,completed
143,known_visit,HIPC,bernoulli,drop_0.25,19,361,4,10,hipc_h5_bernoulli_025,C:\Users\lottj\Desktop\research\decentralized benchmark\commitment-horizon-study\reference_core_benchmark_pilot\known_visit_10target_300.csv,6,10,13,33.28567150177569,33.28567150177569,03,03,1,0,True,completed
143,known_visit,HIPC,bernoulli,drop_0.25,19,361,4,10,hipc_h5_bernoulli_025,C:\Users\lottj\Desktop\research\decentralized benchmark\commitment-horizon-study\reference_core_benchmark_pilot\known_visit_10target_300.csv,7,10,0,15.363969423104223,15.363969423104223,00,00,2,1,True,completed
143,known_visit,HIPC,bernoulli,drop_0.25,19,361,4,10,hipc_h5_bernoulli_025,C:\Users\lottj\Desktop\research\decentralized benchmark\commitment-horizon-study\reference_core_benchmark_pilot\known_visit_10target_300.csv,8,15,6,34.91413954340163,34.91413954340163,00,00,1,0,True,completed
143,known_visit,HIPC,bernoulli,drop_0.25,19,361,4,10,hipc_h5_bernoulli_025,C:\Users\lottj\Desktop\research\decentralized benchmark\commitment-horizon-study\reference_core_benchmark_pilot\known_visit_10target_300.csv,9,10,15,29.518396573284623,29.518396573284623,03,03,1,0,True,completed
143,known_visit,HIPC,bernoulli,drop_0.25,19,361,4,10,hipc_h5_bernoulli_025,C:\Users\lottj\Desktop\research\decentralized benchmark\commitment-horizon-study\reference_core_benchmark_pilot\known_visit_10target_300.csv,10,11,6,27.81600683052569,27.81600683052569,00,00,1,0,True,completed
144,known_visit,HIPC,bernoulli,drop_0.25,19,361,4,10,hipc_h5_bernoulli_025,C:\Users\lottj\Desktop\research\decentralized benchmark\commitment-horizon-study\reference_core_benchmark_pilot\known_visit_10target_300.csv,1,9,7,23.045755161772743,23.045755161772743,02,02,1,0,True,completed
144,known_visit,HIPC,bernoulli,drop_0.25,19,361,4,10,hipc_h5_bernoulli_025,C:\Users\lottj\Desktop\research\decentralized benchmark\commitment-horizon-study\reference_core_benchmark_pilot\known_visit_10target_300.csv,2,0,5,0.5174113689031898,0.5174113689031898,01,01,1,0,True,completed
144,known_visit,HIPC,bernoulli,drop_0.25,19,361,4,10,hipc_h5_bernoulli_025,C:\Users\lottj\Desktop\research\decentralized benchmark\commitment-horizon-study\reference_core_benchmark_pilot\known_visit_10target_300.csv,3,8,11,14.25067954692445,14.25067954692445,02,02,1,0,True,completed
144,known_visit,HIPC,bernoulli,drop_0.25,19,361,4,10,hipc_h5_bernoulli_025,C:\Users\lottj\Desktop\research\decentralized benchmark\commitment-horizon-study\reference_core_benchmark_pilot\known_visit_10target_300.csv,4,2,2,5.666215494587776,5.666215494587776,00,00,1,0,True,completed
144,known_visit,HIPC,bernoulli,drop_0.25,19,361,4,10,hipc_h5_bernoulli_025,C:\Users\lottj\Desktop\research\decentralized benchmark\commitment-horizon-study\reference_core_benchmark_pilot\known_visit_10target_300.csv,5,11,15,22.88388688758436,22.88388688758436,03,03,1,0,True,completed
144,known_visit,HIPC,bernoulli,drop_0.25,19,361,4,10,hipc_h5_bernoulli_025,C:\Users\lottj\Desktop\research\decentralized benchmark\commitment-horizon-study\reference_core_benchmark_pilot\known_visit_10target_300.csv,6,4,12,5.4669349891938195,5.4669349891938195,02,02,1,0,True,completed
144,known_visit,HIPC,bernoulli,drop_0.25,19,361,4,10,hipc_h5_bernoulli_025,C:\Users\lottj\Desktop\research\decentralized benchmark\commitment-horizon-study\reference_core_benchmark_pilot\known_visit_10target_300.csv,7,9,6,25.069946181754567,25.069946181754567,02,02,1,0,True,completed
144,known_visit,HIPC,bernoulli,drop_0.25,19,361,4,10,hipc_h5_bernoulli_025,C:\Users\lottj\Desktop\research\decentralized benchmark\commitment-horizon-study\reference_core_benchmark_pilot\known_visit_10target_300.csv,8,5,12,7.1673668943796285,7.1673668943796285,02,02,1,0,True,completed
144,known_visit,HIPC,bernoulli,drop_0.25,19,361,4,10,hipc_h5_bernoulli_025,C:\Users\lottj\Desktop\research\decentralized benchmark\commitment-horizon-study\reference_core_benchmark_pilot\known_visit_10target_300.csv,9,16,13,35.24983501057998,35.24983501057998,03,03,1,0,True,completed
144,known_visit,HIPC,bernoulli,drop_0.25,19,361,4,10,hipc_h5_bernoulli_025,C:\Users\lottj\Desktop\research\decentralized benchmark\commitment-horizon-study\reference_core_benchmark_pilot\known_visit_10target_300.csv,10,14,2,40.513290265376774,40.513290265376774,02,02,1,0,True,completed
145,known_visit,HIPC,bernoulli,drop_0.25,19,361,4,10,hipc_h5_bernoulli_025,C:\Users\lottj\Desktop\research\decentralized benchmark\commitment-horizon-study\reference_core_benchmark_pilot\known_visit_10target_300.csv,1,2,5,3.912243991124637,3.912243991124637,01,01,2,1,True,completed
145,known_visit,HIPC,bernoulli,drop_0.25,19,361,4,10,hipc_h5_bernoulli_025,C:\Users\lottj\Desktop\research\decentralized benchmark\commitment-horizon-study\reference_core_benchmark_pilot\known_visit_10target_300.csv,2,9,4,25.709090534998385,25.709090534998385,01,01,1,0,True,completed
145,known_visit,HIPC,bernoulli,drop_0.25,19,361,4,10,hipc_h5_bernoulli_025,C:\Users\lottj\Desktop\research\decentralized benchmark\commitment-horizon-study\reference_core_benchmark_pilot\known_visit_10target_300.csv,3,18,11,46.46245563392465,46.46245563392465,03,03,1,0,True,completed
145,known_visit,HIPC,bernoulli,drop_0.25,19,361,4,10,hipc_h5_bernoulli_025,C:\Users\lottj\Desktop\research\decentralized benchmark\commitment-horizon-study\reference_core_benchmark_pilot\known_visit_10target_300.csv,4,15,1,26.15234188552147,26.15234188552147,00,00,1,0,True,completed
145,known_visit,HIPC,bernoulli,drop_0.25,19,361,4,10,hipc_h5_bernoulli_025,C:\Users\lottj\Desktop\research\decentralized benchmark\commitment-horizon-study\reference_core_benchmark_pilot\known_visit_10target_300.csv,5,11,11,29.88478910811957,29.88478910811957,03,03,1,0,True,completed
145,known_visit,HIPC,bernoulli,drop_0.25,19,361,4,10,hipc_h5_bernoulli_025,C:\Users\lottj\Desktop\research\decentralized benchmark\commitment-horizon-study\reference_core_benchmark_pilot\known_visit_10target_300.csv,6,4,17,7.357432052344877,7.357432052344877,03,03,1,0,True,completed
145,known_visit,HIPC,bernoulli,drop_0.25,19,361,4,10,hipc_h5_bernoulli_025,C:\Users\lottj\Desktop\research\decentralized benchmark\commitment-horizon-study\reference_core_benchmark_pilot\known_visit_10target_300.csv,7,14,10,36.91567510468768,36.91567510468768,03,03,1,0,True,completed
145,known_visit,HIPC,bernoulli,drop_0.25,19,361,4,10,hipc_h5_bernoulli_025,C:\Users\lottj\Desktop\research\decentralized benchmark\commitment-horizon-study\reference_core_benchmark_pilot\known_visit_10target_300.csv,8,8,7,18.324449585588724,18.324449585588724,01,01,1,0,True,completed
145,known_visit,HIPC,bernoulli,drop_0.25,19,361,4,10,hipc_h5_bernoulli_025,C:\Users\lottj\Desktop\research\decentralized benchmark\commitment-horizon-study\reference_core_benchmark_pilot\known_visit_10target_300.csv,9,17,6,57.124423105609694,57.124423105609694,03,03,1,0,True,completed
145,known_visit,HIPC,bernoulli,drop_0.25,19,361,4,10,hipc_h5_bernoulli_025,C:\Users\lottj\Desktop\research\decentralized benchmark\commitment-horizon-study\reference_core_benchmark_pilot\known_visit_10target_300.csv,10,16,11,42.70616709301419,42.70616709301419,03,03,1,0,True,completed
146,known_visit,HIPC,bernoulli,drop_0.25,19,361,4,10,hipc_h5_bernoulli_025,C:\Users\lottj\Desktop\research\decentralized benchmark\commitment-horizon-study\reference_core_benchmark_pilot\known_visit_10target_300.csv,1,13,9,156.84969438116838,156.84969438116838,00,00,2,1,True,completed
146,known_visit,HIPC,bernoulli,drop_0.25,19,361,4,10,hipc_h5_bernoulli_025,C:\Users\lottj\Desktop\research\decentralized benchmark\commitment-horizon-study\reference_core_benchmark_pilot\known_visit_10target_300.csv,2,11,16,25.0613962632487,25.0613962632487,02,02,1,0,True,completed
146,known_visit,HIPC,bernoulli,drop_0.25,19,361,4,10,hipc_h5_bernoulli_025,C:\Users\lottj\Desktop\research\decentralized benchmark\commitment-horizon-study\reference_core_benchmark_pilot\known_visit_10target_300.csv,3,17,8,170.02709744958543,170.02709744958543,02,02,1,0,True,completed
146,known_visit,HIPC,bernoulli,drop_0.25,19,361,4,10,hipc_h5_bernoulli_025,C:\Users\lottj\Desktop\research\decentralized benchmark\commitment-horizon-study\reference_core_benchmark_pilot\known_visit_10target_300.csv,4,9,2,27.891611840993527,27.891611840993527,01,01,2,1,True,completed
146,known_visit,HIPC,bernoulli,drop_0.25,19,361,4,10,hipc_h5_bernoulli_025,C:\Users\lottj\Desktop\research\decentralized benchmark\commitment-horizon-study\reference_core_benchmark_pilot\known_visit_10target_300.csv,5,7,8,13.678939471088126,13.678939471088126,01,01,2,1,True,completed
146,known_visit,HIPC,bernoulli,drop_0.25,19,361,4,10,hipc_h5_bernoulli_025,C:\Users\lottj\Desktop\research\decentralized benchmark\commitment-horizon-study\reference_core_benchmark_pilot\known_visit_10target_300.csv,6,16,0,186.35183375926962,186.35183375926962,02,02,1,0,True,completed
146,known_visit,HIPC,bernoulli,drop_0.25,19,361,4,10,hipc_h5_bernoulli_025,C:\Users\lottj\Desktop\research\decentralized benchmark\commitment-horizon-study\reference_core_benchmark_pilot\known_visit_10target_300.csv,7,8,13,14.299572771515846,14.299572771515846,02,02,2,1,True,completed
146,known_visit,HIPC,bernoulli,drop_0.25,19,361,4,10,hipc_h5_bernoulli_025,C:\Users\lottj\Desktop\research\decentralized benchmark\commitment-horizon-study\reference_core_benchmark_pilot\known_visit_10target_300.csv,8,6,0,36.954836003484814,36.954836003484814,01,01,2,1,True,completed
146,known_visit,HIPC,bernoulli,drop_0.25,19,361,4,10,hipc_h5_bernoulli_025,C:\Users\lottj\Desktop\research\decentralized benchmark\commitment-horizon-study\reference_core_benchmark_pilot\known_visit_10target_300.csv,9,16,6,175.78918436171944,175.78918436171944,02,02,1,0,True,completed
146,known_visit,HIPC,bernoulli,drop_0.25,19,361,4,10,hipc_h5_bernoulli_025,C:\Users\lottj\Desktop\research\decentralized benchmark\commitment-horizon-study\reference_core_benchmark_pilot\known_visit_10target_300.csv,10,9,5,22.83668396861307,22.83668396861307,01,01,1,0,True,completed
147,known_visit,HIPC,bernoulli,drop_0.25,19,361,4,10,hipc_h5_bernoulli_025,C:\Users\lottj\Desktop\research\decentralized benchmark\commitment-horizon-study\reference_core_benchmark_pilot\known_visit_10target_300.csv,1,15,10,28.57235317312916,28.57235317312916,02,02,1,0,True,completed
147,known_visit,HIPC,bernoulli,drop_0.25,19,361,4,10,hipc_h5_bernoulli_025,C:\Users\lottj\Desktop\research\decentralized benchmark\commitment-horizon-study\reference_core_benchmark_pilot\known_visit_10target_300.csv,2,9,10,18.167205988351036,18.167205988351036,02,02,1,0,True,completed
147,known_visit,HIPC,bernoulli,drop_0.25,19,361,4,10,hipc_h5_bernoulli_025,C:\Users\lottj\Desktop\research\decentralized benchmark\commitment-horizon-study\reference_core_benchmark_pilot\known_visit_10target_300.csv,3,16,11,32.15854145760441,32.15854145760441,02,02,1,0,True,completed
147,known_visit,HIPC,bernoulli,drop_0.25,19,361,4,10,hipc_h5_bernoulli_025,C:\Users\lottj\Desktop\research\decentralized benchmark\commitment-horizon-study\reference_core_benchmark_pilot\known_visit_10target_300.csv,4,5,17,9.044441310821638,9.044441310821638,03,03,1,0,True,completed
147,known_visit,HIPC,bernoulli,drop_0.25,19,361,4,10,hipc_h5_bernoulli_025,C:\Users\lottj\Desktop\research\decentralized benchmark\commitment-horizon-study\reference_core_benchmark_pilot\known_visit_10target_300.csv,5,0,17,0.42726808792052484,0.42726808792052484,03,03,1,0,True,completed
147,known_visit,HIPC,bernoulli,drop_0.25,19,361,4,10,hipc_h5_bernoulli_025,C:\Users\lottj\Desktop\research\decentralized benchmark\commitment-horizon-study\reference_core_benchmark_pilot\known_visit_10target_300.csv,6,6,18,12.571735555282851,12.571735555282851,03,03,1,0,True,completed
147,known_visit,HIPC,bernoulli,drop_0.25,19,361,4,10,hipc_h5_bernoulli_025,C:\Users\lottj\Desktop\research\decentralized benchmark\commitment-horizon-study\reference_core_benchmark_pilot\known_visit_10target_300.csv,7,11,10,21.846645848058095,21.846645848058095,02,02,1,0,True,completed
147,known_visit,HIPC,bernoulli,drop_0.25,19,361,4,10,hipc_h5_bernoulli_025,C:\Users\lottj\Desktop\research\decentralized benchmark\commitment-horizon-study\reference_core_benchmark_pilot\known_visit_10target_300.csv,8,18,18,33.52079293776282,33.52079293776282,03,03,1,0,True,completed
147,known_visit,HIPC,bernoulli,drop_0.25,19,361,4,10,hipc_h5_bernoulli_025,C:\Users\lottj\Desktop\research\decentralized benchmark\commitment-horizon-study\reference_core_benchmark_pilot\known_visit_10target_300.csv,9,1,1,2.1101536270927648,2.1101536270927648,00,00,1,0,True,completed
147,known_visit,HIPC,bernoulli,drop_0.25,19,361,4,10,hipc_h5_bernoulli_025,C:\Users\lottj\Desktop\research\decentralized benchmark\commitment-horizon-study\reference_core_benchmark_pilot\known_visit_10target_300.csv,10,16,15,38.85682845303718,38.85682845303718,02,02,1,0,True,completed
148,known_visit,HIPC,bernoulli,drop_0.25,19,361,4,10,hipc_h5_bernoulli_025,C:\Users\lottj\Desktop\research\decentralized benchmark\commitment-horizon-study\reference_core_benchmark_pilot\known_visit_10target_300.csv,1,13,12,31.188238950852522,31.188238950852522,02,02,1,0,True,completed
148,known_visit,HIPC,bernoulli,drop_0.25,19,361,4,10,hipc_h5_bernoulli_025,C:\Users\lottj\Desktop\research\decentralized benchmark\commitment-horizon-study\reference_core_benchmark_pilot\known_visit_10target_300.csv,2,12,9,32.071855628662895,32.071855628662895,01,01,1,0,True,completed
148,known_visit,HIPC,bernoulli,drop_0.25,19,361,4,10,hipc_h5_bernoulli_025,C:\Users\lottj\Desktop\research\decentralized benchmark\commitment-horizon-study\reference_core_benchmark_pilot\known_visit_10target_300.csv,3,9,15,18.94493724981573,18.94493724981573,02,02,2,1,True,completed
148,known_visit,HIPC,bernoulli,drop_0.25,19,361,4,10,hipc_h5_bernoulli_025,C:\Users\lottj\Desktop\research\decentralized benchmark\commitment-horizon-study\reference_core_benchmark_pilot\known_visit_10target_300.csv,4,8,3,46.65288530953523,46.65288530953523,00,00,1,0,True,completed
148,known_visit,HIPC,bernoulli,drop_0.25,19,361,4,10,hipc_h5_bernoulli_025,C:\Users\lottj\Desktop\research\decentralized benchmark\commitment-horizon-study\reference_core_benchmark_pilot\known_visit_10target_300.csv,5,6,15,13.580124961553933,13.580124961553933,02,02,2,1,True,completed
148,known_visit,HIPC,bernoulli,drop_0.25,19,361,4,10,hipc_h5_bernoulli_025,C:\Users\lottj\Desktop\research\decentralized benchmark\commitment-horizon-study\reference_core_benchmark_pilot\known_visit_10target_300.csv,6,11,7,26.779075931021126,26.779075931021126,01,01,1,0,True,completed
148,known_visit,HIPC,bernoulli,drop_0.25,19,361,4,10,hipc_h5_bernoulli_025,C:\Users\lottj\Desktop\research\decentralized benchmark\commitment-horizon-study\reference_core_benchmark_pilot\known_visit_10target_300.csv,7,17,8,46.47198370783808,46.47198370783808,01,01,1,0,True,completed
148,known_visit,HIPC,bernoulli,drop_0.25,19,361,4,10,hipc_h5_bernoulli_025,C:\Users\lottj\Desktop\research\decentralized benchmark\commitment-horizon-study\reference_core_benchmark_pilot\known_visit_10target_300.csv,8,13,0,28.680128234773207,28.680128234773207,00,00,1,0,True,completed
148,known_visit,HIPC,bernoulli,drop_0.25,19,361,4,10,hipc_h5_bernoulli_025,C:\Users\lottj\Desktop\research\decentralized benchmark\commitment-horizon-study\reference_core_benchmark_pilot\known_visit_10target_300.csv,9,15,10,39.156020588491394,39.156020588491394,01,01,2,1,True,completed
148,known_visit,HIPC,bernoulli,drop_0.25,19,361,4,10,hipc_h5_bernoulli_025,C:\Users\lottj\Desktop\research\decentralized benchmark\commitment-horizon-study\reference_core_benchmark_pilot\known_visit_10target_300.csv,10,17,12,57.5592586417403,57.5592586417403,01,01,1,0,True,completed
149,known_visit,HIPC,bernoulli,drop_0.25,19,361,4,10,hipc_h5_bernoulli_025,C:\Users\lottj\Desktop\research\decentralized benchmark\commitment-horizon-study\reference_core_benchmark_pilot\known_visit_10target_300.csv,1,4,14,9.02849182767215,9.02849182767215,02,02,1,0,True,completed
149,known_visit,HIPC,bernoulli,drop_0.25,19,361,4,10,hipc_h5_bernoulli_025,C:\Users\lottj\Desktop\research\decentralized benchmark\commitment-horizon-study\reference_core_benchmark_pilot\known_visit_10target_300.csv,2,13,3,68.90656441311702,68.90656441311702,02,02,1,0,True,completed
149,known_visit,HIPC,bernoulli,drop_0.25,19,361,4,10,hipc_h5_bernoulli_025,C:\Users\lottj\Desktop\research\decentralized benchmark\commitment-horizon-study\reference_core_benchmark_pilot\known_visit_10target_300.csv,3,3,1,5.540359233087906,5.540359233087906,00,00,1,0,True,completed
149,known_visit,HIPC,bernoulli,drop_0.25,19,361,4,10,hipc_h5_bernoulli_025,C:\Users\lottj\Desktop\research\decentralized benchmark\commitment-horizon-study\reference_core_benchmark_pilot\known_visit_10target_300.csv,4,4,2,9.332764592286175,9.332764592286175,00,00,1,0,True,completed
149,known_visit,HIPC,bernoulli,drop_0.25,19,361,4,10,hipc_h5_bernoulli_025,C:\Users\lottj\Desktop\research\decentralized benchmark\commitment-horizon-study\reference_core_benchmark_pilot\known_visit_10target_300.csv,5,7,15,16.18426808962805,16.18426808962805,02,02,2,1,True,completed
149,known_visit,HIPC,bernoulli,drop_0.25,19,361,4,10,hipc_h5_bernoulli_025,C:\Users\lottj\Desktop\research\decentralized benchmark\commitment-horizon-study\reference_core_benchmark_pilot\known_visit_10target_300.csv,6,8,9,28.609850891009494,28.609850891009494,02,02,1,0,True,completed
149,known_visit,HIPC,bernoulli,drop_0.25,19,361,4,10,hipc_h5_bernoulli_025,C:\Users\lottj\Desktop\research\decentralized benchmark\commitment-horizon-study\reference_core_benchmark_pilot\known_visit_10target_300.csv,7,15,9,40.651714421577516,40.651714421577516,02,02,1,0,True,completed
149,known_visit,HIPC,bernoulli,drop_0.25,19,361,4,10,hipc_h5_bernoulli_025,C:\Users\lottj\Desktop\research\decentralized benchmark\commitment-horizon-study\reference_core_benchmark_pilot\known_visit_10target_300.csv,8,3,0,3.5478790647286873,3.5478790647286873,00,00,1,0,True,completed
149,known_visit,HIPC,bernoulli,drop_0.25,19,361,4,10,hipc_h5_bernoulli_025,C:\Users\lottj\Desktop\research\decentralized benchmark\commitment-horizon-study\reference_core_benchmark_pilot\known_visit_10target_300.csv,9,17,1,58.05929232103186,58.05929232103186,02,02,1,0,True,completed
149,known_visit,HIPC,bernoulli,drop_0.25,19,361,4,10,hipc_h5_bernoulli_025,C:\Users\lottj\Desktop\research\decentralized benchmark\commitment-horizon-study\reference_core_benchmark_pilot\known_visit_10target_300.csv,10,3,5,5.727355417683975,5.727355417683975,01,01,1,0,True,completed
150,known_visit,HIPC,bernoulli,drop_0.25,19,361,4,10,hipc_h5_bernoulli_025,C:\Users\lottj\Desktop\research\decentralized benchmark\commitment-horizon-study\reference_core_benchmark_pilot\known_visit_10target_300.csv,1,0,3,3.7540404519672625,3.7540404519672625,00,00,2,1,True,completed
150,known_visit,HIPC,bernoulli,drop_0.25,19,361,4,10,hipc_h5_bernoulli_025,C:\Users\lottj\Desktop\research\decentralized benchmark\commitment-horizon-study\reference_core_benchmark_pilot\known_visit_10target_300.csv,2,5,18,7.0178214538424495,7.0178214538424495,03,03,1,0,True,completed
150,known_visit,HIPC,bernoulli,drop_0.25,19,361,4,10,hipc_h5_bernoulli_025,C:\Users\lottj\Desktop\research\decentralized benchmark\commitment-horizon-study\reference_core_benchmark_pilot\known_visit_10target_300.csv,3,13,14,53.02036261770199,53.02036261770199,00,00,1,0,True,completed
150,known_visit,HIPC,bernoulli,drop_0.25,19,361,4,10,hipc_h5_bernoulli_025,C:\Users\lottj\Desktop\research\decentralized benchmark\commitment-horizon-study\reference_core_benchmark_pilot\known_visit_10target_300.csv,4,16,12,62.140036548381964,62.140036548381964,00,00,1,0,True,completed
150,known_visit,HIPC,bernoulli,drop_0.25,19,361,4,10,hipc_h5_bernoulli_025,C:\Users\lottj\Desktop\research\decentralized benchmark\commitment-horizon-study\reference_core_benchmark_pilot\known_visit_10target_300.csv,5,4,1,14.419921430911003,14.419921430911003,00,00,2,1,True,completed
150,known_visit,HIPC,bernoulli,drop_0.25,19,361,4,10,hipc_h5_bernoulli_025,C:\Users\lottj\Desktop\research\decentralized benchmark\commitment-horizon-study\reference_core_benchmark_pilot\known_visit_10target_300.csv,6,11,8,39.05597724459743,39.05597724459743,00,00,1,0,True,completed
150,known_visit,HIPC,bernoulli,drop_0.25,19,361,4,10,hipc_h5_bernoulli_025,C:\Users\lottj\Desktop\research\decentralized benchmark\commitment-horizon-study\reference_core_benchmark_pilot\known_visit_10target_300.csv,7,13,0,37.20619650130595,37.20619650130595,01,01,1,0,True,completed
150,known_visit,HIPC,bernoulli,drop_0.25,19,361,4,10,hipc_h5_bernoulli_025,C:\Users\lottj\Desktop\research\decentralized benchmark\commitment-horizon-study\reference_core_benchmark_pilot\known_visit_10target_300.csv,8,13,10,46.11319113744909,46.11319113744909,00,00,1,0,True,completed
150,known_visit,HIPC,bernoulli,drop_0.25,19,361,4,10,hipc_h5_bernoulli_025,C:\Users\lottj\Desktop\research\decentralized benchmark\commitment-horizon-study\reference_core_benchmark_pilot\known_visit_10target_300.csv,9,8,3,25.032309647720876,25.032309647720876,00,00,1,0,True,completed
150,known_visit,HIPC,bernoulli,drop_0.25,19,361,4,10,hipc_h5_bernoulli_025,C:\Users\lottj\Desktop\research\decentralized benchmark\commitment-horizon-study\reference_core_benchmark_pilot\known_visit_10target_300.csv,10,5,17,9.060329369321183,9.060329369321183,03,03,1,0,True,completed
151,known_visit,HIPC,bernoulli,drop_0.25,19,361,4,10,hipc_h5_bernoulli_025,C:\Users\lottj\Desktop\research\decentralized benchmark\commitment-horizon-study\reference_core_benchmark_pilot\known_visit_10target_300.csv,1,9,7,22.94522871337142,22.94522871337142,02,02,1,0,True,completed
151,known_visit,HIPC,bernoulli,drop_0.25,19,361,4,10,hipc_h5_bernoulli_025,C:\Users\lottj\Desktop\research\decentralized benchmark\commitment-horizon-study\reference_core_benchmark_pilot\known_visit_10target_300.csv,2,1,11,2.2616653170946726,2.2616653170946726,02,02,2,1,True,completed
151,known_visit,HIPC,bernoulli,drop_0.25,19,361,4,10,hipc_h5_bernoulli_025,C:\Users\lottj\Desktop\research\decentralized benchmark\commitment-horizon-study\reference_core_benchmark_pilot\known_visit_10target_300.csv,3,5,18,14.656893838779874,14.656893838779874,03,03,1,0,True,completed
151,known_visit,HIPC,bernoulli,drop_0.25,19,361,4,10,hipc_h5_bernoulli_025,C:\Users\lottj\Desktop\research\decentralized benchmark\commitment-horizon-study\reference_core_benchmark_pilot\known_visit_10target_300.csv,4,16,3,49.12169563554954,49.12169563554954,02,02,1,0,True,completed
151,known_visit,HIPC,bernoulli,drop_0.25,19,361,4,10,hipc_h5_bernoulli_025,C:\Users\lottj\Desktop\research\decentralized benchmark\commitment-horizon-study\reference_core_benchmark_pilot\known_visit_10target_300.csv,5,3,16,7.368965223228626,7.368965223228626,03,03,1,0,True,completed
151,known_visit,HIPC,bernoulli,drop_0.25,19,361,4,10,hipc_h5_bernoulli_025,C:\Users\lottj\Desktop\research\decentralized benchmark\commitment-horizon-study\reference_core_benchmark_pilot\known_visit_10target_300.csv,6,0,4,2.104299979386839,2.104299979386839,01,01,1,0,True,completed
151,known_visit,HIPC,bernoulli,drop_0.25,19,361,4,10,hipc_h5_bernoulli_025,C:\Users\lottj\Desktop\research\decentralized benchmark\commitment-horizon-study\reference_core_benchmark_pilot\known_visit_10target_300.csv,7,18,10,64.34223814967014,64.34223814967014,02,02,1,0,True,completed
151,known_visit,HIPC,bernoulli,drop_0.25,19,361,4,10,hipc_h5_bernoulli_025,C:\Users\lottj\Desktop\research\decentralized benchmark\commitment-horizon-study\reference_core_benchmark_pilot\known_visit_10target_300.csv,8,6,8,16.031135582749332,16.031135582749332,02,02,1,0,True,completed
151,known_visit,HIPC,bernoulli,drop_0.25,19,361,4,10,hipc_h5_bernoulli_025,C:\Users\lottj\Desktop\research\decentralized benchmark\commitment-horizon-study\reference_core_benchmark_pilot\known_visit_10target_300.csv,9,17,13,71.75312568068884,71.75312568068884,02,02,1,0,True,completed
151,known_visit,HIPC,bernoulli,drop_0.25,19,361,4,10,hipc_h5_bernoulli_025,C:\Users\lottj\Desktop\research\decentralized benchmark\commitment-horizon-study\reference_core_benchmark_pilot\known_visit_10target_300.csv,10,12,1,38.55323088622837,38.55323088622837,02,02,1,0,True,completed
152,known_visit,HIPC,bernoulli,drop_0.25,19,361,4,10,hipc_h5_bernoulli_025,C:\Users\lottj\Desktop\research\decentralized benchmark\commitment-horizon-study\reference_core_benchmark_pilot\known_visit_10target_300.csv,1,8,4,19.683770386707867,19.683770386707867,00,00,1,0,True,completed
152,known_visit,HIPC,bernoulli,drop_0.25,19,361,4,10,hipc_h5_bernoulli_025,C:\Users\lottj\Desktop\research\decentralized benchmark\commitment-horizon-study\reference_core_benchmark_pilot\known_visit_10target_300.csv,2,8,3,18.013578698503355,18.013578698503355,00,00,1,0,True,completed
152,known_visit,HIPC,bernoulli,drop_0.25,19,361,4,10,hipc_h5_bernoulli_025,C:\Users\lottj\Desktop\research\decentralized benchmark\commitment-horizon-study\reference_core_benchmark_pilot\known_visit_10target_300.csv,3,12,3,28.76232014478533,28.76232014478533,00,00,1,0,True,completed
152,known_visit,HIPC,bernoulli,drop_0.25,19,361,4,10,hipc_h5_bernoulli_025,C:\Users\lottj\Desktop\research\decentralized benchmark\commitment-horizon-study\reference_core_benchmark_pilot\known_visit_10target_300.csv,4,2,13,3.7547319309161877,3.7547319309161877,02,02,1,0,True,completed
152,known_visit,HIPC,bernoulli,drop_0.25,19,361,4,10,hipc_h5_bernoulli_025,C:\Users\lottj\Desktop\research\decentralized benchmark\commitment-horizon-study\reference_core_benchmark_pilot\known_visit_10target_300.csv,5,8,17,21.267447709991586,21.267447709991586,03,03,1,0,True,completed
152,known_visit,HIPC,bernoulli,drop_0.25,19,361,4,10,hipc_h5_bernoulli_025,C:\Users\lottj\Desktop\research\decentralized benchmark\commitment-horizon-study\reference_core_benchmark_pilot\known_visit_10target_300.csv,6,5,1,9.287823838023211,9.287823838023211,00,00,1,0,True,completed
152,known_visit,HIPC,bernoulli,drop_0.25,19,361,4,10,hipc_h5_bernoulli_025,C:\Users\lottj\Desktop\research\decentralized benchmark\commitment-horizon-study\reference_core_benchmark_pilot\known_visit_10target_300.csv,7,3,14,7.435751277571488,7.435751277571488,02,02,1,0,True,completed
152,known_visit,HIPC,bernoulli,drop_0.25,19,361,4,10,hipc_h5_bernoulli_025,C:\Users\lottj\Desktop\research\decentralized benchmark\commitment-horizon-study\reference_core_benchmark_pilot\known_visit_10target_300.csv,8,4,1,7.229237314787229,7.229237314787229,00,00,1,0,True,completed
152,known_visit,HIPC,bernoulli,drop_0.25,19,361,4,10,hipc_h5_bernoulli_025,C:\Users\lottj\Desktop\research\decentralized benchmark\commitment-horizon-study\reference_core_benchmark_pilot\known_visit_10target_300.csv,9,2,15,7.161633138615064,7.161633138615064,03,03,1,0,True,completed
152,known_visit,HIPC,bernoulli,drop_0.25,19,361,4,10,hipc_h5_bernoulli_025,C:\Users\lottj\Desktop\research\decentralized benchmark\commitment-horizon-study\reference_core_benchmark_pilot\known_visit_10target_300.csv,10,15,18,35.1455582550863,35.1455582550863,03,03,1,0,True,completed
153,known_visit,HIPC,bernoulli,drop_0.25,19,361,4,10,hipc_h5_bernoulli_025,C:\Users\lottj\Desktop\research\decentralized benchmark\commitment-horizon-study\reference_core_benchmark_pilot\known_visit_10target_300.csv,1,3,17,5.638027167474547,5.638027167474547,03,03,1,0,True,completed
153,known_visit,HIPC,bernoulli,drop_0.25,19,361,4,10,hipc_h5_bernoulli_025,C:\Users\lottj\Desktop\research\decentralized benchmark\commitment-horizon-study\reference_core_benchmark_pilot\known_visit_10target_300.csv,2,10,10,34.046741756852875,34.046741756852875,03,03,1,0,True,completed
153,known_visit,HIPC,bernoulli,drop_0.25,19,361,4,10,hipc_h5_bernoulli_025,C:\Users\lottj\Desktop\research\decentralized benchmark\commitment-horizon-study\reference_core_benchmark_pilot\known_visit_10target_300.csv,3,17,4,50.02667558845749,50.02667558845749,01,01,1,0,True,completed
153,known_visit,HIPC,bernoulli,drop_0.25,19,361,4,10,hipc_h5_bernoulli_025,C:\Users\lottj\Desktop\research\decentralized benchmark\commitment-horizon-study\reference_core_benchmark_pilot\known_visit_10target_300.csv,4,7,9,26.546716120899276,26.546716120899276,03,03,1,0,True,completed
153,known_visit,HIPC,bernoulli,drop_0.25,19,361,4,10,hipc_h5_bernoulli_025,C:\Users\lottj\Desktop\research\decentralized benchmark\commitment-horizon-study\reference_core_benchmark_pilot\known_visit_10target_300.csv,5,17,15,69.05682540292193,69.05682540292193,01,01,1,0,True,completed
153,known_visit,HIPC,bernoulli,drop_0.25,19,361,4,10,hipc_h5_bernoulli_025,C:\Users\lottj\Desktop\research\decentralized benchmark\commitment-horizon-study\reference_core_benchmark_pilot\known_visit_10target_300.csv,6,5,2,18.124459672030866,18.124459672030866,01,01,2,1,True,completed
153,known_visit,HIPC,bernoulli,drop_0.25,19,361,4,10,hipc_h5_bernoulli_025,C:\Users\lottj\Desktop\research\decentralized benchmark\commitment-horizon-study\reference_core_benchmark_pilot\known_visit_10target_300.csv,7,4,2,20.159912864165133,20.159912864165133,01,01,2,1,True,completed
153,known_visit,HIPC,bernoulli,drop_0.25,19,361,4,10,hipc_h5_bernoulli_025,C:\Users\lottj\Desktop\research\decentralized benchmark\commitment-horizon-study\reference_core_benchmark_pilot\known_visit_10target_300.csv,8,4,15,10.95230849698888,10.95230849698888,03,03,2,1,True,completed
153,known_visit,HIPC,bernoulli,drop_0.25,19,361,4,10,hipc_h5_bernoulli_025,C:\Users\lottj\Desktop\research\decentralized benchmark\commitment-horizon-study\reference_core_benchmark_pilot\known_visit_10target_300.csv,9,14,4,44.588945696484195,44.588945696484195,01,01,2,1,True,completed
153,known_visit,HIPC,bernoulli,drop_0.25,19,361,4,10,hipc_h5_bernoulli_025,C:\Users\lottj\Desktop\research\decentralized benchmark\commitment-horizon-study\reference_core_benchmark_pilot\known_visit_10target_300.csv,10,4,7,7.335539431441492,7.335539431441492,01,01,2,1,True,completed
154,known_visit,HIPC,bernoulli,drop_0.25,19,361,4,10,hipc_h5_bernoulli_025,C:\Users\lottj\Desktop\research\decentralized benchmark\commitment-horizon-study\reference_core_benchmark_pilot\known_visit_10target_300.csv,1,9,5,23.554131277054637,23.554131277054637,01,01,1,0,True,completed
154,known_visit,HIPC,bernoulli,drop_0.25,19,361,4,10,hipc_h5_bernoulli_025,C:\Users\lottj\Desktop\research\decentralized benchmark\commitment-horizon-study\reference_core_benchmark_pilot\known_visit_10target_300.csv,2,2,7,4.134734032249144,4.134734032249144,01,01,2,1,True,completed
154,known_visit,HIPC,bernoulli,drop_0.25,19,361,4,10,hipc_h5_bernoulli_025,C:\Users\lottj\Desktop\research\decentralized benchmark\commitment-horizon-study\reference_core_benchmark_pilot\known_visit_10target_300.csv,3,17,8,42.65444802118849,42.65444802118849,01,01,1,0,True,completed
154,known_visit,HIPC,bernoulli,drop_0.25,19,361,4,10,hipc_h5_bernoulli_025,C:\Users\lottj\Desktop\research\decentralized benchmark\commitment-horizon-study\reference_core_benchmark_pilot\known_visit_10target_300.csv,4,17,6,38.98439647669826,38.98439647669826,01,01,1,0,True,completed
154,known_visit,HIPC,bernoulli,drop_0.25,19,361,4,10,hipc_h5_bernoulli_025,C:\Users\lottj\Desktop\research\decentralized benchmark\commitment-horizon-study\reference_core_benchmark_pilot\known_visit_10target_300.csv,5,1,7,2.2094354312297724,2.2094354312297724,01,01,1,0,True,completed
154,known_visit,HIPC,bernoulli,drop_0.25,19,361,4,10,hipc_h5_bernoulli_025,C:\Users\lottj\Desktop\research\decentralized benchmark\commitment-horizon-study\reference_core_benchmark_pilot\known_visit_10target_300.csv,6,1,14,7.84130148374244,7.84130148374244,02,02,1,0,True,completed
154,known_visit,HIPC,bernoulli,drop_0.25,19,361,4,10,hipc_h5_bernoulli_025,C:\Users\lottj\Desktop\research\decentralized benchmark\commitment-horizon-study\reference_core_benchmark_pilot\known_visit_10target_300.csv,7,8,12,23.306464500268675,23.306464500268675,02,02,1,0,True,completed
154,known_visit,HIPC,bernoulli,drop_0.25,19,361,4,10,hipc_h5_bernoulli_025,C:\Users\lottj\Desktop\research\decentralized benchmark\commitment-horizon-study\reference_core_benchmark_pilot\known_visit_10target_300.csv,8,4,4,12.969871255736402,12.969871255736402,01,01,1,0,True,completed
154,known_visit,HIPC,bernoulli,drop_0.25,19,361,4,10,hipc_h5_bernoulli_025,C:\Users\lottj\Desktop\research\decentralized benchmark\commitment-horizon-study\reference_core_benchmark_pilot\known_visit_10target_300.csv,9,4,12,16.666278785932274,16.666278785932274,02,02,1,0,True,completed
154,known_visit,HIPC,bernoulli,drop_0.25,19,361,4,10,hipc_h5_bernoulli_025,C:\Users\lottj\Desktop\research\decentralized benchmark\commitment-horizon-study\reference_core_benchmark_pilot\known_visit_10target_300.csv,10,0,15,3.7414916373232656,3.7414916373232656,02,02,1,0,True,completed
155,known_visit,HIPC,bernoulli,drop_0.25,19,361,4,10,hipc_h5_bernoulli_025,C:\Users\lottj\Desktop\research\decentralized benchmark\commitment-horizon-study\reference_core_benchmark_pilot\known_visit_10target_300.csv,1,3,4,11.295267288365125,11.295267288365125,00,00,1,0,True,completed
155,known_visit,HIPC,bernoulli,drop_0.25,19,361,4,10,hipc_h5_bernoulli_025,C:\Users\lottj\Desktop\research\decentralized benchmark\commitment-horizon-study\reference_core_benchmark_pilot\known_visit_10target_300.csv,2,1,1,2.31967713817265,2.31967713817265,00,00,1,0,True,completed
155,known_visit,HIPC,bernoulli,drop_0.25,19,361,4,10,hipc_h5_bernoulli_025,C:\Users\lottj\Desktop\research\decentralized benchmark\commitment-horizon-study\reference_core_benchmark_pilot\known_visit_10target_300.csv,3,3,17,5.701984208849633,5.701984208849633,03,03,1,0,True,completed
155,known_visit,HIPC,bernoulli,drop_0.25,19,361,4,10,hipc_h5_bernoulli_025,C:\Users\lottj\Desktop\research\decentralized benchmark\commitment-horizon-study\reference_core_benchmark_pilot\known_visit_10target_300.csv,4,17,15,33.49174107587524,33.49174107587524,03,03,1,0,True,completed
155,known_visit,HIPC,bernoulli,drop_0.25,19,361,4,10,hipc_h5_bernoulli_025,C:\Users\lottj\Desktop\research\decentralized benchmark\commitment-horizon-study\reference_core_benchmark_pilot\known_visit_10target_300.csv,5,15,4,45.984853632273555,45.984853632273555,00,00,1,0,True,completed
155,known_visit,HIPC,bernoulli,drop_0.25,19,361,4,10,hipc_h5_bernoulli_025,C:\Users\lottj\Desktop\research\decentralized benchmark\commitment-horizon-study\reference_core_benchmark_pilot\known_visit_10target_300.csv,6,8,17,14.338208361684057,14.338208361684057,03,03,1,0,True,completed
155,known_visit,HIPC,bernoulli,drop_0.25,19,361,4,10,hipc_h5_bernoulli_025,C:\Users\lottj\Desktop\research\decentralized benchmark\commitment-horizon-study\reference_core_benchmark_pilot\known_visit_10target_300.csv,7,18,13,39.053662475708435,39.053662475708435,03,03,1,0,True,completed
155,known_visit,HIPC,bernoulli,drop_0.25,19,361,4,10,hipc_h5_bernoulli_025,C:\Users\lottj\Desktop\research\decentralized benchmark\commitment-horizon-study\reference_core_benchmark_pilot\known_visit_10target_300.csv,8,18,0,58.67851396402598,58.67851396402598,00,00,1,0,True,completed
155,known_visit,HIPC,bernoulli,drop_0.25,19,361,4,10,hipc_h5_bernoulli_025,C:\Users\lottj\Desktop\research\decentralized benchmark\commitment-horizon-study\reference_core_benchmark_pilot\known_visit_10target_300.csv,9,11,8,31.885170983093563,31.885170983093563,00,00,1,0,True,completed
155,known_visit,HIPC,bernoulli,drop_0.25,19,361,4,10,hipc_h5_bernoulli_025,C:\Users\lottj\Desktop\research\decentralized benchmark\commitment-horizon-study\reference_core_benchmark_pilot\known_visit_10target_300.csv,10,18,1,56.63276441356703,56.63276441356703,00,00,1,0,True,completed
156,known_visit,HIPC,bernoulli,drop_0.25,19,361,4,10,hipc_h5_bernoulli_025,C:\Users\lottj\Desktop\research\decentralized benchmark\commitment-horizon-study\reference_core_benchmark_pilot\known_visit_10target_300.csv,1,4,5,18.174789813537206,18.174789813537206,01,01,1,0,True,completed
156,known_visit,HIPC,bernoulli,drop_0.25,19,361,4,10,hipc_h5_bernoulli_025,C:\Users\lottj\Desktop\research\decentralized benchmark\commitment-horizon-study\reference_core_benchmark_pilot\known_visit_10target_300.csv,2,11,17,19.947602831500213,19.947602831500213,03,03,1,0,True,completed
156,known_visit,HIPC,bernoulli,drop_0.25,19,361,4,10,hipc_h5_bernoulli_025,C:\Users\lottj\Desktop\research\decentralized benchmark\commitment-horizon-study\reference_core_benchmark_pilot\known_visit_10target_300.csv,3,8,12,19.712197594530608,19.712197594530608,02,02,1,0,True,completed
156,known_visit,HIPC,bernoulli,drop_0.25,19,361,4,10,hipc_h5_bernoulli_025,C:\Users\lottj\Desktop\research\decentralized benchmark\commitment-horizon-study\reference_core_benchmark_pilot\known_visit_10target_300.csv,4,11,16,32.45721933171516,32.45721933171516,02,02,1,0,True,completed
156,known_visit,HIPC,bernoulli,drop_0.25,19,361,4,10,hipc_h5_bernoulli_025,C:\Users\lottj\Desktop\research\decentralized benchmark\commitment-horizon-study\reference_core_benchmark_pilot\known_visit_10target_300.csv,5,10,6,34.04544258572566,34.04544258572566,01,01,1,0,True,completed
156,known_visit,HIPC,bernoulli,drop_0.25,19,361,4,10,hipc_h5_bernoulli_025,C:\Users\lottj\Desktop\research\decentralized benchmark\commitment-horizon-study\reference_core_benchmark_pilot\known_visit_10target_300.csv,6,9,12,21.731121210308363,21.731121210308363,02,02,1,0,True,completed
156,known_visit,HIPC,bernoulli,drop_0.25,19,361,4,10,hipc_h5_bernoulli_025,C:\Users\lottj\Desktop\research\decentralized benchmark\commitment-horizon-study\reference_core_benchmark_pilot\known_visit_10target_300.csv,7,4,14,8.868859444728795,8.868859444728795,02,02,1,0,True,completed
156,known_visit,HIPC,bernoulli,drop_0.25,19,361,4,10,hipc_h5_bernoulli_025,C:\Users\lottj\Desktop\research\decentralized benchmark\commitment-horizon-study\reference_core_benchmark_pilot\known_visit_10target_300.csv,8,6,4,23.497469459205682,23.497469459205682,01,01,1,0,True,completed
156,known_visit,HIPC,bernoulli,drop_0.25,19,361,4,10,hipc_h5_bernoulli_025,C:\Users\lottj\Desktop\research\decentralized benchmark\commitment-horizon-study\reference_core_benchmark_pilot\known_visit_10target_300.csv,9,1,9,5.632632162926447,5.632632162926447,01,01,2,1,True,completed
156,known_visit,HIPC,bernoulli,drop_0.25,19,361,4,10,hipc_h5_bernoulli_025,C:\Users\lottj\Desktop\research\decentralized benchmark\commitment-horizon-study\reference_core_benchmark_pilot\known_visit_10target_300.csv,10,15,17,27.04359107964836,27.04359107964836,03,03,1,0,True,completed
157,known_visit,HIPC,bernoulli,drop_0.25,19,361,4,10,hipc_h5_bernoulli_025,C:\Users\lottj\Desktop\research\decentralized benchmark\commitment-horizon-study\reference_core_benchmark_pilot\known_visit_10target_300.csv,1,13,3,30.728826222929026,30.728826222929026,00,00,1,0,True,completed
157,known_visit,HIPC,bernoulli,drop_0.25,19,361,4,10,hipc_h5_bernoulli_025,C:\Users\lottj\Desktop\research\decentralized benchmark\commitment-horizon-study\reference_core_benchmark_pilot\known_visit_10target_300.csv,2,18,12,62.0465809818186,62.0465809818186,00,00,1,0,True,completed
157,known_visit,HIPC,bernoulli,drop_0.25,19,361,4,10,hipc_h5_bernoulli_025,C:\Users\lottj\Desktop\research\decentralized benchmark\commitment-horizon-study\reference_core_benchmark_pilot\known_visit_10target_300.csv,3,2,15,7.113407647095979,7.113407647095979,02,02,1,0,True,completed
157,known_visit,HIPC,bernoulli,drop_0.25,19,361,4,10,hipc_h5_bernoulli_025,C:\Users\lottj\Desktop\research\decentralized benchmark\commitment-horizon-study\reference_core_benchmark_pilot\known_visit_10target_300.csv,4,11,1,23.259746190461996,23.259746190461996,00,00,1,0,True,completed
157,known_visit,HIPC,bernoulli,drop_0.25,19,361,4,10,hipc_h5_bernoulli_025,C:\Users\lottj\Desktop\research\decentralized benchmark\commitment-horizon-study\reference_core_benchmark_pilot\known_visit_10target_300.csv,5,15,14,53.109974492463664,53.109974492463664,00,00,1,0,True,completed
157,known_visit,HIPC,bernoulli,drop_0.25,19,361,4,10,hipc_h5_bernoulli_025,C:\Users\lottj\Desktop\research\decentralized benchmark\commitment-horizon-study\reference_core_benchmark_pilot\known_visit_10target_300.csv,6,5,2,11.097829199814822,11.097829199814822,00,00,1,0,True,completed
157,known_visit,HIPC,bernoulli,drop_0.25,19,361,4,10,hipc_h5_bernoulli_025,C:\Users\lottj\Desktop\research\decentralized benchmark\commitment-horizon-study\reference_core_benchmark_pilot\known_visit_10target_300.csv,7,2,14,5.332064855577563,5.332064855577563,02,02,1,0,True,completed
157,known_visit,HIPC,bernoulli,drop_0.25,19,361,4,10,hipc_h5_bernoulli_025,C:\Users\lottj\Desktop\research\decentralized benchmark\commitment-horizon-study\reference_core_benchmark_pilot\known_visit_10target_300.csv,8,6,9,21.335971032787036,21.335971032787036,01,01,1,0,True,completed
157,known_visit,HIPC,bernoulli,drop_0.25,19,361,4,10,hipc_h5_bernoulli_025,C:\Users\lottj\Desktop\research\decentralized benchmark\commitment-horizon-study\reference_core_benchmark_pilot\known_visit_10target_300.csv,9,2,0,1.9354062217563834,1.9354062217563834,00,00,2,1,True,completed
157,known_visit,HIPC,bernoulli,drop_0.25,19,361,4,10,hipc_h5_bernoulli_025,C:\Users\lottj\Desktop\research\decentralized benchmark\commitment-horizon-study\reference_core_benchmark_pilot\known_visit_10target_300.csv,10,3,2,7.46664009021743,7.46664009021743,00,00,1,0,True,completed
158,known_visit,HIPC,bernoulli,drop_0.25,19,361,4,10,hipc_h5_bernoulli_025,C:\Users\lottj\Desktop\research\decentralized benchmark\commitment-horizon-study\reference_core_benchmark_pilot\known_visit_10target_300.csv,1,16,2,48.95860489499631,48.95860489499631,01,01,1,0,True,completed
158,known_visit,HIPC,bernoulli,drop_0.25,19,361,4,10,hipc_h5_bernoulli_025,C:\Users\lottj\Desktop\research\decentralized benchmark\commitment-horizon-study\reference_core_benchmark_pilot\known_visit_10target_300.csv,2,11,11,27.663684712083036,27.663684712083036,02,02,2,1,True,completed
158,known_visit,HIPC,bernoulli,drop_0.25,19,361,4,10,hipc_h5_bernoulli_025,C:\Users\lottj\Desktop\research\decentralized benchmark\commitment-horizon-study\reference_core_benchmark_pilot\known_visit_10target_300.csv,3,10,16,41.97038681421147,41.97038681421147,02,02,1,0,True,completed
158,known_visit,HIPC,bernoulli,drop_0.25,19,361,4,10,hipc_h5_bernoulli_025,C:\Users\lottj\Desktop\research\decentralized benchmark\commitment-horizon-study\reference_core_benchmark_pilot\known_visit_10target_300.csv,4,11,9,23.94542861945678,23.94542861945678,02,02,2,1,True,completed
158,known_visit,HIPC,bernoulli,drop_0.25,19,361,4,10,hipc_h5_bernoulli_025,C:\Users\lottj\Desktop\research\decentralized benchmark\commitment-horizon-study\reference_core_benchmark_pilot\known_visit_10target_300.csv,5,9,15,37.92853490612739,37.92853490612739,02,02,1,0,True,completed
158,known_visit,HIPC,bernoulli,drop_0.25,19,361,4,10,hipc_h5_bernoulli_025,C:\Users\lottj\Desktop\research\decentralized benchmark\commitment-horizon-study\reference_core_benchmark_pilot\known_visit_10target_300.csv,6,6,12,8.78404586235899,8.78404586235899,02,02,2,1,True,completed
158,known_visit,HIPC,bernoulli,drop_0.25,19,361,4,10,hipc_h5_bernoulli_025,C:\Users\lottj\Desktop\research\decentralized benchmark\commitment-horizon-study\reference_core_benchmark_pilot\known_visit_10target_300.csv,7,2,9,7.386025966037666,7.386025966037666,01,01,2,1,True,completed
158,known_visit,HIPC,bernoulli,drop_0.25,19,361,4,10,hipc_h5_bernoulli_025,C:\Users\lottj\Desktop\research\decentralized benchmark\commitment-horizon-study\reference_core_benchmark_pilot\known_visit_10target_300.csv,8,5,10,14.411683743531803,14.411683743531803,01,01,1,0,True,completed
158,known_visit,HIPC,bernoulli,drop_0.25,19,361,4,10,hipc_h5_bernoulli_025,C:\Users\lottj\Desktop\research\decentralized benchmark\commitment-horizon-study\reference_core_benchmark_pilot\known_visit_10target_300.csv,9,18,13,60.832737153082626,60.832737153082626,02,02,1,0,True,completed
158,known_visit,HIPC,bernoulli,drop_0.25,19,361,4,10,hipc_h5_bernoulli_025,C:\Users\lottj\Desktop\research\decentralized benchmark\commitment-horizon-study\reference_core_benchmark_pilot\known_visit_10target_300.csv,10,16,9,68.05835293650881,68.05835293650881,03,03,1,0,True,completed
159,known_visit,HIPC,bernoulli,drop_0.25,19,361,4,10,hipc_h5_bernoulli_025,C:\Users\lottj\Desktop\research\decentralized benchmark\commitment-horizon-study\reference_core_benchmark_pilot\known_visit_10target_300.csv,1,5,17,8.970408375056564,8.970408375056564,03,03,1,0,True,completed
159,known_visit,HIPC,bernoulli,drop_0.25,19,361,4,10,hipc_h5_bernoulli_025,C:\Users\lottj\Desktop\research\decentralized benchmark\commitment-horizon-study\reference_core_benchmark_pilot\known_visit_10target_300.csv,2,4,3,11.055236137382286,11.055236137382286,00,00,1,0,True,completed
159,known_visit,HIPC,bernoulli,drop_0.25,19,361,4,10,hipc_h5_bernoulli_025,C:\Users\lottj\Desktop\research\decentralized benchmark\commitment-horizon-study\reference_core_benchmark_pilot\known_visit_10target_300.csv,3,13,3,37.812780945606505,37.812780945606505,00,00,1,0,True,completed
159,known_visit,HIPC,bernoulli,drop_0.25,19,361,4,10,hipc_h5_bernoulli_025,C:\Users\lottj\Desktop\research\decentralized benchmark\commitment-horizon-study\reference_core_benchmark_pilot\known_visit_10target_300.csv,4,12,8,26.86609907088286,26.86609907088286,01,01,1,0,True,completed
159,known_visit,HIPC,bernoulli,drop_0.25,19,361,4,10,hipc_h5_bernoulli_025,C:\Users\lottj\Desktop\research\decentralized benchmark\commitment-horizon-study\reference_core_benchmark_pilot\known_visit_10target_300.csv,5,12,0,30.80065668691987,30.80065668691987,00,00,1,0,True,completed
159,known_visit,HIPC,bernoulli,drop_0.25,19,361,4,10,hipc_h5_bernoulli_025,C:\Users\lottj\Desktop\research\decentralized benchmark\commitment-horizon-study\reference_core_benchmark_pilot\known_visit_10target_300.csv,6,18,4,48.240395512273174,48.240395512273174,00,00,1,0,True,completed
159,known_visit,HIPC,bernoulli,drop_0.25,19,361,4,10,hipc_h5_bernoulli_025,C:\Users\lottj\Desktop\research\decentralized benchmark\commitment-horizon-study\reference_core_benchmark_pilot\known_visit_10target_300.csv,7,8,3,18.043668396637567,18.043668396637567,00,00,1,0,True,completed
159,known_visit,HIPC,bernoulli,drop_0.25,19,361,4,10,hipc_h5_bernoulli_025,C:\Users\lottj\Desktop\research\decentralized benchmark\commitment-horizon-study\reference_core_benchmark_pilot\known_visit_10target_300.csv,8,10,0,27.059907610286754,27.059907610286754,00,00,1,0,True,completed
159,known_visit,HIPC,bernoulli,drop_0.25,19,361,4,10,hipc_h5_bernoulli_025,C:\Users\lottj\Desktop\research\decentralized benchmark\commitment-horizon-study\reference_core_benchmark_pilot\known_visit_10target_300.csv,9,3,9,9.143307943228416,9.143307943228416,01,01,2,1,True,completed
159,known_visit,HIPC,bernoulli,drop_0.25,19,361,4,10,hipc_h5_bernoulli_025,C:\Users\lottj\Desktop\research\decentralized benchmark\commitment-horizon-study\reference_core_benchmark_pilot\known_visit_10target_300.csv,10,10,16,19.621241267263475,19.621241267263475,03,03,1,0,True,completed
160,known_visit,HIPC,bernoulli,drop_0.25,19,361,4,10,hipc_h5_bernoulli_025,C:\Users\lottj\Desktop\research\decentralized benchmark\commitment-horizon-study\reference_core_benchmark_pilot\known_visit_10target_300.csv,1,4,5,7.305379860772249,7.305379860772249,01,01,3,2,True,completed
160,known_visit,HIPC,bernoulli,drop_0.25,19,361,4,10,hipc_h5_bernoulli_025,C:\Users\lottj\Desktop\research\decentralized benchmark\commitment-horizon-study\reference_core_benchmark_pilot\known_visit_10target_300.csv,2,4,1,7.276802777719923,7.276802777719923,00,00,2,1,True,completed
160,known_visit,HIPC,bernoulli,drop_0.25,19,361,4,10,hipc_h5_bernoulli_025,C:\Users\lottj\Desktop\research\decentralized benchmark\commitment-horizon-study\reference_core_benchmark_pilot\known_visit_10target_300.csv,3,4,11,7.296356895400814,7.296356895400814,02,02,1,0,True,completed
160,known_visit,HIPC,bernoulli,drop_0.25,19,361,4,10,hipc_h5_bernoulli_025,C:\Users\lottj\Desktop\research\decentralized benchmark\commitment-horizon-study\reference_core_benchmark_pilot\known_visit_10target_300.csv,4,10,17,56.100222273308276,56.100222273308276,03,03,1,0,True,completed
160,known_visit,HIPC,bernoulli,drop_0.25,19,361,4,10,hipc_h5_bernoulli_025,C:\Users\lottj\Desktop\research\decentralized benchmark\commitment-horizon-study\reference_core_benchmark_pilot\known_visit_10target_300.csv,5,13,1,30.003647461892136,30.003647461892136,01,01,1,0,True,completed
160,known_visit,HIPC,bernoulli,drop_0.25,19,361,4,10,hipc_h5_bernoulli_025,C:\Users\lottj\Desktop\research\decentralized benchmark\commitment-horizon-study\reference_core_benchmark_pilot\known_visit_10target_300.csv,6,9,8,49.932081663327956,49.932081663327956,01,01,1,0,True,completed
160,known_visit,HIPC,bernoulli,drop_0.25,19,361,4,10,hipc_h5_bernoulli_025,C:\Users\lottj\Desktop\research\decentralized benchmark\commitment-horizon-study\reference_core_benchmark_pilot\known_visit_10target_300.csv,7,11,10,56.84714079443009,56.84714079443009,01,01,1,0,True,completed
160,known_visit,HIPC,bernoulli,drop_0.25,19,361,4,10,hipc_h5_bernoulli_025,C:\Users\lottj\Desktop\research\decentralized benchmark\commitment-horizon-study\reference_core_benchmark_pilot\known_visit_10target_300.csv,8,8,1,21.267628788844323,21.267628788844323,01,01,2,1,True,completed
160,known_visit,HIPC,bernoulli,drop_0.25,19,361,4,10,hipc_h5_bernoulli_025,C:\Users\lottj\Desktop\research\decentralized benchmark\commitment-horizon-study\reference_core_benchmark_pilot\known_visit_10target_300.csv,9,6,16,46.95489929028499,46.95489929028499,03,03,1,0,True,completed
160,known_visit,HIPC,bernoulli,drop_0.25,19,361,4,10,hipc_h5_bernoulli_025,C:\Users\lottj\Desktop\research\decentralized benchmark\commitment-horizon-study\reference_core_benchmark_pilot\known_visit_10target_300.csv,10,11,4,39.15628900255579,39.15628900255579,01,01,2,1,True,completed
161,known_visit,HIPC,bernoulli,drop_0.25,19,361,4,10,hipc_h5_bernoulli_025,C:\Users\lottj\Desktop\research\decentralized benchmark\commitment-horizon-study\reference_core_benchmark_pilot\known_visit_10target_300.csv,1,14,9,62.912775039071285,62.912775039071285,03,03,1,0,True,completed
161,known_visit,HIPC,bernoulli,drop_0.25,19,361,4,10,hipc_h5_bernoulli_025,C:\Users\lottj\Desktop\research\decentralized benchmark\commitment-horizon-study\reference_core_benchmark_pilot\known_visit_10target_300.csv,2,2,2,5.84252467276372,5.84252467276372,00,00,1,0,True,completed
161,known_visit,HIPC,bernoulli,drop_0.25,19,361,4,10,hipc_h5_bernoulli_025,C:\Users\lottj\Desktop\research\decentralized benchmark\commitment-horizon-study\reference_core_benchmark_pilot\known_visit_10target_300.csv,3,2,11,3.875397087514194,3.875397087514194,02,02,1,0,True,completed
161,known_visit,HIPC,bernoulli,drop_0.25,19,361,4,10,hipc_h5_bernoulli_025,C:\Users\lottj\Desktop\research\decentralized benchmark\commitment-horizon-study\reference_core_benchmark_pilot\known_visit_10target_300.csv,4,9,1,20.091354021295366,20.091354021295366,00,00,1,0,True,completed
161,known_visit,HIPC,bernoulli,drop_0.25,19,361,4,10,hipc_h5_bernoulli_025,C:\Users\lottj\Desktop\research\decentralized benchmark\commitment-horizon-study\reference_core_benchmark_pilot\known_visit_10target_300.csv,5,18,11,41.76088819184364,41.76088819184364,03,03,1,0,True,completed
161,known_visit,HIPC,bernoulli,drop_0.25,19,361,4,10,hipc_h5_bernoulli_025,C:\Users\lottj\Desktop\research\decentralized benchmark\commitment-horizon-study\reference_core_benchmark_pilot\known_visit_10target_300.csv,6,12,9,66.57280251521337,66.57280251521337,03,03,1,0,True,completed
161,known_visit,HIPC,bernoulli,drop_0.25,19,361,4,10,hipc_h5_bernoulli_025,C:\Users\lottj\Desktop\research\decentralized benchmark\commitment-horizon-study\reference_core_benchmark_pilot\known_visit_10target_300.csv,7,8,16,15.751219085291309,15.751219085291309,03,03,1,0,True,completed
161,known_visit,HIPC,bernoulli,drop_0.25,19,361,4,10,hipc_h5_bernoulli_025,C:\Users\lottj\Desktop\research\decentralized benchmark\commitment-horizon-study\reference_core_benchmark_pilot\known_visit_10target_300.csv,8,16,16,29.57969629971341,29.57969629971341,03,03,1,0,True,completed
161,known_visit,HIPC,bernoulli,drop_0.25,19,361,4,10,hipc_h5_bernoulli_025,C:\Users\lottj\Desktop\research\decentralized benchmark\commitment-horizon-study\reference_core_benchmark_pilot\known_visit_10target_300.csv,9,18,6,50.3442307978584,50.3442307978584,03,03,1,0,True,completed
161,known_visit,HIPC,bernoulli,drop_0.25,19,361,4,10,hipc_h5_bernoulli_025,C:\Users\lottj\Desktop\research\decentralized benchmark\commitment-horizon-study\reference_core_benchmark_pilot\known_visit_10target_300.csv,10,6,18,8.680478663010936,8.680478663010936,03,03,1,0,True,completed
162,known_visit,HIPC,bernoulli,drop_0.25,19,361,4,10,hipc_h5_bernoulli_025,C:\Users\lottj\Desktop\research\decentralized benchmark\commitment-horizon-study\reference_core_benchmark_pilot\known_visit_10target_300.csv,1,8,8,16.28775113129539,16.28775113129539,01,01,1,0,True,completed
162,known_visit,HIPC,bernoulli,drop_0.25,19,361,4,10,hipc_h5_bernoulli_025,C:\Users\lottj\Desktop\research\decentralized benchmark\commitment-horizon-study\reference_core_benchmark_pilot\known_visit_10target_300.csv,2,6,15,25.072482658751643,25.072482658751643,02,02,1,0,True,completed
162,known_visit,HIPC,bernoulli,drop_0.25,19,361,4,10,hipc_h5_bernoulli_025,C:\Users\lottj\Desktop\research\decentralized benchmark\commitment-horizon-study\reference_core_benchmark_pilot\known_visit_10target_300.csv,3,7,12,17.75078608753064,17.75078608753064,02,02,1,0,True,completed
162,known_visit,HIPC,bernoulli,drop_0.25,19,361,4,10,hipc_h5_bernoulli_025,C:\Users\lottj\Desktop\research\decentralized benchmark\commitment-horizon-study\reference_core_benchmark_pilot\known_visit_10target_300.csv,4,4,11,7.032489857577214,7.032489857577214,02,02,1,0,True,completed
162,known_visit,HIPC,bernoulli,drop_0.25,19,361,4,10,hipc_h5_bernoulli_025,C:\Users\lottj\Desktop\research\decentralized benchmark\commitment-horizon-study\reference_core_benchmark_pilot\known_visit_10target_300.csv,5,17,4,39.765067829669704,39.765067829669704,00,00,1,0,True,completed
162,known_visit,HIPC,bernoulli,drop_0.25,19,361,4,10,hipc_h5_bernoulli_025,C:\Users\lottj\Desktop\research\decentralized benchmark\commitment-horizon-study\reference_core_benchmark_pilot\known_visit_10target_300.csv,6,16,0,30.60834278761444,30.60834278761444,00,00,1,0,True,completed
162,known_visit,HIPC,bernoulli,drop_0.25,19,361,4,10,hipc_h5_bernoulli_025,C:\Users\lottj\Desktop\research\decentralized benchmark\commitment-horizon-study\reference_core_benchmark_pilot\known_visit_10target_300.csv,7,4,7,7.436610576223362,7.436610576223362,01,01,2,1,True,completed
162,known_visit,HIPC,bernoulli,drop_0.25,19,361,4,10,hipc_h5_bernoulli_025,C:\Users\lottj\Desktop\research\decentralized benchmark\commitment-horizon-study\reference_core_benchmark_pilot\known_visit_10target_300.csv,8,3,5,47.99320424830888,47.99320424830888,02,02,1,0,True,completed
162,known_visit,HIPC,bernoulli,drop_0.25,19,361,4,10,hipc_h5_bernoulli_025,C:\Users\lottj\Desktop\research\decentralized benchmark\commitment-horizon-study\reference_core_benchmark_pilot\known_visit_10target_300.csv,9,10,10,23.617776141844903,23.617776141844903,01,01,1,0,True,completed
162,known_visit,HIPC,bernoulli,drop_0.25,19,361,4,10,hipc_h5_bernoulli_025,C:\Users\lottj\Desktop\research\decentralized benchmark\commitment-horizon-study\reference_core_benchmark_pilot\known_visit_10target_300.csv,10,14,1,24.77069567781805,24.77069567781805,00,00,1,0,True,completed
163,known_visit,HIPC,bernoulli,drop_0.25,19,361,4,10,hipc_h5_bernoulli_025,C:\Users\lottj\Desktop\research\decentralized benchmark\commitment-horizon-study\reference_core_benchmark_pilot\known_visit_10target_300.csv,1,14,9,28.09056989735733,28.09056989735733,01,01,2,1,True,completed
163,known_visit,HIPC,bernoulli,drop_0.25,19,361,4,10,hipc_h5_bernoulli_025,C:\Users\lottj\Desktop\research\decentralized benchmark\commitment-horizon-study\reference_core_benchmark_pilot\known_visit_10target_300.csv,2,12,2,26.19847885730814,26.19847885730814,00,00,1,0,True,completed
163,known_visit,HIPC,bernoulli,drop_0.25,19,361,4,10,hipc_h5_bernoulli_025,C:\Users\lottj\Desktop\research\decentralized benchmark\commitment-horizon-study\reference_core_benchmark_pilot\known_visit_10target_300.csv,3,7,3,15.426920575936105,15.426920575936105,00,00,1,0,True,completed
163,known_visit,HIPC,bernoulli,drop_0.25,19,361,4,10,hipc_h5_bernoulli_025,C:\Users\lottj\Desktop\research\decentralized benchmark\commitment-horizon-study\reference_core_benchmark_pilot\known_visit_10target_300.csv,4,14,0,37.355539245516965,37.355539245516965,00,00,1,0,True,completed
163,known_visit,HIPC,bernoulli,drop_0.25,19,361,4,10,hipc_h5_bernoulli_025,C:\Users\lottj\Desktop\research\decentralized benchmark\commitment-horizon-study\reference_core_benchmark_pilot\known_visit_10target_300.csv,5,10,9,20.94212256696107,20.94212256696107,01,01,1,0,True,completed
163,known_visit,HIPC,bernoulli,drop_0.25,19,361,4,10,hipc_h5_bernoulli_025,C:\Users\lottj\Desktop\research\decentralized benchmark\commitment-horizon-study\reference_core_benchmark_pilot\known_visit_10target_300.csv,6,11,0,31.565986883203752,31.565986883203752,00,00,1,0,True,completed
163,known_visit,HIPC,bernoulli,drop_0.25,19,361,4,10,hipc_h5_bernoulli_025,C:\Users\lottj\Desktop\research\decentralized benchmark\commitment-horizon-study\reference_core_benchmark_pilot\known_visit_10target_300.csv,7,15,4,46.20163964597112,46.20163964597112,00,00,1,0,True,completed
163,known_visit,HIPC,bernoulli,drop_0.25,19,361,4,10,hipc_h5_bernoulli_025,C:\Users\lottj\Desktop\research\decentralized benchmark\commitment-horizon-study\reference_core_benchmark_pilot\known_visit_10target_300.csv,8,18,10,36.88827637573454,36.88827637573454,01,01,1,0,True,completed
163,known_visit,HIPC,bernoulli,drop_0.25,19,361,4,10,hipc_h5_bernoulli_025,C:\Users\lottj\Desktop\research\decentralized benchmark\commitment-horizon-study\reference_core_benchmark_pilot\known_visit_10target_300.csv,9,14,16,53.817756418413786,53.817756418413786,01,01,1,0,True,completed
163,known_visit,HIPC,bernoulli,drop_0.25,19,361,4,10,hipc_h5_bernoulli_025,C:\Users\lottj\Desktop\research\decentralized benchmark\commitment-horizon-study\reference_core_benchmark_pilot\known_visit_10target_300.csv,10,15,18,59.42990787782242,59.42990787782242,01,01,1,0,True,completed
164,known_visit,HIPC,bernoulli,drop_0.25,19,361,4,10,hipc_h5_bernoulli_025,C:\Users\lottj\Desktop\research\decentralized benchmark\commitment-horizon-study\reference_core_benchmark_pilot\known_visit_10target_300.csv,1,14,17,77.91558786386328,77.91558786386328,02,02,1,0,True,completed
164,known_visit,HIPC,bernoulli,drop_0.25,19,361,4,10,hipc_h5_bernoulli_025,C:\Users\lottj\Desktop\research\decentralized benchmark\commitment-horizon-study\reference_core_benchmark_pilot\known_visit_10target_300.csv,2,7,0,18.184014444972284,18.184014444972284,00,00,1,0,True,completed
164,known_visit,HIPC,bernoulli,drop_0.25,19,361,4,10,hipc_h5_bernoulli_025,C:\Users\lottj\Desktop\research\decentralized benchmark\commitment-horizon-study\reference_core_benchmark_pilot\known_visit_10target_300.csv,3,15,8,46.673799467131495,46.673799467131495,02,02,1,0,True,completed
164,known_visit,HIPC,bernoulli,drop_0.25,19,361,4,10,hipc_h5_bernoulli_025,C:\Users\lottj\Desktop\research\decentralized benchmark\commitment-horizon-study\reference_core_benchmark_pilot\known_visit_10target_300.csv,4,8,12,22.94485095940107,22.94485095940107,02,02,1,0,True,completed
164,known_visit,HIPC,bernoulli,drop_0.25,19,361,4,10,hipc_h5_bernoulli_025,C:\Users\lottj\Desktop\research\decentralized benchmark\commitment-horizon-study\reference_core_benchmark_pilot\known_visit_10target_300.csv,5,1,15,5.625861559121443,5.625861559121443,02,02,1,0,True,completed
164,known_visit,HIPC,bernoulli,drop_0.25,19,361,4,10,hipc_h5_bernoulli_025,C:\Users\lottj\Desktop\research\decentralized benchmark\commitment-horizon-study\reference_core_benchmark_pilot\known_visit_10target_300.csv,6,17,18,70.90267385636388,70.90267385636388,02,02,1,0,True,completed
164,known_visit,HIPC,bernoulli,drop_0.25,19,361,4,10,hipc_h5_bernoulli_025,C:\Users\lottj\Desktop\research\decentralized benchmark\commitment-horizon-study\reference_core_benchmark_pilot\known_visit_10target_300.csv,7,9,13,27.051632048425976,27.051632048425976,02,02,1,0,True,completed
164,known_visit,HIPC,bernoulli,drop_0.25,19,361,4,10,hipc_h5_bernoulli_025,C:\Users\lottj\Desktop\research\decentralized benchmark\commitment-horizon-study\reference_core_benchmark_pilot\known_visit_10target_300.csv,8,18,12,58.85534418945961,58.85534418945961,02,02,1,0,True,completed
164,known_visit,HIPC,bernoulli,drop_0.25,19,361,4,10,hipc_h5_bernoulli_025,C:\Users\lottj\Desktop\research\decentralized benchmark\commitment-horizon-study\reference_core_benchmark_pilot\known_visit_10target_300.csv,9,4,2,9.074435648281167,9.074435648281167,00,00,1,0,True,completed
164,known_visit,HIPC,bernoulli,drop_0.25,19,361,4,10,hipc_h5_bernoulli_025,C:\Users\lottj\Desktop\research\decentralized benchmark\commitment-horizon-study\reference_core_benchmark_pilot\known_visit_10target_300.csv,10,8,1,22.302392278651247,22.302392278651247,00,00,1,0,True,completed
165,known_visit,HIPC,bernoulli,drop_0.25,19,361,4,10,hipc_h5_bernoulli_025,C:\Users\lottj\Desktop\research\decentralized benchmark\commitment-horizon-study\reference_core_benchmark_pilot\known_visit_10target_300.csv,1,11,14,21.23906943712221,21.23906943712221,02,02,1,0,True,completed
165,known_visit,HIPC,bernoulli,drop_0.25,19,361,4,10,hipc_h5_bernoulli_025,C:\Users\lottj\Desktop\research\decentralized benchmark\commitment-horizon-study\reference_core_benchmark_pilot\known_visit_10target_300.csv,2,17,10,60.154044120331186,60.154044120331186,00,00,1,0,True,completed
165,known_visit,HIPC,bernoulli,drop_0.25,19,361,4,10,hipc_h5_bernoulli_025,C:\Users\lottj\Desktop\research\decentralized benchmark\commitment-horizon-study\reference_core_benchmark_pilot\known_visit_10target_300.csv,3,3,7,13.025435034720202,13.025435034720202,01,01,1,0,True,completed
165,known_visit,HIPC,bernoulli,drop_0.25,19,361,4,10,hipc_h5_bernoulli_025,C:\Users\lottj\Desktop\research\decentralized benchmark\commitment-horizon-study\reference_core_benchmark_pilot\known_visit_10target_300.csv,4,15,0,31.60258942171424,31.60258942171424,00,00,1,0,True,completed
165,known_visit,HIPC,bernoulli,drop_0.25,19,361,4,10,hipc_h5_bernoulli_025,C:\Users\lottj\Desktop\research\decentralized benchmark\commitment-horizon-study\reference_core_benchmark_pilot\known_visit_10target_300.csv,5,11,17,26.744071303719327,26.744071303719327,02,02,1,0,True,completed
165,known_visit,HIPC,bernoulli,drop_0.25,19,361,4,10,hipc_h5_bernoulli_025,C:\Users\lottj\Desktop\research\decentralized benchmark\commitment-horizon-study\reference_core_benchmark_pilot\known_visit_10target_300.csv,6,1,14,3.980102896184355,3.980102896184355,02,02,1,0,True,completed
165,known_visit,HIPC,bernoulli,drop_0.25,19,361,4,10,hipc_h5_bernoulli_025,C:\Users\lottj\Desktop\research\decentralized benchmark\commitment-horizon-study\reference_core_benchmark_pilot\known_visit_10target_300.csv,7,12,2,22.91711968552107,22.91711968552107,00,00,1,0,True,completed
165,known_visit,HIPC,bernoulli,drop_0.25,19,361,4,10,hipc_h5_bernoulli_025,C:\Users\lottj\Desktop\research\decentralized benchmark\commitment-horizon-study\reference_core_benchmark_pilot\known_visit_10target_300.csv,8,4,2,8.990972222079677,8.990972222079677,00,00,1,0,True,completed
165,known_visit,HIPC,bernoulli,drop_0.25,19,361,4,10,hipc_h5_bernoulli_025,C:\Users\lottj\Desktop\research\decentralized benchmark\commitment-horizon-study\reference_core_benchmark_pilot\known_visit_10target_300.csv,9,1,9,5.738905009773717,5.738905009773717,01,01,1,0,True,completed
165,known_visit,HIPC,bernoulli,drop_0.25,19,361,4,10,hipc_h5_bernoulli_025,C:\Users\lottj\Desktop\research\decentralized benchmark\commitment-horizon-study\reference_core_benchmark_pilot\known_visit_10target_300.csv,10,14,9,52.68278986636962,52.68278986636962,00,00,1,0,True,completed
166,known_visit,HIPC,bernoulli,drop_0.25,19,361,4,10,hipc_h5_bernoulli_025,C:\Users\lottj\Desktop\research\decentralized benchmark\commitment-horizon-study\reference_core_benchmark_pilot\known_visit_10target_300.csv,1,13,2,28.97952038151711,28.97952038151711,00,00,1,0,True,completed
166,known_visit,HIPC,bernoulli,drop_0.25,19,361,4,10,hipc_h5_bernoulli_025,C:\Users\lottj\Desktop\research\decentralized benchmark\commitment-horizon-study\reference_core_benchmark_pilot\known_visit_10target_300.csv,2,16,12,70.16564215986995,70.16564215986995,00,00,1,0,True,completed
166,known_visit,HIPC,bernoulli,drop_0.25,19,361,4,10,hipc_h5_bernoulli_025,C:\Users\lottj\Desktop\research\decentralized benchmark\commitment-horizon-study\reference_core_benchmark_pilot\known_visit_10target_300.csv,3,17,0,39.69252571648985,39.69252571648985,00,00,1,0,True,completed
166,known_visit,HIPC,bernoulli,drop_0.25,19,361,4,10,hipc_h5_bernoulli_025,C:\Users\lottj\Desktop\research\decentralized benchmark\commitment-horizon-study\reference_core_benchmark_pilot\known_visit_10target_300.csv,4,3,4,7.05136623261896,7.05136623261896,01,01,1,0,True,completed
166,known_visit,HIPC,bernoulli,drop_0.25,19,361,4,10,hipc_h5_bernoulli_025,C:\Users\lottj\Desktop\research\decentralized benchmark\commitment-horizon-study\reference_core_benchmark_pilot\known_visit_10target_300.csv,5,1,14,3.892763977645326,3.892763977645326,02,02,1,0,True,completed
166,known_visit,HIPC,bernoulli,drop_0.25,19,361,4,10,hipc_h5_bernoulli_025,C:\Users\lottj\Desktop\research\decentralized benchmark\commitment-horizon-study\reference_core_benchmark_pilot\known_visit_10target_300.csv,6,0,17,0.5089975112420032,0.5089975112420032,03,03,1,0,True,completed
166,known_visit,HIPC,bernoulli,drop_0.25,19,361,4,10,hipc_h5_bernoulli_025,C:\Users\lottj\Desktop\research\decentralized benchmark\commitment-horizon-study\reference_core_benchmark_pilot\known_visit_10target_300.csv,7,15,7,59.10237763237012,59.10237763237012,00,00,1,0,True,completed
166,known_visit,HIPC,bernoulli,drop_0.25,19,361,4,10,hipc_h5_bernoulli_025,C:\Users\lottj\Desktop\research\decentralized benchmark\commitment-horizon-study\reference_core_benchmark_pilot\known_visit_10target_300.csv,8,0,1,0.47042017254309343,0.47042017254309343,00,00,2,1,True,completed
166,known_visit,HIPC,bernoulli,drop_0.25,19,361,4,10,hipc_h5_bernoulli_025,C:\Users\lottj\Desktop\research\decentralized benchmark\commitment-horizon-study\reference_core_benchmark_pilot\known_visit_10target_300.csv,9,1,0,4.421441736098732,4.421441736098732,00,00,1,0,True,completed
166,known_visit,HIPC,bernoulli,drop_0.25,19,361,4,10,hipc_h5_bernoulli_025,C:\Users\lottj\Desktop\research\decentralized benchmark\commitment-horizon-study\reference_core_benchmark_pilot\known_visit_10target_300.csv,10,4,10,16.44160880136653,16.44160880136653,02,02,1,0,True,completed
167,known_visit,HIPC,bernoulli,drop_0.25,19,361,4,10,hipc_h5_bernoulli_025,C:\Users\lottj\Desktop\research\decentralized benchmark\commitment-horizon-study\reference_core_benchmark_pilot\known_visit_10target_300.csv,1,3,9,9.09300883551953,9.09300883551953,02,02,1,0,True,completed
167,known_visit,HIPC,bernoulli,drop_0.25,19,361,4,10,hipc_h5_bernoulli_025,C:\Users\lottj\Desktop\research\decentralized benchmark\commitment-horizon-study\reference_core_benchmark_pilot\known_visit_10target_300.csv,2,5,4,10.610637161576687,10.610637161576687,01,01,1,0,True,completed
167,known_visit,HIPC,bernoulli,drop_0.25,19,361,4,10,hipc_h5_bernoulli_025,C:\Users\lottj\Desktop\research\decentralized benchmark\commitment-horizon-study\reference_core_benchmark_pilot\known_visit_10target_300.csv,3,17,14,42.49561550490139,42.49561550490139,03,03,1,0,True,completed
167,known_visit,HIPC,bernoulli,drop_0.25,19,361,4,10,hipc_h5_bernoulli_025,C:\Users\lottj\Desktop\research\decentralized benchmark\commitment-horizon-study\reference_core_benchmark_pilot\known_visit_10target_300.csv,4,18,18,33.585013183448865,33.585013183448865,03,03,1,0,True,completed
167,known_visit,HIPC,bernoulli,drop_0.25,19,361,4,10,hipc_h5_bernoulli_025,C:\Users\lottj\Desktop\research\decentralized benchmark\commitment-horizon-study\reference_core_benchmark_pilot\known_visit_10target_300.csv,5,0,4,2.1695713811760555,2.1695713811760555,01,01,1,0,True,completed
167,known_visit,HIPC,bernoulli,drop_0.25,19,361,4,10,hipc_h5_bernoulli_025,C:\Users\lottj\Desktop\research\decentralized benchmark\commitment-horizon-study\reference_core_benchmark_pilot\known_visit_10target_300.csv,6,7,4,14.11935046177283,14.11935046177283,01,01,1,0,True,completed
167,known_visit,HIPC,bernoulli,drop_0.25,19,361,4,10,hipc_h5_bernoulli_025,C:\Users\lottj\Desktop\research\decentralized benchmark\commitment-horizon-study\reference_core_benchmark_pilot\known_visit_10target_300.csv,7,14,4,26.061940047408118,26.061940047408118,01,01,1,0,True,completed
167,known_visit,HIPC,bernoulli,drop_0.25,19,361,4,10,hipc_h5_bernoulli_025,C:\Users\lottj\Desktop\research\decentralized benchmark\commitment-horizon-study\reference_core_benchmark_pilot\known_visit_10target_300.csv,8,6,4,12.407554087546396,12.407554087546396,01,01,1,0,True,completed
167,known_visit,HIPC,bernoulli,drop_0.25,19,361,4,10,hipc_h5_bernoulli_025,C:\Users\lottj\Desktop\research\decentralized benchmark\commitment-horizon-study\reference_core_benchmark_pilot\known_visit_10target_300.csv,9,7,17,12.23068160048916,12.23068160048916,03,03,1,0,True,completed
167,known_visit,HIPC,bernoulli,drop_0.25,19,361,4,10,hipc_h5_bernoulli_025,C:\Users\lottj\Desktop\research\decentralized benchmark\commitment-horizon-study\reference_core_benchmark_pilot\known_visit_10target_300.csv,10,10,18,19.68254792154823,19.68254792154823,03,03,1,0,True,completed
168,known_visit,HIPC,bernoulli,drop_0.25,19,361,4,10,hipc_h5_bernoulli_025,C:\Users\lottj\Desktop\research\decentralized benchmark\commitment-horizon-study\reference_core_benchmark_pilot\known_visit_10target_300.csv,1,12,6,64.84607503922832,64.84607503922832,03,03,1,0,True,completed
168,known_visit,HIPC,bernoulli,drop_0.25,19,361,4,10,hipc_h5_bernoulli_025,C:\Users\lottj\Desktop\research\decentralized benchmark\commitment-horizon-study\reference_core_benchmark_pilot\known_visit_10target_300.csv,2,18,16,64.64405096456571,64.64405096456571,02,02,1,0,True,completed
168,known_visit,HIPC,bernoulli,drop_0.25,19,361,4,10,hipc_h5_bernoulli_025,C:\Users\lottj\Desktop\research\decentralized benchmark\commitment-horizon-study\reference_core_benchmark_pilot\known_visit_10target_300.csv,3,18,8,50.61657494016724,50.61657494016724,03,03,1,0,True,completed
168,known_visit,HIPC,bernoulli,drop_0.25,19,361,4,10,hipc_h5_bernoulli_025,C:\Users\lottj\Desktop\research\decentralized benchmark\commitment-horizon-study\reference_core_benchmark_pilot\known_visit_10target_300.csv,4,13,0,77.53100620353256,77.53100620353256,03,03,1,0,True,completed
168,known_visit,HIPC,bernoulli,drop_0.25,19,361,4,10,hipc_h5_bernoulli_025,C:\Users\lottj\Desktop\research\decentralized benchmark\commitment-horizon-study\reference_core_benchmark_pilot\known_visit_10target_300.csv,5,3,13,5.497310074924049,5.497310074924049,02,02,2,1,True,completed
168,known_visit,HIPC,bernoulli,drop_0.25,19,361,4,10,hipc_h5_bernoulli_025,C:\Users\lottj\Desktop\research\decentralized benchmark\commitment-horizon-study\reference_core_benchmark_pilot\known_visit_10target_300.csv,6,0,17,0.5047100652236877,0.5047100652236877,03,03,2,1,True,completed
168,known_visit,HIPC,bernoulli,drop_0.25,19,361,4,10,hipc_h5_bernoulli_025,C:\Users\lottj\Desktop\research\decentralized benchmark\commitment-horizon-study\reference_core_benchmark_pilot\known_visit_10target_300.csv,7,9,18,17.80863056755186,17.80863056755186,03,03,1,0,True,completed
168,known_visit,HIPC,bernoulli,drop_0.25,19,361,4,10,hipc_h5_bernoulli_025,C:\Users\lottj\Desktop\research\decentralized benchmark\commitment-horizon-study\reference_core_benchmark_pilot\known_visit_10target_300.csv,8,15,10,41.74057472786971,41.74057472786971,03,03,1,0,True,completed
168,known_visit,HIPC,bernoulli,drop_0.25,19,361,4,10,hipc_h5_bernoulli_025,C:\Users\lottj\Desktop\research\decentralized benchmark\commitment-horizon-study\reference_core_benchmark_pilot\known_visit_10target_300.csv,9,4,1,7.2654973640656975,7.2654973640656975,00,00,1,0,True,completed
168,known_visit,HIPC,bernoulli,drop_0.25,19,361,4,10,hipc_h5_bernoulli_025,C:\Users\lottj\Desktop\research\decentralized benchmark\commitment-horizon-study\reference_core_benchmark_pilot\known_visit_10target_300.csv,10,3,6,3.772106603478782,3.772106603478782,01,01,1,0,True,completed
169,known_visit,HIPC,bernoulli,drop_0.25,19,361,4,10,hipc_h5_bernoulli_025,C:\Users\lottj\Desktop\research\decentralized benchmark\commitment-horizon-study\reference_core_benchmark_pilot\known_visit_10target_300.csv,1,11,6,24.888766836101418,24.888766836101418,01,01,2,1,True,completed
169,known_visit,HIPC,bernoulli,drop_0.25,19,361,4,10,hipc_h5_bernoulli_025,C:\Users\lottj\Desktop\research\decentralized benchmark\commitment-horizon-study\reference_core_benchmark_pilot\known_visit_10target_300.csv,2,5,17,8.761202520264334,8.761202520264334,03,03,1,0,True,completed
169,known_visit,HIPC,bernoulli,drop_0.25,19,361,4,10,hipc_h5_bernoulli_025,C:\Users\lottj\Desktop\research\decentralized benchmark\commitment-horizon-study\reference_core_benchmark_pilot\known_visit_10target_300.csv,3,13,7,37.837243572654266,37.837243572654266,01,01,1,0,True,completed
169,known_visit,HIPC,bernoulli,drop_0.25,19,361,4,10,hipc_h5_bernoulli_025,C:\Users\lottj\Desktop\research\decentralized benchmark\commitment-horizon-study\reference_core_benchmark_pilot\known_visit_10target_300.csv,4,18,8,48.38044935617536,48.38044935617536,01,01,1,0,True,completed
169,known_visit,HIPC,bernoulli,drop_0.25,19,361,4,10,hipc_h5_bernoulli_025,C:\Users\lottj\Desktop\research\decentralized benchmark\commitment-horizon-study\reference_core_benchmark_pilot\known_visit_10target_300.csv,5,12,4,30.352807809993294,30.352807809993294,01,01,1,0,True,completed
169,known_visit,HIPC,bernoulli,drop_0.25,19,361,4,10,hipc_h5_bernoulli_025,C:\Users\lottj\Desktop\research\decentralized benchmark\commitment-horizon-study\reference_core_benchmark_pilot\known_visit_10target_300.csv,6,9,6,21.22123431498222,21.22123431498222,01,01,1,0,True,completed
169,known_visit,HIPC,bernoulli,drop_0.25,19,361,4,10,hipc_h5_bernoulli_025,C:\Users\lottj\Desktop\research\decentralized benchmark\commitment-horizon-study\reference_core_benchmark_pilot\known_visit_10target_300.csv,7,11,9,22.8980568592298,22.8980568592298,02,02,1,0,True,completed
169,known_visit,HIPC,bernoulli,drop_0.25,19,361,4,10,hipc_h5_bernoulli_025,C:\Users\lottj\Desktop\research\decentralized benchmark\commitment-horizon-study\reference_core_benchmark_pilot\known_visit_10target_300.csv,8,3,6,3.521939495041209,3.521939495041209,01,01,1,0,True,completed
169,known_visit,HIPC,bernoulli,drop_0.25,19,361,4,10,hipc_h5_bernoulli_025,C:\Users\lottj\Desktop\research\decentralized benchmark\commitment-horizon-study\reference_core_benchmark_pilot\known_visit_10target_300.csv,9,8,4,15.510980438874435,15.510980438874435,01,01,2,1,True,completed
169,known_visit,HIPC,bernoulli,drop_0.25,19,361,4,10,hipc_h5_bernoulli_025,C:\Users\lottj\Desktop\research\decentralized benchmark\commitment-horizon-study\reference_core_benchmark_pilot\known_visit_10target_300.csv,10,8,11,14.05069095502406,14.05069095502406,02,02,1,0,True,completed
170,known_visit,HIPC,bernoulli,drop_0.25,19,361,4,10,hipc_h5_bernoulli_025,C:\Users\lottj\Desktop\research\decentralized benchmark\commitment-horizon-study\reference_core_benchmark_pilot\known_visit_10target_300.csv,1,12,12,79.6399729615661,79.6399729615661,00,00,1,0,True,completed
170,known_visit,HIPC,bernoulli,drop_0.25,19,361,4,10,hipc_h5_bernoulli_025,C:\Users\lottj\Desktop\research\decentralized benchmark\commitment-horizon-study\reference_core_benchmark_pilot\known_visit_10target_300.csv,2,17,9,44.23190534354516,44.23190534354516,00,00,2,1,True,completed
170,known_visit,HIPC,bernoulli,drop_0.25,19,361,4,10,hipc_h5_bernoulli_025,C:\Users\lottj\Desktop\research\decentralized benchmark\commitment-horizon-study\reference_core_benchmark_pilot\known_visit_10target_300.csv,3,7,15,15.494215112165628,15.494215112165628,02,02,1,0,True,completed
170,known_visit,HIPC,bernoulli,drop_0.25,19,361,4,10,hipc_h5_bernoulli_025,C:\Users\lottj\Desktop\research\decentralized benchmark\commitment-horizon-study\reference_core_benchmark_pilot\known_visit_10target_300.csv,4,14,3,40.63617654043695,40.63617654043695,01,01,1,0,True,completed
170,known_visit,HIPC,bernoulli,drop_0.25,19,361,4,10,hipc_h5_bernoulli_025,C:\Users\lottj\Desktop\research\decentralized benchmark\commitment-horizon-study\reference_core_benchmark_pilot\known_visit_10target_300.csv,5,9,10,88.46021388155657,88.46021388155657,00,00,1,0,True,completed
170,known_visit,HIPC,bernoulli,drop_0.25,19,361,4,10,hipc_h5_bernoulli_025,C:\Users\lottj\Desktop\research\decentralized benchmark\commitment-horizon-study\reference_core_benchmark_pilot\known_visit_10target_300.csv,6,7,0,10.507694396389164,10.507694396389164,00,00,1,0,True,completed
170,known_visit,HIPC,bernoulli,drop_0.25,19,361,4,10,hipc_h5_bernoulli_025,C:\Users\lottj\Desktop\research\decentralized benchmark\commitment-horizon-study\reference_core_benchmark_pilot\known_visit_10target_300.csv,7,8,4,19.424685535730152,19.424685535730152,00,00,2,1,True,completed
170,known_visit,HIPC,bernoulli,drop_0.25,19,361,4,10,hipc_h5_bernoulli_025,C:\Users\lottj\Desktop\research\decentralized benchmark\commitment-horizon-study\reference_core_benchmark_pilot\known_visit_10target_300.csv,8,16,15,56.82380641384558,56.82380641384558,00,00,1,0,True,completed
170,known_visit,HIPC,bernoulli,drop_0.25,19,361,4,10,hipc_h5_bernoulli_025,C:\Users\lottj\Desktop\research\decentralized benchmark\commitment-horizon-study\reference_core_benchmark_pilot\known_visit_10target_300.csv,9,3,0,3.6139411220541278,3.6139411220541278,00,00,1,0,True,completed
170,known_visit,HIPC,bernoulli,drop_0.25,19,361,4,10,hipc_h5_bernoulli_025,C:\Users\lottj\Desktop\research\decentralized benchmark\commitment-horizon-study\reference_core_benchmark_pilot\known_visit_10target_300.csv,10,13,18,67.27890472078975,67.27890472078975,00,00,1,0,True,completed
171,known_visit,HIPC,bernoulli,drop_0.25,19,361,4,10,hipc_h5_bernoulli_025,C:\Users\lottj\Desktop\research\decentralized benchmark\commitment-horizon-study\reference_core_benchmark_pilot\known_visit_10target_300.csv,1,11,10,20.90880562361587,20.90880562361587,02,02,1,0,True,completed
171,known_visit,HIPC,bernoulli,drop_0.25,19,361,4,10,hipc_h5_bernoulli_025,C:\Users\lottj\Desktop\research\decentralized benchmark\commitment-horizon-study\reference_core_benchmark_pilot\known_visit_10target_300.csv,2,13,4,37.157538234846314,37.157538234846314,00,00,1,0,True,completed
171,known_visit,HIPC,bernoulli,drop_0.25,19,361,4,10,hipc_h5_bernoulli_025,C:\Users\lottj\Desktop\research\decentralized benchmark\commitment-horizon-study\reference_core_benchmark_pilot\known_visit_10target_300.csv,3,1,4,3.7832459030105094,3.7832459030105094,01,01,1,0,True,completed
171,known_visit,HIPC,bernoulli,drop_0.25,19,361,4,10,hipc_h5_bernoulli_025,C:\Users\lottj\Desktop\research\decentralized benchmark\commitment-horizon-study\reference_core_benchmark_pilot\known_visit_10target_300.csv,4,10,0,24.614922202002756,24.614922202002756,00,00,1,0,True,completed
171,known_visit,HIPC,bernoulli,drop_0.25,19,361,4,10,hipc_h5_bernoulli_025,C:\Users\lottj\Desktop\research\decentralized benchmark\commitment-horizon-study\reference_core_benchmark_pilot\known_visit_10target_300.csv,5,13,0,29.99766000698835,29.99766000698835,00,00,1,0,True,completed
171,known_visit,HIPC,bernoulli,drop_0.25,19,361,4,10,hipc_h5_bernoulli_025,C:\Users\lottj\Desktop\research\decentralized benchmark\commitment-horizon-study\reference_core_benchmark_pilot\known_visit_10target_300.csv,6,15,8,31.247014521915773,31.247014521915773,02,02,1,0,True,completed
171,known_visit,HIPC,bernoulli,drop_0.25,19,361,4,10,hipc_h5_bernoulli_025,C:\Users\lottj\Desktop\research\decentralized benchmark\commitment-horizon-study\reference_core_benchmark_pilot\known_visit_10target_300.csv,7,17,13,59.44436962780716,59.44436962780716,00,00,1,0,True,completed
171,known_visit,HIPC,bernoulli,drop_0.25,19,361,4,10,hipc_h5_bernoulli_025,C:\Users\lottj\Desktop\research\decentralized benchmark\commitment-horizon-study\reference_core_benchmark_pilot\known_visit_10target_300.csv,8,2,0,6.376639002966489,6.376639002966489,00,00,1,0,True,completed
171,known_visit,HIPC,bernoulli,drop_0.25,19,361,4,10,hipc_h5_bernoulli_025,C:\Users\lottj\Desktop\research\decentralized benchmark\commitment-horizon-study\reference_core_benchmark_pilot\known_visit_10target_300.csv,9,1,1,2.2997799004105364,2.2997799004105364,00,00,1,0,True,completed
171,known_visit,HIPC,bernoulli,drop_0.25,19,361,4,10,hipc_h5_bernoulli_025,C:\Users\lottj\Desktop\research\decentralized benchmark\commitment-horizon-study\reference_core_benchmark_pilot\known_visit_10target_300.csv,10,6,1,15.477518168568515,15.477518168568515,00,00,1,0,True,completed
172,known_visit,HIPC,bernoulli,drop_0.25,19,361,4,10,hipc_h5_bernoulli_025,C:\Users\lottj\Desktop\research\decentralized benchmark\commitment-horizon-study\reference_core_benchmark_pilot\known_visit_10target_300.csv,1,1,3,5.892625880344904,5.892625880344904,00,00,1,0,True,completed
172,known_visit,HIPC,bernoulli,drop_0.25,19,361,4,10,hipc_h5_bernoulli_025,C:\Users\lottj\Desktop\research\decentralized benchmark\commitment-horizon-study\reference_core_benchmark_pilot\known_visit_10target_300.csv,2,11,15,23.185062766388153,23.185062766388153,03,03,1,0,True,completed
172,known_visit,HIPC,bernoulli,drop_0.25,19,361,4,10,hipc_h5_bernoulli_025,C:\Users\lottj\Desktop\research\decentralized benchmark\commitment-horizon-study\reference_core_benchmark_pilot\known_visit_10target_300.csv,3,12,16,26.806022532385967,26.806022532385967,03,03,1,0,True,completed
172,known_visit,HIPC,bernoulli,drop_0.25,19,361,4,10,hipc_h5_bernoulli_025,C:\Users\lottj\Desktop\research\decentralized benchmark\commitment-horizon-study\reference_core_benchmark_pilot\known_visit_10target_300.csv,4,0,4,2.2530006640981783,2.2530006640981783,01,01,1,0,True,completed
172,known_visit,HIPC,bernoulli,drop_0.25,19,361,4,10,hipc_h5_bernoulli_025,C:\Users\lottj\Desktop\research\decentralized benchmark\commitment-horizon-study\reference_core_benchmark_pilot\known_visit_10target_300.csv,5,3,4,11.171557589457242,11.171557589457242,00,00,1,0,True,completed
172,known_visit,HIPC,bernoulli,drop_0.25,19,361,4,10,hipc_h5_bernoulli_025,C:\Users\lottj\Desktop\research\decentralized benchmark\commitment-horizon-study\reference_core_benchmark_pilot\known_visit_10target_300.csv,6,6,18,8.845478343201334,8.845478343201334,03,03,1,0,True,completed
172,known_visit,HIPC,bernoulli,drop_0.25,19,361,4,10,hipc_h5_bernoulli_025,C:\Users\lottj\Desktop\research\decentralized benchmark\commitment-horizon-study\reference_core_benchmark_pilot\known_visit_10target_300.csv,7,6,10,12.329174654408472,12.329174654408472,02,02,1,0,True,completed
172,known_visit,HIPC,bernoulli,drop_0.25,19,361,4,10,hipc_h5_bernoulli_025,C:\Users\lottj\Desktop\research\decentralized benchmark\commitment-horizon-study\reference_core_benchmark_pilot\known_visit_10target_300.csv,8,14,0,54.65478868643947,54.65478868643947,02,02,1,0,True,completed
172,known_visit,HIPC,bernoulli,drop_0.25,19,361,4,10,hipc_h5_bernoulli_025,C:\Users\lottj\Desktop\research\decentralized benchmark\commitment-horizon-study\reference_core_benchmark_pilot\known_visit_10target_300.csv,9,7,11,16.008641570228843,16.008641570228843,02,02,1,0,True,completed
172,known_visit,HIPC,bernoulli,drop_0.25,19,361,4,10,hipc_h5_bernoulli_025,C:\Users\lottj\Desktop\research\decentralized benchmark\commitment-horizon-study\reference_core_benchmark_pilot\known_visit_10target_300.csv,10,16,11,31.820302368761627,31.820302368761627,02,02,1,0,True,completed
173,known_visit,HIPC,bernoulli,drop_0.25,19,361,4,10,hipc_h5_bernoulli_025,C:\Users\lottj\Desktop\research\decentralized benchmark\commitment-horizon-study\reference_core_benchmark_pilot\known_visit_10target_300.csv,1,8,15,21.564580068568784,21.564580068568784,03,03,2,1,True,completed
173,known_visit,HIPC,bernoulli,drop_0.25,19,361,4,10,hipc_h5_bernoulli_025,C:\Users\lottj\Desktop\research\decentralized benchmark\commitment-horizon-study\reference_core_benchmark_pilot\known_visit_10target_300.csv,2,13,18,75.54268738857954,75.54268738857954,02,02,1,0,True,completed
173,known_visit,HIPC,bernoulli,drop_0.25,19,361,4,10,hipc_h5_bernoulli_025,C:\Users\lottj\Desktop\research\decentralized benchmark\commitment-horizon-study\reference_core_benchmark_pilot\known_visit_10target_300.csv,3,1,9,5.358074946560139,5.358074946560139,02,02,2,1,True,completed
173,known_visit,HIPC,bernoulli,drop_0.25,19,361,4,10,hipc_h5_bernoulli_025,C:\Users\lottj\Desktop\research\decentralized benchmark\commitment-horizon-study\reference_core_benchmark_pilot\known_visit_10target_300.csv,4,14,6,58.770061454810694,58.770061454810694,03,03,1,0,True,completed
173,known_visit,HIPC,bernoulli,drop_0.25,19,361,4,10,hipc_h5_bernoulli_025,C:\Users\lottj\Desktop\research\decentralized benchmark\commitment-horizon-study\reference_core_benchmark_pilot\known_visit_10target_300.csv,5,14,3,63.83544164436747,63.83544164436747,03,03,1,0,True,completed
173,known_visit,HIPC,bernoulli,drop_0.25,19,361,4,10,hipc_h5_bernoulli_025,C:\Users\lottj\Desktop\research\decentralized benchmark\commitment-horizon-study\reference_core_benchmark_pilot\known_visit_10target_300.csv,6,17,9,153.37692153270226,153.37692153270226,01,01,1,0,True,completed
173,known_visit,HIPC,bernoulli,drop_0.25,19,361,4,10,hipc_h5_bernoulli_025,C:\Users\lottj\Desktop\research\decentralized benchmark\commitment-horizon-study\reference_core_benchmark_pilot\known_visit_10target_300.csv,7,17,13,41.07900046372026,41.07900046372026,03,03,1,0,True,completed
173,known_visit,HIPC,bernoulli,drop_0.25,19,361,4,10,hipc_h5_bernoulli_025,C:\Users\lottj\Desktop\research\decentralized benchmark\commitment-horizon-study\reference_core_benchmark_pilot\known_visit_10target_300.csv,8,16,5,155.22369144218004,155.22369144218004,03,03,1,0,True,completed
173,known_visit,HIPC,bernoulli,drop_0.25,19,361,4,10,hipc_h5_bernoulli_025,C:\Users\lottj\Desktop\research\decentralized benchmark\commitment-horizon-study\reference_core_benchmark_pilot\known_visit_10target_300.csv,9,10,14,27.055331831030443,27.055331831030443,03,03,2,1,True,completed
173,known_visit,HIPC,bernoulli,drop_0.25,19,361,4,10,hipc_h5_bernoulli_025,C:\Users\lottj\Desktop\research\decentralized benchmark\commitment-horizon-study\reference_core_benchmark_pilot\known_visit_10target_300.csv,10,16,10,48.173042075460536,48.173042075460536,03,03,1,0,True,completed
174,known_visit,HIPC,bernoulli,drop_0.25,19,361,4,10,hipc_h5_bernoulli_025,C:\Users\lottj\Desktop\research\decentralized benchmark\commitment-horizon-study\reference_core_benchmark_pilot\known_visit_10target_300.csv,1,0,2,2.0614996397029914,2.0614996397029914,00,00,1,0,True,completed
174,known_visit,HIPC,bernoulli,drop_0.25,19,361,4,10,hipc_h5_bernoulli_025,C:\Users\lottj\Desktop\research\decentralized benchmark\commitment-horizon-study\reference_core_benchmark_pilot\known_visit_10target_300.csv,2,10,3,20.864290979791704,20.864290979791704,00,00,2,1,True,completed
174,known_visit,HIPC,bernoulli,drop_0.25,19,361,4,10,hipc_h5_bernoulli_025,C:\Users\lottj\Desktop\research\decentralized benchmark\commitment-horizon-study\reference_core_benchmark_pilot\known_visit_10target_300.csv,3,1,11,2.236050368135266,2.236050368135266,02,02,1,0,True,completed
174,known_visit,HIPC,bernoulli,drop_0.25,19,361,4,10,hipc_h5_bernoulli_025,C:\Users\lottj\Desktop\research\decentralized benchmark\commitment-horizon-study\reference_core_benchmark_pilot\known_visit_10target_300.csv,4,7,15,15.907859572164478,15.907859572164478,03,03,1,0,True,completed
174,known_visit,HIPC,bernoulli,drop_0.25,19,361,4,10,hipc_h5_bernoulli_025,C:\Users\lottj\Desktop\research\decentralized benchmark\commitment-horizon-study\reference_core_benchmark_pilot\known_visit_10target_300.csv,5,17,17,61.43527944299286,61.43527944299286,00,00,1,0,True,completed
174,known_visit,HIPC,bernoulli,drop_0.25,19,361,4,10,hipc_h5_bernoulli_025,C:\Users\lottj\Desktop\research\decentralized benchmark\commitment-horizon-study\reference_core_benchmark_pilot\known_visit_10target_300.csv,6,10,9,31.677866922159158,31.677866922159158,03,03,1,0,True,completed
174,known_visit,HIPC,bernoulli,drop_0.25,19,361,4,10,hipc_h5_bernoulli_025,C:\Users\lottj\Desktop\research\decentralized benchmark\commitment-horizon-study\reference_core_benchmark_pilot\known_visit_10target_300.csv,7,12,2,26.020241396506332,26.020241396506332,00,00,2,1,True,completed
174,known_visit,HIPC,bernoulli,drop_0.25,19,361,4,10,hipc_h5_bernoulli_025,C:\Users\lottj\Desktop\research\decentralized benchmark\commitment-horizon-study\reference_core_benchmark_pilot\known_visit_10target_300.csv,8,13,11,43.50079103183908,43.50079103183908,00,00,1,0,True,completed
174,known_visit,HIPC,bernoulli,drop_0.25,19,361,4,10,hipc_h5_bernoulli_025,C:\Users\lottj\Desktop\research\decentralized benchmark\commitment-horizon-study\reference_core_benchmark_pilot\known_visit_10target_300.csv,9,16,11,48.91160493273433,48.91160493273433,00,00,1,0,True,completed
174,known_visit,HIPC,bernoulli,drop_0.25,19,361,4,10,hipc_h5_bernoulli_025,C:\Users\lottj\Desktop\research\decentralized benchmark\commitment-horizon-study\reference_core_benchmark_pilot\known_visit_10target_300.csv,10,13,6,35.06265805873271,35.06265805873271,00,00,1,0,True,completed
175,known_visit,HIPC,bernoulli,drop_0.25,19,361,4,10,hipc_h5_bernoulli_025,C:\Users\lottj\Desktop\research\decentralized benchmark\commitment-horizon-study\reference_core_benchmark_pilot\known_visit_10target_300.csv,1,16,12,51.93456429938692,51.93456429938692,01,01,1,0,True,completed
175,known_visit,HIPC,bernoulli,drop_0.25,19,361,4,10,hipc_h5_bernoulli_025,C:\Users\lottj\Desktop\research\decentralized benchmark\commitment-horizon-study\reference_core_benchmark_pilot\known_visit_10target_300.csv,2,7,10,28.2796391673102,28.2796391673102,01,01,1,0,True,completed
175,known_visit,HIPC,bernoulli,drop_0.25,19,361,4,10,hipc_h5_bernoulli_025,C:\Users\lottj\Desktop\research\decentralized benchmark\commitment-horizon-study\reference_core_benchmark_pilot\known_visit_10target_300.csv,3,3,6,3.635758698889941,3.635758698889941,01,01,1,0,True,completed
175,known_visit,HIPC,bernoulli,drop_0.25,19,361,4,10,hipc_h5_bernoulli_025,C:\Users\lottj\Desktop\research\decentralized benchmark\commitment-horizon-study\reference_core_benchmark_pilot\known_visit_10target_300.csv,4,14,10,44.54581437312856,44.54581437312856,01,01,1,0,True,completed
175,known_visit,HIPC,bernoulli,drop_0.25,19,361,4,10,hipc_h5_bernoulli_025,C:\Users\lottj\Desktop\research\decentralized benchmark\commitment-horizon-study\reference_core_benchmark_pilot\known_visit_10target_300.csv,5,10,6,15.790720194178725,15.790720194178725,01,01,1,0,True,completed
175,known_visit,HIPC,bernoulli,drop_0.25,19,361,4,10,hipc_h5_bernoulli_025,C:\Users\lottj\Desktop\research\decentralized benchmark\commitment-horizon-study\reference_core_benchmark_pilot\known_visit_10target_300.csv,6,10,17,17.398945533545003,17.398945533545003,03,03,1,0,True,completed
175,known_visit,HIPC,bernoulli,drop_0.25,19,361,4,10,hipc_h5_bernoulli_025,C:\Users\lottj\Desktop\research\decentralized benchmark\commitment-horizon-study\reference_core_benchmark_pilot\known_visit_10target_300.csv,7,2,13,3.8282191413611435,3.8282191413611435,02,02,1,0,True,completed
175,known_visit,HIPC,bernoulli,drop_0.25,19,361,4,10,hipc_h5_bernoulli_025,C:\Users\lottj\Desktop\research\decentralized benchmark\commitment-horizon-study\reference_core_benchmark_pilot\known_visit_10target_300.csv,8,15,10,46.63849823129506,46.63849823129506,01,01,1,0,True,completed
175,known_visit,HIPC,bernoulli,drop_0.25,19,361,4,10,hipc_h5_bernoulli_025,C:\Users\lottj\Desktop\research\decentralized benchmark\commitment-horizon-study\reference_core_benchmark_pilot\known_visit_10target_300.csv,9,15,15,59.215256406395504,59.215256406395504,01,01,1,0,True,completed
175,known_visit,HIPC,bernoulli,drop_0.25,19,361,4,10,hipc_h5_bernoulli_025,C:\Users\lottj\Desktop\research\decentralized benchmark\commitment-horizon-study\reference_core_benchmark_pilot\known_visit_10target_300.csv,10,17,1,43.89479370884621,43.89479370884621,00,00,1,0,True,completed
176,known_visit,HIPC,bernoulli,drop_0.25,19,361,4,10,hipc_h5_bernoulli_025,C:\Users\lottj\Desktop\research\decentralized benchmark\commitment-horizon-study\reference_core_benchmark_pilot\known_visit_10target_300.csv,1,17,6,59.79131849987451,59.79131849987451,02,02,1,0,True,completed
176,known_visit,HIPC,bernoulli,drop_0.25,19,361,4,10,hipc_h5_bernoulli_025,C:\Users\lottj\Desktop\research\decentralized benchmark\commitment-horizon-study\reference_core_benchmark_pilot\known_visit_10target_300.csv,2,10,7,17.599632536010123,17.599632536010123,01,01,2,1,True,completed
176,known_visit,HIPC,bernoulli,drop_0.25,19,361,4,10,hipc_h5_bernoulli_025,C:\Users\lottj\Desktop\research\decentralized benchmark\commitment-horizon-study\reference_core_benchmark_pilot\known_visit_10target_300.csv,3,6,14,19.7038018941578,19.7038018941578,02,02,1,0,True,completed
176,known_visit,HIPC,bernoulli,drop_0.25,19,361,4,10,hipc_h5_bernoulli_025,C:\Users\lottj\Desktop\research\decentralized benchmark\commitment-horizon-study\reference_core_benchmark_pilot\known_visit_10target_300.csv,4,2,10,5.486455105525172,5.486455105525172,02,02,2,1,True,completed
176,known_visit,HIPC,bernoulli,drop_0.25,19,361,4,10,hipc_h5_bernoulli_025,C:\Users\lottj\Desktop\research\decentralized benchmark\commitment-horizon-study\reference_core_benchmark_pilot\known_visit_10target_300.csv,5,14,14,40.678258824372634,40.678258824372634,02,02,1,0,True,completed
176,known_visit,HIPC,bernoulli,drop_0.25,19,361,4,10,hipc_h5_bernoulli_025,C:\Users\lottj\Desktop\research\decentralized benchmark\commitment-horizon-study\reference_core_benchmark_pilot\known_visit_10target_300.csv,6,12,0,18.688640388381316,18.688640388381316,00,00,1,0,True,completed
176,known_visit,HIPC,bernoulli,drop_0.25,19,361,4,10,hipc_h5_bernoulli_025,C:\Users\lottj\Desktop\research\decentralized benchmark\commitment-horizon-study\reference_core_benchmark_pilot\known_visit_10target_300.csv,7,8,16,26.75449933047202,26.75449933047202,02,02,1,0,True,completed
176,known_visit,HIPC,bernoulli,drop_0.25,19,361,4,10,hipc_h5_bernoulli_025,C:\Users\lottj\Desktop\research\decentralized benchmark\commitment-horizon-study\reference_core_benchmark_pilot\known_visit_10target_300.csv,8,12,16,33.50708996281801,33.50708996281801,02,02,1,0,True,completed
176,known_visit,HIPC,bernoulli,drop_0.25,19,361,4,10,hipc_h5_bernoulli_025,C:\Users\lottj\Desktop\research\decentralized benchmark\commitment-horizon-study\reference_core_benchmark_pilot\known_visit_10target_300.csv,9,17,12,49.438044680146795,49.438044680146795,02,02,1,0,True,completed
176,known_visit,HIPC,bernoulli,drop_0.25,19,361,4,10,hipc_h5_bernoulli_025,C:\Users\lottj\Desktop\research\decentralized benchmark\commitment-horizon-study\reference_core_benchmark_pilot\known_visit_10target_300.csv,10,9,6,13.869635860321477,13.869635860321477,01,01,2,1,True,completed
177,known_visit,HIPC,bernoulli,drop_0.25,19,361,4,10,hipc_h5_bernoulli_025,C:\Users\lottj\Desktop\research\decentralized benchmark\commitment-horizon-study\reference_core_benchmark_pilot\known_visit_10target_300.csv,1,10,7,28.675867233888685,28.675867233888685,00,00,1,0,True,completed
177,known_visit,HIPC,bernoulli,drop_0.25,19,361,4,10,hipc_h5_bernoulli_025,C:\Users\lottj\Desktop\research\decentralized benchmark\commitment-horizon-study\reference_core_benchmark_pilot\known_visit_10target_300.csv,2,2,1,3.837873457567125,3.837873457567125,00,00,2,1,True,completed
177,known_visit,HIPC,bernoulli,drop_0.25,19,361,4,10,hipc_h5_bernoulli_025,C:\Users\lottj\Desktop\research\decentralized benchmark\commitment-horizon-study\reference_core_benchmark_pilot\known_visit_10target_300.csv,3,11,16,141.22521905442372,141.22521905442372,03,03,1,0,True,completed
177,known_visit,HIPC,bernoulli,drop_0.25,19,361,4,10,hipc_h5_bernoulli_025,C:\Users\lottj\Desktop\research\decentralized benchmark\commitment-horizon-study\reference_core_benchmark_pilot\known_visit_10target_300.csv,4,14,8,44.28188413165355,44.28188413165355,00,00,1,0,True,completed
177,known_visit,HIPC,bernoulli,drop_0.25,19,361,4,10,hipc_h5_bernoulli_025,C:\Users\lottj\Desktop\research\decentralized benchmark\commitment-horizon-study\reference_core_benchmark_pilot\known_visit_10target_300.csv,5,12,10,37.20459231828477,37.20459231828477,00,00,1,0,True,completed
177,known_visit,HIPC,bernoulli,drop_0.25,19,361,4,10,hipc_h5_bernoulli_025,C:\Users\lottj\Desktop\research\decentralized benchmark\commitment-horizon-study\reference_core_benchmark_pilot\known_visit_10target_300.csv,6,0,17,0.4099197620828564,0.4099197620828564,03,03,1,0,True,completed
177,known_visit,HIPC,bernoulli,drop_0.25,19,361,4,10,hipc_h5_bernoulli_025,C:\Users\lottj\Desktop\research\decentralized benchmark\commitment-horizon-study\reference_core_benchmark_pilot\known_visit_10target_300.csv,7,17,2,59.96260343049126,59.96260343049126,00,00,1,0,True,completed
177,known_visit,HIPC,bernoulli,drop_0.25,19,361,4,10,hipc_h5_bernoulli_025,C:\Users\lottj\Desktop\research\decentralized benchmark\commitment-horizon-study\reference_core_benchmark_pilot\known_visit_10target_300.csv,8,10,14,139.40698805630333,139.40698805630333,02,02,1,0,True,completed
177,known_visit,HIPC,bernoulli,drop_0.25,19,361,4,10,hipc_h5_bernoulli_025,C:\Users\lottj\Desktop\research\decentralized benchmark\commitment-horizon-study\reference_core_benchmark_pilot\known_visit_10target_300.csv,9,6,1,11.093584068970838,11.093584068970838,00,00,1,0,True,completed
177,known_visit,HIPC,bernoulli,drop_0.25,19,361,4,10,hipc_h5_bernoulli_025,C:\Users\lottj\Desktop\research\decentralized benchmark\commitment-horizon-study\reference_core_benchmark_pilot\known_visit_10target_300.csv,10,17,3,57.93001502138913,57.93001502138913,00,00,1,0,True,completed
178,known_visit,HIPC,bernoulli,drop_0.25,19,361,4,10,hipc_h5_bernoulli_025,C:\Users\lottj\Desktop\research\decentralized benchmark\commitment-horizon-study\reference_core_benchmark_pilot\known_visit_10target_300.csv,1,12,10,22.687131311579748,22.687131311579748,02,02,1,0,True,completed
178,known_visit,HIPC,bernoulli,drop_0.25,19,361,4,10,hipc_h5_bernoulli_025,C:\Users\lottj\Desktop\research\decentralized benchmark\commitment-horizon-study\reference_core_benchmark_pilot\known_visit_10target_300.csv,2,14,0,50.7874215337261,50.7874215337261,02,02,1,0,True,completed
178,known_visit,HIPC,bernoulli,drop_0.25,19,361,4,10,hipc_h5_bernoulli_025,C:\Users\lottj\Desktop\research\decentralized benchmark\commitment-horizon-study\reference_core_benchmark_pilot\known_visit_10target_300.csv,3,8,11,13.961984134388231,13.961984134388231,02,02,2,1,True,completed
178,known_visit,HIPC,bernoulli,drop_0.25,19,361,4,10,hipc_h5_bernoulli_025,C:\Users\lottj\Desktop\research\decentralized benchmark\commitment-horizon-study\reference_core_benchmark_pilot\known_visit_10target_300.csv,4,13,10,24.38674465077145,24.38674465077145,02,02,1,0,True,completed
178,known_visit,HIPC,bernoulli,drop_0.25,19,361,4,10,hipc_h5_bernoulli_025,C:\Users\lottj\Desktop\research\decentralized benchmark\commitment-horizon-study\reference_core_benchmark_pilot\known_visit_10target_300.csv,5,14,11,28.09499028692437,28.09499028692437,02,02,1,0,True,completed
178,known_visit,HIPC,bernoulli,drop_0.25,19,361,4,10,hipc_h5_bernoulli_025,C:\Users\lottj\Desktop\research\decentralized benchmark\commitment-horizon-study\reference_core_benchmark_pilot\known_visit_10target_300.csv,6,16,2,58.23666857039173,58.23666857039173,02,02,1,0,True,completed
178,known_visit,HIPC,bernoulli,drop_0.25,19,361,4,10,hipc_h5_bernoulli_025,C:\Users\lottj\Desktop\research\decentralized benchmark\commitment-horizon-study\reference_core_benchmark_pilot\known_visit_10target_300.csv,7,10,12,33.15888270220585,33.15888270220585,01,01,1,0,True,completed
178,known_visit,HIPC,bernoulli,drop_0.25,19,361,4,10,hipc_h5_bernoulli_025,C:\Users\lottj\Desktop\research\decentralized benchmark\commitment-horizon-study\reference_core_benchmark_pilot\known_visit_10target_300.csv,8,8,16,16.40089951381567,16.40089951381567,03,03,1,0,True,completed
178,known_visit,HIPC,bernoulli,drop_0.25,19,361,4,10,hipc_h5_bernoulli_025,C:\Users\lottj\Desktop\research\decentralized benchmark\commitment-horizon-study\reference_core_benchmark_pilot\known_visit_10target_300.csv,9,11,12,35.20588521829343,35.20588521829343,01,01,1,0,True,completed
178,known_visit,HIPC,bernoulli,drop_0.25,19,361,4,10,hipc_h5_bernoulli_025,C:\Users\lottj\Desktop\research\decentralized benchmark\commitment-horizon-study\reference_core_benchmark_pilot\known_visit_10target_300.csv,10,7,4,13.960205243791998,13.960205243791998,01,01,1,0,True,completed
179,known_visit,HIPC,bernoulli,drop_0.25,19,361,4,10,hipc_h5_bernoulli_025,C:\Users\lottj\Desktop\research\decentralized benchmark\commitment-horizon-study\reference_core_benchmark_pilot\known_visit_10target_300.csv,1,11,4,24.266557478766934,24.266557478766934,00,00,1,0,True,completed
179,known_visit,HIPC,bernoulli,drop_0.25,19,361,4,10,hipc_h5_bernoulli_025,C:\Users\lottj\Desktop\research\decentralized benchmark\commitment-horizon-study\reference_core_benchmark_pilot\known_visit_10target_300.csv,2,5,9,16.903129873066547,16.903129873066547,02,02,1,0,True,completed
179,known_visit,HIPC,bernoulli,drop_0.25,19,361,4,10,hipc_h5_bernoulli_025,C:\Users\lottj\Desktop\research\decentralized benchmark\commitment-horizon-study\reference_core_benchmark_pilot\known_visit_10target_300.csv,3,17,12,48.4651846140004,48.4651846140004,00,00,1,0,True,completed
179,known_visit,HIPC,bernoulli,drop_0.25,19,361,4,10,hipc_h5_bernoulli_025,C:\Users\lottj\Desktop\research\decentralized benchmark\commitment-horizon-study\reference_core_benchmark_pilot\known_visit_10target_300.csv,4,3,11,9.595087964353274,9.595087964353274,02,02,2,1,True,completed
179,known_visit,HIPC,bernoulli,drop_0.25,19,361,4,10,hipc_h5_bernoulli_025,C:\Users\lottj\Desktop\research\decentralized benchmark\commitment-horizon-study\reference_core_benchmark_pilot\known_visit_10target_300.csv,5,6,4,15.84814555140185,15.84814555140185,00,00,2,1,True,completed
179,known_visit,HIPC,bernoulli,drop_0.25,19,361,4,10,hipc_h5_bernoulli_025,C:\Users\lottj\Desktop\research\decentralized benchmark\commitment-horizon-study\reference_core_benchmark_pilot\known_visit_10target_300.csv,6,1,16,3.878878587375048,3.878878587375048,03,03,1,0,True,completed
179,known_visit,HIPC,bernoulli,drop_0.25,19,361,4,10,hipc_h5_bernoulli_025,C:\Users\lottj\Desktop\research\decentralized benchmark\commitment-horizon-study\reference_core_benchmark_pilot\known_visit_10target_300.csv,7,14,7,34.64628649123659,34.64628649123659,00,00,1,0,True,completed
179,known_visit,HIPC,bernoulli,drop_0.25,19,361,4,10,hipc_h5_bernoulli_025,C:\Users\lottj\Desktop\research\decentralized benchmark\commitment-horizon-study\reference_core_benchmark_pilot\known_visit_10target_300.csv,8,13,13,57.30310674327966,57.30310674327966,00,00,1,0,True,completed
179,known_visit,HIPC,bernoulli,drop_0.25,19,361,4,10,hipc_h5_bernoulli_025,C:\Users\lottj\Desktop\research\decentralized benchmark\commitment-horizon-study\reference_core_benchmark_pilot\known_visit_10target_300.csv,9,1,3,5.530768104261676,5.530768104261676,00,00,2,1,True,completed
179,known_visit,HIPC,bernoulli,drop_0.25,19,361,4,10,hipc_h5_bernoulli_025,C:\Users\lottj\Desktop\research\decentralized benchmark\commitment-horizon-study\reference_core_benchmark_pilot\known_visit_10target_300.csv,10,0,10,2.2861354914487726,2.2861354914487726,02,02,1,0,True,completed
180,known_visit,HIPC,bernoulli,drop_0.25,19,361,4,10,hipc_h5_bernoulli_025,C:\Users\lottj\Desktop\research\decentralized benchmark\commitment-horizon-study\reference_core_benchmark_pilot\known_visit_10target_300.csv,1,7,9,23.70911703028987,23.70911703028987,01,01,1,0,True,completed
180,known_visit,HIPC,bernoulli,drop_0.25,19,361,4,10,hipc_h5_bernoulli_025,C:\Users\lottj\Desktop\research\decentralized benchmark\commitment-horizon-study\reference_core_benchmark_pilot\known_visit_10target_300.csv,2,17,3,65.73525973473899,65.73525973473899,01,01,1,0,True,completed
180,known_visit,HIPC,bernoulli,drop_0.25,19,361,4,10,hipc_h5_bernoulli_025,C:\Users\lottj\Desktop\research\decentralized benchmark\commitment-horizon-study\reference_core_benchmark_pilot\known_visit_10target_300.csv,3,1,17,12.640410725504685,12.640410725504685,02,02,1,0,True,completed
180,known_visit,HIPC,bernoulli,drop_0.25,19,361,4,10,hipc_h5_bernoulli_025,C:\Users\lottj\Desktop\research\decentralized benchmark\commitment-horizon-study\reference_core_benchmark_pilot\known_visit_10target_300.csv,4,14,9,35.991047805860354,35.991047805860354,01,01,1,0,True,completed
180,known_visit,HIPC,bernoulli,drop_0.25,19,361,4,10,hipc_h5_bernoulli_025,C:\Users\lottj\Desktop\research\decentralized benchmark\commitment-horizon-study\reference_core_benchmark_pilot\known_visit_10target_300.csv,5,17,12,46.1646142378029,46.1646142378029,01,01,1,0,True,completed
180,known_visit,HIPC,bernoulli,drop_0.25,19,361,4,10,hipc_h5_bernoulli_025,C:\Users\lottj\Desktop\research\decentralized benchmark\commitment-horizon-study\reference_core_benchmark_pilot\known_visit_10target_300.csv,6,2,17,10.63846069145395,10.63846069145395,02,02,1,0,True,completed
180,known_visit,HIPC,bernoulli,drop_0.25,19,361,4,10,hipc_h5_bernoulli_025,C:\Users\lottj\Desktop\research\decentralized benchmark\commitment-horizon-study\reference_core_benchmark_pilot\known_visit_10target_300.csv,7,2,14,5.616672409206705,5.616672409206705,02,02,1,0,True,completed
180,known_visit,HIPC,bernoulli,drop_0.25,19,361,4,10,hipc_h5_bernoulli_025,C:\Users\lottj\Desktop\research\decentralized benchmark\commitment-horizon-study\reference_core_benchmark_pilot\known_visit_10target_300.csv,8,9,1,15.843572281592547,15.843572281592547,00,00,2,1,True,completed
180,known_visit,HIPC,bernoulli,drop_0.25,19,361,4,10,hipc_h5_bernoulli_025,C:\Users\lottj\Desktop\research\decentralized benchmark\commitment-horizon-study\reference_core_benchmark_pilot\known_visit_10target_300.csv,9,6,5,14.557744139828436,14.557744139828436,01,01,1,0,True,completed
180,known_visit,HIPC,bernoulli,drop_0.25,19,361,4,10,hipc_h5_bernoulli_025,C:\Users\lottj\Desktop\research\decentralized benchmark\commitment-horizon-study\reference_core_benchmark_pilot\known_visit_10target_300.csv,10,0,7,0.4821046289051568,0.4821046289051568,01,01,2,1,True,completed
181,known_visit,HIPC,bernoulli,drop_0.25,19,361,4,10,hipc_h5_bernoulli_025,C:\Users\lottj\Desktop\research\decentralized benchmark\commitment-horizon-study\reference_core_benchmark_pilot\known_visit_10target_300.csv,1,15,4,49.116334978055484,49.116334978055484,02,02,1,0,True,completed
181,known_visit,HIPC,bernoulli,drop_0.25,19,361,4,10,hipc_h5_bernoulli_025,C:\Users\lottj\Desktop\research\decentralized benchmark\commitment-horizon-study\reference_core_benchmark_pilot\known_visit_10target_300.csv,2,16,15,41.994770269558416,41.994770269558416,01,01,1,0,True,completed
181,known_visit,HIPC,bernoulli,drop_0.25,19,361,4,10,hipc_h5_bernoulli_025,C:\Users\lottj\Desktop\research\decentralized benchmark\commitment-horizon-study\reference_core_benchmark_pilot\known_visit_10target_300.csv,3,16,8,33.125429679950265,33.125429679950265,02,02,1,0,True,completed
181,known_visit,HIPC,bernoulli,drop_0.25,19,361,4,10,hipc_h5_bernoulli_025,C:\Users\lottj\Desktop\research\decentralized benchmark\commitment-horizon-study\reference_core_benchmark_pilot\known_visit_10target_300.csv,4,1,8,3.738127446924667,3.738127446924667,01,01,1,0,True,completed
181,known_visit,HIPC,bernoulli,drop_0.25,19,361,4,10,hipc_h5_bernoulli_025,C:\Users\lottj\Desktop\research\decentralized benchmark\commitment-horizon-study\reference_core_benchmark_pilot\known_visit_10target_300.csv,5,6,10,12.42379917033411,12.42379917033411,02,02,2,1,True,completed
181,known_visit,HIPC,bernoulli,drop_0.25,19,361,4,10,hipc_h5_bernoulli_025,C:\Users\lottj\Desktop\research\decentralized benchmark\commitment-horizon-study\reference_core_benchmark_pilot\known_visit_10target_300.csv,6,4,17,14.90668407456887,14.90668407456887,03,03,1,0,True,completed
181,known_visit,HIPC,bernoulli,drop_0.25,19,361,4,10,hipc_h5_bernoulli_025,C:\Users\lottj\Desktop\research\decentralized benchmark\commitment-horizon-study\reference_core_benchmark_pilot\known_visit_10target_300.csv,7,3,1,5.438576932113443,5.438576932113443,00,00,1,0,True,completed
181,known_visit,HIPC,bernoulli,drop_0.25,19,361,4,10,hipc_h5_bernoulli_025,C:\Users\lottj\Desktop\research\decentralized benchmark\commitment-horizon-study\reference_core_benchmark_pilot\known_visit_10target_300.csv,8,18,7,38.50813980530959,38.50813980530959,02,02,1,0,True,completed
181,known_visit,HIPC,bernoulli,drop_0.25,19,361,4,10,hipc_h5_bernoulli_025,C:\Users\lottj\Desktop\research\decentralized benchmark\commitment-horizon-study\reference_core_benchmark_pilot\known_visit_10target_300.csv,9,0,15,3.7614430223709365,3.7614430223709365,03,03,1,0,True,completed
181,known_visit,HIPC,bernoulli,drop_0.25,19,361,4,10,hipc_h5_bernoulli_025,C:\Users\lottj\Desktop\research\decentralized benchmark\commitment-horizon-study\reference_core_benchmark_pilot\known_visit_10target_300.csv,10,13,11,29.976250360316346,29.976250360316346,01,01,1,0,True,completed
182,known_visit,HIPC,bernoulli,drop_0.25,19,361,4,10,hipc_h5_bernoulli_025,C:\Users\lottj\Desktop\research\decentralized benchmark\commitment-horizon-study\reference_core_benchmark_pilot\known_visit_10target_300.csv,1,18,0,179.463826629712,179.463826629712,02,02,1,0,True,completed
182,known_visit,HIPC,bernoulli,drop_0.25,19,361,4,10,hipc_h5_bernoulli_025,C:\Users\lottj\Desktop\research\decentralized benchmark\commitment-horizon-study\reference_core_benchmark_pilot\known_visit_10target_300.csv,2,11,18,16.46808578997669,16.46808578997669,03,03,1,0,True,completed
182,known_visit,HIPC,bernoulli,drop_0.25,19,361,4,10,hipc_h5_bernoulli_025,C:\Users\lottj\Desktop\research\decentralized benchmark\commitment-horizon-study\reference_core_benchmark_pilot\known_visit_10target_300.csv,3,3,11,6.004406234338305,6.004406234338305,02,02,1,0,True,completed
182,known_visit,HIPC,bernoulli,drop_0.25,19,361,4,10,hipc_h5_bernoulli_025,C:\Users\lottj\Desktop\research\decentralized benchmark\commitment-horizon-study\reference_core_benchmark_pilot\known_visit_10target_300.csv,4,6,7,18.617032108017177,18.617032108017177,02,02,2,1,True,completed
182,known_visit,HIPC,bernoulli,drop_0.25,19,361,4,10,hipc_h5_bernoulli_025,C:\Users\lottj\Desktop\research\decentralized benchmark\commitment-horizon-study\reference_core_benchmark_pilot\known_visit_10target_300.csv,5,4,10,9.794258195972125,9.794258195972125,02,02,2,1,True,completed
182,known_visit,HIPC,bernoulli,drop_0.25,19,361,4,10,hipc_h5_bernoulli_025,C:\Users\lottj\Desktop\research\decentralized benchmark\commitment-horizon-study\reference_core_benchmark_pilot\known_visit_10target_300.csv,6,12,5,28.00185702077333,28.00185702077333,00,00,1,0,True,completed
182,known_visit,HIPC,bernoulli,drop_0.25,19,361,4,10,hipc_h5_bernoulli_025,C:\Users\lottj\Desktop\research\decentralized benchmark\commitment-horizon-study\reference_core_benchmark_pilot\known_visit_10target_300.csv,7,8,9,25.909177293414977,25.909177293414977,02,02,2,1,True,completed
182,known_visit,HIPC,bernoulli,drop_0.25,19,361,4,10,hipc_h5_bernoulli_025,C:\Users\lottj\Desktop\research\decentralized benchmark\commitment-horizon-study\reference_core_benchmark_pilot\known_visit_10target_300.csv,8,12,3,24.29111156452657,24.29111156452657,00,00,2,1,True,completed
182,known_visit,HIPC,bernoulli,drop_0.25,19,361,4,10,hipc_h5_bernoulli_025,C:\Users\lottj\Desktop\research\decentralized benchmark\commitment-horizon-study\reference_core_benchmark_pilot\known_visit_10target_300.csv,9,11,3,22.575473258071817,22.575473258071817,00,00,2,1,True,completed
182,known_visit,HIPC,bernoulli,drop_0.25,19,361,4,10,hipc_h5_bernoulli_025,C:\Users\lottj\Desktop\research\decentralized benchmark\commitment-horizon-study\reference_core_benchmark_pilot\known_visit_10target_300.csv,10,0,3,3.764960193664702,3.764960193664702,00,00,2,1,True,completed
183,known_visit,HIPC,bernoulli,drop_0.25,19,361,4,10,hipc_h5_bernoulli_025,C:\Users\lottj\Desktop\research\decentralized benchmark\commitment-horizon-study\reference_core_benchmark_pilot\known_visit_10target_300.csv,1,12,16,23.015062925005072,23.015062925005072,03,03,1,0,True,completed
183,known_visit,HIPC,bernoulli,drop_0.25,19,361,4,10,hipc_h5_bernoulli_025,C:\Users\lottj\Desktop\research\decentralized benchmark\commitment-horizon-study\reference_core_benchmark_pilot\known_visit_10target_300.csv,2,13,9,41.48443680161494,41.48443680161494,03,03,1,0,True,completed
183,known_visit,HIPC,bernoulli,drop_0.25,19,361,4,10,hipc_h5_bernoulli_025,C:\Users\lottj\Desktop\research\decentralized benchmark\commitment-horizon-study\reference_core_benchmark_pilot\known_visit_10target_300.csv,3,9,4,21.145212612751386,21.145212612751386,00,00,1,0,True,completed
183,known_visit,HIPC,bernoulli,drop_0.25,19,361,4,10,hipc_h5_bernoulli_025,C:\Users\lottj\Desktop\research\decentralized benchmark\commitment-horizon-study\reference_core_benchmark_pilot\known_visit_10target_300.csv,4,16,0,40.53295418115292,40.53295418115292,00,00,1,0,True,completed
183,known_visit,HIPC,bernoulli,drop_0.25,19,361,4,10,hipc_h5_bernoulli_025,C:\Users\lottj\Desktop\research\decentralized benchmark\commitment-horizon-study\reference_core_benchmark_pilot\known_visit_10target_300.csv,5,13,11,37.74728397017847,37.74728397017847,03,03,1,0,True,completed
183,known_visit,HIPC,bernoulli,drop_0.25,19,361,4,10,hipc_h5_bernoulli_025,C:\Users\lottj\Desktop\research\decentralized benchmark\commitment-horizon-study\reference_core_benchmark_pilot\known_visit_10target_300.csv,6,13,15,26.723140005283266,26.723140005283266,03,03,1,0,True,completed
183,known_visit,HIPC,bernoulli,drop_0.25,19,361,4,10,hipc_h5_bernoulli_025,C:\Users\lottj\Desktop\research\decentralized benchmark\commitment-horizon-study\reference_core_benchmark_pilot\known_visit_10target_300.csv,7,15,10,47.234471346079715,47.234471346079715,03,03,1,0,True,completed
183,known_visit,HIPC,bernoulli,drop_0.25,19,361,4,10,hipc_h5_bernoulli_025,C:\Users\lottj\Desktop\research\decentralized benchmark\commitment-horizon-study\reference_core_benchmark_pilot\known_visit_10target_300.csv,8,12,12,33.715684206888426,33.715684206888426,03,03,1,0,True,completed
183,known_visit,HIPC,bernoulli,drop_0.25,19,361,4,10,hipc_h5_bernoulli_025,C:\Users\lottj\Desktop\research\decentralized benchmark\commitment-horizon-study\reference_core_benchmark_pilot\known_visit_10target_300.csv,9,1,2,3.953542087054813,3.953542087054813,00,00,1,0,True,completed
183,known_visit,HIPC,bernoulli,drop_0.25,19,361,4,10,hipc_h5_bernoulli_025,C:\Users\lottj\Desktop\research\decentralized benchmark\commitment-horizon-study\reference_core_benchmark_pilot\known_visit_10target_300.csv,10,8,17,14.087458132329223,14.087458132329223,03,03,1,0,True,completed
184,known_visit,HIPC,bernoulli,drop_0.25,19,361,4,10,hipc_h5_bernoulli_025,C:\Users\lottj\Desktop\research\decentralized benchmark\commitment-horizon-study\reference_core_benchmark_pilot\known_visit_10target_300.csv,1,10,18,15.51386645037989,15.51386645037989,03,03,1,0,True,completed
184,known_visit,HIPC,bernoulli,drop_0.25,19,361,4,10,hipc_h5_bernoulli_025,C:\Users\lottj\Desktop\research\decentralized benchmark\commitment-horizon-study\reference_core_benchmark_pilot\known_visit_10target_300.csv,2,2,2,5.715235379438188,5.715235379438188,00,00,1,0,True,completed
184,known_visit,HIPC,bernoulli,drop_0.25,19,361,4,10,hipc_h5_bernoulli_025,C:\Users\lottj\Desktop\research\decentralized benchmark\commitment-horizon-study\reference_core_benchmark_pilot\known_visit_10target_300.csv,3,10,11,27.570531763173534,27.570531763173534,03,03,1,0,True,completed
184,known_visit,HIPC,bernoulli,drop_0.25,19,361,4,10,hipc_h5_bernoulli_025,C:\Users\lottj\Desktop\research\decentralized benchmark\commitment-horizon-study\reference_core_benchmark_pilot\known_visit_10target_300.csv,4,15,14,41.50443039798373,41.50443039798373,03,03,1,0,True,completed
184,known_visit,HIPC,bernoulli,drop_0.25,19,361,4,10,hipc_h5_bernoulli_025,C:\Users\lottj\Desktop\research\decentralized benchmark\commitment-horizon-study\reference_core_benchmark_pilot\known_visit_10target_300.csv,5,1,15,5.447140768227276,5.447140768227276,02,02,1,0,True,completed
184,known_visit,HIPC,bernoulli,drop_0.25,19,361,4,10,hipc_h5_bernoulli_025,C:\Users\lottj\Desktop\research\decentralized benchmark\commitment-horizon-study\reference_core_benchmark_pilot\known_visit_10target_300.csv,6,14,3,35.85587518799548,35.85587518799548,00,00,1,0,True,completed
184,known_visit,HIPC,bernoulli,drop_0.25,19,361,4,10,hipc_h5_bernoulli_025,C:\Users\lottj\Desktop\research\decentralized benchmark\commitment-horizon-study\reference_core_benchmark_pilot\known_visit_10target_300.csv,7,11,4,24.637132472381836,24.637132472381836,00,00,1,0,True,completed
184,known_visit,HIPC,bernoulli,drop_0.25,19,361,4,10,hipc_h5_bernoulli_025,C:\Users\lottj\Desktop\research\decentralized benchmark\commitment-horizon-study\reference_core_benchmark_pilot\known_visit_10target_300.csv,8,3,4,11.198532941981634,11.198532941981634,00,00,1,0,True,completed
184,known_visit,HIPC,bernoulli,drop_0.25,19,361,4,10,hipc_h5_bernoulli_025,C:\Users\lottj\Desktop\research\decentralized benchmark\commitment-horizon-study\reference_core_benchmark_pilot\known_visit_10target_300.csv,9,12,5,28.352831759791673,28.352831759791673,00,00,1,0,True,completed
184,known_visit,HIPC,bernoulli,drop_0.25,19,361,4,10,hipc_h5_bernoulli_025,C:\Users\lottj\Desktop\research\decentralized benchmark\commitment-horizon-study\reference_core_benchmark_pilot\known_visit_10target_300.csv,10,9,4,21.338490950154558,21.338490950154558,00,00,1,0,True,completed
185,known_visit,HIPC,bernoulli,drop_0.25,19,361,4,10,hipc_h5_bernoulli_025,C:\Users\lottj\Desktop\research\decentralized benchmark\commitment-horizon-study\reference_core_benchmark_pilot\known_visit_10target_300.csv,1,4,6,5.190297860119127,5.190297860119127,01,01,1,0,True,completed
185,known_visit,HIPC,bernoulli,drop_0.25,19,361,4,10,hipc_h5_bernoulli_025,C:\Users\lottj\Desktop\research\decentralized benchmark\commitment-horizon-study\reference_core_benchmark_pilot\known_visit_10target_300.csv,2,16,0,25.64201217527057,25.64201217527057,00,00,1,0,True,completed
185,known_visit,HIPC,bernoulli,drop_0.25,19,361,4,10,hipc_h5_bernoulli_025,C:\Users\lottj\Desktop\research\decentralized benchmark\commitment-horizon-study\reference_core_benchmark_pilot\known_visit_10target_300.csv,3,5,14,10.75256382632144,10.75256382632144,02,02,2,1,True,completed
185,known_visit,HIPC,bernoulli,drop_0.25,19,361,4,10,hipc_h5_bernoulli_025,C:\Users\lottj\Desktop\research\decentralized benchmark\commitment-horizon-study\reference_core_benchmark_pilot\known_visit_10target_300.csv,4,13,3,36.57402326904262,36.57402326904262,00,00,1,0,True,completed
185,known_visit,HIPC,bernoulli,drop_0.25,19,361,4,10,hipc_h5_bernoulli_025,C:\Users\lottj\Desktop\research\decentralized benchmark\commitment-horizon-study\reference_core_benchmark_pilot\known_visit_10target_300.csv,5,8,13,43.330008538523686,43.330008538523686,01,01,1,0,True,completed
185,known_visit,HIPC,bernoulli,drop_0.25,19,361,4,10,hipc_h5_bernoulli_025,C:\Users\lottj\Desktop\research\decentralized benchmark\commitment-horizon-study\reference_core_benchmark_pilot\known_visit_10target_300.csv,6,13,9,46.99996045659117,46.99996045659117,00,00,1,0,True,completed
185,known_visit,HIPC,bernoulli,drop_0.25,19,361,4,10,hipc_h5_bernoulli_025,C:\Users\lottj\Desktop\research\decentralized benchmark\commitment-horizon-study\reference_core_benchmark_pilot\known_visit_10target_300.csv,7,18,16,36.35692364454335,36.35692364454335,02,02,1,0,True,completed
185,known_visit,HIPC,bernoulli,drop_0.25,19,361,4,10,hipc_h5_bernoulli_025,C:\Users\lottj\Desktop\research\decentralized benchmark\commitment-horizon-study\reference_core_benchmark_pilot\known_visit_10target_300.csv,8,16,7,56.01892532989026,56.01892532989026,00,00,1,0,True,completed
185,known_visit,HIPC,bernoulli,drop_0.25,19,361,4,10,hipc_h5_bernoulli_025,C:\Users\lottj\Desktop\research\decentralized benchmark\commitment-horizon-study\reference_core_benchmark_pilot\known_visit_10target_300.csv,9,2,9,14.508664202338435,14.508664202338435,01,01,1,0,True,completed
185,known_visit,HIPC,bernoulli,drop_0.25,19,361,4,10,hipc_h5_bernoulli_025,C:\Users\lottj\Desktop\research\decentralized benchmark\commitment-horizon-study\reference_core_benchmark_pilot\known_visit_10target_300.csv,10,12,18,50.790354130702895,50.790354130702895,02,02,1,0,True,completed
186,known_visit,HIPC,bernoulli,drop_0.25,19,361,4,10,hipc_h5_bernoulli_025,C:\Users\lottj\Desktop\research\decentralized benchmark\commitment-horizon-study\reference_core_benchmark_pilot\known_visit_10target_300.csv,1,4,3,21.466260299049008,21.466260299049008,01,01,1,0,True,completed
186,known_visit,HIPC,bernoulli,drop_0.25,19,361,4,10,hipc_h5_bernoulli_025,C:\Users\lottj\Desktop\research\decentralized benchmark\commitment-horizon-study\reference_core_benchmark_pilot\known_visit_10target_300.csv,2,2,11,4.242187487306753,4.242187487306753,02,02,2,1,True,completed
186,known_visit,HIPC,bernoulli,drop_0.25,19,361,4,10,hipc_h5_bernoulli_025,C:\Users\lottj\Desktop\research\decentralized benchmark\commitment-horizon-study\reference_core_benchmark_pilot\known_visit_10target_300.csv,3,3,7,12.7618801734293,12.7618801734293,01,01,1,0,True,completed
186,known_visit,HIPC,bernoulli,drop_0.25,19,361,4,10,hipc_h5_bernoulli_025,C:\Users\lottj\Desktop\research\decentralized benchmark\commitment-horizon-study\reference_core_benchmark_pilot\known_visit_10target_300.csv,4,6,4,26.758944754088056,26.758944754088056,01,01,1,0,True,completed
186,known_visit,HIPC,bernoulli,drop_0.25,19,361,4,10,hipc_h5_bernoulli_025,C:\Users\lottj\Desktop\research\decentralized benchmark\commitment-horizon-study\reference_core_benchmark_pilot\known_visit_10target_300.csv,5,6,9,35.29087594243215,35.29087594243215,01,01,1,0,True,completed
186,known_visit,HIPC,bernoulli,drop_0.25,19,361,4,10,hipc_h5_bernoulli_025,C:\Users\lottj\Desktop\research\decentralized benchmark\commitment-horizon-study\reference_core_benchmark_pilot\known_visit_10target_300.csv,6,1,17,2.3149779999454543,2.3149779999454543,03,03,1,0,True,completed
186,known_visit,HIPC,bernoulli,drop_0.25,19,361,4,10,hipc_h5_bernoulli_025,C:\Users\lottj\Desktop\research\decentralized benchmark\commitment-horizon-study\reference_core_benchmark_pilot\known_visit_10target_300.csv,7,12,13,24.803177481870787,24.803177481870787,02,02,1,0,True,completed
186,known_visit,HIPC,bernoulli,drop_0.25,19,361,4,10,hipc_h5_bernoulli_025,C:\Users\lottj\Desktop\research\decentralized benchmark\commitment-horizon-study\reference_core_benchmark_pilot\known_visit_10target_300.csv,8,0,9,3.811446893789999,3.811446893789999,01,01,2,1,True,completed
186,known_visit,HIPC,bernoulli,drop_0.25,19,361,4,10,hipc_h5_bernoulli_025,C:\Users\lottj\Desktop\research\decentralized benchmark\commitment-horizon-study\reference_core_benchmark_pilot\known_visit_10target_300.csv,9,9,14,31.85808516937315,31.85808516937315,02,02,1,0,True,completed
186,known_visit,HIPC,bernoulli,drop_0.25,19,361,4,10,hipc_h5_bernoulli_025,C:\Users\lottj\Desktop\research\decentralized benchmark\commitment-horizon-study\reference_core_benchmark_pilot\known_visit_10target_300.csv,10,17,18,52.896126231257035,52.896126231257035,02,02,1,0,True,completed
187,known_visit,HIPC,bernoulli,drop_0.25,19,361,4,10,hipc_h5_bernoulli_025,C:\Users\lottj\Desktop\research\decentralized benchmark\commitment-horizon-study\reference_core_benchmark_pilot\known_visit_10target_300.csv,1,18,3,55.95195475001668,55.95195475001668,02,02,1,0,True,completed
187,known_visit,HIPC,bernoulli,drop_0.25,19,361,4,10,hipc_h5_bernoulli_025,C:\Users\lottj\Desktop\research\decentralized benchmark\commitment-horizon-study\reference_core_benchmark_pilot\known_visit_10target_300.csv,2,4,10,19.801309857448995,19.801309857448995,02,02,2,1,True,completed
187,known_visit,HIPC,bernoulli,drop_0.25,19,361,4,10,hipc_h5_bernoulli_025,C:\Users\lottj\Desktop\research\decentralized benchmark\commitment-horizon-study\reference_core_benchmark_pilot\known_visit_10target_300.csv,3,2,15,7.2511447128473865,7.2511447128473865,02,02,2,1,True,completed
187,known_visit,HIPC,bernoulli,drop_0.25,19,361,4,10,hipc_h5_bernoulli_025,C:\Users\lottj\Desktop\research\decentralized benchmark\commitment-horizon-study\reference_core_benchmark_pilot\known_visit_10target_300.csv,4,6,8,23.44221397341114,23.44221397341114,01,01,2,1,True,completed
187,known_visit,HIPC,bernoulli,drop_0.25,19,361,4,10,hipc_h5_bernoulli_025,C:\Users\lottj\Desktop\research\decentralized benchmark\commitment-horizon-study\reference_core_benchmark_pilot\known_visit_10target_300.csv,5,8,6,12.251528717549286,12.251528717549286,01,01,1,0,True,completed
187,known_visit,HIPC,bernoulli,drop_0.25,19,361,4,10,hipc_h5_bernoulli_025,C:\Users\lottj\Desktop\research\decentralized benchmark\commitment-horizon-study\reference_core_benchmark_pilot\known_visit_10target_300.csv,6,5,10,21.81320453983227,21.81320453983227,02,02,2,1,True,completed
187,known_visit,HIPC,bernoulli,drop_0.25,19,361,4,10,hipc_h5_bernoulli_025,C:\Users\lottj\Desktop\research\decentralized benchmark\commitment-horizon-study\reference_core_benchmark_pilot\known_visit_10target_300.csv,7,8,9,17.65904261818247,17.65904261818247,01,01,1,0,True,completed
187,known_visit,HIPC,bernoulli,drop_0.25,19,361,4,10,hipc_h5_bernoulli_025,C:\Users\lottj\Desktop\research\decentralized benchmark\commitment-horizon-study\reference_core_benchmark_pilot\known_visit_10target_300.csv,8,11,10,31.880106444665195,31.880106444665195,02,02,1,0,True,completed
187,known_visit,HIPC,bernoulli,drop_0.25,19,361,4,10,hipc_h5_bernoulli_025,C:\Users\lottj\Desktop\research\decentralized benchmark\commitment-horizon-study\reference_core_benchmark_pilot\known_visit_10target_300.csv,9,16,12,174.81512060933656,174.81512060933656,03,03,1,0,True,completed
187,known_visit,HIPC,bernoulli,drop_0.25,19,361,4,10,hipc_h5_bernoulli_025,C:\Users\lottj\Desktop\research\decentralized benchmark\commitment-horizon-study\reference_core_benchmark_pilot\known_visit_10target_300.csv,10,17,13,179.8036367076778,179.8036367076778,01,01,1,0,True,completed
188,known_visit,HIPC,bernoulli,drop_0.25,19,361,4,10,hipc_h5_bernoulli_025,C:\Users\lottj\Desktop\research\decentralized benchmark\commitment-horizon-study\reference_core_benchmark_pilot\known_visit_10target_300.csv,1,6,8,19.349318617167025,19.349318617167025,01,01,1,0,True,completed
188,known_visit,HIPC,bernoulli,drop_0.25,19,361,4,10,hipc_h5_bernoulli_025,C:\Users\lottj\Desktop\research\decentralized benchmark\commitment-horizon-study\reference_core_benchmark_pilot\known_visit_10target_300.csv,2,2,11,4.230695491412069,4.230695491412069,02,02,1,0,True,completed
188,known_visit,HIPC,bernoulli,drop_0.25,19,361,4,10,hipc_h5_bernoulli_025,C:\Users\lottj\Desktop\research\decentralized benchmark\commitment-horizon-study\reference_core_benchmark_pilot\known_visit_10target_300.csv,3,1,11,2.330137694027475,2.330137694027475,02,02,1,0,True,completed
188,known_visit,HIPC,bernoulli,drop_0.25,19,361,4,10,hipc_h5_bernoulli_025,C:\Users\lottj\Desktop\research\decentralized benchmark\commitment-horizon-study\reference_core_benchmark_pilot\known_visit_10target_300.csv,4,13,2,24.46033492406256,24.46033492406256,00,00,1,0,True,completed
188,known_visit,HIPC,bernoulli,drop_0.25,19,361,4,10,hipc_h5_bernoulli_025,C:\Users\lottj\Desktop\research\decentralized benchmark\commitment-horizon-study\reference_core_benchmark_pilot\known_visit_10target_300.csv,5,11,18,25.351726651314817,25.351726651314817,03,03,1,0,True,completed
188,known_visit,HIPC,bernoulli,drop_0.25,19,361,4,10,hipc_h5_bernoulli_025,C:\Users\lottj\Desktop\research\decentralized benchmark\commitment-horizon-study\reference_core_benchmark_pilot\known_visit_10target_300.csv,6,3,4,7.4142980298952645,7.4142980298952645,01,01,1,0,True,completed
188,known_visit,HIPC,bernoulli,drop_0.25,19,361,4,10,hipc_h5_bernoulli_025,C:\Users\lottj\Desktop\research\decentralized benchmark\commitment-horizon-study\reference_core_benchmark_pilot\known_visit_10target_300.csv,7,0,4,2.096226735646444,2.096226735646444,01,01,1,0,True,completed
188,known_visit,HIPC,bernoulli,drop_0.25,19,361,4,10,hipc_h5_bernoulli_025,C:\Users\lottj\Desktop\research\decentralized benchmark\commitment-horizon-study\reference_core_benchmark_pilot\known_visit_10target_300.csv,8,3,0,3.6535831468036166,3.6535831468036166,00,00,1,0,True,completed
188,known_visit,HIPC,bernoulli,drop_0.25,19,361,4,10,hipc_h5_bernoulli_025,C:\Users\lottj\Desktop\research\decentralized benchmark\commitment-horizon-study\reference_core_benchmark_pilot\known_visit_10target_300.csv,9,16,15,39.778007705854215,39.778007705854215,03,03,1,0,True,completed
188,known_visit,HIPC,bernoulli,drop_0.25,19,361,4,10,hipc_h5_bernoulli_025,C:\Users\lottj\Desktop\research\decentralized benchmark\commitment-horizon-study\reference_core_benchmark_pilot\known_visit_10target_300.csv,10,3,16,7.6592727116037835,7.6592727116037835,03,03,2,1,True,completed
189,known_visit,HIPC,bernoulli,drop_0.25,19,361,4,10,hipc_h5_bernoulli_025,C:\Users\lottj\Desktop\research\decentralized benchmark\commitment-horizon-study\reference_core_benchmark_pilot\known_visit_10target_300.csv,1,4,17,7.130924868217678,7.130924868217678,03,03,1,0,True,completed
189,known_visit,HIPC,bernoulli,drop_0.25,19,361,4,10,hipc_h5_bernoulli_025,C:\Users\lottj\Desktop\research\decentralized benchmark\commitment-horizon-study\reference_core_benchmark_pilot\known_visit_10target_300.csv,2,1,14,3.7934253458107556,3.7934253458107556,02,02,1,0,True,completed
189,known_visit,HIPC,bernoulli,drop_0.25,19,361,4,10,hipc_h5_bernoulli_025,C:\Users\lottj\Desktop\research\decentralized benchmark\commitment-horizon-study\reference_core_benchmark_pilot\known_visit_10target_300.csv,3,17,2,34.52177014961031,34.52177014961031,01,01,1,0,True,completed
189,known_visit,HIPC,bernoulli,drop_0.25,19,361,4,10,hipc_h5_bernoulli_025,C:\Users\lottj\Desktop\research\decentralized benchmark\commitment-horizon-study\reference_core_benchmark_pilot\known_visit_10target_300.csv,4,18,18,55.36131530032679,55.36131530032679,03,03,1,0,True,completed
189,known_visit,HIPC,bernoulli,drop_0.25,19,361,4,10,hipc_h5_bernoulli_025,C:\Users\lottj\Desktop\research\decentralized benchmark\commitment-horizon-study\reference_core_benchmark_pilot\known_visit_10target_300.csv,5,11,17,23.05254403899647,23.05254403899647,03,03,1,0,True,completed
189,known_visit,HIPC,bernoulli,drop_0.25,19,361,4,10,hipc_h5_bernoulli_025,C:\Users\lottj\Desktop\research\decentralized benchmark\commitment-horizon-study\reference_core_benchmark_pilot\known_visit_10target_300.csv,6,10,5,17.206973309314307,17.206973309314307,01,01,1,0,True,completed
189,known_visit,HIPC,bernoulli,drop_0.25,19,361,4,10,hipc_h5_bernoulli_025,C:\Users\lottj\Desktop\research\decentralized benchmark\commitment-horizon-study\reference_core_benchmark_pilot\known_visit_10target_300.csv,7,4,16,8.868668423549138,8.868668423549138,03,03,2,1,True,completed
189,known_visit,HIPC,bernoulli,drop_0.25,19,361,4,10,hipc_h5_bernoulli_025,C:\Users\lottj\Desktop\research\decentralized benchmark\commitment-horizon-study\reference_core_benchmark_pilot\known_visit_10target_300.csv,8,9,17,19.328261214068085,19.328261214068085,03,03,1,0,True,completed
189,known_visit,HIPC,bernoulli,drop_0.25,19,361,4,10,hipc_h5_bernoulli_025,C:\Users\lottj\Desktop\research\decentralized benchmark\commitment-horizon-study\reference_core_benchmark_pilot\known_visit_10target_300.csv,9,7,16,14.143867896252974,14.143867896252974,03,03,1,0,True,completed
189,known_visit,HIPC,bernoulli,drop_0.25,19,361,4,10,hipc_h5_bernoulli_025,C:\Users\lottj\Desktop\research\decentralized benchmark\commitment-horizon-study\reference_core_benchmark_pilot\known_visit_10target_300.csv,10,18,13,42.304739476920204,42.304739476920204,03,03,1,0,True,completed
190,known_visit,HIPC,bernoulli,drop_0.25,19,361,4,10,hipc_h5_bernoulli_025,C:\Users\lottj\Desktop\research\decentralized benchmark\commitment-horizon-study\reference_core_benchmark_pilot\known_visit_10target_300.csv,1,0,3,3.754461268653552,3.754461268653552,01,01,1,0,True,completed
190,known_visit,HIPC,bernoulli,drop_0.25,19,361,4,10,hipc_h5_bernoulli_025,C:\Users\lottj\Desktop\research\decentralized benchmark\commitment-horizon-study\reference_core_benchmark_pilot\known_visit_10target_300.csv,2,5,7,16.74916513643452,16.74916513643452,02,02,1,0,True,completed
190,known_visit,HIPC,bernoulli,drop_0.25,19,361,4,10,hipc_h5_bernoulli_025,C:\Users\lottj\Desktop\research\decentralized benchmark\commitment-horizon-study\reference_core_benchmark_pilot\known_visit_10target_300.csv,3,14,18,23.053067061981466,23.053067061981466,03,03,1,0,True,completed
190,known_visit,HIPC,bernoulli,drop_0.25,19,361,4,10,hipc_h5_bernoulli_025,C:\Users\lottj\Desktop\research\decentralized benchmark\commitment-horizon-study\reference_core_benchmark_pilot\known_visit_10target_300.csv,4,13,16,28.828222772684686,28.828222772684686,03,03,1,0,True,completed
190,known_visit,HIPC,bernoulli,drop_0.25,19,361,4,10,hipc_h5_bernoulli_025,C:\Users\lottj\Desktop\research\decentralized benchmark\commitment-horizon-study\reference_core_benchmark_pilot\known_visit_10target_300.csv,5,11,4,36.18058615370255,36.18058615370255,00,00,1,0,True,completed
190,known_visit,HIPC,bernoulli,drop_0.25,19,361,4,10,hipc_h5_bernoulli_025,C:\Users\lottj\Desktop\research\decentralized benchmark\commitment-horizon-study\reference_core_benchmark_pilot\known_visit_10target_300.csv,6,4,10,9.729004065890797,9.729004065890797,02,02,1,0,True,completed
190,known_visit,HIPC,bernoulli,drop_0.25,19,361,4,10,hipc_h5_bernoulli_025,C:\Users\lottj\Desktop\research\decentralized benchmark\commitment-horizon-study\reference_core_benchmark_pilot\known_visit_10target_300.csv,7,6,2,16.98497865357753,16.98497865357753,00,00,1,0,True,completed
190,known_visit,HIPC,bernoulli,drop_0.25,19,361,4,10,hipc_h5_bernoulli_025,C:\Users\lottj\Desktop\research\decentralized benchmark\commitment-horizon-study\reference_core_benchmark_pilot\known_visit_10target_300.csv,8,0,1,0.44425998866162797,0.44425998866162797,00,00,2,1,True,completed
190,known_visit,HIPC,bernoulli,drop_0.25,19,361,4,10,hipc_h5_bernoulli_025,C:\Users\lottj\Desktop\research\decentralized benchmark\commitment-horizon-study\reference_core_benchmark_pilot\known_visit_10target_300.csv,9,6,0,20.292389287397235,20.292389287397235,00,00,1,0,True,completed
190,known_visit,HIPC,bernoulli,drop_0.25,19,361,4,10,hipc_h5_bernoulli_025,C:\Users\lottj\Desktop\research\decentralized benchmark\commitment-horizon-study\reference_core_benchmark_pilot\known_visit_10target_300.csv,10,3,3,9.565421198776251,9.565421198776251,00,00,1,0,True,completed
191,known_visit,HIPC,bernoulli,drop_0.25,19,361,4,10,hipc_h5_bernoulli_025,C:\Users\lottj\Desktop\research\decentralized benchmark\commitment-horizon-study\reference_core_benchmark_pilot\known_visit_10target_300.csv,1,16,9,63.28729451162751,63.28729451162751,01,01,1,0,True,completed
191,known_visit,HIPC,bernoulli,drop_0.25,19,361,4,10,hipc_h5_bernoulli_025,C:\Users\lottj\Desktop\research\decentralized benchmark\commitment-horizon-study\reference_core_benchmark_pilot\known_visit_10target_300.csv,2,2,13,11.454797089400737,11.454797089400737,02,02,2,1,True,completed
191,known_visit,HIPC,bernoulli,drop_0.25,19,361,4,10,hipc_h5_bernoulli_025,C:\Users\lottj\Desktop\research\decentralized benchmark\commitment-horizon-study\reference_core_benchmark_pilot\known_visit_10target_300.csv,3,12,8,75.36368548505587,75.36368548505587,02,02,1,0,True,completed
191,known_visit,HIPC,bernoulli,drop_0.25,19,361,4,10,hipc_h5_bernoulli_025,C:\Users\lottj\Desktop\research\decentralized benchmark\commitment-horizon-study\reference_core_benchmark_pilot\known_visit_10target_300.csv,4,18,2,79.25405179647039,79.25405179647039,01,01,1,0,True,completed
191,known_visit,HIPC,bernoulli,drop_0.25,19,361,4,10,hipc_h5_bernoulli_025,C:\Users\lottj\Desktop\research\decentralized benchmark\commitment-horizon-study\reference_core_benchmark_pilot\known_visit_10target_300.csv,5,8,18,30.420348083270998,30.420348083270998,02,02,1,0,True,completed
191,known_visit,HIPC,bernoulli,drop_0.25,19,361,4,10,hipc_h5_bernoulli_025,C:\Users\lottj\Desktop\research\decentralized benchmark\commitment-horizon-study\reference_core_benchmark_pilot\known_visit_10target_300.csv,6,6,12,19.595567803331036,19.595567803331036,01,01,1,0,True,completed
191,known_visit,HIPC,bernoulli,drop_0.25,19,361,4,10,hipc_h5_bernoulli_025,C:\Users\lottj\Desktop\research\decentralized benchmark\commitment-horizon-study\reference_core_benchmark_pilot\known_visit_10target_300.csv,7,0,10,2.2127527200144463,2.2127527200144463,02,02,1,0,True,completed
191,known_visit,HIPC,bernoulli,drop_0.25,19,361,4,10,hipc_h5_bernoulli_025,C:\Users\lottj\Desktop\research\decentralized benchmark\commitment-horizon-study\reference_core_benchmark_pilot\known_visit_10target_300.csv,8,17,15,54.92218791447184,54.92218791447184,02,02,1,0,True,completed
191,known_visit,HIPC,bernoulli,drop_0.25,19,361,4,10,hipc_h5_bernoulli_025,C:\Users\lottj\Desktop\research\decentralized benchmark\commitment-horizon-study\reference_core_benchmark_pilot\known_visit_10target_300.csv,9,18,18,47.29886622835247,47.29886622835247,02,02,1,0,True,completed
191,known_visit,HIPC,bernoulli,drop_0.25,19,361,4,10,hipc_h5_bernoulli_025,C:\Users\lottj\Desktop\research\decentralized benchmark\commitment-horizon-study\reference_core_benchmark_pilot\known_visit_10target_300.csv,10,17,6,70.22328109574704,70.22328109574704,01,01,1,0,True,completed
192,known_visit,HIPC,bernoulli,drop_0.25,19,361,4,10,hipc_h5_bernoulli_025,C:\Users\lottj\Desktop\research\decentralized benchmark\commitment-horizon-study\reference_core_benchmark_pilot\known_visit_10target_300.csv,1,3,18,3.7267014969389307,3.7267014969389307,03,03,1,0,True,completed
192,known_visit,HIPC,bernoulli,drop_0.25,19,361,4,10,hipc_h5_bernoulli_025,C:\Users\lottj\Desktop\research\decentralized benchmark\commitment-horizon-study\reference_core_benchmark_pilot\known_visit_10target_300.csv,2,5,13,16.336486362618235,16.336486362618235,02,02,1,0,True,completed
192,known_visit,HIPC,bernoulli,drop_0.25,19,361,4,10,hipc_h5_bernoulli_025,C:\Users\lottj\Desktop\research\decentralized benchmark\commitment-horizon-study\reference_core_benchmark_pilot\known_visit_10target_300.csv,3,5,6,21.599182980690863,21.599182980690863,00,00,1,0,True,completed
192,known_visit,HIPC,bernoulli,drop_0.25,19,361,4,10,hipc_h5_bernoulli_025,C:\Users\lottj\Desktop\research\decentralized benchmark\commitment-horizon-study\reference_core_benchmark_pilot\known_visit_10target_300.csv,4,6,4,15.928817609983579,15.928817609983579,00,00,1,0,True,completed
192,known_visit,HIPC,bernoulli,drop_0.25,19,361,4,10,hipc_h5_bernoulli_025,C:\Users\lottj\Desktop\research\decentralized benchmark\commitment-horizon-study\reference_core_benchmark_pilot\known_visit_10target_300.csv,5,5,15,12.73032207444829,12.73032207444829,02,02,2,1,True,completed
192,known_visit,HIPC,bernoulli,drop_0.25,19,361,4,10,hipc_h5_bernoulli_025,C:\Users\lottj\Desktop\research\decentralized benchmark\commitment-horizon-study\reference_core_benchmark_pilot\known_visit_10target_300.csv,6,0,15,3.9002709101932043,3.9002709101932043,02,02,2,1,True,completed
192,known_visit,HIPC,bernoulli,drop_0.25,19,361,4,10,hipc_h5_bernoulli_025,C:\Users\lottj\Desktop\research\decentralized benchmark\commitment-horizon-study\reference_core_benchmark_pilot\known_visit_10target_300.csv,7,2,2,5.5198663804912815,5.5198663804912815,00,00,2,1,True,completed
192,known_visit,HIPC,bernoulli,drop_0.25,19,361,4,10,hipc_h5_bernoulli_025,C:\Users\lottj\Desktop\research\decentralized benchmark\commitment-horizon-study\reference_core_benchmark_pilot\known_visit_10target_300.csv,8,16,13,35.266325808063975,35.266325808063975,02,02,1,0,True,completed
192,known_visit,HIPC,bernoulli,drop_0.25,19,361,4,10,hipc_h5_bernoulli_025,C:\Users\lottj\Desktop\research\decentralized benchmark\commitment-horizon-study\reference_core_benchmark_pilot\known_visit_10target_300.csv,9,11,4,39.3109480178547,39.3109480178547,00,00,1,0,True,completed
192,known_visit,HIPC,bernoulli,drop_0.25,19,361,4,10,hipc_h5_bernoulli_025,C:\Users\lottj\Desktop\research\decentralized benchmark\commitment-horizon-study\reference_core_benchmark_pilot\known_visit_10target_300.csv,10,14,0,51.37260646017008,51.37260646017008,00,00,1,0,True,completed
193,known_visit,HIPC,bernoulli,drop_0.25,19,361,4,10,hipc_h5_bernoulli_025,C:\Users\lottj\Desktop\research\decentralized benchmark\commitment-horizon-study\reference_core_benchmark_pilot\known_visit_10target_300.csv,1,9,17,15.55971606532571,15.55971606532571,03,03,1,0,True,completed
193,known_visit,HIPC,bernoulli,drop_0.25,19,361,4,10,hipc_h5_bernoulli_025,C:\Users\lottj\Desktop\research\decentralized benchmark\commitment-horizon-study\reference_core_benchmark_pilot\known_visit_10target_300.csv,2,10,4,19.005887943268238,19.005887943268238,01,01,2,1,True,completed
193,known_visit,HIPC,bernoulli,drop_0.25,19,361,4,10,hipc_h5_bernoulli_025,C:\Users\lottj\Desktop\research\decentralized benchmark\commitment-horizon-study\reference_core_benchmark_pilot\known_visit_10target_300.csv,3,1,14,11.595633460540734,11.595633460540734,02,02,1,0,True,completed
193,known_visit,HIPC,bernoulli,drop_0.25,19,361,4,10,hipc_h5_bernoulli_025,C:\Users\lottj\Desktop\research\decentralized benchmark\commitment-horizon-study\reference_core_benchmark_pilot\known_visit_10target_300.csv,4,2,11,4.251036199209495,4.251036199209495,02,02,1,0,True,completed
193,known_visit,HIPC,bernoulli,drop_0.25,19,361,4,10,hipc_h5_bernoulli_025,C:\Users\lottj\Desktop\research\decentralized benchmark\commitment-horizon-study\reference_core_benchmark_pilot\known_visit_10target_300.csv,5,10,16,19.32521606586134,19.32521606586134,03,03,1,0,True,completed
193,known_visit,HIPC,bernoulli,drop_0.25,19,361,4,10,hipc_h5_bernoulli_025,C:\Users\lottj\Desktop\research\decentralized benchmark\commitment-horizon-study\reference_core_benchmark_pilot\known_visit_10target_300.csv,6,18,17,39.11875979104265,39.11875979104265,03,03,1,0,True,completed
193,known_visit,HIPC,bernoulli,drop_0.25,19,361,4,10,hipc_h5_bernoulli_025,C:\Users\lottj\Desktop\research\decentralized benchmark\commitment-horizon-study\reference_core_benchmark_pilot\known_visit_10target_300.csv,7,12,5,27.239441738279098,27.239441738279098,01,01,1,0,True,completed
193,known_visit,HIPC,bernoulli,drop_0.25,19,361,4,10,hipc_h5_bernoulli_025,C:\Users\lottj\Desktop\research\decentralized benchmark\commitment-horizon-study\reference_core_benchmark_pilot\known_visit_10target_300.csv,8,17,11,51.32649243060036,51.32649243060036,03,03,1,0,True,completed
193,known_visit,HIPC,bernoulli,drop_0.25,19,361,4,10,hipc_h5_bernoulli_025,C:\Users\lottj\Desktop\research\decentralized benchmark\commitment-horizon-study\reference_core_benchmark_pilot\known_visit_10target_300.csv,9,12,18,26.475119380096306,26.475119380096306,03,03,1,0,True,completed
193,known_visit,HIPC,bernoulli,drop_0.25,19,361,4,10,hipc_h5_bernoulli_025,C:\Users\lottj\Desktop\research\decentralized benchmark\commitment-horizon-study\reference_core_benchmark_pilot\known_visit_10target_300.csv,10,0,11,0.5251834616757015,0.5251834616757015,02,02,1,0,True,completed
194,known_visit,HIPC,bernoulli,drop_0.25,19,361,4,10,hipc_h5_bernoulli_025,C:\Users\lottj\Desktop\research\decentralized benchmark\commitment-horizon-study\reference_core_benchmark_pilot\known_visit_10target_300.csv,1,4,7,14.261560592485756,14.261560592485756,02,02,1,0,True,completed
194,known_visit,HIPC,bernoulli,drop_0.25,19,361,4,10,hipc_h5_bernoulli_025,C:\Users\lottj\Desktop\research\decentralized benchmark\commitment-horizon-study\reference_core_benchmark_pilot\known_visit_10target_300.csv,2,11,0,21.3012580542736,21.3012580542736,00,00,1,0,True,completed
194,known_visit,HIPC,bernoulli,drop_0.25,19,361,4,10,hipc_h5_bernoulli_025,C:\Users\lottj\Desktop\research\decentralized benchmark\commitment-horizon-study\reference_core_benchmark_pilot\known_visit_10target_300.csv,3,18,15,52.53312339937878,52.53312339937878,02,02,1,0,True,completed
194,known_visit,HIPC,bernoulli,drop_0.25,19,361,4,10,hipc_h5_bernoulli_025,C:\Users\lottj\Desktop\research\decentralized benchmark\commitment-horizon-study\reference_core_benchmark_pilot\known_visit_10target_300.csv,4,12,3,28.764851494266065,28.764851494266065,00,00,1,0,True,completed
194,known_visit,HIPC,bernoulli,drop_0.25,19,361,4,10,hipc_h5_bernoulli_025,C:\Users\lottj\Desktop\research\decentralized benchmark\commitment-horizon-study\reference_core_benchmark_pilot\known_visit_10target_300.csv,5,10,10,29.883227964125037,29.883227964125037,02,02,1,0,True,completed
194,known_visit,HIPC,bernoulli,drop_0.25,19,361,4,10,hipc_h5_bernoulli_025,C:\Users\lottj\Desktop\research\decentralized benchmark\commitment-horizon-study\reference_core_benchmark_pilot\known_visit_10target_300.csv,6,12,4,30.404893185533087,30.404893185533087,00,00,1,0,True,completed
194,known_visit,HIPC,bernoulli,drop_0.25,19,361,4,10,hipc_h5_bernoulli_025,C:\Users\lottj\Desktop\research\decentralized benchmark\commitment-horizon-study\reference_core_benchmark_pilot\known_visit_10target_300.csv,7,18,11,45.37444874264959,45.37444874264959,02,02,1,0,True,completed
194,known_visit,HIPC,bernoulli,drop_0.25,19,361,4,10,hipc_h5_bernoulli_025,C:\Users\lottj\Desktop\research\decentralized benchmark\commitment-horizon-study\reference_core_benchmark_pilot\known_visit_10target_300.csv,8,7,15,17.578805928876392,17.578805928876392,03,03,1,0,True,completed
194,known_visit,HIPC,bernoulli,drop_0.25,19,361,4,10,hipc_h5_bernoulli_025,C:\Users\lottj\Desktop\research\decentralized benchmark\commitment-horizon-study\reference_core_benchmark_pilot\known_visit_10target_300.csv,9,9,1,15.484818824902758,15.484818824902758,00,00,1,0,True,completed
194,known_visit,HIPC,bernoulli,drop_0.25,19,361,4,10,hipc_h5_bernoulli_025,C:\Users\lottj\Desktop\research\decentralized benchmark\commitment-horizon-study\reference_core_benchmark_pilot\known_visit_10target_300.csv,10,4,10,9.045876818589067,9.045876818589067,02,02,1,0,True,completed
195,known_visit,HIPC,bernoulli,drop_0.25,19,361,4,10,hipc_h5_bernoulli_025,C:\Users\lottj\Desktop\research\decentralized benchmark\commitment-horizon-study\reference_core_benchmark_pilot\known_visit_10target_300.csv,1,7,2,14.43615701023558,14.43615701023558,00,00,1,0,True,completed
195,known_visit,HIPC,bernoulli,drop_0.25,19,361,4,10,hipc_h5_bernoulli_025,C:\Users\lottj\Desktop\research\decentralized benchmark\commitment-horizon-study\reference_core_benchmark_pilot\known_visit_10target_300.csv,2,9,17,44.05961568111369,44.05961568111369,00,00,1,0,True,completed
195,known_visit,HIPC,bernoulli,drop_0.25,19,361,4,10,hipc_h5_bernoulli_025,C:\Users\lottj\Desktop\research\decentralized benchmark\commitment-horizon-study\reference_core_benchmark_pilot\known_visit_10target_300.csv,3,0,16,2.350528843950752,2.350528843950752,03,03,1,0,True,completed
195,known_visit,HIPC,bernoulli,drop_0.25,19,361,4,10,hipc_h5_bernoulli_025,C:\Users\lottj\Desktop\research\decentralized benchmark\commitment-horizon-study\reference_core_benchmark_pilot\known_visit_10target_300.csv,4,0,11,0.4151448320990654,0.4151448320990654,02,02,1,0,True,completed
195,known_visit,HIPC,bernoulli,drop_0.25,19,361,4,10,hipc_h5_bernoulli_025,C:\Users\lottj\Desktop\research\decentralized benchmark\commitment-horizon-study\reference_core_benchmark_pilot\known_visit_10target_300.csv,5,2,9,7.6463978077596915,7.6463978077596915,01,01,1,0,True,completed
195,known_visit,HIPC,bernoulli,drop_0.25,19,361,4,10,hipc_h5_bernoulli_025,C:\Users\lottj\Desktop\research\decentralized benchmark\commitment-horizon-study\reference_core_benchmark_pilot\known_visit_10target_300.csv,6,7,6,21.55393803151564,21.55393803151564,00,00,1,0,True,completed
195,known_visit,HIPC,bernoulli,drop_0.25,19,361,4,10,hipc_h5_bernoulli_025,C:\Users\lottj\Desktop\research\decentralized benchmark\commitment-horizon-study\reference_core_benchmark_pilot\known_visit_10target_300.csv,7,15,13,61.6453837356412,61.6453837356412,00,00,1,0,True,completed
195,known_visit,HIPC,bernoulli,drop_0.25,19,361,4,10,hipc_h5_bernoulli_025,C:\Users\lottj\Desktop\research\decentralized benchmark\commitment-horizon-study\reference_core_benchmark_pilot\known_visit_10target_300.csv,8,8,12,33.67555274564849,33.67555274564849,00,00,1,0,True,completed
195,known_visit,HIPC,bernoulli,drop_0.25,19,361,4,10,hipc_h5_bernoulli_025,C:\Users\lottj\Desktop\research\decentralized benchmark\commitment-horizon-study\reference_core_benchmark_pilot\known_visit_10target_300.csv,9,2,1,3.8642059336262284,3.8642059336262284,00,00,1,0,True,completed
195,known_visit,HIPC,bernoulli,drop_0.25,19,361,4,10,hipc_h5_bernoulli_025,C:\Users\lottj\Desktop\research\decentralized benchmark\commitment-horizon-study\reference_core_benchmark_pilot\known_visit_10target_300.csv,10,1,13,6.167849397655425,6.167849397655425,02,02,1,0,True,completed
196,known_visit,HIPC,bernoulli,drop_0.25,19,361,4,10,hipc_h5_bernoulli_025,C:\Users\lottj\Desktop\research\decentralized benchmark\commitment-horizon-study\reference_core_benchmark_pilot\known_visit_10target_300.csv,1,16,16,47.822090019020564,47.822090019020564,01,01,1,0,True,completed
196,known_visit,HIPC,bernoulli,drop_0.25,19,361,4,10,hipc_h5_bernoulli_025,C:\Users\lottj\Desktop\research\decentralized benchmark\commitment-horizon-study\reference_core_benchmark_pilot\known_visit_10target_300.csv,2,15,2,27.901204111731307,27.901204111731307,00,00,1,0,True,completed
196,known_visit,HIPC,bernoulli,drop_0.25,19,361,4,10,hipc_h5_bernoulli_025,C:\Users\lottj\Desktop\research\decentralized benchmark\commitment-horizon-study\reference_core_benchmark_pilot\known_visit_10target_300.csv,3,6,7,11.082727527169494,11.082727527169494,01,01,1,0,True,completed
196,known_visit,HIPC,bernoulli,drop_0.25,19,361,4,10,hipc_h5_bernoulli_025,C:\Users\lottj\Desktop\research\decentralized benchmark\commitment-horizon-study\reference_core_benchmark_pilot\known_visit_10target_300.csv,4,15,13,66.3246168177072,66.3246168177072,01,01,1,0,True,completed
196,known_visit,HIPC,bernoulli,drop_0.25,19,361,4,10,hipc_h5_bernoulli_025,C:\Users\lottj\Desktop\research\decentralized benchmark\commitment-horizon-study\reference_core_benchmark_pilot\known_visit_10target_300.csv,5,7,13,23.26319011770871,23.26319011770871,01,01,1,0,True,completed
196,known_visit,HIPC,bernoulli,drop_0.25,19,361,4,10,hipc_h5_bernoulli_025,C:\Users\lottj\Desktop\research\decentralized benchmark\commitment-horizon-study\reference_core_benchmark_pilot\known_visit_10target_300.csv,6,0,15,3.733569736252014,3.733569736252014,02,02,1,0,True,completed
196,known_visit,HIPC,bernoulli,drop_0.25,19,361,4,10,hipc_h5_bernoulli_025,C:\Users\lottj\Desktop\research\decentralized benchmark\commitment-horizon-study\reference_core_benchmark_pilot\known_visit_10target_300.csv,7,10,17,35.66292941659679,35.66292941659679,01,01,1,0,True,completed
196,known_visit,HIPC,bernoulli,drop_0.25,19,361,4,10,hipc_h5_bernoulli_025,C:\Users\lottj\Desktop\research\decentralized benchmark\commitment-horizon-study\reference_core_benchmark_pilot\known_visit_10target_300.csv,8,13,10,75.37789528271585,75.37789528271585,01,01,1,0,True,completed
196,known_visit,HIPC,bernoulli,drop_0.25,19,361,4,10,hipc_h5_bernoulli_025,C:\Users\lottj\Desktop\research\decentralized benchmark\commitment-horizon-study\reference_core_benchmark_pilot\known_visit_10target_300.csv,9,17,12,56.8869467070243,56.8869467070243,01,01,1,0,True,completed
196,known_visit,HIPC,bernoulli,drop_0.25,19,361,4,10,hipc_h5_bernoulli_025,C:\Users\lottj\Desktop\research\decentralized benchmark\commitment-horizon-study\reference_core_benchmark_pilot\known_visit_10target_300.csv,10,4,7,7.346637206490887,7.346637206490887,01,01,1,0,True,completed
197,known_visit,HIPC,bernoulli,drop_0.25,19,361,4,10,hipc_h5_bernoulli_025,C:\Users\lottj\Desktop\research\decentralized benchmark\commitment-horizon-study\reference_core_benchmark_pilot\known_visit_10target_300.csv,1,17,4,41.216536642906036,41.216536642906036,00,00,1,0,True,completed
197,known_visit,HIPC,bernoulli,drop_0.25,19,361,4,10,hipc_h5_bernoulli_025,C:\Users\lottj\Desktop\research\decentralized benchmark\commitment-horizon-study\reference_core_benchmark_pilot\known_visit_10target_300.csv,2,5,6,6.833003415035569,6.833003415035569,01,01,1,0,True,completed
197,known_visit,HIPC,bernoulli,drop_0.25,19,361,4,10,hipc_h5_bernoulli_025,C:\Users\lottj\Desktop\research\decentralized benchmark\commitment-horizon-study\reference_core_benchmark_pilot\known_visit_10target_300.csv,3,13,14,23.996163391517953,23.996163391517953,02,02,1,0,True,completed
197,known_visit,HIPC,bernoulli,drop_0.25,19,361,4,10,hipc_h5_bernoulli_025,C:\Users\lottj\Desktop\research\decentralized benchmark\commitment-horizon-study\reference_core_benchmark_pilot\known_visit_10target_300.csv,4,17,9,49.82778802803794,49.82778802803794,00,00,1,0,True,completed
197,known_visit,HIPC,bernoulli,drop_0.25,19,361,4,10,hipc_h5_bernoulli_025,C:\Users\lottj\Desktop\research\decentralized benchmark\commitment-horizon-study\reference_core_benchmark_pilot\known_visit_10target_300.csv,5,6,4,12.206445565066295,12.206445565066295,01,01,1,0,True,completed
197,known_visit,HIPC,bernoulli,drop_0.25,19,361,4,10,hipc_h5_bernoulli_025,C:\Users\lottj\Desktop\research\decentralized benchmark\commitment-horizon-study\reference_core_benchmark_pilot\known_visit_10target_300.csv,6,4,8,26.855528175031917,26.855528175031917,01,01,1,0,True,completed
197,known_visit,HIPC,bernoulli,drop_0.25,19,361,4,10,hipc_h5_bernoulli_025,C:\Users\lottj\Desktop\research\decentralized benchmark\commitment-horizon-study\reference_core_benchmark_pilot\known_visit_10target_300.csv,7,10,16,32.90917533633247,32.90917533633247,02,02,1,0,True,completed
197,known_visit,HIPC,bernoulli,drop_0.25,19,361,4,10,hipc_h5_bernoulli_025,C:\Users\lottj\Desktop\research\decentralized benchmark\commitment-horizon-study\reference_core_benchmark_pilot\known_visit_10target_300.csv,8,17,3,39.54711183759935,39.54711183759935,00,00,1,0,True,completed
197,known_visit,HIPC,bernoulli,drop_0.25,19,361,4,10,hipc_h5_bernoulli_025,C:\Users\lottj\Desktop\research\decentralized benchmark\commitment-horizon-study\reference_core_benchmark_pilot\known_visit_10target_300.csv,9,8,12,12.004390561987382,12.004390561987382,02,02,1,0,True,completed
197,known_visit,HIPC,bernoulli,drop_0.25,19,361,4,10,hipc_h5_bernoulli_025,C:\Users\lottj\Desktop\research\decentralized benchmark\commitment-horizon-study\reference_core_benchmark_pilot\known_visit_10target_300.csv,10,17,1,36.16877532145596,36.16877532145596,00,00,1,0,True,completed
198,known_visit,HIPC,bernoulli,drop_0.25,19,361,4,10,hipc_h5_bernoulli_025,C:\Users\lottj\Desktop\research\decentralized benchmark\commitment-horizon-study\reference_core_benchmark_pilot\known_visit_10target_300.csv,1,17,1,40.47268880003495,40.47268880003495,01,01,1,0,True,completed
198,known_visit,HIPC,bernoulli,drop_0.25,19,361,4,10,hipc_h5_bernoulli_025,C:\Users\lottj\Desktop\research\decentralized benchmark\commitment-horizon-study\reference_core_benchmark_pilot\known_visit_10target_300.csv,2,0,13,0.49238533160579523,0.49238533160579523,02,02,1,0,True,completed
198,known_visit,HIPC,bernoulli,drop_0.25,19,361,4,10,hipc_h5_bernoulli_025,C:\Users\lottj\Desktop\research\decentralized benchmark\commitment-horizon-study\reference_core_benchmark_pilot\known_visit_10target_300.csv,3,13,10,43.67161058396202,43.67161058396202,02,02,1,0,True,completed
198,known_visit,HIPC,bernoulli,drop_0.25,19,361,4,10,hipc_h5_bernoulli_025,C:\Users\lottj\Desktop\research\decentralized benchmark\commitment-horizon-study\reference_core_benchmark_pilot\known_visit_10target_300.csv,4,7,15,24.468029275921097,24.468029275921097,02,02,1,0,True,completed
198,known_visit,HIPC,bernoulli,drop_0.25,19,361,4,10,hipc_h5_bernoulli_025,C:\Users\lottj\Desktop\research\decentralized benchmark\commitment-horizon-study\reference_core_benchmark_pilot\known_visit_10target_300.csv,5,2,11,7.798251567467508,7.798251567467508,02,02,1,0,True,completed
198,known_visit,HIPC,bernoulli,drop_0.25,19,361,4,10,hipc_h5_bernoulli_025,C:\Users\lottj\Desktop\research\decentralized benchmark\commitment-horizon-study\reference_core_benchmark_pilot\known_visit_10target_300.csv,6,2,15,15.62853488011436,15.62853488011436,03,03,1,0,True,completed
198,known_visit,HIPC,bernoulli,drop_0.25,19,361,4,10,hipc_h5_bernoulli_025,C:\Users\lottj\Desktop\research\decentralized benchmark\commitment-horizon-study\reference_core_benchmark_pilot\known_visit_10target_300.csv,7,10,2,26.849967536777903,26.849967536777903,01,01,1,0,True,completed
198,known_visit,HIPC,bernoulli,drop_0.25,19,361,4,10,hipc_h5_bernoulli_025,C:\Users\lottj\Desktop\research\decentralized benchmark\commitment-horizon-study\reference_core_benchmark_pilot\known_visit_10target_300.csv,8,4,7,7.274254435912556,7.274254435912556,01,01,1,0,True,completed
198,known_visit,HIPC,bernoulli,drop_0.25,19,361,4,10,hipc_h5_bernoulli_025,C:\Users\lottj\Desktop\research\decentralized benchmark\commitment-horizon-study\reference_core_benchmark_pilot\known_visit_10target_300.csv,9,2,13,4.130123461282408,4.130123461282408,02,02,2,1,True,completed
198,known_visit,HIPC,bernoulli,drop_0.25,19,361,4,10,hipc_h5_bernoulli_025,C:\Users\lottj\Desktop\research\decentralized benchmark\commitment-horizon-study\reference_core_benchmark_pilot\known_visit_10target_300.csv,10,5,6,11.198611588260606,11.198611588260606,01,01,1,0,True,completed
199,known_visit,HIPC,bernoulli,drop_0.25,19,361,4,10,hipc_h5_bernoulli_025,C:\Users\lottj\Desktop\research\decentralized benchmark\commitment-horizon-study\reference_core_benchmark_pilot\known_visit_10target_300.csv,1,0,3,4.053000862867111,4.053000862867111,00,00,2,1,True,completed
199,known_visit,HIPC,bernoulli,drop_0.25,19,361,4,10,hipc_h5_bernoulli_025,C:\Users\lottj\Desktop\research\decentralized benchmark\commitment-horizon-study\reference_core_benchmark_pilot\known_visit_10target_300.csv,2,1,8,3.8610884297209025,3.8610884297209025,01,01,1,0,True,completed
199,known_visit,HIPC,bernoulli,drop_0.25,19,361,4,10,hipc_h5_bernoulli_025,C:\Users\lottj\Desktop\research\decentralized benchmark\commitment-horizon-study\reference_core_benchmark_pilot\known_visit_10target_300.csv,3,16,3,39.943548724285556,39.943548724285556,00,00,1,0,True,completed
199,known_visit,HIPC,bernoulli,drop_0.25,19,361,4,10,hipc_h5_bernoulli_025,C:\Users\lottj\Desktop\research\decentralized benchmark\commitment-horizon-study\reference_core_benchmark_pilot\known_visit_10target_300.csv,4,15,9,33.73287199482211,33.73287199482211,02,02,1,0,True,completed
199,known_visit,HIPC,bernoulli,drop_0.25,19,361,4,10,hipc_h5_bernoulli_025,C:\Users\lottj\Desktop\research\decentralized benchmark\commitment-horizon-study\reference_core_benchmark_pilot\known_visit_10target_300.csv,5,11,2,25.49482827199862,25.49482827199862,00,00,1,0,True,completed
199,known_visit,HIPC,bernoulli,drop_0.25,19,361,4,10,hipc_h5_bernoulli_025,C:\Users\lottj\Desktop\research\decentralized benchmark\commitment-horizon-study\reference_core_benchmark_pilot\known_visit_10target_300.csv,6,14,3,36.23624846091965,36.23624846091965,00,00,1,0,True,completed
199,known_visit,HIPC,bernoulli,drop_0.25,19,361,4,10,hipc_h5_bernoulli_025,C:\Users\lottj\Desktop\research\decentralized benchmark\commitment-horizon-study\reference_core_benchmark_pilot\known_visit_10target_300.csv,7,17,17,29.70391352482712,29.70391352482712,03,03,1,0,True,completed
199,known_visit,HIPC,bernoulli,drop_0.25,19,361,4,10,hipc_h5_bernoulli_025,C:\Users\lottj\Desktop\research\decentralized benchmark\commitment-horizon-study\reference_core_benchmark_pilot\known_visit_10target_300.csv,8,11,1,27.195088294310455,27.195088294310455,00,00,1,0,True,completed
199,known_visit,HIPC,bernoulli,drop_0.25,19,361,4,10,hipc_h5_bernoulli_025,C:\Users\lottj\Desktop\research\decentralized benchmark\commitment-horizon-study\reference_core_benchmark_pilot\known_visit_10target_300.csv,9,2,18,1.8970373178207043,1.8970373178207043,03,03,1,0,True,completed
199,known_visit,HIPC,bernoulli,drop_0.25,19,361,4,10,hipc_h5_bernoulli_025,C:\Users\lottj\Desktop\research\decentralized benchmark\commitment-horizon-study\reference_core_benchmark_pilot\known_visit_10target_300.csv,10,18,15,35.18325647620952,35.18325647620952,03,03,1,0,True,completed
200,known_visit,HIPC,bernoulli,drop_0.25,19,361,4,10,hipc_h5_bernoulli_025,C:\Users\lottj\Desktop\research\decentralized benchmark\commitment-horizon-study\reference_core_benchmark_pilot\known_visit_10target_300.csv,1,4,15,11.037445375730648,11.037445375730648,03,03,1,0,True,completed
200,known_visit,HIPC,bernoulli,drop_0.25,19,361,4,10,hipc_h5_bernoulli_025,C:\Users\lottj\Desktop\research\decentralized benchmark\commitment-horizon-study\reference_core_benchmark_pilot\known_visit_10target_300.csv,2,7,5,19.39722032119928,19.39722032119928,00,00,1,0,True,completed
200,known_visit,HIPC,bernoulli,drop_0.25,19,361,4,10,hipc_h5_bernoulli_025,C:\Users\lottj\Desktop\research\decentralized benchmark\commitment-horizon-study\reference_core_benchmark_pilot\known_visit_10target_300.csv,3,4,0,5.461700284715635,5.461700284715635,00,00,2,1,True,completed
200,known_visit,HIPC,bernoulli,drop_0.25,19,361,4,10,hipc_h5_bernoulli_025,C:\Users\lottj\Desktop\research\decentralized benchmark\commitment-horizon-study\reference_core_benchmark_pilot\known_visit_10target_300.csv,4,17,0,45.60751390808582,45.60751390808582,00,00,1,0,True,completed
200,known_visit,HIPC,bernoulli,drop_0.25,19,361,4,10,hipc_h5_bernoulli_025,C:\Users\lottj\Desktop\research\decentralized benchmark\commitment-horizon-study\reference_core_benchmark_pilot\known_visit_10target_300.csv,5,0,11,0.45470434043027597,0.45470434043027597,02,02,1,0,True,completed
200,known_visit,HIPC,bernoulli,drop_0.25,19,361,4,10,hipc_h5_bernoulli_025,C:\Users\lottj\Desktop\research\decentralized benchmark\commitment-horizon-study\reference_core_benchmark_pilot\known_visit_10target_300.csv,6,3,15,8.958391949832126,8.958391949832126,03,03,1,0,True,completed
200,known_visit,HIPC,bernoulli,drop_0.25,19,361,4,10,hipc_h5_bernoulli_025,C:\Users\lottj\Desktop\research\decentralized benchmark\commitment-horizon-study\reference_core_benchmark_pilot\known_visit_10target_300.csv,7,7,16,18.25433708053912,18.25433708053912,03,03,1,0,True,completed
200,known_visit,HIPC,bernoulli,drop_0.25,19,361,4,10,hipc_h5_bernoulli_025,C:\Users\lottj\Desktop\research\decentralized benchmark\commitment-horizon-study\reference_core_benchmark_pilot\known_visit_10target_300.csv,8,7,13,39.59163543825862,39.59163543825862,02,02,1,0,True,completed
200,known_visit,HIPC,bernoulli,drop_0.25,19,361,4,10,hipc_h5_bernoulli_025,C:\Users\lottj\Desktop\research\decentralized benchmark\commitment-horizon-study\reference_core_benchmark_pilot\known_visit_10target_300.csv,9,15,18,35.40605835441861,35.40605835441861,03,03,1,0,True,completed
200,known_visit,HIPC,bernoulli,drop_0.25,19,361,4,10,hipc_h5_bernoulli_025,C:\Users\lottj\Desktop\research\decentralized benchmark\commitment-horizon-study\reference_core_benchmark_pilot\known_visit_10target_300.csv,10,17,2,42.24701644511838,42.24701644511838,00,00,1,0,True,completed
201,known_visit,HIPC,bernoulli,drop_0.25,19,361,4,10,hipc_h5_bernoulli_025,C:\Users\lottj\Desktop\research\decentralized benchmark\commitment-horizon-study\reference_core_benchmark_pilot\known_visit_10target_300.csv,1,17,12,59.638599550682876,59.638599550682876,01,01,1,0,True,completed
201,known_visit,HIPC,bernoulli,drop_0.25,19,361,4,10,hipc_h5_bernoulli_025,C:\Users\lottj\Desktop\research\decentralized benchmark\commitment-horizon-study\reference_core_benchmark_pilot\known_visit_10target_300.csv,2,4,15,10.556952682338277,10.556952682338277,02,02,1,0,True,completed
201,known_visit,HIPC,bernoulli,drop_0.25,19,361,4,10,hipc_h5_bernoulli_025,C:\Users\lottj\Desktop\research\decentralized benchmark\commitment-horizon-study\reference_core_benchmark_pilot\known_visit_10target_300.csv,3,8,9,18.02151311865614,18.02151311865614,01,01,1,0,True,completed
201,known_visit,HIPC,bernoulli,drop_0.25,19,361,4,10,hipc_h5_bernoulli_025,C:\Users\lottj\Desktop\research\decentralized benchmark\commitment-horizon-study\reference_core_benchmark_pilot\known_visit_10target_300.csv,4,6,9,14.298099406320675,14.298099406320675,01,01,1,0,True,completed
201,known_visit,HIPC,bernoulli,drop_0.25,19,361,4,10,hipc_h5_bernoulli_025,C:\Users\lottj\Desktop\research\decentralized benchmark\commitment-horizon-study\reference_core_benchmark_pilot\known_visit_10target_300.csv,5,12,2,22.538952710793335,22.538952710793335,00,00,1,0,True,completed
201,known_visit,HIPC,bernoulli,drop_0.25,19,361,4,10,hipc_h5_bernoulli_025,C:\Users\lottj\Desktop\research\decentralized benchmark\commitment-horizon-study\reference_core_benchmark_pilot\known_visit_10target_300.csv,6,13,18,42.520407897742935,42.520407897742935,01,01,1,0,True,completed
201,known_visit,HIPC,bernoulli,drop_0.25,19,361,4,10,hipc_h5_bernoulli_025,C:\Users\lottj\Desktop\research\decentralized benchmark\commitment-horizon-study\reference_core_benchmark_pilot\known_visit_10target_300.csv,7,3,0,3.521769903667253,3.521769903667253,00,00,1,0,True,completed
201,known_visit,HIPC,bernoulli,drop_0.25,19,361,4,10,hipc_h5_bernoulli_025,C:\Users\lottj\Desktop\research\decentralized benchmark\commitment-horizon-study\reference_core_benchmark_pilot\known_visit_10target_300.csv,8,11,6,31.409353777107075,31.409353777107075,00,00,1,0,True,completed
201,known_visit,HIPC,bernoulli,drop_0.25,19,361,4,10,hipc_h5_bernoulli_025,C:\Users\lottj\Desktop\research\decentralized benchmark\commitment-horizon-study\reference_core_benchmark_pilot\known_visit_10target_300.csv,9,4,6,5.303692330235904,5.303692330235904,01,01,2,1,True,completed
201,known_visit,HIPC,bernoulli,drop_0.25,19,361,4,10,hipc_h5_bernoulli_025,C:\Users\lottj\Desktop\research\decentralized benchmark\commitment-horizon-study\reference_core_benchmark_pilot\known_visit_10target_300.csv,10,10,13,28.55472743940615,28.55472743940615,01,01,1,0,True,completed
202,known_visit,HIPC,bernoulli,drop_0.25,19,361,4,10,hipc_h5_bernoulli_025,C:\Users\lottj\Desktop\research\decentralized benchmark\commitment-horizon-study\reference_core_benchmark_pilot\known_visit_10target_300.csv,1,9,8,17.48117696063104,17.48117696063104,01,01,1,0,True,completed
202,known_visit,HIPC,bernoulli,drop_0.25,19,361,4,10,hipc_h5_bernoulli_025,C:\Users\lottj\Desktop\research\decentralized benchmark\commitment-horizon-study\reference_core_benchmark_pilot\known_visit_10target_300.csv,2,9,7,15.734002887752778,15.734002887752778,01,01,1,0,True,completed
202,known_visit,HIPC,bernoulli,drop_0.25,19,361,4,10,hipc_h5_bernoulli_025,C:\Users\lottj\Desktop\research\decentralized benchmark\commitment-horizon-study\reference_core_benchmark_pilot\known_visit_10target_300.csv,3,3,6,3.50220942365786,3.50220942365786,01,01,1,0,True,completed
202,known_visit,HIPC,bernoulli,drop_0.25,19,361,4,10,hipc_h5_bernoulli_025,C:\Users\lottj\Desktop\research\decentralized benchmark\commitment-horizon-study\reference_core_benchmark_pilot\known_visit_10target_300.csv,4,5,0,14.627466375806227,14.627466375806227,00,00,1,0,True,completed
202,known_visit,HIPC,bernoulli,drop_0.25,19,361,4,10,hipc_h5_bernoulli_025,C:\Users\lottj\Desktop\research\decentralized benchmark\commitment-horizon-study\reference_core_benchmark_pilot\known_visit_10target_300.csv,5,9,13,36.999174508521904,36.999174508521904,01,01,1,0,True,completed
202,known_visit,HIPC,bernoulli,drop_0.25,19,361,4,10,hipc_h5_bernoulli_025,C:\Users\lottj\Desktop\research\decentralized benchmark\commitment-horizon-study\reference_core_benchmark_pilot\known_visit_10target_300.csv,6,12,9,24.72161834690868,24.72161834690868,01,01,1,0,True,completed
202,known_visit,HIPC,bernoulli,drop_0.25,19,361,4,10,hipc_h5_bernoulli_025,C:\Users\lottj\Desktop\research\decentralized benchmark\commitment-horizon-study\reference_core_benchmark_pilot\known_visit_10target_300.csv,7,16,13,53.078758534599714,53.078758534599714,01,01,1,0,True,completed
202,known_visit,HIPC,bernoulli,drop_0.25,19,361,4,10,hipc_h5_bernoulli_025,C:\Users\lottj\Desktop\research\decentralized benchmark\commitment-horizon-study\reference_core_benchmark_pilot\known_visit_10target_300.csv,8,5,9,12.519629615084392,12.519629615084392,02,02,1,0,True,completed
202,known_visit,HIPC,bernoulli,drop_0.25,19,361,4,10,hipc_h5_bernoulli_025,C:\Users\lottj\Desktop\research\decentralized benchmark\commitment-horizon-study\reference_core_benchmark_pilot\known_visit_10target_300.csv,9,9,2,25.17846048295786,25.17846048295786,00,00,1,0,True,completed
202,known_visit,HIPC,bernoulli,drop_0.25,19,361,4,10,hipc_h5_bernoulli_025,C:\Users\lottj\Desktop\research\decentralized benchmark\commitment-horizon-study\reference_core_benchmark_pilot\known_visit_10target_300.csv,10,2,2,5.417088838108993,5.417088838108993,00,00,1,0,True,completed
203,known_visit,HIPC,bernoulli,drop_0.25,19,361,4,10,hipc_h5_bernoulli_025,C:\Users\lottj\Desktop\research\decentralized benchmark\commitment-horizon-study\reference_core_benchmark_pilot\known_visit_10target_300.csv,1,6,8,12.214801065963885,12.214801065963885,01,01,1,0,True,completed
203,known_visit,HIPC,bernoulli,drop_0.25,19,361,4,10,hipc_h5_bernoulli_025,C:\Users\lottj\Desktop\research\decentralized benchmark\commitment-horizon-study\reference_core_benchmark_pilot\known_visit_10target_300.csv,2,11,15,33.498178848557,33.498178848557,01,01,1,0,True,completed
203,known_visit,HIPC,bernoulli,drop_0.25,19,361,4,10,hipc_h5_bernoulli_025,C:\Users\lottj\Desktop\research\decentralized benchmark\commitment-horizon-study\reference_core_benchmark_pilot\known_visit_10target_300.csv,3,9,11,23.114573098754953,23.114573098754953,01,01,1,0,True,completed
203,known_visit,HIPC,bernoulli,drop_0.25,19,361,4,10,hipc_h5_bernoulli_025,C:\Users\lottj\Desktop\research\decentralized benchmark\commitment-horizon-study\reference_core_benchmark_pilot\known_visit_10target_300.csv,4,3,6,3.3822627801519105,3.3822627801519105,01,01,2,1,True,completed
203,known_visit,HIPC,bernoulli,drop_0.25,19,361,4,10,hipc_h5_bernoulli_025,C:\Users\lottj\Desktop\research\decentralized benchmark\commitment-horizon-study\reference_core_benchmark_pilot\known_visit_10target_300.csv,5,0,10,2.186157922356333,2.186157922356333,02,02,1,0,True,completed
203,known_visit,HIPC,bernoulli,drop_0.25,19,361,4,10,hipc_h5_bernoulli_025,C:\Users\lottj\Desktop\research\decentralized benchmark\commitment-horizon-study\reference_core_benchmark_pilot\known_visit_10target_300.csv,6,7,10,17.555429776838665,17.555429776838665,01,01,1,0,True,completed
203,known_visit,HIPC,bernoulli,drop_0.25,19,361,4,10,hipc_h5_bernoulli_025,C:\Users\lottj\Desktop\research\decentralized benchmark\commitment-horizon-study\reference_core_benchmark_pilot\known_visit_10target_300.csv,7,18,3,56.64120989150932,56.64120989150932,02,02,1,0,True,completed
203,known_visit,HIPC,bernoulli,drop_0.25,19,361,4,10,hipc_h5_bernoulli_025,C:\Users\lottj\Desktop\research\decentralized benchmark\commitment-horizon-study\reference_core_benchmark_pilot\known_visit_10target_300.csv,8,6,6,8.574223271638456,8.574223271638456,01,01,2,1,True,completed
203,known_visit,HIPC,bernoulli,drop_0.25,19,361,4,10,hipc_h5_bernoulli_025,C:\Users\lottj\Desktop\research\decentralized benchmark\commitment-horizon-study\reference_core_benchmark_pilot\known_visit_10target_300.csv,9,16,7,45.746231544720445,45.746231544720445,02,02,1,0,True,completed
203,known_visit,HIPC,bernoulli,drop_0.25,19,361,4,10,hipc_h5_bernoulli_025,C:\Users\lottj\Desktop\research\decentralized benchmark\commitment-horizon-study\reference_core_benchmark_pilot\known_visit_10target_300.csv,10,8,5,28.318930520701155,28.318930520701155,02,02,1,0,True,completed
204,known_visit,HIPC,bernoulli,drop_0.25,19,361,4,10,hipc_h5_bernoulli_025,C:\Users\lottj\Desktop\research\decentralized benchmark\commitment-horizon-study\reference_core_benchmark_pilot\known_visit_10target_300.csv,1,2,13,3.817173608884247,3.817173608884247,02,02,1,0,True,completed
204,known_visit,HIPC,bernoulli,drop_0.25,19,361,4,10,hipc_h5_bernoulli_025,C:\Users\lottj\Desktop\research\decentralized benchmark\commitment-horizon-study\reference_core_benchmark_pilot\known_visit_10target_300.csv,2,17,17,47.75024358465246,47.75024358465246,02,02,1,0,True,completed
204,known_visit,HIPC,bernoulli,drop_0.25,19,361,4,10,hipc_h5_bernoulli_025,C:\Users\lottj\Desktop\research\decentralized benchmark\commitment-horizon-study\reference_core_benchmark_pilot\known_visit_10target_300.csv,3,14,9,46.59040588407263,46.59040588407263,00,00,1,0,True,completed
204,known_visit,HIPC,bernoulli,drop_0.25,19,361,4,10,hipc_h5_bernoulli_025,C:\Users\lottj\Desktop\research\decentralized benchmark\commitment-horizon-study\reference_core_benchmark_pilot\known_visit_10target_300.csv,4,13,7,33.54558266154488,33.54558266154488,00,00,1,0,True,completed
204,known_visit,HIPC,bernoulli,drop_0.25,19,361,4,10,hipc_h5_bernoulli_025,C:\Users\lottj\Desktop\research\decentralized benchmark\commitment-horizon-study\reference_core_benchmark_pilot\known_visit_10target_300.csv,5,8,10,19.68765677308408,19.68765677308408,02,02,1,0,True,completed
204,known_visit,HIPC,bernoulli,drop_0.25,19,361,4,10,hipc_h5_bernoulli_025,C:\Users\lottj\Desktop\research\decentralized benchmark\commitment-horizon-study\reference_core_benchmark_pilot\known_visit_10target_300.csv,6,12,16,37.14083243761212,37.14083243761212,02,02,1,0,True,completed
204,known_visit,HIPC,bernoulli,drop_0.25,19,361,4,10,hipc_h5_bernoulli_025,C:\Users\lottj\Desktop\research\decentralized benchmark\commitment-horizon-study\reference_core_benchmark_pilot\known_visit_10target_300.csv,7,10,3,21.078037755231474,21.078037755231474,00,00,1,0,True,completed
204,known_visit,HIPC,bernoulli,drop_0.25,19,361,4,10,hipc_h5_bernoulli_025,C:\Users\lottj\Desktop\research\decentralized benchmark\commitment-horizon-study\reference_core_benchmark_pilot\known_visit_10target_300.csv,8,5,3,12.237510617655063,12.237510617655063,00,00,1,0,True,completed
204,known_visit,HIPC,bernoulli,drop_0.25,19,361,4,10,hipc_h5_bernoulli_025,C:\Users\lottj\Desktop\research\decentralized benchmark\commitment-horizon-study\reference_core_benchmark_pilot\known_visit_10target_300.csv,9,17,10,53.90032598939982,53.90032598939982,00,00,1,0,True,completed
204,known_visit,HIPC,bernoulli,drop_0.25,19,361,4,10,hipc_h5_bernoulli_025,C:\Users\lottj\Desktop\research\decentralized benchmark\commitment-horizon-study\reference_core_benchmark_pilot\known_visit_10target_300.csv,10,12,9,38.91797558850551,38.91797558850551,00,00,1,0,True,completed
205,known_visit,HIPC,bernoulli,drop_0.25,19,361,4,10,hipc_h5_bernoulli_025,C:\Users\lottj\Desktop\research\decentralized benchmark\commitment-horizon-study\reference_core_benchmark_pilot\known_visit_10target_300.csv,1,12,13,31.71068646188105,31.71068646188105,01,01,1,0,True,completed
205,known_visit,HIPC,bernoulli,drop_0.25,19,361,4,10,hipc_h5_bernoulli_025,C:\Users\lottj\Desktop\research\decentralized benchmark\commitment-horizon-study\reference_core_benchmark_pilot\known_visit_10target_300.csv,2,16,12,51.23354560755911,51.23354560755911,01,01,1,0,True,completed
205,known_visit,HIPC,bernoulli,drop_0.25,19,361,4,10,hipc_h5_bernoulli_025,C:\Users\lottj\Desktop\research\decentralized benchmark\commitment-horizon-study\reference_core_benchmark_pilot\known_visit_10target_300.csv,3,5,6,17.575646584786238,17.575646584786238,02,02,1,0,True,completed
205,known_visit,HIPC,bernoulli,drop_0.25,19,361,4,10,hipc_h5_bernoulli_025,C:\Users\lottj\Desktop\research\decentralized benchmark\commitment-horizon-study\reference_core_benchmark_pilot\known_visit_10target_300.csv,4,15,17,28.947347524103343,28.947347524103343,03,03,1,0,True,completed
205,known_visit,HIPC,bernoulli,drop_0.25,19,361,4,10,hipc_h5_bernoulli_025,C:\Users\lottj\Desktop\research\decentralized benchmark\commitment-horizon-study\reference_core_benchmark_pilot\known_visit_10target_300.csv,5,3,10,7.235488839019463,7.235488839019463,02,02,1,0,True,completed
205,known_visit,HIPC,bernoulli,drop_0.25,19,361,4,10,hipc_h5_bernoulli_025,C:\Users\lottj\Desktop\research\decentralized benchmark\commitment-horizon-study\reference_core_benchmark_pilot\known_visit_10target_300.csv,6,3,17,5.650985488213161,5.650985488213161,03,03,1,0,True,completed
205,known_visit,HIPC,bernoulli,drop_0.25,19,361,4,10,hipc_h5_bernoulli_025,C:\Users\lottj\Desktop\research\decentralized benchmark\commitment-horizon-study\reference_core_benchmark_pilot\known_visit_10target_300.csv,7,14,9,42.43076797045911,42.43076797045911,01,01,1,0,True,completed
205,known_visit,HIPC,bernoulli,drop_0.25,19,361,4,10,hipc_h5_bernoulli_025,C:\Users\lottj\Desktop\research\decentralized benchmark\commitment-horizon-study\reference_core_benchmark_pilot\known_visit_10target_300.csv,8,14,11,39.04548958485109,39.04548958485109,01,01,2,1,True,completed
205,known_visit,HIPC,bernoulli,drop_0.25,19,361,4,10,hipc_h5_bernoulli_025,C:\Users\lottj\Desktop\research\decentralized benchmark\commitment-horizon-study\reference_core_benchmark_pilot\known_visit_10target_300.csv,9,11,7,19.57579132428286,19.57579132428286,01,01,1,0,True,completed
205,known_visit,HIPC,bernoulli,drop_0.25,19,361,4,10,hipc_h5_bernoulli_025,C:\Users\lottj\Desktop\research\decentralized benchmark\commitment-horizon-study\reference_core_benchmark_pilot\known_visit_10target_300.csv,10,17,10,56.980958397021475,56.980958397021475,01,01,1,0,True,completed
206,known_visit,HIPC,bernoulli,drop_0.25,19,361,4,10,hipc_h5_bernoulli_025,C:\Users\lottj\Desktop\research\decentralized benchmark\commitment-horizon-study\reference_core_benchmark_pilot\known_visit_10target_300.csv,1,13,7,54.618686659068764,54.618686659068764,01,01,1,0,True,completed
206,known_visit,HIPC,bernoulli,drop_0.25,19,361,4,10,hipc_h5_bernoulli_025,C:\Users\lottj\Desktop\research\decentralized benchmark\commitment-horizon-study\reference_core_benchmark_pilot\known_visit_10target_300.csv,2,16,2,33.7522236304666,33.7522236304666,01,01,1,0,True,completed
206,known_visit,HIPC,bernoulli,drop_0.25,19,361,4,10,hipc_h5_bernoulli_025,C:\Users\lottj\Desktop\research\decentralized benchmark\commitment-horizon-study\reference_core_benchmark_pilot\known_visit_10target_300.csv,3,1,13,2.315373261804439,2.315373261804439,02,02,1,0,True,completed
206,known_visit,HIPC,bernoulli,drop_0.25,19,361,4,10,hipc_h5_bernoulli_025,C:\Users\lottj\Desktop\research\decentralized benchmark\commitment-horizon-study\reference_core_benchmark_pilot\known_visit_10target_300.csv,4,18,7,45.7730875305441,45.7730875305441,01,01,1,0,True,completed
206,known_visit,HIPC,bernoulli,drop_0.25,19,361,4,10,hipc_h5_bernoulli_025,C:\Users\lottj\Desktop\research\decentralized benchmark\commitment-horizon-study\reference_core_benchmark_pilot\known_visit_10target_300.csv,5,5,3,13.041004761296735,13.041004761296735,01,01,2,1,True,completed
206,known_visit,HIPC,bernoulli,drop_0.25,19,361,4,10,hipc_h5_bernoulli_025,C:\Users\lottj\Desktop\research\decentralized benchmark\commitment-horizon-study\reference_core_benchmark_pilot\known_visit_10target_300.csv,6,3,12,7.931988117910261,7.931988117910261,02,02,1,0,True,completed
206,known_visit,HIPC,bernoulli,drop_0.25,19,361,4,10,hipc_h5_bernoulli_025,C:\Users\lottj\Desktop\research\decentralized benchmark\commitment-horizon-study\reference_core_benchmark_pilot\known_visit_10target_300.csv,7,3,4,7.57128848826385,7.57128848826385,01,01,1,0,True,completed
206,known_visit,HIPC,bernoulli,drop_0.25,19,361,4,10,hipc_h5_bernoulli_025,C:\Users\lottj\Desktop\research\decentralized benchmark\commitment-horizon-study\reference_core_benchmark_pilot\known_visit_10target_300.csv,8,7,9,20.037530915510423,20.037530915510423,02,02,1,0,True,completed
206,known_visit,HIPC,bernoulli,drop_0.25,19,361,4,10,hipc_h5_bernoulli_025,C:\Users\lottj\Desktop\research\decentralized benchmark\commitment-horizon-study\reference_core_benchmark_pilot\known_visit_10target_300.csv,9,12,6,58.382639694307265,58.382639694307265,01,01,1,0,True,completed
206,known_visit,HIPC,bernoulli,drop_0.25,19,361,4,10,hipc_h5_bernoulli_025,C:\Users\lottj\Desktop\research\decentralized benchmark\commitment-horizon-study\reference_core_benchmark_pilot\known_visit_10target_300.csv,10,1,5,2.1335254838881235,2.1335254838881235,01,01,1,0,True,completed
207,known_visit,HIPC,bernoulli,drop_0.25,19,361,4,10,hipc_h5_bernoulli_025,C:\Users\lottj\Desktop\research\decentralized benchmark\commitment-horizon-study\reference_core_benchmark_pilot\known_visit_10target_300.csv,1,4,9,10.849905157595632,10.849905157595632,01,01,1,0,True,completed
207,known_visit,HIPC,bernoulli,drop_0.25,19,361,4,10,hipc_h5_bernoulli_025,C:\Users\lottj\Desktop\research\decentralized benchmark\commitment-horizon-study\reference_core_benchmark_pilot\known_visit_10target_300.csv,2,11,13,30.256653058650294,30.256653058650294,01,01,2,1,True,completed
207,known_visit,HIPC,bernoulli,drop_0.25,19,361,4,10,hipc_h5_bernoulli_025,C:\Users\lottj\Desktop\research\decentralized benchmark\commitment-horizon-study\reference_core_benchmark_pilot\known_visit_10target_300.csv,3,5,6,137.63198507194642,137.63198507194642,00,00,1,0,True,completed
207,known_visit,HIPC,bernoulli,drop_0.25,19,361,4,10,hipc_h5_bernoulli_025,C:\Users\lottj\Desktop\research\decentralized benchmark\commitment-horizon-study\reference_core_benchmark_pilot\known_visit_10target_300.csv,4,0,3,3.853347288288317,3.853347288288317,00,00,1,0,True,completed
207,known_visit,HIPC,bernoulli,drop_0.25,19,361,4,10,hipc_h5_bernoulli_025,C:\Users\lottj\Desktop\research\decentralized benchmark\commitment-horizon-study\reference_core_benchmark_pilot\known_visit_10target_300.csv,5,10,18,15.73755076738719,15.73755076738719,03,03,1,0,True,completed
207,known_visit,HIPC,bernoulli,drop_0.25,19,361,4,10,hipc_h5_bernoulli_025,C:\Users\lottj\Desktop\research\decentralized benchmark\commitment-horizon-study\reference_core_benchmark_pilot\known_visit_10target_300.csv,6,8,10,19.61525284999556,19.61525284999556,01,01,1,0,True,completed
207,known_visit,HIPC,bernoulli,drop_0.25,19,361,4,10,hipc_h5_bernoulli_025,C:\Users\lottj\Desktop\research\decentralized benchmark\commitment-horizon-study\reference_core_benchmark_pilot\known_visit_10target_300.csv,7,11,10,24.779133239972225,24.779133239972225,01,01,1,0,True,completed
207,known_visit,HIPC,bernoulli,drop_0.25,19,361,4,10,hipc_h5_bernoulli_025,C:\Users\lottj\Desktop\research\decentralized benchmark\commitment-horizon-study\reference_core_benchmark_pilot\known_visit_10target_300.csv,8,12,12,34.24470399275631,34.24470399275631,01,01,1,0,True,completed
207,known_visit,HIPC,bernoulli,drop_0.25,19,361,4,10,hipc_h5_bernoulli_025,C:\Users\lottj\Desktop\research\decentralized benchmark\commitment-horizon-study\reference_core_benchmark_pilot\known_visit_10target_300.csv,9,18,13,46.75155470650374,46.75155470650374,01,01,1,0,True,completed
207,known_visit,HIPC,bernoulli,drop_0.25,19,361,4,10,hipc_h5_bernoulli_025,C:\Users\lottj\Desktop\research\decentralized benchmark\commitment-horizon-study\reference_core_benchmark_pilot\known_visit_10target_300.csv,10,11,12,28.574118139671864,28.574118139671864,01,01,2,1,True,completed
208,known_visit,HIPC,bernoulli,drop_0.25,19,361,4,10,hipc_h5_bernoulli_025,C:\Users\lottj\Desktop\research\decentralized benchmark\commitment-horizon-study\reference_core_benchmark_pilot\known_visit_10target_300.csv,1,7,15,16.144050139245916,16.144050139245916,02,02,2,1,True,completed
208,known_visit,HIPC,bernoulli,drop_0.25,19,361,4,10,hipc_h5_bernoulli_025,C:\Users\lottj\Desktop\research\decentralized benchmark\commitment-horizon-study\reference_core_benchmark_pilot\known_visit_10target_300.csv,2,15,16,41.92189741518616,41.92189741518616,01,01,2,1,True,completed
208,known_visit,HIPC,bernoulli,drop_0.25,19,361,4,10,hipc_h5_bernoulli_025,C:\Users\lottj\Desktop\research\decentralized benchmark\commitment-horizon-study\reference_core_benchmark_pilot\known_visit_10target_300.csv,3,18,5,66.47324940016377,66.47324940016377,01,01,1,0,True,completed
208,known_visit,HIPC,bernoulli,drop_0.25,19,361,4,10,hipc_h5_bernoulli_025,C:\Users\lottj\Desktop\research\decentralized benchmark\commitment-horizon-study\reference_core_benchmark_pilot\known_visit_10target_300.csv,4,7,18,10.191439866712125,10.191439866712125,03,03,1,0,True,completed
208,known_visit,HIPC,bernoulli,drop_0.25,19,361,4,10,hipc_h5_bernoulli_025,C:\Users\lottj\Desktop\research\decentralized benchmark\commitment-horizon-study\reference_core_benchmark_pilot\known_visit_10target_300.csv,5,16,10,54.27665906921378,54.27665906921378,01,01,1,0,True,completed
208,known_visit,HIPC,bernoulli,drop_0.25,19,361,4,10,hipc_h5_bernoulli_025,C:\Users\lottj\Desktop\research\decentralized benchmark\commitment-horizon-study\reference_core_benchmark_pilot\known_visit_10target_300.csv,6,13,13,33.193569349546756,33.193569349546756,01,01,1,0,True,completed
208,known_visit,HIPC,bernoulli,drop_0.25,19,361,4,10,hipc_h5_bernoulli_025,C:\Users\lottj\Desktop\research\decentralized benchmark\commitment-horizon-study\reference_core_benchmark_pilot\known_visit_10target_300.csv,7,9,8,17.31642415223999,17.31642415223999,01,01,2,1,True,completed
208,known_visit,HIPC,bernoulli,drop_0.25,19,361,4,10,hipc_h5_bernoulli_025,C:\Users\lottj\Desktop\research\decentralized benchmark\commitment-horizon-study\reference_core_benchmark_pilot\known_visit_10target_300.csv,8,5,13,8.545865624907234,8.545865624907234,02,02,1,0,True,completed
208,known_visit,HIPC,bernoulli,drop_0.25,19,361,4,10,hipc_h5_bernoulli_025,C:\Users\lottj\Desktop\research\decentralized benchmark\commitment-horizon-study\reference_core_benchmark_pilot\known_visit_10target_300.csv,9,7,6,10.394137433245895,10.394137433245895,01,01,1,0,True,completed
208,known_visit,HIPC,bernoulli,drop_0.25,19,361,4,10,hipc_h5_bernoulli_025,C:\Users\lottj\Desktop\research\decentralized benchmark\commitment-horizon-study\reference_core_benchmark_pilot\known_visit_10target_300.csv,10,11,8,21.065288762500174,21.065288762500174,01,01,1,0,True,completed
209,known_visit,HIPC,bernoulli,drop_0.25,19,361,4,10,hipc_h5_bernoulli_025,C:\Users\lottj\Desktop\research\decentralized benchmark\commitment-horizon-study\reference_core_benchmark_pilot\known_visit_10target_300.csv,1,2,14,5.5683908125452675,5.5683908125452675,02,02,1,0,True,completed
209,known_visit,HIPC,bernoulli,drop_0.25,19,361,4,10,hipc_h5_bernoulli_025,C:\Users\lottj\Desktop\research\decentralized benchmark\commitment-horizon-study\reference_core_benchmark_pilot\known_visit_10target_300.csv,2,12,18,19.04988167996976,19.04988167996976,03,03,1,0,True,completed
209,known_visit,HIPC,bernoulli,drop_0.25,19,361,4,10,hipc_h5_bernoulli_025,C:\Users\lottj\Desktop\research\decentralized benchmark\commitment-horizon-study\reference_core_benchmark_pilot\known_visit_10target_300.csv,3,1,0,0.11409703386873649,0.11409703386873649,00,00,2,1,True,completed
209,known_visit,HIPC,bernoulli,drop_0.25,19,361,4,10,hipc_h5_bernoulli_025,C:\Users\lottj\Desktop\research\decentralized benchmark\commitment-horizon-study\reference_core_benchmark_pilot\known_visit_10target_300.csv,4,10,2,19.477948827652497,19.477948827652497,00,00,1,0,True,completed
209,known_visit,HIPC,bernoulli,drop_0.25,19,361,4,10,hipc_h5_bernoulli_025,C:\Users\lottj\Desktop\research\decentralized benchmark\commitment-horizon-study\reference_core_benchmark_pilot\known_visit_10target_300.csv,5,16,12,40.399640207724964,40.399640207724964,03,03,1,0,True,completed
209,known_visit,HIPC,bernoulli,drop_0.25,19,361,4,10,hipc_h5_bernoulli_025,C:\Users\lottj\Desktop\research\decentralized benchmark\commitment-horizon-study\reference_core_benchmark_pilot\known_visit_10target_300.csv,6,12,8,58.379724356768946,58.379724356768946,03,03,1,0,True,completed
209,known_visit,HIPC,bernoulli,drop_0.25,19,361,4,10,hipc_h5_bernoulli_025,C:\Users\lottj\Desktop\research\decentralized benchmark\commitment-horizon-study\reference_core_benchmark_pilot\known_visit_10target_300.csv,7,13,10,53.058265378362144,53.058265378362144,03,03,1,0,True,completed
209,known_visit,HIPC,bernoulli,drop_0.25,19,361,4,10,hipc_h5_bernoulli_025,C:\Users\lottj\Desktop\research\decentralized benchmark\commitment-horizon-study\reference_core_benchmark_pilot\known_visit_10target_300.csv,8,4,6,5.265065514703043,5.265065514703043,01,01,1,0,True,completed
209,known_visit,HIPC,bernoulli,drop_0.25,19,361,4,10,hipc_h5_bernoulli_025,C:\Users\lottj\Desktop\research\decentralized benchmark\commitment-horizon-study\reference_core_benchmark_pilot\known_visit_10target_300.csv,9,13,11,33.09240036779204,33.09240036779204,03,03,1,0,True,completed
209,known_visit,HIPC,bernoulli,drop_0.25,19,361,4,10,hipc_h5_bernoulli_025,C:\Users\lottj\Desktop\research\decentralized benchmark\commitment-horizon-study\reference_core_benchmark_pilot\known_visit_10target_300.csv,10,6,1,10.546739524451205,10.546739524451205,00,00,1,0,True,completed
210,known_visit,HIPC,bernoulli,drop_0.25,19,361,4,10,hipc_h5_bernoulli_025,C:\Users\lottj\Desktop\research\decentralized benchmark\commitment-horizon-study\reference_core_benchmark_pilot\known_visit_10target_300.csv,1,12,15,28.911403412874762,28.911403412874762,02,02,1,0,True,completed
210,known_visit,HIPC,bernoulli,drop_0.25,19,361,4,10,hipc_h5_bernoulli_025,C:\Users\lottj\Desktop\research\decentralized benchmark\commitment-horizon-study\reference_core_benchmark_pilot\known_visit_10target_300.csv,2,2,1,4.00901701863901,4.00901701863901,00,00,1,0,True,completed
210,known_visit,HIPC,bernoulli,drop_0.25,19,361,4,10,hipc_h5_bernoulli_025,C:\Users\lottj\Desktop\research\decentralized benchmark\commitment-horizon-study\reference_core_benchmark_pilot\known_visit_10target_300.csv,3,1,11,2.2808660025516727,2.2808660025516727,02,02,1,0,True,completed
210,known_visit,HIPC,bernoulli,drop_0.25,19,361,4,10,hipc_h5_bernoulli_025,C:\Users\lottj\Desktop\research\decentralized benchmark\commitment-horizon-study\reference_core_benchmark_pilot\known_visit_10target_300.csv,4,10,2,27.31971991300008,27.31971991300008,01,01,1,0,True,completed
210,known_visit,HIPC,bernoulli,drop_0.25,19,361,4,10,hipc_h5_bernoulli_025,C:\Users\lottj\Desktop\research\decentralized benchmark\commitment-horizon-study\reference_core_benchmark_pilot\known_visit_10target_300.csv,5,3,7,5.724294013001105,5.724294013001105,01,01,1,0,True,completed
210,known_visit,HIPC,bernoulli,drop_0.25,19,361,4,10,hipc_h5_bernoulli_025,C:\Users\lottj\Desktop\research\decentralized benchmark\commitment-horizon-study\reference_core_benchmark_pilot\known_visit_10target_300.csv,6,8,5,18.45331168493956,18.45331168493956,01,01,1,0,True,completed
210,known_visit,HIPC,bernoulli,drop_0.25,19,361,4,10,hipc_h5_bernoulli_025,C:\Users\lottj\Desktop\research\decentralized benchmark\commitment-horizon-study\reference_core_benchmark_pilot\known_visit_10target_300.csv,7,17,8,50.17294166615836,50.17294166615836,01,01,1,0,True,completed
210,known_visit,HIPC,bernoulli,drop_0.25,19,361,4,10,hipc_h5_bernoulli_025,C:\Users\lottj\Desktop\research\decentralized benchmark\commitment-horizon-study\reference_core_benchmark_pilot\known_visit_10target_300.csv,8,16,4,41.19458137407572,41.19458137407572,01,01,1,0,True,completed
210,known_visit,HIPC,bernoulli,drop_0.25,19,361,4,10,hipc_h5_bernoulli_025,C:\Users\lottj\Desktop\research\decentralized benchmark\commitment-horizon-study\reference_core_benchmark_pilot\known_visit_10target_300.csv,9,1,3,9.302850910657853,9.302850910657853,00,00,1,0,True,completed
210,known_visit,HIPC,bernoulli,drop_0.25,19,361,4,10,hipc_h5_bernoulli_025,C:\Users\lottj\Desktop\research\decentralized benchmark\commitment-horizon-study\reference_core_benchmark_pilot\known_visit_10target_300.csv,10,17,4,43.282035871918694,43.282035871918694,01,01,1,0,True,completed
211,known_visit,HIPC,bernoulli,drop_0.25,19,361,4,10,hipc_h5_bernoulli_025,C:\Users\lottj\Desktop\research\decentralized benchmark\commitment-horizon-study\reference_core_benchmark_pilot\known_visit_10target_300.csv,1,17,9,64.03733382274108,64.03733382274108,02,02,1,0,True,completed
211,known_visit,HIPC,bernoulli,drop_0.25,19,361,4,10,hipc_h5_bernoulli_025,C:\Users\lottj\Desktop\research\decentralized benchmark\commitment-horizon-study\reference_core_benchmark_pilot\known_visit_10target_300.csv,2,15,0,44.9508996905773,44.9508996905773,02,02,1,0,True,completed
211,known_visit,HIPC,bernoulli,drop_0.25,19,361,4,10,hipc_h5_bernoulli_025,C:\Users\lottj\Desktop\research\decentralized benchmark\commitment-horizon-study\reference_core_benchmark_pilot\known_visit_10target_300.csv,3,7,6,20.596490952482334,20.596490952482334,02,02,1,0,True,completed
211,known_visit,HIPC,bernoulli,drop_0.25,19,361,4,10,hipc_h5_bernoulli_025,C:\Users\lottj\Desktop\research\decentralized benchmark\commitment-horizon-study\reference_core_benchmark_pilot\known_visit_10target_300.csv,4,4,1,7.229003841920096,7.229003841920096,00,00,1,0,True,completed
211,known_visit,HIPC,bernoulli,drop_0.25,19,361,4,10,hipc_h5_bernoulli_025,C:\Users\lottj\Desktop\research\decentralized benchmark\commitment-horizon-study\reference_core_benchmark_pilot\known_visit_10target_300.csv,5,5,0,11.213606707771048,11.213606707771048,00,00,1,0,True,completed
211,known_visit,HIPC,bernoulli,drop_0.25,19,361,4,10,hipc_h5_bernoulli_025,C:\Users\lottj\Desktop\research\decentralized benchmark\commitment-horizon-study\reference_core_benchmark_pilot\known_visit_10target_300.csv,6,7,10,13.890447220526482,13.890447220526482,02,02,1,0,True,completed
211,known_visit,HIPC,bernoulli,drop_0.25,19,361,4,10,hipc_h5_bernoulli_025,C:\Users\lottj\Desktop\research\decentralized benchmark\commitment-horizon-study\reference_core_benchmark_pilot\known_visit_10target_300.csv,7,10,14,34.07141828896089,34.07141828896089,03,03,1,0,True,completed
211,known_visit,HIPC,bernoulli,drop_0.25,19,361,4,10,hipc_h5_bernoulli_025,C:\Users\lottj\Desktop\research\decentralized benchmark\commitment-horizon-study\reference_core_benchmark_pilot\known_visit_10target_300.csv,8,3,0,3.5187815521745986,3.5187815521745986,00,00,1,0,True,completed
211,known_visit,HIPC,bernoulli,drop_0.25,19,361,4,10,hipc_h5_bernoulli_025,C:\Users\lottj\Desktop\research\decentralized benchmark\commitment-horizon-study\reference_core_benchmark_pilot\known_visit_10target_300.csv,9,10,3,31.15979080369691,31.15979080369691,02,02,1,0,True,completed
211,known_visit,HIPC,bernoulli,drop_0.25,19,361,4,10,hipc_h5_bernoulli_025,C:\Users\lottj\Desktop\research\decentralized benchmark\commitment-horizon-study\reference_core_benchmark_pilot\known_visit_10target_300.csv,10,3,3,23.93499636797196,23.93499636797196,00,00,1,0,True,completed
212,known_visit,HIPC,bernoulli,drop_0.25,19,361,4,10,hipc_h5_bernoulli_025,C:\Users\lottj\Desktop\research\decentralized benchmark\commitment-horizon-study\reference_core_benchmark_pilot\known_visit_10target_300.csv,1,8,16,16.066948194036016,16.066948194036016,03,03,1,0,True,completed
212,known_visit,HIPC,bernoulli,drop_0.25,19,361,4,10,hipc_h5_bernoulli_025,C:\Users\lottj\Desktop\research\decentralized benchmark\commitment-horizon-study\reference_core_benchmark_pilot\known_visit_10target_300.csv,2,9,16,31.925492863085722,31.925492863085722,02,02,1,0,True,completed
212,known_visit,HIPC,bernoulli,drop_0.25,19,361,4,10,hipc_h5_bernoulli_025,C:\Users\lottj\Desktop\research\decentralized benchmark\commitment-horizon-study\reference_core_benchmark_pilot\known_visit_10target_300.csv,3,8,5,21.20348190822218,21.20348190822218,00,00,1,0,True,completed
212,known_visit,HIPC,bernoulli,drop_0.25,19,361,4,10,hipc_h5_bernoulli_025,C:\Users\lottj\Desktop\research\decentralized benchmark\commitment-horizon-study\reference_core_benchmark_pilot\known_visit_10target_300.csv,4,4,2,8.957782675594238,8.957782675594238,00,00,1,0,True,completed
212,known_visit,HIPC,bernoulli,drop_0.25,19,361,4,10,hipc_h5_bernoulli_025,C:\Users\lottj\Desktop\research\decentralized benchmark\commitment-horizon-study\reference_core_benchmark_pilot\known_visit_10target_300.csv,5,13,12,46.343965835614725,46.343965835614725,02,02,1,0,True,completed
212,known_visit,HIPC,bernoulli,drop_0.25,19,361,4,10,hipc_h5_bernoulli_025,C:\Users\lottj\Desktop\research\decentralized benchmark\commitment-horizon-study\reference_core_benchmark_pilot\known_visit_10target_300.csv,6,7,5,19.528995803858344,19.528995803858344,00,00,1,0,True,completed
212,known_visit,HIPC,bernoulli,drop_0.25,19,361,4,10,hipc_h5_bernoulli_025,C:\Users\lottj\Desktop\research\decentralized benchmark\commitment-horizon-study\reference_core_benchmark_pilot\known_visit_10target_300.csv,7,1,0,0.1963314636532963,0.1963314636532963,00,00,2,1,True,completed
212,known_visit,HIPC,bernoulli,drop_0.25,19,361,4,10,hipc_h5_bernoulli_025,C:\Users\lottj\Desktop\research\decentralized benchmark\commitment-horizon-study\reference_core_benchmark_pilot\known_visit_10target_300.csv,8,3,14,7.164539539598733,7.164539539598733,02,02,2,1,True,completed
212,known_visit,HIPC,bernoulli,drop_0.25,19,361,4,10,hipc_h5_bernoulli_025,C:\Users\lottj\Desktop\research\decentralized benchmark\commitment-horizon-study\reference_core_benchmark_pilot\known_visit_10target_300.csv,9,17,16,60.51416688808828,60.51416688808828,02,02,1,0,True,completed
212,known_visit,HIPC,bernoulli,drop_0.25,19,361,4,10,hipc_h5_bernoulli_025,C:\Users\lottj\Desktop\research\decentralized benchmark\commitment-horizon-study\reference_core_benchmark_pilot\known_visit_10target_300.csv,10,5,11,16.291166488709028,16.291166488709028,02,02,1,0,True,completed
213,known_visit,HIPC,bernoulli,drop_0.25,19,361,4,10,hipc_h5_bernoulli_025,C:\Users\lottj\Desktop\research\decentralized benchmark\commitment-horizon-study\reference_core_benchmark_pilot\known_visit_10target_300.csv,1,16,1,27.61220314059918,27.61220314059918,00,00,1,0,True,completed
213,known_visit,HIPC,bernoulli,drop_0.25,19,361,4,10,hipc_h5_bernoulli_025,C:\Users\lottj\Desktop\research\decentralized benchmark\commitment-horizon-study\reference_core_benchmark_pilot\known_visit_10target_300.csv,2,11,14,70.1939973825228,70.1939973825228,00,00,1,0,True,completed
213,known_visit,HIPC,bernoulli,drop_0.25,19,361,4,10,hipc_h5_bernoulli_025,C:\Users\lottj\Desktop\research\decentralized benchmark\commitment-horizon-study\reference_core_benchmark_pilot\known_visit_10target_300.csv,3,15,4,34.922472822993754,34.922472822993754,00,00,1,0,True,completed
213,known_visit,HIPC,bernoulli,drop_0.25,19,361,4,10,hipc_h5_bernoulli_025,C:\Users\lottj\Desktop\research\decentralized benchmark\commitment-horizon-study\reference_core_benchmark_pilot\known_visit_10target_300.csv,4,7,6,10.47886170518683,10.47886170518683,01,01,1,0,True,completed
213,known_visit,HIPC,bernoulli,drop_0.25,19,361,4,10,hipc_h5_bernoulli_025,C:\Users\lottj\Desktop\research\decentralized benchmark\commitment-horizon-study\reference_core_benchmark_pilot\known_visit_10target_300.csv,5,4,6,5.378978567894194,5.378978567894194,01,01,1,0,True,completed
213,known_visit,HIPC,bernoulli,drop_0.25,19,361,4,10,hipc_h5_bernoulli_025,C:\Users\lottj\Desktop\research\decentralized benchmark\commitment-horizon-study\reference_core_benchmark_pilot\known_visit_10target_300.csv,6,5,11,23.08530488050023,23.08530488050023,01,01,1,0,True,completed
213,known_visit,HIPC,bernoulli,drop_0.25,19,361,4,10,hipc_h5_bernoulli_025,C:\Users\lottj\Desktop\research\decentralized benchmark\commitment-horizon-study\reference_core_benchmark_pilot\known_visit_10target_300.csv,7,7,10,17.619446042900414,17.619446042900414,01,01,1,0,True,completed
213,known_visit,HIPC,bernoulli,drop_0.25,19,361,4,10,hipc_h5_bernoulli_025,C:\Users\lottj\Desktop\research\decentralized benchmark\commitment-horizon-study\reference_core_benchmark_pilot\known_visit_10target_300.csv,8,18,12,54.64541996223806,54.64541996223806,00,00,1,0,True,completed
213,known_visit,HIPC,bernoulli,drop_0.25,19,361,4,10,hipc_h5_bernoulli_025,C:\Users\lottj\Desktop\research\decentralized benchmark\commitment-horizon-study\reference_core_benchmark_pilot\known_visit_10target_300.csv,9,1,0,0.2064662524245238,0.2064662524245238,00,00,2,1,True,completed
213,known_visit,HIPC,bernoulli,drop_0.25,19,361,4,10,hipc_h5_bernoulli_025,C:\Users\lottj\Desktop\research\decentralized benchmark\commitment-horizon-study\reference_core_benchmark_pilot\known_visit_10target_300.csv,10,16,11,49.305406900321415,49.305406900321415,00,00,1,0,True,completed
214,known_visit,HIPC,bernoulli,drop_0.25,19,361,4,10,hipc_h5_bernoulli_025,C:\Users\lottj\Desktop\research\decentralized benchmark\commitment-horizon-study\reference_core_benchmark_pilot\known_visit_10target_300.csv,1,13,5,44.599733457246636,44.599733457246636,00,00,1,0,True,completed
214,known_visit,HIPC,bernoulli,drop_0.25,19,361,4,10,hipc_h5_bernoulli_025,C:\Users\lottj\Desktop\research\decentralized benchmark\commitment-horizon-study\reference_core_benchmark_pilot\known_visit_10target_300.csv,2,7,10,29.558626681776012,29.558626681776012,02,02,1,0,True,completed
214,known_visit,HIPC,bernoulli,drop_0.25,19,361,4,10,hipc_h5_bernoulli_025,C:\Users\lottj\Desktop\research\decentralized benchmark\commitment-horizon-study\reference_core_benchmark_pilot\known_visit_10target_300.csv,3,3,1,5.50696579160695,5.50696579160695,00,00,1,0,True,completed
214,known_visit,HIPC,bernoulli,drop_0.25,19,361,4,10,hipc_h5_bernoulli_025,C:\Users\lottj\Desktop\research\decentralized benchmark\commitment-horizon-study\reference_core_benchmark_pilot\known_visit_10target_300.csv,4,14,16,26.12278432488658,26.12278432488658,03,03,1,0,True,completed
214,known_visit,HIPC,bernoulli,drop_0.25,19,361,4,10,hipc_h5_bernoulli_025,C:\Users\lottj\Desktop\research\decentralized benchmark\commitment-horizon-study\reference_core_benchmark_pilot\known_visit_10target_300.csv,5,6,7,18.564275491247386,18.564275491247386,02,02,1,0,True,completed
214,known_visit,HIPC,bernoulli,drop_0.25,19,361,4,10,hipc_h5_bernoulli_025,C:\Users\lottj\Desktop\research\decentralized benchmark\commitment-horizon-study\reference_core_benchmark_pilot\known_visit_10target_300.csv,6,15,0,28.195101875886444,28.195101875886444,00,00,1,0,True,completed
214,known_visit,HIPC,bernoulli,drop_0.25,19,361,4,10,hipc_h5_bernoulli_025,C:\Users\lottj\Desktop\research\decentralized benchmark\commitment-horizon-study\reference_core_benchmark_pilot\known_visit_10target_300.csv,7,16,15,67.15616780520101,67.15616780520101,00,00,1,0,True,completed
214,known_visit,HIPC,bernoulli,drop_0.25,19,361,4,10,hipc_h5_bernoulli_025,C:\Users\lottj\Desktop\research\decentralized benchmark\commitment-horizon-study\reference_core_benchmark_pilot\known_visit_10target_300.csv,8,8,9,25.90772658812422,25.90772658812422,02,02,1,0,True,completed
214,known_visit,HIPC,bernoulli,drop_0.25,19,361,4,10,hipc_h5_bernoulli_025,C:\Users\lottj\Desktop\research\decentralized benchmark\commitment-horizon-study\reference_core_benchmark_pilot\known_visit_10target_300.csv,9,0,10,2.745592585196926,2.745592585196926,02,02,1,0,True,completed
214,known_visit,HIPC,bernoulli,drop_0.25,19,361,4,10,hipc_h5_bernoulli_025,C:\Users\lottj\Desktop\research\decentralized benchmark\commitment-horizon-study\reference_core_benchmark_pilot\known_visit_10target_300.csv,10,3,9,9.822009871417283,9.822009871417283,02,02,1,0,True,completed
215,known_visit,HIPC,bernoulli,drop_0.25,19,361,4,10,hipc_h5_bernoulli_025,C:\Users\lottj\Desktop\research\decentralized benchmark\commitment-horizon-study\reference_core_benchmark_pilot\known_visit_10target_300.csv,1,8,18,23.38949571651082,23.38949571651082,02,02,1,0,True,completed
215,known_visit,HIPC,bernoulli,drop_0.25,19,361,4,10,hipc_h5_bernoulli_025,C:\Users\lottj\Desktop\research\decentralized benchmark\commitment-horizon-study\reference_core_benchmark_pilot\known_visit_10target_300.csv,2,7,12,39.556241329954055,39.556241329954055,02,02,1,0,True,completed
215,known_visit,HIPC,bernoulli,drop_0.25,19,361,4,10,hipc_h5_bernoulli_025,C:\Users\lottj\Desktop\research\decentralized benchmark\commitment-horizon-study\reference_core_benchmark_pilot\known_visit_10target_300.csv,3,8,17,21.699835293418072,21.699835293418072,02,02,1,0,True,completed
215,known_visit,HIPC,bernoulli,drop_0.25,19,361,4,10,hipc_h5_bernoulli_025,C:\Users\lottj\Desktop\research\decentralized benchmark\commitment-horizon-study\reference_core_benchmark_pilot\known_visit_10target_300.csv,4,12,3,24.969599630614074,24.969599630614074,00,00,1,0,True,completed
215,known_visit,HIPC,bernoulli,drop_0.25,19,361,4,10,hipc_h5_bernoulli_025,C:\Users\lottj\Desktop\research\decentralized benchmark\commitment-horizon-study\reference_core_benchmark_pilot\known_visit_10target_300.csv,5,4,16,12.912155093258336,12.912155093258336,02,02,1,0,True,completed
215,known_visit,HIPC,bernoulli,drop_0.25,19,361,4,10,hipc_h5_bernoulli_025,C:\Users\lottj\Desktop\research\decentralized benchmark\commitment-horizon-study\reference_core_benchmark_pilot\known_visit_10target_300.csv,6,1,14,3.9391728574471823,3.9391728574471823,02,02,1,0,True,completed
215,known_visit,HIPC,bernoulli,drop_0.25,19,361,4,10,hipc_h5_bernoulli_025,C:\Users\lottj\Desktop\research\decentralized benchmark\commitment-horizon-study\reference_core_benchmark_pilot\known_visit_10target_300.csv,7,10,2,19.553702856437678,19.553702856437678,00,00,2,1,True,completed
215,known_visit,HIPC,bernoulli,drop_0.25,19,361,4,10,hipc_h5_bernoulli_025,C:\Users\lottj\Desktop\research\decentralized benchmark\commitment-horizon-study\reference_core_benchmark_pilot\known_visit_10target_300.csv,8,16,6,40.975481932070736,40.975481932070736,00,00,1,0,True,completed
215,known_visit,HIPC,bernoulli,drop_0.25,19,361,4,10,hipc_h5_bernoulli_025,C:\Users\lottj\Desktop\research\decentralized benchmark\commitment-horizon-study\reference_core_benchmark_pilot\known_visit_10target_300.csv,9,15,2,31.964738156222225,31.964738156222225,00,00,1,0,True,completed
215,known_visit,HIPC,bernoulli,drop_0.25,19,361,4,10,hipc_h5_bernoulli_025,C:\Users\lottj\Desktop\research\decentralized benchmark\commitment-horizon-study\reference_core_benchmark_pilot\known_visit_10target_300.csv,10,8,7,13.866490561317017,13.866490561317017,01,01,1,0,True,completed
216,known_visit,HIPC,bernoulli,drop_0.25,19,361,4,10,hipc_h5_bernoulli_025,C:\Users\lottj\Desktop\research\decentralized benchmark\commitment-horizon-study\reference_core_benchmark_pilot\known_visit_10target_300.csv,1,13,0,46.50896602106148,46.50896602106148,02,02,1,0,True,completed
216,known_visit,HIPC,bernoulli,drop_0.25,19,361,4,10,hipc_h5_bernoulli_025,C:\Users\lottj\Desktop\research\decentralized benchmark\commitment-horizon-study\reference_core_benchmark_pilot\known_visit_10target_300.csv,2,16,18,36.37093600340918,36.37093600340918,03,03,1,0,True,completed
216,known_visit,HIPC,bernoulli,drop_0.25,19,361,4,10,hipc_h5_bernoulli_025,C:\Users\lottj\Desktop\research\decentralized benchmark\commitment-horizon-study\reference_core_benchmark_pilot\known_visit_10target_300.csv,3,16,3,57.212170396719,57.212170396719,02,02,1,0,True,completed
216,known_visit,HIPC,bernoulli,drop_0.25,19,361,4,10,hipc_h5_bernoulli_025,C:\Users\lottj\Desktop\research\decentralized benchmark\commitment-horizon-study\reference_core_benchmark_pilot\known_visit_10target_300.csv,4,16,16,32.8702174218906,32.8702174218906,03,03,1,0,True,completed
216,known_visit,HIPC,bernoulli,drop_0.25,19,361,4,10,hipc_h5_bernoulli_025,C:\Users\lottj\Desktop\research\decentralized benchmark\commitment-horizon-study\reference_core_benchmark_pilot\known_visit_10target_300.csv,5,17,17,40.34728116184932,40.34728116184932,03,03,1,0,True,completed
216,known_visit,HIPC,bernoulli,drop_0.25,19,361,4,10,hipc_h5_bernoulli_025,C:\Users\lottj\Desktop\research\decentralized benchmark\commitment-horizon-study\reference_core_benchmark_pilot\known_visit_10target_300.csv,6,13,3,41.198698064139684,41.198698064139684,02,02,1,0,True,completed
216,known_visit,HIPC,bernoulli,drop_0.25,19,361,4,10,hipc_h5_bernoulli_025,C:\Users\lottj\Desktop\research\decentralized benchmark\commitment-horizon-study\reference_core_benchmark_pilot\known_visit_10target_300.csv,7,6,10,12.633829806500477,12.633829806500477,02,02,1,0,True,completed
216,known_visit,HIPC,bernoulli,drop_0.25,19,361,4,10,hipc_h5_bernoulli_025,C:\Users\lottj\Desktop\research\decentralized benchmark\commitment-horizon-study\reference_core_benchmark_pilot\known_visit_10target_300.csv,8,12,5,35.58870916141625,35.58870916141625,02,02,1,0,True,completed
216,known_visit,HIPC,bernoulli,drop_0.25,19,361,4,10,hipc_h5_bernoulli_025,C:\Users\lottj\Desktop\research\decentralized benchmark\commitment-horizon-study\reference_core_benchmark_pilot\known_visit_10target_300.csv,9,11,15,22.1258196356681,22.1258196356681,03,03,1,0,True,completed
216,known_visit,HIPC,bernoulli,drop_0.25,19,361,4,10,hipc_h5_bernoulli_025,C:\Users\lottj\Desktop\research\decentralized benchmark\commitment-horizon-study\reference_core_benchmark_pilot\known_visit_10target_300.csv,10,13,8,28.152562041117797,28.152562041117797,02,02,1,0,True,completed
217,known_visit,HIPC,bernoulli,drop_0.25,19,361,4,10,hipc_h5_bernoulli_025,C:\Users\lottj\Desktop\research\decentralized benchmark\commitment-horizon-study\reference_core_benchmark_pilot\known_visit_10target_300.csv,1,9,5,23.316627014083878,23.316627014083878,00,00,1,0,True,completed
217,known_visit,HIPC,bernoulli,drop_0.25,19,361,4,10,hipc_h5_bernoulli_025,C:\Users\lottj\Desktop\research\decentralized benchmark\commitment-horizon-study\reference_core_benchmark_pilot\known_visit_10target_300.csv,2,8,11,24.81130439455245,24.81130439455245,02,02,1,0,True,completed
217,known_visit,HIPC,bernoulli,drop_0.25,19,361,4,10,hipc_h5_bernoulli_025,C:\Users\lottj\Desktop\research\decentralized benchmark\commitment-horizon-study\reference_core_benchmark_pilot\known_visit_10target_300.csv,3,16,13,49.294144048356486,49.294144048356486,00,00,3,2,True,completed
217,known_visit,HIPC,bernoulli,drop_0.25,19,361,4,10,hipc_h5_bernoulli_025,C:\Users\lottj\Desktop\research\decentralized benchmark\commitment-horizon-study\reference_core_benchmark_pilot\known_visit_10target_300.csv,4,12,13,42.34632102881138,42.34632102881138,00,00,2,1,True,completed
217,known_visit,HIPC,bernoulli,drop_0.25,19,361,4,10,hipc_h5_bernoulli_025,C:\Users\lottj\Desktop\research\decentralized benchmark\commitment-horizon-study\reference_core_benchmark_pilot\known_visit_10target_300.csv,5,5,3,12.273906309412872,12.273906309412872,00,00,2,1,True,completed
217,known_visit,HIPC,bernoulli,drop_0.25,19,361,4,10,hipc_h5_bernoulli_025,C:\Users\lottj\Desktop\research\decentralized benchmark\commitment-horizon-study\reference_core_benchmark_pilot\known_visit_10target_300.csv,6,4,15,10.554468833872377,10.554468833872377,02,02,1,0,True,completed
217,known_visit,HIPC,bernoulli,drop_0.25,19,361,4,10,hipc_h5_bernoulli_025,C:\Users\lottj\Desktop\research\decentralized benchmark\commitment-horizon-study\reference_core_benchmark_pilot\known_visit_10target_300.csv,7,17,2,106.12047751568925,106.12047751568925,00,00,1,0,True,completed
217,known_visit,HIPC,bernoulli,drop_0.25,19,361,4,10,hipc_h5_bernoulli_025,C:\Users\lottj\Desktop\research\decentralized benchmark\commitment-horizon-study\reference_core_benchmark_pilot\known_visit_10target_300.csv,8,16,18,68.99359153196161,68.99359153196161,00,00,1,0,True,completed
217,known_visit,HIPC,bernoulli,drop_0.25,19,361,4,10,hipc_h5_bernoulli_025,C:\Users\lottj\Desktop\research\decentralized benchmark\commitment-horizon-study\reference_core_benchmark_pilot\known_visit_10target_300.csv,9,18,12,54.72281352194961,54.72281352194961,00,00,2,1,True,completed
217,known_visit,HIPC,bernoulli,drop_0.25,19,361,4,10,hipc_h5_bernoulli_025,C:\Users\lottj\Desktop\research\decentralized benchmark\commitment-horizon-study\reference_core_benchmark_pilot\known_visit_10target_300.csv,10,7,3,16.048170880587584,16.048170880587584,00,00,2,1,True,completed
218,known_visit,HIPC,bernoulli,drop_0.25,19,361,4,10,hipc_h5_bernoulli_025,C:\Users\lottj\Desktop\research\decentralized benchmark\commitment-horizon-study\reference_core_benchmark_pilot\known_visit_10target_300.csv,1,16,13,40.00666850801389,40.00666850801389,02,02,1,0,True,completed
218,known_visit,HIPC,bernoulli,drop_0.25,19,361,4,10,hipc_h5_bernoulli_025,C:\Users\lottj\Desktop\research\decentralized benchmark\commitment-horizon-study\reference_core_benchmark_pilot\known_visit_10target_300.csv,2,4,12,5.640928898460581,5.640928898460581,02,02,2,1,True,completed
218,known_visit,HIPC,bernoulli,drop_0.25,19,361,4,10,hipc_h5_bernoulli_025,C:\Users\lottj\Desktop\research\decentralized benchmark\commitment-horizon-study\reference_core_benchmark_pilot\known_visit_10target_300.csv,3,15,12,36.323777257844846,36.323777257844846,02,02,1,0,True,completed
218,known_visit,HIPC,bernoulli,drop_0.25,19,361,4,10,hipc_h5_bernoulli_025,C:\Users\lottj\Desktop\research\decentralized benchmark\commitment-horizon-study\reference_core_benchmark_pilot\known_visit_10target_300.csv,4,16,4,38.73855988471273,38.73855988471273,00,00,1,0,True,completed
218,known_visit,HIPC,bernoulli,drop_0.25,19,361,4,10,hipc_h5_bernoulli_025,C:\Users\lottj\Desktop\research\decentralized benchmark\commitment-horizon-study\reference_core_benchmark_pilot\known_visit_10target_300.csv,5,7,12,10.821890246090577,10.821890246090577,02,02,2,1,True,completed
218,known_visit,HIPC,bernoulli,drop_0.25,19,361,4,10,hipc_h5_bernoulli_025,C:\Users\lottj\Desktop\research\decentralized benchmark\commitment-horizon-study\reference_core_benchmark_pilot\known_visit_10target_300.csv,6,17,14,43.58709530012648,43.58709530012648,02,02,1,0,True,completed
218,known_visit,HIPC,bernoulli,drop_0.25,19,361,4,10,hipc_h5_bernoulli_025,C:\Users\lottj\Desktop\research\decentralized benchmark\commitment-horizon-study\reference_core_benchmark_pilot\known_visit_10target_300.csv,7,4,9,10.300728692849255,10.300728692849255,01,01,1,0,True,completed
218,known_visit,HIPC,bernoulli,drop_0.25,19,361,4,10,hipc_h5_bernoulli_025,C:\Users\lottj\Desktop\research\decentralized benchmark\commitment-horizon-study\reference_core_benchmark_pilot\known_visit_10target_300.csv,8,9,3,24.699471151786025,24.699471151786025,00,00,1,0,True,completed
218,known_visit,HIPC,bernoulli,drop_0.25,19,361,4,10,hipc_h5_bernoulli_025,C:\Users\lottj\Desktop\research\decentralized benchmark\commitment-horizon-study\reference_core_benchmark_pilot\known_visit_10target_300.csv,9,6,11,14.792741325874582,14.792741325874582,02,02,1,0,True,completed
218,known_visit,HIPC,bernoulli,drop_0.25,19,361,4,10,hipc_h5_bernoulli_025,C:\Users\lottj\Desktop\research\decentralized benchmark\commitment-horizon-study\reference_core_benchmark_pilot\known_visit_10target_300.csv,10,18,6,45.81517440799557,45.81517440799557,00,00,1,0,True,completed
219,known_visit,HIPC,bernoulli,drop_0.25,19,361,4,10,hipc_h5_bernoulli_025,C:\Users\lottj\Desktop\research\decentralized benchmark\commitment-horizon-study\reference_core_benchmark_pilot\known_visit_10target_300.csv,1,5,10,14.098853355129483,14.098853355129483,01,01,1,0,True,completed
219,known_visit,HIPC,bernoulli,drop_0.25,19,361,4,10,hipc_h5_bernoulli_025,C:\Users\lottj\Desktop\research\decentralized benchmark\commitment-horizon-study\reference_core_benchmark_pilot\known_visit_10target_300.csv,2,3,2,6.993022235917169,6.993022235917169,00,00,1,0,True,completed
219,known_visit,HIPC,bernoulli,drop_0.25,19,361,4,10,hipc_h5_bernoulli_025,C:\Users\lottj\Desktop\research\decentralized benchmark\commitment-horizon-study\reference_core_benchmark_pilot\known_visit_10target_300.csv,3,7,15,26.181339312071056,26.181339312071056,01,01,1,0,True,completed
219,known_visit,HIPC,bernoulli,drop_0.25,19,361,4,10,hipc_h5_bernoulli_025,C:\Users\lottj\Desktop\research\decentralized benchmark\commitment-horizon-study\reference_core_benchmark_pilot\known_visit_10target_300.csv,4,14,13,45.278722101387245,45.278722101387245,00,00,1,0,True,completed
219,known_visit,HIPC,bernoulli,drop_0.25,19,361,4,10,hipc_h5_bernoulli_025,C:\Users\lottj\Desktop\research\decentralized benchmark\commitment-horizon-study\reference_core_benchmark_pilot\known_visit_10target_300.csv,5,2,9,7.031835265446466,7.031835265446466,01,01,1,0,True,completed
219,known_visit,HIPC,bernoulli,drop_0.25,19,361,4,10,hipc_h5_bernoulli_025,C:\Users\lottj\Desktop\research\decentralized benchmark\commitment-horizon-study\reference_core_benchmark_pilot\known_visit_10target_300.csv,6,7,6,20.779273303278586,20.779273303278586,00,00,2,1,True,completed
219,known_visit,HIPC,bernoulli,drop_0.25,19,361,4,10,hipc_h5_bernoulli_025,C:\Users\lottj\Desktop\research\decentralized benchmark\commitment-horizon-study\reference_core_benchmark_pilot\known_visit_10target_300.csv,7,7,12,21.131118866340234,21.131118866340234,01,01,1,0,True,completed
219,known_visit,HIPC,bernoulli,drop_0.25,19,361,4,10,hipc_h5_bernoulli_025,C:\Users\lottj\Desktop\research\decentralized benchmark\commitment-horizon-study\reference_core_benchmark_pilot\known_visit_10target_300.csv,8,15,6,59.251444465455315,59.251444465455315,00,00,1,0,True,completed
219,known_visit,HIPC,bernoulli,drop_0.25,19,361,4,10,hipc_h5_bernoulli_025,C:\Users\lottj\Desktop\research\decentralized benchmark\commitment-horizon-study\reference_core_benchmark_pilot\known_visit_10target_300.csv,9,10,9,31.242832728619383,31.242832728619383,00,00,1,0,True,completed
219,known_visit,HIPC,bernoulli,drop_0.25,19,361,4,10,hipc_h5_bernoulli_025,C:\Users\lottj\Desktop\research\decentralized benchmark\commitment-horizon-study\reference_core_benchmark_pilot\known_visit_10target_300.csv,10,2,13,3.834757479648127,3.834757479648127,02,02,1,0,True,completed
220,known_visit,HIPC,bernoulli,drop_0.25,19,361,4,10,hipc_h5_bernoulli_025,C:\Users\lottj\Desktop\research\decentralized benchmark\commitment-horizon-study\reference_core_benchmark_pilot\known_visit_10target_300.csv,1,3,11,5.869347578655891,5.869347578655891,02,02,1,0,True,completed
220,known_visit,HIPC,bernoulli,drop_0.25,19,361,4,10,hipc_h5_bernoulli_025,C:\Users\lottj\Desktop\research\decentralized benchmark\commitment-horizon-study\reference_core_benchmark_pilot\known_visit_10target_300.csv,2,13,0,20.943404255294904,20.943404255294904,00,00,1,0,True,completed
220,known_visit,HIPC,bernoulli,drop_0.25,19,361,4,10,hipc_h5_bernoulli_025,C:\Users\lottj\Desktop\research\decentralized benchmark\commitment-horizon-study\reference_core_benchmark_pilot\known_visit_10target_300.csv,3,3,12,7.863978106721891,7.863978106721891,02,02,1,0,True,completed
220,known_visit,HIPC,bernoulli,drop_0.25,19,361,4,10,hipc_h5_bernoulli_025,C:\Users\lottj\Desktop\research\decentralized benchmark\commitment-horizon-study\reference_core_benchmark_pilot\known_visit_10target_300.csv,4,4,0,5.388317991935571,5.388317991935571,00,00,1,0,True,completed
220,known_visit,HIPC,bernoulli,drop_0.25,19,361,4,10,hipc_h5_bernoulli_025,C:\Users\lottj\Desktop\research\decentralized benchmark\commitment-horizon-study\reference_core_benchmark_pilot\known_visit_10target_300.csv,5,0,15,3.8616786149315434,3.8616786149315434,03,03,1,0,True,completed
220,known_visit,HIPC,bernoulli,drop_0.25,19,361,4,10,hipc_h5_bernoulli_025,C:\Users\lottj\Desktop\research\decentralized benchmark\commitment-horizon-study\reference_core_benchmark_pilot\known_visit_10target_300.csv,6,0,11,0.47046855712778735,0.47046855712778735,02,02,1,0,True,completed
220,known_visit,HIPC,bernoulli,drop_0.25,19,361,4,10,hipc_h5_bernoulli_025,C:\Users\lottj\Desktop\research\decentralized benchmark\commitment-horizon-study\reference_core_benchmark_pilot\known_visit_10target_300.csv,7,2,6,1.8073071638336724,1.8073071638336724,01,01,1,0,True,completed
220,known_visit,HIPC,bernoulli,drop_0.25,19,361,4,10,hipc_h5_bernoulli_025,C:\Users\lottj\Desktop\research\decentralized benchmark\commitment-horizon-study\reference_core_benchmark_pilot\known_visit_10target_300.csv,8,12,11,46.009323977060745,46.009323977060745,00,00,1,0,True,completed
220,known_visit,HIPC,bernoulli,drop_0.25,19,361,4,10,hipc_h5_bernoulli_025,C:\Users\lottj\Desktop\research\decentralized benchmark\commitment-horizon-study\reference_core_benchmark_pilot\known_visit_10target_300.csv,9,11,6,35.14360459979747,35.14360459979747,00,00,1,0,True,completed
220,known_visit,HIPC,bernoulli,drop_0.25,19,361,4,10,hipc_h5_bernoulli_025,C:\Users\lottj\Desktop\research\decentralized benchmark\commitment-horizon-study\reference_core_benchmark_pilot\known_visit_10target_300.csv,10,17,6,63.228647484262936,63.228647484262936,00,00,1,0,True,completed
221,known_visit,HIPC,bernoulli,drop_0.25,19,361,4,10,hipc_h5_bernoulli_025,C:\Users\lottj\Desktop\research\decentralized benchmark\commitment-horizon-study\reference_core_benchmark_pilot\known_visit_10target_300.csv,1,0,13,0.5388047122108595,0.5388047122108595,02,02,1,0,True,completed
221,known_visit,HIPC,bernoulli,drop_0.25,19,361,4,10,hipc_h5_bernoulli_025,C:\Users\lottj\Desktop\research\decentralized benchmark\commitment-horizon-study\reference_core_benchmark_pilot\known_visit_10target_300.csv,2,18,12,40.50950454528178,40.50950454528178,01,01,1,0,True,completed
221,known_visit,HIPC,bernoulli,drop_0.25,19,361,4,10,hipc_h5_bernoulli_025,C:\Users\lottj\Desktop\research\decentralized benchmark\commitment-horizon-study\reference_core_benchmark_pilot\known_visit_10target_300.csv,3,16,3,47.266444392490826,47.266444392490826,00,00,1,0,True,completed
221,known_visit,HIPC,bernoulli,drop_0.25,19,361,4,10,hipc_h5_bernoulli_025,C:\Users\lottj\Desktop\research\decentralized benchmark\commitment-horizon-study\reference_core_benchmark_pilot\known_visit_10target_300.csv,4,4,6,5.341268536156461,5.341268536156461,01,01,1,0,True,completed
221,known_visit,HIPC,bernoulli,drop_0.25,19,361,4,10,hipc_h5_bernoulli_025,C:\Users\lottj\Desktop\research\decentralized benchmark\commitment-horizon-study\reference_core_benchmark_pilot\known_visit_10target_300.csv,5,18,11,38.78848725129095,38.78848725129095,01,01,1,0,True,completed
221,known_visit,HIPC,bernoulli,drop_0.25,19,361,4,10,hipc_h5_bernoulli_025,C:\Users\lottj\Desktop\research\decentralized benchmark\commitment-horizon-study\reference_core_benchmark_pilot\known_visit_10target_300.csv,6,14,7,24.34614581785769,24.34614581785769,01,01,1,0,True,completed
221,known_visit,HIPC,bernoulli,drop_0.25,19,361,4,10,hipc_h5_bernoulli_025,C:\Users\lottj\Desktop\research\decentralized benchmark\commitment-horizon-study\reference_core_benchmark_pilot\known_visit_10target_300.csv,7,15,9,29.81902926953981,29.81902926953981,01,01,1,0,True,completed
221,known_visit,HIPC,bernoulli,drop_0.25,19,361,4,10,hipc_h5_bernoulli_025,C:\Users\lottj\Desktop\research\decentralized benchmark\commitment-horizon-study\reference_core_benchmark_pilot\known_visit_10target_300.csv,8,14,17,55.91000158443391,55.91000158443391,01,01,1,0,True,completed
221,known_visit,HIPC,bernoulli,drop_0.25,19,361,4,10,hipc_h5_bernoulli_025,C:\Users\lottj\Desktop\research\decentralized benchmark\commitment-horizon-study\reference_core_benchmark_pilot\known_visit_10target_300.csv,9,4,13,7.743423297741967,7.743423297741967,02,02,1,0,True,completed
221,known_visit,HIPC,bernoulli,drop_0.25,19,361,4,10,hipc_h5_bernoulli_025,C:\Users\lottj\Desktop\research\decentralized benchmark\commitment-horizon-study\reference_core_benchmark_pilot\known_visit_10target_300.csv,10,5,16,14.965347800063272,14.965347800063272,02,02,1,0,True,completed
222,known_visit,HIPC,bernoulli,drop_0.25,19,361,4,10,hipc_h5_bernoulli_025,C:\Users\lottj\Desktop\research\decentralized benchmark\commitment-horizon-study\reference_core_benchmark_pilot\known_visit_10target_300.csv,1,1,4,3.9813132724981206,3.9813132724981206,01,01,1,0,True,completed
222,known_visit,HIPC,bernoulli,drop_0.25,19,361,4,10,hipc_h5_bernoulli_025,C:\Users\lottj\Desktop\research\decentralized benchmark\commitment-horizon-study\reference_core_benchmark_pilot\known_visit_10target_300.csv,2,4,14,9.457126623430362,9.457126623430362,02,02,1,0,True,completed
222,known_visit,HIPC,bernoulli,drop_0.25,19,361,4,10,hipc_h5_bernoulli_025,C:\Users\lottj\Desktop\research\decentralized benchmark\commitment-horizon-study\reference_core_benchmark_pilot\known_visit_10target_300.csv,3,12,18,34.50522876122658,34.50522876122658,02,02,1,0,True,completed
222,known_visit,HIPC,bernoulli,drop_0.25,19,361,4,10,hipc_h5_bernoulli_025,C:\Users\lottj\Desktop\research\decentralized benchmark\commitment-horizon-study\reference_core_benchmark_pilot\known_visit_10target_300.csv,4,7,2,32.90270623669427,32.90270623669427,01,01,1,0,True,completed
222,known_visit,HIPC,bernoulli,drop_0.25,19,361,4,10,hipc_h5_bernoulli_025,C:\Users\lottj\Desktop\research\decentralized benchmark\commitment-horizon-study\reference_core_benchmark_pilot\known_visit_10target_300.csv,5,2,5,7.972265717973656,7.972265717973656,01,01,1,0,True,completed
222,known_visit,HIPC,bernoulli,drop_0.25,19,361,4,10,hipc_h5_bernoulli_025,C:\Users\lottj\Desktop\research\decentralized benchmark\commitment-horizon-study\reference_core_benchmark_pilot\known_visit_10target_300.csv,6,3,8,15.153535924431129,15.153535924431129,01,01,1,0,True,completed
222,known_visit,HIPC,bernoulli,drop_0.25,19,361,4,10,hipc_h5_bernoulli_025,C:\Users\lottj\Desktop\research\decentralized benchmark\commitment-horizon-study\reference_core_benchmark_pilot\known_visit_10target_300.csv,7,2,14,5.783514950329694,5.783514950329694,02,02,2,1,True,completed
222,known_visit,HIPC,bernoulli,drop_0.25,19,361,4,10,hipc_h5_bernoulli_025,C:\Users\lottj\Desktop\research\decentralized benchmark\commitment-horizon-study\reference_core_benchmark_pilot\known_visit_10target_300.csv,8,3,17,17.00137184799259,17.00137184799259,02,02,1,0,True,completed
222,known_visit,HIPC,bernoulli,drop_0.25,19,361,4,10,hipc_h5_bernoulli_025,C:\Users\lottj\Desktop\research\decentralized benchmark\commitment-horizon-study\reference_core_benchmark_pilot\known_visit_10target_300.csv,9,6,18,24.294570860119748,24.294570860119748,02,02,1,0,True,completed
222,known_visit,HIPC,bernoulli,drop_0.25,19,361,4,10,hipc_h5_bernoulli_025,C:\Users\lottj\Desktop\research\decentralized benchmark\commitment-horizon-study\reference_core_benchmark_pilot\known_visit_10target_300.csv,10,6,3,29.153920100962292,29.153920100962292,01,01,1,0,True,completed
223,known_visit,HIPC,bernoulli,drop_0.25,19,361,4,10,hipc_h5_bernoulli_025,C:\Users\lottj\Desktop\research\decentralized benchmark\commitment-horizon-study\reference_core_benchmark_pilot\known_visit_10target_300.csv,1,12,1,49.83743119309631,49.83743119309631,01,01,1,0,True,completed
223,known_visit,HIPC,bernoulli,drop_0.25,19,361,4,10,hipc_h5_bernoulli_025,C:\Users\lottj\Desktop\research\decentralized benchmark\commitment-horizon-study\reference_core_benchmark_pilot\known_visit_10target_300.csv,2,4,4,30.51570502320219,30.51570502320219,01,01,1,0,True,completed
223,known_visit,HIPC,bernoulli,drop_0.25,19,361,4,10,hipc_h5_bernoulli_025,C:\Users\lottj\Desktop\research\decentralized benchmark\commitment-horizon-study\reference_core_benchmark_pilot\known_visit_10target_300.csv,3,6,9,14.44795834769211,14.44795834769211,01,01,1,0,True,completed
223,known_visit,HIPC,bernoulli,drop_0.25,19,361,4,10,hipc_h5_bernoulli_025,C:\Users\lottj\Desktop\research\decentralized benchmark\commitment-horizon-study\reference_core_benchmark_pilot\known_visit_10target_300.csv,4,0,1,0.4833319566277169,0.4833319566277169,00,00,1,0,True,completed
223,known_visit,HIPC,bernoulli,drop_0.25,19,361,4,10,hipc_h5_bernoulli_025,C:\Users\lottj\Desktop\research\decentralized benchmark\commitment-horizon-study\reference_core_benchmark_pilot\known_visit_10target_300.csv,5,2,9,7.2401388249935765,7.2401388249935765,01,01,1,0,True,completed
223,known_visit,HIPC,bernoulli,drop_0.25,19,361,4,10,hipc_h5_bernoulli_025,C:\Users\lottj\Desktop\research\decentralized benchmark\commitment-horizon-study\reference_core_benchmark_pilot\known_visit_10target_300.csv,6,17,16,52.55493013083862,52.55493013083862,03,03,1,0,True,completed
223,known_visit,HIPC,bernoulli,drop_0.25,19,361,4,10,hipc_h5_bernoulli_025,C:\Users\lottj\Desktop\research\decentralized benchmark\commitment-horizon-study\reference_core_benchmark_pilot\known_visit_10target_300.csv,7,7,4,25.00189953230217,25.00189953230217,01,01,1,0,True,completed
223,known_visit,HIPC,bernoulli,drop_0.25,19,361,4,10,hipc_h5_bernoulli_025,C:\Users\lottj\Desktop\research\decentralized benchmark\commitment-horizon-study\reference_core_benchmark_pilot\known_visit_10target_300.csv,8,14,12,40.28596608214343,40.28596608214343,03,03,1,0,True,completed
223,known_visit,HIPC,bernoulli,drop_0.25,19,361,4,10,hipc_h5_bernoulli_025,C:\Users\lottj\Desktop\research\decentralized benchmark\commitment-horizon-study\reference_core_benchmark_pilot\known_visit_10target_300.csv,9,11,10,31.12614869387783,31.12614869387783,03,03,1,0,True,completed
223,known_visit,HIPC,bernoulli,drop_0.25,19,361,4,10,hipc_h5_bernoulli_025,C:\Users\lottj\Desktop\research\decentralized benchmark\commitment-horizon-study\reference_core_benchmark_pilot\known_visit_10target_300.csv,10,9,18,13.850980452212477,13.850980452212477,03,03,1,0,True,completed
224,known_visit,HIPC,bernoulli,drop_0.25,19,361,4,10,hipc_h5_bernoulli_025,C:\Users\lottj\Desktop\research\decentralized benchmark\commitment-horizon-study\reference_core_benchmark_pilot\known_visit_10target_300.csv,1,2,5,3.8454245797632107,3.8454245797632107,01,01,1,0,True,completed
224,known_visit,HIPC,bernoulli,drop_0.25,19,361,4,10,hipc_h5_bernoulli_025,C:\Users\lottj\Desktop\research\decentralized benchmark\commitment-horizon-study\reference_core_benchmark_pilot\known_visit_10target_300.csv,2,3,11,16.335819719871445,16.335819719871445,02,02,1,0,True,completed
224,known_visit,HIPC,bernoulli,drop_0.25,19,361,4,10,hipc_h5_bernoulli_025,C:\Users\lottj\Desktop\research\decentralized benchmark\commitment-horizon-study\reference_core_benchmark_pilot\known_visit_10target_300.csv,3,10,13,45.362326444113286,45.362326444113286,00,00,1,0,True,completed
224,known_visit,HIPC,bernoulli,drop_0.25,19,361,4,10,hipc_h5_bernoulli_025,C:\Users\lottj\Desktop\research\decentralized benchmark\commitment-horizon-study\reference_core_benchmark_pilot\known_visit_10target_300.csv,4,4,5,7.504652782712272,7.504652782712272,01,01,1,0,True,completed
224,known_visit,HIPC,bernoulli,drop_0.25,19,361,4,10,hipc_h5_bernoulli_025,C:\Users\lottj\Desktop\research\decentralized benchmark\commitment-horizon-study\reference_core_benchmark_pilot\known_visit_10target_300.csv,5,10,4,22.81335963628296,22.81335963628296,00,00,1,0,True,completed
224,known_visit,HIPC,bernoulli,drop_0.25,19,361,4,10,hipc_h5_bernoulli_025,C:\Users\lottj\Desktop\research\decentralized benchmark\commitment-horizon-study\reference_core_benchmark_pilot\known_visit_10target_300.csv,6,12,10,36.472800194177324,36.472800194177324,00,00,1,0,True,completed
224,known_visit,HIPC,bernoulli,drop_0.25,19,361,4,10,hipc_h5_bernoulli_025,C:\Users\lottj\Desktop\research\decentralized benchmark\commitment-horizon-study\reference_core_benchmark_pilot\known_visit_10target_300.csv,7,6,1,10.74364426276851,10.74364426276851,00,00,1,0,True,completed
224,known_visit,HIPC,bernoulli,drop_0.25,19,361,4,10,hipc_h5_bernoulli_025,C:\Users\lottj\Desktop\research\decentralized benchmark\commitment-horizon-study\reference_core_benchmark_pilot\known_visit_10target_300.csv,8,4,9,21.87484398803207,21.87484398803207,02,02,1,0,True,completed
224,known_visit,HIPC,bernoulli,drop_0.25,19,361,4,10,hipc_h5_bernoulli_025,C:\Users\lottj\Desktop\research\decentralized benchmark\commitment-horizon-study\reference_core_benchmark_pilot\known_visit_10target_300.csv,9,11,18,56.306984979484604,56.306984979484604,00,00,1,0,True,completed
224,known_visit,HIPC,bernoulli,drop_0.25,19,361,4,10,hipc_h5_bernoulli_025,C:\Users\lottj\Desktop\research\decentralized benchmark\commitment-horizon-study\reference_core_benchmark_pilot\known_visit_10target_300.csv,10,3,14,7.175760953402746,7.175760953402746,02,02,1,0,True,completed
225,known_visit,HIPC,bernoulli,drop_0.25,19,361,4,10,hipc_h5_bernoulli_025,C:\Users\lottj\Desktop\research\decentralized benchmark\commitment-horizon-study\reference_core_benchmark_pilot\known_visit_10target_300.csv,1,2,5,14.602261228842137,14.602261228842137,01,01,1,0,True,completed
225,known_visit,HIPC,bernoulli,drop_0.25,19,361,4,10,hipc_h5_bernoulli_025,C:\Users\lottj\Desktop\research\decentralized benchmark\commitment-horizon-study\reference_core_benchmark_pilot\known_visit_10target_300.csv,2,17,8,49.85673284636015,49.85673284636015,03,03,1,0,True,completed
225,known_visit,HIPC,bernoulli,drop_0.25,19,361,4,10,hipc_h5_bernoulli_025,C:\Users\lottj\Desktop\research\decentralized benchmark\commitment-horizon-study\reference_core_benchmark_pilot\known_visit_10target_300.csv,3,18,4,58.82841831478678,58.82841831478678,03,03,1,0,True,completed
225,known_visit,HIPC,bernoulli,drop_0.25,19,361,4,10,hipc_h5_bernoulli_025,C:\Users\lottj\Desktop\research\decentralized benchmark\commitment-horizon-study\reference_core_benchmark_pilot\known_visit_10target_300.csv,4,2,14,5.670599210744218,5.670599210744218,02,02,1,0,True,completed
225,known_visit,HIPC,bernoulli,drop_0.25,19,361,4,10,hipc_h5_bernoulli_025,C:\Users\lottj\Desktop\research\decentralized benchmark\commitment-horizon-study\reference_core_benchmark_pilot\known_visit_10target_300.csv,5,14,14,30.06844015288376,30.06844015288376,03,03,1,0,True,completed
225,known_visit,HIPC,bernoulli,drop_0.25,19,361,4,10,hipc_h5_bernoulli_025,C:\Users\lottj\Desktop\research\decentralized benchmark\commitment-horizon-study\reference_core_benchmark_pilot\known_visit_10target_300.csv,6,3,16,11.00520534795653,11.00520534795653,02,02,1,0,True,completed
225,known_visit,HIPC,bernoulli,drop_0.25,19,361,4,10,hipc_h5_bernoulli_025,C:\Users\lottj\Desktop\research\decentralized benchmark\commitment-horizon-study\reference_core_benchmark_pilot\known_visit_10target_300.csv,7,16,15,35.672103586226235,35.672103586226235,03,03,1,0,True,completed
225,known_visit,HIPC,bernoulli,drop_0.25,19,361,4,10,hipc_h5_bernoulli_025,C:\Users\lottj\Desktop\research\decentralized benchmark\commitment-horizon-study\reference_core_benchmark_pilot\known_visit_10target_300.csv,8,15,11,80.10898141874307,80.10898141874307,03,03,1,0,True,completed
225,known_visit,HIPC,bernoulli,drop_0.25,19,361,4,10,hipc_h5_bernoulli_025,C:\Users\lottj\Desktop\research\decentralized benchmark\commitment-horizon-study\reference_core_benchmark_pilot\known_visit_10target_300.csv,9,2,4,16.69322717188581,16.69322717188581,01,01,1,0,True,completed
225,known_visit,HIPC,bernoulli,drop_0.25,19,361,4,10,hipc_h5_bernoulli_025,C:\Users\lottj\Desktop\research\decentralized benchmark\commitment-horizon-study\reference_core_benchmark_pilot\known_visit_10target_300.csv,10,4,17,7.369212709959619,7.369212709959619,03,03,2,1,True,completed
226,known_visit,HIPC,bernoulli,drop_0.25,19,361,4,10,hipc_h5_bernoulli_025,C:\Users\lottj\Desktop\research\decentralized benchmark\commitment-horizon-study\reference_core_benchmark_pilot\known_visit_10target_300.csv,1,14,18,33.694518688034854,33.694518688034854,02,02,1,0,True,completed
226,known_visit,HIPC,bernoulli,drop_0.25,19,361,4,10,hipc_h5_bernoulli_025,C:\Users\lottj\Desktop\research\decentralized benchmark\commitment-horizon-study\reference_core_benchmark_pilot\known_visit_10target_300.csv,2,15,16,39.07398807885998,39.07398807885998,02,02,1,0,True,completed
226,known_visit,HIPC,bernoulli,drop_0.25,19,361,4,10,hipc_h5_bernoulli_025,C:\Users\lottj\Desktop\research\decentralized benchmark\commitment-horizon-study\reference_core_benchmark_pilot\known_visit_10target_300.csv,3,8,13,14.320016190772844,14.320016190772844,02,02,1,0,True,completed
226,known_visit,HIPC,bernoulli,drop_0.25,19,361,4,10,hipc_h5_bernoulli_025,C:\Users\lottj\Desktop\research\decentralized benchmark\commitment-horizon-study\reference_core_benchmark_pilot\known_visit_10target_300.csv,4,1,18,0.24319403625014033,0.24319403625014033,03,03,1,0,True,completed
226,known_visit,HIPC,bernoulli,drop_0.25,19,361,4,10,hipc_h5_bernoulli_025,C:\Users\lottj\Desktop\research\decentralized benchmark\commitment-horizon-study\reference_core_benchmark_pilot\known_visit_10target_300.csv,5,10,15,21.286704096368876,21.286704096368876,02,02,1,0,True,completed
226,known_visit,HIPC,bernoulli,drop_0.25,19,361,4,10,hipc_h5_bernoulli_025,C:\Users\lottj\Desktop\research\decentralized benchmark\commitment-horizon-study\reference_core_benchmark_pilot\known_visit_10target_300.csv,6,15,5,25.96336684103918,25.96336684103918,01,01,1,0,True,completed
226,known_visit,HIPC,bernoulli,drop_0.25,19,361,4,10,hipc_h5_bernoulli_025,C:\Users\lottj\Desktop\research\decentralized benchmark\commitment-horizon-study\reference_core_benchmark_pilot\known_visit_10target_300.csv,7,5,16,10.594892502056169,10.594892502056169,03,03,1,0,True,completed
226,known_visit,HIPC,bernoulli,drop_0.25,19,361,4,10,hipc_h5_bernoulli_025,C:\Users\lottj\Desktop\research\decentralized benchmark\commitment-horizon-study\reference_core_benchmark_pilot\known_visit_10target_300.csv,8,18,11,52.77692778760406,52.77692778760406,02,02,1,0,True,completed
226,known_visit,HIPC,bernoulli,drop_0.25,19,361,4,10,hipc_h5_bernoulli_025,C:\Users\lottj\Desktop\research\decentralized benchmark\commitment-horizon-study\reference_core_benchmark_pilot\known_visit_10target_300.csv,9,17,0,38.12172037390526,38.12172037390526,01,01,1,0,True,completed
226,known_visit,HIPC,bernoulli,drop_0.25,19,361,4,10,hipc_h5_bernoulli_025,C:\Users\lottj\Desktop\research\decentralized benchmark\commitment-horizon-study\reference_core_benchmark_pilot\known_visit_10target_300.csv,10,12,6,18.91292219961631,18.91292219961631,01,01,1,0,True,completed
227,known_visit,HIPC,bernoulli,drop_0.25,19,361,4,10,hipc_h5_bernoulli_025,C:\Users\lottj\Desktop\research\decentralized benchmark\commitment-horizon-study\reference_core_benchmark_pilot\known_visit_10target_300.csv,1,5,13,9.015172382148991,9.015172382148991,02,02,1,0,True,completed
227,known_visit,HIPC,bernoulli,drop_0.25,19,361,4,10,hipc_h5_bernoulli_025,C:\Users\lottj\Desktop\research\decentralized benchmark\commitment-horizon-study\reference_core_benchmark_pilot\known_visit_10target_300.csv,2,8,16,19.37449519713419,19.37449519713419,02,02,1,0,True,completed
227,known_visit,HIPC,bernoulli,drop_0.25,19,361,4,10,hipc_h5_bernoulli_025,C:\Users\lottj\Desktop\research\decentralized benchmark\commitment-horizon-study\reference_core_benchmark_pilot\known_visit_10target_300.csv,3,12,8,49.95542301252092,49.95542301252092,01,01,1,0,True,completed
227,known_visit,HIPC,bernoulli,drop_0.25,19,361,4,10,hipc_h5_bernoulli_025,C:\Users\lottj\Desktop\research\decentralized benchmark\commitment-horizon-study\reference_core_benchmark_pilot\known_visit_10target_300.csv,4,2,15,7.32838406758304,7.32838406758304,03,03,1,0,True,completed
227,known_visit,HIPC,bernoulli,drop_0.25,19,361,4,10,hipc_h5_bernoulli_025,C:\Users\lottj\Desktop\research\decentralized benchmark\commitment-horizon-study\reference_core_benchmark_pilot\known_visit_10target_300.csv,5,6,5,12.567160030838098,12.567160030838098,01,01,1,0,True,completed
227,known_visit,HIPC,bernoulli,drop_0.25,19,361,4,10,hipc_h5_bernoulli_025,C:\Users\lottj\Desktop\research\decentralized benchmark\commitment-horizon-study\reference_core_benchmark_pilot\known_visit_10target_300.csv,6,1,0,0.1912238986527381,0.1912238986527381,00,00,1,0,True,completed
227,known_visit,HIPC,bernoulli,drop_0.25,19,361,4,10,hipc_h5_bernoulli_025,C:\Users\lottj\Desktop\research\decentralized benchmark\commitment-horizon-study\reference_core_benchmark_pilot\known_visit_10target_300.csv,7,4,1,7.551119075525428,7.551119075525428,00,00,1,0,True,completed
227,known_visit,HIPC,bernoulli,drop_0.25,19,361,4,10,hipc_h5_bernoulli_025,C:\Users\lottj\Desktop\research\decentralized benchmark\commitment-horizon-study\reference_core_benchmark_pilot\known_visit_10target_300.csv,8,13,1,31.860103221445417,31.860103221445417,01,01,1,0,True,completed
227,known_visit,HIPC,bernoulli,drop_0.25,19,361,4,10,hipc_h5_bernoulli_025,C:\Users\lottj\Desktop\research\decentralized benchmark\commitment-horizon-study\reference_core_benchmark_pilot\known_visit_10target_300.csv,9,12,3,26.537012826276175,26.537012826276175,01,01,1,0,True,completed
227,known_visit,HIPC,bernoulli,drop_0.25,19,361,4,10,hipc_h5_bernoulli_025,C:\Users\lottj\Desktop\research\decentralized benchmark\commitment-horizon-study\reference_core_benchmark_pilot\known_visit_10target_300.csv,10,12,6,46.35909099484735,46.35909099484735,01,01,1,0,True,completed
228,known_visit,HIPC,bernoulli,drop_0.25,19,361,4,10,hipc_h5_bernoulli_025,C:\Users\lottj\Desktop\research\decentralized benchmark\commitment-horizon-study\reference_core_benchmark_pilot\known_visit_10target_300.csv,1,1,12,0.12665900854074863,0.12665900854074863,02,02,1,0,True,completed
228,known_visit,HIPC,bernoulli,drop_0.25,19,361,4,10,hipc_h5_bernoulli_025,C:\Users\lottj\Desktop\research\decentralized benchmark\commitment-horizon-study\reference_core_benchmark_pilot\known_visit_10target_300.csv,2,7,18,10.573380786171569,10.573380786171569,03,03,2,1,True,completed
228,known_visit,HIPC,bernoulli,drop_0.25,19,361,4,10,hipc_h5_bernoulli_025,C:\Users\lottj\Desktop\research\decentralized benchmark\commitment-horizon-study\reference_core_benchmark_pilot\known_visit_10target_300.csv,3,11,16,21.187728671733563,21.187728671733563,03,03,1,0,True,completed
228,known_visit,HIPC,bernoulli,drop_0.25,19,361,4,10,hipc_h5_bernoulli_025,C:\Users\lottj\Desktop\research\decentralized benchmark\commitment-horizon-study\reference_core_benchmark_pilot\known_visit_10target_300.csv,4,2,6,2.054870581374628,2.054870581374628,01,01,1,0,True,completed
228,known_visit,HIPC,bernoulli,drop_0.25,19,361,4,10,hipc_h5_bernoulli_025,C:\Users\lottj\Desktop\research\decentralized benchmark\commitment-horizon-study\reference_core_benchmark_pilot\known_visit_10target_300.csv,5,18,17,39.13841608376344,39.13841608376344,03,03,1,0,True,completed
228,known_visit,HIPC,bernoulli,drop_0.25,19,361,4,10,hipc_h5_bernoulli_025,C:\Users\lottj\Desktop\research\decentralized benchmark\commitment-horizon-study\reference_core_benchmark_pilot\known_visit_10target_300.csv,6,12,18,26.669161269626493,26.669161269626493,03,03,1,0,True,completed
228,known_visit,HIPC,bernoulli,drop_0.25,19,361,4,10,hipc_h5_bernoulli_025,C:\Users\lottj\Desktop\research\decentralized benchmark\commitment-horizon-study\reference_core_benchmark_pilot\known_visit_10target_300.csv,7,18,2,64.31179220435558,64.31179220435558,03,03,1,0,True,completed
228,known_visit,HIPC,bernoulli,drop_0.25,19,361,4,10,hipc_h5_bernoulli_025,C:\Users\lottj\Desktop\research\decentralized benchmark\commitment-horizon-study\reference_core_benchmark_pilot\known_visit_10target_300.csv,8,1,14,3.821649156402149,3.821649156402149,02,02,1,0,True,completed
228,known_visit,HIPC,bernoulli,drop_0.25,19,361,4,10,hipc_h5_bernoulli_025,C:\Users\lottj\Desktop\research\decentralized benchmark\commitment-horizon-study\reference_core_benchmark_pilot\known_visit_10target_300.csv,9,10,11,39.3755024198827,39.3755024198827,02,02,1,0,True,completed
228,known_visit,HIPC,bernoulli,drop_0.25,19,361,4,10,hipc_h5_bernoulli_025,C:\Users\lottj\Desktop\research\decentralized benchmark\commitment-horizon-study\reference_core_benchmark_pilot\known_visit_10target_300.csv,10,10,17,17.597232073301907,17.597232073301907,03,03,2,1,True,completed
229,known_visit,HIPC,bernoulli,drop_0.25,19,361,4,10,hipc_h5_bernoulli_025,C:\Users\lottj\Desktop\research\decentralized benchmark\commitment-horizon-study\reference_core_benchmark_pilot\known_visit_10target_300.csv,1,4,17,6.944481632886861,6.944481632886861,03,03,1,0,True,completed
229,known_visit,HIPC,bernoulli,drop_0.25,19,361,4,10,hipc_h5_bernoulli_025,C:\Users\lottj\Desktop\research\decentralized benchmark\commitment-horizon-study\reference_core_benchmark_pilot\known_visit_10target_300.csv,2,15,7,33.445866984415154,33.445866984415154,01,01,1,0,True,completed
229,known_visit,HIPC,bernoulli,drop_0.25,19,361,4,10,hipc_h5_bernoulli_025,C:\Users\lottj\Desktop\research\decentralized benchmark\commitment-horizon-study\reference_core_benchmark_pilot\known_visit_10target_300.csv,3,11,18,38.657972405192815,38.657972405192815,03,03,1,0,True,completed
229,known_visit,HIPC,bernoulli,drop_0.25,19,361,4,10,hipc_h5_bernoulli_025,C:\Users\lottj\Desktop\research\decentralized benchmark\commitment-horizon-study\reference_core_benchmark_pilot\known_visit_10target_300.csv,4,4,9,11.14952869101426,11.14952869101426,02,02,1,0,True,completed
229,known_visit,HIPC,bernoulli,drop_0.25,19,361,4,10,hipc_h5_bernoulli_025,C:\Users\lottj\Desktop\research\decentralized benchmark\commitment-horizon-study\reference_core_benchmark_pilot\known_visit_10target_300.csv,5,8,13,24.8529754720006,24.8529754720006,03,03,1,0,True,completed
229,known_visit,HIPC,bernoulli,drop_0.25,19,361,4,10,hipc_h5_bernoulli_025,C:\Users\lottj\Desktop\research\decentralized benchmark\commitment-horizon-study\reference_core_benchmark_pilot\known_visit_10target_300.csv,6,12,18,40.64385086607938,40.64385086607938,03,03,1,0,True,completed
229,known_visit,HIPC,bernoulli,drop_0.25,19,361,4,10,hipc_h5_bernoulli_025,C:\Users\lottj\Desktop\research\decentralized benchmark\commitment-horizon-study\reference_core_benchmark_pilot\known_visit_10target_300.csv,7,4,5,7.244114462788501,7.244114462788501,01,01,2,1,True,completed
229,known_visit,HIPC,bernoulli,drop_0.25,19,361,4,10,hipc_h5_bernoulli_025,C:\Users\lottj\Desktop\research\decentralized benchmark\commitment-horizon-study\reference_core_benchmark_pilot\known_visit_10target_300.csv,8,8,4,16.280882007507188,16.280882007507188,01,01,1,0,True,completed
229,known_visit,HIPC,bernoulli,drop_0.25,19,361,4,10,hipc_h5_bernoulli_025,C:\Users\lottj\Desktop\research\decentralized benchmark\commitment-horizon-study\reference_core_benchmark_pilot\known_visit_10target_300.csv,9,2,10,5.771561756672698,5.771561756672698,02,02,1,0,True,completed
229,known_visit,HIPC,bernoulli,drop_0.25,19,361,4,10,hipc_h5_bernoulli_025,C:\Users\lottj\Desktop\research\decentralized benchmark\commitment-horizon-study\reference_core_benchmark_pilot\known_visit_10target_300.csv,10,3,15,12.36137247476636,12.36137247476636,03,03,1,0,True,completed
230,known_visit,HIPC,bernoulli,drop_0.25,19,361,4,10,hipc_h5_bernoulli_025,C:\Users\lottj\Desktop\research\decentralized benchmark\commitment-horizon-study\reference_core_benchmark_pilot\known_visit_10target_300.csv,1,13,9,26.032817690644674,26.032817690644674,02,02,1,0,True,completed
230,known_visit,HIPC,bernoulli,drop_0.25,19,361,4,10,hipc_h5_bernoulli_025,C:\Users\lottj\Desktop\research\decentralized benchmark\commitment-horizon-study\reference_core_benchmark_pilot\known_visit_10target_300.csv,2,17,11,40.48863191520727,40.48863191520727,02,02,1,0,True,completed
230,known_visit,HIPC,bernoulli,drop_0.25,19,361,4,10,hipc_h5_bernoulli_025,C:\Users\lottj\Desktop\research\decentralized benchmark\commitment-horizon-study\reference_core_benchmark_pilot\known_visit_10target_300.csv,3,12,10,22.451928785875772,22.451928785875772,02,02,1,0,True,completed
230,known_visit,HIPC,bernoulli,drop_0.25,19,361,4,10,hipc_h5_bernoulli_025,C:\Users\lottj\Desktop\research\decentralized benchmark\commitment-horizon-study\reference_core_benchmark_pilot\known_visit_10target_300.csv,4,1,18,0.1193586791561251,0.1193586791561251,03,03,1,0,True,completed
230,known_visit,HIPC,bernoulli,drop_0.25,19,361,4,10,hipc_h5_bernoulli_025,C:\Users\lottj\Desktop\research\decentralized benchmark\commitment-horizon-study\reference_core_benchmark_pilot\known_visit_10target_300.csv,5,12,8,62.03978563262197,62.03978563262197,01,01,1,0,True,completed
230,known_visit,HIPC,bernoulli,drop_0.25,19,361,4,10,hipc_h5_bernoulli_025,C:\Users\lottj\Desktop\research\decentralized benchmark\commitment-horizon-study\reference_core_benchmark_pilot\known_visit_10target_300.csv,6,14,12,33.12967566293269,33.12967566293269,02,02,1,0,True,completed
230,known_visit,HIPC,bernoulli,drop_0.25,19,361,4,10,hipc_h5_bernoulli_025,C:\Users\lottj\Desktop\research\decentralized benchmark\commitment-horizon-study\reference_core_benchmark_pilot\known_visit_10target_300.csv,7,16,1,35.408590360316374,35.408590360316374,01,01,2,1,True,completed
230,known_visit,HIPC,bernoulli,drop_0.25,19,361,4,10,hipc_h5_bernoulli_025,C:\Users\lottj\Desktop\research\decentralized benchmark\commitment-horizon-study\reference_core_benchmark_pilot\known_visit_10target_300.csv,8,0,4,2.239683577551734,2.239683577551734,01,01,1,0,True,completed
230,known_visit,HIPC,bernoulli,drop_0.25,19,361,4,10,hipc_h5_bernoulli_025,C:\Users\lottj\Desktop\research\decentralized benchmark\commitment-horizon-study\reference_core_benchmark_pilot\known_visit_10target_300.csv,9,18,5,46.3337066968436,46.3337066968436,01,01,1,0,True,completed
230,known_visit,HIPC,bernoulli,drop_0.25,19,361,4,10,hipc_h5_bernoulli_025,C:\Users\lottj\Desktop\research\decentralized benchmark\commitment-horizon-study\reference_core_benchmark_pilot\known_visit_10target_300.csv,10,2,3,7.711084626742405,7.711084626742405,01,01,1,0,True,completed
231,known_visit,HIPC,bernoulli,drop_0.25,19,361,4,10,hipc_h5_bernoulli_025,C:\Users\lottj\Desktop\research\decentralized benchmark\commitment-horizon-study\reference_core_benchmark_pilot\known_visit_10target_300.csv,1,4,4,16.338017248185654,16.338017248185654,00,00,1,0,True,completed
231,known_visit,HIPC,bernoulli,drop_0.25,19,361,4,10,hipc_h5_bernoulli_025,C:\Users\lottj\Desktop\research\decentralized benchmark\commitment-horizon-study\reference_core_benchmark_pilot\known_visit_10target_300.csv,2,13,10,39.25955889647274,39.25955889647274,02,02,1,0,True,completed
231,known_visit,HIPC,bernoulli,drop_0.25,19,361,4,10,hipc_h5_bernoulli_025,C:\Users\lottj\Desktop\research\decentralized benchmark\commitment-horizon-study\reference_core_benchmark_pilot\known_visit_10target_300.csv,3,12,12,26.793475037644306,26.793475037644306,02,02,1,0,True,completed
231,known_visit,HIPC,bernoulli,drop_0.25,19,361,4,10,hipc_h5_bernoulli_025,C:\Users\lottj\Desktop\research\decentralized benchmark\commitment-horizon-study\reference_core_benchmark_pilot\known_visit_10target_300.csv,4,13,14,32.13844290322588,32.13844290322588,02,02,1,0,True,completed
231,known_visit,HIPC,bernoulli,drop_0.25,19,361,4,10,hipc_h5_bernoulli_025,C:\Users\lottj\Desktop\research\decentralized benchmark\commitment-horizon-study\reference_core_benchmark_pilot\known_visit_10target_300.csv,5,13,5,48.210595238948166,48.210595238948166,02,02,1,0,True,completed
231,known_visit,HIPC,bernoulli,drop_0.25,19,361,4,10,hipc_h5_bernoulli_025,C:\Users\lottj\Desktop\research\decentralized benchmark\commitment-horizon-study\reference_core_benchmark_pilot\known_visit_10target_300.csv,6,0,10,2.1412966582431774,2.1412966582431774,02,02,2,1,True,completed
231,known_visit,HIPC,bernoulli,drop_0.25,19,361,4,10,hipc_h5_bernoulli_025,C:\Users\lottj\Desktop\research\decentralized benchmark\commitment-horizon-study\reference_core_benchmark_pilot\known_visit_10target_300.csv,7,5,1,8.974309517358188,8.974309517358188,00,00,1,0,True,completed
231,known_visit,HIPC,bernoulli,drop_0.25,19,361,4,10,hipc_h5_bernoulli_025,C:\Users\lottj\Desktop\research\decentralized benchmark\commitment-horizon-study\reference_core_benchmark_pilot\known_visit_10target_300.csv,8,11,0,39.41445769136724,39.41445769136724,00,00,1,0,True,completed
231,known_visit,HIPC,bernoulli,drop_0.25,19,361,4,10,hipc_h5_bernoulli_025,C:\Users\lottj\Desktop\research\decentralized benchmark\commitment-horizon-study\reference_core_benchmark_pilot\known_visit_10target_300.csv,9,0,11,0.4896819781898142,0.4896819781898142,02,02,2,1,True,completed
231,known_visit,HIPC,bernoulli,drop_0.25,19,361,4,10,hipc_h5_bernoulli_025,C:\Users\lottj\Desktop\research\decentralized benchmark\commitment-horizon-study\reference_core_benchmark_pilot\known_visit_10target_300.csv,10,12,5,50.24399677443655,50.24399677443655,02,02,1,0,True,completed
232,known_visit,HIPC,bernoulli,drop_0.25,19,361,4,10,hipc_h5_bernoulli_025,C:\Users\lottj\Desktop\research\decentralized benchmark\commitment-horizon-study\reference_core_benchmark_pilot\known_visit_10target_300.csv,1,7,2,14.595537658232924,14.595537658232924,00,00,1,0,True,completed
232,known_visit,HIPC,bernoulli,drop_0.25,19,361,4,10,hipc_h5_bernoulli_025,C:\Users\lottj\Desktop\research\decentralized benchmark\commitment-horizon-study\reference_core_benchmark_pilot\known_visit_10target_300.csv,2,4,11,7.712332646019994,7.712332646019994,02,02,1,0,True,completed
232,known_visit,HIPC,bernoulli,drop_0.25,19,361,4,10,hipc_h5_bernoulli_025,C:\Users\lottj\Desktop\research\decentralized benchmark\commitment-horizon-study\reference_core_benchmark_pilot\known_visit_10target_300.csv,3,17,15,37.52018155929151,37.52018155929151,03,03,1,0,True,completed
232,known_visit,HIPC,bernoulli,drop_0.25,19,361,4,10,hipc_h5_bernoulli_025,C:\Users\lottj\Desktop\research\decentralized benchmark\commitment-horizon-study\reference_core_benchmark_pilot\known_visit_10target_300.csv,4,9,15,19.487593989694084,19.487593989694084,03,03,1,0,True,completed
232,known_visit,HIPC,bernoulli,drop_0.25,19,361,4,10,hipc_h5_bernoulli_025,C:\Users\lottj\Desktop\research\decentralized benchmark\commitment-horizon-study\reference_core_benchmark_pilot\known_visit_10target_300.csv,5,3,11,5.792867671753224,5.792867671753224,02,02,1,0,True,completed
232,known_visit,HIPC,bernoulli,drop_0.25,19,361,4,10,hipc_h5_bernoulli_025,C:\Users\lottj\Desktop\research\decentralized benchmark\commitment-horizon-study\reference_core_benchmark_pilot\known_visit_10target_300.csv,6,13,14,28.44631985032588,28.44631985032588,03,03,1,0,True,completed
232,known_visit,HIPC,bernoulli,drop_0.25,19,361,4,10,hipc_h5_bernoulli_025,C:\Users\lottj\Desktop\research\decentralized benchmark\commitment-horizon-study\reference_core_benchmark_pilot\known_visit_10target_300.csv,7,13,5,30.394193275942584,30.394193275942584,00,00,1,0,True,completed
232,known_visit,HIPC,bernoulli,drop_0.25,19,361,4,10,hipc_h5_bernoulli_025,C:\Users\lottj\Desktop\research\decentralized benchmark\commitment-horizon-study\reference_core_benchmark_pilot\known_visit_10target_300.csv,8,4,17,7.127432314338716,7.127432314338716,03,03,2,1,True,completed
232,known_visit,HIPC,bernoulli,drop_0.25,19,361,4,10,hipc_h5_bernoulli_025,C:\Users\lottj\Desktop\research\decentralized benchmark\commitment-horizon-study\reference_core_benchmark_pilot\known_visit_10target_300.csv,9,3,0,3.6714941275975983,3.6714941275975983,00,00,2,1,True,completed
232,known_visit,HIPC,bernoulli,drop_0.25,19,361,4,10,hipc_h5_bernoulli_025,C:\Users\lottj\Desktop\research\decentralized benchmark\commitment-horizon-study\reference_core_benchmark_pilot\known_visit_10target_300.csv,10,4,18,5.204920989900741,5.204920989900741,03,03,2,1,True,completed
233,known_visit,HIPC,bernoulli,drop_0.25,19,361,4,10,hipc_h5_bernoulli_025,C:\Users\lottj\Desktop\research\decentralized benchmark\commitment-horizon-study\reference_core_benchmark_pilot\known_visit_10target_300.csv,1,13,3,25.967750533765535,25.967750533765535,00,00,1,0,True,completed
233,known_visit,HIPC,bernoulli,drop_0.25,19,361,4,10,hipc_h5_bernoulli_025,C:\Users\lottj\Desktop\research\decentralized benchmark\commitment-horizon-study\reference_core_benchmark_pilot\known_visit_10target_300.csv,2,8,14,37.812504841999925,37.812504841999925,02,02,1,0,True,completed
233,known_visit,HIPC,bernoulli,drop_0.25,19,361,4,10,hipc_h5_bernoulli_025,C:\Users\lottj\Desktop\research\decentralized benchmark\commitment-horizon-study\reference_core_benchmark_pilot\known_visit_10target_300.csv,3,9,17,44.83138454498982,44.83138454498982,02,02,1,0,True,completed
233,known_visit,HIPC,bernoulli,drop_0.25,19,361,4,10,hipc_h5_bernoulli_025,C:\Users\lottj\Desktop\research\decentralized benchmark\commitment-horizon-study\reference_core_benchmark_pilot\known_visit_10target_300.csv,4,6,13,10.579525873890768,10.579525873890768,02,02,1,0,True,completed
233,known_visit,HIPC,bernoulli,drop_0.25,19,361,4,10,hipc_h5_bernoulli_025,C:\Users\lottj\Desktop\research\decentralized benchmark\commitment-horizon-study\reference_core_benchmark_pilot\known_visit_10target_300.csv,5,8,8,27.196072691874733,27.196072691874733,02,02,1,0,True,completed
233,known_visit,HIPC,bernoulli,drop_0.25,19,361,4,10,hipc_h5_bernoulli_025,C:\Users\lottj\Desktop\research\decentralized benchmark\commitment-horizon-study\reference_core_benchmark_pilot\known_visit_10target_300.csv,6,6,10,19.793839295862945,19.793839295862945,02,02,1,0,True,completed
233,known_visit,HIPC,bernoulli,drop_0.25,19,361,4,10,hipc_h5_bernoulli_025,C:\Users\lottj\Desktop\research\decentralized benchmark\commitment-horizon-study\reference_core_benchmark_pilot\known_visit_10target_300.csv,7,15,14,60.867909222049605,60.867909222049605,02,02,1,0,True,completed
233,known_visit,HIPC,bernoulli,drop_0.25,19,361,4,10,hipc_h5_bernoulli_025,C:\Users\lottj\Desktop\research\decentralized benchmark\commitment-horizon-study\reference_core_benchmark_pilot\known_visit_10target_300.csv,8,12,14,55.40449286520126,55.40449286520126,02,02,1,0,True,completed
233,known_visit,HIPC,bernoulli,drop_0.25,19,361,4,10,hipc_h5_bernoulli_025,C:\Users\lottj\Desktop\research\decentralized benchmark\commitment-horizon-study\reference_core_benchmark_pilot\known_visit_10target_300.csv,9,15,1,33.04019515632552,33.04019515632552,00,00,1,0,True,completed
233,known_visit,HIPC,bernoulli,drop_0.25,19,361,4,10,hipc_h5_bernoulli_025,C:\Users\lottj\Desktop\research\decentralized benchmark\commitment-horizon-study\reference_core_benchmark_pilot\known_visit_10target_300.csv,10,3,2,7.157679006004135,7.157679006004135,00,00,1,0,True,completed
234,known_visit,HIPC,bernoulli,drop_0.25,19,361,4,10,hipc_h5_bernoulli_025,C:\Users\lottj\Desktop\research\decentralized benchmark\commitment-horizon-study\reference_core_benchmark_pilot\known_visit_10target_300.csv,1,8,16,23.22847560943701,23.22847560943701,02,02,1,0,True,completed
234,known_visit,HIPC,bernoulli,drop_0.25,19,361,4,10,hipc_h5_bernoulli_025,C:\Users\lottj\Desktop\research\decentralized benchmark\commitment-horizon-study\reference_core_benchmark_pilot\known_visit_10target_300.csv,2,8,13,18.094552865216805,18.094552865216805,02,02,1,0,True,completed
234,known_visit,HIPC,bernoulli,drop_0.25,19,361,4,10,hipc_h5_bernoulli_025,C:\Users\lottj\Desktop\research\decentralized benchmark\commitment-horizon-study\reference_core_benchmark_pilot\known_visit_10target_300.csv,3,8,0,19.831369444318703,19.831369444318703,00,00,1,0,True,completed
234,known_visit,HIPC,bernoulli,drop_0.25,19,361,4,10,hipc_h5_bernoulli_025,C:\Users\lottj\Desktop\research\decentralized benchmark\commitment-horizon-study\reference_core_benchmark_pilot\known_visit_10target_300.csv,4,10,5,39.053083778359415,39.053083778359415,00,00,1,0,True,completed
234,known_visit,HIPC,bernoulli,drop_0.25,19,361,4,10,hipc_h5_bernoulli_025,C:\Users\lottj\Desktop\research\decentralized benchmark\commitment-horizon-study\reference_core_benchmark_pilot\known_visit_10target_300.csv,5,7,11,12.32340074904763,12.32340074904763,02,02,1,0,True,completed
234,known_visit,HIPC,bernoulli,drop_0.25,19,361,4,10,hipc_h5_bernoulli_025,C:\Users\lottj\Desktop\research\decentralized benchmark\commitment-horizon-study\reference_core_benchmark_pilot\known_visit_10target_300.csv,6,14,16,33.812613882116715,33.812613882116715,02,02,1,0,True,completed
234,known_visit,HIPC,bernoulli,drop_0.25,19,361,4,10,hipc_h5_bernoulli_025,C:\Users\lottj\Desktop\research\decentralized benchmark\commitment-horizon-study\reference_core_benchmark_pilot\known_visit_10target_300.csv,7,15,9,58.29402254805883,58.29402254805883,00,00,1,0,True,completed
234,known_visit,HIPC,bernoulli,drop_0.25,19,361,4,10,hipc_h5_bernoulli_025,C:\Users\lottj\Desktop\research\decentralized benchmark\commitment-horizon-study\reference_core_benchmark_pilot\known_visit_10target_300.csv,8,9,8,45.97237622913754,45.97237622913754,00,00,1,0,True,completed
234,known_visit,HIPC,bernoulli,drop_0.25,19,361,4,10,hipc_h5_bernoulli_025,C:\Users\lottj\Desktop\research\decentralized benchmark\commitment-horizon-study\reference_core_benchmark_pilot\known_visit_10target_300.csv,9,5,2,10.601203451001753,10.601203451001753,00,00,1,0,True,completed
234,known_visit,HIPC,bernoulli,drop_0.25,19,361,4,10,hipc_h5_bernoulli_025,C:\Users\lottj\Desktop\research\decentralized benchmark\commitment-horizon-study\reference_core_benchmark_pilot\known_visit_10target_300.csv,10,12,0,26.75569578757014,26.75569578757014,00,00,1,0,True,completed
235,known_visit,HIPC,bernoulli,drop_0.25,19,361,4,10,hipc_h5_bernoulli_025,C:\Users\lottj\Desktop\research\decentralized benchmark\commitment-horizon-study\reference_core_benchmark_pilot\known_visit_10target_300.csv,1,10,6,26.93287935921662,26.93287935921662,00,00,2,1,True,completed
235,known_visit,HIPC,bernoulli,drop_0.25,19,361,4,10,hipc_h5_bernoulli_025,C:\Users\lottj\Desktop\research\decentralized benchmark\commitment-horizon-study\reference_core_benchmark_pilot\known_visit_10target_300.csv,2,13,16,96.16714433275963,96.16714433275963,00,00,1,0,True,completed
235,known_visit,HIPC,bernoulli,drop_0.25,19,361,4,10,hipc_h5_bernoulli_025,C:\Users\lottj\Desktop\research\decentralized benchmark\commitment-horizon-study\reference_core_benchmark_pilot\known_visit_10target_300.csv,3,15,0,46.19770081926143,46.19770081926143,00,00,1,0,True,completed
235,known_visit,HIPC,bernoulli,drop_0.25,19,361,4,10,hipc_h5_bernoulli_025,C:\Users\lottj\Desktop\research\decentralized benchmark\commitment-horizon-study\reference_core_benchmark_pilot\known_visit_10target_300.csv,4,0,16,2.39093846890333,2.39093846890333,03,03,1,0,True,completed
235,known_visit,HIPC,bernoulli,drop_0.25,19,361,4,10,hipc_h5_bernoulli_025,C:\Users\lottj\Desktop\research\decentralized benchmark\commitment-horizon-study\reference_core_benchmark_pilot\known_visit_10target_300.csv,5,18,13,73.99753046510064,73.99753046510064,00,00,1,0,True,completed
235,known_visit,HIPC,bernoulli,drop_0.25,19,361,4,10,hipc_h5_bernoulli_025,C:\Users\lottj\Desktop\research\decentralized benchmark\commitment-horizon-study\reference_core_benchmark_pilot\known_visit_10target_300.csv,6,0,10,2.1422542955062913,2.1422542955062913,02,02,1,0,True,completed
235,known_visit,HIPC,bernoulli,drop_0.25,19,361,4,10,hipc_h5_bernoulli_025,C:\Users\lottj\Desktop\research\decentralized benchmark\commitment-horizon-study\reference_core_benchmark_pilot\known_visit_10target_300.csv,7,3,4,11.321220909947474,11.321220909947474,00,00,1,0,True,completed
235,known_visit,HIPC,bernoulli,drop_0.25,19,361,4,10,hipc_h5_bernoulli_025,C:\Users\lottj\Desktop\research\decentralized benchmark\commitment-horizon-study\reference_core_benchmark_pilot\known_visit_10target_300.csv,8,13,12,84.69104614199425,84.69104614199425,00,00,1,0,True,completed
235,known_visit,HIPC,bernoulli,drop_0.25,19,361,4,10,hipc_h5_bernoulli_025,C:\Users\lottj\Desktop\research\decentralized benchmark\commitment-horizon-study\reference_core_benchmark_pilot\known_visit_10target_300.csv,9,1,7,2.2109285797276335,2.2109285797276335,01,01,1,0,True,completed
235,known_visit,HIPC,bernoulli,drop_0.25,19,361,4,10,hipc_h5_bernoulli_025,C:\Users\lottj\Desktop\research\decentralized benchmark\commitment-horizon-study\reference_core_benchmark_pilot\known_visit_10target_300.csv,10,0,3,4.1998866041440905,4.1998866041440905,00,00,1,0,True,completed
236,known_visit,HIPC,bernoulli,drop_0.25,19,361,4,10,hipc_h5_bernoulli_025,C:\Users\lottj\Desktop\research\decentralized benchmark\commitment-horizon-study\reference_core_benchmark_pilot\known_visit_10target_300.csv,1,2,16,5.7867224071350964,5.7867224071350964,03,03,1,0,True,completed
236,known_visit,HIPC,bernoulli,drop_0.25,19,361,4,10,hipc_h5_bernoulli_025,C:\Users\lottj\Desktop\research\decentralized benchmark\commitment-horizon-study\reference_core_benchmark_pilot\known_visit_10target_300.csv,2,3,12,3.659081548305632,3.659081548305632,02,02,2,1,True,completed
236,known_visit,HIPC,bernoulli,drop_0.25,19,361,4,10,hipc_h5_bernoulli_025,C:\Users\lottj\Desktop\research\decentralized benchmark\commitment-horizon-study\reference_core_benchmark_pilot\known_visit_10target_300.csv,3,11,7,29.86176572865845,29.86176572865845,01,01,1,0,True,completed
236,known_visit,HIPC,bernoulli,drop_0.25,19,361,4,10,hipc_h5_bernoulli_025,C:\Users\lottj\Desktop\research\decentralized benchmark\commitment-horizon-study\reference_core_benchmark_pilot\known_visit_10target_300.csv,4,18,5,45.253798848560145,45.253798848560145,01,01,1,0,True,completed
236,known_visit,HIPC,bernoulli,drop_0.25,19,361,4,10,hipc_h5_bernoulli_025,C:\Users\lottj\Desktop\research\decentralized benchmark\commitment-horizon-study\reference_core_benchmark_pilot\known_visit_10target_300.csv,5,7,10,17.817407955989335,17.817407955989335,01,01,1,0,True,completed
236,known_visit,HIPC,bernoulli,drop_0.25,19,361,4,10,hipc_h5_bernoulli_025,C:\Users\lottj\Desktop\research\decentralized benchmark\commitment-horizon-study\reference_core_benchmark_pilot\known_visit_10target_300.csv,6,8,10,19.461998725620482,19.461998725620482,01,01,2,1,True,completed
236,known_visit,HIPC,bernoulli,drop_0.25,19,361,4,10,hipc_h5_bernoulli_025,C:\Users\lottj\Desktop\research\decentralized benchmark\commitment-horizon-study\reference_core_benchmark_pilot\known_visit_10target_300.csv,7,15,13,59.98257741904395,59.98257741904395,02,02,1,0,True,completed
236,known_visit,HIPC,bernoulli,drop_0.25,19,361,4,10,hipc_h5_bernoulli_025,C:\Users\lottj\Desktop\research\decentralized benchmark\commitment-horizon-study\reference_core_benchmark_pilot\known_visit_10target_300.csv,8,4,9,10.743485429296324,10.743485429296324,01,01,3,2,True,completed
236,known_visit,HIPC,bernoulli,drop_0.25,19,361,4,10,hipc_h5_bernoulli_025,C:\Users\lottj\Desktop\research\decentralized benchmark\commitment-horizon-study\reference_core_benchmark_pilot\known_visit_10target_300.csv,9,4,6,5.431733736542739,5.431733736542739,01,01,2,1,True,completed
236,known_visit,HIPC,bernoulli,drop_0.25,19,361,4,10,hipc_h5_bernoulli_025,C:\Users\lottj\Desktop\research\decentralized benchmark\commitment-horizon-study\reference_core_benchmark_pilot\known_visit_10target_300.csv,10,1,16,3.873343947988301,3.873343947988301,03,03,1,0,True,completed
237,known_visit,HIPC,bernoulli,drop_0.25,19,361,4,10,hipc_h5_bernoulli_025,C:\Users\lottj\Desktop\research\decentralized benchmark\commitment-horizon-study\reference_core_benchmark_pilot\known_visit_10target_300.csv,1,4,7,18.626981048770443,18.626981048770443,01,01,1,0,True,completed
237,known_visit,HIPC,bernoulli,drop_0.25,19,361,4,10,hipc_h5_bernoulli_025,C:\Users\lottj\Desktop\research\decentralized benchmark\commitment-horizon-study\reference_core_benchmark_pilot\known_visit_10target_300.csv,2,8,2,16.376494346902295,16.376494346902295,00,00,1,0,True,completed
237,known_visit,HIPC,bernoulli,drop_0.25,19,361,4,10,hipc_h5_bernoulli_025,C:\Users\lottj\Desktop\research\decentralized benchmark\commitment-horizon-study\reference_core_benchmark_pilot\known_visit_10target_300.csv,3,4,1,7.3665878675695895,7.3665878675695895,00,00,1,0,True,completed
237,known_visit,HIPC,bernoulli,drop_0.25,19,361,4,10,hipc_h5_bernoulli_025,C:\Users\lottj\Desktop\research\decentralized benchmark\commitment-horizon-study\reference_core_benchmark_pilot\known_visit_10target_300.csv,4,4,4,9.203033807826367,9.203033807826367,01,01,1,0,True,completed
237,known_visit,HIPC,bernoulli,drop_0.25,19,361,4,10,hipc_h5_bernoulli_025,C:\Users\lottj\Desktop\research\decentralized benchmark\commitment-horizon-study\reference_core_benchmark_pilot\known_visit_10target_300.csv,5,11,8,32.80704188589319,32.80704188589319,01,01,1,0,True,completed
237,known_visit,HIPC,bernoulli,drop_0.25,19,361,4,10,hipc_h5_bernoulli_025,C:\Users\lottj\Desktop\research\decentralized benchmark\commitment-horizon-study\reference_core_benchmark_pilot\known_visit_10target_300.csv,6,0,17,0.5165150130935806,0.5165150130935806,03,03,1,0,True,completed
237,known_visit,HIPC,bernoulli,drop_0.25,19,361,4,10,hipc_h5_bernoulli_025,C:\Users\lottj\Desktop\research\decentralized benchmark\commitment-horizon-study\reference_core_benchmark_pilot\known_visit_10target_300.csv,7,17,15,33.11007445606441,33.11007445606441,02,02,1,0,True,completed
237,known_visit,HIPC,bernoulli,drop_0.25,19,361,4,10,hipc_h5_bernoulli_025,C:\Users\lottj\Desktop\research\decentralized benchmark\commitment-horizon-study\reference_core_benchmark_pilot\known_visit_10target_300.csv,8,6,15,14.261456087263111,14.261456087263111,02,02,1,0,True,completed
237,known_visit,HIPC,bernoulli,drop_0.25,19,361,4,10,hipc_h5_bernoulli_025,C:\Users\lottj\Desktop\research\decentralized benchmark\commitment-horizon-study\reference_core_benchmark_pilot\known_visit_10target_300.csv,9,4,13,7.1704107053545245,7.1704107053545245,02,02,1,0,True,completed
237,known_visit,HIPC,bernoulli,drop_0.25,19,361,4,10,hipc_h5_bernoulli_025,C:\Users\lottj\Desktop\research\decentralized benchmark\commitment-horizon-study\reference_core_benchmark_pilot\known_visit_10target_300.csv,10,14,1,28.586576663419052,28.586576663419052,00,00,1,0,True,completed
238,known_visit,HIPC,bernoulli,drop_0.25,19,361,4,10,hipc_h5_bernoulli_025,C:\Users\lottj\Desktop\research\decentralized benchmark\commitment-horizon-study\reference_core_benchmark_pilot\known_visit_10target_300.csv,1,6,14,12.822413115186125,12.822413115186125,02,02,1,0,True,completed
238,known_visit,HIPC,bernoulli,drop_0.25,19,361,4,10,hipc_h5_bernoulli_025,C:\Users\lottj\Desktop\research\decentralized benchmark\commitment-horizon-study\reference_core_benchmark_pilot\known_visit_10target_300.csv,2,1,13,2.217744426188438,2.217744426188438,02,02,1,0,True,completed
238,known_visit,HIPC,bernoulli,drop_0.25,19,361,4,10,hipc_h5_bernoulli_025,C:\Users\lottj\Desktop\research\decentralized benchmark\commitment-horizon-study\reference_core_benchmark_pilot\known_visit_10target_300.csv,3,15,11,55.946264300847616,55.946264300847616,02,02,1,0,True,completed
238,known_visit,HIPC,bernoulli,drop_0.25,19,361,4,10,hipc_h5_bernoulli_025,C:\Users\lottj\Desktop\research\decentralized benchmark\commitment-horizon-study\reference_core_benchmark_pilot\known_visit_10target_300.csv,4,13,8,47.15330112334542,47.15330112334542,02,02,1,0,True,completed
238,known_visit,HIPC,bernoulli,drop_0.25,19,361,4,10,hipc_h5_bernoulli_025,C:\Users\lottj\Desktop\research\decentralized benchmark\commitment-horizon-study\reference_core_benchmark_pilot\known_visit_10target_300.csv,5,9,10,36.30578939115529,36.30578939115529,02,02,1,0,True,completed
238,known_visit,HIPC,bernoulli,drop_0.25,19,361,4,10,hipc_h5_bernoulli_025,C:\Users\lottj\Desktop\research\decentralized benchmark\commitment-horizon-study\reference_core_benchmark_pilot\known_visit_10target_300.csv,6,13,0,31.60662280460936,31.60662280460936,00,00,1,0,True,completed
238,known_visit,HIPC,bernoulli,drop_0.25,19,361,4,10,hipc_h5_bernoulli_025,C:\Users\lottj\Desktop\research\decentralized benchmark\commitment-horizon-study\reference_core_benchmark_pilot\known_visit_10target_300.csv,7,3,3,8.824499119344713,8.824499119344713,00,00,1,0,True,completed
238,known_visit,HIPC,bernoulli,drop_0.25,19,361,4,10,hipc_h5_bernoulli_025,C:\Users\lottj\Desktop\research\decentralized benchmark\commitment-horizon-study\reference_core_benchmark_pilot\known_visit_10target_300.csv,8,9,16,21.945917769753247,21.945917769753247,02,02,1,0,True,completed
238,known_visit,HIPC,bernoulli,drop_0.25,19,361,4,10,hipc_h5_bernoulli_025,C:\Users\lottj\Desktop\research\decentralized benchmark\commitment-horizon-study\reference_core_benchmark_pilot\known_visit_10target_300.csv,9,2,18,1.8869026666820488,1.8869026666820488,03,03,1,0,True,completed
238,known_visit,HIPC,bernoulli,drop_0.25,19,361,4,10,hipc_h5_bernoulli_025,C:\Users\lottj\Desktop\research\decentralized benchmark\commitment-horizon-study\reference_core_benchmark_pilot\known_visit_10target_300.csv,10,12,3,24.416017006316007,24.416017006316007,00,00,1,0,True,completed
239,known_visit,HIPC,bernoulli,drop_0.25,19,361,4,10,hipc_h5_bernoulli_025,C:\Users\lottj\Desktop\research\decentralized benchmark\commitment-horizon-study\reference_core_benchmark_pilot\known_visit_10target_300.csv,1,16,3,34.98652144000297,34.98652144000297,00,00,1,0,True,completed
239,known_visit,HIPC,bernoulli,drop_0.25,19,361,4,10,hipc_h5_bernoulli_025,C:\Users\lottj\Desktop\research\decentralized benchmark\commitment-horizon-study\reference_core_benchmark_pilot\known_visit_10target_300.csv,2,16,0,25.823024878505432,25.823024878505432,00,00,1,0,True,completed
239,known_visit,HIPC,bernoulli,drop_0.25,19,361,4,10,hipc_h5_bernoulli_025,C:\Users\lottj\Desktop\research\decentralized benchmark\commitment-horizon-study\reference_core_benchmark_pilot\known_visit_10target_300.csv,3,4,3,18.104220496551918,18.104220496551918,01,01,1,0,True,completed
239,known_visit,HIPC,bernoulli,drop_0.25,19,361,4,10,hipc_h5_bernoulli_025,C:\Users\lottj\Desktop\research\decentralized benchmark\commitment-horizon-study\reference_core_benchmark_pilot\known_visit_10target_300.csv,4,13,11,54.335353590345775,54.335353590345775,00,00,1,0,True,completed
239,known_visit,HIPC,bernoulli,drop_0.25,19,361,4,10,hipc_h5_bernoulli_025,C:\Users\lottj\Desktop\research\decentralized benchmark\commitment-horizon-study\reference_core_benchmark_pilot\known_visit_10target_300.csv,5,14,6,43.80978055401808,43.80978055401808,00,00,1,0,True,completed
239,known_visit,HIPC,bernoulli,drop_0.25,19,361,4,10,hipc_h5_bernoulli_025,C:\Users\lottj\Desktop\research\decentralized benchmark\commitment-horizon-study\reference_core_benchmark_pilot\known_visit_10target_300.csv,6,17,0,27.567511622528105,27.567511622528105,00,00,1,0,True,completed
239,known_visit,HIPC,bernoulli,drop_0.25,19,361,4,10,hipc_h5_bernoulli_025,C:\Users\lottj\Desktop\research\decentralized benchmark\commitment-horizon-study\reference_core_benchmark_pilot\known_visit_10target_300.csv,7,2,17,3.6979516065539264,3.6979516065539264,03,03,1,0,True,completed
239,known_visit,HIPC,bernoulli,drop_0.25,19,361,4,10,hipc_h5_bernoulli_025,C:\Users\lottj\Desktop\research\decentralized benchmark\commitment-horizon-study\reference_core_benchmark_pilot\known_visit_10target_300.csv,8,8,7,36.057652381906394,36.057652381906394,01,01,1,0,True,completed
239,known_visit,HIPC,bernoulli,drop_0.25,19,361,4,10,hipc_h5_bernoulli_025,C:\Users\lottj\Desktop\research\decentralized benchmark\commitment-horizon-study\reference_core_benchmark_pilot\known_visit_10target_300.csv,9,4,7,7.114193610421453,7.114193610421453,01,01,1,0,True,completed
239,known_visit,HIPC,bernoulli,drop_0.25,19,361,4,10,hipc_h5_bernoulli_025,C:\Users\lottj\Desktop\research\decentralized benchmark\commitment-horizon-study\reference_core_benchmark_pilot\known_visit_10target_300.csv,10,8,10,41.13247200237595,41.13247200237595,01,01,1,0,True,completed
240,known_visit,HIPC,bernoulli,drop_0.25,19,361,4,10,hipc_h5_bernoulli_025,C:\Users\lottj\Desktop\research\decentralized benchmark\commitment-horizon-study\reference_core_benchmark_pilot\known_visit_10target_300.csv,1,3,3,9.067450162531832,9.067450162531832,01,01,1,0,True,completed
240,known_visit,HIPC,bernoulli,drop_0.25,19,361,4,10,hipc_h5_bernoulli_025,C:\Users\lottj\Desktop\research\decentralized benchmark\commitment-horizon-study\reference_core_benchmark_pilot\known_visit_10target_300.csv,2,7,9,53.01391087516514,53.01391087516514,01,01,1,0,True,completed
240,known_visit,HIPC,bernoulli,drop_0.25,19,361,4,10,hipc_h5_bernoulli_025,C:\Users\lottj\Desktop\research\decentralized benchmark\commitment-horizon-study\reference_core_benchmark_pilot\known_visit_10target_300.csv,3,18,7,48.788361587933494,48.788361587933494,03,03,1,0,True,completed
240,known_visit,HIPC,bernoulli,drop_0.25,19,361,4,10,hipc_h5_bernoulli_025,C:\Users\lottj\Desktop\research\decentralized benchmark\commitment-horizon-study\reference_core_benchmark_pilot\known_visit_10target_300.csv,4,3,10,10.81164118988099,10.81164118988099,02,02,1,0,True,completed
240,known_visit,HIPC,bernoulli,drop_0.25,19,361,4,10,hipc_h5_bernoulli_025,C:\Users\lottj\Desktop\research\decentralized benchmark\commitment-horizon-study\reference_core_benchmark_pilot\known_visit_10target_300.csv,5,14,16,26.200336950696077,26.200336950696077,03,03,1,0,True,completed
240,known_visit,HIPC,bernoulli,drop_0.25,19,361,4,10,hipc_h5_bernoulli_025,C:\Users\lottj\Desktop\research\decentralized benchmark\commitment-horizon-study\reference_core_benchmark_pilot\known_visit_10target_300.csv,6,6,17,10.52884970621525,10.52884970621525,03,03,1,0,True,completed
240,known_visit,HIPC,bernoulli,drop_0.25,19,361,4,10,hipc_h5_bernoulli_025,C:\Users\lottj\Desktop\research\decentralized benchmark\commitment-horizon-study\reference_core_benchmark_pilot\known_visit_10target_300.csv,7,3,5,5.552237915185536,5.552237915185536,01,01,1,0,True,completed
240,known_visit,HIPC,bernoulli,drop_0.25,19,361,4,10,hipc_h5_bernoulli_025,C:\Users\lottj\Desktop\research\decentralized benchmark\commitment-horizon-study\reference_core_benchmark_pilot\known_visit_10target_300.csv,8,14,14,29.925256128499523,29.925256128499523,03,03,1,0,True,completed
240,known_visit,HIPC,bernoulli,drop_0.25,19,361,4,10,hipc_h5_bernoulli_025,C:\Users\lottj\Desktop\research\decentralized benchmark\commitment-horizon-study\reference_core_benchmark_pilot\known_visit_10target_300.csv,9,12,1,27.851813472259714,27.851813472259714,01,01,1,0,True,completed
240,known_visit,HIPC,bernoulli,drop_0.25,19,361,4,10,hipc_h5_bernoulli_025,C:\Users\lottj\Desktop\research\decentralized benchmark\commitment-horizon-study\reference_core_benchmark_pilot\known_visit_10target_300.csv,10,4,9,14.557871438149316,14.557871438149316,02,02,1,0,True,completed
241,known_visit,HIPC,bernoulli,drop_0.25,19,361,4,10,hipc_h5_bernoulli_025,C:\Users\lottj\Desktop\research\decentralized benchmark\commitment-horizon-study\reference_core_benchmark_pilot\known_visit_10target_300.csv,1,0,14,2.2913369992962407,2.2913369992962407,02,02,1,0,True,completed
241,known_visit,HIPC,bernoulli,drop_0.25,19,361,4,10,hipc_h5_bernoulli_025,C:\Users\lottj\Desktop\research\decentralized benchmark\commitment-horizon-study\reference_core_benchmark_pilot\known_visit_10target_300.csv,2,0,15,4.041934394961676,4.041934394961676,02,02,1,0,True,completed
241,known_visit,HIPC,bernoulli,drop_0.25,19,361,4,10,hipc_h5_bernoulli_025,C:\Users\lottj\Desktop\research\decentralized benchmark\commitment-horizon-study\reference_core_benchmark_pilot\known_visit_10target_300.csv,3,8,0,12.106280208127558,12.106280208127558,00,00,1,0,True,completed
241,known_visit,HIPC,bernoulli,drop_0.25,19,361,4,10,hipc_h5_bernoulli_025,C:\Users\lottj\Desktop\research\decentralized benchmark\commitment-horizon-study\reference_core_benchmark_pilot\known_visit_10target_300.csv,4,7,4,41.515805749507535,41.515805749507535,00,00,1,0,True,completed
241,known_visit,HIPC,bernoulli,drop_0.25,19,361,4,10,hipc_h5_bernoulli_025,C:\Users\lottj\Desktop\research\decentralized benchmark\commitment-horizon-study\reference_core_benchmark_pilot\known_visit_10target_300.csv,5,9,13,27.418919739270674,27.418919739270674,03,03,1,0,True,completed
241,known_visit,HIPC,bernoulli,drop_0.25,19,361,4,10,hipc_h5_bernoulli_025,C:\Users\lottj\Desktop\research\decentralized benchmark\commitment-horizon-study\reference_core_benchmark_pilot\known_visit_10target_300.csv,6,12,0,18.725810271972257,18.725810271972257,00,00,1,0,True,completed
241,known_visit,HIPC,bernoulli,drop_0.25,19,361,4,10,hipc_h5_bernoulli_025,C:\Users\lottj\Desktop\research\decentralized benchmark\commitment-horizon-study\reference_core_benchmark_pilot\known_visit_10target_300.csv,7,6,17,14.760305212244097,14.760305212244097,03,03,1,0,True,completed
241,known_visit,HIPC,bernoulli,drop_0.25,19,361,4,10,hipc_h5_bernoulli_025,C:\Users\lottj\Desktop\research\decentralized benchmark\commitment-horizon-study\reference_core_benchmark_pilot\known_visit_10target_300.csv,8,1,7,2.1466387523606385,2.1466387523606385,01,01,1,0,True,completed
241,known_visit,HIPC,bernoulli,drop_0.25,19,361,4,10,hipc_h5_bernoulli_025,C:\Users\lottj\Desktop\research\decentralized benchmark\commitment-horizon-study\reference_core_benchmark_pilot\known_visit_10target_300.csv,9,0,9,7.561547186348557,7.561547186348557,01,01,1,0,True,completed
241,known_visit,HIPC,bernoulli,drop_0.25,19,361,4,10,hipc_h5_bernoulli_025,C:\Users\lottj\Desktop\research\decentralized benchmark\commitment-horizon-study\reference_core_benchmark_pilot\known_visit_10target_300.csv,10,14,3,27.597606890334912,27.597606890334912,00,00,1,0,True,completed
242,known_visit,HIPC,bernoulli,drop_0.25,19,361,4,10,hipc_h5_bernoulli_025,C:\Users\lottj\Desktop\research\decentralized benchmark\commitment-horizon-study\reference_core_benchmark_pilot\known_visit_10target_300.csv,1,7,9,26.912422250897013,26.912422250897013,02,02,1,0,True,completed
242,known_visit,HIPC,bernoulli,drop_0.25,19,361,4,10,hipc_h5_bernoulli_025,C:\Users\lottj\Desktop\research\decentralized benchmark\commitment-horizon-study\reference_core_benchmark_pilot\known_visit_10target_300.csv,2,13,2,24.700933222950425,24.700933222950425,00,00,1,0,True,completed
242,known_visit,HIPC,bernoulli,drop_0.25,19,361,4,10,hipc_h5_bernoulli_025,C:\Users\lottj\Desktop\research\decentralized benchmark\commitment-horizon-study\reference_core_benchmark_pilot\known_visit_10target_300.csv,3,13,16,67.45707688714309,67.45707688714309,00,00,1,0,True,completed
242,known_visit,HIPC,bernoulli,drop_0.25,19,361,4,10,hipc_h5_bernoulli_025,C:\Users\lottj\Desktop\research\decentralized benchmark\commitment-horizon-study\reference_core_benchmark_pilot\known_visit_10target_300.csv,4,5,15,12.664196491858789,12.664196491858789,02,02,1,0,True,completed
242,known_visit,HIPC,bernoulli,drop_0.25,19,361,4,10,hipc_h5_bernoulli_025,C:\Users\lottj\Desktop\research\decentralized benchmark\commitment-horizon-study\reference_core_benchmark_pilot\known_visit_10target_300.csv,5,6,11,21.45846807871745,21.45846807871745,02,02,1,0,True,completed
242,known_visit,HIPC,bernoulli,drop_0.25,19,361,4,10,hipc_h5_bernoulli_025,C:\Users\lottj\Desktop\research\decentralized benchmark\commitment-horizon-study\reference_core_benchmark_pilot\known_visit_10target_300.csv,6,16,1,32.10203026821012,32.10203026821012,00,00,1,0,True,completed
242,known_visit,HIPC,bernoulli,drop_0.25,19,361,4,10,hipc_h5_bernoulli_025,C:\Users\lottj\Desktop\research\decentralized benchmark\commitment-horizon-study\reference_core_benchmark_pilot\known_visit_10target_300.csv,7,16,6,44.89997996463419,44.89997996463419,00,00,1,0,True,completed
242,known_visit,HIPC,bernoulli,drop_0.25,19,361,4,10,hipc_h5_bernoulli_025,C:\Users\lottj\Desktop\research\decentralized benchmark\commitment-horizon-study\reference_core_benchmark_pilot\known_visit_10target_300.csv,8,10,15,74.7975726615973,74.7975726615973,00,00,1,0,True,completed
242,known_visit,HIPC,bernoulli,drop_0.25,19,361,4,10,hipc_h5_bernoulli_025,C:\Users\lottj\Desktop\research\decentralized benchmark\commitment-horizon-study\reference_core_benchmark_pilot\known_visit_10target_300.csv,9,16,2,30.132950361221592,30.132950361221592,00,00,1,0,True,completed
242,known_visit,HIPC,bernoulli,drop_0.25,19,361,4,10,hipc_h5_bernoulli_025,C:\Users\lottj\Desktop\research\decentralized benchmark\commitment-horizon-study\reference_core_benchmark_pilot\known_visit_10target_300.csv,10,3,14,7.255103511849121,7.255103511849121,02,02,1,0,True,completed
243,known_visit,HIPC,bernoulli,drop_0.25,19,361,4,10,hipc_h5_bernoulli_025,C:\Users\lottj\Desktop\research\decentralized benchmark\commitment-horizon-study\reference_core_benchmark_pilot\known_visit_10target_300.csv,1,1,2,3.926724761721777,3.926724761721777,00,00,1,0,True,completed
243,known_visit,HIPC,bernoulli,drop_0.25,19,361,4,10,hipc_h5_bernoulli_025,C:\Users\lottj\Desktop\research\decentralized benchmark\commitment-horizon-study\reference_core_benchmark_pilot\known_visit_10target_300.csv,2,18,15,66.48930826315492,66.48930826315492,00,00,1,0,True,completed
243,known_visit,HIPC,bernoulli,drop_0.25,19,361,4,10,hipc_h5_bernoulli_025,C:\Users\lottj\Desktop\research\decentralized benchmark\commitment-horizon-study\reference_core_benchmark_pilot\known_visit_10target_300.csv,3,9,3,19.55539690367923,19.55539690367923,00,00,1,0,True,completed
243,known_visit,HIPC,bernoulli,drop_0.25,19,361,4,10,hipc_h5_bernoulli_025,C:\Users\lottj\Desktop\research\decentralized benchmark\commitment-horizon-study\reference_core_benchmark_pilot\known_visit_10target_300.csv,4,4,13,14.551049728484914,14.551049728484914,02,02,1,0,True,completed
243,known_visit,HIPC,bernoulli,drop_0.25,19,361,4,10,hipc_h5_bernoulli_025,C:\Users\lottj\Desktop\research\decentralized benchmark\commitment-horizon-study\reference_core_benchmark_pilot\known_visit_10target_300.csv,5,18,0,40.733365660540976,40.733365660540976,00,00,1,0,True,completed
243,known_visit,HIPC,bernoulli,drop_0.25,19,361,4,10,hipc_h5_bernoulli_025,C:\Users\lottj\Desktop\research\decentralized benchmark\commitment-horizon-study\reference_core_benchmark_pilot\known_visit_10target_300.csv,6,3,14,7.220911685977854,7.220911685977854,02,02,1,0,True,completed
243,known_visit,HIPC,bernoulli,drop_0.25,19,361,4,10,hipc_h5_bernoulli_025,C:\Users\lottj\Desktop\research\decentralized benchmark\commitment-horizon-study\reference_core_benchmark_pilot\known_visit_10target_300.csv,7,2,6,1.9478397335629187,1.9478397335629187,01,01,1,0,True,completed
243,known_visit,HIPC,bernoulli,drop_0.25,19,361,4,10,hipc_h5_bernoulli_025,C:\Users\lottj\Desktop\research\decentralized benchmark\commitment-horizon-study\reference_core_benchmark_pilot\known_visit_10target_300.csv,8,8,9,28.424464016292706,28.424464016292706,02,02,1,0,True,completed
243,known_visit,HIPC,bernoulli,drop_0.25,19,361,4,10,hipc_h5_bernoulli_025,C:\Users\lottj\Desktop\research\decentralized benchmark\commitment-horizon-study\reference_core_benchmark_pilot\known_visit_10target_300.csv,9,12,2,26.969148297160444,26.969148297160444,00,00,1,0,True,completed
243,known_visit,HIPC,bernoulli,drop_0.25,19,361,4,10,hipc_h5_bernoulli_025,C:\Users\lottj\Desktop\research\decentralized benchmark\commitment-horizon-study\reference_core_benchmark_pilot\known_visit_10target_300.csv,10,3,15,8.988584679554858,8.988584679554858,02,02,2,1,True,completed
244,known_visit,HIPC,bernoulli,drop_0.25,19,361,4,10,hipc_h5_bernoulli_025,C:\Users\lottj\Desktop\research\decentralized benchmark\commitment-horizon-study\reference_core_benchmark_pilot\known_visit_10target_300.csv,1,17,5,82.84215553161114,82.84215553161114,02,02,1,0,True,completed
244,known_visit,HIPC,bernoulli,drop_0.25,19,361,4,10,hipc_h5_bernoulli_025,C:\Users\lottj\Desktop\research\decentralized benchmark\commitment-horizon-study\reference_core_benchmark_pilot\known_visit_10target_300.csv,2,15,4,88.1540223021016,88.1540223021016,02,02,1,0,True,completed
244,known_visit,HIPC,bernoulli,drop_0.25,19,361,4,10,hipc_h5_bernoulli_025,C:\Users\lottj\Desktop\research\decentralized benchmark\commitment-horizon-study\reference_core_benchmark_pilot\known_visit_10target_300.csv,3,17,18,57.0541203221009,57.0541203221009,01,01,1,0,True,completed
244,known_visit,HIPC,bernoulli,drop_0.25,19,361,4,10,hipc_h5_bernoulli_025,C:\Users\lottj\Desktop\research\decentralized benchmark\commitment-horizon-study\reference_core_benchmark_pilot\known_visit_10target_300.csv,4,1,18,0.1698675196240617,0.1698675196240617,03,03,1,0,True,completed
244,known_visit,HIPC,bernoulli,drop_0.25,19,361,4,10,hipc_h5_bernoulli_025,C:\Users\lottj\Desktop\research\decentralized benchmark\commitment-horizon-study\reference_core_benchmark_pilot\known_visit_10target_300.csv,5,5,6,7.171681476309935,7.171681476309935,01,01,2,1,True,completed
244,known_visit,HIPC,bernoulli,drop_0.25,19,361,4,10,hipc_h5_bernoulli_025,C:\Users\lottj\Desktop\research\decentralized benchmark\commitment-horizon-study\reference_core_benchmark_pilot\known_visit_10target_300.csv,6,16,10,29.4270734436863,29.4270734436863,02,02,1,0,True,completed
244,known_visit,HIPC,bernoulli,drop_0.25,19,361,4,10,hipc_h5_bernoulli_025,C:\Users\lottj\Desktop\research\decentralized benchmark\commitment-horizon-study\reference_core_benchmark_pilot\known_visit_10target_300.csv,7,9,5,15.92520694593851,15.92520694593851,01,01,1,0,True,completed
244,known_visit,HIPC,bernoulli,drop_0.25,19,361,4,10,hipc_h5_bernoulli_025,C:\Users\lottj\Desktop\research\decentralized benchmark\commitment-horizon-study\reference_core_benchmark_pilot\known_visit_10target_300.csv,8,10,16,41.33967276355157,41.33967276355157,01,01,1,0,True,completed
244,known_visit,HIPC,bernoulli,drop_0.25,19,361,4,10,hipc_h5_bernoulli_025,C:\Users\lottj\Desktop\research\decentralized benchmark\commitment-horizon-study\reference_core_benchmark_pilot\known_visit_10target_300.csv,9,17,11,33.3763779782412,33.3763779782412,02,02,2,1,True,completed
244,known_visit,HIPC,bernoulli,drop_0.25,19,361,4,10,hipc_h5_bernoulli_025,C:\Users\lottj\Desktop\research\decentralized benchmark\commitment-horizon-study\reference_core_benchmark_pilot\known_visit_10target_300.csv,10,9,9,27.14806274167296,27.14806274167296,01,01,1,0,True,completed
245,known_visit,HIPC,bernoulli,drop_0.25,19,361,4,10,hipc_h5_bernoulli_025,C:\Users\lottj\Desktop\research\decentralized benchmark\commitment-horizon-study\reference_core_benchmark_pilot\known_visit_10target_300.csv,1,5,4,22.048227594140474,22.048227594140474,01,01,2,1,True,completed
245,known_visit,HIPC,bernoulli,drop_0.25,19,361,4,10,hipc_h5_bernoulli_025,C:\Users\lottj\Desktop\research\decentralized benchmark\commitment-horizon-study\reference_core_benchmark_pilot\known_visit_10target_300.csv,2,6,7,10.785249039852665,10.785249039852665,01,01,1,0,True,completed
245,known_visit,HIPC,bernoulli,drop_0.25,19,361,4,10,hipc_h5_bernoulli_025,C:\Users\lottj\Desktop\research\decentralized benchmark\commitment-horizon-study\reference_core_benchmark_pilot\known_visit_10target_300.csv,3,9,9,19.092732865408646,19.092732865408646,02,02,1,0,True,completed
245,known_visit,HIPC,bernoulli,drop_0.25,19,361,4,10,hipc_h5_bernoulli_025,C:\Users\lottj\Desktop\research\decentralized benchmark\commitment-horizon-study\reference_core_benchmark_pilot\known_visit_10target_300.csv,4,17,14,49.663895234009956,49.663895234009956,02,02,1,0,True,completed
245,known_visit,HIPC,bernoulli,drop_0.25,19,361,4,10,hipc_h5_bernoulli_025,C:\Users\lottj\Desktop\research\decentralized benchmark\commitment-horizon-study\reference_core_benchmark_pilot\known_visit_10target_300.csv,5,8,5,33.1233165652082,33.1233165652082,01,01,1,0,True,completed
245,known_visit,HIPC,bernoulli,drop_0.25,19,361,4,10,hipc_h5_bernoulli_025,C:\Users\lottj\Desktop\research\decentralized benchmark\commitment-horizon-study\reference_core_benchmark_pilot\known_visit_10target_300.csv,6,16,5,54.93468270971879,54.93468270971879,01,01,1,0,True,completed
245,known_visit,HIPC,bernoulli,drop_0.25,19,361,4,10,hipc_h5_bernoulli_025,C:\Users\lottj\Desktop\research\decentralized benchmark\commitment-horizon-study\reference_core_benchmark_pilot\known_visit_10target_300.csv,7,13,12,39.20179612508019,39.20179612508019,02,02,1,0,True,completed
245,known_visit,HIPC,bernoulli,drop_0.25,19,361,4,10,hipc_h5_bernoulli_025,C:\Users\lottj\Desktop\research\decentralized benchmark\commitment-horizon-study\reference_core_benchmark_pilot\known_visit_10target_300.csv,8,10,8,22.911932612073354,22.911932612073354,02,02,1,0,True,completed
245,known_visit,HIPC,bernoulli,drop_0.25,19,361,4,10,hipc_h5_bernoulli_025,C:\Users\lottj\Desktop\research\decentralized benchmark\commitment-horizon-study\reference_core_benchmark_pilot\known_visit_10target_300.csv,9,9,3,38.833944207055445,38.833944207055445,01,01,1,0,True,completed
245,known_visit,HIPC,bernoulli,drop_0.25,19,361,4,10,hipc_h5_bernoulli_025,C:\Users\lottj\Desktop\research\decentralized benchmark\commitment-horizon-study\reference_core_benchmark_pilot\known_visit_10target_300.csv,10,10,7,24.952450889303606,24.952450889303606,02,02,1,0,True,completed
246,known_visit,HIPC,bernoulli,drop_0.25,19,361,4,10,hipc_h5_bernoulli_025,C:\Users\lottj\Desktop\research\decentralized benchmark\commitment-horizon-study\reference_core_benchmark_pilot\known_visit_10target_300.csv,1,5,15,12.517538224737157,12.517538224737157,03,03,2,1,True,completed
246,known_visit,HIPC,bernoulli,drop_0.25,19,361,4,10,hipc_h5_bernoulli_025,C:\Users\lottj\Desktop\research\decentralized benchmark\commitment-horizon-study\reference_core_benchmark_pilot\known_visit_10target_300.csv,2,2,18,1.842235635256114,1.842235635256114,03,03,1,0,True,completed
246,known_visit,HIPC,bernoulli,drop_0.25,19,361,4,10,hipc_h5_bernoulli_025,C:\Users\lottj\Desktop\research\decentralized benchmark\commitment-horizon-study\reference_core_benchmark_pilot\known_visit_10target_300.csv,3,1,0,0.2478804427675539,0.2478804427675539,00,00,1,0,True,completed
246,known_visit,HIPC,bernoulli,drop_0.25,19,361,4,10,hipc_h5_bernoulli_025,C:\Users\lottj\Desktop\research\decentralized benchmark\commitment-horizon-study\reference_core_benchmark_pilot\known_visit_10target_300.csv,4,5,2,10.794729028193217,10.794729028193217,00,00,1,0,True,completed
246,known_visit,HIPC,bernoulli,drop_0.25,19,361,4,10,hipc_h5_bernoulli_025,C:\Users\lottj\Desktop\research\decentralized benchmark\commitment-horizon-study\reference_core_benchmark_pilot\known_visit_10target_300.csv,5,18,17,38.61418095107801,38.61418095107801,03,03,1,0,True,completed
246,known_visit,HIPC,bernoulli,drop_0.25,19,361,4,10,hipc_h5_bernoulli_025,C:\Users\lottj\Desktop\research\decentralized benchmark\commitment-horizon-study\reference_core_benchmark_pilot\known_visit_10target_300.csv,6,17,8,42.10035964137915,42.10035964137915,00,00,1,0,True,completed
246,known_visit,HIPC,bernoulli,drop_0.25,19,361,4,10,hipc_h5_bernoulli_025,C:\Users\lottj\Desktop\research\decentralized benchmark\commitment-horizon-study\reference_core_benchmark_pilot\known_visit_10target_300.csv,7,7,8,24.97230127543778,24.97230127543778,00,00,1,0,True,completed
246,known_visit,HIPC,bernoulli,drop_0.25,19,361,4,10,hipc_h5_bernoulli_025,C:\Users\lottj\Desktop\research\decentralized benchmark\commitment-horizon-study\reference_core_benchmark_pilot\known_visit_10target_300.csv,8,15,8,38.602716945989584,38.602716945989584,00,00,1,0,True,completed
246,known_visit,HIPC,bernoulli,drop_0.25,19,361,4,10,hipc_h5_bernoulli_025,C:\Users\lottj\Desktop\research\decentralized benchmark\commitment-horizon-study\reference_core_benchmark_pilot\known_visit_10target_300.csv,9,18,0,57.42197492646102,57.42197492646102,00,00,1,0,True,completed
246,known_visit,HIPC,bernoulli,drop_0.25,19,361,4,10,hipc_h5_bernoulli_025,C:\Users\lottj\Desktop\research\decentralized benchmark\commitment-horizon-study\reference_core_benchmark_pilot\known_visit_10target_300.csv,10,6,2,12.75293864819607,12.75293864819607,00,00,1,0,True,completed
247,known_visit,HIPC,bernoulli,drop_0.25,19,361,4,10,hipc_h5_bernoulli_025,C:\Users\lottj\Desktop\research\decentralized benchmark\commitment-horizon-study\reference_core_benchmark_pilot\known_visit_10target_300.csv,1,12,16,26.59484511492742,26.59484511492742,03,03,1,0,True,completed
247,known_visit,HIPC,bernoulli,drop_0.25,19,361,4,10,hipc_h5_bernoulli_025,C:\Users\lottj\Desktop\research\decentralized benchmark\commitment-horizon-study\reference_core_benchmark_pilot\known_visit_10target_300.csv,2,8,0,23.31085470614668,23.31085470614668,00,00,1,0,True,completed
247,known_visit,HIPC,bernoulli,drop_0.25,19,361,4,10,hipc_h5_bernoulli_025,C:\Users\lottj\Desktop\research\decentralized benchmark\commitment-horizon-study\reference_core_benchmark_pilot\known_visit_10target_300.csv,3,18,7,52.333803833611476,52.333803833611476,03,03,1,0,True,completed
247,known_visit,HIPC,bernoulli,drop_0.25,19,361,4,10,hipc_h5_bernoulli_025,C:\Users\lottj\Desktop\research\decentralized benchmark\commitment-horizon-study\reference_core_benchmark_pilot\known_visit_10target_300.csv,4,2,3,7.267251190635671,7.267251190635671,00,00,1,0,True,completed
247,known_visit,HIPC,bernoulli,drop_0.25,19,361,4,10,hipc_h5_bernoulli_025,C:\Users\lottj\Desktop\research\decentralized benchmark\commitment-horizon-study\reference_core_benchmark_pilot\known_visit_10target_300.csv,5,10,4,34.1875323151986,34.1875323151986,00,00,1,0,True,completed
247,known_visit,HIPC,bernoulli,drop_0.25,19,361,4,10,hipc_h5_bernoulli_025,C:\Users\lottj\Desktop\research\decentralized benchmark\commitment-horizon-study\reference_core_benchmark_pilot\known_visit_10target_300.csv,6,9,7,23.657961470887336,23.657961470887336,01,01,1,0,True,completed
247,known_visit,HIPC,bernoulli,drop_0.25,19,361,4,10,hipc_h5_bernoulli_025,C:\Users\lottj\Desktop\research\decentralized benchmark\commitment-horizon-study\reference_core_benchmark_pilot\known_visit_10target_300.csv,7,9,5,15.75471234772661,15.75471234772661,01,01,1,0,True,completed
247,known_visit,HIPC,bernoulli,drop_0.25,19,361,4,10,hipc_h5_bernoulli_025,C:\Users\lottj\Desktop\research\decentralized benchmark\commitment-horizon-study\reference_core_benchmark_pilot\known_visit_10target_300.csv,8,18,13,42.328492450958805,42.328492450958805,03,03,1,0,True,completed
247,known_visit,HIPC,bernoulli,drop_0.25,19,361,4,10,hipc_h5_bernoulli_025,C:\Users\lottj\Desktop\research\decentralized benchmark\commitment-horizon-study\reference_core_benchmark_pilot\known_visit_10target_300.csv,9,1,15,5.463510372232973,5.463510372232973,03,03,2,1,True,completed
247,known_visit,HIPC,bernoulli,drop_0.25,19,361,4,10,hipc_h5_bernoulli_025,C:\Users\lottj\Desktop\research\decentralized benchmark\commitment-horizon-study\reference_core_benchmark_pilot\known_visit_10target_300.csv,10,8,9,29.210809940463605,29.210809940463605,01,01,1,0,True,completed
248,known_visit,HIPC,bernoulli,drop_0.25,19,361,4,10,hipc_h5_bernoulli_025,C:\Users\lottj\Desktop\research\decentralized benchmark\commitment-horizon-study\reference_core_benchmark_pilot\known_visit_10target_300.csv,1,4,12,9.874515952573342,9.874515952573342,02,02,1,0,True,completed
248,known_visit,HIPC,bernoulli,drop_0.25,19,361,4,10,hipc_h5_bernoulli_025,C:\Users\lottj\Desktop\research\decentralized benchmark\commitment-horizon-study\reference_core_benchmark_pilot\known_visit_10target_300.csv,2,8,2,19.602379950103195,19.602379950103195,00,00,1,0,True,completed
248,known_visit,HIPC,bernoulli,drop_0.25,19,361,4,10,hipc_h5_bernoulli_025,C:\Users\lottj\Desktop\research\decentralized benchmark\commitment-horizon-study\reference_core_benchmark_pilot\known_visit_10target_300.csv,3,5,11,13.941162450108786,13.941162450108786,02,02,1,0,True,completed
248,known_visit,HIPC,bernoulli,drop_0.25,19,361,4,10,hipc_h5_bernoulli_025,C:\Users\lottj\Desktop\research\decentralized benchmark\commitment-horizon-study\reference_core_benchmark_pilot\known_visit_10target_300.csv,4,13,13,39.772441190752176,39.772441190752176,02,02,1,0,True,completed
248,known_visit,HIPC,bernoulli,drop_0.25,19,361,4,10,hipc_h5_bernoulli_025,C:\Users\lottj\Desktop\research\decentralized benchmark\commitment-horizon-study\reference_core_benchmark_pilot\known_visit_10target_300.csv,5,9,14,26.57601556747065,26.57601556747065,02,02,1,0,True,completed
248,known_visit,HIPC,bernoulli,drop_0.25,19,361,4,10,hipc_h5_bernoulli_025,C:\Users\lottj\Desktop\research\decentralized benchmark\commitment-horizon-study\reference_core_benchmark_pilot\known_visit_10target_300.csv,6,2,11,4.015669032673267,4.015669032673267,02,02,2,1,True,completed
248,known_visit,HIPC,bernoulli,drop_0.25,19,361,4,10,hipc_h5_bernoulli_025,C:\Users\lottj\Desktop\research\decentralized benchmark\commitment-horizon-study\reference_core_benchmark_pilot\known_visit_10target_300.csv,7,6,3,14.307137121124544,14.307137121124544,00,00,1,0,True,completed
248,known_visit,HIPC,bernoulli,drop_0.25,19,361,4,10,hipc_h5_bernoulli_025,C:\Users\lottj\Desktop\research\decentralized benchmark\commitment-horizon-study\reference_core_benchmark_pilot\known_visit_10target_300.csv,8,4,2,8.841427178633294,8.841427178633294,00,00,1,0,True,completed
248,known_visit,HIPC,bernoulli,drop_0.25,19,361,4,10,hipc_h5_bernoulli_025,C:\Users\lottj\Desktop\research\decentralized benchmark\commitment-horizon-study\reference_core_benchmark_pilot\known_visit_10target_300.csv,9,2,16,5.59052378781238,5.59052378781238,03,03,1,0,True,completed
248,known_visit,HIPC,bernoulli,drop_0.25,19,361,4,10,hipc_h5_bernoulli_025,C:\Users\lottj\Desktop\research\decentralized benchmark\commitment-horizon-study\reference_core_benchmark_pilot\known_visit_10target_300.csv,10,12,12,35.665874554370895,35.665874554370895,02,02,1,0,True,completed
249,known_visit,HIPC,bernoulli,drop_0.25,19,361,4,10,hipc_h5_bernoulli_025,C:\Users\lottj\Desktop\research\decentralized benchmark\commitment-horizon-study\reference_core_benchmark_pilot\known_visit_10target_300.csv,1,15,8,34.72599019934792,34.72599019934792,02,02,1,0,True,completed
249,known_visit,HIPC,bernoulli,drop_0.25,19,361,4,10,hipc_h5_bernoulli_025,C:\Users\lottj\Desktop\research\decentralized benchmark\commitment-horizon-study\reference_core_benchmark_pilot\known_visit_10target_300.csv,2,14,4,54.776535153020966,54.776535153020966,02,02,1,0,True,completed
249,known_visit,HIPC,bernoulli,drop_0.25,19,361,4,10,hipc_h5_bernoulli_025,C:\Users\lottj\Desktop\research\decentralized benchmark\commitment-horizon-study\reference_core_benchmark_pilot\known_visit_10target_300.csv,3,1,8,3.8904596256115997,3.8904596256115997,01,01,1,0,True,completed
249,known_visit,HIPC,bernoulli,drop_0.25,19,361,4,10,hipc_h5_bernoulli_025,C:\Users\lottj\Desktop\research\decentralized benchmark\commitment-horizon-study\reference_core_benchmark_pilot\known_visit_10target_300.csv,4,11,6,45.58666890569072,45.58666890569072,02,02,1,0,True,completed
249,known_visit,HIPC,bernoulli,drop_0.25,19,361,4,10,hipc_h5_bernoulli_025,C:\Users\lottj\Desktop\research\decentralized benchmark\commitment-horizon-study\reference_core_benchmark_pilot\known_visit_10target_300.csv,5,1,17,2.1287614235477665,2.1287614235477665,03,03,1,0,True,completed
249,known_visit,HIPC,bernoulli,drop_0.25,19,361,4,10,hipc_h5_bernoulli_025,C:\Users\lottj\Desktop\research\decentralized benchmark\commitment-horizon-study\reference_core_benchmark_pilot\known_visit_10target_300.csv,6,16,11,27.81891927086722,27.81891927086722,02,02,1,0,True,completed
249,known_visit,HIPC,bernoulli,drop_0.25,19,361,4,10,hipc_h5_bernoulli_025,C:\Users\lottj\Desktop\research\decentralized benchmark\commitment-horizon-study\reference_core_benchmark_pilot\known_visit_10target_300.csv,7,6,18,12.876763668237126,12.876763668237126,03,03,1,0,True,completed
249,known_visit,HIPC,bernoulli,drop_0.25,19,361,4,10,hipc_h5_bernoulli_025,C:\Users\lottj\Desktop\research\decentralized benchmark\commitment-horizon-study\reference_core_benchmark_pilot\known_visit_10target_300.csv,8,15,7,36.63038467166168,36.63038467166168,02,02,1,0,True,completed
249,known_visit,HIPC,bernoulli,drop_0.25,19,361,4,10,hipc_h5_bernoulli_025,C:\Users\lottj\Desktop\research\decentralized benchmark\commitment-horizon-study\reference_core_benchmark_pilot\known_visit_10target_300.csv,9,17,0,27.543048759588235,27.543048759588235,00,00,1,0,True,completed
249,known_visit,HIPC,bernoulli,drop_0.25,19,361,4,10,hipc_h5_bernoulli_025,C:\Users\lottj\Desktop\research\decentralized benchmark\commitment-horizon-study\reference_core_benchmark_pilot\known_visit_10target_300.csv,10,12,0,19.131876927161787,19.131876927161787,00,00,1,0,True,completed
250,known_visit,HIPC,bernoulli,drop_0.25,19,361,4,10,hipc_h5_bernoulli_025,C:\Users\lottj\Desktop\research\decentralized benchmark\commitment-horizon-study\reference_core_benchmark_pilot\known_visit_10target_300.csv,1,5,0,14.782443415044256,14.782443415044256,00,00,1,0,True,completed
250,known_visit,HIPC,bernoulli,drop_0.25,19,361,4,10,hipc_h5_bernoulli_025,C:\Users\lottj\Desktop\research\decentralized benchmark\commitment-horizon-study\reference_core_benchmark_pilot\known_visit_10target_300.csv,2,6,17,10.737103462515607,10.737103462515607,03,03,1,0,True,completed
250,known_visit,HIPC,bernoulli,drop_0.25,19,361,4,10,hipc_h5_bernoulli_025,C:\Users\lottj\Desktop\research\decentralized benchmark\commitment-horizon-study\reference_core_benchmark_pilot\known_visit_10target_300.csv,3,6,7,17.815494327736058,17.815494327736058,01,01,1,0,True,completed
250,known_visit,HIPC,bernoulli,drop_0.25,19,361,4,10,hipc_h5_bernoulli_025,C:\Users\lottj\Desktop\research\decentralized benchmark\commitment-horizon-study\reference_core_benchmark_pilot\known_visit_10target_300.csv,4,2,2,5.727191384073362,5.727191384073362,00,00,1,0,True,completed
250,known_visit,HIPC,bernoulli,drop_0.25,19,361,4,10,hipc_h5_bernoulli_025,C:\Users\lottj\Desktop\research\decentralized benchmark\commitment-horizon-study\reference_core_benchmark_pilot\known_visit_10target_300.csv,5,18,17,31.715755163938578,31.715755163938578,03,03,1,0,True,completed
250,known_visit,HIPC,bernoulli,drop_0.25,19,361,4,10,hipc_h5_bernoulli_025,C:\Users\lottj\Desktop\research\decentralized benchmark\commitment-horizon-study\reference_core_benchmark_pilot\known_visit_10target_300.csv,6,10,8,26.653391903495624,26.653391903495624,01,01,1,0,True,completed
250,known_visit,HIPC,bernoulli,drop_0.25,19,361,4,10,hipc_h5_bernoulli_025,C:\Users\lottj\Desktop\research\decentralized benchmark\commitment-horizon-study\reference_core_benchmark_pilot\known_visit_10target_300.csv,7,12,8,30.109145971159233,30.109145971159233,01,01,1,0,True,completed
250,known_visit,HIPC,bernoulli,drop_0.25,19,361,4,10,hipc_h5_bernoulli_025,C:\Users\lottj\Desktop\research\decentralized benchmark\commitment-horizon-study\reference_core_benchmark_pilot\known_visit_10target_300.csv,8,17,14,39.16169102697514,39.16169102697514,03,03,1,0,True,completed
250,known_visit,HIPC,bernoulli,drop_0.25,19,361,4,10,hipc_h5_bernoulli_025,C:\Users\lottj\Desktop\research\decentralized benchmark\commitment-horizon-study\reference_core_benchmark_pilot\known_visit_10target_300.csv,9,14,17,24.847787314192246,24.847787314192246,03,03,1,0,True,completed
250,known_visit,HIPC,bernoulli,drop_0.25,19,361,4,10,hipc_h5_bernoulli_025,C:\Users\lottj\Desktop\research\decentralized benchmark\commitment-horizon-study\reference_core_benchmark_pilot\known_visit_10target_300.csv,10,16,7,38.978756790075195,38.978756790075195,01,01,1,0,True,completed
251,known_visit,HIPC,bernoulli,drop_0.25,19,361,4,10,hipc_h5_bernoulli_025,C:\Users\lottj\Desktop\research\decentralized benchmark\commitment-horizon-study\reference_core_benchmark_pilot\known_visit_10target_300.csv,1,6,1,10.403921896315158,10.403921896315158,00,00,1,0,True,completed
251,known_visit,HIPC,bernoulli,drop_0.25,19,361,4,10,hipc_h5_bernoulli_025,C:\Users\lottj\Desktop\research\decentralized benchmark\commitment-horizon-study\reference_core_benchmark_pilot\known_visit_10target_300.csv,2,15,6,34.822308161207765,34.822308161207765,00,00,2,1,True,completed
251,known_visit,HIPC,bernoulli,drop_0.25,19,361,4,10,hipc_h5_bernoulli_025,C:\Users\lottj\Desktop\research\decentralized benchmark\commitment-horizon-study\reference_core_benchmark_pilot\known_visit_10target_300.csv,3,16,18,57.40350926503391,57.40350926503391,00,00,1,0,True,completed
251,known_visit,HIPC,bernoulli,drop_0.25,19,361,4,10,hipc_h5_bernoulli_025,C:\Users\lottj\Desktop\research\decentralized benchmark\commitment-horizon-study\reference_core_benchmark_pilot\known_visit_10target_300.csv,4,1,14,3.815634694025904,3.815634694025904,02,02,1,0,True,completed
251,known_visit,HIPC,bernoulli,drop_0.25,19,361,4,10,hipc_h5_bernoulli_025,C:\Users\lottj\Desktop\research\decentralized benchmark\commitment-horizon-study\reference_core_benchmark_pilot\known_visit_10target_300.csv,5,15,3,29.54905076330609,29.54905076330609,00,00,2,1,True,completed
251,known_visit,HIPC,bernoulli,drop_0.25,19,361,4,10,hipc_h5_bernoulli_025,C:\Users\lottj\Desktop\research\decentralized benchmark\commitment-horizon-study\reference_core_benchmark_pilot\known_visit_10target_300.csv,6,1,7,2.1658966662811134,2.1658966662811134,01,01,1,0,True,completed
251,known_visit,HIPC,bernoulli,drop_0.25,19,361,4,10,hipc_h5_bernoulli_025,C:\Users\lottj\Desktop\research\decentralized benchmark\commitment-horizon-study\reference_core_benchmark_pilot\known_visit_10target_300.csv,7,4,16,12.655912054268482,12.655912054268482,02,02,1,0,True,completed
251,known_visit,HIPC,bernoulli,drop_0.25,19,361,4,10,hipc_h5_bernoulli_025,C:\Users\lottj\Desktop\research\decentralized benchmark\commitment-horizon-study\reference_core_benchmark_pilot\known_visit_10target_300.csv,8,10,1,17.398331864897294,17.398331864897294,00,00,1,0,True,completed
251,known_visit,HIPC,bernoulli,drop_0.25,19,361,4,10,hipc_h5_bernoulli_025,C:\Users\lottj\Desktop\research\decentralized benchmark\commitment-horizon-study\reference_core_benchmark_pilot\known_visit_10target_300.csv,9,10,10,30.076192605288607,30.076192605288607,03,03,1,0,True,completed
251,known_visit,HIPC,bernoulli,drop_0.25,19,361,4,10,hipc_h5_bernoulli_025,C:\Users\lottj\Desktop\research\decentralized benchmark\commitment-horizon-study\reference_core_benchmark_pilot\known_visit_10target_300.csv,10,7,11,22.86599461098613,22.86599461098613,03,03,1,0,True,completed
252,known_visit,HIPC,bernoulli,drop_0.25,19,361,4,10,hipc_h5_bernoulli_025,C:\Users\lottj\Desktop\research\decentralized benchmark\commitment-horizon-study\reference_core_benchmark_pilot\known_visit_10target_300.csv,1,12,7,31.863536541675355,31.863536541675355,01,01,1,0,True,completed
252,known_visit,HIPC,bernoulli,drop_0.25,19,361,4,10,hipc_h5_bernoulli_025,C:\Users\lottj\Desktop\research\decentralized benchmark\commitment-horizon-study\reference_core_benchmark_pilot\known_visit_10target_300.csv,2,16,15,86.83074520023831,86.83074520023831,01,01,1,0,True,completed
252,known_visit,HIPC,bernoulli,drop_0.25,19,361,4,10,hipc_h5_bernoulli_025,C:\Users\lottj\Desktop\research\decentralized benchmark\commitment-horizon-study\reference_core_benchmark_pilot\known_visit_10target_300.csv,3,3,6,3.458853275102504,3.458853275102504,01,01,1,0,True,completed
252,known_visit,HIPC,bernoulli,drop_0.25,19,361,4,10,hipc_h5_bernoulli_025,C:\Users\lottj\Desktop\research\decentralized benchmark\commitment-horizon-study\reference_core_benchmark_pilot\known_visit_10target_300.csv,4,17,6,67.0364582400918,67.0364582400918,02,02,1,0,True,completed
252,known_visit,HIPC,bernoulli,drop_0.25,19,361,4,10,hipc_h5_bernoulli_025,C:\Users\lottj\Desktop\research\decentralized benchmark\commitment-horizon-study\reference_core_benchmark_pilot\known_visit_10target_300.csv,5,10,8,29.946488283071073,29.946488283071073,02,02,1,0,True,completed
252,known_visit,HIPC,bernoulli,drop_0.25,19,361,4,10,hipc_h5_bernoulli_025,C:\Users\lottj\Desktop\research\decentralized benchmark\commitment-horizon-study\reference_core_benchmark_pilot\known_visit_10target_300.csv,6,9,14,17.569960014417287,17.569960014417287,02,02,2,1,True,completed
252,known_visit,HIPC,bernoulli,drop_0.25,19,361,4,10,hipc_h5_bernoulli_025,C:\Users\lottj\Desktop\research\decentralized benchmark\commitment-horizon-study\reference_core_benchmark_pilot\known_visit_10target_300.csv,7,6,13,10.694145372447872,10.694145372447872,02,02,1,0,True,completed
252,known_visit,HIPC,bernoulli,drop_0.25,19,361,4,10,hipc_h5_bernoulli_025,C:\Users\lottj\Desktop\research\decentralized benchmark\commitment-horizon-study\reference_core_benchmark_pilot\known_visit_10target_300.csv,8,4,12,5.314670230521376,5.314670230521376,02,02,1,0,True,completed
252,known_visit,HIPC,bernoulli,drop_0.25,19,361,4,10,hipc_h5_bernoulli_025,C:\Users\lottj\Desktop\research\decentralized benchmark\commitment-horizon-study\reference_core_benchmark_pilot\known_visit_10target_300.csv,9,6,3,14.053145191202084,14.053145191202084,01,01,1,0,True,completed
252,known_visit,HIPC,bernoulli,drop_0.25,19,361,4,10,hipc_h5_bernoulli_025,C:\Users\lottj\Desktop\research\decentralized benchmark\commitment-horizon-study\reference_core_benchmark_pilot\known_visit_10target_300.csv,10,9,11,22.810824246048718,22.810824246048718,02,02,1,0,True,completed
253,known_visit,HIPC,bernoulli,drop_0.25,19,361,4,10,hipc_h5_bernoulli_025,C:\Users\lottj\Desktop\research\decentralized benchmark\commitment-horizon-study\reference_core_benchmark_pilot\known_visit_10target_300.csv,1,3,10,14.741356294858367,14.741356294858367,02,02,1,0,True,completed
253,known_visit,HIPC,bernoulli,drop_0.25,19,361,4,10,hipc_h5_bernoulli_025,C:\Users\lottj\Desktop\research\decentralized benchmark\commitment-horizon-study\reference_core_benchmark_pilot\known_visit_10target_300.csv,2,11,4,29.09734966193099,29.09734966193099,00,00,1,0,True,completed
253,known_visit,HIPC,bernoulli,drop_0.25,19,361,4,10,hipc_h5_bernoulli_025,C:\Users\lottj\Desktop\research\decentralized benchmark\commitment-horizon-study\reference_core_benchmark_pilot\known_visit_10target_300.csv,3,3,14,7.586140764490336,7.586140764490336,02,02,1,0,True,completed
253,known_visit,HIPC,bernoulli,drop_0.25,19,361,4,10,hipc_h5_bernoulli_025,C:\Users\lottj\Desktop\research\decentralized benchmark\commitment-horizon-study\reference_core_benchmark_pilot\known_visit_10target_300.csv,4,8,1,18.02024071234724,18.02024071234724,00,00,1,0,True,completed
253,known_visit,HIPC,bernoulli,drop_0.25,19,361,4,10,hipc_h5_bernoulli_025,C:\Users\lottj\Desktop\research\decentralized benchmark\commitment-horizon-study\reference_core_benchmark_pilot\known_visit_10target_300.csv,5,6,6,45.67203629178412,45.67203629178412,00,00,1,0,True,completed
253,known_visit,HIPC,bernoulli,drop_0.25,19,361,4,10,hipc_h5_bernoulli_025,C:\Users\lottj\Desktop\research\decentralized benchmark\commitment-horizon-study\reference_core_benchmark_pilot\known_visit_10target_300.csv,6,0,13,0.5173926297526869,0.5173926297526869,02,02,1,0,True,completed
253,known_visit,HIPC,bernoulli,drop_0.25,19,361,4,10,hipc_h5_bernoulli_025,C:\Users\lottj\Desktop\research\decentralized benchmark\commitment-horizon-study\reference_core_benchmark_pilot\known_visit_10target_300.csv,7,8,10,23.323523992207917,23.323523992207917,02,02,1,0,True,completed
253,known_visit,HIPC,bernoulli,drop_0.25,19,361,4,10,hipc_h5_bernoulli_025,C:\Users\lottj\Desktop\research\decentralized benchmark\commitment-horizon-study\reference_core_benchmark_pilot\known_visit_10target_300.csv,8,16,0,54.644343025146775,54.644343025146775,02,02,1,0,True,completed
253,known_visit,HIPC,bernoulli,drop_0.25,19,361,4,10,hipc_h5_bernoulli_025,C:\Users\lottj\Desktop\research\decentralized benchmark\commitment-horizon-study\reference_core_benchmark_pilot\known_visit_10target_300.csv,9,10,6,33.564632566615565,33.564632566615565,02,02,1,0,True,completed
253,known_visit,HIPC,bernoulli,drop_0.25,19,361,4,10,hipc_h5_bernoulli_025,C:\Users\lottj\Desktop\research\decentralized benchmark\commitment-horizon-study\reference_core_benchmark_pilot\known_visit_10target_300.csv,10,4,2,8.960410823493502,8.960410823493502,00,00,1,0,True,completed
254,known_visit,HIPC,bernoulli,drop_0.25,19,361,4,10,hipc_h5_bernoulli_025,C:\Users\lottj\Desktop\research\decentralized benchmark\commitment-horizon-study\reference_core_benchmark_pilot\known_visit_10target_300.csv,1,7,8,18.047653507695042,18.047653507695042,02,02,1,0,True,completed
254,known_visit,HIPC,bernoulli,drop_0.25,19,361,4,10,hipc_h5_bernoulli_025,C:\Users\lottj\Desktop\research\decentralized benchmark\commitment-horizon-study\reference_core_benchmark_pilot\known_visit_10target_300.csv,2,13,2,36.21165295007877,36.21165295007877,00,00,1,0,True,completed
254,known_visit,HIPC,bernoulli,drop_0.25,19,361,4,10,hipc_h5_bernoulli_025,C:\Users\lottj\Desktop\research\decentralized benchmark\commitment-horizon-study\reference_core_benchmark_pilot\known_visit_10target_300.csv,3,18,4,48.23336203014654,48.23336203014654,00,00,1,0,True,completed
254,known_visit,HIPC,bernoulli,drop_0.25,19,361,4,10,hipc_h5_bernoulli_025,C:\Users\lottj\Desktop\research\decentralized benchmark\commitment-horizon-study\reference_core_benchmark_pilot\known_visit_10target_300.csv,4,9,3,27.343666296277725,27.343666296277725,00,00,1,0,True,completed
254,known_visit,HIPC,bernoulli,drop_0.25,19,361,4,10,hipc_h5_bernoulli_025,C:\Users\lottj\Desktop\research\decentralized benchmark\commitment-horizon-study\reference_core_benchmark_pilot\known_visit_10target_300.csv,5,17,11,62.32772895577443,62.32772895577443,00,00,1,0,True,completed
254,known_visit,HIPC,bernoulli,drop_0.25,19,361,4,10,hipc_h5_bernoulli_025,C:\Users\lottj\Desktop\research\decentralized benchmark\commitment-horizon-study\reference_core_benchmark_pilot\known_visit_10target_300.csv,6,8,0,12.102785008472763,12.102785008472763,00,00,1,0,True,completed
254,known_visit,HIPC,bernoulli,drop_0.25,19,361,4,10,hipc_h5_bernoulli_025,C:\Users\lottj\Desktop\research\decentralized benchmark\commitment-horizon-study\reference_core_benchmark_pilot\known_visit_10target_300.csv,7,16,9,67.84489706905826,67.84489706905826,00,00,1,0,True,completed
254,known_visit,HIPC,bernoulli,drop_0.25,19,361,4,10,hipc_h5_bernoulli_025,C:\Users\lottj\Desktop\research\decentralized benchmark\commitment-horizon-study\reference_core_benchmark_pilot\known_visit_10target_300.csv,8,6,14,15.825283805336134,15.825283805336134,03,03,1,0,True,completed
254,known_visit,HIPC,bernoulli,drop_0.25,19,361,4,10,hipc_h5_bernoulli_025,C:\Users\lottj\Desktop\research\decentralized benchmark\commitment-horizon-study\reference_core_benchmark_pilot\known_visit_10target_300.csv,9,4,11,7.499975897306219,7.499975897306219,02,02,2,1,True,completed
254,known_visit,HIPC,bernoulli,drop_0.25,19,361,4,10,hipc_h5_bernoulli_025,C:\Users\lottj\Desktop\research\decentralized benchmark\commitment-horizon-study\reference_core_benchmark_pilot\known_visit_10target_300.csv,10,7,3,19.515780117354865,19.515780117354865,00,00,1,0,True,completed
255,known_visit,HIPC,bernoulli,drop_0.25,19,361,4,10,hipc_h5_bernoulli_025,C:\Users\lottj\Desktop\research\decentralized benchmark\commitment-horizon-study\reference_core_benchmark_pilot\known_visit_10target_300.csv,1,6,14,12.725333739505698,12.725333739505698,02,02,1,0,True,completed
255,known_visit,HIPC,bernoulli,drop_0.25,19,361,4,10,hipc_h5_bernoulli_025,C:\Users\lottj\Desktop\research\decentralized benchmark\commitment-horizon-study\reference_core_benchmark_pilot\known_visit_10target_300.csv,2,14,6,41.299511627430235,41.299511627430235,02,02,1,0,True,completed
255,known_visit,HIPC,bernoulli,drop_0.25,19,361,4,10,hipc_h5_bernoulli_025,C:\Users\lottj\Desktop\research\decentralized benchmark\commitment-horizon-study\reference_core_benchmark_pilot\known_visit_10target_300.csv,3,11,13,23.609704038776176,23.609704038776176,02,02,1,0,True,completed
255,known_visit,HIPC,bernoulli,drop_0.25,19,361,4,10,hipc_h5_bernoulli_025,C:\Users\lottj\Desktop\research\decentralized benchmark\commitment-horizon-study\reference_core_benchmark_pilot\known_visit_10target_300.csv,4,13,7,37.7188810516842,37.7188810516842,02,02,2,1,True,completed
255,known_visit,HIPC,bernoulli,drop_0.25,19,361,4,10,hipc_h5_bernoulli_025,C:\Users\lottj\Desktop\research\decentralized benchmark\commitment-horizon-study\reference_core_benchmark_pilot\known_visit_10target_300.csv,5,6,7,10.972066038730585,10.972066038730585,01,01,1,0,True,completed
255,known_visit,HIPC,bernoulli,drop_0.25,19,361,4,10,hipc_h5_bernoulli_025,C:\Users\lottj\Desktop\research\decentralized benchmark\commitment-horizon-study\reference_core_benchmark_pilot\known_visit_10target_300.csv,6,18,10,62.5209139163559,62.5209139163559,02,02,1,0,True,completed
255,known_visit,HIPC,bernoulli,drop_0.25,19,361,4,10,hipc_h5_bernoulli_025,C:\Users\lottj\Desktop\research\decentralized benchmark\commitment-horizon-study\reference_core_benchmark_pilot\known_visit_10target_300.csv,7,13,11,30.73804330810375,30.73804330810375,02,02,2,1,True,completed
255,known_visit,HIPC,bernoulli,drop_0.25,19,361,4,10,hipc_h5_bernoulli_025,C:\Users\lottj\Desktop\research\decentralized benchmark\commitment-horizon-study\reference_core_benchmark_pilot\known_visit_10target_300.csv,8,16,12,55.10266847436751,55.10266847436751,02,02,1,0,True,completed
255,known_visit,HIPC,bernoulli,drop_0.25,19,361,4,10,hipc_h5_bernoulli_025,C:\Users\lottj\Desktop\research\decentralized benchmark\commitment-horizon-study\reference_core_benchmark_pilot\known_visit_10target_300.csv,9,11,1,30.586889972649427,30.586889972649427,01,01,1,0,True,completed
255,known_visit,HIPC,bernoulli,drop_0.25,19,361,4,10,hipc_h5_bernoulli_025,C:\Users\lottj\Desktop\research\decentralized benchmark\commitment-horizon-study\reference_core_benchmark_pilot\known_visit_10target_300.csv,10,9,4,21.89279311226842,21.89279311226842,01,01,1,0,True,completed
256,known_visit,HIPC,bernoulli,drop_0.25,19,361,4,10,hipc_h5_bernoulli_025,C:\Users\lottj\Desktop\research\decentralized benchmark\commitment-horizon-study\reference_core_benchmark_pilot\known_visit_10target_300.csv,1,5,14,14.441087556796028,14.441087556796028,02,02,1,0,True,completed
256,known_visit,HIPC,bernoulli,drop_0.25,19,361,4,10,hipc_h5_bernoulli_025,C:\Users\lottj\Desktop\research\decentralized benchmark\commitment-horizon-study\reference_core_benchmark_pilot\known_visit_10target_300.csv,2,13,9,157.04695948021063,157.04695948021063,02,02,1,0,True,completed
256,known_visit,HIPC,bernoulli,drop_0.25,19,361,4,10,hipc_h5_bernoulli_025,C:\Users\lottj\Desktop\research\decentralized benchmark\commitment-horizon-study\reference_core_benchmark_pilot\known_visit_10target_300.csv,3,9,5,30.88235723609345,30.88235723609345,01,01,2,1,True,completed
256,known_visit,HIPC,bernoulli,drop_0.25,19,361,4,10,hipc_h5_bernoulli_025,C:\Users\lottj\Desktop\research\decentralized benchmark\commitment-horizon-study\reference_core_benchmark_pilot\known_visit_10target_300.csv,4,15,6,168.9097766394769,168.9097766394769,00,00,1,0,True,completed
256,known_visit,HIPC,bernoulli,drop_0.25,19,361,4,10,hipc_h5_bernoulli_025,C:\Users\lottj\Desktop\research\decentralized benchmark\commitment-horizon-study\reference_core_benchmark_pilot\known_visit_10target_300.csv,5,2,4,6.012437417419097,6.012437417419097,01,01,2,1,True,completed
256,known_visit,HIPC,bernoulli,drop_0.25,19,361,4,10,hipc_h5_bernoulli_025,C:\Users\lottj\Desktop\research\decentralized benchmark\commitment-horizon-study\reference_core_benchmark_pilot\known_visit_10target_300.csv,6,1,6,0.15262159723873375,0.15262159723873375,01,01,1,0,True,completed
256,known_visit,HIPC,bernoulli,drop_0.25,19,361,4,10,hipc_h5_bernoulli_025,C:\Users\lottj\Desktop\research\decentralized benchmark\commitment-horizon-study\reference_core_benchmark_pilot\known_visit_10target_300.csv,7,4,8,16.64226229268693,16.64226229268693,01,01,2,1,True,completed
256,known_visit,HIPC,bernoulli,drop_0.25,19,361,4,10,hipc_h5_bernoulli_025,C:\Users\lottj\Desktop\research\decentralized benchmark\commitment-horizon-study\reference_core_benchmark_pilot\known_visit_10target_300.csv,8,18,3,187.94698185358968,187.94698185358968,03,03,1,0,True,completed
256,known_visit,HIPC,bernoulli,drop_0.25,19,361,4,10,hipc_h5_bernoulli_025,C:\Users\lottj\Desktop\research\decentralized benchmark\commitment-horizon-study\reference_core_benchmark_pilot\known_visit_10target_300.csv,9,1,5,2.1999656062562436,2.1999656062562436,01,01,1,0,True,completed
256,known_visit,HIPC,bernoulli,drop_0.25,19,361,4,10,hipc_h5_bernoulli_025,C:\Users\lottj\Desktop\research\decentralized benchmark\commitment-horizon-study\reference_core_benchmark_pilot\known_visit_10target_300.csv,10,0,15,3.804427215179539,3.804427215179539,02,02,2,1,True,completed
257,known_visit,HIPC,bernoulli,drop_0.25,19,361,4,10,hipc_h5_bernoulli_025,C:\Users\lottj\Desktop\research\decentralized benchmark\commitment-horizon-study\reference_core_benchmark_pilot\known_visit_10target_300.csv,1,16,6,44.428987993449525,44.428987993449525,01,01,1,0,True,completed
257,known_visit,HIPC,bernoulli,drop_0.25,19,361,4,10,hipc_h5_bernoulli_025,C:\Users\lottj\Desktop\research\decentralized benchmark\commitment-horizon-study\reference_core_benchmark_pilot\known_visit_10target_300.csv,2,15,14,41.86814993678765,41.86814993678765,02,02,1,0,True,completed
257,known_visit,HIPC,bernoulli,drop_0.25,19,361,4,10,hipc_h5_bernoulli_025,C:\Users\lottj\Desktop\research\decentralized benchmark\commitment-horizon-study\reference_core_benchmark_pilot\known_visit_10target_300.csv,3,14,0,34.97699192271011,34.97699192271011,00,00,1,0,True,completed
257,known_visit,HIPC,bernoulli,drop_0.25,19,361,4,10,hipc_h5_bernoulli_025,C:\Users\lottj\Desktop\research\decentralized benchmark\commitment-horizon-study\reference_core_benchmark_pilot\known_visit_10target_300.csv,4,17,4,49.85826162909619,49.85826162909619,01,01,1,0,True,completed
257,known_visit,HIPC,bernoulli,drop_0.25,19,361,4,10,hipc_h5_bernoulli_025,C:\Users\lottj\Desktop\research\decentralized benchmark\commitment-horizon-study\reference_core_benchmark_pilot\known_visit_10target_300.csv,5,7,6,10.14381520752996,10.14381520752996,01,01,1,0,True,completed
257,known_visit,HIPC,bernoulli,drop_0.25,19,361,4,10,hipc_h5_bernoulli_025,C:\Users\lottj\Desktop\research\decentralized benchmark\commitment-horizon-study\reference_core_benchmark_pilot\known_visit_10target_300.csv,6,6,11,21.1281413522599,21.1281413522599,02,02,1,0,True,completed
257,known_visit,HIPC,bernoulli,drop_0.25,19,361,4,10,hipc_h5_bernoulli_025,C:\Users\lottj\Desktop\research\decentralized benchmark\commitment-horizon-study\reference_core_benchmark_pilot\known_visit_10target_300.csv,7,5,4,17.752775574759276,17.752775574759276,01,01,1,0,True,completed
257,known_visit,HIPC,bernoulli,drop_0.25,19,361,4,10,hipc_h5_bernoulli_025,C:\Users\lottj\Desktop\research\decentralized benchmark\commitment-horizon-study\reference_core_benchmark_pilot\known_visit_10target_300.csv,8,12,6,37.32935298750145,37.32935298750145,01,01,1,0,True,completed
257,known_visit,HIPC,bernoulli,drop_0.25,19,361,4,10,hipc_h5_bernoulli_025,C:\Users\lottj\Desktop\research\decentralized benchmark\commitment-horizon-study\reference_core_benchmark_pilot\known_visit_10target_300.csv,9,4,15,10.43134838900455,10.43134838900455,02,02,1,0,True,completed
257,known_visit,HIPC,bernoulli,drop_0.25,19,361,4,10,hipc_h5_bernoulli_025,C:\Users\lottj\Desktop\research\decentralized benchmark\commitment-horizon-study\reference_core_benchmark_pilot\known_visit_10target_300.csv,10,9,3,26.76986200726955,26.76986200726955,01,01,1,0,True,completed
258,known_visit,HIPC,bernoulli,drop_0.25,19,361,4,10,hipc_h5_bernoulli_025,C:\Users\lottj\Desktop\research\decentralized benchmark\commitment-horizon-study\reference_core_benchmark_pilot\known_visit_10target_300.csv,1,15,15,52.14383411049825,52.14383411049825,02,02,1,0,True,completed
258,known_visit,HIPC,bernoulli,drop_0.25,19,361,4,10,hipc_h5_bernoulli_025,C:\Users\lottj\Desktop\research\decentralized benchmark\commitment-horizon-study\reference_core_benchmark_pilot\known_visit_10target_300.csv,2,10,18,37.88703959086434,37.88703959086434,02,02,1,0,True,completed
258,known_visit,HIPC,bernoulli,drop_0.25,19,361,4,10,hipc_h5_bernoulli_025,C:\Users\lottj\Desktop\research\decentralized benchmark\commitment-horizon-study\reference_core_benchmark_pilot\known_visit_10target_300.csv,3,11,4,28.53490411294231,28.53490411294231,01,01,1,0,True,completed
258,known_visit,HIPC,bernoulli,drop_0.25,19,361,4,10,hipc_h5_bernoulli_025,C:\Users\lottj\Desktop\research\decentralized benchmark\commitment-horizon-study\reference_core_benchmark_pilot\known_visit_10target_300.csv,4,14,6,51.93310021928144,51.93310021928144,01,01,1,0,True,completed
258,known_visit,HIPC,bernoulli,drop_0.25,19,361,4,10,hipc_h5_bernoulli_025,C:\Users\lottj\Desktop\research\decentralized benchmark\commitment-horizon-study\reference_core_benchmark_pilot\known_visit_10target_300.csv,5,5,14,10.891848561849072,10.891848561849072,02,02,1,0,True,completed
258,known_visit,HIPC,bernoulli,drop_0.25,19,361,4,10,hipc_h5_bernoulli_025,C:\Users\lottj\Desktop\research\decentralized benchmark\commitment-horizon-study\reference_core_benchmark_pilot\known_visit_10target_300.csv,6,3,8,7.256438769275464,7.256438769275464,01,01,1,0,True,completed
258,known_visit,HIPC,bernoulli,drop_0.25,19,361,4,10,hipc_h5_bernoulli_025,C:\Users\lottj\Desktop\research\decentralized benchmark\commitment-horizon-study\reference_core_benchmark_pilot\known_visit_10target_300.csv,7,11,0,35.6009163400668,35.6009163400668,01,01,1,0,True,completed
258,known_visit,HIPC,bernoulli,drop_0.25,19,361,4,10,hipc_h5_bernoulli_025,C:\Users\lottj\Desktop\research\decentralized benchmark\commitment-horizon-study\reference_core_benchmark_pilot\known_visit_10target_300.csv,8,10,12,23.390497037570455,23.390497037570455,02,02,1,0,True,completed
258,known_visit,HIPC,bernoulli,drop_0.25,19,361,4,10,hipc_h5_bernoulli_025,C:\Users\lottj\Desktop\research\decentralized benchmark\commitment-horizon-study\reference_core_benchmark_pilot\known_visit_10target_300.csv,9,8,5,21.501544433869412,21.501544433869412,01,01,1,0,True,completed
258,known_visit,HIPC,bernoulli,drop_0.25,19,361,4,10,hipc_h5_bernoulli_025,C:\Users\lottj\Desktop\research\decentralized benchmark\commitment-horizon-study\reference_core_benchmark_pilot\known_visit_10target_300.csv,10,13,1,41.23967791977691,41.23967791977691,01,01,1,0,True,completed
259,known_visit,HIPC,bernoulli,drop_0.25,19,361,4,10,hipc_h5_bernoulli_025,C:\Users\lottj\Desktop\research\decentralized benchmark\commitment-horizon-study\reference_core_benchmark_pilot\known_visit_10target_300.csv,1,3,11,5.393149810164521,5.393149810164521,02,02,2,1,True,completed
259,known_visit,HIPC,bernoulli,drop_0.25,19,361,4,10,hipc_h5_bernoulli_025,C:\Users\lottj\Desktop\research\decentralized benchmark\commitment-horizon-study\reference_core_benchmark_pilot\known_visit_10target_300.csv,2,10,4,65.38405908300174,65.38405908300174,02,02,1,0,True,completed
259,known_visit,HIPC,bernoulli,drop_0.25,19,361,4,10,hipc_h5_bernoulli_025,C:\Users\lottj\Desktop\research\decentralized benchmark\commitment-horizon-study\reference_core_benchmark_pilot\known_visit_10target_300.csv,3,7,10,14.188819606848051,14.188819606848051,02,02,1,0,True,completed
259,known_visit,HIPC,bernoulli,drop_0.25,19,361,4,10,hipc_h5_bernoulli_025,C:\Users\lottj\Desktop\research\decentralized benchmark\commitment-horizon-study\reference_core_benchmark_pilot\known_visit_10target_300.csv,4,14,13,42.822382542725926,42.822382542725926,02,02,1,0,True,completed
259,known_visit,HIPC,bernoulli,drop_0.25,19,361,4,10,hipc_h5_bernoulli_025,C:\Users\lottj\Desktop\research\decentralized benchmark\commitment-horizon-study\reference_core_benchmark_pilot\known_visit_10target_300.csv,5,10,10,19.382314693853353,19.382314693853353,02,02,2,1,True,completed
259,known_visit,HIPC,bernoulli,drop_0.25,19,361,4,10,hipc_h5_bernoulli_025,C:\Users\lottj\Desktop\research\decentralized benchmark\commitment-horizon-study\reference_core_benchmark_pilot\known_visit_10target_300.csv,6,14,5,56.60919756651501,56.60919756651501,02,02,1,0,True,completed
259,known_visit,HIPC,bernoulli,drop_0.25,19,361,4,10,hipc_h5_bernoulli_025,C:\Users\lottj\Desktop\research\decentralized benchmark\commitment-horizon-study\reference_core_benchmark_pilot\known_visit_10target_300.csv,7,9,10,17.60695749247392,17.60695749247392,02,02,2,1,True,completed
259,known_visit,HIPC,bernoulli,drop_0.25,19,361,4,10,hipc_h5_bernoulli_025,C:\Users\lottj\Desktop\research\decentralized benchmark\commitment-horizon-study\reference_core_benchmark_pilot\known_visit_10target_300.csv,8,10,14,26.45452183633737,26.45452183633737,02,02,2,1,True,completed
259,known_visit,HIPC,bernoulli,drop_0.25,19,361,4,10,hipc_h5_bernoulli_025,C:\Users\lottj\Desktop\research\decentralized benchmark\commitment-horizon-study\reference_core_benchmark_pilot\known_visit_10target_300.csv,9,6,14,15.79103333561243,15.79103333561243,03,03,1,0,True,completed
259,known_visit,HIPC,bernoulli,drop_0.25,19,361,4,10,hipc_h5_bernoulli_025,C:\Users\lottj\Desktop\research\decentralized benchmark\commitment-horizon-study\reference_core_benchmark_pilot\known_visit_10target_300.csv,10,8,13,32.20442777843633,32.20442777843633,02,02,1,0,True,completed
260,known_visit,HIPC,bernoulli,drop_0.25,19,361,4,10,hipc_h5_bernoulli_025,C:\Users\lottj\Desktop\research\decentralized benchmark\commitment-horizon-study\reference_core_benchmark_pilot\known_visit_10target_300.csv,1,15,2,45.71396762056061,45.71396762056061,01,01,1,0,True,completed
260,known_visit,HIPC,bernoulli,drop_0.25,19,361,4,10,hipc_h5_bernoulli_025,C:\Users\lottj\Desktop\research\decentralized benchmark\commitment-horizon-study\reference_core_benchmark_pilot\known_visit_10target_300.csv,2,8,3,17.8951181613616,17.8951181613616,00,00,1,0,True,completed
260,known_visit,HIPC,bernoulli,drop_0.25,19,361,4,10,hipc_h5_bernoulli_025,C:\Users\lottj\Desktop\research\decentralized benchmark\commitment-horizon-study\reference_core_benchmark_pilot\known_visit_10target_300.csv,3,7,2,14.131380763836656,14.131380763836656,00,00,1,0,True,completed
260,known_visit,HIPC,bernoulli,drop_0.25,19,361,4,10,hipc_h5_bernoulli_025,C:\Users\lottj\Desktop\research\decentralized benchmark\commitment-horizon-study\reference_core_benchmark_pilot\known_visit_10target_300.csv,4,9,14,17.37605904415961,17.37605904415961,02,02,1,0,True,completed
260,known_visit,HIPC,bernoulli,drop_0.25,19,361,4,10,hipc_h5_bernoulli_025,C:\Users\lottj\Desktop\research\decentralized benchmark\commitment-horizon-study\reference_core_benchmark_pilot\known_visit_10target_300.csv,5,6,0,30.763288191136382,30.763288191136382,00,00,1,0,True,completed
260,known_visit,HIPC,bernoulli,drop_0.25,19,361,4,10,hipc_h5_bernoulli_025,C:\Users\lottj\Desktop\research\decentralized benchmark\commitment-horizon-study\reference_core_benchmark_pilot\known_visit_10target_300.csv,6,4,2,8.725098035980652,8.725098035980652,00,00,1,0,True,completed
260,known_visit,HIPC,bernoulli,drop_0.25,19,361,4,10,hipc_h5_bernoulli_025,C:\Users\lottj\Desktop\research\decentralized benchmark\commitment-horizon-study\reference_core_benchmark_pilot\known_visit_10target_300.csv,7,12,6,19.21421211992499,19.21421211992499,01,01,1,0,True,completed
260,known_visit,HIPC,bernoulli,drop_0.25,19,361,4,10,hipc_h5_bernoulli_025,C:\Users\lottj\Desktop\research\decentralized benchmark\commitment-horizon-study\reference_core_benchmark_pilot\known_visit_10target_300.csv,8,14,10,29.74072438915377,29.74072438915377,01,01,1,0,True,completed
260,known_visit,HIPC,bernoulli,drop_0.25,19,361,4,10,hipc_h5_bernoulli_025,C:\Users\lottj\Desktop\research\decentralized benchmark\commitment-horizon-study\reference_core_benchmark_pilot\known_visit_10target_300.csv,9,5,12,6.926098409667764,6.926098409667764,02,02,1,0,True,completed
260,known_visit,HIPC,bernoulli,drop_0.25,19,361,4,10,hipc_h5_bernoulli_025,C:\Users\lottj\Desktop\research\decentralized benchmark\commitment-horizon-study\reference_core_benchmark_pilot\known_visit_10target_300.csv,10,7,18,28.084400722514406,28.084400722514406,02,02,1,0,True,completed
261,known_visit,HIPC,bernoulli,drop_0.25,19,361,4,10,hipc_h5_bernoulli_025,C:\Users\lottj\Desktop\research\decentralized benchmark\commitment-horizon-study\reference_core_benchmark_pilot\known_visit_10target_300.csv,1,10,7,24.419384857447508,24.419384857447508,02,02,2,1,True,completed
261,known_visit,HIPC,bernoulli,drop_0.25,19,361,4,10,hipc_h5_bernoulli_025,C:\Users\lottj\Desktop\research\decentralized benchmark\commitment-horizon-study\reference_core_benchmark_pilot\known_visit_10target_300.csv,2,4,11,7.151151884883045,7.151151884883045,02,02,1,0,True,completed
261,known_visit,HIPC,bernoulli,drop_0.25,19,361,4,10,hipc_h5_bernoulli_025,C:\Users\lottj\Desktop\research\decentralized benchmark\commitment-horizon-study\reference_core_benchmark_pilot\known_visit_10target_300.csv,3,7,9,15.97571854127431,15.97571854127431,02,02,1,0,True,completed
261,known_visit,HIPC,bernoulli,drop_0.25,19,361,4,10,hipc_h5_bernoulli_025,C:\Users\lottj\Desktop\research\decentralized benchmark\commitment-horizon-study\reference_core_benchmark_pilot\known_visit_10target_300.csv,4,18,17,59.714039345580424,59.714039345580424,02,02,1,0,True,completed
261,known_visit,HIPC,bernoulli,drop_0.25,19,361,4,10,hipc_h5_bernoulli_025,C:\Users\lottj\Desktop\research\decentralized benchmark\commitment-horizon-study\reference_core_benchmark_pilot\known_visit_10target_300.csv,5,14,10,40.42385741313775,40.42385741313775,02,02,1,0,True,completed
261,known_visit,HIPC,bernoulli,drop_0.25,19,361,4,10,hipc_h5_bernoulli_025,C:\Users\lottj\Desktop\research\decentralized benchmark\commitment-horizon-study\reference_core_benchmark_pilot\known_visit_10target_300.csv,6,1,7,2.1665735908729977,2.1665735908729977,01,01,1,0,True,completed
261,known_visit,HIPC,bernoulli,drop_0.25,19,361,4,10,hipc_h5_bernoulli_025,C:\Users\lottj\Desktop\research\decentralized benchmark\commitment-horizon-study\reference_core_benchmark_pilot\known_visit_10target_300.csv,7,2,2,5.572990030704162,5.572990030704162,00,00,2,1,True,completed
261,known_visit,HIPC,bernoulli,drop_0.25,19,361,4,10,hipc_h5_bernoulli_025,C:\Users\lottj\Desktop\research\decentralized benchmark\commitment-horizon-study\reference_core_benchmark_pilot\known_visit_10target_300.csv,8,5,4,14.346580792071101,14.346580792071101,00,00,1,0,True,completed
261,known_visit,HIPC,bernoulli,drop_0.25,19,361,4,10,hipc_h5_bernoulli_025,C:\Users\lottj\Desktop\research\decentralized benchmark\commitment-horizon-study\reference_core_benchmark_pilot\known_visit_10target_300.csv,9,18,15,56.129415871607655,56.129415871607655,02,02,1,0,True,completed
261,known_visit,HIPC,bernoulli,drop_0.25,19,361,4,10,hipc_h5_bernoulli_025,C:\Users\lottj\Desktop\research\decentralized benchmark\commitment-horizon-study\reference_core_benchmark_pilot\known_visit_10target_300.csv,10,12,6,29.654701902872198,29.654701902872198,02,02,1,0,True,completed
262,known_visit,HIPC,bernoulli,drop_0.25,19,361,4,10,hipc_h5_bernoulli_025,C:\Users\lottj\Desktop\research\decentralized benchmark\commitment-horizon-study\reference_core_benchmark_pilot\known_visit_10target_300.csv,1,13,5,44.258537045397084,44.258537045397084,00,00,1,0,True,completed
262,known_visit,HIPC,bernoulli,drop_0.25,19,361,4,10,hipc_h5_bernoulli_025,C:\Users\lottj\Desktop\research\decentralized benchmark\commitment-horizon-study\reference_core_benchmark_pilot\known_visit_10target_300.csv,2,5,1,8.953218126067506,8.953218126067506,00,00,1,0,True,completed
262,known_visit,HIPC,bernoulli,drop_0.25,19,361,4,10,hipc_h5_bernoulli_025,C:\Users\lottj\Desktop\research\decentralized benchmark\commitment-horizon-study\reference_core_benchmark_pilot\known_visit_10target_300.csv,3,9,1,16.16760200417931,16.16760200417931,00,00,1,0,True,completed
262,known_visit,HIPC,bernoulli,drop_0.25,19,361,4,10,hipc_h5_bernoulli_025,C:\Users\lottj\Desktop\research\decentralized benchmark\commitment-horizon-study\reference_core_benchmark_pilot\known_visit_10target_300.csv,4,17,13,29.774461016625256,29.774461016625256,02,02,1,0,True,completed
262,known_visit,HIPC,bernoulli,drop_0.25,19,361,4,10,hipc_h5_bernoulli_025,C:\Users\lottj\Desktop\research\decentralized benchmark\commitment-horizon-study\reference_core_benchmark_pilot\known_visit_10target_300.csv,5,16,1,28.086812479286728,28.086812479286728,00,00,1,0,True,completed
262,known_visit,HIPC,bernoulli,drop_0.25,19,361,4,10,hipc_h5_bernoulli_025,C:\Users\lottj\Desktop\research\decentralized benchmark\commitment-horizon-study\reference_core_benchmark_pilot\known_visit_10target_300.csv,6,16,18,44.40579798633053,44.40579798633053,02,02,1,0,True,completed
262,known_visit,HIPC,bernoulli,drop_0.25,19,361,4,10,hipc_h5_bernoulli_025,C:\Users\lottj\Desktop\research\decentralized benchmark\commitment-horizon-study\reference_core_benchmark_pilot\known_visit_10target_300.csv,7,3,12,3.552001276731802,3.552001276731802,02,02,2,1,True,completed
262,known_visit,HIPC,bernoulli,drop_0.25,19,361,4,10,hipc_h5_bernoulli_025,C:\Users\lottj\Desktop\research\decentralized benchmark\commitment-horizon-study\reference_core_benchmark_pilot\known_visit_10target_300.csv,8,15,6,38.99550065122248,38.99550065122248,00,00,1,0,True,completed
262,known_visit,HIPC,bernoulli,drop_0.25,19,361,4,10,hipc_h5_bernoulli_025,C:\Users\lottj\Desktop\research\decentralized benchmark\commitment-horizon-study\reference_core_benchmark_pilot\known_visit_10target_300.csv,9,5,12,6.957985148940041,6.957985148940041,02,02,1,0,True,completed
262,known_visit,HIPC,bernoulli,drop_0.25,19,361,4,10,hipc_h5_bernoulli_025,C:\Users\lottj\Desktop\research\decentralized benchmark\commitment-horizon-study\reference_core_benchmark_pilot\known_visit_10target_300.csv,10,18,17,38.65829827671171,38.65829827671171,02,02,1,0,True,completed
263,known_visit,HIPC,bernoulli,drop_0.25,19,361,4,10,hipc_h5_bernoulli_025,C:\Users\lottj\Desktop\research\decentralized benchmark\commitment-horizon-study\reference_core_benchmark_pilot\known_visit_10target_300.csv,1,12,3,24.328663361471662,24.328663361471662,00,00,1,0,True,completed
263,known_visit,HIPC,bernoulli,drop_0.25,19,361,4,10,hipc_h5_bernoulli_025,C:\Users\lottj\Desktop\research\decentralized benchmark\commitment-horizon-study\reference_core_benchmark_pilot\known_visit_10target_300.csv,2,6,16,17.149295726893463,17.149295726893463,03,03,1,0,True,completed
263,known_visit,HIPC,bernoulli,drop_0.25,19,361,4,10,hipc_h5_bernoulli_025,C:\Users\lottj\Desktop\research\decentralized benchmark\commitment-horizon-study\reference_core_benchmark_pilot\known_visit_10target_300.csv,3,0,17,0.44784870841083624,0.44784870841083624,03,03,1,0,True,completed
263,known_visit,HIPC,bernoulli,drop_0.25,19,361,4,10,hipc_h5_bernoulli_025,C:\Users\lottj\Desktop\research\decentralized benchmark\commitment-horizon-study\reference_core_benchmark_pilot\known_visit_10target_300.csv,4,16,13,74.56645132986148,74.56645132986148,00,00,1,0,True,completed
263,known_visit,HIPC,bernoulli,drop_0.25,19,361,4,10,hipc_h5_bernoulli_025,C:\Users\lottj\Desktop\research\decentralized benchmark\commitment-horizon-study\reference_core_benchmark_pilot\known_visit_10target_300.csv,5,17,7,58.40885947230992,58.40885947230992,00,00,1,0,True,completed
263,known_visit,HIPC,bernoulli,drop_0.25,19,361,4,10,hipc_h5_bernoulli_025,C:\Users\lottj\Desktop\research\decentralized benchmark\commitment-horizon-study\reference_core_benchmark_pilot\known_visit_10target_300.csv,6,7,0,10.520250287698065,10.520250287698065,00,00,1,0,True,completed
263,known_visit,HIPC,bernoulli,drop_0.25,19,361,4,10,hipc_h5_bernoulli_025,C:\Users\lottj\Desktop\research\decentralized benchmark\commitment-horizon-study\reference_core_benchmark_pilot\known_visit_10target_300.csv,7,5,16,15.152502776005765,15.152502776005765,03,03,1,0,True,completed
263,known_visit,HIPC,bernoulli,drop_0.25,19,361,4,10,hipc_h5_bernoulli_025,C:\Users\lottj\Desktop\research\decentralized benchmark\commitment-horizon-study\reference_core_benchmark_pilot\known_visit_10target_300.csv,8,0,4,2.379839836714624,2.379839836714624,01,01,1,0,True,completed
263,known_visit,HIPC,bernoulli,drop_0.25,19,361,4,10,hipc_h5_bernoulli_025,C:\Users\lottj\Desktop\research\decentralized benchmark\commitment-horizon-study\reference_core_benchmark_pilot\known_visit_10target_300.csv,9,10,9,38.386192369198604,38.386192369198604,00,00,1,0,True,completed
263,known_visit,HIPC,bernoulli,drop_0.25,19,361,4,10,hipc_h5_bernoulli_025,C:\Users\lottj\Desktop\research\decentralized benchmark\commitment-horizon-study\reference_core_benchmark_pilot\known_visit_10target_300.csv,10,3,18,7.900903867416395,7.900903867416395,03,03,1,0,True,completed
264,known_visit,HIPC,bernoulli,drop_0.25,19,361,4,10,hipc_h5_bernoulli_025,C:\Users\lottj\Desktop\research\decentralized benchmark\commitment-horizon-study\reference_core_benchmark_pilot\known_visit_10target_300.csv,1,14,9,52.46287510748361,52.46287510748361,00,00,1,0,True,completed
264,known_visit,HIPC,bernoulli,drop_0.25,19,361,4,10,hipc_h5_bernoulli_025,C:\Users\lottj\Desktop\research\decentralized benchmark\commitment-horizon-study\reference_core_benchmark_pilot\known_visit_10target_300.csv,2,18,9,45.12720956451353,45.12720956451353,00,00,1,0,True,completed
264,known_visit,HIPC,bernoulli,drop_0.25,19,361,4,10,hipc_h5_bernoulli_025,C:\Users\lottj\Desktop\research\decentralized benchmark\commitment-horizon-study\reference_core_benchmark_pilot\known_visit_10target_300.csv,3,2,8,5.706013694328627,5.706013694328627,01,01,1,0,True,completed
264,known_visit,HIPC,bernoulli,drop_0.25,19,361,4,10,hipc_h5_bernoulli_025,C:\Users\lottj\Desktop\research\decentralized benchmark\commitment-horizon-study\reference_core_benchmark_pilot\known_visit_10target_300.csv,4,12,13,62.95395395275242,62.95395395275242,00,00,1,0,True,completed
264,known_visit,HIPC,bernoulli,drop_0.25,19,361,4,10,hipc_h5_bernoulli_025,C:\Users\lottj\Desktop\research\decentralized benchmark\commitment-horizon-study\reference_core_benchmark_pilot\known_visit_10target_300.csv,5,8,17,13.826570052859035,13.826570052859035,03,03,1,0,True,completed
264,known_visit,HIPC,bernoulli,drop_0.25,19,361,4,10,hipc_h5_bernoulli_025,C:\Users\lottj\Desktop\research\decentralized benchmark\commitment-horizon-study\reference_core_benchmark_pilot\known_visit_10target_300.csv,6,14,18,26.173278370499766,26.173278370499766,03,03,1,0,True,completed
264,known_visit,HIPC,bernoulli,drop_0.25,19,361,4,10,hipc_h5_bernoulli_025,C:\Users\lottj\Desktop\research\decentralized benchmark\commitment-horizon-study\reference_core_benchmark_pilot\known_visit_10target_300.csv,7,17,6,38.05222959798015,38.05222959798015,00,00,1,0,True,completed
264,known_visit,HIPC,bernoulli,drop_0.25,19,361,4,10,hipc_h5_bernoulli_025,C:\Users\lottj\Desktop\research\decentralized benchmark\commitment-horizon-study\reference_core_benchmark_pilot\known_visit_10target_300.csv,8,12,3,24.195350539848395,24.195350539848395,00,00,1,0,True,completed
264,known_visit,HIPC,bernoulli,drop_0.25,19,361,4,10,hipc_h5_bernoulli_025,C:\Users\lottj\Desktop\research\decentralized benchmark\commitment-horizon-study\reference_core_benchmark_pilot\known_visit_10target_300.csv,9,12,0,18.768044879425513,18.768044879425513,00,00,1,0,True,completed
264,known_visit,HIPC,bernoulli,drop_0.25,19,361,4,10,hipc_h5_bernoulli_025,C:\Users\lottj\Desktop\research\decentralized benchmark\commitment-horizon-study\reference_core_benchmark_pilot\known_visit_10target_300.csv,10,1,13,2.2080772457706592,2.2080772457706592,02,02,1,0,True,completed
265,known_visit,HIPC,bernoulli,drop_0.25,19,361,4,10,hipc_h5_bernoulli_025,C:\Users\lottj\Desktop\research\decentralized benchmark\commitment-horizon-study\reference_core_benchmark_pilot\known_visit_10target_300.csv,1,8,5,25.393369180733828,25.393369180733828,01,01,1,0,True,completed
265,known_visit,HIPC,bernoulli,drop_0.25,19,361,4,10,hipc_h5_bernoulli_025,C:\Users\lottj\Desktop\research\decentralized benchmark\commitment-horizon-study\reference_core_benchmark_pilot\known_visit_10target_300.csv,2,10,16,19.00210754666275,19.00210754666275,03,03,1,0,True,completed
265,known_visit,HIPC,bernoulli,drop_0.25,19,361,4,10,hipc_h5_bernoulli_025,C:\Users\lottj\Desktop\research\decentralized benchmark\commitment-horizon-study\reference_core_benchmark_pilot\known_visit_10target_300.csv,3,15,10,52.93680216804246,52.93680216804246,01,01,1,0,True,completed
265,known_visit,HIPC,bernoulli,drop_0.25,19,361,4,10,hipc_h5_bernoulli_025,C:\Users\lottj\Desktop\research\decentralized benchmark\commitment-horizon-study\reference_core_benchmark_pilot\known_visit_10target_300.csv,4,4,9,11.208043129873458,11.208043129873458,01,01,1,0,True,completed
265,known_visit,HIPC,bernoulli,drop_0.25,19,361,4,10,hipc_h5_bernoulli_025,C:\Users\lottj\Desktop\research\decentralized benchmark\commitment-horizon-study\reference_core_benchmark_pilot\known_visit_10target_300.csv,5,17,12,38.282459675770056,38.282459675770056,03,03,1,0,True,completed
265,known_visit,HIPC,bernoulli,drop_0.25,19,361,4,10,hipc_h5_bernoulli_025,C:\Users\lottj\Desktop\research\decentralized benchmark\commitment-horizon-study\reference_core_benchmark_pilot\known_visit_10target_300.csv,6,4,8,9.286336218443724,9.286336218443724,01,01,1,0,True,completed
265,known_visit,HIPC,bernoulli,drop_0.25,19,361,4,10,hipc_h5_bernoulli_025,C:\Users\lottj\Desktop\research\decentralized benchmark\commitment-horizon-study\reference_core_benchmark_pilot\known_visit_10target_300.csv,7,18,11,60.16352041315126,60.16352041315126,01,01,1,0,True,completed
265,known_visit,HIPC,bernoulli,drop_0.25,19,361,4,10,hipc_h5_bernoulli_025,C:\Users\lottj\Desktop\research\decentralized benchmark\commitment-horizon-study\reference_core_benchmark_pilot\known_visit_10target_300.csv,8,15,3,40.592613250443385,40.592613250443385,01,01,2,1,True,completed
265,known_visit,HIPC,bernoulli,drop_0.25,19,361,4,10,hipc_h5_bernoulli_025,C:\Users\lottj\Desktop\research\decentralized benchmark\commitment-horizon-study\reference_core_benchmark_pilot\known_visit_10target_300.csv,9,18,12,62.21724131247311,62.21724131247311,01,01,1,0,True,completed
265,known_visit,HIPC,bernoulli,drop_0.25,19,361,4,10,hipc_h5_bernoulli_025,C:\Users\lottj\Desktop\research\decentralized benchmark\commitment-horizon-study\reference_core_benchmark_pilot\known_visit_10target_300.csv,10,1,8,3.8106852502275643,3.8106852502275643,01,01,1,0,True,completed
266,known_visit,HIPC,bernoulli,drop_0.25,19,361,4,10,hipc_h5_bernoulli_025,C:\Users\lottj\Desktop\research\decentralized benchmark\commitment-horizon-study\reference_core_benchmark_pilot\known_visit_10target_300.csv,1,0,9,4.012802083707184,4.012802083707184,01,01,1,0,True,completed
266,known_visit,HIPC,bernoulli,drop_0.25,19,361,4,10,hipc_h5_bernoulli_025,C:\Users\lottj\Desktop\research\decentralized benchmark\commitment-horizon-study\reference_core_benchmark_pilot\known_visit_10target_300.csv,2,9,9,23.571050153493115,23.571050153493115,01,01,1,0,True,completed
266,known_visit,HIPC,bernoulli,drop_0.25,19,361,4,10,hipc_h5_bernoulli_025,C:\Users\lottj\Desktop\research\decentralized benchmark\commitment-horizon-study\reference_core_benchmark_pilot\known_visit_10target_300.csv,3,6,17,10.702737467467431,10.702737467467431,03,03,1,0,True,completed
266,known_visit,HIPC,bernoulli,drop_0.25,19,361,4,10,hipc_h5_bernoulli_025,C:\Users\lottj\Desktop\research\decentralized benchmark\commitment-horizon-study\reference_core_benchmark_pilot\known_visit_10target_300.csv,4,7,16,14.308391639075962,14.308391639075962,03,03,1,0,True,completed
266,known_visit,HIPC,bernoulli,drop_0.25,19,361,4,10,hipc_h5_bernoulli_025,C:\Users\lottj\Desktop\research\decentralized benchmark\commitment-horizon-study\reference_core_benchmark_pilot\known_visit_10target_300.csv,5,6,10,16.398752698246433,16.398752698246433,01,01,2,1,True,completed
266,known_visit,HIPC,bernoulli,drop_0.25,19,361,4,10,hipc_h5_bernoulli_025,C:\Users\lottj\Desktop\research\decentralized benchmark\commitment-horizon-study\reference_core_benchmark_pilot\known_visit_10target_300.csv,6,14,10,34.334486282791254,34.334486282791254,01,01,1,0,True,completed
266,known_visit,HIPC,bernoulli,drop_0.25,19,361,4,10,hipc_h5_bernoulli_025,C:\Users\lottj\Desktop\research\decentralized benchmark\commitment-horizon-study\reference_core_benchmark_pilot\known_visit_10target_300.csv,7,14,15,28.31109896742368,28.31109896742368,03,03,1,0,True,completed
266,known_visit,HIPC,bernoulli,drop_0.25,19,361,4,10,hipc_h5_bernoulli_025,C:\Users\lottj\Desktop\research\decentralized benchmark\commitment-horizon-study\reference_core_benchmark_pilot\known_visit_10target_300.csv,8,17,10,39.55901290221195,39.55901290221195,01,01,1,0,True,completed
266,known_visit,HIPC,bernoulli,drop_0.25,19,361,4,10,hipc_h5_bernoulli_025,C:\Users\lottj\Desktop\research\decentralized benchmark\commitment-horizon-study\reference_core_benchmark_pilot\known_visit_10target_300.csv,9,18,18,55.19746560763666,55.19746560763666,01,01,1,0,True,completed
266,known_visit,HIPC,bernoulli,drop_0.25,19,361,4,10,hipc_h5_bernoulli_025,C:\Users\lottj\Desktop\research\decentralized benchmark\commitment-horizon-study\reference_core_benchmark_pilot\known_visit_10target_300.csv,10,12,13,35.633951379588254,35.633951379588254,03,03,1,0,True,completed
267,known_visit,HIPC,bernoulli,drop_0.25,19,361,4,10,hipc_h5_bernoulli_025,C:\Users\lottj\Desktop\research\decentralized benchmark\commitment-horizon-study\reference_core_benchmark_pilot\known_visit_10target_300.csv,1,2,8,12.82660318346394,12.82660318346394,01,01,1,0,True,completed
267,known_visit,HIPC,bernoulli,drop_0.25,19,361,4,10,hipc_h5_bernoulli_025,C:\Users\lottj\Desktop\research\decentralized benchmark\commitment-horizon-study\reference_core_benchmark_pilot\known_visit_10target_300.csv,2,7,18,38.796759511523,38.796759511523,03,03,1,0,True,completed
267,known_visit,HIPC,bernoulli,drop_0.25,19,361,4,10,hipc_h5_bernoulli_025,C:\Users\lottj\Desktop\research\decentralized benchmark\commitment-horizon-study\reference_core_benchmark_pilot\known_visit_10target_300.csv,3,7,15,15.724697266086999,15.724697266086999,02,02,2,1,True,completed
267,known_visit,HIPC,bernoulli,drop_0.25,19,361,4,10,hipc_h5_bernoulli_025,C:\Users\lottj\Desktop\research\decentralized benchmark\commitment-horizon-study\reference_core_benchmark_pilot\known_visit_10target_300.csv,4,8,6,147.20524896666993,147.20524896666993,01,01,1,0,True,completed
267,known_visit,HIPC,bernoulli,drop_0.25,19,361,4,10,hipc_h5_bernoulli_025,C:\Users\lottj\Desktop\research\decentralized benchmark\commitment-horizon-study\reference_core_benchmark_pilot\known_visit_10target_300.csv,5,2,5,7.57528572269267,7.57528572269267,01,01,2,1,True,completed
267,known_visit,HIPC,bernoulli,drop_0.25,19,361,4,10,hipc_h5_bernoulli_025,C:\Users\lottj\Desktop\research\decentralized benchmark\commitment-horizon-study\reference_core_benchmark_pilot\known_visit_10target_300.csv,6,13,11,32.96720481430423,32.96720481430423,02,02,1,0,True,completed
267,known_visit,HIPC,bernoulli,drop_0.25,19,361,4,10,hipc_h5_bernoulli_025,C:\Users\lottj\Desktop\research\decentralized benchmark\commitment-horizon-study\reference_core_benchmark_pilot\known_visit_10target_300.csv,7,16,5,168.61721833623335,168.61721833623335,02,02,1,0,True,completed
267,known_visit,HIPC,bernoulli,drop_0.25,19,361,4,10,hipc_h5_bernoulli_025,C:\Users\lottj\Desktop\research\decentralized benchmark\commitment-horizon-study\reference_core_benchmark_pilot\known_visit_10target_300.csv,8,4,7,18.48534805057336,18.48534805057336,01,01,1,0,True,completed
267,known_visit,HIPC,bernoulli,drop_0.25,19,361,4,10,hipc_h5_bernoulli_025,C:\Users\lottj\Desktop\research\decentralized benchmark\commitment-horizon-study\reference_core_benchmark_pilot\known_visit_10target_300.csv,9,0,14,2.0775033949392134,2.0775033949392134,02,02,1,0,True,completed
267,known_visit,HIPC,bernoulli,drop_0.25,19,361,4,10,hipc_h5_bernoulli_025,C:\Users\lottj\Desktop\research\decentralized benchmark\commitment-horizon-study\reference_core_benchmark_pilot\known_visit_10target_300.csv,10,10,4,154.30453481259636,154.30453481259636,01,01,1,0,True,completed
268,known_visit,HIPC,bernoulli,drop_0.25,19,361,4,10,hipc_h5_bernoulli_025,C:\Users\lottj\Desktop\research\decentralized benchmark\commitment-horizon-study\reference_core_benchmark_pilot\known_visit_10target_300.csv,1,16,13,50.1824842446784,50.1824842446784,02,02,1,0,True,completed
268,known_visit,HIPC,bernoulli,drop_0.25,19,361,4,10,hipc_h5_bernoulli_025,C:\Users\lottj\Desktop\research\decentralized benchmark\commitment-horizon-study\reference_core_benchmark_pilot\known_visit_10target_300.csv,2,15,3,40.14419825499952,40.14419825499952,01,01,1,0,True,completed
268,known_visit,HIPC,bernoulli,drop_0.25,19,361,4,10,hipc_h5_bernoulli_025,C:\Users\lottj\Desktop\research\decentralized benchmark\commitment-horizon-study\reference_core_benchmark_pilot\known_visit_10target_300.csv,3,4,16,12.879080814765404,12.879080814765404,02,02,1,0,True,completed
268,known_visit,HIPC,bernoulli,drop_0.25,19,361,4,10,hipc_h5_bernoulli_025,C:\Users\lottj\Desktop\research\decentralized benchmark\commitment-horizon-study\reference_core_benchmark_pilot\known_visit_10target_300.csv,4,1,14,4.019798290730839,4.019798290730839,02,02,1,0,True,completed
268,known_visit,HIPC,bernoulli,drop_0.25,19,361,4,10,hipc_h5_bernoulli_025,C:\Users\lottj\Desktop\research\decentralized benchmark\commitment-horizon-study\reference_core_benchmark_pilot\known_visit_10target_300.csv,5,9,14,25.124701484579138,25.124701484579138,02,02,1,0,True,completed
268,known_visit,HIPC,bernoulli,drop_0.25,19,361,4,10,hipc_h5_bernoulli_025,C:\Users\lottj\Desktop\research\decentralized benchmark\commitment-horizon-study\reference_core_benchmark_pilot\known_visit_10target_300.csv,6,15,13,48.10306930922872,48.10306930922872,02,02,1,0,True,completed
268,known_visit,HIPC,bernoulli,drop_0.25,19,361,4,10,hipc_h5_bernoulli_025,C:\Users\lottj\Desktop\research\decentralized benchmark\commitment-horizon-study\reference_core_benchmark_pilot\known_visit_10target_300.csv,7,11,17,34.064354051008856,34.064354051008856,02,02,1,0,True,completed
268,known_visit,HIPC,bernoulli,drop_0.25,19,361,4,10,hipc_h5_bernoulli_025,C:\Users\lottj\Desktop\research\decentralized benchmark\commitment-horizon-study\reference_core_benchmark_pilot\known_visit_10target_300.csv,8,18,12,55.494157067480785,55.494157067480785,02,02,1,0,True,completed
268,known_visit,HIPC,bernoulli,drop_0.25,19,361,4,10,hipc_h5_bernoulli_025,C:\Users\lottj\Desktop\research\decentralized benchmark\commitment-horizon-study\reference_core_benchmark_pilot\known_visit_10target_300.csv,9,5,9,12.518859921009852,12.518859921009852,01,01,1,0,True,completed
268,known_visit,HIPC,bernoulli,drop_0.25,19,361,4,10,hipc_h5_bernoulli_025,C:\Users\lottj\Desktop\research\decentralized benchmark\commitment-horizon-study\reference_core_benchmark_pilot\known_visit_10target_300.csv,10,1,7,2.1420278036622915,2.1420278036622915,01,01,1,0,True,completed
269,known_visit,HIPC,bernoulli,drop_0.25,19,361,4,10,hipc_h5_bernoulli_025,C:\Users\lottj\Desktop\research\decentralized benchmark\commitment-horizon-study\reference_core_benchmark_pilot\known_visit_10target_300.csv,1,14,11,34.702189227806244,34.702189227806244,03,03,1,0,True,completed
269,known_visit,HIPC,bernoulli,drop_0.25,19,361,4,10,hipc_h5_bernoulli_025,C:\Users\lottj\Desktop\research\decentralized benchmark\commitment-horizon-study\reference_core_benchmark_pilot\known_visit_10target_300.csv,2,4,8,9.39008306425766,9.39008306425766,01,01,2,1,True,completed
269,known_visit,HIPC,bernoulli,drop_0.25,19,361,4,10,hipc_h5_bernoulli_025,C:\Users\lottj\Desktop\research\decentralized benchmark\commitment-horizon-study\reference_core_benchmark_pilot\known_visit_10target_300.csv,3,8,12,19.74953703707268,19.74953703707268,02,02,1,0,True,completed
269,known_visit,HIPC,bernoulli,drop_0.25,19,361,4,10,hipc_h5_bernoulli_025,C:\Users\lottj\Desktop\research\decentralized benchmark\commitment-horizon-study\reference_core_benchmark_pilot\known_visit_10target_300.csv,4,13,17,22.26068131478874,22.26068131478874,03,03,1,0,True,completed
269,known_visit,HIPC,bernoulli,drop_0.25,19,361,4,10,hipc_h5_bernoulli_025,C:\Users\lottj\Desktop\research\decentralized benchmark\commitment-horizon-study\reference_core_benchmark_pilot\known_visit_10target_300.csv,5,6,14,12.324666599109202,12.324666599109202,02,02,1,0,True,completed
269,known_visit,HIPC,bernoulli,drop_0.25,19,361,4,10,hipc_h5_bernoulli_025,C:\Users\lottj\Desktop\research\decentralized benchmark\commitment-horizon-study\reference_core_benchmark_pilot\known_visit_10target_300.csv,6,8,1,14.332883145612529,14.332883145612529,00,00,1,0,True,completed
269,known_visit,HIPC,bernoulli,drop_0.25,19,361,4,10,hipc_h5_bernoulli_025,C:\Users\lottj\Desktop\research\decentralized benchmark\commitment-horizon-study\reference_core_benchmark_pilot\known_visit_10target_300.csv,7,5,5,16.471778424309903,16.471778424309903,01,01,1,0,True,completed
269,known_visit,HIPC,bernoulli,drop_0.25,19,361,4,10,hipc_h5_bernoulli_025,C:\Users\lottj\Desktop\research\decentralized benchmark\commitment-horizon-study\reference_core_benchmark_pilot\known_visit_10target_300.csv,8,0,7,0.5295573502670956,0.5295573502670956,01,01,2,1,True,completed
269,known_visit,HIPC,bernoulli,drop_0.25,19,361,4,10,hipc_h5_bernoulli_025,C:\Users\lottj\Desktop\research\decentralized benchmark\commitment-horizon-study\reference_core_benchmark_pilot\known_visit_10target_300.csv,9,9,12,21.841752201540512,21.841752201540512,02,02,1,0,True,completed
269,known_visit,HIPC,bernoulli,drop_0.25,19,361,4,10,hipc_h5_bernoulli_025,C:\Users\lottj\Desktop\research\decentralized benchmark\commitment-horizon-study\reference_core_benchmark_pilot\known_visit_10target_300.csv,10,15,18,48.60911118153233,48.60911118153233,03,03,1,0,True,completed
270,known_visit,HIPC,bernoulli,drop_0.25,19,361,4,10,hipc_h5_bernoulli_025,C:\Users\lottj\Desktop\research\decentralized benchmark\commitment-horizon-study\reference_core_benchmark_pilot\known_visit_10target_300.csv,1,17,1,51.512360918828534,51.512360918828534,00,00,1,0,True,completed
270,known_visit,HIPC,bernoulli,drop_0.25,19,361,4,10,hipc_h5_bernoulli_025,C:\Users\lottj\Desktop\research\decentralized benchmark\commitment-horizon-study\reference_core_benchmark_pilot\known_visit_10target_300.csv,2,10,0,15.603949191056229,15.603949191056229,00,00,1,0,True,completed
270,known_visit,HIPC,bernoulli,drop_0.25,19,361,4,10,hipc_h5_bernoulli_025,C:\Users\lottj\Desktop\research\decentralized benchmark\commitment-horizon-study\reference_core_benchmark_pilot\known_visit_10target_300.csv,3,9,5,26.588781696219716,26.588781696219716,00,00,1,0,True,completed
270,known_visit,HIPC,bernoulli,drop_0.25,19,361,4,10,hipc_h5_bernoulli_025,C:\Users\lottj\Desktop\research\decentralized benchmark\commitment-horizon-study\reference_core_benchmark_pilot\known_visit_10target_300.csv,4,4,16,9.048679616483915,9.048679616483915,03,03,1,0,True,completed
270,known_visit,HIPC,bernoulli,drop_0.25,19,361,4,10,hipc_h5_bernoulli_025,C:\Users\lottj\Desktop\research\decentralized benchmark\commitment-horizon-study\reference_core_benchmark_pilot\known_visit_10target_300.csv,5,15,2,61.0098721778658,61.0098721778658,00,00,1,0,True,completed
270,known_visit,HIPC,bernoulli,drop_0.25,19,361,4,10,hipc_h5_bernoulli_025,C:\Users\lottj\Desktop\research\decentralized benchmark\commitment-horizon-study\reference_core_benchmark_pilot\known_visit_10target_300.csv,6,0,7,8.186899506647377,8.186899506647377,01,01,1,0,True,completed
270,known_visit,HIPC,bernoulli,drop_0.25,19,361,4,10,hipc_h5_bernoulli_025,C:\Users\lottj\Desktop\research\decentralized benchmark\commitment-horizon-study\reference_core_benchmark_pilot\known_visit_10target_300.csv,7,1,0,0.21255511049700884,0.21255511049700884,00,00,1,0,True,completed
270,known_visit,HIPC,bernoulli,drop_0.25,19,361,4,10,hipc_h5_bernoulli_025,C:\Users\lottj\Desktop\research\decentralized benchmark\commitment-horizon-study\reference_core_benchmark_pilot\known_visit_10target_300.csv,8,16,5,42.78181450914033,42.78181450914033,00,00,1,0,True,completed
270,known_visit,HIPC,bernoulli,drop_0.25,19,361,4,10,hipc_h5_bernoulli_025,C:\Users\lottj\Desktop\research\decentralized benchmark\commitment-horizon-study\reference_core_benchmark_pilot\known_visit_10target_300.csv,9,0,5,0.44071865304225466,0.44071865304225466,01,01,1,0,True,completed
270,known_visit,HIPC,bernoulli,drop_0.25,19,361,4,10,hipc_h5_bernoulli_025,C:\Users\lottj\Desktop\research\decentralized benchmark\commitment-horizon-study\reference_core_benchmark_pilot\known_visit_10target_300.csv,10,15,16,27.819502499046724,27.819502499046724,03,03,1,0,True,completed
271,known_visit,HIPC,bernoulli,drop_0.25,19,361,4,10,hipc_h5_bernoulli_025,C:\Users\lottj\Desktop\research\decentralized benchmark\commitment-horizon-study\reference_core_benchmark_pilot\known_visit_10target_300.csv,1,13,4,27.50066347992481,27.50066347992481,00,00,1,0,True,completed
271,known_visit,HIPC,bernoulli,drop_0.25,19,361,4,10,hipc_h5_bernoulli_025,C:\Users\lottj\Desktop\research\decentralized benchmark\commitment-horizon-study\reference_core_benchmark_pilot\known_visit_10target_300.csv,2,18,17,35.59259219636182,35.59259219636182,03,03,1,0,True,completed
271,known_visit,HIPC,bernoulli,drop_0.25,19,361,4,10,hipc_h5_bernoulli_025,C:\Users\lottj\Desktop\research\decentralized benchmark\commitment-horizon-study\reference_core_benchmark_pilot\known_visit_10target_300.csv,3,15,9,39.596585963015286,39.596585963015286,00,00,1,0,True,completed
271,known_visit,HIPC,bernoulli,drop_0.25,19,361,4,10,hipc_h5_bernoulli_025,C:\Users\lottj\Desktop\research\decentralized benchmark\commitment-horizon-study\reference_core_benchmark_pilot\known_visit_10target_300.csv,4,11,16,21.112713764452128,21.112713764452128,03,03,1,0,True,completed
271,known_visit,HIPC,bernoulli,drop_0.25,19,361,4,10,hipc_h5_bernoulli_025,C:\Users\lottj\Desktop\research\decentralized benchmark\commitment-horizon-study\reference_core_benchmark_pilot\known_visit_10target_300.csv,5,6,7,10.546900115452168,10.546900115452168,01,01,1,0,True,completed
271,known_visit,HIPC,bernoulli,drop_0.25,19,361,4,10,hipc_h5_bernoulli_025,C:\Users\lottj\Desktop\research\decentralized benchmark\commitment-horizon-study\reference_core_benchmark_pilot\known_visit_10target_300.csv,6,5,0,6.982785447519706,6.982785447519706,00,00,1,0,True,completed
271,known_visit,HIPC,bernoulli,drop_0.25,19,361,4,10,hipc_h5_bernoulli_025,C:\Users\lottj\Desktop\research\decentralized benchmark\commitment-horizon-study\reference_core_benchmark_pilot\known_visit_10target_300.csv,7,7,18,10.597795052664887,10.597795052664887,03,03,1,0,True,completed
271,known_visit,HIPC,bernoulli,drop_0.25,19,361,4,10,hipc_h5_bernoulli_025,C:\Users\lottj\Desktop\research\decentralized benchmark\commitment-horizon-study\reference_core_benchmark_pilot\known_visit_10target_300.csv,8,16,17,31.873392709114338,31.873392709114338,03,03,1,0,True,completed
271,known_visit,HIPC,bernoulli,drop_0.25,19,361,4,10,hipc_h5_bernoulli_025,C:\Users\lottj\Desktop\research\decentralized benchmark\commitment-horizon-study\reference_core_benchmark_pilot\known_visit_10target_300.csv,9,9,0,13.879417689124494,13.879417689124494,00,00,1,0,True,completed
271,known_visit,HIPC,bernoulli,drop_0.25,19,361,4,10,hipc_h5_bernoulli_025,C:\Users\lottj\Desktop\research\decentralized benchmark\commitment-horizon-study\reference_core_benchmark_pilot\known_visit_10target_300.csv,10,11,0,17.247409769362783,17.247409769362783,00,00,1,0,True,completed
272,known_visit,HIPC,bernoulli,drop_0.25,19,361,4,10,hipc_h5_bernoulli_025,C:\Users\lottj\Desktop\research\decentralized benchmark\commitment-horizon-study\reference_core_benchmark_pilot\known_visit_10target_300.csv,1,10,16,19.345670956559246,19.345670956559246,03,03,1,0,True,completed
272,known_visit,HIPC,bernoulli,drop_0.25,19,361,4,10,hipc_h5_bernoulli_025,C:\Users\lottj\Desktop\research\decentralized benchmark\commitment-horizon-study\reference_core_benchmark_pilot\known_visit_10target_300.csv,2,10,4,26.538216958359783,26.538216958359783,01,01,2,1,True,completed
272,known_visit,HIPC,bernoulli,drop_0.25,19,361,4,10,hipc_h5_bernoulli_025,C:\Users\lottj\Desktop\research\decentralized benchmark\commitment-horizon-study\reference_core_benchmark_pilot\known_visit_10target_300.csv,3,8,8,15.905329676682767,15.905329676682767,01,01,1,0,True,completed
272,known_visit,HIPC,bernoulli,drop_0.25,19,361,4,10,hipc_h5_bernoulli_025,C:\Users\lottj\Desktop\research\decentralized benchmark\commitment-horizon-study\reference_core_benchmark_pilot\known_visit_10target_300.csv,4,8,6,12.085025977232766,12.085025977232766,01,01,1,0,True,completed
272,known_visit,HIPC,bernoulli,drop_0.25,19,361,4,10,hipc_h5_bernoulli_025,C:\Users\lottj\Desktop\research\decentralized benchmark\commitment-horizon-study\reference_core_benchmark_pilot\known_visit_10target_300.csv,5,13,10,50.269418706245595,50.269418706245595,03,03,1,0,True,completed
272,known_visit,HIPC,bernoulli,drop_0.25,19,361,4,10,hipc_h5_bernoulli_025,C:\Users\lottj\Desktop\research\decentralized benchmark\commitment-horizon-study\reference_core_benchmark_pilot\known_visit_10target_300.csv,6,11,13,26.618887242973557,26.618887242973557,03,03,1,0,True,completed
272,known_visit,HIPC,bernoulli,drop_0.25,19,361,4,10,hipc_h5_bernoulli_025,C:\Users\lottj\Desktop\research\decentralized benchmark\commitment-horizon-study\reference_core_benchmark_pilot\known_visit_10target_300.csv,7,16,9,42.8762299851025,42.8762299851025,03,03,1,0,True,completed
272,known_visit,HIPC,bernoulli,drop_0.25,19,361,4,10,hipc_h5_bernoulli_025,C:\Users\lottj\Desktop\research\decentralized benchmark\commitment-horizon-study\reference_core_benchmark_pilot\known_visit_10target_300.csv,8,12,9,35.514055379776345,35.514055379776345,03,03,1,0,True,completed
272,known_visit,HIPC,bernoulli,drop_0.25,19,361,4,10,hipc_h5_bernoulli_025,C:\Users\lottj\Desktop\research\decentralized benchmark\commitment-horizon-study\reference_core_benchmark_pilot\known_visit_10target_300.csv,9,7,2,16.068387836761897,16.068387836761897,00,00,1,0,True,completed
272,known_visit,HIPC,bernoulli,drop_0.25,19,361,4,10,hipc_h5_bernoulli_025,C:\Users\lottj\Desktop\research\decentralized benchmark\commitment-horizon-study\reference_core_benchmark_pilot\known_visit_10target_300.csv,10,16,15,60.26892054627616,60.26892054627616,01,01,1,0,True,completed
273,known_visit,HIPC,bernoulli,drop_0.25,19,361,4,10,hipc_h5_bernoulli_025,C:\Users\lottj\Desktop\research\decentralized benchmark\commitment-horizon-study\reference_core_benchmark_pilot\known_visit_10target_300.csv,1,14,11,57.724169619883476,57.724169619883476,00,00,1,0,True,completed
273,known_visit,HIPC,bernoulli,drop_0.25,19,361,4,10,hipc_h5_bernoulli_025,C:\Users\lottj\Desktop\research\decentralized benchmark\commitment-horizon-study\reference_core_benchmark_pilot\known_visit_10target_300.csv,2,3,3,9.10937981888879,9.10937981888879,00,00,1,0,True,completed
273,known_visit,HIPC,bernoulli,drop_0.25,19,361,4,10,hipc_h5_bernoulli_025,C:\Users\lottj\Desktop\research\decentralized benchmark\commitment-horizon-study\reference_core_benchmark_pilot\known_visit_10target_300.csv,3,13,0,32.518134590960074,32.518134590960074,00,00,1,0,True,completed
273,known_visit,HIPC,bernoulli,drop_0.25,19,361,4,10,hipc_h5_bernoulli_025,C:\Users\lottj\Desktop\research\decentralized benchmark\commitment-horizon-study\reference_core_benchmark_pilot\known_visit_10target_300.csv,4,13,4,39.82937460967229,39.82937460967229,00,00,1,0,True,completed
273,known_visit,HIPC,bernoulli,drop_0.25,19,361,4,10,hipc_h5_bernoulli_025,C:\Users\lottj\Desktop\research\decentralized benchmark\commitment-horizon-study\reference_core_benchmark_pilot\known_visit_10target_300.csv,5,8,0,23.52833382123121,23.52833382123121,00,00,2,1,True,completed
273,known_visit,HIPC,bernoulli,drop_0.25,19,361,4,10,hipc_h5_bernoulli_025,C:\Users\lottj\Desktop\research\decentralized benchmark\commitment-horizon-study\reference_core_benchmark_pilot\known_visit_10target_300.csv,6,3,16,7.434653535572927,7.434653535572927,03,03,2,1,True,completed
273,known_visit,HIPC,bernoulli,drop_0.25,19,361,4,10,hipc_h5_bernoulli_025,C:\Users\lottj\Desktop\research\decentralized benchmark\commitment-horizon-study\reference_core_benchmark_pilot\known_visit_10target_300.csv,7,9,14,21.205204890625776,21.205204890625776,03,03,1,0,True,completed
273,known_visit,HIPC,bernoulli,drop_0.25,19,361,4,10,hipc_h5_bernoulli_025,C:\Users\lottj\Desktop\research\decentralized benchmark\commitment-horizon-study\reference_core_benchmark_pilot\known_visit_10target_300.csv,8,8,7,42.31873439133497,42.31873439133497,03,03,1,0,True,completed
273,known_visit,HIPC,bernoulli,drop_0.25,19,361,4,10,hipc_h5_bernoulli_025,C:\Users\lottj\Desktop\research\decentralized benchmark\commitment-horizon-study\reference_core_benchmark_pilot\known_visit_10target_300.csv,9,11,9,33.36891209121922,33.36891209121922,03,03,1,0,True,completed
273,known_visit,HIPC,bernoulli,drop_0.25,19,361,4,10,hipc_h5_bernoulli_025,C:\Users\lottj\Desktop\research\decentralized benchmark\commitment-horizon-study\reference_core_benchmark_pilot\known_visit_10target_300.csv,10,12,5,43.49237592382422,43.49237592382422,00,00,1,0,True,completed
274,known_visit,HIPC,bernoulli,drop_0.25,19,361,4,10,hipc_h5_bernoulli_025,C:\Users\lottj\Desktop\research\decentralized benchmark\commitment-horizon-study\reference_core_benchmark_pilot\known_visit_10target_300.csv,1,8,10,30.416536179926947,30.416536179926947,00,00,1,0,True,completed
274,known_visit,HIPC,bernoulli,drop_0.25,19,361,4,10,hipc_h5_bernoulli_025,C:\Users\lottj\Desktop\research\decentralized benchmark\commitment-horizon-study\reference_core_benchmark_pilot\known_visit_10target_300.csv,2,6,5,10.934261849387754,10.934261849387754,01,01,1,0,True,completed
274,known_visit,HIPC,bernoulli,drop_0.25,19,361,4,10,hipc_h5_bernoulli_025,C:\Users\lottj\Desktop\research\decentralized benchmark\commitment-horizon-study\reference_core_benchmark_pilot\known_visit_10target_300.csv,3,13,8,28.276602490679746,28.276602490679746,01,01,1,0,True,completed
274,known_visit,HIPC,bernoulli,drop_0.25,19,361,4,10,hipc_h5_bernoulli_025,C:\Users\lottj\Desktop\research\decentralized benchmark\commitment-horizon-study\reference_core_benchmark_pilot\known_visit_10target_300.csv,4,0,5,0.4058441561953545,0.4058441561953545,01,01,2,1,True,completed
274,known_visit,HIPC,bernoulli,drop_0.25,19,361,4,10,hipc_h5_bernoulli_025,C:\Users\lottj\Desktop\research\decentralized benchmark\commitment-horizon-study\reference_core_benchmark_pilot\known_visit_10target_300.csv,5,16,4,40.652395014557335,40.652395014557335,01,01,1,0,True,completed
274,known_visit,HIPC,bernoulli,drop_0.25,19,361,4,10,hipc_h5_bernoulli_025,C:\Users\lottj\Desktop\research\decentralized benchmark\commitment-horizon-study\reference_core_benchmark_pilot\known_visit_10target_300.csv,6,10,13,39.353249518460956,39.353249518460956,00,00,1,0,True,completed
274,known_visit,HIPC,bernoulli,drop_0.25,19,361,4,10,hipc_h5_bernoulli_025,C:\Users\lottj\Desktop\research\decentralized benchmark\commitment-horizon-study\reference_core_benchmark_pilot\known_visit_10target_300.csv,7,16,17,56.92384961437904,56.92384961437904,00,00,1,0,True,completed
274,known_visit,HIPC,bernoulli,drop_0.25,19,361,4,10,hipc_h5_bernoulli_025,C:\Users\lottj\Desktop\research\decentralized benchmark\commitment-horizon-study\reference_core_benchmark_pilot\known_visit_10target_300.csv,8,2,4,9.294493987517901,9.294493987517901,00,00,1,0,True,completed
274,known_visit,HIPC,bernoulli,drop_0.25,19,361,4,10,hipc_h5_bernoulli_025,C:\Users\lottj\Desktop\research\decentralized benchmark\commitment-horizon-study\reference_core_benchmark_pilot\known_visit_10target_300.csv,9,12,16,48.09700358643369,48.09700358643369,00,00,1,0,True,completed
274,known_visit,HIPC,bernoulli,drop_0.25,19,361,4,10,hipc_h5_bernoulli_025,C:\Users\lottj\Desktop\research\decentralized benchmark\commitment-horizon-study\reference_core_benchmark_pilot\known_visit_10target_300.csv,10,1,16,3.829932685131478,3.829932685131478,03,03,1,0,True,completed
275,known_visit,HIPC,bernoulli,drop_0.25,19,361,4,10,hipc_h5_bernoulli_025,C:\Users\lottj\Desktop\research\decentralized benchmark\commitment-horizon-study\reference_core_benchmark_pilot\known_visit_10target_300.csv,1,14,13,31.697033500754948,31.697033500754948,03,03,1,0,True,completed
275,known_visit,HIPC,bernoulli,drop_0.25,19,361,4,10,hipc_h5_bernoulli_025,C:\Users\lottj\Desktop\research\decentralized benchmark\commitment-horizon-study\reference_core_benchmark_pilot\known_visit_10target_300.csv,2,1,11,2.1132303626254454,2.1132303626254454,02,02,1,0,True,completed
275,known_visit,HIPC,bernoulli,drop_0.25,19,361,4,10,hipc_h5_bernoulli_025,C:\Users\lottj\Desktop\research\decentralized benchmark\commitment-horizon-study\reference_core_benchmark_pilot\known_visit_10target_300.csv,3,18,15,49.29275258288245,49.29275258288245,03,03,1,0,True,completed
275,known_visit,HIPC,bernoulli,drop_0.25,19,361,4,10,hipc_h5_bernoulli_025,C:\Users\lottj\Desktop\research\decentralized benchmark\commitment-horizon-study\reference_core_benchmark_pilot\known_visit_10target_300.csv,4,1,17,2.1277839691260985,2.1277839691260985,03,03,1,0,True,completed
275,known_visit,HIPC,bernoulli,drop_0.25,19,361,4,10,hipc_h5_bernoulli_025,C:\Users\lottj\Desktop\research\decentralized benchmark\commitment-horizon-study\reference_core_benchmark_pilot\known_visit_10target_300.csv,5,4,6,5.402137964757404,5.402137964757404,01,01,1,0,True,completed
275,known_visit,HIPC,bernoulli,drop_0.25,19,361,4,10,hipc_h5_bernoulli_025,C:\Users\lottj\Desktop\research\decentralized benchmark\commitment-horizon-study\reference_core_benchmark_pilot\known_visit_10target_300.csv,6,2,0,1.7981346407500047,1.7981346407500047,00,00,2,1,True,completed
275,known_visit,HIPC,bernoulli,drop_0.25,19,361,4,10,hipc_h5_bernoulli_025,C:\Users\lottj\Desktop\research\decentralized benchmark\commitment-horizon-study\reference_core_benchmark_pilot\known_visit_10target_300.csv,7,9,1,15.63260380102145,15.63260380102145,00,00,1,0,True,completed
275,known_visit,HIPC,bernoulli,drop_0.25,19,361,4,10,hipc_h5_bernoulli_025,C:\Users\lottj\Desktop\research\decentralized benchmark\commitment-horizon-study\reference_core_benchmark_pilot\known_visit_10target_300.csv,8,16,11,38.74955174676166,38.74955174676166,03,03,1,0,True,completed
275,known_visit,HIPC,bernoulli,drop_0.25,19,361,4,10,hipc_h5_bernoulli_025,C:\Users\lottj\Desktop\research\decentralized benchmark\commitment-horizon-study\reference_core_benchmark_pilot\known_visit_10target_300.csv,9,8,16,15.988038813094104,15.988038813094104,03,03,1,0,True,completed
275,known_visit,HIPC,bernoulli,drop_0.25,19,361,4,10,hipc_h5_bernoulli_025,C:\Users\lottj\Desktop\research\decentralized benchmark\commitment-horizon-study\reference_core_benchmark_pilot\known_visit_10target_300.csv,10,17,0,31.538656711562115,31.538656711562115,00,00,1,0,True,completed
276,known_visit,HIPC,bernoulli,drop_0.25,19,361,4,10,hipc_h5_bernoulli_025,C:\Users\lottj\Desktop\research\decentralized benchmark\commitment-horizon-study\reference_core_benchmark_pilot\known_visit_10target_300.csv,1,10,17,17.567338250625642,17.567338250625642,03,03,1,0,True,completed
276,known_visit,HIPC,bernoulli,drop_0.25,19,361,4,10,hipc_h5_bernoulli_025,C:\Users\lottj\Desktop\research\decentralized benchmark\commitment-horizon-study\reference_core_benchmark_pilot\known_visit_10target_300.csv,2,11,17,19.31707976239985,19.31707976239985,03,03,1,0,True,completed
276,known_visit,HIPC,bernoulli,drop_0.25,19,361,4,10,hipc_h5_bernoulli_025,C:\Users\lottj\Desktop\research\decentralized benchmark\commitment-horizon-study\reference_core_benchmark_pilot\known_visit_10target_300.csv,3,13,3,46.46243630033114,46.46243630033114,03,03,1,0,True,completed
276,known_visit,HIPC,bernoulli,drop_0.25,19,361,4,10,hipc_h5_bernoulli_025,C:\Users\lottj\Desktop\research\decentralized benchmark\commitment-horizon-study\reference_core_benchmark_pilot\known_visit_10target_300.csv,4,13,13,29.75565645897158,29.75565645897158,03,03,1,0,True,completed
276,known_visit,HIPC,bernoulli,drop_0.25,19,361,4,10,hipc_h5_bernoulli_025,C:\Users\lottj\Desktop\research\decentralized benchmark\commitment-horizon-study\reference_core_benchmark_pilot\known_visit_10target_300.csv,5,6,2,12.654639304814198,12.654639304814198,00,00,1,0,True,completed
276,known_visit,HIPC,bernoulli,drop_0.25,19,361,4,10,hipc_h5_bernoulli_025,C:\Users\lottj\Desktop\research\decentralized benchmark\commitment-horizon-study\reference_core_benchmark_pilot\known_visit_10target_300.csv,6,7,11,33.72155084008678,33.72155084008678,00,00,1,0,True,completed
276,known_visit,HIPC,bernoulli,drop_0.25,19,361,4,10,hipc_h5_bernoulli_025,C:\Users\lottj\Desktop\research\decentralized benchmark\commitment-horizon-study\reference_core_benchmark_pilot\known_visit_10target_300.csv,7,8,8,26.25508821861956,26.25508821861956,00,00,1,0,True,completed
276,known_visit,HIPC,bernoulli,drop_0.25,19,361,4,10,hipc_h5_bernoulli_025,C:\Users\lottj\Desktop\research\decentralized benchmark\commitment-horizon-study\reference_core_benchmark_pilot\known_visit_10target_300.csv,8,0,9,3.831868560742617,3.831868560742617,01,01,1,0,True,completed
276,known_visit,HIPC,bernoulli,drop_0.25,19,361,4,10,hipc_h5_bernoulli_025,C:\Users\lottj\Desktop\research\decentralized benchmark\commitment-horizon-study\reference_core_benchmark_pilot\known_visit_10target_300.csv,9,4,17,7.397020436561089,7.397020436561089,03,03,1,0,True,completed
276,known_visit,HIPC,bernoulli,drop_0.25,19,361,4,10,hipc_h5_bernoulli_025,C:\Users\lottj\Desktop\research\decentralized benchmark\commitment-horizon-study\reference_core_benchmark_pilot\known_visit_10target_300.csv,10,0,17,0.5518046456269101,0.5518046456269101,03,03,1,0,True,completed
277,known_visit,HIPC,bernoulli,drop_0.25,19,361,4,10,hipc_h5_bernoulli_025,C:\Users\lottj\Desktop\research\decentralized benchmark\commitment-horizon-study\reference_core_benchmark_pilot\known_visit_10target_300.csv,1,15,16,52.859398515156556,52.859398515156556,02,02,1,0,True,completed
277,known_visit,HIPC,bernoulli,drop_0.25,19,361,4,10,hipc_h5_bernoulli_025,C:\Users\lottj\Desktop\research\decentralized benchmark\commitment-horizon-study\reference_core_benchmark_pilot\known_visit_10target_300.csv,2,2,5,3.8211302796110327,3.8211302796110327,01,01,1,0,True,completed
277,known_visit,HIPC,bernoulli,drop_0.25,19,361,4,10,hipc_h5_bernoulli_025,C:\Users\lottj\Desktop\research\decentralized benchmark\commitment-horizon-study\reference_core_benchmark_pilot\known_visit_10target_300.csv,3,13,1,22.456797180233472,22.456797180233472,00,00,1,0,True,completed
277,known_visit,HIPC,bernoulli,drop_0.25,19,361,4,10,hipc_h5_bernoulli_025,C:\Users\lottj\Desktop\research\decentralized benchmark\commitment-horizon-study\reference_core_benchmark_pilot\known_visit_10target_300.csv,4,4,9,14.72788525875282,14.72788525875282,02,02,1,0,True,completed
277,known_visit,HIPC,bernoulli,drop_0.25,19,361,4,10,hipc_h5_bernoulli_025,C:\Users\lottj\Desktop\research\decentralized benchmark\commitment-horizon-study\reference_core_benchmark_pilot\known_visit_10target_300.csv,5,14,3,27.83143252765384,27.83143252765384,00,00,1,0,True,completed
277,known_visit,HIPC,bernoulli,drop_0.25,19,361,4,10,hipc_h5_bernoulli_025,C:\Users\lottj\Desktop\research\decentralized benchmark\commitment-horizon-study\reference_core_benchmark_pilot\known_visit_10target_300.csv,6,11,8,32.44483631721965,32.44483631721965,02,02,1,0,True,completed
277,known_visit,HIPC,bernoulli,drop_0.25,19,361,4,10,hipc_h5_bernoulli_025,C:\Users\lottj\Desktop\research\decentralized benchmark\commitment-horizon-study\reference_core_benchmark_pilot\known_visit_10target_300.csv,7,16,17,56.5601847843713,56.5601847843713,02,02,1,0,True,completed
277,known_visit,HIPC,bernoulli,drop_0.25,19,361,4,10,hipc_h5_bernoulli_025,C:\Users\lottj\Desktop\research\decentralized benchmark\commitment-horizon-study\reference_core_benchmark_pilot\known_visit_10target_300.csv,8,9,7,27.048131569121015,27.048131569121015,02,02,2,1,True,completed
277,known_visit,HIPC,bernoulli,drop_0.25,19,361,4,10,hipc_h5_bernoulli_025,C:\Users\lottj\Desktop\research\decentralized benchmark\commitment-horizon-study\reference_core_benchmark_pilot\known_visit_10target_300.csv,9,4,13,7.711601812412985,7.711601812412985,02,02,1,0,True,completed
277,known_visit,HIPC,bernoulli,drop_0.25,19,361,4,10,hipc_h5_bernoulli_025,C:\Users\lottj\Desktop\research\decentralized benchmark\commitment-horizon-study\reference_core_benchmark_pilot\known_visit_10target_300.csv,10,2,13,3.8569103835112335,3.8569103835112335,02,02,1,0,True,completed
278,known_visit,HIPC,bernoulli,drop_0.25,19,361,4,10,hipc_h5_bernoulli_025,C:\Users\lottj\Desktop\research\decentralized benchmark\commitment-horizon-study\reference_core_benchmark_pilot\known_visit_10target_300.csv,1,10,16,18.756187937963265,18.756187937963265,03,03,2,1,True,completed
278,known_visit,HIPC,bernoulli,drop_0.25,19,361,4,10,hipc_h5_bernoulli_025,C:\Users\lottj\Desktop\research\decentralized benchmark\commitment-horizon-study\reference_core_benchmark_pilot\known_visit_10target_300.csv,2,0,9,7.631880222347708,7.631880222347708,01,01,1,0,True,completed
278,known_visit,HIPC,bernoulli,drop_0.25,19,361,4,10,hipc_h5_bernoulli_025,C:\Users\lottj\Desktop\research\decentralized benchmark\commitment-horizon-study\reference_core_benchmark_pilot\known_visit_10target_300.csv,3,7,7,23.381826791859265,23.381826791859265,00,00,1,0,True,completed
278,known_visit,HIPC,bernoulli,drop_0.25,19,361,4,10,hipc_h5_bernoulli_025,C:\Users\lottj\Desktop\research\decentralized benchmark\commitment-horizon-study\reference_core_benchmark_pilot\known_visit_10target_300.csv,4,10,17,17.043575920226253,17.043575920226253,03,03,2,1,True,completed
278,known_visit,HIPC,bernoulli,drop_0.25,19,361,4,10,hipc_h5_bernoulli_025,C:\Users\lottj\Desktop\research\decentralized benchmark\commitment-horizon-study\reference_core_benchmark_pilot\known_visit_10target_300.csv,5,2,2,5.6546283911243185,5.6546283911243185,00,00,1,0,True,completed
278,known_visit,HIPC,bernoulli,drop_0.25,19,361,4,10,hipc_h5_bernoulli_025,C:\Users\lottj\Desktop\research\decentralized benchmark\commitment-horizon-study\reference_core_benchmark_pilot\known_visit_10target_300.csv,6,9,12,27.704118342986757,27.704118342986757,03,03,2,1,True,completed
278,known_visit,HIPC,bernoulli,drop_0.25,19,361,4,10,hipc_h5_bernoulli_025,C:\Users\lottj\Desktop\research\decentralized benchmark\commitment-horizon-study\reference_core_benchmark_pilot\known_visit_10target_300.csv,7,6,4,16.17582132972176,16.17582132972176,00,00,1,0,True,completed
278,known_visit,HIPC,bernoulli,drop_0.25,19,361,4,10,hipc_h5_bernoulli_025,C:\Users\lottj\Desktop\research\decentralized benchmark\commitment-horizon-study\reference_core_benchmark_pilot\known_visit_10target_300.csv,8,18,2,72.06739752864486,72.06739752864486,03,03,1,0,True,completed
278,known_visit,HIPC,bernoulli,drop_0.25,19,361,4,10,hipc_h5_bernoulli_025,C:\Users\lottj\Desktop\research\decentralized benchmark\commitment-horizon-study\reference_core_benchmark_pilot\known_visit_10target_300.csv,9,18,13,49.287937958459786,49.287937958459786,03,03,1,0,True,completed
278,known_visit,HIPC,bernoulli,drop_0.25,19,361,4,10,hipc_h5_bernoulli_025,C:\Users\lottj\Desktop\research\decentralized benchmark\commitment-horizon-study\reference_core_benchmark_pilot\known_visit_10target_300.csv,10,1,7,2.2026374036431062,2.2026374036431062,01,01,1,0,True,completed
279,known_visit,HIPC,bernoulli,drop_0.25,19,361,4,10,hipc_h5_bernoulli_025,C:\Users\lottj\Desktop\research\decentralized benchmark\commitment-horizon-study\reference_core_benchmark_pilot\known_visit_10target_300.csv,1,4,15,14.613112933454216,14.613112933454216,02,02,1,0,True,completed
279,known_visit,HIPC,bernoulli,drop_0.25,19,361,4,10,hipc_h5_bernoulli_025,C:\Users\lottj\Desktop\research\decentralized benchmark\commitment-horizon-study\reference_core_benchmark_pilot\known_visit_10target_300.csv,2,0,11,0.528738316417482,0.528738316417482,02,02,1,0,True,completed
279,known_visit,HIPC,bernoulli,drop_0.25,19,361,4,10,hipc_h5_bernoulli_025,C:\Users\lottj\Desktop\research\decentralized benchmark\commitment-horizon-study\reference_core_benchmark_pilot\known_visit_10target_300.csv,3,10,16,33.82139838573054,33.82139838573054,02,02,1,0,True,completed
279,known_visit,HIPC,bernoulli,drop_0.25,19,361,4,10,hipc_h5_bernoulli_025,C:\Users\lottj\Desktop\research\decentralized benchmark\commitment-horizon-study\reference_core_benchmark_pilot\known_visit_10target_300.csv,4,4,12,9.488432145767083,9.488432145767083,02,02,1,0,True,completed
279,known_visit,HIPC,bernoulli,drop_0.25,19,361,4,10,hipc_h5_bernoulli_025,C:\Users\lottj\Desktop\research\decentralized benchmark\commitment-horizon-study\reference_core_benchmark_pilot\known_visit_10target_300.csv,5,8,11,39.49649164106862,39.49649164106862,00,00,1,0,True,completed
279,known_visit,HIPC,bernoulli,drop_0.25,19,361,4,10,hipc_h5_bernoulli_025,C:\Users\lottj\Desktop\research\decentralized benchmark\commitment-horizon-study\reference_core_benchmark_pilot\known_visit_10target_300.csv,6,5,18,21.537632203859953,21.537632203859953,02,02,1,0,True,completed
279,known_visit,HIPC,bernoulli,drop_0.25,19,361,4,10,hipc_h5_bernoulli_025,C:\Users\lottj\Desktop\research\decentralized benchmark\commitment-horizon-study\reference_core_benchmark_pilot\known_visit_10target_300.csv,7,6,4,15.880860440952798,15.880860440952798,00,00,1,0,True,completed
279,known_visit,HIPC,bernoulli,drop_0.25,19,361,4,10,hipc_h5_bernoulli_025,C:\Users\lottj\Desktop\research\decentralized benchmark\commitment-horizon-study\reference_core_benchmark_pilot\known_visit_10target_300.csv,8,7,11,41.1110746507108,41.1110746507108,00,00,1,0,True,completed
279,known_visit,HIPC,bernoulli,drop_0.25,19,361,4,10,hipc_h5_bernoulli_025,C:\Users\lottj\Desktop\research\decentralized benchmark\commitment-horizon-study\reference_core_benchmark_pilot\known_visit_10target_300.csv,9,8,3,21.56450241228604,21.56450241228604,00,00,1,0,True,completed
279,known_visit,HIPC,bernoulli,drop_0.25,19,361,4,10,hipc_h5_bernoulli_025,C:\Users\lottj\Desktop\research\decentralized benchmark\commitment-horizon-study\reference_core_benchmark_pilot\known_visit_10target_300.csv,10,13,18,42.88716411332866,42.88716411332866,02,02,1,0,True,completed
280,known_visit,HIPC,bernoulli,drop_0.25,19,361,4,10,hipc_h5_bernoulli_025,C:\Users\lottj\Desktop\research\decentralized benchmark\commitment-horizon-study\reference_core_benchmark_pilot\known_visit_10target_300.csv,1,16,17,46.78360217973719,46.78360217973719,02,02,1,0,True,completed
280,known_visit,HIPC,bernoulli,drop_0.25,19,361,4,10,hipc_h5_bernoulli_025,C:\Users\lottj\Desktop\research\decentralized benchmark\commitment-horizon-study\reference_core_benchmark_pilot\known_visit_10target_300.csv,2,1,3,12.767346485465554,12.767346485465554,01,01,2,1,True,completed
280,known_visit,HIPC,bernoulli,drop_0.25,19,361,4,10,hipc_h5_bernoulli_025,C:\Users\lottj\Desktop\research\decentralized benchmark\commitment-horizon-study\reference_core_benchmark_pilot\known_visit_10target_300.csv,3,17,15,52.17147636476802,52.17147636476802,02,02,1,0,True,completed
280,known_visit,HIPC,bernoulli,drop_0.25,19,361,4,10,hipc_h5_bernoulli_025,C:\Users\lottj\Desktop\research\decentralized benchmark\commitment-horizon-study\reference_core_benchmark_pilot\known_visit_10target_300.csv,4,1,5,9.304066787996652,9.304066787996652,01,01,2,1,True,completed
280,known_visit,HIPC,bernoulli,drop_0.25,19,361,4,10,hipc_h5_bernoulli_025,C:\Users\lottj\Desktop\research\decentralized benchmark\commitment-horizon-study\reference_core_benchmark_pilot\known_visit_10target_300.csv,5,2,13,3.913338463545981,3.913338463545981,02,02,1,0,True,completed
280,known_visit,HIPC,bernoulli,drop_0.25,19,361,4,10,hipc_h5_bernoulli_025,C:\Users\lottj\Desktop\research\decentralized benchmark\commitment-horizon-study\reference_core_benchmark_pilot\known_visit_10target_300.csv,6,0,8,2.069976856631176,2.069976856631176,01,01,1,0,True,completed
280,known_visit,HIPC,bernoulli,drop_0.25,19,361,4,10,hipc_h5_bernoulli_025,C:\Users\lottj\Desktop\research\decentralized benchmark\commitment-horizon-study\reference_core_benchmark_pilot\known_visit_10target_300.csv,7,13,18,39.6076027578289,39.6076027578289,02,02,1,0,True,completed
280,known_visit,HIPC,bernoulli,drop_0.25,19,361,4,10,hipc_h5_bernoulli_025,C:\Users\lottj\Desktop\research\decentralized benchmark\commitment-horizon-study\reference_core_benchmark_pilot\known_visit_10target_300.csv,8,14,2,36.685899285656596,36.685899285656596,01,01,1,0,True,completed
280,known_visit,HIPC,bernoulli,drop_0.25,19,361,4,10,hipc_h5_bernoulli_025,C:\Users\lottj\Desktop\research\decentralized benchmark\commitment-horizon-study\reference_core_benchmark_pilot\known_visit_10target_300.csv,9,12,18,37.62829526508439,37.62829526508439,02,02,1,0,True,completed
280,known_visit,HIPC,bernoulli,drop_0.25,19,361,4,10,hipc_h5_bernoulli_025,C:\Users\lottj\Desktop\research\decentralized benchmark\commitment-horizon-study\reference_core_benchmark_pilot\known_visit_10target_300.csv,10,10,11,21.55400286369159,21.55400286369159,02,02,1,0,True,completed
281,known_visit,HIPC,bernoulli,drop_0.25,19,361,4,10,hipc_h5_bernoulli_025,C:\Users\lottj\Desktop\research\decentralized benchmark\commitment-horizon-study\reference_core_benchmark_pilot\known_visit_10target_300.csv,1,3,7,5.510115553260979,5.510115553260979,01,01,1,0,True,completed
281,known_visit,HIPC,bernoulli,drop_0.25,19,361,4,10,hipc_h5_bernoulli_025,C:\Users\lottj\Desktop\research\decentralized benchmark\commitment-horizon-study\reference_core_benchmark_pilot\known_visit_10target_300.csv,2,10,7,17.83430222879952,17.83430222879952,01,01,1,0,True,completed
281,known_visit,HIPC,bernoulli,drop_0.25,19,361,4,10,hipc_h5_bernoulli_025,C:\Users\lottj\Desktop\research\decentralized benchmark\commitment-horizon-study\reference_core_benchmark_pilot\known_visit_10target_300.csv,3,0,3,4.489872545048698,4.489872545048698,00,00,1,0,True,completed
281,known_visit,HIPC,bernoulli,drop_0.25,19,361,4,10,hipc_h5_bernoulli_025,C:\Users\lottj\Desktop\research\decentralized benchmark\commitment-horizon-study\reference_core_benchmark_pilot\known_visit_10target_300.csv,4,5,17,9.187453064298335,9.187453064298335,03,03,1,0,True,completed
281,known_visit,HIPC,bernoulli,drop_0.25,19,361,4,10,hipc_h5_bernoulli_025,C:\Users\lottj\Desktop\research\decentralized benchmark\commitment-horizon-study\reference_core_benchmark_pilot\known_visit_10target_300.csv,5,13,9,26.68762690141418,26.68762690141418,01,01,1,0,True,completed
281,known_visit,HIPC,bernoulli,drop_0.25,19,361,4,10,hipc_h5_bernoulli_025,C:\Users\lottj\Desktop\research\decentralized benchmark\commitment-horizon-study\reference_core_benchmark_pilot\known_visit_10target_300.csv,6,16,13,53.65120284933997,53.65120284933997,01,01,1,0,True,completed
281,known_visit,HIPC,bernoulli,drop_0.25,19,361,4,10,hipc_h5_bernoulli_025,C:\Users\lottj\Desktop\research\decentralized benchmark\commitment-horizon-study\reference_core_benchmark_pilot\known_visit_10target_300.csv,7,11,14,39.03966112050787,39.03966112050787,01,01,1,0,True,completed
281,known_visit,HIPC,bernoulli,drop_0.25,19,361,4,10,hipc_h5_bernoulli_025,C:\Users\lottj\Desktop\research\decentralized benchmark\commitment-horizon-study\reference_core_benchmark_pilot\known_visit_10target_300.csv,8,1,2,8.464460863935754,8.464460863935754,00,00,1,0,True,completed
281,known_visit,HIPC,bernoulli,drop_0.25,19,361,4,10,hipc_h5_bernoulli_025,C:\Users\lottj\Desktop\research\decentralized benchmark\commitment-horizon-study\reference_core_benchmark_pilot\known_visit_10target_300.csv,9,5,0,19.560102143802325,19.560102143802325,00,00,1,0,True,completed
281,known_visit,HIPC,bernoulli,drop_0.25,19,361,4,10,hipc_h5_bernoulli_025,C:\Users\lottj\Desktop\research\decentralized benchmark\commitment-horizon-study\reference_core_benchmark_pilot\known_visit_10target_300.csv,10,2,1,12.335761296682785,12.335761296682785,00,00,1,0,True,completed
282,known_visit,HIPC,bernoulli,drop_0.25,19,361,4,10,hipc_h5_bernoulli_025,C:\Users\lottj\Desktop\research\decentralized benchmark\commitment-horizon-study\reference_core_benchmark_pilot\known_visit_10target_300.csv,1,10,16,19.493315962928126,19.493315962928126,03,03,1,0,True,completed
282,known_visit,HIPC,bernoulli,drop_0.25,19,361,4,10,hipc_h5_bernoulli_025,C:\Users\lottj\Desktop\research\decentralized benchmark\commitment-horizon-study\reference_core_benchmark_pilot\known_visit_10target_300.csv,2,8,0,12.319096301476936,12.319096301476936,00,00,1,0,True,completed
282,known_visit,HIPC,bernoulli,drop_0.25,19,361,4,10,hipc_h5_bernoulli_025,C:\Users\lottj\Desktop\research\decentralized benchmark\commitment-horizon-study\reference_core_benchmark_pilot\known_visit_10target_300.csv,3,14,3,39.30979897507809,39.30979897507809,00,00,1,0,True,completed
282,known_visit,HIPC,bernoulli,drop_0.25,19,361,4,10,hipc_h5_bernoulli_025,C:\Users\lottj\Desktop\research\decentralized benchmark\commitment-horizon-study\reference_core_benchmark_pilot\known_visit_10target_300.csv,4,6,3,21.340248987115768,21.340248987115768,00,00,1,0,True,completed
282,known_visit,HIPC,bernoulli,drop_0.25,19,361,4,10,hipc_h5_bernoulli_025,C:\Users\lottj\Desktop\research\decentralized benchmark\commitment-horizon-study\reference_core_benchmark_pilot\known_visit_10target_300.csv,5,1,11,2.2501896791244764,2.2501896791244764,02,02,1,0,True,completed
282,known_visit,HIPC,bernoulli,drop_0.25,19,361,4,10,hipc_h5_bernoulli_025,C:\Users\lottj\Desktop\research\decentralized benchmark\commitment-horizon-study\reference_core_benchmark_pilot\known_visit_10target_300.csv,6,9,10,32.20698228420508,32.20698228420508,03,03,1,0,True,completed
282,known_visit,HIPC,bernoulli,drop_0.25,19,361,4,10,hipc_h5_bernoulli_025,C:\Users\lottj\Desktop\research\decentralized benchmark\commitment-horizon-study\reference_core_benchmark_pilot\known_visit_10target_300.csv,7,2,13,8.006470799484154,8.006470799484154,02,02,1,0,True,completed
282,known_visit,HIPC,bernoulli,drop_0.25,19,361,4,10,hipc_h5_bernoulli_025,C:\Users\lottj\Desktop\research\decentralized benchmark\commitment-horizon-study\reference_core_benchmark_pilot\known_visit_10target_300.csv,8,14,0,44.356898467867275,44.356898467867275,00,00,1,0,True,completed
282,known_visit,HIPC,bernoulli,drop_0.25,19,361,4,10,hipc_h5_bernoulli_025,C:\Users\lottj\Desktop\research\decentralized benchmark\commitment-horizon-study\reference_core_benchmark_pilot\known_visit_10target_300.csv,9,10,8,38.021768692630296,38.021768692630296,03,03,1,0,True,completed
282,known_visit,HIPC,bernoulli,drop_0.25,19,361,4,10,hipc_h5_bernoulli_025,C:\Users\lottj\Desktop\research\decentralized benchmark\commitment-horizon-study\reference_core_benchmark_pilot\known_visit_10target_300.csv,10,3,17,5.584255374619857,5.584255374619857,03,03,1,0,True,completed
283,known_visit,HIPC,bernoulli,drop_0.25,19,361,4,10,hipc_h5_bernoulli_025,C:\Users\lottj\Desktop\research\decentralized benchmark\commitment-horizon-study\reference_core_benchmark_pilot\known_visit_10target_300.csv,1,15,3,41.83322897446916,41.83322897446916,00,00,1,0,True,completed
283,known_visit,HIPC,bernoulli,drop_0.25,19,361,4,10,hipc_h5_bernoulli_025,C:\Users\lottj\Desktop\research\decentralized benchmark\commitment-horizon-study\reference_core_benchmark_pilot\known_visit_10target_300.csv,2,6,2,12.794229698542313,12.794229698542313,00,00,1,0,True,completed
283,known_visit,HIPC,bernoulli,drop_0.25,19,361,4,10,hipc_h5_bernoulli_025,C:\Users\lottj\Desktop\research\decentralized benchmark\commitment-horizon-study\reference_core_benchmark_pilot\known_visit_10target_300.csv,3,12,10,59.22223177122953,59.22223177122953,00,00,1,0,True,completed
283,known_visit,HIPC,bernoulli,drop_0.25,19,361,4,10,hipc_h5_bernoulli_025,C:\Users\lottj\Desktop\research\decentralized benchmark\commitment-horizon-study\reference_core_benchmark_pilot\known_visit_10target_300.csv,4,9,17,15.80626340928899,15.80626340928899,03,03,1,0,True,completed
283,known_visit,HIPC,bernoulli,drop_0.25,19,361,4,10,hipc_h5_bernoulli_025,C:\Users\lottj\Desktop\research\decentralized benchmark\commitment-horizon-study\reference_core_benchmark_pilot\known_visit_10target_300.csv,5,14,15,27.969289935998475,27.969289935998475,03,03,1,0,True,completed
283,known_visit,HIPC,bernoulli,drop_0.25,19,361,4,10,hipc_h5_bernoulli_025,C:\Users\lottj\Desktop\research\decentralized benchmark\commitment-horizon-study\reference_core_benchmark_pilot\known_visit_10target_300.csv,6,3,6,3.6736807392987405,3.6736807392987405,01,01,1,0,True,completed
283,known_visit,HIPC,bernoulli,drop_0.25,19,361,4,10,hipc_h5_bernoulli_025,C:\Users\lottj\Desktop\research\decentralized benchmark\commitment-horizon-study\reference_core_benchmark_pilot\known_visit_10target_300.csv,7,6,1,11.100027586865803,11.100027586865803,00,00,1,0,True,completed
283,known_visit,HIPC,bernoulli,drop_0.25,19,361,4,10,hipc_h5_bernoulli_025,C:\Users\lottj\Desktop\research\decentralized benchmark\commitment-horizon-study\reference_core_benchmark_pilot\known_visit_10target_300.csv,8,13,5,48.87358416484492,48.87358416484492,00,00,1,0,True,completed
283,known_visit,HIPC,bernoulli,drop_0.25,19,361,4,10,hipc_h5_bernoulli_025,C:\Users\lottj\Desktop\research\decentralized benchmark\commitment-horizon-study\reference_core_benchmark_pilot\known_visit_10target_300.csv,9,4,11,7.094834404548519,7.094834404548519,02,02,1,0,True,completed
283,known_visit,HIPC,bernoulli,drop_0.25,19,361,4,10,hipc_h5_bernoulli_025,C:\Users\lottj\Desktop\research\decentralized benchmark\commitment-horizon-study\reference_core_benchmark_pilot\known_visit_10target_300.csv,10,15,0,32.5120819962357,32.5120819962357,00,00,1,0,True,completed
284,known_visit,HIPC,bernoulli,drop_0.25,19,361,4,10,hipc_h5_bernoulli_025,C:\Users\lottj\Desktop\research\decentralized benchmark\commitment-horizon-study\reference_core_benchmark_pilot\known_visit_10target_300.csv,1,6,1,10.975361568079418,10.975361568079418,00,00,1,0,True,completed
284,known_visit,HIPC,bernoulli,drop_0.25,19,361,4,10,hipc_h5_bernoulli_025,C:\Users\lottj\Desktop\research\decentralized benchmark\commitment-horizon-study\reference_core_benchmark_pilot\known_visit_10target_300.csv,2,5,16,130.72224939049903,130.72224939049903,03,03,1,0,True,completed
284,known_visit,HIPC,bernoulli,drop_0.25,19,361,4,10,hipc_h5_bernoulli_025,C:\Users\lottj\Desktop\research\decentralized benchmark\commitment-horizon-study\reference_core_benchmark_pilot\known_visit_10target_300.csv,3,16,10,43.81177270541705,43.81177270541705,00,00,1,0,True,completed
284,known_visit,HIPC,bernoulli,drop_0.25,19,361,4,10,hipc_h5_bernoulli_025,C:\Users\lottj\Desktop\research\decentralized benchmark\commitment-horizon-study\reference_core_benchmark_pilot\known_visit_10target_300.csv,4,11,3,23.5227259454907,23.5227259454907,00,00,1,0,True,completed
284,known_visit,HIPC,bernoulli,drop_0.25,19,361,4,10,hipc_h5_bernoulli_025,C:\Users\lottj\Desktop\research\decentralized benchmark\commitment-horizon-study\reference_core_benchmark_pilot\known_visit_10target_300.csv,5,4,15,14.71697174519955,14.71697174519955,02,02,1,0,True,completed
284,known_visit,HIPC,bernoulli,drop_0.25,19,361,4,10,hipc_h5_bernoulli_025,C:\Users\lottj\Desktop\research\decentralized benchmark\commitment-horizon-study\reference_core_benchmark_pilot\known_visit_10target_300.csv,6,2,8,5.542564950185691,5.542564950185691,01,01,1,0,True,completed
284,known_visit,HIPC,bernoulli,drop_0.25,19,361,4,10,hipc_h5_bernoulli_025,C:\Users\lottj\Desktop\research\decentralized benchmark\commitment-horizon-study\reference_core_benchmark_pilot\known_visit_10target_300.csv,7,1,11,2.4719623551762653,2.4719623551762653,02,02,1,0,True,completed
284,known_visit,HIPC,bernoulli,drop_0.25,19,361,4,10,hipc_h5_bernoulli_025,C:\Users\lottj\Desktop\research\decentralized benchmark\commitment-horizon-study\reference_core_benchmark_pilot\known_visit_10target_300.csv,8,0,11,0.4023835191273202,0.4023835191273202,02,02,1,0,True,completed
284,known_visit,HIPC,bernoulli,drop_0.25,19,361,4,10,hipc_h5_bernoulli_025,C:\Users\lottj\Desktop\research\decentralized benchmark\commitment-horizon-study\reference_core_benchmark_pilot\known_visit_10target_300.csv,9,16,14,50.94108728361148,50.94108728361148,00,00,1,0,True,completed
284,known_visit,HIPC,bernoulli,drop_0.25,19,361,4,10,hipc_h5_bernoulli_025,C:\Users\lottj\Desktop\research\decentralized benchmark\commitment-horizon-study\reference_core_benchmark_pilot\known_visit_10target_300.csv,10,10,1,18.119772242650836,18.119772242650836,00,00,1,0,True,completed
285,known_visit,HIPC,bernoulli,drop_0.25,19,361,4,10,hipc_h5_bernoulli_025,C:\Users\lottj\Desktop\research\decentralized benchmark\commitment-horizon-study\reference_core_benchmark_pilot\known_visit_10target_300.csv,1,3,12,3.63509818425004,3.63509818425004,02,02,1,0,True,completed
285,known_visit,HIPC,bernoulli,drop_0.25,19,361,4,10,hipc_h5_bernoulli_025,C:\Users\lottj\Desktop\research\decentralized benchmark\commitment-horizon-study\reference_core_benchmark_pilot\known_visit_10target_300.csv,2,14,14,36.353558294881935,36.353558294881935,02,02,1,0,True,completed
285,known_visit,HIPC,bernoulli,drop_0.25,19,361,4,10,hipc_h5_bernoulli_025,C:\Users\lottj\Desktop\research\decentralized benchmark\commitment-horizon-study\reference_core_benchmark_pilot\known_visit_10target_300.csv,3,18,3,42.46878299544541,42.46878299544541,00,00,1,0,True,completed
285,known_visit,HIPC,bernoulli,drop_0.25,19,361,4,10,hipc_h5_bernoulli_025,C:\Users\lottj\Desktop\research\decentralized benchmark\commitment-horizon-study\reference_core_benchmark_pilot\known_visit_10target_300.csv,4,5,15,12.273219955100707,12.273219955100707,02,02,1,0,True,completed
285,known_visit,HIPC,bernoulli,drop_0.25,19,361,4,10,hipc_h5_bernoulli_025,C:\Users\lottj\Desktop\research\decentralized benchmark\commitment-horizon-study\reference_core_benchmark_pilot\known_visit_10target_300.csv,5,9,3,19.473380159116168,19.473380159116168,00,00,1,0,True,completed
285,known_visit,HIPC,bernoulli,drop_0.25,19,361,4,10,hipc_h5_bernoulli_025,C:\Users\lottj\Desktop\research\decentralized benchmark\commitment-horizon-study\reference_core_benchmark_pilot\known_visit_10target_300.csv,6,9,17,22.59109269222913,22.59109269222913,02,02,1,0,True,completed
285,known_visit,HIPC,bernoulli,drop_0.25,19,361,4,10,hipc_h5_bernoulli_025,C:\Users\lottj\Desktop\research\decentralized benchmark\commitment-horizon-study\reference_core_benchmark_pilot\known_visit_10target_300.csv,7,12,5,28.603276593518952,28.603276593518952,00,00,1,0,True,completed
285,known_visit,HIPC,bernoulli,drop_0.25,19,361,4,10,hipc_h5_bernoulli_025,C:\Users\lottj\Desktop\research\decentralized benchmark\commitment-horizon-study\reference_core_benchmark_pilot\known_visit_10target_300.csv,8,0,16,2.2699793297093316,2.2699793297093316,03,03,1,0,True,completed
285,known_visit,HIPC,bernoulli,drop_0.25,19,361,4,10,hipc_h5_bernoulli_025,C:\Users\lottj\Desktop\research\decentralized benchmark\commitment-horizon-study\reference_core_benchmark_pilot\known_visit_10target_300.csv,9,11,4,24.85786096321894,24.85786096321894,00,00,1,0,True,completed
285,known_visit,HIPC,bernoulli,drop_0.25,19,361,4,10,hipc_h5_bernoulli_025,C:\Users\lottj\Desktop\research\decentralized benchmark\commitment-horizon-study\reference_core_benchmark_pilot\known_visit_10target_300.csv,10,8,2,15.749851999729474,15.749851999729474,00,00,1,0,True,completed
286,known_visit,HIPC,bernoulli,drop_0.25,19,361,4,10,hipc_h5_bernoulli_025,C:\Users\lottj\Desktop\research\decentralized benchmark\commitment-horizon-study\reference_core_benchmark_pilot\known_visit_10target_300.csv,1,13,15,66.24274516397843,66.24274516397843,01,01,1,0,True,completed
286,known_visit,HIPC,bernoulli,drop_0.25,19,361,4,10,hipc_h5_bernoulli_025,C:\Users\lottj\Desktop\research\decentralized benchmark\commitment-horizon-study\reference_core_benchmark_pilot\known_visit_10target_300.csv,2,15,12,57.36085483769368,57.36085483769368,01,01,1,0,True,completed
286,known_visit,HIPC,bernoulli,drop_0.25,19,361,4,10,hipc_h5_bernoulli_025,C:\Users\lottj\Desktop\research\decentralized benchmark\commitment-horizon-study\reference_core_benchmark_pilot\known_visit_10target_300.csv,3,16,7,35.39025518031978,35.39025518031978,01,01,1,0,True,completed
286,known_visit,HIPC,bernoulli,drop_0.25,19,361,4,10,hipc_h5_bernoulli_025,C:\Users\lottj\Desktop\research\decentralized benchmark\commitment-horizon-study\reference_core_benchmark_pilot\known_visit_10target_300.csv,4,6,7,10.283168831485606,10.283168831485606,01,01,1,0,True,completed
286,known_visit,HIPC,bernoulli,drop_0.25,19,361,4,10,hipc_h5_bernoulli_025,C:\Users\lottj\Desktop\research\decentralized benchmark\commitment-horizon-study\reference_core_benchmark_pilot\known_visit_10target_300.csv,5,17,6,39.29258668539348,39.29258668539348,01,01,1,0,True,completed
286,known_visit,HIPC,bernoulli,drop_0.25,19,361,4,10,hipc_h5_bernoulli_025,C:\Users\lottj\Desktop\research\decentralized benchmark\commitment-horizon-study\reference_core_benchmark_pilot\known_visit_10target_300.csv,6,14,5,27.88787713702997,27.88787713702997,01,01,1,0,True,completed
286,known_visit,HIPC,bernoulli,drop_0.25,19,361,4,10,hipc_h5_bernoulli_025,C:\Users\lottj\Desktop\research\decentralized benchmark\commitment-horizon-study\reference_core_benchmark_pilot\known_visit_10target_300.csv,7,18,10,48.34549853601572,48.34549853601572,01,01,1,0,True,completed
286,known_visit,HIPC,bernoulli,drop_0.25,19,361,4,10,hipc_h5_bernoulli_025,C:\Users\lottj\Desktop\research\decentralized benchmark\commitment-horizon-study\reference_core_benchmark_pilot\known_visit_10target_300.csv,8,12,18,73.54181732270919,73.54181732270919,01,01,1,0,True,completed
286,known_visit,HIPC,bernoulli,drop_0.25,19,361,4,10,hipc_h5_bernoulli_025,C:\Users\lottj\Desktop\research\decentralized benchmark\commitment-horizon-study\reference_core_benchmark_pilot\known_visit_10target_300.csv,9,5,0,7.101064065840989,7.101064065840989,00,00,1,0,True,completed
286,known_visit,HIPC,bernoulli,drop_0.25,19,361,4,10,hipc_h5_bernoulli_025,C:\Users\lottj\Desktop\research\decentralized benchmark\commitment-horizon-study\reference_core_benchmark_pilot\known_visit_10target_300.csv,10,5,17,9.02912164575043,9.02912164575043,03,03,2,1,True,completed
287,known_visit,HIPC,bernoulli,drop_0.25,19,361,4,10,hipc_h5_bernoulli_025,C:\Users\lottj\Desktop\research\decentralized benchmark\commitment-horizon-study\reference_core_benchmark_pilot\known_visit_10target_300.csv,1,8,1,13.934528308161665,13.934528308161665,00,00,1,0,True,completed
287,known_visit,HIPC,bernoulli,drop_0.25,19,361,4,10,hipc_h5_bernoulli_025,C:\Users\lottj\Desktop\research\decentralized benchmark\commitment-horizon-study\reference_core_benchmark_pilot\known_visit_10target_300.csv,2,5,14,10.867451146631536,10.867451146631536,02,02,1,0,True,completed
287,known_visit,HIPC,bernoulli,drop_0.25,19,361,4,10,hipc_h5_bernoulli_025,C:\Users\lottj\Desktop\research\decentralized benchmark\commitment-horizon-study\reference_core_benchmark_pilot\known_visit_10target_300.csv,3,17,1,36.75116985441986,36.75116985441986,00,00,1,0,True,completed
287,known_visit,HIPC,bernoulli,drop_0.25,19,361,4,10,hipc_h5_bernoulli_025,C:\Users\lottj\Desktop\research\decentralized benchmark\commitment-horizon-study\reference_core_benchmark_pilot\known_visit_10target_300.csv,4,6,0,8.68341044264851,8.68341044264851,00,00,1,0,True,completed
287,known_visit,HIPC,bernoulli,drop_0.25,19,361,4,10,hipc_h5_bernoulli_025,C:\Users\lottj\Desktop\research\decentralized benchmark\commitment-horizon-study\reference_core_benchmark_pilot\known_visit_10target_300.csv,5,7,17,19.422776834802054,19.422776834802054,02,02,2,1,True,completed
287,known_visit,HIPC,bernoulli,drop_0.25,19,361,4,10,hipc_h5_bernoulli_025,C:\Users\lottj\Desktop\research\decentralized benchmark\commitment-horizon-study\reference_core_benchmark_pilot\known_visit_10target_300.csv,6,14,7,52.09458705315798,52.09458705315798,02,02,1,0,True,completed
287,known_visit,HIPC,bernoulli,drop_0.25,19,361,4,10,hipc_h5_bernoulli_025,C:\Users\lottj\Desktop\research\decentralized benchmark\commitment-horizon-study\reference_core_benchmark_pilot\known_visit_10target_300.csv,7,4,4,8.930827971229277,8.930827971229277,01,01,1,0,True,completed
287,known_visit,HIPC,bernoulli,drop_0.25,19,361,4,10,hipc_h5_bernoulli_025,C:\Users\lottj\Desktop\research\decentralized benchmark\commitment-horizon-study\reference_core_benchmark_pilot\known_visit_10target_300.csv,8,16,3,31.364863410875596,31.364863410875596,00,00,1,0,True,completed
287,known_visit,HIPC,bernoulli,drop_0.25,19,361,4,10,hipc_h5_bernoulli_025,C:\Users\lottj\Desktop\research\decentralized benchmark\commitment-horizon-study\reference_core_benchmark_pilot\known_visit_10target_300.csv,9,15,13,40.1297807454249,40.1297807454249,02,02,1,0,True,completed
287,known_visit,HIPC,bernoulli,drop_0.25,19,361,4,10,hipc_h5_bernoulli_025,C:\Users\lottj\Desktop\research\decentralized benchmark\commitment-horizon-study\reference_core_benchmark_pilot\known_visit_10target_300.csv,10,12,3,24.483239067996685,24.483239067996685,00,00,1,0,True,completed
288,known_visit,HIPC,bernoulli,drop_0.25,19,361,4,10,hipc_h5_bernoulli_025,C:\Users\lottj\Desktop\research\decentralized benchmark\commitment-horizon-study\reference_core_benchmark_pilot\known_visit_10target_300.csv,1,2,3,14.534773766928495,14.534773766928495,00,00,1,0,True,completed
288,known_visit,HIPC,bernoulli,drop_0.25,19,361,4,10,hipc_h5_bernoulli_025,C:\Users\lottj\Desktop\research\decentralized benchmark\commitment-horizon-study\reference_core_benchmark_pilot\known_visit_10target_300.csv,2,1,9,6.362558044947595,6.362558044947595,01,01,2,1,True,completed
288,known_visit,HIPC,bernoulli,drop_0.25,19,361,4,10,hipc_h5_bernoulli_025,C:\Users\lottj\Desktop\research\decentralized benchmark\commitment-horizon-study\reference_core_benchmark_pilot\known_visit_10target_300.csv,3,4,0,5.2858546713908865,5.2858546713908865,00,00,1,0,True,completed
288,known_visit,HIPC,bernoulli,drop_0.25,19,361,4,10,hipc_h5_bernoulli_025,C:\Users\lottj\Desktop\research\decentralized benchmark\commitment-horizon-study\reference_core_benchmark_pilot\known_visit_10target_300.csv,4,15,8,67.0548745714803,67.0548745714803,00,00,1,0,True,completed
288,known_visit,HIPC,bernoulli,drop_0.25,19,361,4,10,hipc_h5_bernoulli_025,C:\Users\lottj\Desktop\research\decentralized benchmark\commitment-horizon-study\reference_core_benchmark_pilot\known_visit_10target_300.csv,5,18,3,53.19314753976157,53.19314753976157,00,00,1,0,True,completed
288,known_visit,HIPC,bernoulli,drop_0.25,19,361,4,10,hipc_h5_bernoulli_025,C:\Users\lottj\Desktop\research\decentralized benchmark\commitment-horizon-study\reference_core_benchmark_pilot\known_visit_10target_300.csv,6,0,9,3.9505725201507507,3.9505725201507507,02,02,1,0,True,completed
288,known_visit,HIPC,bernoulli,drop_0.25,19,361,4,10,hipc_h5_bernoulli_025,C:\Users\lottj\Desktop\research\decentralized benchmark\commitment-horizon-study\reference_core_benchmark_pilot\known_visit_10target_300.csv,7,14,15,81.34059062514473,81.34059062514473,00,00,1,0,True,completed
288,known_visit,HIPC,bernoulli,drop_0.25,19,361,4,10,hipc_h5_bernoulli_025,C:\Users\lottj\Desktop\research\decentralized benchmark\commitment-horizon-study\reference_core_benchmark_pilot\known_visit_10target_300.csv,8,14,1,42.88194511621872,42.88194511621872,00,00,1,0,True,completed
288,known_visit,HIPC,bernoulli,drop_0.25,19,361,4,10,hipc_h5_bernoulli_025,C:\Users\lottj\Desktop\research\decentralized benchmark\commitment-horizon-study\reference_core_benchmark_pilot\known_visit_10target_300.csv,9,7,2,28.955993410773775,28.955993410773775,00,00,1,0,True,completed
288,known_visit,HIPC,bernoulli,drop_0.25,19,361,4,10,hipc_h5_bernoulli_025,C:\Users\lottj\Desktop\research\decentralized benchmark\commitment-horizon-study\reference_core_benchmark_pilot\known_visit_10target_300.csv,10,2,10,9.885143006417206,9.885143006417206,01,01,1,0,True,completed
289,known_visit,HIPC,bernoulli,drop_0.25,19,361,4,10,hipc_h5_bernoulli_025,C:\Users\lottj\Desktop\research\decentralized benchmark\commitment-horizon-study\reference_core_benchmark_pilot\known_visit_10target_300.csv,1,12,5,28.310305295679957,28.310305295679957,00,00,1,0,True,completed
289,known_visit,HIPC,bernoulli,drop_0.25,19,361,4,10,hipc_h5_bernoulli_025,C:\Users\lottj\Desktop\research\decentralized benchmark\commitment-horizon-study\reference_core_benchmark_pilot\known_visit_10target_300.csv,2,17,6,38.58985443318704,38.58985443318704,00,00,1,0,True,completed
289,known_visit,HIPC,bernoulli,drop_0.25,19,361,4,10,hipc_h5_bernoulli_025,C:\Users\lottj\Desktop\research\decentralized benchmark\commitment-horizon-study\reference_core_benchmark_pilot\known_visit_10target_300.csv,3,5,12,19.031943679146764,19.031943679146764,02,02,1,0,True,completed
289,known_visit,HIPC,bernoulli,drop_0.25,19,361,4,10,hipc_h5_bernoulli_025,C:\Users\lottj\Desktop\research\decentralized benchmark\commitment-horizon-study\reference_core_benchmark_pilot\known_visit_10target_300.csv,4,0,9,3.8692236198206307,3.8692236198206307,01,01,1,0,True,completed
289,known_visit,HIPC,bernoulli,drop_0.25,19,361,4,10,hipc_h5_bernoulli_025,C:\Users\lottj\Desktop\research\decentralized benchmark\commitment-horizon-study\reference_core_benchmark_pilot\known_visit_10target_300.csv,5,11,18,40.52571089183647,40.52571089183647,02,02,1,0,True,completed
289,known_visit,HIPC,bernoulli,drop_0.25,19,361,4,10,hipc_h5_bernoulli_025,C:\Users\lottj\Desktop\research\decentralized benchmark\commitment-horizon-study\reference_core_benchmark_pilot\known_visit_10target_300.csv,6,4,13,15.022824876558099,15.022824876558099,02,02,1,0,True,completed
289,known_visit,HIPC,bernoulli,drop_0.25,19,361,4,10,hipc_h5_bernoulli_025,C:\Users\lottj\Desktop\research\decentralized benchmark\commitment-horizon-study\reference_core_benchmark_pilot\known_visit_10target_300.csv,7,15,12,52.46305905306846,52.46305905306846,00,00,1,0,True,completed
289,known_visit,HIPC,bernoulli,drop_0.25,19,361,4,10,hipc_h5_bernoulli_025,C:\Users\lottj\Desktop\research\decentralized benchmark\commitment-horizon-study\reference_core_benchmark_pilot\known_visit_10target_300.csv,8,11,14,33.33738586973491,33.33738586973491,02,02,1,0,True,completed
289,known_visit,HIPC,bernoulli,drop_0.25,19,361,4,10,hipc_h5_bernoulli_025,C:\Users\lottj\Desktop\research\decentralized benchmark\commitment-horizon-study\reference_core_benchmark_pilot\known_visit_10target_300.csv,9,6,14,24.69602196407555,24.69602196407555,02,02,1,0,True,completed
289,known_visit,HIPC,bernoulli,drop_0.25,19,361,4,10,hipc_h5_bernoulli_025,C:\Users\lottj\Desktop\research\decentralized benchmark\commitment-horizon-study\reference_core_benchmark_pilot\known_visit_10target_300.csv,10,6,2,12.339646056015793,12.339646056015793,00,00,2,1,True,completed
290,known_visit,HIPC,bernoulli,drop_0.25,19,361,4,10,hipc_h5_bernoulli_025,C:\Users\lottj\Desktop\research\decentralized benchmark\commitment-horizon-study\reference_core_benchmark_pilot\known_visit_10target_300.csv,1,4,2,8.94260864721001,8.94260864721001,00,00,1,0,True,completed
290,known_visit,HIPC,bernoulli,drop_0.25,19,361,4,10,hipc_h5_bernoulli_025,C:\Users\lottj\Desktop\research\decentralized benchmark\commitment-horizon-study\reference_core_benchmark_pilot\known_visit_10target_300.csv,2,11,8,74.65911695555837,74.65911695555837,02,02,1,0,True,completed
290,known_visit,HIPC,bernoulli,drop_0.25,19,361,4,10,hipc_h5_bernoulli_025,C:\Users\lottj\Desktop\research\decentralized benchmark\commitment-horizon-study\reference_core_benchmark_pilot\known_visit_10target_300.csv,3,17,11,36.870693613333394,36.870693613333394,02,02,1,0,True,completed
290,known_visit,HIPC,bernoulli,drop_0.25,19,361,4,10,hipc_h5_bernoulli_025,C:\Users\lottj\Desktop\research\decentralized benchmark\commitment-horizon-study\reference_core_benchmark_pilot\known_visit_10target_300.csv,4,8,10,61.96000578867464,61.96000578867464,02,02,1,0,True,completed
290,known_visit,HIPC,bernoulli,drop_0.25,19,361,4,10,hipc_h5_bernoulli_025,C:\Users\lottj\Desktop\research\decentralized benchmark\commitment-horizon-study\reference_core_benchmark_pilot\known_visit_10target_300.csv,5,18,10,40.7122034974533,40.7122034974533,02,02,1,0,True,completed
290,known_visit,HIPC,bernoulli,drop_0.25,19,361,4,10,hipc_h5_bernoulli_025,C:\Users\lottj\Desktop\research\decentralized benchmark\commitment-horizon-study\reference_core_benchmark_pilot\known_visit_10target_300.csv,6,14,14,26.111371791342055,26.111371791342055,02,02,1,0,True,completed
290,known_visit,HIPC,bernoulli,drop_0.25,19,361,4,10,hipc_h5_bernoulli_025,C:\Users\lottj\Desktop\research\decentralized benchmark\commitment-horizon-study\reference_core_benchmark_pilot\known_visit_10target_300.csv,7,1,13,2.0684841984146796,2.0684841984146796,02,02,1,0,True,completed
290,known_visit,HIPC,bernoulli,drop_0.25,19,361,4,10,hipc_h5_bernoulli_025,C:\Users\lottj\Desktop\research\decentralized benchmark\commitment-horizon-study\reference_core_benchmark_pilot\known_visit_10target_300.csv,8,0,15,4.077332950442746,4.077332950442746,03,03,1,0,True,completed
290,known_visit,HIPC,bernoulli,drop_0.25,19,361,4,10,hipc_h5_bernoulli_025,C:\Users\lottj\Desktop\research\decentralized benchmark\commitment-horizon-study\reference_core_benchmark_pilot\known_visit_10target_300.csv,9,11,11,69.27291554338679,69.27291554338679,02,02,1,0,True,completed
290,known_visit,HIPC,bernoulli,drop_0.25,19,361,4,10,hipc_h5_bernoulli_025,C:\Users\lottj\Desktop\research\decentralized benchmark\commitment-horizon-study\reference_core_benchmark_pilot\known_visit_10target_300.csv,10,2,14,5.821408436471407,5.821408436471407,02,02,1,0,True,completed
291,known_visit,HIPC,bernoulli,drop_0.25,19,361,4,10,hipc_h5_bernoulli_025,C:\Users\lottj\Desktop\research\decentralized benchmark\commitment-horizon-study\reference_core_benchmark_pilot\known_visit_10target_300.csv,1,0,2,2.241078707789706,2.241078707789706,00,00,1,0,True,completed
291,known_visit,HIPC,bernoulli,drop_0.25,19,361,4,10,hipc_h5_bernoulli_025,C:\Users\lottj\Desktop\research\decentralized benchmark\commitment-horizon-study\reference_core_benchmark_pilot\known_visit_10target_300.csv,2,18,5,67.9011685263979,67.9011685263979,00,00,1,0,True,completed
291,known_visit,HIPC,bernoulli,drop_0.25,19,361,4,10,hipc_h5_bernoulli_025,C:\Users\lottj\Desktop\research\decentralized benchmark\commitment-horizon-study\reference_core_benchmark_pilot\known_visit_10target_300.csv,3,17,3,73.28932428159979,73.28932428159979,00,00,1,0,True,completed
291,known_visit,HIPC,bernoulli,drop_0.25,19,361,4,10,hipc_h5_bernoulli_025,C:\Users\lottj\Desktop\research\decentralized benchmark\commitment-horizon-study\reference_core_benchmark_pilot\known_visit_10target_300.csv,4,9,17,15.881133046780215,15.881133046780215,03,03,1,0,True,completed
291,known_visit,HIPC,bernoulli,drop_0.25,19,361,4,10,hipc_h5_bernoulli_025,C:\Users\lottj\Desktop\research\decentralized benchmark\commitment-horizon-study\reference_core_benchmark_pilot\known_visit_10target_300.csv,5,16,10,44.42724661646669,44.42724661646669,00,00,1,0,True,completed
291,known_visit,HIPC,bernoulli,drop_0.25,19,361,4,10,hipc_h5_bernoulli_025,C:\Users\lottj\Desktop\research\decentralized benchmark\commitment-horizon-study\reference_core_benchmark_pilot\known_visit_10target_300.csv,6,17,13,51.5961208024165,51.5961208024165,00,00,1,0,True,completed
291,known_visit,HIPC,bernoulli,drop_0.25,19,361,4,10,hipc_h5_bernoulli_025,C:\Users\lottj\Desktop\research\decentralized benchmark\commitment-horizon-study\reference_core_benchmark_pilot\known_visit_10target_300.csv,7,10,8,30.400491293816895,30.400491293816895,00,00,1,0,True,completed
291,known_visit,HIPC,bernoulli,drop_0.25,19,361,4,10,hipc_h5_bernoulli_025,C:\Users\lottj\Desktop\research\decentralized benchmark\commitment-horizon-study\reference_core_benchmark_pilot\known_visit_10target_300.csv,8,0,4,5.706951752300634,5.706951752300634,00,00,2,1,True,completed
291,known_visit,HIPC,bernoulli,drop_0.25,19,361,4,10,hipc_h5_bernoulli_025,C:\Users\lottj\Desktop\research\decentralized benchmark\commitment-horizon-study\reference_core_benchmark_pilot\known_visit_10target_300.csv,9,18,1,79.00709004258351,79.00709004258351,00,00,1,0,True,completed
291,known_visit,HIPC,bernoulli,drop_0.25,19,361,4,10,hipc_h5_bernoulli_025,C:\Users\lottj\Desktop\research\decentralized benchmark\commitment-horizon-study\reference_core_benchmark_pilot\known_visit_10target_300.csv,10,4,4,12.926118735602774,12.926118735602774,00,00,1,0,True,completed
292,known_visit,HIPC,bernoulli,drop_0.25,19,361,4,10,hipc_h5_bernoulli_025,C:\Users\lottj\Desktop\research\decentralized benchmark\commitment-horizon-study\reference_core_benchmark_pilot\known_visit_10target_300.csv,1,18,0,40.66615916132741,40.66615916132741,00,00,1,0,True,completed
292,known_visit,HIPC,bernoulli,drop_0.25,19,361,4,10,hipc_h5_bernoulli_025,C:\Users\lottj\Desktop\research\decentralized benchmark\commitment-horizon-study\reference_core_benchmark_pilot\known_visit_10target_300.csv,2,8,10,53.76642581544143,53.76642581544143,03,03,1,0,True,completed
292,known_visit,HIPC,bernoulli,drop_0.25,19,361,4,10,hipc_h5_bernoulli_025,C:\Users\lottj\Desktop\research\decentralized benchmark\commitment-horizon-study\reference_core_benchmark_pilot\known_visit_10target_300.csv,3,10,17,24.684171677948598,24.684171677948598,02,02,1,0,True,completed
292,known_visit,HIPC,bernoulli,drop_0.25,19,361,4,10,hipc_h5_bernoulli_025,C:\Users\lottj\Desktop\research\decentralized benchmark\commitment-horizon-study\reference_core_benchmark_pilot\known_visit_10target_300.csv,4,7,15,15.86283564162926,15.86283564162926,02,02,2,1,True,completed
292,known_visit,HIPC,bernoulli,drop_0.25,19,361,4,10,hipc_h5_bernoulli_025,C:\Users\lottj\Desktop\research\decentralized benchmark\commitment-horizon-study\reference_core_benchmark_pilot\known_visit_10target_300.csv,5,3,3,8.999947346376949,8.999947346376949,00,00,1,0,True,completed
292,known_visit,HIPC,bernoulli,drop_0.25,19,361,4,10,hipc_h5_bernoulli_025,C:\Users\lottj\Desktop\research\decentralized benchmark\commitment-horizon-study\reference_core_benchmark_pilot\known_visit_10target_300.csv,6,2,18,1.7974916929858296,1.7974916929858296,03,03,2,1,True,completed
292,known_visit,HIPC,bernoulli,drop_0.25,19,361,4,10,hipc_h5_bernoulli_025,C:\Users\lottj\Desktop\research\decentralized benchmark\commitment-horizon-study\reference_core_benchmark_pilot\known_visit_10target_300.csv,7,16,1,35.140302174779855,35.140302174779855,00,00,1,0,True,completed
292,known_visit,HIPC,bernoulli,drop_0.25,19,361,4,10,hipc_h5_bernoulli_025,C:\Users\lottj\Desktop\research\decentralized benchmark\commitment-horizon-study\reference_core_benchmark_pilot\known_visit_10target_300.csv,8,5,14,10.465726274757454,10.465726274757454,02,02,2,1,True,completed
292,known_visit,HIPC,bernoulli,drop_0.25,19,361,4,10,hipc_h5_bernoulli_025,C:\Users\lottj\Desktop\research\decentralized benchmark\commitment-horizon-study\reference_core_benchmark_pilot\known_visit_10target_300.csv,9,6,7,62.764054399515494,62.764054399515494,03,03,1,0,True,completed
292,known_visit,HIPC,bernoulli,drop_0.25,19,361,4,10,hipc_h5_bernoulli_025,C:\Users\lottj\Desktop\research\decentralized benchmark\commitment-horizon-study\reference_core_benchmark_pilot\known_visit_10target_300.csv,10,4,8,68.12739027417089,68.12739027417089,03,03,1,0,True,completed
293,known_visit,HIPC,bernoulli,drop_0.25,19,361,4,10,hipc_h5_bernoulli_025,C:\Users\lottj\Desktop\research\decentralized benchmark\commitment-horizon-study\reference_core_benchmark_pilot\known_visit_10target_300.csv,1,11,9,22.867790771525073,22.867790771525073,01,01,2,1,True,completed
293,known_visit,HIPC,bernoulli,drop_0.25,19,361,4,10,hipc_h5_bernoulli_025,C:\Users\lottj\Desktop\research\decentralized benchmark\commitment-horizon-study\reference_core_benchmark_pilot\known_visit_10target_300.csv,2,2,18,1.8687725348284339,1.8687725348284339,03,03,1,0,True,completed
293,known_visit,HIPC,bernoulli,drop_0.25,19,361,4,10,hipc_h5_bernoulli_025,C:\Users\lottj\Desktop\research\decentralized benchmark\commitment-horizon-study\reference_core_benchmark_pilot\known_visit_10target_300.csv,3,0,13,0.4631230144253127,0.4631230144253127,02,02,1,0,True,completed
293,known_visit,HIPC,bernoulli,drop_0.25,19,361,4,10,hipc_h5_bernoulli_025,C:\Users\lottj\Desktop\research\decentralized benchmark\commitment-horizon-study\reference_core_benchmark_pilot\known_visit_10target_300.csv,4,17,10,67.49757885346413,67.49757885346413,01,01,1,0,True,completed
293,known_visit,HIPC,bernoulli,drop_0.25,19,361,4,10,hipc_h5_bernoulli_025,C:\Users\lottj\Desktop\research\decentralized benchmark\commitment-horizon-study\reference_core_benchmark_pilot\known_visit_10target_300.csv,5,1,16,7.995460738444869,7.995460738444869,02,02,1,0,True,completed
293,known_visit,HIPC,bernoulli,drop_0.25,19,361,4,10,hipc_h5_bernoulli_025,C:\Users\lottj\Desktop\research\decentralized benchmark\commitment-horizon-study\reference_core_benchmark_pilot\known_visit_10target_300.csv,6,13,8,28.213713541248445,28.213713541248445,01,01,1,0,True,completed
293,known_visit,HIPC,bernoulli,drop_0.25,19,361,4,10,hipc_h5_bernoulli_025,C:\Users\lottj\Desktop\research\decentralized benchmark\commitment-horizon-study\reference_core_benchmark_pilot\known_visit_10target_300.csv,7,4,18,5.390243992451759,5.390243992451759,03,03,1,0,True,completed
293,known_visit,HIPC,bernoulli,drop_0.25,19,361,4,10,hipc_h5_bernoulli_025,C:\Users\lottj\Desktop\research\decentralized benchmark\commitment-horizon-study\reference_core_benchmark_pilot\known_visit_10target_300.csv,8,17,16,53.41606092845511,53.41606092845511,01,01,1,0,True,completed
293,known_visit,HIPC,bernoulli,drop_0.25,19,361,4,10,hipc_h5_bernoulli_025,C:\Users\lottj\Desktop\research\decentralized benchmark\commitment-horizon-study\reference_core_benchmark_pilot\known_visit_10target_300.csv,9,13,12,39.274454654801765,39.274454654801765,01,01,1,0,True,completed
293,known_visit,HIPC,bernoulli,drop_0.25,19,361,4,10,hipc_h5_bernoulli_025,C:\Users\lottj\Desktop\research\decentralized benchmark\commitment-horizon-study\reference_core_benchmark_pilot\known_visit_10target_300.csv,10,18,13,60.380169269267626,60.380169269267626,01,01,1,0,True,completed
294,known_visit,HIPC,bernoulli,drop_0.25,19,361,4,10,hipc_h5_bernoulli_025,C:\Users\lottj\Desktop\research\decentralized benchmark\commitment-horizon-study\reference_core_benchmark_pilot\known_visit_10target_300.csv,1,7,9,16.219080695126685,16.219080695126685,01,01,1,0,True,completed
294,known_visit,HIPC,bernoulli,drop_0.25,19,361,4,10,hipc_h5_bernoulli_025,C:\Users\lottj\Desktop\research\decentralized benchmark\commitment-horizon-study\reference_core_benchmark_pilot\known_visit_10target_300.csv,2,6,6,8.719651039263782,8.719651039263782,01,01,2,1,True,completed
294,known_visit,HIPC,bernoulli,drop_0.25,19,361,4,10,hipc_h5_bernoulli_025,C:\Users\lottj\Desktop\research\decentralized benchmark\commitment-horizon-study\reference_core_benchmark_pilot\known_visit_10target_300.csv,3,13,13,33.680917712865586,33.680917712865586,01,01,1,0,True,completed
294,known_visit,HIPC,bernoulli,drop_0.25,19,361,4,10,hipc_h5_bernoulli_025,C:\Users\lottj\Desktop\research\decentralized benchmark\commitment-horizon-study\reference_core_benchmark_pilot\known_visit_10target_300.csv,4,1,1,2.2715008709891222,2.2715008709891222,00,00,1,0,True,completed
294,known_visit,HIPC,bernoulli,drop_0.25,19,361,4,10,hipc_h5_bernoulli_025,C:\Users\lottj\Desktop\research\decentralized benchmark\commitment-horizon-study\reference_core_benchmark_pilot\known_visit_10target_300.csv,5,8,10,19.89076619524741,19.89076619524741,01,01,1,0,True,completed
294,known_visit,HIPC,bernoulli,drop_0.25,19,361,4,10,hipc_h5_bernoulli_025,C:\Users\lottj\Desktop\research\decentralized benchmark\commitment-horizon-study\reference_core_benchmark_pilot\known_visit_10target_300.csv,6,18,9,49.866002168765725,49.866002168765725,00,00,1,0,True,completed
294,known_visit,HIPC,bernoulli,drop_0.25,19,361,4,10,hipc_h5_bernoulli_025,C:\Users\lottj\Desktop\research\decentralized benchmark\commitment-horizon-study\reference_core_benchmark_pilot\known_visit_10target_300.csv,7,6,9,14.185879651162708,14.185879651162708,01,01,1,0,True,completed
294,known_visit,HIPC,bernoulli,drop_0.25,19,361,4,10,hipc_h5_bernoulli_025,C:\Users\lottj\Desktop\research\decentralized benchmark\commitment-horizon-study\reference_core_benchmark_pilot\known_visit_10target_300.csv,8,18,13,56.611850783498355,56.611850783498355,00,00,1,0,True,completed
294,known_visit,HIPC,bernoulli,drop_0.25,19,361,4,10,hipc_h5_bernoulli_025,C:\Users\lottj\Desktop\research\decentralized benchmark\commitment-horizon-study\reference_core_benchmark_pilot\known_visit_10target_300.csv,9,4,0,9.398884006008693,9.398884006008693,00,00,1,0,True,completed
294,known_visit,HIPC,bernoulli,drop_0.25,19,361,4,10,hipc_h5_bernoulli_025,C:\Users\lottj\Desktop\research\decentralized benchmark\commitment-horizon-study\reference_core_benchmark_pilot\known_visit_10target_300.csv,10,15,6,39.488727591591335,39.488727591591335,00,00,1,0,True,completed
295,known_visit,HIPC,bernoulli,drop_0.25,19,361,4,10,hipc_h5_bernoulli_025,C:\Users\lottj\Desktop\research\decentralized benchmark\commitment-horizon-study\reference_core_benchmark_pilot\known_visit_10target_300.csv,1,12,15,24.337970931739726,24.337970931739726,03,03,1,0,True,completed
295,known_visit,HIPC,bernoulli,drop_0.25,19,361,4,10,hipc_h5_bernoulli_025,C:\Users\lottj\Desktop\research\decentralized benchmark\commitment-horizon-study\reference_core_benchmark_pilot\known_visit_10target_300.csv,2,2,2,9.391728583709515,9.391728583709515,00,00,1,0,True,completed
295,known_visit,HIPC,bernoulli,drop_0.25,19,361,4,10,hipc_h5_bernoulli_025,C:\Users\lottj\Desktop\research\decentralized benchmark\commitment-horizon-study\reference_core_benchmark_pilot\known_visit_10target_300.csv,3,18,12,43.352931199040974,43.352931199040974,03,03,1,0,True,completed
295,known_visit,HIPC,bernoulli,drop_0.25,19,361,4,10,hipc_h5_bernoulli_025,C:\Users\lottj\Desktop\research\decentralized benchmark\commitment-horizon-study\reference_core_benchmark_pilot\known_visit_10target_300.csv,4,0,3,3.7025582257710297,3.7025582257710297,00,00,1,0,True,completed
295,known_visit,HIPC,bernoulli,drop_0.25,19,361,4,10,hipc_h5_bernoulli_025,C:\Users\lottj\Desktop\research\decentralized benchmark\commitment-horizon-study\reference_core_benchmark_pilot\known_visit_10target_300.csv,5,0,10,2.3122331750752703,2.3122331750752703,02,02,1,0,True,completed
295,known_visit,HIPC,bernoulli,drop_0.25,19,361,4,10,hipc_h5_bernoulli_025,C:\Users\lottj\Desktop\research\decentralized benchmark\commitment-horizon-study\reference_core_benchmark_pilot\known_visit_10target_300.csv,6,15,11,36.33682450089504,36.33682450089504,03,03,1,0,True,completed
295,known_visit,HIPC,bernoulli,drop_0.25,19,361,4,10,hipc_h5_bernoulli_025,C:\Users\lottj\Desktop\research\decentralized benchmark\commitment-horizon-study\reference_core_benchmark_pilot\known_visit_10target_300.csv,7,15,16,55.948067806894954,55.948067806894954,03,03,1,0,True,completed
295,known_visit,HIPC,bernoulli,drop_0.25,19,361,4,10,hipc_h5_bernoulli_025,C:\Users\lottj\Desktop\research\decentralized benchmark\commitment-horizon-study\reference_core_benchmark_pilot\known_visit_10target_300.csv,8,12,6,44.366505856769244,44.366505856769244,00,00,1,0,True,completed
295,known_visit,HIPC,bernoulli,drop_0.25,19,361,4,10,hipc_h5_bernoulli_025,C:\Users\lottj\Desktop\research\decentralized benchmark\commitment-horizon-study\reference_core_benchmark_pilot\known_visit_10target_300.csv,9,16,14,50.413825991998486,50.413825991998486,03,03,1,0,True,completed
295,known_visit,HIPC,bernoulli,drop_0.25,19,361,4,10,hipc_h5_bernoulli_025,C:\Users\lottj\Desktop\research\decentralized benchmark\commitment-horizon-study\reference_core_benchmark_pilot\known_visit_10target_300.csv,10,13,0,31.843976495244267,31.843976495244267,00,00,1,0,True,completed
296,known_visit,HIPC,bernoulli,drop_0.25,19,361,4,10,hipc_h5_bernoulli_025,C:\Users\lottj\Desktop\research\decentralized benchmark\commitment-horizon-study\reference_core_benchmark_pilot\known_visit_10target_300.csv,1,2,14,5.629900075886551,5.629900075886551,02,02,1,0,True,completed
296,known_visit,HIPC,bernoulli,drop_0.25,19,361,4,10,hipc_h5_bernoulli_025,C:\Users\lottj\Desktop\research\decentralized benchmark\commitment-horizon-study\reference_core_benchmark_pilot\known_visit_10target_300.csv,2,15,13,32.01419023959244,32.01419023959244,02,02,1,0,True,completed
296,known_visit,HIPC,bernoulli,drop_0.25,19,361,4,10,hipc_h5_bernoulli_025,C:\Users\lottj\Desktop\research\decentralized benchmark\commitment-horizon-study\reference_core_benchmark_pilot\known_visit_10target_300.csv,3,1,3,9.22516141397335,9.22516141397335,00,00,1,0,True,completed
296,known_visit,HIPC,bernoulli,drop_0.25,19,361,4,10,hipc_h5_bernoulli_025,C:\Users\lottj\Desktop\research\decentralized benchmark\commitment-horizon-study\reference_core_benchmark_pilot\known_visit_10target_300.csv,4,2,1,3.718575141871693,3.718575141871693,00,00,1,0,True,completed
296,known_visit,HIPC,bernoulli,drop_0.25,19,361,4,10,hipc_h5_bernoulli_025,C:\Users\lottj\Desktop\research\decentralized benchmark\commitment-horizon-study\reference_core_benchmark_pilot\known_visit_10target_300.csv,5,9,15,19.598511118594867,19.598511118594867,03,03,1,0,True,completed
296,known_visit,HIPC,bernoulli,drop_0.25,19,361,4,10,hipc_h5_bernoulli_025,C:\Users\lottj\Desktop\research\decentralized benchmark\commitment-horizon-study\reference_core_benchmark_pilot\known_visit_10target_300.csv,6,14,9,41.093359462317366,41.093359462317366,02,02,1,0,True,completed
296,known_visit,HIPC,bernoulli,drop_0.25,19,361,4,10,hipc_h5_bernoulli_025,C:\Users\lottj\Desktop\research\decentralized benchmark\commitment-horizon-study\reference_core_benchmark_pilot\known_visit_10target_300.csv,7,18,9,46.99074064193529,46.99074064193529,03,03,1,0,True,completed
296,known_visit,HIPC,bernoulli,drop_0.25,19,361,4,10,hipc_h5_bernoulli_025,C:\Users\lottj\Desktop\research\decentralized benchmark\commitment-horizon-study\reference_core_benchmark_pilot\known_visit_10target_300.csv,8,17,4,57.6596872526542,57.6596872526542,03,03,1,0,True,completed
296,known_visit,HIPC,bernoulli,drop_0.25,19,361,4,10,hipc_h5_bernoulli_025,C:\Users\lottj\Desktop\research\decentralized benchmark\commitment-horizon-study\reference_core_benchmark_pilot\known_visit_10target_300.csv,9,5,9,12.58546146192148,12.58546146192148,01,01,1,0,True,completed
296,known_visit,HIPC,bernoulli,drop_0.25,19,361,4,10,hipc_h5_bernoulli_025,C:\Users\lottj\Desktop\research\decentralized benchmark\commitment-horizon-study\reference_core_benchmark_pilot\known_visit_10target_300.csv,10,6,7,18.314887888682012,18.314887888682012,01,01,1,0,True,completed
297,known_visit,HIPC,bernoulli,drop_0.25,19,361,4,10,hipc_h5_bernoulli_025,C:\Users\lottj\Desktop\research\decentralized benchmark\commitment-horizon-study\reference_core_benchmark_pilot\known_visit_10target_300.csv,1,4,13,7.470273437976616,7.470273437976616,02,02,1,0,True,completed
297,known_visit,HIPC,bernoulli,drop_0.25,19,361,4,10,hipc_h5_bernoulli_025,C:\Users\lottj\Desktop\research\decentralized benchmark\commitment-horizon-study\reference_core_benchmark_pilot\known_visit_10target_300.csv,2,3,13,5.779790827566816,5.779790827566816,02,02,1,0,True,completed
297,known_visit,HIPC,bernoulli,drop_0.25,19,361,4,10,hipc_h5_bernoulli_025,C:\Users\lottj\Desktop\research\decentralized benchmark\commitment-horizon-study\reference_core_benchmark_pilot\known_visit_10target_300.csv,3,7,11,23.544096421688796,23.544096421688796,01,01,1,0,True,completed
297,known_visit,HIPC,bernoulli,drop_0.25,19,361,4,10,hipc_h5_bernoulli_025,C:\Users\lottj\Desktop\research\decentralized benchmark\commitment-horizon-study\reference_core_benchmark_pilot\known_visit_10target_300.csv,4,1,0,0.18482698933118819,0.18482698933118819,00,00,1,0,True,completed
297,known_visit,HIPC,bernoulli,drop_0.25,19,361,4,10,hipc_h5_bernoulli_025,C:\Users\lottj\Desktop\research\decentralized benchmark\commitment-horizon-study\reference_core_benchmark_pilot\known_visit_10target_300.csv,5,11,17,19.23820750857073,19.23820750857073,03,03,1,0,True,completed
297,known_visit,HIPC,bernoulli,drop_0.25,19,361,4,10,hipc_h5_bernoulli_025,C:\Users\lottj\Desktop\research\decentralized benchmark\commitment-horizon-study\reference_core_benchmark_pilot\known_visit_10target_300.csv,6,8,6,12.291970128333686,12.291970128333686,01,01,1,0,True,completed
297,known_visit,HIPC,bernoulli,drop_0.25,19,361,4,10,hipc_h5_bernoulli_025,C:\Users\lottj\Desktop\research\decentralized benchmark\commitment-horizon-study\reference_core_benchmark_pilot\known_visit_10target_300.csv,7,15,17,26.562770651293633,26.562770651293633,03,03,1,0,True,completed
297,known_visit,HIPC,bernoulli,drop_0.25,19,361,4,10,hipc_h5_bernoulli_025,C:\Users\lottj\Desktop\research\decentralized benchmark\commitment-horizon-study\reference_core_benchmark_pilot\known_visit_10target_300.csv,8,0,13,0.4374628567367205,0.4374628567367205,02,02,1,0,True,completed
297,known_visit,HIPC,bernoulli,drop_0.25,19,361,4,10,hipc_h5_bernoulli_025,C:\Users\lottj\Desktop\research\decentralized benchmark\commitment-horizon-study\reference_core_benchmark_pilot\known_visit_10target_300.csv,9,7,9,19.805303205588782,19.805303205588782,01,01,1,0,True,completed
297,known_visit,HIPC,bernoulli,drop_0.25,19,361,4,10,hipc_h5_bernoulli_025,C:\Users\lottj\Desktop\research\decentralized benchmark\commitment-horizon-study\reference_core_benchmark_pilot\known_visit_10target_300.csv,10,11,18,17.140682178553778,17.140682178553778,03,03,1,0,True,completed
298,known_visit,HIPC,bernoulli,drop_0.25,19,361,4,10,hipc_h5_bernoulli_025,C:\Users\lottj\Desktop\research\decentralized benchmark\commitment-horizon-study\reference_core_benchmark_pilot\known_visit_10target_300.csv,1,7,4,17.58983869782699,17.58983869782699,00,00,1,0,True,completed
298,known_visit,HIPC,bernoulli,drop_0.25,19,361,4,10,hipc_h5_bernoulli_025,C:\Users\lottj\Desktop\research\decentralized benchmark\commitment-horizon-study\reference_core_benchmark_pilot\known_visit_10target_300.csv,2,4,1,7.11542740396087,7.11542740396087,00,00,1,0,True,completed
298,known_visit,HIPC,bernoulli,drop_0.25,19,361,4,10,hipc_h5_bernoulli_025,C:\Users\lottj\Desktop\research\decentralized benchmark\commitment-horizon-study\reference_core_benchmark_pilot\known_visit_10target_300.csv,3,1,13,2.2177634903513175,2.2177634903513175,02,02,1,0,True,completed
298,known_visit,HIPC,bernoulli,drop_0.25,19,361,4,10,hipc_h5_bernoulli_025,C:\Users\lottj\Desktop\research\decentralized benchmark\commitment-horizon-study\reference_core_benchmark_pilot\known_visit_10target_300.csv,4,6,14,12.595828360252566,12.595828360252566,02,02,1,0,True,completed
298,known_visit,HIPC,bernoulli,drop_0.25,19,361,4,10,hipc_h5_bernoulli_025,C:\Users\lottj\Desktop\research\decentralized benchmark\commitment-horizon-study\reference_core_benchmark_pilot\known_visit_10target_300.csv,5,17,17,33.177475113799865,33.177475113799865,03,03,1,0,True,completed
298,known_visit,HIPC,bernoulli,drop_0.25,19,361,4,10,hipc_h5_bernoulli_025,C:\Users\lottj\Desktop\research\decentralized benchmark\commitment-horizon-study\reference_core_benchmark_pilot\known_visit_10target_300.csv,6,9,4,20.89905881166317,20.89905881166317,00,00,1,0,True,completed
298,known_visit,HIPC,bernoulli,drop_0.25,19,361,4,10,hipc_h5_bernoulli_025,C:\Users\lottj\Desktop\research\decentralized benchmark\commitment-horizon-study\reference_core_benchmark_pilot\known_visit_10target_300.csv,7,9,10,31.53060701519772,31.53060701519772,00,00,1,0,True,completed
298,known_visit,HIPC,bernoulli,drop_0.25,19,361,4,10,hipc_h5_bernoulli_025,C:\Users\lottj\Desktop\research\decentralized benchmark\commitment-horizon-study\reference_core_benchmark_pilot\known_visit_10target_300.csv,8,18,18,29.13341865887751,29.13341865887751,03,03,1,0,True,completed
298,known_visit,HIPC,bernoulli,drop_0.25,19,361,4,10,hipc_h5_bernoulli_025,C:\Users\lottj\Desktop\research\decentralized benchmark\commitment-horizon-study\reference_core_benchmark_pilot\known_visit_10target_300.csv,9,16,7,49.37930923345134,49.37930923345134,00,00,1,0,True,completed
298,known_visit,HIPC,bernoulli,drop_0.25,19,361,4,10,hipc_h5_bernoulli_025,C:\Users\lottj\Desktop\research\decentralized benchmark\commitment-horizon-study\reference_core_benchmark_pilot\known_visit_10target_300.csv,10,12,18,18.81059001255085,18.81059001255085,03,03,1,0,True,completed
299,known_visit,HIPC,bernoulli,drop_0.25,19,361,4,10,hipc_h5_bernoulli_025,C:\Users\lottj\Desktop\research\decentralized benchmark\commitment-horizon-study\reference_core_benchmark_pilot\known_visit_10target_300.csv,1,15,15,55.45712073243255,55.45712073243255,02,02,1,0,True,completed
299,known_visit,HIPC,bernoulli,drop_0.25,19,361,4,10,hipc_h5_bernoulli_025,C:\Users\lottj\Desktop\research\decentralized benchmark\commitment-horizon-study\reference_core_benchmark_pilot\known_visit_10target_300.csv,2,3,13,5.31904654869837,5.31904654869837,02,02,2,1,True,completed
299,known_visit,HIPC,bernoulli,drop_0.25,19,361,4,10,hipc_h5_bernoulli_025,C:\Users\lottj\Desktop\research\decentralized benchmark\commitment-horizon-study\reference_core_benchmark_pilot\known_visit_10target_300.csv,3,15,5,36.46921174447362,36.46921174447362,00,00,1,0,True,completed
299,known_visit,HIPC,bernoulli,drop_0.25,19,361,4,10,hipc_h5_bernoulli_025,C:\Users\lottj\Desktop\research\decentralized benchmark\commitment-horizon-study\reference_core_benchmark_pilot\known_visit_10target_300.csv,4,14,0,21.82524042042028,21.82524042042028,00,00,1,0,True,completed
299,known_visit,HIPC,bernoulli,drop_0.25,19,361,4,10,hipc_h5_bernoulli_025,C:\Users\lottj\Desktop\research\decentralized benchmark\commitment-horizon-study\reference_core_benchmark_pilot\known_visit_10target_300.csv,5,7,12,14.427707171840959,14.427707171840959,02,02,1,0,True,completed
299,known_visit,HIPC,bernoulli,drop_0.25,19,361,4,10,hipc_h5_bernoulli_025,C:\Users\lottj\Desktop\research\decentralized benchmark\commitment-horizon-study\reference_core_benchmark_pilot\known_visit_10target_300.csv,6,18,16,62.42441513346894,62.42441513346894,02,02,1,0,True,completed
299,known_visit,HIPC,bernoulli,drop_0.25,19,361,4,10,hipc_h5_bernoulli_025,C:\Users\lottj\Desktop\research\decentralized benchmark\commitment-horizon-study\reference_core_benchmark_pilot\known_visit_10target_300.csv,7,6,16,27.214163562275107,27.214163562275107,02,02,2,1,True,completed
299,known_visit,HIPC,bernoulli,drop_0.25,19,361,4,10,hipc_h5_bernoulli_025,C:\Users\lottj\Desktop\research\decentralized benchmark\commitment-horizon-study\reference_core_benchmark_pilot\known_visit_10target_300.csv,8,5,18,32.52568800063823,32.52568800063823,02,02,1,0,True,completed
299,known_visit,HIPC,bernoulli,drop_0.25,19,361,4,10,hipc_h5_bernoulli_025,C:\Users\lottj\Desktop\research\decentralized benchmark\commitment-horizon-study\reference_core_benchmark_pilot\known_visit_10target_300.csv,9,13,4,30.943088422437707,30.943088422437707,00,00,1,0,True,completed
299,known_visit,HIPC,bernoulli,drop_0.25,19,361,4,10,hipc_h5_bernoulli_025,C:\Users\lottj\Desktop\research\decentralized benchmark\commitment-horizon-study\reference_core_benchmark_pilot\known_visit_10target_300.csv,10,12,16,48.37846716882273,48.37846716882273,02,02,1,0,True,completed
