trial_id,trial_mode,algorithm,comm_model,comm_level,grid_size,grid_cells,robot_count,target_count,condition_id,scenario_file,target_index,target_x,target_y,first_completion_time_s,first_completion_sim_time_s,first_found_by_robot,first_finder_robot_id,total_visits,duplicate_visits,completed,trial_status
0,known_visit,ACBBA,bernoulli,drop_0.25,19,361,4,10,acbba_h8_bernoulli_025,C:\Users\lottj\Desktop\research\decentralized benchmark\commitment-horizon-study\reference_core_benchmark_pilot\known_visit_10target_300.csv,1,9,10,21.147969552281687,21.147969552281687,01,01,1,0,True,completed
0,known_visit,ACBBA,bernoulli,drop_0.25,19,361,4,10,acbba_h8_bernoulli_025,C:\Users\lottj\Desktop\research\decentralized benchmark\commitment-horizon-study\reference_core_benchmark_pilot\known_visit_10target_300.csv,2,8,11,24.854819934936977,24.854819934936977,01,01,1,0,True,completed
0,known_visit,ACBBA,bernoulli,drop_0.25,19,361,4,10,acbba_h8_bernoulli_025,C:\Users\lottj\Desktop\research\decentralized benchmark\commitment-horizon-study\reference_core_benchmark_pilot\known_visit_10target_300.csv,3,2,1,3.8850280123638163,3.8850280123638163,00,00,1,0,True,completed
0,known_visit,ACBBA,bernoulli,drop_0.25,19,361,4,10,acbba_h8_bernoulli_025,C:\Users\lottj\Desktop\research\decentralized benchmark\commitment-horizon-study\reference_core_benchmark_pilot\known_visit_10target_300.csv,4,1,7,2.212495007316,2.212495007316,01,01,2,1,True,completed
0,known_visit,ACBBA,bernoulli,drop_0.25,19,361,4,10,acbba_h8_bernoulli_025,C:\Users\lottj\Desktop\research\decentralized benchmark\commitment-horizon-study\reference_core_benchmark_pilot\known_visit_10target_300.csv,5,17,13,55.44996479821194,55.44996479821194,01,01,1,0,True,completed
0,known_visit,ACBBA,bernoulli,drop_0.25,19,361,4,10,acbba_h8_bernoulli_025,C:\Users\lottj\Desktop\research\decentralized benchmark\commitment-horizon-study\reference_core_benchmark_pilot\known_visit_10target_300.csv,6,4,13,16.16268922774,16.16268922774,03,03,1,0,True,completed
0,known_visit,ACBBA,bernoulli,drop_0.25,19,361,4,10,acbba_h8_bernoulli_025,C:\Users\lottj\Desktop\research\decentralized benchmark\commitment-horizon-study\reference_core_benchmark_pilot\known_visit_10target_300.csv,7,0,11,0.46946749367260543,0.46946749367260543,02,02,2,1,True,completed
0,known_visit,ACBBA,bernoulli,drop_0.25,19,361,4,10,acbba_h8_bernoulli_025,C:\Users\lottj\Desktop\research\decentralized benchmark\commitment-horizon-study\reference_core_benchmark_pilot\known_visit_10target_300.csv,8,5,8,10.914377540847116,10.914377540847116,01,01,1,0,True,completed
0,known_visit,ACBBA,bernoulli,drop_0.25,19,361,4,10,acbba_h8_bernoulli_025,C:\Users\lottj\Desktop\research\decentralized benchmark\commitment-horizon-study\reference_core_benchmark_pilot\known_visit_10target_300.csv,9,0,13,9.007293171028623,9.007293171028623,03,03,2,1,True,completed
0,known_visit,ACBBA,bernoulli,drop_0.25,19,361,4,10,acbba_h8_bernoulli_025,C:\Users\lottj\Desktop\research\decentralized benchmark\commitment-horizon-study\reference_core_benchmark_pilot\known_visit_10target_300.csv,10,14,9,43.12044290240182,43.12044290240182,01,01,1,0,True,completed
1,known_visit,ACBBA,bernoulli,drop_0.25,19,361,4,10,acbba_h8_bernoulli_025,C:\Users\lottj\Desktop\research\decentralized benchmark\commitment-horizon-study\reference_core_benchmark_pilot\known_visit_10target_300.csv,1,16,15,45.99733623469474,45.99733623469474,01,01,1,0,True,completed
1,known_visit,ACBBA,bernoulli,drop_0.25,19,361,4,10,acbba_h8_bernoulli_025,C:\Users\lottj\Desktop\research\decentralized benchmark\commitment-horizon-study\reference_core_benchmark_pilot\known_visit_10target_300.csv,2,17,5,40.92176237073134,40.92176237073134,00,00,1,0,True,completed
1,known_visit,ACBBA,bernoulli,drop_0.25,19,361,4,10,acbba_h8_bernoulli_025,C:\Users\lottj\Desktop\research\decentralized benchmark\commitment-horizon-study\reference_core_benchmark_pilot\known_visit_10target_300.csv,3,14,13,28.749989504901876,28.749989504901876,02,02,2,1,True,completed
1,known_visit,ACBBA,bernoulli,drop_0.25,19,361,4,10,acbba_h8_bernoulli_025,C:\Users\lottj\Desktop\research\decentralized benchmark\commitment-horizon-study\reference_core_benchmark_pilot\known_visit_10target_300.csv,4,15,3,29.811606983016368,29.811606983016368,00,00,1,0,True,completed
1,known_visit,ACBBA,bernoulli,drop_0.25,19,361,4,10,acbba_h8_bernoulli_025,C:\Users\lottj\Desktop\research\decentralized benchmark\commitment-horizon-study\reference_core_benchmark_pilot\known_visit_10target_300.csv,5,13,7,22.569066343362348,22.569066343362348,01,01,2,1,True,completed
1,known_visit,ACBBA,bernoulli,drop_0.25,19,361,4,10,acbba_h8_bernoulli_025,C:\Users\lottj\Desktop\research\decentralized benchmark\commitment-horizon-study\reference_core_benchmark_pilot\known_visit_10target_300.csv,6,11,2,21.14217935688916,21.14217935688916,00,00,1,0,True,completed
1,known_visit,ACBBA,bernoulli,drop_0.25,19,361,4,10,acbba_h8_bernoulli_025,C:\Users\lottj\Desktop\research\decentralized benchmark\commitment-horizon-study\reference_core_benchmark_pilot\known_visit_10target_300.csv,7,15,16,49.69223839419455,49.69223839419455,01,01,1,0,True,completed
1,known_visit,ACBBA,bernoulli,drop_0.25,19,361,4,10,acbba_h8_bernoulli_025,C:\Users\lottj\Desktop\research\decentralized benchmark\commitment-horizon-study\reference_core_benchmark_pilot\known_visit_10target_300.csv,8,16,6,36.88139197413744,36.88139197413744,00,00,1,0,True,completed
1,known_visit,ACBBA,bernoulli,drop_0.25,19,361,4,10,acbba_h8_bernoulli_025,C:\Users\lottj\Desktop\research\decentralized benchmark\commitment-horizon-study\reference_core_benchmark_pilot\known_visit_10target_300.csv,9,9,14,18.233834390962077,18.233834390962077,02,02,2,1,True,completed
1,known_visit,ACBBA,bernoulli,drop_0.25,19,361,4,10,acbba_h8_bernoulli_025,C:\Users\lottj\Desktop\research\decentralized benchmark\commitment-horizon-study\reference_core_benchmark_pilot\known_visit_10target_300.csv,10,7,16,13.795054908216168,13.795054908216168,03,03,1,0,True,completed
2,known_visit,ACBBA,bernoulli,drop_0.25,19,361,4,10,acbba_h8_bernoulli_025,C:\Users\lottj\Desktop\research\decentralized benchmark\commitment-horizon-study\reference_core_benchmark_pilot\known_visit_10target_300.csv,1,0,4,2.3289171625603653,2.3289171625603653,01,01,2,1,True,completed
2,known_visit,ACBBA,bernoulli,drop_0.25,19,361,4,10,acbba_h8_bernoulli_025,C:\Users\lottj\Desktop\research\decentralized benchmark\commitment-horizon-study\reference_core_benchmark_pilot\known_visit_10target_300.csv,2,8,8,19.41679312255333,19.41679312255333,02,02,1,0,True,completed
2,known_visit,ACBBA,bernoulli,drop_0.25,19,361,4,10,acbba_h8_bernoulli_025,C:\Users\lottj\Desktop\research\decentralized benchmark\commitment-horizon-study\reference_core_benchmark_pilot\known_visit_10target_300.csv,3,13,2,28.101445796556437,28.101445796556437,00,00,3,2,True,completed
2,known_visit,ACBBA,bernoulli,drop_0.25,19,361,4,10,acbba_h8_bernoulli_025,C:\Users\lottj\Desktop\research\decentralized benchmark\commitment-horizon-study\reference_core_benchmark_pilot\known_visit_10target_300.csv,4,0,2,2.0804585334412127,2.0804585334412127,00,00,2,1,True,completed
2,known_visit,ACBBA,bernoulli,drop_0.25,19,361,4,10,acbba_h8_bernoulli_025,C:\Users\lottj\Desktop\research\decentralized benchmark\commitment-horizon-study\reference_core_benchmark_pilot\known_visit_10target_300.csv,5,12,18,79.49662054009103,79.49662054009103,01,01,1,0,True,completed
2,known_visit,ACBBA,bernoulli,drop_0.25,19,361,4,10,acbba_h8_bernoulli_025,C:\Users\lottj\Desktop\research\decentralized benchmark\commitment-horizon-study\reference_core_benchmark_pilot\known_visit_10target_300.csv,6,0,9,3.725724579273248,3.725724579273248,02,02,1,0,True,completed
2,known_visit,ACBBA,bernoulli,drop_0.25,19,361,4,10,acbba_h8_bernoulli_025,C:\Users\lottj\Desktop\research\decentralized benchmark\commitment-horizon-study\reference_core_benchmark_pilot\known_visit_10target_300.csv,7,16,12,84.051218746464,84.051218746464,03,03,1,0,True,completed
2,known_visit,ACBBA,bernoulli,drop_0.25,19,361,4,10,acbba_h8_bernoulli_025,C:\Users\lottj\Desktop\research\decentralized benchmark\commitment-horizon-study\reference_core_benchmark_pilot\known_visit_10target_300.csv,8,4,15,10.641769196435359,10.641769196435359,03,03,1,0,True,completed
2,known_visit,ACBBA,bernoulli,drop_0.25,19,361,4,10,acbba_h8_bernoulli_025,C:\Users\lottj\Desktop\research\decentralized benchmark\commitment-horizon-study\reference_core_benchmark_pilot\known_visit_10target_300.csv,9,14,2,30.110688787770272,30.110688787770272,00,00,3,2,True,completed
2,known_visit,ACBBA,bernoulli,drop_0.25,19,361,4,10,acbba_h8_bernoulli_025,C:\Users\lottj\Desktop\research\decentralized benchmark\commitment-horizon-study\reference_core_benchmark_pilot\known_visit_10target_300.csv,10,12,9,32.42207216340354,32.42207216340354,01,01,2,1,True,completed
3,known_visit,ACBBA,bernoulli,drop_0.25,19,361,4,10,acbba_h8_bernoulli_025,C:\Users\lottj\Desktop\research\decentralized benchmark\commitment-horizon-study\reference_core_benchmark_pilot\known_visit_10target_300.csv,1,15,11,33.264561698603515,33.264561698603515,01,01,1,0,True,completed
3,known_visit,ACBBA,bernoulli,drop_0.25,19,361,4,10,acbba_h8_bernoulli_025,C:\Users\lottj\Desktop\research\decentralized benchmark\commitment-horizon-study\reference_core_benchmark_pilot\known_visit_10target_300.csv,2,11,8,20.739946294555907,20.739946294555907,01,01,1,0,True,completed
3,known_visit,ACBBA,bernoulli,drop_0.25,19,361,4,10,acbba_h8_bernoulli_025,C:\Users\lottj\Desktop\research\decentralized benchmark\commitment-horizon-study\reference_core_benchmark_pilot\known_visit_10target_300.csv,3,11,16,49.2781746191778,49.2781746191778,01,01,1,0,True,completed
3,known_visit,ACBBA,bernoulli,drop_0.25,19,361,4,10,acbba_h8_bernoulli_025,C:\Users\lottj\Desktop\research\decentralized benchmark\commitment-horizon-study\reference_core_benchmark_pilot\known_visit_10target_300.csv,4,7,17,24.33274573238825,24.33274573238825,03,03,1,0,True,completed
3,known_visit,ACBBA,bernoulli,drop_0.25,19,361,4,10,acbba_h8_bernoulli_025,C:\Users\lottj\Desktop\research\decentralized benchmark\commitment-horizon-study\reference_core_benchmark_pilot\known_visit_10target_300.csv,5,10,5,24.912199519949887,24.912199519949887,00,00,1,0,True,completed
3,known_visit,ACBBA,bernoulli,drop_0.25,19,361,4,10,acbba_h8_bernoulli_025,C:\Users\lottj\Desktop\research\decentralized benchmark\commitment-horizon-study\reference_core_benchmark_pilot\known_visit_10target_300.csv,6,0,15,3.9393637742307006,3.9393637742307006,03,03,1,0,True,completed
3,known_visit,ACBBA,bernoulli,drop_0.25,19,361,4,10,acbba_h8_bernoulli_025,C:\Users\lottj\Desktop\research\decentralized benchmark\commitment-horizon-study\reference_core_benchmark_pilot\known_visit_10target_300.csv,7,0,13,4.16815777692773,4.16815777692773,02,02,1,0,True,completed
3,known_visit,ACBBA,bernoulli,drop_0.25,19,361,4,10,acbba_h8_bernoulli_025,C:\Users\lottj\Desktop\research\decentralized benchmark\commitment-horizon-study\reference_core_benchmark_pilot\known_visit_10target_300.csv,8,1,12,0.10752572537144534,0.10752572537144534,02,02,1,0,True,completed
3,known_visit,ACBBA,bernoulli,drop_0.25,19,361,4,10,acbba_h8_bernoulli_025,C:\Users\lottj\Desktop\research\decentralized benchmark\commitment-horizon-study\reference_core_benchmark_pilot\known_visit_10target_300.csv,9,3,14,11.809011396704713,11.809011396704713,03,03,2,1,True,completed
3,known_visit,ACBBA,bernoulli,drop_0.25,19,361,4,10,acbba_h8_bernoulli_025,C:\Users\lottj\Desktop\research\decentralized benchmark\commitment-horizon-study\reference_core_benchmark_pilot\known_visit_10target_300.csv,10,2,7,42.50209342543908,42.50209342543908,00,00,1,0,True,completed
4,known_visit,ACBBA,bernoulli,drop_0.25,19,361,4,10,acbba_h8_bernoulli_025,C:\Users\lottj\Desktop\research\decentralized benchmark\commitment-horizon-study\reference_core_benchmark_pilot\known_visit_10target_300.csv,1,13,1,26.404025952136724,26.404025952136724,00,00,1,0,True,completed
4,known_visit,ACBBA,bernoulli,drop_0.25,19,361,4,10,acbba_h8_bernoulli_025,C:\Users\lottj\Desktop\research\decentralized benchmark\commitment-horizon-study\reference_core_benchmark_pilot\known_visit_10target_300.csv,2,17,14,56.15236526621957,56.15236526621957,00,00,1,0,True,completed
4,known_visit,ACBBA,bernoulli,drop_0.25,19,361,4,10,acbba_h8_bernoulli_025,C:\Users\lottj\Desktop\research\decentralized benchmark\commitment-horizon-study\reference_core_benchmark_pilot\known_visit_10target_300.csv,3,8,0,12.146926356962222,12.146926356962222,00,00,2,1,True,completed
4,known_visit,ACBBA,bernoulli,drop_0.25,19,361,4,10,acbba_h8_bernoulli_025,C:\Users\lottj\Desktop\research\decentralized benchmark\commitment-horizon-study\reference_core_benchmark_pilot\known_visit_10target_300.csv,4,10,2,19.05219694711459,19.05219694711459,00,00,2,1,True,completed
4,known_visit,ACBBA,bernoulli,drop_0.25,19,361,4,10,acbba_h8_bernoulli_025,C:\Users\lottj\Desktop\research\decentralized benchmark\commitment-horizon-study\reference_core_benchmark_pilot\known_visit_10target_300.csv,5,16,10,47.44603736913351,47.44603736913351,00,00,1,0,True,completed
4,known_visit,ACBBA,bernoulli,drop_0.25,19,361,4,10,acbba_h8_bernoulli_025,C:\Users\lottj\Desktop\research\decentralized benchmark\commitment-horizon-study\reference_core_benchmark_pilot\known_visit_10target_300.csv,6,4,18,9.658384292697393,9.658384292697393,03,03,1,0,True,completed
4,known_visit,ACBBA,bernoulli,drop_0.25,19,361,4,10,acbba_h8_bernoulli_025,C:\Users\lottj\Desktop\research\decentralized benchmark\commitment-horizon-study\reference_core_benchmark_pilot\known_visit_10target_300.csv,7,0,17,0.5284193642547109,0.5284193642547109,03,03,1,0,True,completed
4,known_visit,ACBBA,bernoulli,drop_0.25,19,361,4,10,acbba_h8_bernoulli_025,C:\Users\lottj\Desktop\research\decentralized benchmark\commitment-horizon-study\reference_core_benchmark_pilot\known_visit_10target_300.csv,8,1,0,0.11407592730193608,0.11407592730193608,00,00,2,1,True,completed
4,known_visit,ACBBA,bernoulli,drop_0.25,19,361,4,10,acbba_h8_bernoulli_025,C:\Users\lottj\Desktop\research\decentralized benchmark\commitment-horizon-study\reference_core_benchmark_pilot\known_visit_10target_300.csv,9,12,16,68.52458171451158,68.52458171451158,00,00,1,0,True,completed
4,known_visit,ACBBA,bernoulli,drop_0.25,19,361,4,10,acbba_h8_bernoulli_025,C:\Users\lottj\Desktop\research\decentralized benchmark\commitment-horizon-study\reference_core_benchmark_pilot\known_visit_10target_300.csv,10,8,13,81.10868473042882,81.10868473042882,02,02,1,0,True,completed
5,known_visit,ACBBA,bernoulli,drop_0.25,19,361,4,10,acbba_h8_bernoulli_025,C:\Users\lottj\Desktop\research\decentralized benchmark\commitment-horizon-study\reference_core_benchmark_pilot\known_visit_10target_300.csv,1,1,9,5.5330753733699565,5.5330753733699565,02,02,2,1,True,completed
5,known_visit,ACBBA,bernoulli,drop_0.25,19,361,4,10,acbba_h8_bernoulli_025,C:\Users\lottj\Desktop\research\decentralized benchmark\commitment-horizon-study\reference_core_benchmark_pilot\known_visit_10target_300.csv,2,12,6,34.301729518604375,34.301729518604375,00,00,1,0,True,completed
5,known_visit,ACBBA,bernoulli,drop_0.25,19,361,4,10,acbba_h8_bernoulli_025,C:\Users\lottj\Desktop\research\decentralized benchmark\commitment-horizon-study\reference_core_benchmark_pilot\known_visit_10target_300.csv,3,16,8,43.892588411761075,43.892588411761075,03,03,2,1,True,completed
5,known_visit,ACBBA,bernoulli,drop_0.25,19,361,4,10,acbba_h8_bernoulli_025,C:\Users\lottj\Desktop\research\decentralized benchmark\commitment-horizon-study\reference_core_benchmark_pilot\known_visit_10target_300.csv,4,14,1,63.6319897484525,63.6319897484525,03,03,1,0,True,completed
5,known_visit,ACBBA,bernoulli,drop_0.25,19,361,4,10,acbba_h8_bernoulli_025,C:\Users\lottj\Desktop\research\decentralized benchmark\commitment-horizon-study\reference_core_benchmark_pilot\known_visit_10target_300.csv,5,3,5,16.5897092585226,16.5897092585226,00,00,1,0,True,completed
5,known_visit,ACBBA,bernoulli,drop_0.25,19,361,4,10,acbba_h8_bernoulli_025,C:\Users\lottj\Desktop\research\decentralized benchmark\commitment-horizon-study\reference_core_benchmark_pilot\known_visit_10target_300.csv,6,8,15,17.476107800226774,17.476107800226774,03,03,1,0,True,completed
5,known_visit,ACBBA,bernoulli,drop_0.25,19,361,4,10,acbba_h8_bernoulli_025,C:\Users\lottj\Desktop\research\decentralized benchmark\commitment-horizon-study\reference_core_benchmark_pilot\known_visit_10target_300.csv,7,1,6,0.23740712992871135,0.23740712992871135,01,01,2,1,True,completed
5,known_visit,ACBBA,bernoulli,drop_0.25,19,361,4,10,acbba_h8_bernoulli_025,C:\Users\lottj\Desktop\research\decentralized benchmark\commitment-horizon-study\reference_core_benchmark_pilot\known_visit_10target_300.csv,8,10,6,30.636332959718732,30.636332959718732,00,00,2,1,True,completed
5,known_visit,ACBBA,bernoulli,drop_0.25,19,361,4,10,acbba_h8_bernoulli_025,C:\Users\lottj\Desktop\research\decentralized benchmark\commitment-horizon-study\reference_core_benchmark_pilot\known_visit_10target_300.csv,9,16,3,56.62833804658305,56.62833804658305,03,03,1,0,True,completed
5,known_visit,ACBBA,bernoulli,drop_0.25,19,361,4,10,acbba_h8_bernoulli_025,C:\Users\lottj\Desktop\research\decentralized benchmark\commitment-horizon-study\reference_core_benchmark_pilot\known_visit_10target_300.csv,10,15,14,31.648317845344497,31.648317845344497,03,03,2,1,True,completed
6,known_visit,ACBBA,bernoulli,drop_0.25,19,361,4,10,acbba_h8_bernoulli_025,C:\Users\lottj\Desktop\research\decentralized benchmark\commitment-horizon-study\reference_core_benchmark_pilot\known_visit_10target_300.csv,1,4,12,13.591623508740934,13.591623508740934,02,02,2,1,True,completed
6,known_visit,ACBBA,bernoulli,drop_0.25,19,361,4,10,acbba_h8_bernoulli_025,C:\Users\lottj\Desktop\research\decentralized benchmark\commitment-horizon-study\reference_core_benchmark_pilot\known_visit_10target_300.csv,2,9,2,17.664441146811523,17.664441146811523,00,00,1,0,True,completed
6,known_visit,ACBBA,bernoulli,drop_0.25,19,361,4,10,acbba_h8_bernoulli_025,C:\Users\lottj\Desktop\research\decentralized benchmark\commitment-horizon-study\reference_core_benchmark_pilot\known_visit_10target_300.csv,3,4,2,9.023664038691818,9.023664038691818,00,00,1,0,True,completed
6,known_visit,ACBBA,bernoulli,drop_0.25,19,361,4,10,acbba_h8_bernoulli_025,C:\Users\lottj\Desktop\research\decentralized benchmark\commitment-horizon-study\reference_core_benchmark_pilot\known_visit_10target_300.csv,4,13,8,76.75071444781153,76.75071444781153,02,02,1,0,True,completed
6,known_visit,ACBBA,bernoulli,drop_0.25,19,361,4,10,acbba_h8_bernoulli_025,C:\Users\lottj\Desktop\research\decentralized benchmark\commitment-horizon-study\reference_core_benchmark_pilot\known_visit_10target_300.csv,5,16,13,83.17620970229575,83.17620970229575,03,03,1,0,True,completed
6,known_visit,ACBBA,bernoulli,drop_0.25,19,361,4,10,acbba_h8_bernoulli_025,C:\Users\lottj\Desktop\research\decentralized benchmark\commitment-horizon-study\reference_core_benchmark_pilot\known_visit_10target_300.csv,6,6,13,19.423276235497443,19.423276235497443,02,02,3,2,True,completed
6,known_visit,ACBBA,bernoulli,drop_0.25,19,361,4,10,acbba_h8_bernoulli_025,C:\Users\lottj\Desktop\research\decentralized benchmark\commitment-horizon-study\reference_core_benchmark_pilot\known_visit_10target_300.csv,7,18,2,32.94883784880367,32.94883784880367,00,00,1,0,True,completed
6,known_visit,ACBBA,bernoulli,drop_0.25,19,361,4,10,acbba_h8_bernoulli_025,C:\Users\lottj\Desktop\research\decentralized benchmark\commitment-horizon-study\reference_core_benchmark_pilot\known_visit_10target_300.csv,8,4,8,16.74147006891107,16.74147006891107,01,01,1,0,True,completed
6,known_visit,ACBBA,bernoulli,drop_0.25,19,361,4,10,acbba_h8_bernoulli_025,C:\Users\lottj\Desktop\research\decentralized benchmark\commitment-horizon-study\reference_core_benchmark_pilot\known_visit_10target_300.csv,9,0,15,3.817350155318589,3.817350155318589,03,03,2,1,True,completed
6,known_visit,ACBBA,bernoulli,drop_0.25,19,361,4,10,acbba_h8_bernoulli_025,C:\Users\lottj\Desktop\research\decentralized benchmark\commitment-horizon-study\reference_core_benchmark_pilot\known_visit_10target_300.csv,10,18,7,41.83914037229658,41.83914037229658,00,00,1,0,True,completed
7,known_visit,ACBBA,bernoulli,drop_0.25,19,361,4,10,acbba_h8_bernoulli_025,C:\Users\lottj\Desktop\research\decentralized benchmark\commitment-horizon-study\reference_core_benchmark_pilot\known_visit_10target_300.csv,1,7,3,15.841711635691205,15.841711635691205,00,00,2,1,True,completed
7,known_visit,ACBBA,bernoulli,drop_0.25,19,361,4,10,acbba_h8_bernoulli_025,C:\Users\lottj\Desktop\research\decentralized benchmark\commitment-horizon-study\reference_core_benchmark_pilot\known_visit_10target_300.csv,2,17,14,35.140385149134495,35.140385149134495,03,03,2,1,True,completed
7,known_visit,ACBBA,bernoulli,drop_0.25,19,361,4,10,acbba_h8_bernoulli_025,C:\Users\lottj\Desktop\research\decentralized benchmark\commitment-horizon-study\reference_core_benchmark_pilot\known_visit_10target_300.csv,3,1,9,5.591497761135404,5.591497761135404,01,01,1,0,True,completed
7,known_visit,ACBBA,bernoulli,drop_0.25,19,361,4,10,acbba_h8_bernoulli_025,C:\Users\lottj\Desktop\research\decentralized benchmark\commitment-horizon-study\reference_core_benchmark_pilot\known_visit_10target_300.csv,4,13,14,27.993520836897623,27.993520836897623,03,03,2,1,True,completed
7,known_visit,ACBBA,bernoulli,drop_0.25,19,361,4,10,acbba_h8_bernoulli_025,C:\Users\lottj\Desktop\research\decentralized benchmark\commitment-horizon-study\reference_core_benchmark_pilot\known_visit_10target_300.csv,5,10,5,28.806968803095472,28.806968803095472,00,00,1,0,True,completed
7,known_visit,ACBBA,bernoulli,drop_0.25,19,361,4,10,acbba_h8_bernoulli_025,C:\Users\lottj\Desktop\research\decentralized benchmark\commitment-horizon-study\reference_core_benchmark_pilot\known_visit_10target_300.csv,6,7,16,13.893486120634106,13.893486120634106,03,03,2,1,True,completed
7,known_visit,ACBBA,bernoulli,drop_0.25,19,361,4,10,acbba_h8_bernoulli_025,C:\Users\lottj\Desktop\research\decentralized benchmark\commitment-horizon-study\reference_core_benchmark_pilot\known_visit_10target_300.csv,7,18,15,38.94334489266925,38.94334489266925,03,03,2,1,True,completed
7,known_visit,ACBBA,bernoulli,drop_0.25,19,361,4,10,acbba_h8_bernoulli_025,C:\Users\lottj\Desktop\research\decentralized benchmark\commitment-horizon-study\reference_core_benchmark_pilot\known_visit_10target_300.csv,8,16,7,64.65550777044646,64.65550777044646,01,01,1,0,True,completed
7,known_visit,ACBBA,bernoulli,drop_0.25,19,361,4,10,acbba_h8_bernoulli_025,C:\Users\lottj\Desktop\research\decentralized benchmark\commitment-horizon-study\reference_core_benchmark_pilot\known_visit_10target_300.csv,9,2,12,1.8934930753625285,1.8934930753625285,02,02,1,0,True,completed
7,known_visit,ACBBA,bernoulli,drop_0.25,19,361,4,10,acbba_h8_bernoulli_025,C:\Users\lottj\Desktop\research\decentralized benchmark\commitment-horizon-study\reference_core_benchmark_pilot\known_visit_10target_300.csv,10,9,2,21.46345300756965,21.46345300756965,00,00,1,0,True,completed
8,known_visit,ACBBA,bernoulli,drop_0.25,19,361,4,10,acbba_h8_bernoulli_025,C:\Users\lottj\Desktop\research\decentralized benchmark\commitment-horizon-study\reference_core_benchmark_pilot\known_visit_10target_300.csv,1,4,16,9.157408839115371,9.157408839115371,03,03,1,0,True,completed
8,known_visit,ACBBA,bernoulli,drop_0.25,19,361,4,10,acbba_h8_bernoulli_025,C:\Users\lottj\Desktop\research\decentralized benchmark\commitment-horizon-study\reference_core_benchmark_pilot\known_visit_10target_300.csv,2,9,10,30.494205498190567,30.494205498190567,01,01,2,1,True,completed
8,known_visit,ACBBA,bernoulli,drop_0.25,19,361,4,10,acbba_h8_bernoulli_025,C:\Users\lottj\Desktop\research\decentralized benchmark\commitment-horizon-study\reference_core_benchmark_pilot\known_visit_10target_300.csv,3,12,8,34.62324001919641,34.62324001919641,00,00,1,0,True,completed
8,known_visit,ACBBA,bernoulli,drop_0.25,19,361,4,10,acbba_h8_bernoulli_025,C:\Users\lottj\Desktop\research\decentralized benchmark\commitment-horizon-study\reference_core_benchmark_pilot\known_visit_10target_300.csv,4,12,15,24.580823703724466,24.580823703724466,03,03,1,0,True,completed
8,known_visit,ACBBA,bernoulli,drop_0.25,19,361,4,10,acbba_h8_bernoulli_025,C:\Users\lottj\Desktop\research\decentralized benchmark\commitment-horizon-study\reference_core_benchmark_pilot\known_visit_10target_300.csv,5,11,6,28.84583214225757,28.84583214225757,00,00,2,1,True,completed
8,known_visit,ACBBA,bernoulli,drop_0.25,19,361,4,10,acbba_h8_bernoulli_025,C:\Users\lottj\Desktop\research\decentralized benchmark\commitment-horizon-study\reference_core_benchmark_pilot\known_visit_10target_300.csv,6,17,7,49.672023067303336,49.672023067303336,01,01,2,1,True,completed
8,known_visit,ACBBA,bernoulli,drop_0.25,19,361,4,10,acbba_h8_bernoulli_025,C:\Users\lottj\Desktop\research\decentralized benchmark\commitment-horizon-study\reference_core_benchmark_pilot\known_visit_10target_300.csv,7,0,5,0.5092608238268528,0.5092608238268528,01,01,1,0,True,completed
8,known_visit,ACBBA,bernoulli,drop_0.25,19,361,4,10,acbba_h8_bernoulli_025,C:\Users\lottj\Desktop\research\decentralized benchmark\commitment-horizon-study\reference_core_benchmark_pilot\known_visit_10target_300.csv,8,2,5,9.74294863253661,9.74294863253661,01,01,2,1,True,completed
8,known_visit,ACBBA,bernoulli,drop_0.25,19,361,4,10,acbba_h8_bernoulli_025,C:\Users\lottj\Desktop\research\decentralized benchmark\commitment-horizon-study\reference_core_benchmark_pilot\known_visit_10target_300.csv,9,1,5,2.4582919702982893,2.4582919702982893,01,01,2,1,True,completed
8,known_visit,ACBBA,bernoulli,drop_0.25,19,361,4,10,acbba_h8_bernoulli_025,C:\Users\lottj\Desktop\research\decentralized benchmark\commitment-horizon-study\reference_core_benchmark_pilot\known_visit_10target_300.csv,10,17,0,61.56610392104822,61.56610392104822,01,01,1,0,True,completed
9,known_visit,ACBBA,bernoulli,drop_0.25,19,361,4,10,acbba_h8_bernoulli_025,C:\Users\lottj\Desktop\research\decentralized benchmark\commitment-horizon-study\reference_core_benchmark_pilot\known_visit_10target_300.csv,1,12,16,22.307659445630648,22.307659445630648,03,03,1,0,True,completed
9,known_visit,ACBBA,bernoulli,drop_0.25,19,361,4,10,acbba_h8_bernoulli_025,C:\Users\lottj\Desktop\research\decentralized benchmark\commitment-horizon-study\reference_core_benchmark_pilot\known_visit_10target_300.csv,2,16,17,31.24795861404778,31.24795861404778,03,03,1,0,True,completed
9,known_visit,ACBBA,bernoulli,drop_0.25,19,361,4,10,acbba_h8_bernoulli_025,C:\Users\lottj\Desktop\research\decentralized benchmark\commitment-horizon-study\reference_core_benchmark_pilot\known_visit_10target_300.csv,3,2,7,3.7669189308981452,3.7669189308981452,01,01,2,1,True,completed
9,known_visit,ACBBA,bernoulli,drop_0.25,19,361,4,10,acbba_h8_bernoulli_025,C:\Users\lottj\Desktop\research\decentralized benchmark\commitment-horizon-study\reference_core_benchmark_pilot\known_visit_10target_300.csv,4,18,12,28.793361632586556,28.793361632586556,02,02,1,0,True,completed
9,known_visit,ACBBA,bernoulli,drop_0.25,19,361,4,10,acbba_h8_bernoulli_025,C:\Users\lottj\Desktop\research\decentralized benchmark\commitment-horizon-study\reference_core_benchmark_pilot\known_visit_10target_300.csv,5,17,1,58.87760180526248,58.87760180526248,00,00,1,0,True,completed
9,known_visit,ACBBA,bernoulli,drop_0.25,19,361,4,10,acbba_h8_bernoulli_025,C:\Users\lottj\Desktop\research\decentralized benchmark\commitment-horizon-study\reference_core_benchmark_pilot\known_visit_10target_300.csv,6,8,2,37.484009656761266,37.484009656761266,00,00,1,0,True,completed
9,known_visit,ACBBA,bernoulli,drop_0.25,19,361,4,10,acbba_h8_bernoulli_025,C:\Users\lottj\Desktop\research\decentralized benchmark\commitment-horizon-study\reference_core_benchmark_pilot\known_visit_10target_300.csv,7,9,18,13.682597175706688,13.682597175706688,03,03,1,0,True,completed
9,known_visit,ACBBA,bernoulli,drop_0.25,19,361,4,10,acbba_h8_bernoulli_025,C:\Users\lottj\Desktop\research\decentralized benchmark\commitment-horizon-study\reference_core_benchmark_pilot\known_visit_10target_300.csv,8,10,3,43.158385305813326,43.158385305813326,00,00,1,0,True,completed
9,known_visit,ACBBA,bernoulli,drop_0.25,19,361,4,10,acbba_h8_bernoulli_025,C:\Users\lottj\Desktop\research\decentralized benchmark\commitment-horizon-study\reference_core_benchmark_pilot\known_visit_10target_300.csv,9,1,4,21.76225994085784,21.76225994085784,00,00,1,0,True,completed
9,known_visit,ACBBA,bernoulli,drop_0.25,19,361,4,10,acbba_h8_bernoulli_025,C:\Users\lottj\Desktop\research\decentralized benchmark\commitment-horizon-study\reference_core_benchmark_pilot\known_visit_10target_300.csv,10,1,1,2.003125999037612,2.003125999037612,00,00,1,0,True,completed
10,known_visit,ACBBA,bernoulli,drop_0.25,19,361,4,10,acbba_h8_bernoulli_025,C:\Users\lottj\Desktop\research\decentralized benchmark\commitment-horizon-study\reference_core_benchmark_pilot\known_visit_10target_300.csv,1,4,2,9.203955147307758,9.203955147307758,00,00,1,0,True,completed
10,known_visit,ACBBA,bernoulli,drop_0.25,19,361,4,10,acbba_h8_bernoulli_025,C:\Users\lottj\Desktop\research\decentralized benchmark\commitment-horizon-study\reference_core_benchmark_pilot\known_visit_10target_300.csv,2,13,14,32.242195666508415,32.242195666508415,02,02,1,0,True,completed
10,known_visit,ACBBA,bernoulli,drop_0.25,19,361,4,10,acbba_h8_bernoulli_025,C:\Users\lottj\Desktop\research\decentralized benchmark\commitment-horizon-study\reference_core_benchmark_pilot\known_visit_10target_300.csv,3,11,18,32.501604755524745,32.501604755524745,03,03,1,0,True,completed
10,known_visit,ACBBA,bernoulli,drop_0.25,19,361,4,10,acbba_h8_bernoulli_025,C:\Users\lottj\Desktop\research\decentralized benchmark\commitment-horizon-study\reference_core_benchmark_pilot\known_visit_10target_300.csv,4,12,10,22.988130652823187,22.988130652823187,02,02,1,0,True,completed
10,known_visit,ACBBA,bernoulli,drop_0.25,19,361,4,10,acbba_h8_bernoulli_025,C:\Users\lottj\Desktop\research\decentralized benchmark\commitment-horizon-study\reference_core_benchmark_pilot\known_visit_10target_300.csv,5,5,14,14.749551599037277,14.749551599037277,03,03,2,1,True,completed
10,known_visit,ACBBA,bernoulli,drop_0.25,19,361,4,10,acbba_h8_bernoulli_025,C:\Users\lottj\Desktop\research\decentralized benchmark\commitment-horizon-study\reference_core_benchmark_pilot\known_visit_10target_300.csv,6,10,7,30.96907294681922,30.96907294681922,00,00,1,0,True,completed
10,known_visit,ACBBA,bernoulli,drop_0.25,19,361,4,10,acbba_h8_bernoulli_025,C:\Users\lottj\Desktop\research\decentralized benchmark\commitment-horizon-study\reference_core_benchmark_pilot\known_visit_10target_300.csv,7,4,14,12.829207264637555,12.829207264637555,03,03,2,1,True,completed
10,known_visit,ACBBA,bernoulli,drop_0.25,19,361,4,10,acbba_h8_bernoulli_025,C:\Users\lottj\Desktop\research\decentralized benchmark\commitment-horizon-study\reference_core_benchmark_pilot\known_visit_10target_300.csv,8,8,6,25.433618120283473,25.433618120283473,00,00,1,0,True,completed
10,known_visit,ACBBA,bernoulli,drop_0.25,19,361,4,10,acbba_h8_bernoulli_025,C:\Users\lottj\Desktop\research\decentralized benchmark\commitment-horizon-study\reference_core_benchmark_pilot\known_visit_10target_300.csv,9,16,5,45.198584108350325,45.198584108350325,00,00,1,0,True,completed
10,known_visit,ACBBA,bernoulli,drop_0.25,19,361,4,10,acbba_h8_bernoulli_025,C:\Users\lottj\Desktop\research\decentralized benchmark\commitment-horizon-study\reference_core_benchmark_pilot\known_visit_10target_300.csv,10,9,18,39.073094580660516,39.073094580660516,01,01,1,0,True,completed
11,known_visit,ACBBA,bernoulli,drop_0.25,19,361,4,10,acbba_h8_bernoulli_025,C:\Users\lottj\Desktop\research\decentralized benchmark\commitment-horizon-study\reference_core_benchmark_pilot\known_visit_10target_300.csv,1,0,16,2.1199407173534746,2.1199407173534746,03,03,1,0,True,completed
11,known_visit,ACBBA,bernoulli,drop_0.25,19,361,4,10,acbba_h8_bernoulli_025,C:\Users\lottj\Desktop\research\decentralized benchmark\commitment-horizon-study\reference_core_benchmark_pilot\known_visit_10target_300.csv,2,7,11,12.170460849055802,12.170460849055802,02,02,1,0,True,completed
11,known_visit,ACBBA,bernoulli,drop_0.25,19,361,4,10,acbba_h8_bernoulli_025,C:\Users\lottj\Desktop\research\decentralized benchmark\commitment-horizon-study\reference_core_benchmark_pilot\known_visit_10target_300.csv,3,14,15,38.79841404932925,38.79841404932925,01,01,1,0,True,completed
11,known_visit,ACBBA,bernoulli,drop_0.25,19,361,4,10,acbba_h8_bernoulli_025,C:\Users\lottj\Desktop\research\decentralized benchmark\commitment-horizon-study\reference_core_benchmark_pilot\known_visit_10target_300.csv,4,9,7,16.032777781716735,16.032777781716735,01,01,1,0,True,completed
11,known_visit,ACBBA,bernoulli,drop_0.25,19,361,4,10,acbba_h8_bernoulli_025,C:\Users\lottj\Desktop\research\decentralized benchmark\commitment-horizon-study\reference_core_benchmark_pilot\known_visit_10target_300.csv,5,5,12,6.90121016074916,6.90121016074916,02,02,2,1,True,completed
11,known_visit,ACBBA,bernoulli,drop_0.25,19,361,4,10,acbba_h8_bernoulli_025,C:\Users\lottj\Desktop\research\decentralized benchmark\commitment-horizon-study\reference_core_benchmark_pilot\known_visit_10target_300.csv,6,8,13,37.44912772972259,37.44912772972259,00,00,1,0,True,completed
11,known_visit,ACBBA,bernoulli,drop_0.25,19,361,4,10,acbba_h8_bernoulli_025,C:\Users\lottj\Desktop\research\decentralized benchmark\commitment-horizon-study\reference_core_benchmark_pilot\known_visit_10target_300.csv,7,18,17,49.175898843613,49.175898843613,01,01,1,0,True,completed
11,known_visit,ACBBA,bernoulli,drop_0.25,19,361,4,10,acbba_h8_bernoulli_025,C:\Users\lottj\Desktop\research\decentralized benchmark\commitment-horizon-study\reference_core_benchmark_pilot\known_visit_10target_300.csv,8,8,17,18.035963866396013,18.035963866396013,03,03,2,1,True,completed
11,known_visit,ACBBA,bernoulli,drop_0.25,19,361,4,10,acbba_h8_bernoulli_025,C:\Users\lottj\Desktop\research\decentralized benchmark\commitment-horizon-study\reference_core_benchmark_pilot\known_visit_10target_300.csv,9,13,9,26.689607176790734,26.689607176790734,01,01,2,1,True,completed
11,known_visit,ACBBA,bernoulli,drop_0.25,19,361,4,10,acbba_h8_bernoulli_025,C:\Users\lottj\Desktop\research\decentralized benchmark\commitment-horizon-study\reference_core_benchmark_pilot\known_visit_10target_300.csv,10,5,2,10.733794410422165,10.733794410422165,00,00,2,1,True,completed
12,known_visit,ACBBA,bernoulli,drop_0.25,19,361,4,10,acbba_h8_bernoulli_025,C:\Users\lottj\Desktop\research\decentralized benchmark\commitment-horizon-study\reference_core_benchmark_pilot\known_visit_10target_300.csv,1,16,8,41.255606435941736,41.255606435941736,01,01,1,0,True,completed
12,known_visit,ACBBA,bernoulli,drop_0.25,19,361,4,10,acbba_h8_bernoulli_025,C:\Users\lottj\Desktop\research\decentralized benchmark\commitment-horizon-study\reference_core_benchmark_pilot\known_visit_10target_300.csv,2,12,16,63.08552536070796,63.08552536070796,02,02,1,0,True,completed
12,known_visit,ACBBA,bernoulli,drop_0.25,19,361,4,10,acbba_h8_bernoulli_025,C:\Users\lottj\Desktop\research\decentralized benchmark\commitment-horizon-study\reference_core_benchmark_pilot\known_visit_10target_300.csv,3,3,3,9.951074591246828,9.951074591246828,01,01,1,0,True,completed
12,known_visit,ACBBA,bernoulli,drop_0.25,19,361,4,10,acbba_h8_bernoulli_025,C:\Users\lottj\Desktop\research\decentralized benchmark\commitment-horizon-study\reference_core_benchmark_pilot\known_visit_10target_300.csv,4,5,13,45.06973550512537,45.06973550512537,02,02,1,0,True,completed
12,known_visit,ACBBA,bernoulli,drop_0.25,19,361,4,10,acbba_h8_bernoulli_025,C:\Users\lottj\Desktop\research\decentralized benchmark\commitment-horizon-study\reference_core_benchmark_pilot\known_visit_10target_300.csv,5,18,15,75.23841619865148,75.23841619865148,02,02,1,0,True,completed
12,known_visit,ACBBA,bernoulli,drop_0.25,19,361,4,10,acbba_h8_bernoulli_025,C:\Users\lottj\Desktop\research\decentralized benchmark\commitment-horizon-study\reference_core_benchmark_pilot\known_visit_10target_300.csv,6,2,17,3.8680228435410773,3.8680228435410773,03,03,2,1,True,completed
12,known_visit,ACBBA,bernoulli,drop_0.25,19,361,4,10,acbba_h8_bernoulli_025,C:\Users\lottj\Desktop\research\decentralized benchmark\commitment-horizon-study\reference_core_benchmark_pilot\known_visit_10target_300.csv,7,2,9,15.072969270932203,15.072969270932203,02,02,2,1,True,completed
12,known_visit,ACBBA,bernoulli,drop_0.25,19,361,4,10,acbba_h8_bernoulli_025,C:\Users\lottj\Desktop\research\decentralized benchmark\commitment-horizon-study\reference_core_benchmark_pilot\known_visit_10target_300.csv,8,3,5,6.3969703025773885,6.3969703025773885,01,01,1,0,True,completed
12,known_visit,ACBBA,bernoulli,drop_0.25,19,361,4,10,acbba_h8_bernoulli_025,C:\Users\lottj\Desktop\research\decentralized benchmark\commitment-horizon-study\reference_core_benchmark_pilot\known_visit_10target_300.csv,9,12,6,30.658294645112605,30.658294645112605,01,01,1,0,True,completed
12,known_visit,ACBBA,bernoulli,drop_0.25,19,361,4,10,acbba_h8_bernoulli_025,C:\Users\lottj\Desktop\research\decentralized benchmark\commitment-horizon-study\reference_core_benchmark_pilot\known_visit_10target_300.csv,10,9,0,13.856012314829732,13.856012314829732,00,00,1,0,True,completed
13,known_visit,ACBBA,bernoulli,drop_0.25,19,361,4,10,acbba_h8_bernoulli_025,C:\Users\lottj\Desktop\research\decentralized benchmark\commitment-horizon-study\reference_core_benchmark_pilot\known_visit_10target_300.csv,1,7,7,29.404785327324554,29.404785327324554,03,03,2,1,True,completed
13,known_visit,ACBBA,bernoulli,drop_0.25,19,361,4,10,acbba_h8_bernoulli_025,C:\Users\lottj\Desktop\research\decentralized benchmark\commitment-horizon-study\reference_core_benchmark_pilot\known_visit_10target_300.csv,2,3,3,9.187451664531386,9.187451664531386,00,00,1,0,True,completed
13,known_visit,ACBBA,bernoulli,drop_0.25,19,361,4,10,acbba_h8_bernoulli_025,C:\Users\lottj\Desktop\research\decentralized benchmark\commitment-horizon-study\reference_core_benchmark_pilot\known_visit_10target_300.csv,3,18,5,53.38235441336645,53.38235441336645,00,00,1,0,True,completed
13,known_visit,ACBBA,bernoulli,drop_0.25,19,361,4,10,acbba_h8_bernoulli_025,C:\Users\lottj\Desktop\research\decentralized benchmark\commitment-horizon-study\reference_core_benchmark_pilot\known_visit_10target_300.csv,4,2,10,6.117451803797485,6.117451803797485,02,02,2,1,True,completed
13,known_visit,ACBBA,bernoulli,drop_0.25,19,361,4,10,acbba_h8_bernoulli_025,C:\Users\lottj\Desktop\research\decentralized benchmark\commitment-horizon-study\reference_core_benchmark_pilot\known_visit_10target_300.csv,5,12,4,38.31591390699034,38.31591390699034,02,02,1,0,True,completed
13,known_visit,ACBBA,bernoulli,drop_0.25,19,361,4,10,acbba_h8_bernoulli_025,C:\Users\lottj\Desktop\research\decentralized benchmark\commitment-horizon-study\reference_core_benchmark_pilot\known_visit_10target_300.csv,6,1,9,5.808303178544219,5.808303178544219,01,01,2,1,True,completed
13,known_visit,ACBBA,bernoulli,drop_0.25,19,361,4,10,acbba_h8_bernoulli_025,C:\Users\lottj\Desktop\research\decentralized benchmark\commitment-horizon-study\reference_core_benchmark_pilot\known_visit_10target_300.csv,7,11,11,23.941710688019246,23.941710688019246,02,02,2,1,True,completed
13,known_visit,ACBBA,bernoulli,drop_0.25,19,361,4,10,acbba_h8_bernoulli_025,C:\Users\lottj\Desktop\research\decentralized benchmark\commitment-horizon-study\reference_core_benchmark_pilot\known_visit_10target_300.csv,8,13,1,33.89349443401841,33.89349443401841,00,00,2,1,True,completed
13,known_visit,ACBBA,bernoulli,drop_0.25,19,361,4,10,acbba_h8_bernoulli_025,C:\Users\lottj\Desktop\research\decentralized benchmark\commitment-horizon-study\reference_core_benchmark_pilot\known_visit_10target_300.csv,9,14,2,30.19258792341868,30.19258792341868,00,00,2,1,True,completed
13,known_visit,ACBBA,bernoulli,drop_0.25,19,361,4,10,acbba_h8_bernoulli_025,C:\Users\lottj\Desktop\research\decentralized benchmark\commitment-horizon-study\reference_core_benchmark_pilot\known_visit_10target_300.csv,10,18,3,49.99526850901634,49.99526850901634,00,00,1,0,True,completed
14,known_visit,ACBBA,bernoulli,drop_0.25,19,361,4,10,acbba_h8_bernoulli_025,C:\Users\lottj\Desktop\research\decentralized benchmark\commitment-horizon-study\reference_core_benchmark_pilot\known_visit_10target_300.csv,1,18,5,56.66604180560385,56.66604180560385,01,01,1,0,True,completed
14,known_visit,ACBBA,bernoulli,drop_0.25,19,361,4,10,acbba_h8_bernoulli_025,C:\Users\lottj\Desktop\research\decentralized benchmark\commitment-horizon-study\reference_core_benchmark_pilot\known_visit_10target_300.csv,2,5,1,23.96049527058915,23.96049527058915,01,01,1,0,True,completed
14,known_visit,ACBBA,bernoulli,drop_0.25,19,361,4,10,acbba_h8_bernoulli_025,C:\Users\lottj\Desktop\research\decentralized benchmark\commitment-horizon-study\reference_core_benchmark_pilot\known_visit_10target_300.csv,3,11,15,30.323948092912264,30.323948092912264,03,03,1,0,True,completed
14,known_visit,ACBBA,bernoulli,drop_0.25,19,361,4,10,acbba_h8_bernoulli_025,C:\Users\lottj\Desktop\research\decentralized benchmark\commitment-horizon-study\reference_core_benchmark_pilot\known_visit_10target_300.csv,4,4,17,7.238094804093028,7.238094804093028,03,03,2,1,True,completed
14,known_visit,ACBBA,bernoulli,drop_0.25,19,361,4,10,acbba_h8_bernoulli_025,C:\Users\lottj\Desktop\research\decentralized benchmark\commitment-horizon-study\reference_core_benchmark_pilot\known_visit_10target_300.csv,5,10,14,30.557006763723724,30.557006763723724,02,02,1,0,True,completed
14,known_visit,ACBBA,bernoulli,drop_0.25,19,361,4,10,acbba_h8_bernoulli_025,C:\Users\lottj\Desktop\research\decentralized benchmark\commitment-horizon-study\reference_core_benchmark_pilot\known_visit_10target_300.csv,6,7,16,14.32635425963506,14.32635425963506,03,03,1,0,True,completed
14,known_visit,ACBBA,bernoulli,drop_0.25,19,361,4,10,acbba_h8_bernoulli_025,C:\Users\lottj\Desktop\research\decentralized benchmark\commitment-horizon-study\reference_core_benchmark_pilot\known_visit_10target_300.csv,7,10,18,22.987319745504067,22.987319745504067,03,03,1,0,True,completed
14,known_visit,ACBBA,bernoulli,drop_0.25,19,361,4,10,acbba_h8_bernoulli_025,C:\Users\lottj\Desktop\research\decentralized benchmark\commitment-horizon-study\reference_core_benchmark_pilot\known_visit_10target_300.csv,8,0,2,2.2261775699523345,2.2261775699523345,00,00,1,0,True,completed
14,known_visit,ACBBA,bernoulli,drop_0.25,19,361,4,10,acbba_h8_bernoulli_025,C:\Users\lottj\Desktop\research\decentralized benchmark\commitment-horizon-study\reference_core_benchmark_pilot\known_visit_10target_300.csv,9,14,0,41.53261081986977,41.53261081986977,01,01,1,0,True,completed
14,known_visit,ACBBA,bernoulli,drop_0.25,19,361,4,10,acbba_h8_bernoulli_025,C:\Users\lottj\Desktop\research\decentralized benchmark\commitment-horizon-study\reference_core_benchmark_pilot\known_visit_10target_300.csv,10,7,3,16.56710077930446,16.56710077930446,01,01,1,0,True,completed
15,known_visit,ACBBA,bernoulli,drop_0.25,19,361,4,10,acbba_h8_bernoulli_025,C:\Users\lottj\Desktop\research\decentralized benchmark\commitment-horizon-study\reference_core_benchmark_pilot\known_visit_10target_300.csv,1,5,17,9.490305840837408,9.490305840837408,03,03,1,0,True,completed
15,known_visit,ACBBA,bernoulli,drop_0.25,19,361,4,10,acbba_h8_bernoulli_025,C:\Users\lottj\Desktop\research\decentralized benchmark\commitment-horizon-study\reference_core_benchmark_pilot\known_visit_10target_300.csv,2,2,5,3.761858465871,3.761858465871,01,01,1,0,True,completed
15,known_visit,ACBBA,bernoulli,drop_0.25,19,361,4,10,acbba_h8_bernoulli_025,C:\Users\lottj\Desktop\research\decentralized benchmark\commitment-horizon-study\reference_core_benchmark_pilot\known_visit_10target_300.csv,3,9,16,18.309629988190164,18.309629988190164,03,03,1,0,True,completed
15,known_visit,ACBBA,bernoulli,drop_0.25,19,361,4,10,acbba_h8_bernoulli_025,C:\Users\lottj\Desktop\research\decentralized benchmark\commitment-horizon-study\reference_core_benchmark_pilot\known_visit_10target_300.csv,4,12,15,25.381498390931846,25.381498390931846,03,03,1,0,True,completed
15,known_visit,ACBBA,bernoulli,drop_0.25,19,361,4,10,acbba_h8_bernoulli_025,C:\Users\lottj\Desktop\research\decentralized benchmark\commitment-horizon-study\reference_core_benchmark_pilot\known_visit_10target_300.csv,5,5,3,12.5789260979624,12.5789260979624,01,01,1,0,True,completed
15,known_visit,ACBBA,bernoulli,drop_0.25,19,361,4,10,acbba_h8_bernoulli_025,C:\Users\lottj\Desktop\research\decentralized benchmark\commitment-horizon-study\reference_core_benchmark_pilot\known_visit_10target_300.csv,6,12,10,34.26852674413606,34.26852674413606,03,03,1,0,True,completed
15,known_visit,ACBBA,bernoulli,drop_0.25,19,361,4,10,acbba_h8_bernoulli_025,C:\Users\lottj\Desktop\research\decentralized benchmark\commitment-horizon-study\reference_core_benchmark_pilot\known_visit_10target_300.csv,7,9,2,21.531991975285347,21.531991975285347,01,01,1,0,True,completed
15,known_visit,ACBBA,bernoulli,drop_0.25,19,361,4,10,acbba_h8_bernoulli_025,C:\Users\lottj\Desktop\research\decentralized benchmark\commitment-horizon-study\reference_core_benchmark_pilot\known_visit_10target_300.csv,8,1,10,3.947473812563252,3.947473812563252,02,02,1,0,True,completed
15,known_visit,ACBBA,bernoulli,drop_0.25,19,361,4,10,acbba_h8_bernoulli_025,C:\Users\lottj\Desktop\research\decentralized benchmark\commitment-horizon-study\reference_core_benchmark_pilot\known_visit_10target_300.csv,9,3,3,9.215211841355655,9.215211841355655,01,01,2,1,True,completed
15,known_visit,ACBBA,bernoulli,drop_0.25,19,361,4,10,acbba_h8_bernoulli_025,C:\Users\lottj\Desktop\research\decentralized benchmark\commitment-horizon-study\reference_core_benchmark_pilot\known_visit_10target_300.csv,10,0,1,0.5462692548060903,0.5462692548060903,00,00,2,1,True,completed
16,known_visit,ACBBA,bernoulli,drop_0.25,19,361,4,10,acbba_h8_bernoulli_025,C:\Users\lottj\Desktop\research\decentralized benchmark\commitment-horizon-study\reference_core_benchmark_pilot\known_visit_10target_300.csv,1,9,16,22.774238804495994,22.774238804495994,02,02,1,0,True,completed
16,known_visit,ACBBA,bernoulli,drop_0.25,19,361,4,10,acbba_h8_bernoulli_025,C:\Users\lottj\Desktop\research\decentralized benchmark\commitment-horizon-study\reference_core_benchmark_pilot\known_visit_10target_300.csv,2,12,0,52.6350339693819,52.6350339693819,01,01,1,0,True,completed
16,known_visit,ACBBA,bernoulli,drop_0.25,19,361,4,10,acbba_h8_bernoulli_025,C:\Users\lottj\Desktop\research\decentralized benchmark\commitment-horizon-study\reference_core_benchmark_pilot\known_visit_10target_300.csv,3,5,5,22.349814211059737,22.349814211059737,00,00,3,2,True,completed
16,known_visit,ACBBA,bernoulli,drop_0.25,19,361,4,10,acbba_h8_bernoulli_025,C:\Users\lottj\Desktop\research\decentralized benchmark\commitment-horizon-study\reference_core_benchmark_pilot\known_visit_10target_300.csv,4,0,5,4.127576588741928,4.127576588741928,01,01,1,0,True,completed
16,known_visit,ACBBA,bernoulli,drop_0.25,19,361,4,10,acbba_h8_bernoulli_025,C:\Users\lottj\Desktop\research\decentralized benchmark\commitment-horizon-study\reference_core_benchmark_pilot\known_visit_10target_300.csv,5,7,3,20.402480794810263,20.402480794810263,01,01,1,0,True,completed
16,known_visit,ACBBA,bernoulli,drop_0.25,19,361,4,10,acbba_h8_bernoulli_025,C:\Users\lottj\Desktop\research\decentralized benchmark\commitment-horizon-study\reference_core_benchmark_pilot\known_visit_10target_300.csv,6,1,13,2.226834232277892,2.226834232277892,02,02,1,0,True,completed
16,known_visit,ACBBA,bernoulli,drop_0.25,19,361,4,10,acbba_h8_bernoulli_025,C:\Users\lottj\Desktop\research\decentralized benchmark\commitment-horizon-study\reference_core_benchmark_pilot\known_visit_10target_300.csv,7,13,5,40.23942040869822,40.23942040869822,00,00,1,0,True,completed
16,known_visit,ACBBA,bernoulli,drop_0.25,19,361,4,10,acbba_h8_bernoulli_025,C:\Users\lottj\Desktop\research\decentralized benchmark\commitment-horizon-study\reference_core_benchmark_pilot\known_visit_10target_300.csv,8,13,1,47.0713954271135,47.0713954271135,00,00,1,0,True,completed
16,known_visit,ACBBA,bernoulli,drop_0.25,19,361,4,10,acbba_h8_bernoulli_025,C:\Users\lottj\Desktop\research\decentralized benchmark\commitment-horizon-study\reference_core_benchmark_pilot\known_visit_10target_300.csv,9,9,18,13.814589232213693,13.814589232213693,03,03,1,0,True,completed
16,known_visit,ACBBA,bernoulli,drop_0.25,19,361,4,10,acbba_h8_bernoulli_025,C:\Users\lottj\Desktop\research\decentralized benchmark\commitment-horizon-study\reference_core_benchmark_pilot\known_visit_10target_300.csv,10,15,14,38.65517537074305,38.65517537074305,03,03,1,0,True,completed
17,known_visit,ACBBA,bernoulli,drop_0.25,19,361,4,10,acbba_h8_bernoulli_025,C:\Users\lottj\Desktop\research\decentralized benchmark\commitment-horizon-study\reference_core_benchmark_pilot\known_visit_10target_300.csv,1,10,11,33.70485453420222,33.70485453420222,01,01,1,0,True,completed
17,known_visit,ACBBA,bernoulli,drop_0.25,19,361,4,10,acbba_h8_bernoulli_025,C:\Users\lottj\Desktop\research\decentralized benchmark\commitment-horizon-study\reference_core_benchmark_pilot\known_visit_10target_300.csv,2,16,16,29.726460801756833,29.726460801756833,03,03,1,0,True,completed
17,known_visit,ACBBA,bernoulli,drop_0.25,19,361,4,10,acbba_h8_bernoulli_025,C:\Users\lottj\Desktop\research\decentralized benchmark\commitment-horizon-study\reference_core_benchmark_pilot\known_visit_10target_300.csv,3,14,2,30.255326190989134,30.255326190989134,00,00,1,0,True,completed
17,known_visit,ACBBA,bernoulli,drop_0.25,19,361,4,10,acbba_h8_bernoulli_025,C:\Users\lottj\Desktop\research\decentralized benchmark\commitment-horizon-study\reference_core_benchmark_pilot\known_visit_10target_300.csv,4,2,7,3.669809709709386,3.669809709709386,01,01,1,0,True,completed
17,known_visit,ACBBA,bernoulli,drop_0.25,19,361,4,10,acbba_h8_bernoulli_025,C:\Users\lottj\Desktop\research\decentralized benchmark\commitment-horizon-study\reference_core_benchmark_pilot\known_visit_10target_300.csv,5,17,1,37.393789605957025,37.393789605957025,00,00,1,0,True,completed
17,known_visit,ACBBA,bernoulli,drop_0.25,19,361,4,10,acbba_h8_bernoulli_025,C:\Users\lottj\Desktop\research\decentralized benchmark\commitment-horizon-study\reference_core_benchmark_pilot\known_visit_10target_300.csv,6,1,6,0.14716067402145097,0.14716067402145097,01,01,2,1,True,completed
17,known_visit,ACBBA,bernoulli,drop_0.25,19,361,4,10,acbba_h8_bernoulli_025,C:\Users\lottj\Desktop\research\decentralized benchmark\commitment-horizon-study\reference_core_benchmark_pilot\known_visit_10target_300.csv,7,18,1,39.13266383699276,39.13266383699276,00,00,1,0,True,completed
17,known_visit,ACBBA,bernoulli,drop_0.25,19,361,4,10,acbba_h8_bernoulli_025,C:\Users\lottj\Desktop\research\decentralized benchmark\commitment-horizon-study\reference_core_benchmark_pilot\known_visit_10target_300.csv,8,11,17,18.892223736546754,18.892223736546754,03,03,1,0,True,completed
17,known_visit,ACBBA,bernoulli,drop_0.25,19,361,4,10,acbba_h8_bernoulli_025,C:\Users\lottj\Desktop\research\decentralized benchmark\commitment-horizon-study\reference_core_benchmark_pilot\known_visit_10target_300.csv,9,4,8,8.916720706607368,8.916720706607368,01,01,1,0,True,completed
17,known_visit,ACBBA,bernoulli,drop_0.25,19,361,4,10,acbba_h8_bernoulli_025,C:\Users\lottj\Desktop\research\decentralized benchmark\commitment-horizon-study\reference_core_benchmark_pilot\known_visit_10target_300.csv,10,10,9,24.908243504701126,24.908243504701126,01,01,1,0,True,completed
18,known_visit,ACBBA,bernoulli,drop_0.25,19,361,4,10,acbba_h8_bernoulli_025,C:\Users\lottj\Desktop\research\decentralized benchmark\commitment-horizon-study\reference_core_benchmark_pilot\known_visit_10target_300.csv,1,16,11,48.98912762805601,48.98912762805601,00,00,1,0,True,completed
18,known_visit,ACBBA,bernoulli,drop_0.25,19,361,4,10,acbba_h8_bernoulli_025,C:\Users\lottj\Desktop\research\decentralized benchmark\commitment-horizon-study\reference_core_benchmark_pilot\known_visit_10target_300.csv,2,17,4,35.15899383669763,35.15899383669763,00,00,1,0,True,completed
18,known_visit,ACBBA,bernoulli,drop_0.25,19,361,4,10,acbba_h8_bernoulli_025,C:\Users\lottj\Desktop\research\decentralized benchmark\commitment-horizon-study\reference_core_benchmark_pilot\known_visit_10target_300.csv,3,13,1,22.86047601992506,22.86047601992506,00,00,2,1,True,completed
18,known_visit,ACBBA,bernoulli,drop_0.25,19,361,4,10,acbba_h8_bernoulli_025,C:\Users\lottj\Desktop\research\decentralized benchmark\commitment-horizon-study\reference_core_benchmark_pilot\known_visit_10target_300.csv,4,13,13,30.167943656363246,30.167943656363246,03,03,1,0,True,completed
18,known_visit,ACBBA,bernoulli,drop_0.25,19,361,4,10,acbba_h8_bernoulli_025,C:\Users\lottj\Desktop\research\decentralized benchmark\commitment-horizon-study\reference_core_benchmark_pilot\known_visit_10target_300.csv,5,14,12,54.371486098012774,54.371486098012774,00,00,1,0,True,completed
18,known_visit,ACBBA,bernoulli,drop_0.25,19,361,4,10,acbba_h8_bernoulli_025,C:\Users\lottj\Desktop\research\decentralized benchmark\commitment-horizon-study\reference_core_benchmark_pilot\known_visit_10target_300.csv,6,2,1,3.88427498465499,3.88427498465499,00,00,1,0,True,completed
18,known_visit,ACBBA,bernoulli,drop_0.25,19,361,4,10,acbba_h8_bernoulli_025,C:\Users\lottj\Desktop\research\decentralized benchmark\commitment-horizon-study\reference_core_benchmark_pilot\known_visit_10target_300.csv,7,4,16,8.99141285049851,8.99141285049851,03,03,1,0,True,completed
18,known_visit,ACBBA,bernoulli,drop_0.25,19,361,4,10,acbba_h8_bernoulli_025,C:\Users\lottj\Desktop\research\decentralized benchmark\commitment-horizon-study\reference_core_benchmark_pilot\known_visit_10target_300.csv,8,14,2,26.568206289986954,26.568206289986954,00,00,1,0,True,completed
18,known_visit,ACBBA,bernoulli,drop_0.25,19,361,4,10,acbba_h8_bernoulli_025,C:\Users\lottj\Desktop\research\decentralized benchmark\commitment-horizon-study\reference_core_benchmark_pilot\known_visit_10target_300.csv,9,12,10,61.70673131748348,61.70673131748348,00,00,1,0,True,completed
18,known_visit,ACBBA,bernoulli,drop_0.25,19,361,4,10,acbba_h8_bernoulli_025,C:\Users\lottj\Desktop\research\decentralized benchmark\commitment-horizon-study\reference_core_benchmark_pilot\known_visit_10target_300.csv,10,8,5,13.760570453429132,13.760570453429132,01,01,1,0,True,completed
19,known_visit,ACBBA,bernoulli,drop_0.25,19,361,4,10,acbba_h8_bernoulli_025,C:\Users\lottj\Desktop\research\decentralized benchmark\commitment-horizon-study\reference_core_benchmark_pilot\known_visit_10target_300.csv,1,2,7,3.847543958487584,3.847543958487584,01,01,1,0,True,completed
19,known_visit,ACBBA,bernoulli,drop_0.25,19,361,4,10,acbba_h8_bernoulli_025,C:\Users\lottj\Desktop\research\decentralized benchmark\commitment-horizon-study\reference_core_benchmark_pilot\known_visit_10target_300.csv,2,14,9,38.99880233997984,38.99880233997984,02,02,1,0,True,completed
19,known_visit,ACBBA,bernoulli,drop_0.25,19,361,4,10,acbba_h8_bernoulli_025,C:\Users\lottj\Desktop\research\decentralized benchmark\commitment-horizon-study\reference_core_benchmark_pilot\known_visit_10target_300.csv,3,15,12,32.029475919713526,32.029475919713526,02,02,1,0,True,completed
19,known_visit,ACBBA,bernoulli,drop_0.25,19,361,4,10,acbba_h8_bernoulli_025,C:\Users\lottj\Desktop\research\decentralized benchmark\commitment-horizon-study\reference_core_benchmark_pilot\known_visit_10target_300.csv,4,9,15,18.830454215574285,18.830454215574285,03,03,1,0,True,completed
19,known_visit,ACBBA,bernoulli,drop_0.25,19,361,4,10,acbba_h8_bernoulli_025,C:\Users\lottj\Desktop\research\decentralized benchmark\commitment-horizon-study\reference_core_benchmark_pilot\known_visit_10target_300.csv,5,11,4,30.3688954535607,30.3688954535607,00,00,1,0,True,completed
19,known_visit,ACBBA,bernoulli,drop_0.25,19,361,4,10,acbba_h8_bernoulli_025,C:\Users\lottj\Desktop\research\decentralized benchmark\commitment-horizon-study\reference_core_benchmark_pilot\known_visit_10target_300.csv,6,6,18,8.557680682453794,8.557680682453794,03,03,1,0,True,completed
19,known_visit,ACBBA,bernoulli,drop_0.25,19,361,4,10,acbba_h8_bernoulli_025,C:\Users\lottj\Desktop\research\decentralized benchmark\commitment-horizon-study\reference_core_benchmark_pilot\known_visit_10target_300.csv,7,10,5,26.806536120764214,26.806536120764214,00,00,1,0,True,completed
19,known_visit,ACBBA,bernoulli,drop_0.25,19,361,4,10,acbba_h8_bernoulli_025,C:\Users\lottj\Desktop\research\decentralized benchmark\commitment-horizon-study\reference_core_benchmark_pilot\known_visit_10target_300.csv,8,11,1,35.64295827645646,35.64295827645646,00,00,1,0,True,completed
19,known_visit,ACBBA,bernoulli,drop_0.25,19,361,4,10,acbba_h8_bernoulli_025,C:\Users\lottj\Desktop\research\decentralized benchmark\commitment-horizon-study\reference_core_benchmark_pilot\known_visit_10target_300.csv,9,8,18,11.831981577288934,11.831981577288934,03,03,1,0,True,completed
19,known_visit,ACBBA,bernoulli,drop_0.25,19,361,4,10,acbba_h8_bernoulli_025,C:\Users\lottj\Desktop\research\decentralized benchmark\commitment-horizon-study\reference_core_benchmark_pilot\known_visit_10target_300.csv,10,6,4,18.08366984098914,18.08366984098914,00,00,2,1,True,completed
20,known_visit,ACBBA,bernoulli,drop_0.25,19,361,4,10,acbba_h8_bernoulli_025,C:\Users\lottj\Desktop\research\decentralized benchmark\commitment-horizon-study\reference_core_benchmark_pilot\known_visit_10target_300.csv,1,7,4,14.610109759395696,14.610109759395696,01,01,2,1,True,completed
20,known_visit,ACBBA,bernoulli,drop_0.25,19,361,4,10,acbba_h8_bernoulli_025,C:\Users\lottj\Desktop\research\decentralized benchmark\commitment-horizon-study\reference_core_benchmark_pilot\known_visit_10target_300.csv,2,6,9,28.218888135317346,28.218888135317346,02,02,1,0,True,completed
20,known_visit,ACBBA,bernoulli,drop_0.25,19,361,4,10,acbba_h8_bernoulli_025,C:\Users\lottj\Desktop\research\decentralized benchmark\commitment-horizon-study\reference_core_benchmark_pilot\known_visit_10target_300.csv,3,8,14,15.7972666251583,15.7972666251583,02,02,1,0,True,completed
20,known_visit,ACBBA,bernoulli,drop_0.25,19,361,4,10,acbba_h8_bernoulli_025,C:\Users\lottj\Desktop\research\decentralized benchmark\commitment-horizon-study\reference_core_benchmark_pilot\known_visit_10target_300.csv,4,16,6,33.8589217729849,33.8589217729849,01,01,1,0,True,completed
20,known_visit,ACBBA,bernoulli,drop_0.25,19,361,4,10,acbba_h8_bernoulli_025,C:\Users\lottj\Desktop\research\decentralized benchmark\commitment-horizon-study\reference_core_benchmark_pilot\known_visit_10target_300.csv,5,4,3,10.888597419072033,10.888597419072033,00,00,2,1,True,completed
20,known_visit,ACBBA,bernoulli,drop_0.25,19,361,4,10,acbba_h8_bernoulli_025,C:\Users\lottj\Desktop\research\decentralized benchmark\commitment-horizon-study\reference_core_benchmark_pilot\known_visit_10target_300.csv,6,4,16,9.163490260062666,9.163490260062666,03,03,1,0,True,completed
20,known_visit,ACBBA,bernoulli,drop_0.25,19,361,4,10,acbba_h8_bernoulli_025,C:\Users\lottj\Desktop\research\decentralized benchmark\commitment-horizon-study\reference_core_benchmark_pilot\known_visit_10target_300.csv,7,1,12,0.2078225643782647,0.2078225643782647,02,02,1,0,True,completed
20,known_visit,ACBBA,bernoulli,drop_0.25,19,361,4,10,acbba_h8_bernoulli_025,C:\Users\lottj\Desktop\research\decentralized benchmark\commitment-horizon-study\reference_core_benchmark_pilot\known_visit_10target_300.csv,8,2,18,1.8943777505355015,1.8943777505355015,03,03,1,0,True,completed
20,known_visit,ACBBA,bernoulli,drop_0.25,19,361,4,10,acbba_h8_bernoulli_025,C:\Users\lottj\Desktop\research\decentralized benchmark\commitment-horizon-study\reference_core_benchmark_pilot\known_visit_10target_300.csv,9,14,4,26.7608909427406,26.7608909427406,01,01,1,0,True,completed
20,known_visit,ACBBA,bernoulli,drop_0.25,19,361,4,10,acbba_h8_bernoulli_025,C:\Users\lottj\Desktop\research\decentralized benchmark\commitment-horizon-study\reference_core_benchmark_pilot\known_visit_10target_300.csv,10,7,0,28.278948915138937,28.278948915138937,00,00,1,0,True,completed
21,known_visit,ACBBA,bernoulli,drop_0.25,19,361,4,10,acbba_h8_bernoulli_025,C:\Users\lottj\Desktop\research\decentralized benchmark\commitment-horizon-study\reference_core_benchmark_pilot\known_visit_10target_300.csv,1,16,12,50.922119213906555,50.922119213906555,00,00,1,0,True,completed
21,known_visit,ACBBA,bernoulli,drop_0.25,19,361,4,10,acbba_h8_bernoulli_025,C:\Users\lottj\Desktop\research\decentralized benchmark\commitment-horizon-study\reference_core_benchmark_pilot\known_visit_10target_300.csv,2,10,18,15.787838441840607,15.787838441840607,03,03,1,0,True,completed
21,known_visit,ACBBA,bernoulli,drop_0.25,19,361,4,10,acbba_h8_bernoulli_025,C:\Users\lottj\Desktop\research\decentralized benchmark\commitment-horizon-study\reference_core_benchmark_pilot\known_visit_10target_300.csv,3,2,11,11.005816553644024,11.005816553644024,01,01,1,0,True,completed
21,known_visit,ACBBA,bernoulli,drop_0.25,19,361,4,10,acbba_h8_bernoulli_025,C:\Users\lottj\Desktop\research\decentralized benchmark\commitment-horizon-study\reference_core_benchmark_pilot\known_visit_10target_300.csv,4,9,15,18.977079094871048,18.977079094871048,02,02,1,0,True,completed
21,known_visit,ACBBA,bernoulli,drop_0.25,19,361,4,10,acbba_h8_bernoulli_025,C:\Users\lottj\Desktop\research\decentralized benchmark\commitment-horizon-study\reference_core_benchmark_pilot\known_visit_10target_300.csv,5,16,13,52.70562407385166,52.70562407385166,00,00,1,0,True,completed
21,known_visit,ACBBA,bernoulli,drop_0.25,19,361,4,10,acbba_h8_bernoulli_025,C:\Users\lottj\Desktop\research\decentralized benchmark\commitment-horizon-study\reference_core_benchmark_pilot\known_visit_10target_300.csv,6,9,8,27.809102205433266,27.809102205433266,00,00,2,1,True,completed
21,known_visit,ACBBA,bernoulli,drop_0.25,19,361,4,10,acbba_h8_bernoulli_025,C:\Users\lottj\Desktop\research\decentralized benchmark\commitment-horizon-study\reference_core_benchmark_pilot\known_visit_10target_300.csv,7,12,17,27.730405407656246,27.730405407656246,02,02,2,1,True,completed
21,known_visit,ACBBA,bernoulli,drop_0.25,19,361,4,10,acbba_h8_bernoulli_025,C:\Users\lottj\Desktop\research\decentralized benchmark\commitment-horizon-study\reference_core_benchmark_pilot\known_visit_10target_300.csv,8,13,9,40.31234177955721,40.31234177955721,00,00,2,1,True,completed
21,known_visit,ACBBA,bernoulli,drop_0.25,19,361,4,10,acbba_h8_bernoulli_025,C:\Users\lottj\Desktop\research\decentralized benchmark\commitment-horizon-study\reference_core_benchmark_pilot\known_visit_10target_300.csv,9,10,10,33.26879844622789,33.26879844622789,00,00,2,1,True,completed
21,known_visit,ACBBA,bernoulli,drop_0.25,19,361,4,10,acbba_h8_bernoulli_025,C:\Users\lottj\Desktop\research\decentralized benchmark\commitment-horizon-study\reference_core_benchmark_pilot\known_visit_10target_300.csv,10,16,17,68.49462094981092,68.49462094981092,01,01,1,0,True,completed
22,known_visit,ACBBA,bernoulli,drop_0.25,19,361,4,10,acbba_h8_bernoulli_025,C:\Users\lottj\Desktop\research\decentralized benchmark\commitment-horizon-study\reference_core_benchmark_pilot\known_visit_10target_300.csv,1,16,6,83.47389830031146,83.47389830031146,01,01,1,0,True,completed
22,known_visit,ACBBA,bernoulli,drop_0.25,19,361,4,10,acbba_h8_bernoulli_025,C:\Users\lottj\Desktop\research\decentralized benchmark\commitment-horizon-study\reference_core_benchmark_pilot\known_visit_10target_300.csv,2,3,4,32.58590365965999,32.58590365965999,00,00,2,1,True,completed
22,known_visit,ACBBA,bernoulli,drop_0.25,19,361,4,10,acbba_h8_bernoulli_025,C:\Users\lottj\Desktop\research\decentralized benchmark\commitment-horizon-study\reference_core_benchmark_pilot\known_visit_10target_300.csv,3,5,15,12.647460410259399,12.647460410259399,03,03,1,0,True,completed
22,known_visit,ACBBA,bernoulli,drop_0.25,19,361,4,10,acbba_h8_bernoulli_025,C:\Users\lottj\Desktop\research\decentralized benchmark\commitment-horizon-study\reference_core_benchmark_pilot\known_visit_10target_300.csv,4,15,18,47.17465291000881,47.17465291000881,02,02,1,0,True,completed
22,known_visit,ACBBA,bernoulli,drop_0.25,19,361,4,10,acbba_h8_bernoulli_025,C:\Users\lottj\Desktop\research\decentralized benchmark\commitment-horizon-study\reference_core_benchmark_pilot\known_visit_10target_300.csv,5,7,0,18.386651637760295,18.386651637760295,00,00,2,1,True,completed
22,known_visit,ACBBA,bernoulli,drop_0.25,19,361,4,10,acbba_h8_bernoulli_025,C:\Users\lottj\Desktop\research\decentralized benchmark\commitment-horizon-study\reference_core_benchmark_pilot\known_visit_10target_300.csv,6,9,12,25.689049105633764,25.689049105633764,02,02,2,1,True,completed
22,known_visit,ACBBA,bernoulli,drop_0.25,19,361,4,10,acbba_h8_bernoulli_025,C:\Users\lottj\Desktop\research\decentralized benchmark\commitment-horizon-study\reference_core_benchmark_pilot\known_visit_10target_300.csv,7,3,2,7.2070050321648385,7.2070050321648385,00,00,2,1,True,completed
22,known_visit,ACBBA,bernoulli,drop_0.25,19,361,4,10,acbba_h8_bernoulli_025,C:\Users\lottj\Desktop\research\decentralized benchmark\commitment-horizon-study\reference_core_benchmark_pilot\known_visit_10target_300.csv,8,2,9,7.394704876714261,7.394704876714261,02,02,2,1,True,completed
22,known_visit,ACBBA,bernoulli,drop_0.25,19,361,4,10,acbba_h8_bernoulli_025,C:\Users\lottj\Desktop\research\decentralized benchmark\commitment-horizon-study\reference_core_benchmark_pilot\known_visit_10target_300.csv,9,5,1,12.788176750675254,12.788176750675254,00,00,2,1,True,completed
22,known_visit,ACBBA,bernoulli,drop_0.25,19,361,4,10,acbba_h8_bernoulli_025,C:\Users\lottj\Desktop\research\decentralized benchmark\commitment-horizon-study\reference_core_benchmark_pilot\known_visit_10target_300.csv,10,15,14,39.99030071460068,39.99030071460068,02,02,2,1,True,completed
23,known_visit,ACBBA,bernoulli,drop_0.25,19,361,4,10,acbba_h8_bernoulli_025,C:\Users\lottj\Desktop\research\decentralized benchmark\commitment-horizon-study\reference_core_benchmark_pilot\known_visit_10target_300.csv,1,12,7,34.92070372735168,34.92070372735168,00,00,1,0,True,completed
23,known_visit,ACBBA,bernoulli,drop_0.25,19,361,4,10,acbba_h8_bernoulli_025,C:\Users\lottj\Desktop\research\decentralized benchmark\commitment-horizon-study\reference_core_benchmark_pilot\known_visit_10target_300.csv,2,13,3,26.07422261697823,26.07422261697823,00,00,1,0,True,completed
23,known_visit,ACBBA,bernoulli,drop_0.25,19,361,4,10,acbba_h8_bernoulli_025,C:\Users\lottj\Desktop\research\decentralized benchmark\commitment-horizon-study\reference_core_benchmark_pilot\known_visit_10target_300.csv,3,10,6,15.541982340222857,15.541982340222857,01,01,1,0,True,completed
23,known_visit,ACBBA,bernoulli,drop_0.25,19,361,4,10,acbba_h8_bernoulli_025,C:\Users\lottj\Desktop\research\decentralized benchmark\commitment-horizon-study\reference_core_benchmark_pilot\known_visit_10target_300.csv,4,2,13,3.617897446948031,3.617897446948031,02,02,1,0,True,completed
23,known_visit,ACBBA,bernoulli,drop_0.25,19,361,4,10,acbba_h8_bernoulli_025,C:\Users\lottj\Desktop\research\decentralized benchmark\commitment-horizon-study\reference_core_benchmark_pilot\known_visit_10target_300.csv,5,11,9,47.44252093692543,47.44252093692543,02,02,1,0,True,completed
23,known_visit,ACBBA,bernoulli,drop_0.25,19,361,4,10,acbba_h8_bernoulli_025,C:\Users\lottj\Desktop\research\decentralized benchmark\commitment-horizon-study\reference_core_benchmark_pilot\known_visit_10target_300.csv,6,11,16,35.6279609434601,35.6279609434601,02,02,2,1,True,completed
23,known_visit,ACBBA,bernoulli,drop_0.25,19,361,4,10,acbba_h8_bernoulli_025,C:\Users\lottj\Desktop\research\decentralized benchmark\commitment-horizon-study\reference_core_benchmark_pilot\known_visit_10target_300.csv,7,16,7,49.4881342715201,49.4881342715201,00,00,1,0,True,completed
23,known_visit,ACBBA,bernoulli,drop_0.25,19,361,4,10,acbba_h8_bernoulli_025,C:\Users\lottj\Desktop\research\decentralized benchmark\commitment-horizon-study\reference_core_benchmark_pilot\known_visit_10target_300.csv,8,6,18,23.462024356586653,23.462024356586653,02,02,1,0,True,completed
23,known_visit,ACBBA,bernoulli,drop_0.25,19,361,4,10,acbba_h8_bernoulli_025,C:\Users\lottj\Desktop\research\decentralized benchmark\commitment-horizon-study\reference_core_benchmark_pilot\known_visit_10target_300.csv,9,14,9,42.349620387898305,42.349620387898305,00,00,1,0,True,completed
23,known_visit,ACBBA,bernoulli,drop_0.25,19,361,4,10,acbba_h8_bernoulli_025,C:\Users\lottj\Desktop\research\decentralized benchmark\commitment-horizon-study\reference_core_benchmark_pilot\known_visit_10target_300.csv,10,1,16,3.7622361695571698,3.7622361695571698,03,03,2,1,True,completed
24,known_visit,ACBBA,bernoulli,drop_0.25,19,361,4,10,acbba_h8_bernoulli_025,C:\Users\lottj\Desktop\research\decentralized benchmark\commitment-horizon-study\reference_core_benchmark_pilot\known_visit_10target_300.csv,1,4,17,7.335356002312912,7.335356002312912,03,03,1,0,True,completed
24,known_visit,ACBBA,bernoulli,drop_0.25,19,361,4,10,acbba_h8_bernoulli_025,C:\Users\lottj\Desktop\research\decentralized benchmark\commitment-horizon-study\reference_core_benchmark_pilot\known_visit_10target_300.csv,2,16,16,51.09297653140536,51.09297653140536,02,02,1,0,True,completed
24,known_visit,ACBBA,bernoulli,drop_0.25,19,361,4,10,acbba_h8_bernoulli_025,C:\Users\lottj\Desktop\research\decentralized benchmark\commitment-horizon-study\reference_core_benchmark_pilot\known_visit_10target_300.csv,3,11,3,23.122734603282424,23.122734603282424,00,00,2,1,True,completed
24,known_visit,ACBBA,bernoulli,drop_0.25,19,361,4,10,acbba_h8_bernoulli_025,C:\Users\lottj\Desktop\research\decentralized benchmark\commitment-horizon-study\reference_core_benchmark_pilot\known_visit_10target_300.csv,4,8,8,15.797768744036986,15.797768744036986,01,01,1,0,True,completed
24,known_visit,ACBBA,bernoulli,drop_0.25,19,361,4,10,acbba_h8_bernoulli_025,C:\Users\lottj\Desktop\research\decentralized benchmark\commitment-horizon-study\reference_core_benchmark_pilot\known_visit_10target_300.csv,5,10,10,23.18689488301545,23.18689488301545,01,01,2,1,True,completed
24,known_visit,ACBBA,bernoulli,drop_0.25,19,361,4,10,acbba_h8_bernoulli_025,C:\Users\lottj\Desktop\research\decentralized benchmark\commitment-horizon-study\reference_core_benchmark_pilot\known_visit_10target_300.csv,6,5,11,41.76097047011005,41.76097047011005,03,03,1,0,True,completed
24,known_visit,ACBBA,bernoulli,drop_0.25,19,361,4,10,acbba_h8_bernoulli_025,C:\Users\lottj\Desktop\research\decentralized benchmark\commitment-horizon-study\reference_core_benchmark_pilot\known_visit_10target_300.csv,7,13,17,43.65464759476498,43.65464759476498,02,02,1,0,True,completed
24,known_visit,ACBBA,bernoulli,drop_0.25,19,361,4,10,acbba_h8_bernoulli_025,C:\Users\lottj\Desktop\research\decentralized benchmark\commitment-horizon-study\reference_core_benchmark_pilot\known_visit_10target_300.csv,8,4,2,9.048676312067784,9.048676312067784,00,00,1,0,True,completed
24,known_visit,ACBBA,bernoulli,drop_0.25,19,361,4,10,acbba_h8_bernoulli_025,C:\Users\lottj\Desktop\research\decentralized benchmark\commitment-horizon-study\reference_core_benchmark_pilot\known_visit_10target_300.csv,9,1,0,0.21119341618562573,0.21119341618562573,00,00,1,0,True,completed
24,known_visit,ACBBA,bernoulli,drop_0.25,19,361,4,10,acbba_h8_bernoulli_025,C:\Users\lottj\Desktop\research\decentralized benchmark\commitment-horizon-study\reference_core_benchmark_pilot\known_visit_10target_300.csv,10,3,16,10.973617537452306,10.973617537452306,02,02,2,1,True,completed
25,known_visit,ACBBA,bernoulli,drop_0.25,19,361,4,10,acbba_h8_bernoulli_025,C:\Users\lottj\Desktop\research\decentralized benchmark\commitment-horizon-study\reference_core_benchmark_pilot\known_visit_10target_300.csv,1,4,5,13.926294526676573,13.926294526676573,00,00,1,0,True,completed
25,known_visit,ACBBA,bernoulli,drop_0.25,19,361,4,10,acbba_h8_bernoulli_025,C:\Users\lottj\Desktop\research\decentralized benchmark\commitment-horizon-study\reference_core_benchmark_pilot\known_visit_10target_300.csv,2,2,9,7.453602620155175,7.453602620155175,01,01,1,0,True,completed
25,known_visit,ACBBA,bernoulli,drop_0.25,19,361,4,10,acbba_h8_bernoulli_025,C:\Users\lottj\Desktop\research\decentralized benchmark\commitment-horizon-study\reference_core_benchmark_pilot\known_visit_10target_300.csv,3,6,4,19.513712954220342,19.513712954220342,00,00,1,0,True,completed
25,known_visit,ACBBA,bernoulli,drop_0.25,19,361,4,10,acbba_h8_bernoulli_025,C:\Users\lottj\Desktop\research\decentralized benchmark\commitment-horizon-study\reference_core_benchmark_pilot\known_visit_10target_300.csv,4,10,6,30.20263209312575,30.20263209312575,00,00,1,0,True,completed
25,known_visit,ACBBA,bernoulli,drop_0.25,19,361,4,10,acbba_h8_bernoulli_025,C:\Users\lottj\Desktop\research\decentralized benchmark\commitment-horizon-study\reference_core_benchmark_pilot\known_visit_10target_300.csv,5,2,6,1.9066073851042697,1.9066073851042697,01,01,1,0,True,completed
25,known_visit,ACBBA,bernoulli,drop_0.25,19,361,4,10,acbba_h8_bernoulli_025,C:\Users\lottj\Desktop\research\decentralized benchmark\commitment-horizon-study\reference_core_benchmark_pilot\known_visit_10target_300.csv,6,6,17,26.812571701381295,26.812571701381295,02,02,1,0,True,completed
25,known_visit,ACBBA,bernoulli,drop_0.25,19,361,4,10,acbba_h8_bernoulli_025,C:\Users\lottj\Desktop\research\decentralized benchmark\commitment-horizon-study\reference_core_benchmark_pilot\known_visit_10target_300.csv,7,4,12,5.432724844055414,5.432724844055414,02,02,2,1,True,completed
25,known_visit,ACBBA,bernoulli,drop_0.25,19,361,4,10,acbba_h8_bernoulli_025,C:\Users\lottj\Desktop\research\decentralized benchmark\commitment-horizon-study\reference_core_benchmark_pilot\known_visit_10target_300.csv,8,5,10,14.7256710139471,14.7256710139471,01,01,1,0,True,completed
25,known_visit,ACBBA,bernoulli,drop_0.25,19,361,4,10,acbba_h8_bernoulli_025,C:\Users\lottj\Desktop\research\decentralized benchmark\commitment-horizon-study\reference_core_benchmark_pilot\known_visit_10target_300.csv,9,6,18,28.856791673164413,28.856791673164413,02,02,1,0,True,completed
25,known_visit,ACBBA,bernoulli,drop_0.25,19,361,4,10,acbba_h8_bernoulli_025,C:\Users\lottj\Desktop\research\decentralized benchmark\commitment-horizon-study\reference_core_benchmark_pilot\known_visit_10target_300.csv,10,8,15,19.701306634014134,19.701306634014134,02,02,1,0,True,completed
26,known_visit,ACBBA,bernoulli,drop_0.25,19,361,4,10,acbba_h8_bernoulli_025,C:\Users\lottj\Desktop\research\decentralized benchmark\commitment-horizon-study\reference_core_benchmark_pilot\known_visit_10target_300.csv,1,5,11,19.654011101429404,19.654011101429404,01,01,2,1,True,completed
26,known_visit,ACBBA,bernoulli,drop_0.25,19,361,4,10,acbba_h8_bernoulli_025,C:\Users\lottj\Desktop\research\decentralized benchmark\commitment-horizon-study\reference_core_benchmark_pilot\known_visit_10target_300.csv,2,17,0,31.750905622487153,31.750905622487153,00,00,1,0,True,completed
26,known_visit,ACBBA,bernoulli,drop_0.25,19,361,4,10,acbba_h8_bernoulli_025,C:\Users\lottj\Desktop\research\decentralized benchmark\commitment-horizon-study\reference_core_benchmark_pilot\known_visit_10target_300.csv,3,17,10,44.41494127269549,44.41494127269549,03,03,1,0,True,completed
26,known_visit,ACBBA,bernoulli,drop_0.25,19,361,4,10,acbba_h8_bernoulli_025,C:\Users\lottj\Desktop\research\decentralized benchmark\commitment-horizon-study\reference_core_benchmark_pilot\known_visit_10target_300.csv,4,8,15,17.35673879627626,17.35673879627626,03,03,2,1,True,completed
26,known_visit,ACBBA,bernoulli,drop_0.25,19,361,4,10,acbba_h8_bernoulli_025,C:\Users\lottj\Desktop\research\decentralized benchmark\commitment-horizon-study\reference_core_benchmark_pilot\known_visit_10target_300.csv,5,7,11,23.518288211412305,23.518288211412305,01,01,2,1,True,completed
26,known_visit,ACBBA,bernoulli,drop_0.25,19,361,4,10,acbba_h8_bernoulli_025,C:\Users\lottj\Desktop\research\decentralized benchmark\commitment-horizon-study\reference_core_benchmark_pilot\known_visit_10target_300.csv,6,1,18,0.21913217805388158,0.21913217805388158,03,03,2,1,True,completed
26,known_visit,ACBBA,bernoulli,drop_0.25,19,361,4,10,acbba_h8_bernoulli_025,C:\Users\lottj\Desktop\research\decentralized benchmark\commitment-horizon-study\reference_core_benchmark_pilot\known_visit_10target_300.csv,7,5,1,8.88302883663321,8.88302883663321,00,00,1,0,True,completed
26,known_visit,ACBBA,bernoulli,drop_0.25,19,361,4,10,acbba_h8_bernoulli_025,C:\Users\lottj\Desktop\research\decentralized benchmark\commitment-horizon-study\reference_core_benchmark_pilot\known_visit_10target_300.csv,8,9,4,56.450806807279655,56.450806807279655,00,00,1,0,True,completed
26,known_visit,ACBBA,bernoulli,drop_0.25,19,361,4,10,acbba_h8_bernoulli_025,C:\Users\lottj\Desktop\research\decentralized benchmark\commitment-horizon-study\reference_core_benchmark_pilot\known_visit_10target_300.csv,9,3,12,3.6187187418822675,3.6187187418822675,02,02,2,1,True,completed
26,known_visit,ACBBA,bernoulli,drop_0.25,19,361,4,10,acbba_h8_bernoulli_025,C:\Users\lottj\Desktop\research\decentralized benchmark\commitment-horizon-study\reference_core_benchmark_pilot\known_visit_10target_300.csv,10,14,1,24.374314902161995,24.374314902161995,00,00,1,0,True,completed
27,known_visit,ACBBA,bernoulli,drop_0.25,19,361,4,10,acbba_h8_bernoulli_025,C:\Users\lottj\Desktop\research\decentralized benchmark\commitment-horizon-study\reference_core_benchmark_pilot\known_visit_10target_300.csv,1,1,7,2.2854060749464806,2.2854060749464806,01,01,1,0,True,completed
27,known_visit,ACBBA,bernoulli,drop_0.25,19,361,4,10,acbba_h8_bernoulli_025,C:\Users\lottj\Desktop\research\decentralized benchmark\commitment-horizon-study\reference_core_benchmark_pilot\known_visit_10target_300.csv,2,5,4,14.43906349495626,14.43906349495626,00,00,1,0,True,completed
27,known_visit,ACBBA,bernoulli,drop_0.25,19,361,4,10,acbba_h8_bernoulli_025,C:\Users\lottj\Desktop\research\decentralized benchmark\commitment-horizon-study\reference_core_benchmark_pilot\known_visit_10target_300.csv,3,3,12,3.6184220470689605,3.6184220470689605,02,02,1,0,True,completed
27,known_visit,ACBBA,bernoulli,drop_0.25,19,361,4,10,acbba_h8_bernoulli_025,C:\Users\lottj\Desktop\research\decentralized benchmark\commitment-horizon-study\reference_core_benchmark_pilot\known_visit_10target_300.csv,4,7,14,18.45393390696482,18.45393390696482,03,03,2,1,True,completed
27,known_visit,ACBBA,bernoulli,drop_0.25,19,361,4,10,acbba_h8_bernoulli_025,C:\Users\lottj\Desktop\research\decentralized benchmark\commitment-horizon-study\reference_core_benchmark_pilot\known_visit_10target_300.csv,5,5,13,8.978947196656836,8.978947196656836,02,02,2,1,True,completed
27,known_visit,ACBBA,bernoulli,drop_0.25,19,361,4,10,acbba_h8_bernoulli_025,C:\Users\lottj\Desktop\research\decentralized benchmark\commitment-horizon-study\reference_core_benchmark_pilot\known_visit_10target_300.csv,6,5,15,33.2270689424404,33.2270689424404,00,00,1,0,True,completed
27,known_visit,ACBBA,bernoulli,drop_0.25,19,361,4,10,acbba_h8_bernoulli_025,C:\Users\lottj\Desktop\research\decentralized benchmark\commitment-horizon-study\reference_core_benchmark_pilot\known_visit_10target_300.csv,7,8,16,24.017688849553846,24.017688849553846,03,03,2,1,True,completed
27,known_visit,ACBBA,bernoulli,drop_0.25,19,361,4,10,acbba_h8_bernoulli_025,C:\Users\lottj\Desktop\research\decentralized benchmark\commitment-horizon-study\reference_core_benchmark_pilot\known_visit_10target_300.csv,8,1,0,0.12342641509860544,0.12342641509860544,00,00,2,1,True,completed
27,known_visit,ACBBA,bernoulli,drop_0.25,19,361,4,10,acbba_h8_bernoulli_025,C:\Users\lottj\Desktop\research\decentralized benchmark\commitment-horizon-study\reference_core_benchmark_pilot\known_visit_10target_300.csv,9,1,1,2.0444014795201255,2.0444014795201255,00,00,1,0,True,completed
27,known_visit,ACBBA,bernoulli,drop_0.25,19,361,4,10,acbba_h8_bernoulli_025,C:\Users\lottj\Desktop\research\decentralized benchmark\commitment-horizon-study\reference_core_benchmark_pilot\known_visit_10target_300.csv,10,9,13,16.039943181160027,16.039943181160027,02,02,1,0,True,completed
28,known_visit,ACBBA,bernoulli,drop_0.25,19,361,4,10,acbba_h8_bernoulli_025,C:\Users\lottj\Desktop\research\decentralized benchmark\commitment-horizon-study\reference_core_benchmark_pilot\known_visit_10target_300.csv,1,16,8,48.09598742144514,48.09598742144514,01,01,1,0,True,completed
28,known_visit,ACBBA,bernoulli,drop_0.25,19,361,4,10,acbba_h8_bernoulli_025,C:\Users\lottj\Desktop\research\decentralized benchmark\commitment-horizon-study\reference_core_benchmark_pilot\known_visit_10target_300.csv,2,9,8,53.71972434812018,53.71972434812018,02,02,1,0,True,completed
28,known_visit,ACBBA,bernoulli,drop_0.25,19,361,4,10,acbba_h8_bernoulli_025,C:\Users\lottj\Desktop\research\decentralized benchmark\commitment-horizon-study\reference_core_benchmark_pilot\known_visit_10target_300.csv,3,14,12,48.27345510000731,48.27345510000731,00,00,1,0,True,completed
28,known_visit,ACBBA,bernoulli,drop_0.25,19,361,4,10,acbba_h8_bernoulli_025,C:\Users\lottj\Desktop\research\decentralized benchmark\commitment-horizon-study\reference_core_benchmark_pilot\known_visit_10target_300.csv,4,7,1,20.09228290050884,20.09228290050884,01,01,2,1,True,completed
28,known_visit,ACBBA,bernoulli,drop_0.25,19,361,4,10,acbba_h8_bernoulli_025,C:\Users\lottj\Desktop\research\decentralized benchmark\commitment-horizon-study\reference_core_benchmark_pilot\known_visit_10target_300.csv,5,5,11,9.324387417064758,9.324387417064758,02,02,2,1,True,completed
28,known_visit,ACBBA,bernoulli,drop_0.25,19,361,4,10,acbba_h8_bernoulli_025,C:\Users\lottj\Desktop\research\decentralized benchmark\commitment-horizon-study\reference_core_benchmark_pilot\known_visit_10target_300.csv,6,2,5,3.8134344609407873,3.8134344609407873,01,01,2,1,True,completed
28,known_visit,ACBBA,bernoulli,drop_0.25,19,361,4,10,acbba_h8_bernoulli_025,C:\Users\lottj\Desktop\research\decentralized benchmark\commitment-horizon-study\reference_core_benchmark_pilot\known_visit_10target_300.csv,7,17,14,57.12561969480314,57.12561969480314,00,00,1,0,True,completed
28,known_visit,ACBBA,bernoulli,drop_0.25,19,361,4,10,acbba_h8_bernoulli_025,C:\Users\lottj\Desktop\research\decentralized benchmark\commitment-horizon-study\reference_core_benchmark_pilot\known_visit_10target_300.csv,8,4,17,7.331223556278961,7.331223556278961,03,03,2,1,True,completed
28,known_visit,ACBBA,bernoulli,drop_0.25,19,361,4,10,acbba_h8_bernoulli_025,C:\Users\lottj\Desktop\research\decentralized benchmark\commitment-horizon-study\reference_core_benchmark_pilot\known_visit_10target_300.csv,9,5,2,14.677556709801769,14.677556709801769,01,01,2,1,True,completed
28,known_visit,ACBBA,bernoulli,drop_0.25,19,361,4,10,acbba_h8_bernoulli_025,C:\Users\lottj\Desktop\research\decentralized benchmark\commitment-horizon-study\reference_core_benchmark_pilot\known_visit_10target_300.csv,10,10,3,28.916705727469413,28.916705727469413,01,01,1,0,True,completed
29,known_visit,ACBBA,bernoulli,drop_0.25,19,361,4,10,acbba_h8_bernoulli_025,C:\Users\lottj\Desktop\research\decentralized benchmark\commitment-horizon-study\reference_core_benchmark_pilot\known_visit_10target_300.csv,1,8,0,12.29817360305349,12.29817360305349,00,00,1,0,True,completed
29,known_visit,ACBBA,bernoulli,drop_0.25,19,361,4,10,acbba_h8_bernoulli_025,C:\Users\lottj\Desktop\research\decentralized benchmark\commitment-horizon-study\reference_core_benchmark_pilot\known_visit_10target_300.csv,2,17,10,39.26314114262585,39.26314114262585,02,02,1,0,True,completed
29,known_visit,ACBBA,bernoulli,drop_0.25,19,361,4,10,acbba_h8_bernoulli_025,C:\Users\lottj\Desktop\research\decentralized benchmark\commitment-horizon-study\reference_core_benchmark_pilot\known_visit_10target_300.csv,3,9,18,13.710939079156704,13.710939079156704,03,03,2,1,True,completed
29,known_visit,ACBBA,bernoulli,drop_0.25,19,361,4,10,acbba_h8_bernoulli_025,C:\Users\lottj\Desktop\research\decentralized benchmark\commitment-horizon-study\reference_core_benchmark_pilot\known_visit_10target_300.csv,4,6,11,17.873771591339104,17.873771591339104,01,01,2,1,True,completed
29,known_visit,ACBBA,bernoulli,drop_0.25,19,361,4,10,acbba_h8_bernoulli_025,C:\Users\lottj\Desktop\research\decentralized benchmark\commitment-horizon-study\reference_core_benchmark_pilot\known_visit_10target_300.csv,5,11,8,59.54269908148661,59.54269908148661,01,01,1,0,True,completed
29,known_visit,ACBBA,bernoulli,drop_0.25,19,361,4,10,acbba_h8_bernoulli_025,C:\Users\lottj\Desktop\research\decentralized benchmark\commitment-horizon-study\reference_core_benchmark_pilot\known_visit_10target_300.csv,6,2,0,1.9347614167888696,1.9347614167888696,00,00,1,0,True,completed
29,known_visit,ACBBA,bernoulli,drop_0.25,19,361,4,10,acbba_h8_bernoulli_025,C:\Users\lottj\Desktop\research\decentralized benchmark\commitment-horizon-study\reference_core_benchmark_pilot\known_visit_10target_300.csv,7,15,5,71.99728588202424,71.99728588202424,01,01,1,0,True,completed
29,known_visit,ACBBA,bernoulli,drop_0.25,19,361,4,10,acbba_h8_bernoulli_025,C:\Users\lottj\Desktop\research\decentralized benchmark\commitment-horizon-study\reference_core_benchmark_pilot\known_visit_10target_300.csv,8,7,18,10.311345371660908,10.311345371660908,03,03,2,1,True,completed
29,known_visit,ACBBA,bernoulli,drop_0.25,19,361,4,10,acbba_h8_bernoulli_025,C:\Users\lottj\Desktop\research\decentralized benchmark\commitment-horizon-study\reference_core_benchmark_pilot\known_visit_10target_300.csv,9,7,14,14.621356541223966,14.621356541223966,02,02,1,0,True,completed
29,known_visit,ACBBA,bernoulli,drop_0.25,19,361,4,10,acbba_h8_bernoulli_025,C:\Users\lottj\Desktop\research\decentralized benchmark\commitment-horizon-study\reference_core_benchmark_pilot\known_visit_10target_300.csv,10,12,16,43.791843874534194,43.791843874534194,01,01,1,0,True,completed
30,known_visit,ACBBA,bernoulli,drop_0.25,19,361,4,10,acbba_h8_bernoulli_025,C:\Users\lottj\Desktop\research\decentralized benchmark\commitment-horizon-study\reference_core_benchmark_pilot\known_visit_10target_300.csv,1,13,2,57.985238285984444,57.985238285984444,00,00,1,0,True,completed
30,known_visit,ACBBA,bernoulli,drop_0.25,19,361,4,10,acbba_h8_bernoulli_025,C:\Users\lottj\Desktop\research\decentralized benchmark\commitment-horizon-study\reference_core_benchmark_pilot\known_visit_10target_300.csv,2,3,5,5.497924426242945,5.497924426242945,01,01,1,0,True,completed
30,known_visit,ACBBA,bernoulli,drop_0.25,19,361,4,10,acbba_h8_bernoulli_025,C:\Users\lottj\Desktop\research\decentralized benchmark\commitment-horizon-study\reference_core_benchmark_pilot\known_visit_10target_300.csv,3,4,3,11.17120711423677,11.17120711423677,00,00,2,1,True,completed
30,known_visit,ACBBA,bernoulli,drop_0.25,19,361,4,10,acbba_h8_bernoulli_025,C:\Users\lottj\Desktop\research\decentralized benchmark\commitment-horizon-study\reference_core_benchmark_pilot\known_visit_10target_300.csv,4,10,16,34.770482851654265,34.770482851654265,02,02,1,0,True,completed
30,known_visit,ACBBA,bernoulli,drop_0.25,19,361,4,10,acbba_h8_bernoulli_025,C:\Users\lottj\Desktop\research\decentralized benchmark\commitment-horizon-study\reference_core_benchmark_pilot\known_visit_10target_300.csv,5,12,17,22.782649577648396,22.782649577648396,03,03,1,0,True,completed
30,known_visit,ACBBA,bernoulli,drop_0.25,19,361,4,10,acbba_h8_bernoulli_025,C:\Users\lottj\Desktop\research\decentralized benchmark\commitment-horizon-study\reference_core_benchmark_pilot\known_visit_10target_300.csv,6,7,5,35.08943588722169,35.08943588722169,00,00,1,0,True,completed
30,known_visit,ACBBA,bernoulli,drop_0.25,19,361,4,10,acbba_h8_bernoulli_025,C:\Users\lottj\Desktop\research\decentralized benchmark\commitment-horizon-study\reference_core_benchmark_pilot\known_visit_10target_300.csv,7,4,8,24.167235267418164,24.167235267418164,00,00,1,0,True,completed
30,known_visit,ACBBA,bernoulli,drop_0.25,19,361,4,10,acbba_h8_bernoulli_025,C:\Users\lottj\Desktop\research\decentralized benchmark\commitment-horizon-study\reference_core_benchmark_pilot\known_visit_10target_300.csv,8,12,7,47.40666880767212,47.40666880767212,00,00,1,0,True,completed
30,known_visit,ACBBA,bernoulli,drop_0.25,19,361,4,10,acbba_h8_bernoulli_025,C:\Users\lottj\Desktop\research\decentralized benchmark\commitment-horizon-study\reference_core_benchmark_pilot\known_visit_10target_300.csv,9,14,18,28.639664878300874,28.639664878300874,03,03,1,0,True,completed
30,known_visit,ACBBA,bernoulli,drop_0.25,19,361,4,10,acbba_h8_bernoulli_025,C:\Users\lottj\Desktop\research\decentralized benchmark\commitment-horizon-study\reference_core_benchmark_pilot\known_visit_10target_300.csv,10,18,4,70.35354281875593,70.35354281875593,00,00,1,0,True,completed
31,known_visit,ACBBA,bernoulli,drop_0.25,19,361,4,10,acbba_h8_bernoulli_025,C:\Users\lottj\Desktop\research\decentralized benchmark\commitment-horizon-study\reference_core_benchmark_pilot\known_visit_10target_300.csv,1,14,2,76.32789918832965,76.32789918832965,02,02,1,0,True,completed
31,known_visit,ACBBA,bernoulli,drop_0.25,19,361,4,10,acbba_h8_bernoulli_025,C:\Users\lottj\Desktop\research\decentralized benchmark\commitment-horizon-study\reference_core_benchmark_pilot\known_visit_10target_300.csv,2,18,12,68.93194158933034,68.93194158933034,00,00,1,0,True,completed
31,known_visit,ACBBA,bernoulli,drop_0.25,19,361,4,10,acbba_h8_bernoulli_025,C:\Users\lottj\Desktop\research\decentralized benchmark\commitment-horizon-study\reference_core_benchmark_pilot\known_visit_10target_300.csv,3,15,10,91.80427348533748,91.80427348533748,02,02,1,0,True,completed
31,known_visit,ACBBA,bernoulli,drop_0.25,19,361,4,10,acbba_h8_bernoulli_025,C:\Users\lottj\Desktop\research\decentralized benchmark\commitment-horizon-study\reference_core_benchmark_pilot\known_visit_10target_300.csv,4,1,17,2.108181096824164,2.108181096824164,03,03,2,1,True,completed
31,known_visit,ACBBA,bernoulli,drop_0.25,19,361,4,10,acbba_h8_bernoulli_025,C:\Users\lottj\Desktop\research\decentralized benchmark\commitment-horizon-study\reference_core_benchmark_pilot\known_visit_10target_300.csv,5,4,2,9.041291145676537,9.041291145676537,00,00,1,0,True,completed
31,known_visit,ACBBA,bernoulli,drop_0.25,19,361,4,10,acbba_h8_bernoulli_025,C:\Users\lottj\Desktop\research\decentralized benchmark\commitment-horizon-study\reference_core_benchmark_pilot\known_visit_10target_300.csv,6,12,0,55.34289428259909,55.34289428259909,02,02,1,0,True,completed
31,known_visit,ACBBA,bernoulli,drop_0.25,19,361,4,10,acbba_h8_bernoulli_025,C:\Users\lottj\Desktop\research\decentralized benchmark\commitment-horizon-study\reference_core_benchmark_pilot\known_visit_10target_300.csv,7,9,7,30.024509512168954,30.024509512168954,00,00,2,1,True,completed
31,known_visit,ACBBA,bernoulli,drop_0.25,19,361,4,10,acbba_h8_bernoulli_025,C:\Users\lottj\Desktop\research\decentralized benchmark\commitment-horizon-study\reference_core_benchmark_pilot\known_visit_10target_300.csv,8,6,12,44.395798510833366,44.395798510833366,00,00,1,0,True,completed
31,known_visit,ACBBA,bernoulli,drop_0.25,19,361,4,10,acbba_h8_bernoulli_025,C:\Users\lottj\Desktop\research\decentralized benchmark\commitment-horizon-study\reference_core_benchmark_pilot\known_visit_10target_300.csv,9,3,3,12.623157346851892,12.623157346851892,00,00,2,1,True,completed
31,known_visit,ACBBA,bernoulli,drop_0.25,19,361,4,10,acbba_h8_bernoulli_025,C:\Users\lottj\Desktop\research\decentralized benchmark\commitment-horizon-study\reference_core_benchmark_pilot\known_visit_10target_300.csv,10,0,7,0.5555369295936505,0.5555369295936505,01,01,2,1,True,completed
32,known_visit,ACBBA,bernoulli,drop_0.25,19,361,4,10,acbba_h8_bernoulli_025,C:\Users\lottj\Desktop\research\decentralized benchmark\commitment-horizon-study\reference_core_benchmark_pilot\known_visit_10target_300.csv,1,12,3,28.56531386853425,28.56531386853425,00,00,1,0,True,completed
32,known_visit,ACBBA,bernoulli,drop_0.25,19,361,4,10,acbba_h8_bernoulli_025,C:\Users\lottj\Desktop\research\decentralized benchmark\commitment-horizon-study\reference_core_benchmark_pilot\known_visit_10target_300.csv,2,14,17,24.47870315463207,24.47870315463207,03,03,1,0,True,completed
32,known_visit,ACBBA,bernoulli,drop_0.25,19,361,4,10,acbba_h8_bernoulli_025,C:\Users\lottj\Desktop\research\decentralized benchmark\commitment-horizon-study\reference_core_benchmark_pilot\known_visit_10target_300.csv,3,3,14,31.404692033227803,31.404692033227803,01,01,1,0,True,completed
32,known_visit,ACBBA,bernoulli,drop_0.25,19,361,4,10,acbba_h8_bernoulli_025,C:\Users\lottj\Desktop\research\decentralized benchmark\commitment-horizon-study\reference_core_benchmark_pilot\known_visit_10target_300.csv,4,13,17,22.77929935294474,22.77929935294474,03,03,2,1,True,completed
32,known_visit,ACBBA,bernoulli,drop_0.25,19,361,4,10,acbba_h8_bernoulli_025,C:\Users\lottj\Desktop\research\decentralized benchmark\commitment-horizon-study\reference_core_benchmark_pilot\known_visit_10target_300.csv,5,10,17,17.340295560112676,17.340295560112676,03,03,2,1,True,completed
32,known_visit,ACBBA,bernoulli,drop_0.25,19,361,4,10,acbba_h8_bernoulli_025,C:\Users\lottj\Desktop\research\decentralized benchmark\commitment-horizon-study\reference_core_benchmark_pilot\known_visit_10target_300.csv,6,8,9,17.500025456991764,17.500025456991764,02,02,1,0,True,completed
32,known_visit,ACBBA,bernoulli,drop_0.25,19,361,4,10,acbba_h8_bernoulli_025,C:\Users\lottj\Desktop\research\decentralized benchmark\commitment-horizon-study\reference_core_benchmark_pilot\known_visit_10target_300.csv,7,2,3,7.291649220618396,7.291649220618396,00,00,1,0,True,completed
32,known_visit,ACBBA,bernoulli,drop_0.25,19,361,4,10,acbba_h8_bernoulli_025,C:\Users\lottj\Desktop\research\decentralized benchmark\commitment-horizon-study\reference_core_benchmark_pilot\known_visit_10target_300.csv,8,4,4,8.811861598947951,8.811861598947951,01,01,2,1,True,completed
32,known_visit,ACBBA,bernoulli,drop_0.25,19,361,4,10,acbba_h8_bernoulli_025,C:\Users\lottj\Desktop\research\decentralized benchmark\commitment-horizon-study\reference_core_benchmark_pilot\known_visit_10target_300.csv,9,11,7,68.60181970075024,68.60181970075024,01,01,1,0,True,completed
32,known_visit,ACBBA,bernoulli,drop_0.25,19,361,4,10,acbba_h8_bernoulli_025,C:\Users\lottj\Desktop\research\decentralized benchmark\commitment-horizon-study\reference_core_benchmark_pilot\known_visit_10target_300.csv,10,10,0,37.28415715120418,37.28415715120418,00,00,1,0,True,completed
33,known_visit,ACBBA,bernoulli,drop_0.25,19,361,4,10,acbba_h8_bernoulli_025,C:\Users\lottj\Desktop\research\decentralized benchmark\commitment-horizon-study\reference_core_benchmark_pilot\known_visit_10target_300.csv,1,3,1,6.0432564056022775,6.0432564056022775,00,00,3,2,True,completed
33,known_visit,ACBBA,bernoulli,drop_0.25,19,361,4,10,acbba_h8_bernoulli_025,C:\Users\lottj\Desktop\research\decentralized benchmark\commitment-horizon-study\reference_core_benchmark_pilot\known_visit_10target_300.csv,2,2,1,3.979831999615605,3.979831999615605,00,00,3,2,True,completed
33,known_visit,ACBBA,bernoulli,drop_0.25,19,361,4,10,acbba_h8_bernoulli_025,C:\Users\lottj\Desktop\research\decentralized benchmark\commitment-horizon-study\reference_core_benchmark_pilot\known_visit_10target_300.csv,3,11,5,40.469644980665976,40.469644980665976,01,01,1,0,True,completed
33,known_visit,ACBBA,bernoulli,drop_0.25,19,361,4,10,acbba_h8_bernoulli_025,C:\Users\lottj\Desktop\research\decentralized benchmark\commitment-horizon-study\reference_core_benchmark_pilot\known_visit_10target_300.csv,4,10,18,15.360888347614706,15.360888347614706,03,03,1,0,True,completed
33,known_visit,ACBBA,bernoulli,drop_0.25,19,361,4,10,acbba_h8_bernoulli_025,C:\Users\lottj\Desktop\research\decentralized benchmark\commitment-horizon-study\reference_core_benchmark_pilot\known_visit_10target_300.csv,5,1,7,2.2431545081830646,2.2431545081830646,01,01,2,1,True,completed
33,known_visit,ACBBA,bernoulli,drop_0.25,19,361,4,10,acbba_h8_bernoulli_025,C:\Users\lottj\Desktop\research\decentralized benchmark\commitment-horizon-study\reference_core_benchmark_pilot\known_visit_10target_300.csv,6,3,15,33.87808154336324,33.87808154336324,00,00,1,0,True,completed
33,known_visit,ACBBA,bernoulli,drop_0.25,19,361,4,10,acbba_h8_bernoulli_025,C:\Users\lottj\Desktop\research\decentralized benchmark\commitment-horizon-study\reference_core_benchmark_pilot\known_visit_10target_300.csv,7,11,8,34.692611497289185,34.692611497289185,03,03,2,1,True,completed
33,known_visit,ACBBA,bernoulli,drop_0.25,19,361,4,10,acbba_h8_bernoulli_025,C:\Users\lottj\Desktop\research\decentralized benchmark\commitment-horizon-study\reference_core_benchmark_pilot\known_visit_10target_300.csv,8,18,9,48.33052233583821,48.33052233583821,03,03,1,0,True,completed
33,known_visit,ACBBA,bernoulli,drop_0.25,19,361,4,10,acbba_h8_bernoulli_025,C:\Users\lottj\Desktop\research\decentralized benchmark\commitment-horizon-study\reference_core_benchmark_pilot\known_visit_10target_300.csv,9,8,15,46.65511234944057,46.65511234944057,00,00,1,0,True,completed
33,known_visit,ACBBA,bernoulli,drop_0.25,19,361,4,10,acbba_h8_bernoulli_025,C:\Users\lottj\Desktop\research\decentralized benchmark\commitment-horizon-study\reference_core_benchmark_pilot\known_visit_10target_300.csv,10,10,16,19.061875838281164,19.061875838281164,03,03,1,0,True,completed
34,known_visit,ACBBA,bernoulli,drop_0.25,19,361,4,10,acbba_h8_bernoulli_025,C:\Users\lottj\Desktop\research\decentralized benchmark\commitment-horizon-study\reference_core_benchmark_pilot\known_visit_10target_300.csv,1,15,17,54.49127615843852,54.49127615843852,01,01,1,0,True,completed
34,known_visit,ACBBA,bernoulli,drop_0.25,19,361,4,10,acbba_h8_bernoulli_025,C:\Users\lottj\Desktop\research\decentralized benchmark\commitment-horizon-study\reference_core_benchmark_pilot\known_visit_10target_300.csv,2,9,13,36.36703408612414,36.36703408612414,00,00,1,0,True,completed
34,known_visit,ACBBA,bernoulli,drop_0.25,19,361,4,10,acbba_h8_bernoulli_025,C:\Users\lottj\Desktop\research\decentralized benchmark\commitment-horizon-study\reference_core_benchmark_pilot\known_visit_10target_300.csv,3,9,17,16.340182473892327,16.340182473892327,03,03,1,0,True,completed
34,known_visit,ACBBA,bernoulli,drop_0.25,19,361,4,10,acbba_h8_bernoulli_025,C:\Users\lottj\Desktop\research\decentralized benchmark\commitment-horizon-study\reference_core_benchmark_pilot\known_visit_10target_300.csv,4,9,12,34.34853077473586,34.34853077473586,00,00,1,0,True,completed
34,known_visit,ACBBA,bernoulli,drop_0.25,19,361,4,10,acbba_h8_bernoulli_025,C:\Users\lottj\Desktop\research\decentralized benchmark\commitment-horizon-study\reference_core_benchmark_pilot\known_visit_10target_300.csv,5,7,17,12.567356708376623,12.567356708376623,03,03,2,1,True,completed
34,known_visit,ACBBA,bernoulli,drop_0.25,19,361,4,10,acbba_h8_bernoulli_025,C:\Users\lottj\Desktop\research\decentralized benchmark\commitment-horizon-study\reference_core_benchmark_pilot\known_visit_10target_300.csv,6,15,11,38.228904064107766,38.228904064107766,03,03,2,1,True,completed
34,known_visit,ACBBA,bernoulli,drop_0.25,19,361,4,10,acbba_h8_bernoulli_025,C:\Users\lottj\Desktop\research\decentralized benchmark\commitment-horizon-study\reference_core_benchmark_pilot\known_visit_10target_300.csv,7,2,10,18.97963896277958,18.97963896277958,00,00,2,1,True,completed
34,known_visit,ACBBA,bernoulli,drop_0.25,19,361,4,10,acbba_h8_bernoulli_025,C:\Users\lottj\Desktop\research\decentralized benchmark\commitment-horizon-study\reference_core_benchmark_pilot\known_visit_10target_300.csv,8,12,14,27.435241206656947,27.435241206656947,03,03,1,0,True,completed
34,known_visit,ACBBA,bernoulli,drop_0.25,19,361,4,10,acbba_h8_bernoulli_025,C:\Users\lottj\Desktop\research\decentralized benchmark\commitment-horizon-study\reference_core_benchmark_pilot\known_visit_10target_300.csv,9,16,4,29.692759750110646,29.692759750110646,01,01,2,1,True,completed
34,known_visit,ACBBA,bernoulli,drop_0.25,19,361,4,10,acbba_h8_bernoulli_025,C:\Users\lottj\Desktop\research\decentralized benchmark\commitment-horizon-study\reference_core_benchmark_pilot\known_visit_10target_300.csv,10,12,5,20.681748794912007,20.681748794912007,01,01,1,0,True,completed
35,known_visit,ACBBA,bernoulli,drop_0.25,19,361,4,10,acbba_h8_bernoulli_025,C:\Users\lottj\Desktop\research\decentralized benchmark\commitment-horizon-study\reference_core_benchmark_pilot\known_visit_10target_300.csv,1,4,10,14.63465368686475,14.63465368686475,02,02,2,1,True,completed
35,known_visit,ACBBA,bernoulli,drop_0.25,19,361,4,10,acbba_h8_bernoulli_025,C:\Users\lottj\Desktop\research\decentralized benchmark\commitment-horizon-study\reference_core_benchmark_pilot\known_visit_10target_300.csv,2,18,15,47.63567107204798,47.63567107204798,02,02,1,0,True,completed
35,known_visit,ACBBA,bernoulli,drop_0.25,19,361,4,10,acbba_h8_bernoulli_025,C:\Users\lottj\Desktop\research\decentralized benchmark\commitment-horizon-study\reference_core_benchmark_pilot\known_visit_10target_300.csv,3,18,7,41.86118092036962,41.86118092036962,00,00,1,0,True,completed
35,known_visit,ACBBA,bernoulli,drop_0.25,19,361,4,10,acbba_h8_bernoulli_025,C:\Users\lottj\Desktop\research\decentralized benchmark\commitment-horizon-study\reference_core_benchmark_pilot\known_visit_10target_300.csv,4,5,0,7.112216105528229,7.112216105528229,00,00,1,0,True,completed
35,known_visit,ACBBA,bernoulli,drop_0.25,19,361,4,10,acbba_h8_bernoulli_025,C:\Users\lottj\Desktop\research\decentralized benchmark\commitment-horizon-study\reference_core_benchmark_pilot\known_visit_10target_300.csv,5,14,3,55.95531122159979,55.95531122159979,00,00,1,0,True,completed
35,known_visit,ACBBA,bernoulli,drop_0.25,19,361,4,10,acbba_h8_bernoulli_025,C:\Users\lottj\Desktop\research\decentralized benchmark\commitment-horizon-study\reference_core_benchmark_pilot\known_visit_10target_300.csv,6,2,4,5.834737874649784,5.834737874649784,01,01,1,0,True,completed
35,known_visit,ACBBA,bernoulli,drop_0.25,19,361,4,10,acbba_h8_bernoulli_025,C:\Users\lottj\Desktop\research\decentralized benchmark\commitment-horizon-study\reference_core_benchmark_pilot\known_visit_10target_300.csv,7,7,7,22.84933157418034,22.84933157418034,00,00,2,1,True,completed
35,known_visit,ACBBA,bernoulli,drop_0.25,19,361,4,10,acbba_h8_bernoulli_025,C:\Users\lottj\Desktop\research\decentralized benchmark\commitment-horizon-study\reference_core_benchmark_pilot\known_visit_10target_300.csv,8,1,9,6.061656080569642,6.061656080569642,02,02,2,1,True,completed
35,known_visit,ACBBA,bernoulli,drop_0.25,19,361,4,10,acbba_h8_bernoulli_025,C:\Users\lottj\Desktop\research\decentralized benchmark\commitment-horizon-study\reference_core_benchmark_pilot\known_visit_10target_300.csv,9,3,9,10.936391685178293,10.936391685178293,02,02,3,2,True,completed
35,known_visit,ACBBA,bernoulli,drop_0.25,19,361,4,10,acbba_h8_bernoulli_025,C:\Users\lottj\Desktop\research\decentralized benchmark\commitment-horizon-study\reference_core_benchmark_pilot\known_visit_10target_300.csv,10,0,10,2.1980491412633687,2.1980491412633687,02,02,1,0,True,completed
36,known_visit,ACBBA,bernoulli,drop_0.25,19,361,4,10,acbba_h8_bernoulli_025,C:\Users\lottj\Desktop\research\decentralized benchmark\commitment-horizon-study\reference_core_benchmark_pilot\known_visit_10target_300.csv,1,10,2,19.852736596139383,19.852736596139383,00,00,1,0,True,completed
36,known_visit,ACBBA,bernoulli,drop_0.25,19,361,4,10,acbba_h8_bernoulli_025,C:\Users\lottj\Desktop\research\decentralized benchmark\commitment-horizon-study\reference_core_benchmark_pilot\known_visit_10target_300.csv,2,4,9,10.873683551851979,10.873683551851979,02,02,1,0,True,completed
36,known_visit,ACBBA,bernoulli,drop_0.25,19,361,4,10,acbba_h8_bernoulli_025,C:\Users\lottj\Desktop\research\decentralized benchmark\commitment-horizon-study\reference_core_benchmark_pilot\known_visit_10target_300.csv,3,16,16,29.260028570046344,29.260028570046344,03,03,1,0,True,completed
36,known_visit,ACBBA,bernoulli,drop_0.25,19,361,4,10,acbba_h8_bernoulli_025,C:\Users\lottj\Desktop\research\decentralized benchmark\commitment-horizon-study\reference_core_benchmark_pilot\known_visit_10target_300.csv,4,0,1,0.5279955590771018,0.5279955590771018,00,00,2,1,True,completed
36,known_visit,ACBBA,bernoulli,drop_0.25,19,361,4,10,acbba_h8_bernoulli_025,C:\Users\lottj\Desktop\research\decentralized benchmark\commitment-horizon-study\reference_core_benchmark_pilot\known_visit_10target_300.csv,5,3,1,5.8994343099555095,5.8994343099555095,00,00,2,1,True,completed
36,known_visit,ACBBA,bernoulli,drop_0.25,19,361,4,10,acbba_h8_bernoulli_025,C:\Users\lottj\Desktop\research\decentralized benchmark\commitment-horizon-study\reference_core_benchmark_pilot\known_visit_10target_300.csv,6,7,7,19.679589802520724,19.679589802520724,02,02,1,0,True,completed
36,known_visit,ACBBA,bernoulli,drop_0.25,19,361,4,10,acbba_h8_bernoulli_025,C:\Users\lottj\Desktop\research\decentralized benchmark\commitment-horizon-study\reference_core_benchmark_pilot\known_visit_10target_300.csv,7,8,4,26.638164044642508,26.638164044642508,02,02,1,0,True,completed
36,known_visit,ACBBA,bernoulli,drop_0.25,19,361,4,10,acbba_h8_bernoulli_025,C:\Users\lottj\Desktop\research\decentralized benchmark\commitment-horizon-study\reference_core_benchmark_pilot\known_visit_10target_300.csv,8,1,4,3.947811529509603,3.947811529509603,01,01,2,1,True,completed
36,known_visit,ACBBA,bernoulli,drop_0.25,19,361,4,10,acbba_h8_bernoulli_025,C:\Users\lottj\Desktop\research\decentralized benchmark\commitment-horizon-study\reference_core_benchmark_pilot\known_visit_10target_300.csv,9,16,15,31.04648845015569,31.04648845015569,03,03,1,0,True,completed
36,known_visit,ACBBA,bernoulli,drop_0.25,19,361,4,10,acbba_h8_bernoulli_025,C:\Users\lottj\Desktop\research\decentralized benchmark\commitment-horizon-study\reference_core_benchmark_pilot\known_visit_10target_300.csv,10,17,7,51.74311079274899,51.74311079274899,00,00,1,0,True,completed
37,known_visit,ACBBA,bernoulli,drop_0.25,19,361,4,10,acbba_h8_bernoulli_025,C:\Users\lottj\Desktop\research\decentralized benchmark\commitment-horizon-study\reference_core_benchmark_pilot\known_visit_10target_300.csv,1,15,9,29.404491190708352,29.404491190708352,01,01,1,0,True,completed
37,known_visit,ACBBA,bernoulli,drop_0.25,19,361,4,10,acbba_h8_bernoulli_025,C:\Users\lottj\Desktop\research\decentralized benchmark\commitment-horizon-study\reference_core_benchmark_pilot\known_visit_10target_300.csv,2,14,10,33.16412564110976,33.16412564110976,01,01,1,0,True,completed
37,known_visit,ACBBA,bernoulli,drop_0.25,19,361,4,10,acbba_h8_bernoulli_025,C:\Users\lottj\Desktop\research\decentralized benchmark\commitment-horizon-study\reference_core_benchmark_pilot\known_visit_10target_300.csv,3,17,14,41.859297664080444,41.859297664080444,03,03,1,0,True,completed
37,known_visit,ACBBA,bernoulli,drop_0.25,19,361,4,10,acbba_h8_bernoulli_025,C:\Users\lottj\Desktop\research\decentralized benchmark\commitment-horizon-study\reference_core_benchmark_pilot\known_visit_10target_300.csv,4,10,3,50.43606052171169,50.43606052171169,02,02,1,0,True,completed
37,known_visit,ACBBA,bernoulli,drop_0.25,19,361,4,10,acbba_h8_bernoulli_025,C:\Users\lottj\Desktop\research\decentralized benchmark\commitment-horizon-study\reference_core_benchmark_pilot\known_visit_10target_300.csv,5,0,8,2.1499203790692154,2.1499203790692154,01,01,2,1,True,completed
37,known_visit,ACBBA,bernoulli,drop_0.25,19,361,4,10,acbba_h8_bernoulli_025,C:\Users\lottj\Desktop\research\decentralized benchmark\commitment-horizon-study\reference_core_benchmark_pilot\known_visit_10target_300.csv,6,2,3,7.265181071293483,7.265181071293483,00,00,2,1,True,completed
37,known_visit,ACBBA,bernoulli,drop_0.25,19,361,4,10,acbba_h8_bernoulli_025,C:\Users\lottj\Desktop\research\decentralized benchmark\commitment-horizon-study\reference_core_benchmark_pilot\known_visit_10target_300.csv,7,0,13,0.5554337204165032,0.5554337204165032,02,02,2,1,True,completed
37,known_visit,ACBBA,bernoulli,drop_0.25,19,361,4,10,acbba_h8_bernoulli_025,C:\Users\lottj\Desktop\research\decentralized benchmark\commitment-horizon-study\reference_core_benchmark_pilot\known_visit_10target_300.csv,8,10,6,47.12044618858017,47.12044618858017,01,01,1,0,True,completed
37,known_visit,ACBBA,bernoulli,drop_0.25,19,361,4,10,acbba_h8_bernoulli_025,C:\Users\lottj\Desktop\research\decentralized benchmark\commitment-horizon-study\reference_core_benchmark_pilot\known_visit_10target_300.csv,9,6,1,39.57730619445407,39.57730619445407,02,02,1,0,True,completed
37,known_visit,ACBBA,bernoulli,drop_0.25,19,361,4,10,acbba_h8_bernoulli_025,C:\Users\lottj\Desktop\research\decentralized benchmark\commitment-horizon-study\reference_core_benchmark_pilot\known_visit_10target_300.csv,10,7,8,14.095451313588082,14.095451313588082,01,01,1,0,True,completed
38,known_visit,ACBBA,bernoulli,drop_0.25,19,361,4,10,acbba_h8_bernoulli_025,C:\Users\lottj\Desktop\research\decentralized benchmark\commitment-horizon-study\reference_core_benchmark_pilot\known_visit_10target_300.csv,1,16,4,43.94258745074646,43.94258745074646,00,00,1,0,True,completed
38,known_visit,ACBBA,bernoulli,drop_0.25,19,361,4,10,acbba_h8_bernoulli_025,C:\Users\lottj\Desktop\research\decentralized benchmark\commitment-horizon-study\reference_core_benchmark_pilot\known_visit_10target_300.csv,2,4,14,12.582978693309904,12.582978693309904,03,03,1,0,True,completed
38,known_visit,ACBBA,bernoulli,drop_0.25,19,361,4,10,acbba_h8_bernoulli_025,C:\Users\lottj\Desktop\research\decentralized benchmark\commitment-horizon-study\reference_core_benchmark_pilot\known_visit_10target_300.csv,3,18,1,34.89097397747465,34.89097397747465,00,00,1,0,True,completed
38,known_visit,ACBBA,bernoulli,drop_0.25,19,361,4,10,acbba_h8_bernoulli_025,C:\Users\lottj\Desktop\research\decentralized benchmark\commitment-horizon-study\reference_core_benchmark_pilot\known_visit_10target_300.csv,4,4,8,9.274744218131739,9.274744218131739,01,01,1,0,True,completed
38,known_visit,ACBBA,bernoulli,drop_0.25,19,361,4,10,acbba_h8_bernoulli_025,C:\Users\lottj\Desktop\research\decentralized benchmark\commitment-horizon-study\reference_core_benchmark_pilot\known_visit_10target_300.csv,5,18,10,33.56210927997088,33.56210927997088,02,02,1,0,True,completed
38,known_visit,ACBBA,bernoulli,drop_0.25,19,361,4,10,acbba_h8_bernoulli_025,C:\Users\lottj\Desktop\research\decentralized benchmark\commitment-horizon-study\reference_core_benchmark_pilot\known_visit_10target_300.csv,6,18,8,37.42856926311396,37.42856926311396,02,02,1,0,True,completed
38,known_visit,ACBBA,bernoulli,drop_0.25,19,361,4,10,acbba_h8_bernoulli_025,C:\Users\lottj\Desktop\research\decentralized benchmark\commitment-horizon-study\reference_core_benchmark_pilot\known_visit_10target_300.csv,7,3,8,7.196646591375556,7.196646591375556,01,01,1,0,True,completed
38,known_visit,ACBBA,bernoulli,drop_0.25,19,361,4,10,acbba_h8_bernoulli_025,C:\Users\lottj\Desktop\research\decentralized benchmark\commitment-horizon-study\reference_core_benchmark_pilot\known_visit_10target_300.csv,8,5,11,8.971560036090407,8.971560036090407,02,02,2,1,True,completed
38,known_visit,ACBBA,bernoulli,drop_0.25,19,361,4,10,acbba_h8_bernoulli_025,C:\Users\lottj\Desktop\research\decentralized benchmark\commitment-horizon-study\reference_core_benchmark_pilot\known_visit_10target_300.csv,9,18,2,32.802188314220224,32.802188314220224,00,00,1,0,True,completed
38,known_visit,ACBBA,bernoulli,drop_0.25,19,361,4,10,acbba_h8_bernoulli_025,C:\Users\lottj\Desktop\research\decentralized benchmark\commitment-horizon-study\reference_core_benchmark_pilot\known_visit_10target_300.csv,10,13,2,24.46283943719637,24.46283943719637,00,00,2,1,True,completed
39,known_visit,ACBBA,bernoulli,drop_0.25,19,361,4,10,acbba_h8_bernoulli_025,C:\Users\lottj\Desktop\research\decentralized benchmark\commitment-horizon-study\reference_core_benchmark_pilot\known_visit_10target_300.csv,1,5,15,13.11653821960495,13.11653821960495,03,03,1,0,True,completed
39,known_visit,ACBBA,bernoulli,drop_0.25,19,361,4,10,acbba_h8_bernoulli_025,C:\Users\lottj\Desktop\research\decentralized benchmark\commitment-horizon-study\reference_core_benchmark_pilot\known_visit_10target_300.csv,2,2,13,4.176918024210956,4.176918024210956,02,02,1,0,True,completed
39,known_visit,ACBBA,bernoulli,drop_0.25,19,361,4,10,acbba_h8_bernoulli_025,C:\Users\lottj\Desktop\research\decentralized benchmark\commitment-horizon-study\reference_core_benchmark_pilot\known_visit_10target_300.csv,3,17,12,36.747224624838466,36.747224624838466,02,02,1,0,True,completed
39,known_visit,ACBBA,bernoulli,drop_0.25,19,361,4,10,acbba_h8_bernoulli_025,C:\Users\lottj\Desktop\research\decentralized benchmark\commitment-horizon-study\reference_core_benchmark_pilot\known_visit_10target_300.csv,4,3,9,26.90760761789241,26.90760761789241,01,01,1,0,True,completed
39,known_visit,ACBBA,bernoulli,drop_0.25,19,361,4,10,acbba_h8_bernoulli_025,C:\Users\lottj\Desktop\research\decentralized benchmark\commitment-horizon-study\reference_core_benchmark_pilot\known_visit_10target_300.csv,5,6,9,21.316572942579196,21.316572942579196,01,01,2,1,True,completed
39,known_visit,ACBBA,bernoulli,drop_0.25,19,361,4,10,acbba_h8_bernoulli_025,C:\Users\lottj\Desktop\research\decentralized benchmark\commitment-horizon-study\reference_core_benchmark_pilot\known_visit_10target_300.csv,6,7,3,15.781121051726611,15.781121051726611,00,00,1,0,True,completed
39,known_visit,ACBBA,bernoulli,drop_0.25,19,361,4,10,acbba_h8_bernoulli_025,C:\Users\lottj\Desktop\research\decentralized benchmark\commitment-horizon-study\reference_core_benchmark_pilot\known_visit_10target_300.csv,7,1,13,2.1128985275279963,2.1128985275279963,02,02,1,0,True,completed
39,known_visit,ACBBA,bernoulli,drop_0.25,19,361,4,10,acbba_h8_bernoulli_025,C:\Users\lottj\Desktop\research\decentralized benchmark\commitment-horizon-study\reference_core_benchmark_pilot\known_visit_10target_300.csv,8,3,3,8.700828616489181,8.700828616489181,00,00,1,0,True,completed
39,known_visit,ACBBA,bernoulli,drop_0.25,19,361,4,10,acbba_h8_bernoulli_025,C:\Users\lottj\Desktop\research\decentralized benchmark\commitment-horizon-study\reference_core_benchmark_pilot\known_visit_10target_300.csv,9,10,13,27.187099531498653,27.187099531498653,03,03,1,0,True,completed
39,known_visit,ACBBA,bernoulli,drop_0.25,19,361,4,10,acbba_h8_bernoulli_025,C:\Users\lottj\Desktop\research\decentralized benchmark\commitment-horizon-study\reference_core_benchmark_pilot\known_visit_10target_300.csv,10,11,11,24.310370876047347,24.310370876047347,02,02,2,1,True,completed
40,known_visit,ACBBA,bernoulli,drop_0.25,19,361,4,10,acbba_h8_bernoulli_025,C:\Users\lottj\Desktop\research\decentralized benchmark\commitment-horizon-study\reference_core_benchmark_pilot\known_visit_10target_300.csv,1,1,1,2.154065784188503,2.154065784188503,00,00,2,1,True,completed
40,known_visit,ACBBA,bernoulli,drop_0.25,19,361,4,10,acbba_h8_bernoulli_025,C:\Users\lottj\Desktop\research\decentralized benchmark\commitment-horizon-study\reference_core_benchmark_pilot\known_visit_10target_300.csv,2,4,8,24.707800931675205,24.707800931675205,02,02,1,0,True,completed
40,known_visit,ACBBA,bernoulli,drop_0.25,19,361,4,10,acbba_h8_bernoulli_025,C:\Users\lottj\Desktop\research\decentralized benchmark\commitment-horizon-study\reference_core_benchmark_pilot\known_visit_10target_300.csv,3,2,9,15.440946020069765,15.440946020069765,02,02,1,0,True,completed
40,known_visit,ACBBA,bernoulli,drop_0.25,19,361,4,10,acbba_h8_bernoulli_025,C:\Users\lottj\Desktop\research\decentralized benchmark\commitment-horizon-study\reference_core_benchmark_pilot\known_visit_10target_300.csv,4,13,18,69.95914867734793,69.95914867734793,00,00,1,0,True,completed
40,known_visit,ACBBA,bernoulli,drop_0.25,19,361,4,10,acbba_h8_bernoulli_025,C:\Users\lottj\Desktop\research\decentralized benchmark\commitment-horizon-study\reference_core_benchmark_pilot\known_visit_10target_300.csv,5,4,4,9.084451465088232,9.084451465088232,01,01,2,1,True,completed
40,known_visit,ACBBA,bernoulli,drop_0.25,19,361,4,10,acbba_h8_bernoulli_025,C:\Users\lottj\Desktop\research\decentralized benchmark\commitment-horizon-study\reference_core_benchmark_pilot\known_visit_10target_300.csv,6,10,4,26.919571806052353,26.919571806052353,00,00,2,1,True,completed
40,known_visit,ACBBA,bernoulli,drop_0.25,19,361,4,10,acbba_h8_bernoulli_025,C:\Users\lottj\Desktop\research\decentralized benchmark\commitment-horizon-study\reference_core_benchmark_pilot\known_visit_10target_300.csv,7,0,17,0.5406133171318462,0.5406133171318462,03,03,2,1,True,completed
40,known_visit,ACBBA,bernoulli,drop_0.25,19,361,4,10,acbba_h8_bernoulli_025,C:\Users\lottj\Desktop\research\decentralized benchmark\commitment-horizon-study\reference_core_benchmark_pilot\known_visit_10target_300.csv,8,7,15,24.73446454256499,24.73446454256499,03,03,2,1,True,completed
40,known_visit,ACBBA,bernoulli,drop_0.25,19,361,4,10,acbba_h8_bernoulli_025,C:\Users\lottj\Desktop\research\decentralized benchmark\commitment-horizon-study\reference_core_benchmark_pilot\known_visit_10target_300.csv,9,4,10,28.350023879293254,28.350023879293254,02,02,1,0,True,completed
40,known_visit,ACBBA,bernoulli,drop_0.25,19,361,4,10,acbba_h8_bernoulli_025,C:\Users\lottj\Desktop\research\decentralized benchmark\commitment-horizon-study\reference_core_benchmark_pilot\known_visit_10target_300.csv,10,7,17,17.13678554927165,17.13678554927165,03,03,2,1,True,completed
41,known_visit,ACBBA,bernoulli,drop_0.25,19,361,4,10,acbba_h8_bernoulli_025,C:\Users\lottj\Desktop\research\decentralized benchmark\commitment-horizon-study\reference_core_benchmark_pilot\known_visit_10target_300.csv,1,7,2,14.858303250795426,14.858303250795426,00,00,1,0,True,completed
41,known_visit,ACBBA,bernoulli,drop_0.25,19,361,4,10,acbba_h8_bernoulli_025,C:\Users\lottj\Desktop\research\decentralized benchmark\commitment-horizon-study\reference_core_benchmark_pilot\known_visit_10target_300.csv,2,15,1,30.492932266244534,30.492932266244534,00,00,1,0,True,completed
41,known_visit,ACBBA,bernoulli,drop_0.25,19,361,4,10,acbba_h8_bernoulli_025,C:\Users\lottj\Desktop\research\decentralized benchmark\commitment-horizon-study\reference_core_benchmark_pilot\known_visit_10target_300.csv,3,6,2,13.210745089738648,13.210745089738648,00,00,1,0,True,completed
41,known_visit,ACBBA,bernoulli,drop_0.25,19,361,4,10,acbba_h8_bernoulli_025,C:\Users\lottj\Desktop\research\decentralized benchmark\commitment-horizon-study\reference_core_benchmark_pilot\known_visit_10target_300.csv,4,7,5,12.75007271344271,12.75007271344271,01,01,1,0,True,completed
41,known_visit,ACBBA,bernoulli,drop_0.25,19,361,4,10,acbba_h8_bernoulli_025,C:\Users\lottj\Desktop\research\decentralized benchmark\commitment-horizon-study\reference_core_benchmark_pilot\known_visit_10target_300.csv,5,1,6,0.22344159477749587,0.22344159477749587,01,01,1,0,True,completed
41,known_visit,ACBBA,bernoulli,drop_0.25,19,361,4,10,acbba_h8_bernoulli_025,C:\Users\lottj\Desktop\research\decentralized benchmark\commitment-horizon-study\reference_core_benchmark_pilot\known_visit_10target_300.csv,6,13,1,26.83351579460246,26.83351579460246,00,00,1,0,True,completed
41,known_visit,ACBBA,bernoulli,drop_0.25,19,361,4,10,acbba_h8_bernoulli_025,C:\Users\lottj\Desktop\research\decentralized benchmark\commitment-horizon-study\reference_core_benchmark_pilot\known_visit_10target_300.csv,7,9,10,17.610856740701276,17.610856740701276,02,02,1,0,True,completed
41,known_visit,ACBBA,bernoulli,drop_0.25,19,361,4,10,acbba_h8_bernoulli_025,C:\Users\lottj\Desktop\research\decentralized benchmark\commitment-horizon-study\reference_core_benchmark_pilot\known_visit_10target_300.csv,8,5,0,7.187586778051736,7.187586778051736,00,00,1,0,True,completed
41,known_visit,ACBBA,bernoulli,drop_0.25,19,361,4,10,acbba_h8_bernoulli_025,C:\Users\lottj\Desktop\research\decentralized benchmark\commitment-horizon-study\reference_core_benchmark_pilot\known_visit_10target_300.csv,9,13,2,24.8310122675456,24.8310122675456,00,00,1,0,True,completed
41,known_visit,ACBBA,bernoulli,drop_0.25,19,361,4,10,acbba_h8_bernoulli_025,C:\Users\lottj\Desktop\research\decentralized benchmark\commitment-horizon-study\reference_core_benchmark_pilot\known_visit_10target_300.csv,10,13,10,24.67744886986011,24.67744886986011,02,02,1,0,True,completed
42,known_visit,ACBBA,bernoulli,drop_0.25,19,361,4,10,acbba_h8_bernoulli_025,C:\Users\lottj\Desktop\research\decentralized benchmark\commitment-horizon-study\reference_core_benchmark_pilot\known_visit_10target_300.csv,1,2,15,7.371484045622402,7.371484045622402,03,03,2,1,True,completed
42,known_visit,ACBBA,bernoulli,drop_0.25,19,361,4,10,acbba_h8_bernoulli_025,C:\Users\lottj\Desktop\research\decentralized benchmark\commitment-horizon-study\reference_core_benchmark_pilot\known_visit_10target_300.csv,2,2,14,5.556210880045446,5.556210880045446,02,02,1,0,True,completed
42,known_visit,ACBBA,bernoulli,drop_0.25,19,361,4,10,acbba_h8_bernoulli_025,C:\Users\lottj\Desktop\research\decentralized benchmark\commitment-horizon-study\reference_core_benchmark_pilot\known_visit_10target_300.csv,3,17,7,42.47775649126308,42.47775649126308,00,00,2,1,True,completed
42,known_visit,ACBBA,bernoulli,drop_0.25,19,361,4,10,acbba_h8_bernoulli_025,C:\Users\lottj\Desktop\research\decentralized benchmark\commitment-horizon-study\reference_core_benchmark_pilot\known_visit_10target_300.csv,4,4,12,13.073750393582703,13.073750393582703,02,02,1,0,True,completed
42,known_visit,ACBBA,bernoulli,drop_0.25,19,361,4,10,acbba_h8_bernoulli_025,C:\Users\lottj\Desktop\research\decentralized benchmark\commitment-horizon-study\reference_core_benchmark_pilot\known_visit_10target_300.csv,5,6,13,26.108220834074537,26.108220834074537,02,02,2,1,True,completed
42,known_visit,ACBBA,bernoulli,drop_0.25,19,361,4,10,acbba_h8_bernoulli_025,C:\Users\lottj\Desktop\research\decentralized benchmark\commitment-horizon-study\reference_core_benchmark_pilot\known_visit_10target_300.csv,6,17,15,66.10097334840783,66.10097334840783,01,01,1,0,True,completed
42,known_visit,ACBBA,bernoulli,drop_0.25,19,361,4,10,acbba_h8_bernoulli_025,C:\Users\lottj\Desktop\research\decentralized benchmark\commitment-horizon-study\reference_core_benchmark_pilot\known_visit_10target_300.csv,7,9,18,28.72814834536568,28.72814834536568,03,03,1,0,True,completed
42,known_visit,ACBBA,bernoulli,drop_0.25,19,361,4,10,acbba_h8_bernoulli_025,C:\Users\lottj\Desktop\research\decentralized benchmark\commitment-horizon-study\reference_core_benchmark_pilot\known_visit_10target_300.csv,8,17,5,38.66214908816858,38.66214908816858,00,00,2,1,True,completed
42,known_visit,ACBBA,bernoulli,drop_0.25,19,361,4,10,acbba_h8_bernoulli_025,C:\Users\lottj\Desktop\research\decentralized benchmark\commitment-horizon-study\reference_core_benchmark_pilot\known_visit_10target_300.csv,9,9,11,35.208868051813035,35.208868051813035,02,02,2,1,True,completed
42,known_visit,ACBBA,bernoulli,drop_0.25,19,361,4,10,acbba_h8_bernoulli_025,C:\Users\lottj\Desktop\research\decentralized benchmark\commitment-horizon-study\reference_core_benchmark_pilot\known_visit_10target_300.csv,10,5,2,10.722908894065116,10.722908894065116,00,00,1,0,True,completed
43,known_visit,ACBBA,bernoulli,drop_0.25,19,361,4,10,acbba_h8_bernoulli_025,C:\Users\lottj\Desktop\research\decentralized benchmark\commitment-horizon-study\reference_core_benchmark_pilot\known_visit_10target_300.csv,1,0,10,15.9333190345517,15.9333190345517,03,03,1,0,True,completed
43,known_visit,ACBBA,bernoulli,drop_0.25,19,361,4,10,acbba_h8_bernoulli_025,C:\Users\lottj\Desktop\research\decentralized benchmark\commitment-horizon-study\reference_core_benchmark_pilot\known_visit_10target_300.csv,2,18,5,46.43042142420426,46.43042142420426,00,00,2,1,True,completed
43,known_visit,ACBBA,bernoulli,drop_0.25,19,361,4,10,acbba_h8_bernoulli_025,C:\Users\lottj\Desktop\research\decentralized benchmark\commitment-horizon-study\reference_core_benchmark_pilot\known_visit_10target_300.csv,3,2,7,4.148292888723905,4.148292888723905,01,01,1,0,True,completed
43,known_visit,ACBBA,bernoulli,drop_0.25,19,361,4,10,acbba_h8_bernoulli_025,C:\Users\lottj\Desktop\research\decentralized benchmark\commitment-horizon-study\reference_core_benchmark_pilot\known_visit_10target_300.csv,4,17,15,71.75586784224768,71.75586784224768,02,02,1,0,True,completed
43,known_visit,ACBBA,bernoulli,drop_0.25,19,361,4,10,acbba_h8_bernoulli_025,C:\Users\lottj\Desktop\research\decentralized benchmark\commitment-horizon-study\reference_core_benchmark_pilot\known_visit_10target_300.csv,5,10,4,23.466593320589077,23.466593320589077,01,01,3,2,True,completed
43,known_visit,ACBBA,bernoulli,drop_0.25,19,361,4,10,acbba_h8_bernoulli_025,C:\Users\lottj\Desktop\research\decentralized benchmark\commitment-horizon-study\reference_core_benchmark_pilot\known_visit_10target_300.csv,6,13,11,57.42761859002517,57.42761859002517,02,02,1,0,True,completed
43,known_visit,ACBBA,bernoulli,drop_0.25,19,361,4,10,acbba_h8_bernoulli_025,C:\Users\lottj\Desktop\research\decentralized benchmark\commitment-horizon-study\reference_core_benchmark_pilot\known_visit_10target_300.csv,7,4,5,11.169941260014825,11.169941260014825,01,01,2,1,True,completed
43,known_visit,ACBBA,bernoulli,drop_0.25,19,361,4,10,acbba_h8_bernoulli_025,C:\Users\lottj\Desktop\research\decentralized benchmark\commitment-horizon-study\reference_core_benchmark_pilot\known_visit_10target_300.csv,8,14,9,42.11646118725989,42.11646118725989,03,03,3,2,True,completed
43,known_visit,ACBBA,bernoulli,drop_0.25,19,361,4,10,acbba_h8_bernoulli_025,C:\Users\lottj\Desktop\research\decentralized benchmark\commitment-horizon-study\reference_core_benchmark_pilot\known_visit_10target_300.csv,9,2,3,7.221849609669249,7.221849609669249,00,00,1,0,True,completed
43,known_visit,ACBBA,bernoulli,drop_0.25,19,361,4,10,acbba_h8_bernoulli_025,C:\Users\lottj\Desktop\research\decentralized benchmark\commitment-horizon-study\reference_core_benchmark_pilot\known_visit_10target_300.csv,10,14,1,35.85159173014125,35.85159173014125,01,01,1,0,True,completed
44,known_visit,ACBBA,bernoulli,drop_0.25,19,361,4,10,acbba_h8_bernoulli_025,C:\Users\lottj\Desktop\research\decentralized benchmark\commitment-horizon-study\reference_core_benchmark_pilot\known_visit_10target_300.csv,1,15,0,55.86318874465195,55.86318874465195,03,03,1,0,True,completed
44,known_visit,ACBBA,bernoulli,drop_0.25,19,361,4,10,acbba_h8_bernoulli_025,C:\Users\lottj\Desktop\research\decentralized benchmark\commitment-horizon-study\reference_core_benchmark_pilot\known_visit_10target_300.csv,2,6,14,16.430882379196433,16.430882379196433,02,02,2,1,True,completed
44,known_visit,ACBBA,bernoulli,drop_0.25,19,361,4,10,acbba_h8_bernoulli_025,C:\Users\lottj\Desktop\research\decentralized benchmark\commitment-horizon-study\reference_core_benchmark_pilot\known_visit_10target_300.csv,3,6,12,13.030544130964676,13.030544130964676,02,02,2,1,True,completed
44,known_visit,ACBBA,bernoulli,drop_0.25,19,361,4,10,acbba_h8_bernoulli_025,C:\Users\lottj\Desktop\research\decentralized benchmark\commitment-horizon-study\reference_core_benchmark_pilot\known_visit_10target_300.csv,4,8,18,12.014639826785627,12.014639826785627,03,03,2,1,True,completed
44,known_visit,ACBBA,bernoulli,drop_0.25,19,361,4,10,acbba_h8_bernoulli_025,C:\Users\lottj\Desktop\research\decentralized benchmark\commitment-horizon-study\reference_core_benchmark_pilot\known_visit_10target_300.csv,5,9,5,23.023750658100354,23.023750658100354,00,00,2,1,True,completed
44,known_visit,ACBBA,bernoulli,drop_0.25,19,361,4,10,acbba_h8_bernoulli_025,C:\Users\lottj\Desktop\research\decentralized benchmark\commitment-horizon-study\reference_core_benchmark_pilot\known_visit_10target_300.csv,6,4,3,10.472595956430219,10.472595956430219,00,00,1,0,True,completed
44,known_visit,ACBBA,bernoulli,drop_0.25,19,361,4,10,acbba_h8_bernoulli_025,C:\Users\lottj\Desktop\research\decentralized benchmark\commitment-horizon-study\reference_core_benchmark_pilot\known_visit_10target_300.csv,7,10,13,24.2653505548556,24.2653505548556,03,03,2,1,True,completed
44,known_visit,ACBBA,bernoulli,drop_0.25,19,361,4,10,acbba_h8_bernoulli_025,C:\Users\lottj\Desktop\research\decentralized benchmark\commitment-horizon-study\reference_core_benchmark_pilot\known_visit_10target_300.csv,8,15,10,38.34765545909326,38.34765545909326,03,03,1,0,True,completed
44,known_visit,ACBBA,bernoulli,drop_0.25,19,361,4,10,acbba_h8_bernoulli_025,C:\Users\lottj\Desktop\research\decentralized benchmark\commitment-horizon-study\reference_core_benchmark_pilot\known_visit_10target_300.csv,9,0,7,0.46487597727125063,0.46487597727125063,01,01,1,0,True,completed
44,known_visit,ACBBA,bernoulli,drop_0.25,19,361,4,10,acbba_h8_bernoulli_025,C:\Users\lottj\Desktop\research\decentralized benchmark\commitment-horizon-study\reference_core_benchmark_pilot\known_visit_10target_300.csv,10,12,5,28.062296033204408,28.062296033204408,00,00,2,1,True,completed
45,known_visit,ACBBA,bernoulli,drop_0.25,19,361,4,10,acbba_h8_bernoulli_025,C:\Users\lottj\Desktop\research\decentralized benchmark\commitment-horizon-study\reference_core_benchmark_pilot\known_visit_10target_300.csv,1,8,17,15.188679520168781,15.188679520168781,03,03,2,1,True,completed
45,known_visit,ACBBA,bernoulli,drop_0.25,19,361,4,10,acbba_h8_bernoulli_025,C:\Users\lottj\Desktop\research\decentralized benchmark\commitment-horizon-study\reference_core_benchmark_pilot\known_visit_10target_300.csv,2,3,1,5.61337256424576,5.61337256424576,00,00,2,1,True,completed
45,known_visit,ACBBA,bernoulli,drop_0.25,19,361,4,10,acbba_h8_bernoulli_025,C:\Users\lottj\Desktop\research\decentralized benchmark\commitment-horizon-study\reference_core_benchmark_pilot\known_visit_10target_300.csv,3,16,5,67.69403655793407,67.69403655793407,01,01,2,1,True,completed
45,known_visit,ACBBA,bernoulli,drop_0.25,19,361,4,10,acbba_h8_bernoulli_025,C:\Users\lottj\Desktop\research\decentralized benchmark\commitment-horizon-study\reference_core_benchmark_pilot\known_visit_10target_300.csv,4,18,16,47.36119537300848,47.36119537300848,02,02,2,1,True,completed
45,known_visit,ACBBA,bernoulli,drop_0.25,19,361,4,10,acbba_h8_bernoulli_025,C:\Users\lottj\Desktop\research\decentralized benchmark\commitment-horizon-study\reference_core_benchmark_pilot\known_visit_10target_300.csv,5,18,3,92.87212185640509,92.87212185640509,03,03,1,0,True,completed
45,known_visit,ACBBA,bernoulli,drop_0.25,19,361,4,10,acbba_h8_bernoulli_025,C:\Users\lottj\Desktop\research\decentralized benchmark\commitment-horizon-study\reference_core_benchmark_pilot\known_visit_10target_300.csv,6,16,2,95.06399213781366,95.06399213781366,00,00,1,0,True,completed
45,known_visit,ACBBA,bernoulli,drop_0.25,19,361,4,10,acbba_h8_bernoulli_025,C:\Users\lottj\Desktop\research\decentralized benchmark\commitment-horizon-study\reference_core_benchmark_pilot\known_visit_10target_300.csv,7,7,5,20.741394245066733,20.741394245066733,00,00,2,1,True,completed
45,known_visit,ACBBA,bernoulli,drop_0.25,19,361,4,10,acbba_h8_bernoulli_025,C:\Users\lottj\Desktop\research\decentralized benchmark\commitment-horizon-study\reference_core_benchmark_pilot\known_visit_10target_300.csv,8,9,12,13.60896313072554,13.60896313072554,02,02,2,1,True,completed
45,known_visit,ACBBA,bernoulli,drop_0.25,19,361,4,10,acbba_h8_bernoulli_025,C:\Users\lottj\Desktop\research\decentralized benchmark\commitment-horizon-study\reference_core_benchmark_pilot\known_visit_10target_300.csv,9,5,10,39.379000081285895,39.379000081285895,01,01,1,0,True,completed
45,known_visit,ACBBA,bernoulli,drop_0.25,19,361,4,10,acbba_h8_bernoulli_025,C:\Users\lottj\Desktop\research\decentralized benchmark\commitment-horizon-study\reference_core_benchmark_pilot\known_visit_10target_300.csv,10,16,9,62.88170241839951,62.88170241839951,02,02,2,1,True,completed
46,known_visit,ACBBA,bernoulli,drop_0.25,19,361,4,10,acbba_h8_bernoulli_025,C:\Users\lottj\Desktop\research\decentralized benchmark\commitment-horizon-study\reference_core_benchmark_pilot\known_visit_10target_300.csv,1,16,14,88.83594667952913,88.83594667952913,00,00,1,0,True,completed
46,known_visit,ACBBA,bernoulli,drop_0.25,19,361,4,10,acbba_h8_bernoulli_025,C:\Users\lottj\Desktop\research\decentralized benchmark\commitment-horizon-study\reference_core_benchmark_pilot\known_visit_10target_300.csv,2,2,4,5.833131698410998,5.833131698410998,01,01,2,1,True,completed
46,known_visit,ACBBA,bernoulli,drop_0.25,19,361,4,10,acbba_h8_bernoulli_025,C:\Users\lottj\Desktop\research\decentralized benchmark\commitment-horizon-study\reference_core_benchmark_pilot\known_visit_10target_300.csv,3,16,2,82.03472382060619,82.03472382060619,03,03,1,0,True,completed
46,known_visit,ACBBA,bernoulli,drop_0.25,19,361,4,10,acbba_h8_bernoulli_025,C:\Users\lottj\Desktop\research\decentralized benchmark\commitment-horizon-study\reference_core_benchmark_pilot\known_visit_10target_300.csv,4,4,16,9.002262239758387,9.002262239758387,03,03,1,0,True,completed
46,known_visit,ACBBA,bernoulli,drop_0.25,19,361,4,10,acbba_h8_bernoulli_025,C:\Users\lottj\Desktop\research\decentralized benchmark\commitment-horizon-study\reference_core_benchmark_pilot\known_visit_10target_300.csv,5,5,13,22.077963209181327,22.077963209181327,02,02,1,0,True,completed
46,known_visit,ACBBA,bernoulli,drop_0.25,19,361,4,10,acbba_h8_bernoulli_025,C:\Users\lottj\Desktop\research\decentralized benchmark\commitment-horizon-study\reference_core_benchmark_pilot\known_visit_10target_300.csv,6,0,4,2.145528919900227,2.145528919900227,01,01,1,0,True,completed
46,known_visit,ACBBA,bernoulli,drop_0.25,19,361,4,10,acbba_h8_bernoulli_025,C:\Users\lottj\Desktop\research\decentralized benchmark\commitment-horizon-study\reference_core_benchmark_pilot\known_visit_10target_300.csv,7,6,15,17.95693686345533,17.95693686345533,03,03,3,2,True,completed
46,known_visit,ACBBA,bernoulli,drop_0.25,19,361,4,10,acbba_h8_bernoulli_025,C:\Users\lottj\Desktop\research\decentralized benchmark\commitment-horizon-study\reference_core_benchmark_pilot\known_visit_10target_300.csv,8,0,11,4.242783823771638,4.242783823771638,02,02,2,1,True,completed
46,known_visit,ACBBA,bernoulli,drop_0.25,19,361,4,10,acbba_h8_bernoulli_025,C:\Users\lottj\Desktop\research\decentralized benchmark\commitment-horizon-study\reference_core_benchmark_pilot\known_visit_10target_300.csv,9,6,17,21.46859541267329,21.46859541267329,03,03,3,2,True,completed
46,known_visit,ACBBA,bernoulli,drop_0.25,19,361,4,10,acbba_h8_bernoulli_025,C:\Users\lottj\Desktop\research\decentralized benchmark\commitment-horizon-study\reference_core_benchmark_pilot\known_visit_10target_300.csv,10,10,18,63.524467564978906,63.524467564978906,01,01,2,1,True,completed
47,known_visit,ACBBA,bernoulli,drop_0.25,19,361,4,10,acbba_h8_bernoulli_025,C:\Users\lottj\Desktop\research\decentralized benchmark\commitment-horizon-study\reference_core_benchmark_pilot\known_visit_10target_300.csv,1,9,11,30.158075892585504,30.158075892585504,01,01,1,0,True,completed
47,known_visit,ACBBA,bernoulli,drop_0.25,19,361,4,10,acbba_h8_bernoulli_025,C:\Users\lottj\Desktop\research\decentralized benchmark\commitment-horizon-study\reference_core_benchmark_pilot\known_visit_10target_300.csv,2,3,14,7.204936631567531,7.204936631567531,02,02,2,1,True,completed
47,known_visit,ACBBA,bernoulli,drop_0.25,19,361,4,10,acbba_h8_bernoulli_025,C:\Users\lottj\Desktop\research\decentralized benchmark\commitment-horizon-study\reference_core_benchmark_pilot\known_visit_10target_300.csv,3,9,13,33.963096021524024,33.963096021524024,01,01,1,0,True,completed
47,known_visit,ACBBA,bernoulli,drop_0.25,19,361,4,10,acbba_h8_bernoulli_025,C:\Users\lottj\Desktop\research\decentralized benchmark\commitment-horizon-study\reference_core_benchmark_pilot\known_visit_10target_300.csv,4,9,18,24.88943606540481,24.88943606540481,02,02,1,0,True,completed
47,known_visit,ACBBA,bernoulli,drop_0.25,19,361,4,10,acbba_h8_bernoulli_025,C:\Users\lottj\Desktop\research\decentralized benchmark\commitment-horizon-study\reference_core_benchmark_pilot\known_visit_10target_300.csv,5,15,8,42.207443951104146,42.207443951104146,03,03,1,0,True,completed
47,known_visit,ACBBA,bernoulli,drop_0.25,19,361,4,10,acbba_h8_bernoulli_025,C:\Users\lottj\Desktop\research\decentralized benchmark\commitment-horizon-study\reference_core_benchmark_pilot\known_visit_10target_300.csv,6,11,13,43.506316836104865,43.506316836104865,00,00,1,0,True,completed
47,known_visit,ACBBA,bernoulli,drop_0.25,19,361,4,10,acbba_h8_bernoulli_025,C:\Users\lottj\Desktop\research\decentralized benchmark\commitment-horizon-study\reference_core_benchmark_pilot\known_visit_10target_300.csv,7,5,17,9.04298890745905,9.04298890745905,03,03,1,0,True,completed
47,known_visit,ACBBA,bernoulli,drop_0.25,19,361,4,10,acbba_h8_bernoulli_025,C:\Users\lottj\Desktop\research\decentralized benchmark\commitment-horizon-study\reference_core_benchmark_pilot\known_visit_10target_300.csv,8,5,18,7.016012849958688,7.016012849958688,03,03,2,1,True,completed
47,known_visit,ACBBA,bernoulli,drop_0.25,19,361,4,10,acbba_h8_bernoulli_025,C:\Users\lottj\Desktop\research\decentralized benchmark\commitment-horizon-study\reference_core_benchmark_pilot\known_visit_10target_300.csv,9,9,5,15.650055687181496,15.650055687181496,01,01,1,0,True,completed
47,known_visit,ACBBA,bernoulli,drop_0.25,19,361,4,10,acbba_h8_bernoulli_025,C:\Users\lottj\Desktop\research\decentralized benchmark\commitment-horizon-study\reference_core_benchmark_pilot\known_visit_10target_300.csv,10,14,14,29.929284574104628,29.929284574104628,03,03,2,1,True,completed
48,known_visit,ACBBA,bernoulli,drop_0.25,19,361,4,10,acbba_h8_bernoulli_025,C:\Users\lottj\Desktop\research\decentralized benchmark\commitment-horizon-study\reference_core_benchmark_pilot\known_visit_10target_300.csv,1,11,16,21.010777666305444,21.010777666305444,03,03,1,0,True,completed
48,known_visit,ACBBA,bernoulli,drop_0.25,19,361,4,10,acbba_h8_bernoulli_025,C:\Users\lottj\Desktop\research\decentralized benchmark\commitment-horizon-study\reference_core_benchmark_pilot\known_visit_10target_300.csv,2,18,5,62.08164978152606,62.08164978152606,00,00,1,0,True,completed
48,known_visit,ACBBA,bernoulli,drop_0.25,19,361,4,10,acbba_h8_bernoulli_025,C:\Users\lottj\Desktop\research\decentralized benchmark\commitment-horizon-study\reference_core_benchmark_pilot\known_visit_10target_300.csv,3,5,0,26.486546371541454,26.486546371541454,01,01,1,0,True,completed
48,known_visit,ACBBA,bernoulli,drop_0.25,19,361,4,10,acbba_h8_bernoulli_025,C:\Users\lottj\Desktop\research\decentralized benchmark\commitment-horizon-study\reference_core_benchmark_pilot\known_visit_10target_300.csv,4,5,9,17.033061438085948,17.033061438085948,02,02,2,1,True,completed
48,known_visit,ACBBA,bernoulli,drop_0.25,19,361,4,10,acbba_h8_bernoulli_025,C:\Users\lottj\Desktop\research\decentralized benchmark\commitment-horizon-study\reference_core_benchmark_pilot\known_visit_10target_300.csv,5,12,8,36.36423362725788,36.36423362725788,03,03,2,1,True,completed
48,known_visit,ACBBA,bernoulli,drop_0.25,19,361,4,10,acbba_h8_bernoulli_025,C:\Users\lottj\Desktop\research\decentralized benchmark\commitment-horizon-study\reference_core_benchmark_pilot\known_visit_10target_300.csv,6,14,8,49.914952801896945,49.914952801896945,00,00,1,0,True,completed
48,known_visit,ACBBA,bernoulli,drop_0.25,19,361,4,10,acbba_h8_bernoulli_025,C:\Users\lottj\Desktop\research\decentralized benchmark\commitment-horizon-study\reference_core_benchmark_pilot\known_visit_10target_300.csv,7,0,1,0.546367326726852,0.546367326726852,00,00,2,1,True,completed
48,known_visit,ACBBA,bernoulli,drop_0.25,19,361,4,10,acbba_h8_bernoulli_025,C:\Users\lottj\Desktop\research\decentralized benchmark\commitment-horizon-study\reference_core_benchmark_pilot\known_visit_10target_300.csv,8,5,14,25.624292782770684,25.624292782770684,02,02,1,0,True,completed
48,known_visit,ACBBA,bernoulli,drop_0.25,19,361,4,10,acbba_h8_bernoulli_025,C:\Users\lottj\Desktop\research\decentralized benchmark\commitment-horizon-study\reference_core_benchmark_pilot\known_visit_10target_300.csv,9,0,4,5.728964533415875,5.728964533415875,00,00,1,0,True,completed
48,known_visit,ACBBA,bernoulli,drop_0.25,19,361,4,10,acbba_h8_bernoulli_025,C:\Users\lottj\Desktop\research\decentralized benchmark\commitment-horizon-study\reference_core_benchmark_pilot\known_visit_10target_300.csv,10,0,7,0.5459186153072079,0.5459186153072079,01,01,2,1,True,completed
49,known_visit,ACBBA,bernoulli,drop_0.25,19,361,4,10,acbba_h8_bernoulli_025,C:\Users\lottj\Desktop\research\decentralized benchmark\commitment-horizon-study\reference_core_benchmark_pilot\known_visit_10target_300.csv,1,7,16,21.8912520835624,21.8912520835624,03,03,2,1,True,completed
49,known_visit,ACBBA,bernoulli,drop_0.25,19,361,4,10,acbba_h8_bernoulli_025,C:\Users\lottj\Desktop\research\decentralized benchmark\commitment-horizon-study\reference_core_benchmark_pilot\known_visit_10target_300.csv,2,4,4,12.708749026600142,12.708749026600142,00,00,1,0,True,completed
49,known_visit,ACBBA,bernoulli,drop_0.25,19,361,4,10,acbba_h8_bernoulli_025,C:\Users\lottj\Desktop\research\decentralized benchmark\commitment-horizon-study\reference_core_benchmark_pilot\known_visit_10target_300.csv,3,6,10,34.10513453325214,34.10513453325214,03,03,1,0,True,completed
49,known_visit,ACBBA,bernoulli,drop_0.25,19,361,4,10,acbba_h8_bernoulli_025,C:\Users\lottj\Desktop\research\decentralized benchmark\commitment-horizon-study\reference_core_benchmark_pilot\known_visit_10target_300.csv,4,16,15,63.079550996224825,63.079550996224825,00,00,1,0,True,completed
49,known_visit,ACBBA,bernoulli,drop_0.25,19,361,4,10,acbba_h8_bernoulli_025,C:\Users\lottj\Desktop\research\decentralized benchmark\commitment-horizon-study\reference_core_benchmark_pilot\known_visit_10target_300.csv,5,0,8,2.128247336012858,2.128247336012858,01,01,1,0,True,completed
49,known_visit,ACBBA,bernoulli,drop_0.25,19,361,4,10,acbba_h8_bernoulli_025,C:\Users\lottj\Desktop\research\decentralized benchmark\commitment-horizon-study\reference_core_benchmark_pilot\known_visit_10target_300.csv,6,15,12,56.071053385144445,56.071053385144445,00,00,1,0,True,completed
49,known_visit,ACBBA,bernoulli,drop_0.25,19,361,4,10,acbba_h8_bernoulli_025,C:\Users\lottj\Desktop\research\decentralized benchmark\commitment-horizon-study\reference_core_benchmark_pilot\known_visit_10target_300.csv,7,15,1,37.10456675358443,37.10456675358443,00,00,1,0,True,completed
49,known_visit,ACBBA,bernoulli,drop_0.25,19,361,4,10,acbba_h8_bernoulli_025,C:\Users\lottj\Desktop\research\decentralized benchmark\commitment-horizon-study\reference_core_benchmark_pilot\known_visit_10target_300.csv,8,6,2,19.949798993280663,19.949798993280663,00,00,2,1,True,completed
49,known_visit,ACBBA,bernoulli,drop_0.25,19,361,4,10,acbba_h8_bernoulli_025,C:\Users\lottj\Desktop\research\decentralized benchmark\commitment-horizon-study\reference_core_benchmark_pilot\known_visit_10target_300.csv,9,1,14,7.467381726743905,7.467381726743905,03,03,1,0,True,completed
49,known_visit,ACBBA,bernoulli,drop_0.25,19,361,4,10,acbba_h8_bernoulli_025,C:\Users\lottj\Desktop\research\decentralized benchmark\commitment-horizon-study\reference_core_benchmark_pilot\known_visit_10target_300.csv,10,2,1,3.770287577583562,3.770287577583562,00,00,2,1,True,completed
50,known_visit,ACBBA,bernoulli,drop_0.25,19,361,4,10,acbba_h8_bernoulli_025,C:\Users\lottj\Desktop\research\decentralized benchmark\commitment-horizon-study\reference_core_benchmark_pilot\known_visit_10target_300.csv,1,15,1,48.42312274553941,48.42312274553941,00,00,1,0,True,completed
50,known_visit,ACBBA,bernoulli,drop_0.25,19,361,4,10,acbba_h8_bernoulli_025,C:\Users\lottj\Desktop\research\decentralized benchmark\commitment-horizon-study\reference_core_benchmark_pilot\known_visit_10target_300.csv,2,3,6,18.513603617724918,18.513603617724918,00,00,2,1,True,completed
50,known_visit,ACBBA,bernoulli,drop_0.25,19,361,4,10,acbba_h8_bernoulli_025,C:\Users\lottj\Desktop\research\decentralized benchmark\commitment-horizon-study\reference_core_benchmark_pilot\known_visit_10target_300.csv,3,10,3,36.330516233080665,36.330516233080665,00,00,1,0,True,completed
50,known_visit,ACBBA,bernoulli,drop_0.25,19,361,4,10,acbba_h8_bernoulli_025,C:\Users\lottj\Desktop\research\decentralized benchmark\commitment-horizon-study\reference_core_benchmark_pilot\known_visit_10target_300.csv,4,2,1,3.64971851416693,3.64971851416693,00,00,2,1,True,completed
50,known_visit,ACBBA,bernoulli,drop_0.25,19,361,4,10,acbba_h8_bernoulli_025,C:\Users\lottj\Desktop\research\decentralized benchmark\commitment-horizon-study\reference_core_benchmark_pilot\known_visit_10target_300.csv,5,3,8,16.378705858818844,16.378705858818844,01,01,2,1,True,completed
50,known_visit,ACBBA,bernoulli,drop_0.25,19,361,4,10,acbba_h8_bernoulli_025,C:\Users\lottj\Desktop\research\decentralized benchmark\commitment-horizon-study\reference_core_benchmark_pilot\known_visit_10target_300.csv,6,8,0,51.83924641618635,51.83924641618635,03,03,1,0,True,completed
50,known_visit,ACBBA,bernoulli,drop_0.25,19,361,4,10,acbba_h8_bernoulli_025,C:\Users\lottj\Desktop\research\decentralized benchmark\commitment-horizon-study\reference_core_benchmark_pilot\known_visit_10target_300.csv,7,4,12,16.638791146411286,16.638791146411286,03,03,1,0,True,completed
50,known_visit,ACBBA,bernoulli,drop_0.25,19,361,4,10,acbba_h8_bernoulli_025,C:\Users\lottj\Desktop\research\decentralized benchmark\commitment-horizon-study\reference_core_benchmark_pilot\known_visit_10target_300.csv,8,0,9,4.286194489920558,4.286194489920558,01,01,2,1,True,completed
50,known_visit,ACBBA,bernoulli,drop_0.25,19,361,4,10,acbba_h8_bernoulli_025,C:\Users\lottj\Desktop\research\decentralized benchmark\commitment-horizon-study\reference_core_benchmark_pilot\known_visit_10target_300.csv,9,7,4,29.42137828082965,29.42137828082965,00,00,2,1,True,completed
50,known_visit,ACBBA,bernoulli,drop_0.25,19,361,4,10,acbba_h8_bernoulli_025,C:\Users\lottj\Desktop\research\decentralized benchmark\commitment-horizon-study\reference_core_benchmark_pilot\known_visit_10target_300.csv,10,1,4,10.74202080637717,10.74202080637717,00,00,2,1,True,completed
51,known_visit,ACBBA,bernoulli,drop_0.25,19,361,4,10,acbba_h8_bernoulli_025,C:\Users\lottj\Desktop\research\decentralized benchmark\commitment-horizon-study\reference_core_benchmark_pilot\known_visit_10target_300.csv,1,15,17,33.230899782159696,33.230899782159696,02,02,1,0,True,completed
51,known_visit,ACBBA,bernoulli,drop_0.25,19,361,4,10,acbba_h8_bernoulli_025,C:\Users\lottj\Desktop\research\decentralized benchmark\commitment-horizon-study\reference_core_benchmark_pilot\known_visit_10target_300.csv,2,10,12,15.560766700860485,15.560766700860485,02,02,2,1,True,completed
51,known_visit,ACBBA,bernoulli,drop_0.25,19,361,4,10,acbba_h8_bernoulli_025,C:\Users\lottj\Desktop\research\decentralized benchmark\commitment-horizon-study\reference_core_benchmark_pilot\known_visit_10target_300.csv,3,2,10,9.230182790352218,9.230182790352218,01,01,1,0,True,completed
51,known_visit,ACBBA,bernoulli,drop_0.25,19,361,4,10,acbba_h8_bernoulli_025,C:\Users\lottj\Desktop\research\decentralized benchmark\commitment-horizon-study\reference_core_benchmark_pilot\known_visit_10target_300.csv,4,14,13,24.416783128548097,24.416783128548097,02,02,1,0,True,completed
51,known_visit,ACBBA,bernoulli,drop_0.25,19,361,4,10,acbba_h8_bernoulli_025,C:\Users\lottj\Desktop\research\decentralized benchmark\commitment-horizon-study\reference_core_benchmark_pilot\known_visit_10target_300.csv,5,7,10,18.121058270752183,18.121058270752183,01,01,1,0,True,completed
51,known_visit,ACBBA,bernoulli,drop_0.25,19,361,4,10,acbba_h8_bernoulli_025,C:\Users\lottj\Desktop\research\decentralized benchmark\commitment-horizon-study\reference_core_benchmark_pilot\known_visit_10target_300.csv,6,8,14,19.86301021910931,19.86301021910931,03,03,1,0,True,completed
51,known_visit,ACBBA,bernoulli,drop_0.25,19,361,4,10,acbba_h8_bernoulli_025,C:\Users\lottj\Desktop\research\decentralized benchmark\commitment-horizon-study\reference_core_benchmark_pilot\known_visit_10target_300.csv,7,13,13,22.40243176036529,22.40243176036529,02,02,1,0,True,completed
51,known_visit,ACBBA,bernoulli,drop_0.25,19,361,4,10,acbba_h8_bernoulli_025,C:\Users\lottj\Desktop\research\decentralized benchmark\commitment-horizon-study\reference_core_benchmark_pilot\known_visit_10target_300.csv,8,18,0,39.6024294864859,39.6024294864859,00,00,1,0,True,completed
51,known_visit,ACBBA,bernoulli,drop_0.25,19,361,4,10,acbba_h8_bernoulli_025,C:\Users\lottj\Desktop\research\decentralized benchmark\commitment-horizon-study\reference_core_benchmark_pilot\known_visit_10target_300.csv,9,11,15,38.222215590448286,38.222215590448286,03,03,1,0,True,completed
51,known_visit,ACBBA,bernoulli,drop_0.25,19,361,4,10,acbba_h8_bernoulli_025,C:\Users\lottj\Desktop\research\decentralized benchmark\commitment-horizon-study\reference_core_benchmark_pilot\known_visit_10target_300.csv,10,9,2,17.126699849701733,17.126699849701733,00,00,1,0,True,completed
52,known_visit,ACBBA,bernoulli,drop_0.25,19,361,4,10,acbba_h8_bernoulli_025,C:\Users\lottj\Desktop\research\decentralized benchmark\commitment-horizon-study\reference_core_benchmark_pilot\known_visit_10target_300.csv,1,9,18,45.67149171474854,45.67149171474854,00,00,2,1,True,completed
52,known_visit,ACBBA,bernoulli,drop_0.25,19,361,4,10,acbba_h8_bernoulli_025,C:\Users\lottj\Desktop\research\decentralized benchmark\commitment-horizon-study\reference_core_benchmark_pilot\known_visit_10target_300.csv,2,2,14,5.527803542483214,5.527803542483214,02,02,2,1,True,completed
52,known_visit,ACBBA,bernoulli,drop_0.25,19,361,4,10,acbba_h8_bernoulli_025,C:\Users\lottj\Desktop\research\decentralized benchmark\commitment-horizon-study\reference_core_benchmark_pilot\known_visit_10target_300.csv,3,6,16,36.87936208431613,36.87936208431613,00,00,1,0,True,completed
52,known_visit,ACBBA,bernoulli,drop_0.25,19,361,4,10,acbba_h8_bernoulli_025,C:\Users\lottj\Desktop\research\decentralized benchmark\commitment-horizon-study\reference_core_benchmark_pilot\known_visit_10target_300.csv,4,2,2,5.499016615616316,5.499016615616316,00,00,2,1,True,completed
52,known_visit,ACBBA,bernoulli,drop_0.25,19,361,4,10,acbba_h8_bernoulli_025,C:\Users\lottj\Desktop\research\decentralized benchmark\commitment-horizon-study\reference_core_benchmark_pilot\known_visit_10target_300.csv,5,11,11,61.6041996892503,61.6041996892503,00,00,1,0,True,completed
52,known_visit,ACBBA,bernoulli,drop_0.25,19,361,4,10,acbba_h8_bernoulli_025,C:\Users\lottj\Desktop\research\decentralized benchmark\commitment-horizon-study\reference_core_benchmark_pilot\known_visit_10target_300.csv,6,11,5,44.592041516081146,44.592041516081146,01,01,1,0,True,completed
52,known_visit,ACBBA,bernoulli,drop_0.25,19,361,4,10,acbba_h8_bernoulli_025,C:\Users\lottj\Desktop\research\decentralized benchmark\commitment-horizon-study\reference_core_benchmark_pilot\known_visit_10target_300.csv,7,17,7,58.37688183575339,58.37688183575339,01,01,1,0,True,completed
52,known_visit,ACBBA,bernoulli,drop_0.25,19,361,4,10,acbba_h8_bernoulli_025,C:\Users\lottj\Desktop\research\decentralized benchmark\commitment-horizon-study\reference_core_benchmark_pilot\known_visit_10target_300.csv,8,11,14,56.36681111582785,56.36681111582785,00,00,1,0,True,completed
52,known_visit,ACBBA,bernoulli,drop_0.25,19,361,4,10,acbba_h8_bernoulli_025,C:\Users\lottj\Desktop\research\decentralized benchmark\commitment-horizon-study\reference_core_benchmark_pilot\known_visit_10target_300.csv,9,5,16,10.973892091226041,10.973892091226041,03,03,2,1,True,completed
52,known_visit,ACBBA,bernoulli,drop_0.25,19,361,4,10,acbba_h8_bernoulli_025,C:\Users\lottj\Desktop\research\decentralized benchmark\commitment-horizon-study\reference_core_benchmark_pilot\known_visit_10target_300.csv,10,6,11,28.008766714467512,28.008766714467512,00,00,1,0,True,completed
53,known_visit,ACBBA,bernoulli,drop_0.25,19,361,4,10,acbba_h8_bernoulli_025,C:\Users\lottj\Desktop\research\decentralized benchmark\commitment-horizon-study\reference_core_benchmark_pilot\known_visit_10target_300.csv,1,2,13,3.904741791421754,3.904741791421754,02,02,1,0,True,completed
53,known_visit,ACBBA,bernoulli,drop_0.25,19,361,4,10,acbba_h8_bernoulli_025,C:\Users\lottj\Desktop\research\decentralized benchmark\commitment-horizon-study\reference_core_benchmark_pilot\known_visit_10target_300.csv,2,10,10,34.59057452175885,34.59057452175885,02,02,3,2,True,completed
53,known_visit,ACBBA,bernoulli,drop_0.25,19,361,4,10,acbba_h8_bernoulli_025,C:\Users\lottj\Desktop\research\decentralized benchmark\commitment-horizon-study\reference_core_benchmark_pilot\known_visit_10target_300.csv,3,10,16,23.000172916897146,23.000172916897146,03,03,1,0,True,completed
53,known_visit,ACBBA,bernoulli,drop_0.25,19,361,4,10,acbba_h8_bernoulli_025,C:\Users\lottj\Desktop\research\decentralized benchmark\commitment-horizon-study\reference_core_benchmark_pilot\known_visit_10target_300.csv,4,18,15,46.79884317486068,46.79884317486068,03,03,1,0,True,completed
53,known_visit,ACBBA,bernoulli,drop_0.25,19,361,4,10,acbba_h8_bernoulli_025,C:\Users\lottj\Desktop\research\decentralized benchmark\commitment-horizon-study\reference_core_benchmark_pilot\known_visit_10target_300.csv,5,7,6,28.240851769567477,28.240851769567477,00,00,2,1,True,completed
53,known_visit,ACBBA,bernoulli,drop_0.25,19,361,4,10,acbba_h8_bernoulli_025,C:\Users\lottj\Desktop\research\decentralized benchmark\commitment-horizon-study\reference_core_benchmark_pilot\known_visit_10target_300.csv,6,11,0,39.02230680728209,39.02230680728209,01,01,1,0,True,completed
53,known_visit,ACBBA,bernoulli,drop_0.25,19,361,4,10,acbba_h8_bernoulli_025,C:\Users\lottj\Desktop\research\decentralized benchmark\commitment-horizon-study\reference_core_benchmark_pilot\known_visit_10target_300.csv,7,16,17,39.527490356014944,39.527490356014944,03,03,1,0,True,completed
53,known_visit,ACBBA,bernoulli,drop_0.25,19,361,4,10,acbba_h8_bernoulli_025,C:\Users\lottj\Desktop\research\decentralized benchmark\commitment-horizon-study\reference_core_benchmark_pilot\known_visit_10target_300.csv,8,1,0,0.2225923620834417,0.2225923620834417,00,00,2,1,True,completed
53,known_visit,ACBBA,bernoulli,drop_0.25,19,361,4,10,acbba_h8_bernoulli_025,C:\Users\lottj\Desktop\research\decentralized benchmark\commitment-horizon-study\reference_core_benchmark_pilot\known_visit_10target_300.csv,9,18,4,79.61590421085783,79.61590421085783,02,02,1,0,True,completed
53,known_visit,ACBBA,bernoulli,drop_0.25,19,361,4,10,acbba_h8_bernoulli_025,C:\Users\lottj\Desktop\research\decentralized benchmark\commitment-horizon-study\reference_core_benchmark_pilot\known_visit_10target_300.csv,10,4,8,19.031137069157914,19.031137069157914,00,00,2,1,True,completed
54,known_visit,ACBBA,bernoulli,drop_0.25,19,361,4,10,acbba_h8_bernoulli_025,C:\Users\lottj\Desktop\research\decentralized benchmark\commitment-horizon-study\reference_core_benchmark_pilot\known_visit_10target_300.csv,1,15,13,41.92482405517238,41.92482405517238,03,03,1,0,True,completed
54,known_visit,ACBBA,bernoulli,drop_0.25,19,361,4,10,acbba_h8_bernoulli_025,C:\Users\lottj\Desktop\research\decentralized benchmark\commitment-horizon-study\reference_core_benchmark_pilot\known_visit_10target_300.csv,2,9,15,27.64467431965071,27.64467431965071,03,03,1,0,True,completed
54,known_visit,ACBBA,bernoulli,drop_0.25,19,361,4,10,acbba_h8_bernoulli_025,C:\Users\lottj\Desktop\research\decentralized benchmark\commitment-horizon-study\reference_core_benchmark_pilot\known_visit_10target_300.csv,3,18,6,64.86053084980931,64.86053084980931,02,02,1,0,True,completed
54,known_visit,ACBBA,bernoulli,drop_0.25,19,361,4,10,acbba_h8_bernoulli_025,C:\Users\lottj\Desktop\research\decentralized benchmark\commitment-horizon-study\reference_core_benchmark_pilot\known_visit_10target_300.csv,4,1,9,5.652245054223819,5.652245054223819,01,01,2,1,True,completed
54,known_visit,ACBBA,bernoulli,drop_0.25,19,361,4,10,acbba_h8_bernoulli_025,C:\Users\lottj\Desktop\research\decentralized benchmark\commitment-horizon-study\reference_core_benchmark_pilot\known_visit_10target_300.csv,5,15,1,37.14051711224835,37.14051711224835,00,00,1,0,True,completed
54,known_visit,ACBBA,bernoulli,drop_0.25,19,361,4,10,acbba_h8_bernoulli_025,C:\Users\lottj\Desktop\research\decentralized benchmark\commitment-horizon-study\reference_core_benchmark_pilot\known_visit_10target_300.csv,6,8,13,21.690706713453494,21.690706713453494,03,03,1,0,True,completed
54,known_visit,ACBBA,bernoulli,drop_0.25,19,361,4,10,acbba_h8_bernoulli_025,C:\Users\lottj\Desktop\research\decentralized benchmark\commitment-horizon-study\reference_core_benchmark_pilot\known_visit_10target_300.csv,7,3,7,13.67893889835841,13.67893889835841,01,01,2,1,True,completed
54,known_visit,ACBBA,bernoulli,drop_0.25,19,361,4,10,acbba_h8_bernoulli_025,C:\Users\lottj\Desktop\research\decentralized benchmark\commitment-horizon-study\reference_core_benchmark_pilot\known_visit_10target_300.csv,8,5,8,19.47207481452809,19.47207481452809,01,01,1,0,True,completed
54,known_visit,ACBBA,bernoulli,drop_0.25,19,361,4,10,acbba_h8_bernoulli_025,C:\Users\lottj\Desktop\research\decentralized benchmark\commitment-horizon-study\reference_core_benchmark_pilot\known_visit_10target_300.csv,9,1,11,2.2079392354684764,2.2079392354684764,02,02,1,0,True,completed
54,known_visit,ACBBA,bernoulli,drop_0.25,19,361,4,10,acbba_h8_bernoulli_025,C:\Users\lottj\Desktop\research\decentralized benchmark\commitment-horizon-study\reference_core_benchmark_pilot\known_visit_10target_300.csv,10,8,10,28.202573159589104,28.202573159589104,01,01,1,0,True,completed
55,known_visit,ACBBA,bernoulli,drop_0.25,19,361,4,10,acbba_h8_bernoulli_025,C:\Users\lottj\Desktop\research\decentralized benchmark\commitment-horizon-study\reference_core_benchmark_pilot\known_visit_10target_300.csv,1,8,10,16.033016967919657,16.033016967919657,02,02,2,1,True,completed
55,known_visit,ACBBA,bernoulli,drop_0.25,19,361,4,10,acbba_h8_bernoulli_025,C:\Users\lottj\Desktop\research\decentralized benchmark\commitment-horizon-study\reference_core_benchmark_pilot\known_visit_10target_300.csv,2,13,1,43.19400130175464,43.19400130175464,01,01,1,0,True,completed
55,known_visit,ACBBA,bernoulli,drop_0.25,19,361,4,10,acbba_h8_bernoulli_025,C:\Users\lottj\Desktop\research\decentralized benchmark\commitment-horizon-study\reference_core_benchmark_pilot\known_visit_10target_300.csv,3,8,4,19.78742513784732,19.78742513784732,00,00,1,0,True,completed
55,known_visit,ACBBA,bernoulli,drop_0.25,19,361,4,10,acbba_h8_bernoulli_025,C:\Users\lottj\Desktop\research\decentralized benchmark\commitment-horizon-study\reference_core_benchmark_pilot\known_visit_10target_300.csv,4,8,17,13.996096926070889,13.996096926070889,03,03,2,1,True,completed
55,known_visit,ACBBA,bernoulli,drop_0.25,19,361,4,10,acbba_h8_bernoulli_025,C:\Users\lottj\Desktop\research\decentralized benchmark\commitment-horizon-study\reference_core_benchmark_pilot\known_visit_10target_300.csv,5,9,3,35.04792516993024,35.04792516993024,00,00,2,1,True,completed
55,known_visit,ACBBA,bernoulli,drop_0.25,19,361,4,10,acbba_h8_bernoulli_025,C:\Users\lottj\Desktop\research\decentralized benchmark\commitment-horizon-study\reference_core_benchmark_pilot\known_visit_10target_300.csv,6,10,6,28.963376068900487,28.963376068900487,01,01,1,0,True,completed
55,known_visit,ACBBA,bernoulli,drop_0.25,19,361,4,10,acbba_h8_bernoulli_025,C:\Users\lottj\Desktop\research\decentralized benchmark\commitment-horizon-study\reference_core_benchmark_pilot\known_visit_10target_300.csv,7,15,7,66.6288639941079,66.6288639941079,02,02,1,0,True,completed
55,known_visit,ACBBA,bernoulli,drop_0.25,19,361,4,10,acbba_h8_bernoulli_025,C:\Users\lottj\Desktop\research\decentralized benchmark\commitment-horizon-study\reference_core_benchmark_pilot\known_visit_10target_300.csv,8,2,9,7.258541957255799,7.258541957255799,01,01,1,0,True,completed
55,known_visit,ACBBA,bernoulli,drop_0.25,19,361,4,10,acbba_h8_bernoulli_025,C:\Users\lottj\Desktop\research\decentralized benchmark\commitment-horizon-study\reference_core_benchmark_pilot\known_visit_10target_300.csv,9,10,1,37.70283325490341,37.70283325490341,01,01,2,1,True,completed
55,known_visit,ACBBA,bernoulli,drop_0.25,19,361,4,10,acbba_h8_bernoulli_025,C:\Users\lottj\Desktop\research\decentralized benchmark\commitment-horizon-study\reference_core_benchmark_pilot\known_visit_10target_300.csv,10,0,1,0.5335222513602188,0.5335222513602188,00,00,1,0,True,completed
56,known_visit,ACBBA,bernoulli,drop_0.25,19,361,4,10,acbba_h8_bernoulli_025,C:\Users\lottj\Desktop\research\decentralized benchmark\commitment-horizon-study\reference_core_benchmark_pilot\known_visit_10target_300.csv,1,2,13,3.7887225199486108,3.7887225199486108,02,02,1,0,True,completed
56,known_visit,ACBBA,bernoulli,drop_0.25,19,361,4,10,acbba_h8_bernoulli_025,C:\Users\lottj\Desktop\research\decentralized benchmark\commitment-horizon-study\reference_core_benchmark_pilot\known_visit_10target_300.csv,2,6,11,28.758832725678584,28.758832725678584,00,00,2,1,True,completed
56,known_visit,ACBBA,bernoulli,drop_0.25,19,361,4,10,acbba_h8_bernoulli_025,C:\Users\lottj\Desktop\research\decentralized benchmark\commitment-horizon-study\reference_core_benchmark_pilot\known_visit_10target_300.csv,3,16,3,60.339466489532306,60.339466489532306,00,00,1,0,True,completed
56,known_visit,ACBBA,bernoulli,drop_0.25,19,361,4,10,acbba_h8_bernoulli_025,C:\Users\lottj\Desktop\research\decentralized benchmark\commitment-horizon-study\reference_core_benchmark_pilot\known_visit_10target_300.csv,4,7,13,12.803104661989828,12.803104661989828,02,02,1,0,True,completed
56,known_visit,ACBBA,bernoulli,drop_0.25,19,361,4,10,acbba_h8_bernoulli_025,C:\Users\lottj\Desktop\research\decentralized benchmark\commitment-horizon-study\reference_core_benchmark_pilot\known_visit_10target_300.csv,5,7,16,14.330976024625775,14.330976024625775,03,03,1,0,True,completed
56,known_visit,ACBBA,bernoulli,drop_0.25,19,361,4,10,acbba_h8_bernoulli_025,C:\Users\lottj\Desktop\research\decentralized benchmark\commitment-horizon-study\reference_core_benchmark_pilot\known_visit_10target_300.csv,6,4,2,9.014841408683422,9.014841408683422,00,00,2,1,True,completed
56,known_visit,ACBBA,bernoulli,drop_0.25,19,361,4,10,acbba_h8_bernoulli_025,C:\Users\lottj\Desktop\research\decentralized benchmark\commitment-horizon-study\reference_core_benchmark_pilot\known_visit_10target_300.csv,7,6,18,8.80121521971486,8.80121521971486,03,03,1,0,True,completed
56,known_visit,ACBBA,bernoulli,drop_0.25,19,361,4,10,acbba_h8_bernoulli_025,C:\Users\lottj\Desktop\research\decentralized benchmark\commitment-horizon-study\reference_core_benchmark_pilot\known_visit_10target_300.csv,8,2,4,5.46453076625451,5.46453076625451,01,01,1,0,True,completed
56,known_visit,ACBBA,bernoulli,drop_0.25,19,361,4,10,acbba_h8_bernoulli_025,C:\Users\lottj\Desktop\research\decentralized benchmark\commitment-horizon-study\reference_core_benchmark_pilot\known_visit_10target_300.csv,9,11,9,41.05382640938424,41.05382640938424,00,00,1,0,True,completed
56,known_visit,ACBBA,bernoulli,drop_0.25,19,361,4,10,acbba_h8_bernoulli_025,C:\Users\lottj\Desktop\research\decentralized benchmark\commitment-horizon-study\reference_core_benchmark_pilot\known_visit_10target_300.csv,10,3,11,56.26905744960596,56.26905744960596,01,01,1,0,True,completed
57,known_visit,ACBBA,bernoulli,drop_0.25,19,361,4,10,acbba_h8_bernoulli_025,C:\Users\lottj\Desktop\research\decentralized benchmark\commitment-horizon-study\reference_core_benchmark_pilot\known_visit_10target_300.csv,1,0,1,0.541559319089016,0.541559319089016,00,00,2,1,True,completed
57,known_visit,ACBBA,bernoulli,drop_0.25,19,361,4,10,acbba_h8_bernoulli_025,C:\Users\lottj\Desktop\research\decentralized benchmark\commitment-horizon-study\reference_core_benchmark_pilot\known_visit_10target_300.csv,2,12,16,22.659222357528428,22.659222357528428,03,03,1,0,True,completed
57,known_visit,ACBBA,bernoulli,drop_0.25,19,361,4,10,acbba_h8_bernoulli_025,C:\Users\lottj\Desktop\research\decentralized benchmark\commitment-horizon-study\reference_core_benchmark_pilot\known_visit_10target_300.csv,3,13,12,31.499173627919387,31.499173627919387,03,03,1,0,True,completed
57,known_visit,ACBBA,bernoulli,drop_0.25,19,361,4,10,acbba_h8_bernoulli_025,C:\Users\lottj\Desktop\research\decentralized benchmark\commitment-horizon-study\reference_core_benchmark_pilot\known_visit_10target_300.csv,4,9,10,31.959969100353035,31.959969100353035,00,00,1,0,True,completed
57,known_visit,ACBBA,bernoulli,drop_0.25,19,361,4,10,acbba_h8_bernoulli_025,C:\Users\lottj\Desktop\research\decentralized benchmark\commitment-horizon-study\reference_core_benchmark_pilot\known_visit_10target_300.csv,5,9,12,35.41192692235937,35.41192692235937,00,00,1,0,True,completed
57,known_visit,ACBBA,bernoulli,drop_0.25,19,361,4,10,acbba_h8_bernoulli_025,C:\Users\lottj\Desktop\research\decentralized benchmark\commitment-horizon-study\reference_core_benchmark_pilot\known_visit_10target_300.csv,6,6,1,17.696046069063257,17.696046069063257,01,01,1,0,True,completed
57,known_visit,ACBBA,bernoulli,drop_0.25,19,361,4,10,acbba_h8_bernoulli_025,C:\Users\lottj\Desktop\research\decentralized benchmark\commitment-horizon-study\reference_core_benchmark_pilot\known_visit_10target_300.csv,7,14,2,37.356642128755205,37.356642128755205,01,01,1,0,True,completed
57,known_visit,ACBBA,bernoulli,drop_0.25,19,361,4,10,acbba_h8_bernoulli_025,C:\Users\lottj\Desktop\research\decentralized benchmark\commitment-horizon-study\reference_core_benchmark_pilot\known_visit_10target_300.csv,8,16,12,36.56806336422585,36.56806336422585,03,03,1,0,True,completed
57,known_visit,ACBBA,bernoulli,drop_0.25,19,361,4,10,acbba_h8_bernoulli_025,C:\Users\lottj\Desktop\research\decentralized benchmark\commitment-horizon-study\reference_core_benchmark_pilot\known_visit_10target_300.csv,9,2,4,5.352591813752356,5.352591813752356,01,01,3,2,True,completed
57,known_visit,ACBBA,bernoulli,drop_0.25,19,361,4,10,acbba_h8_bernoulli_025,C:\Users\lottj\Desktop\research\decentralized benchmark\commitment-horizon-study\reference_core_benchmark_pilot\known_visit_10target_300.csv,10,11,0,28.135085247972754,28.135085247972754,01,01,1,0,True,completed
58,known_visit,ACBBA,bernoulli,drop_0.25,19,361,4,10,acbba_h8_bernoulli_025,C:\Users\lottj\Desktop\research\decentralized benchmark\commitment-horizon-study\reference_core_benchmark_pilot\known_visit_10target_300.csv,1,17,0,38.94583692812201,38.94583692812201,00,00,1,0,True,completed
58,known_visit,ACBBA,bernoulli,drop_0.25,19,361,4,10,acbba_h8_bernoulli_025,C:\Users\lottj\Desktop\research\decentralized benchmark\commitment-horizon-study\reference_core_benchmark_pilot\known_visit_10target_300.csv,2,5,16,10.768705248448539,10.768705248448539,03,03,1,0,True,completed
58,known_visit,ACBBA,bernoulli,drop_0.25,19,361,4,10,acbba_h8_bernoulli_025,C:\Users\lottj\Desktop\research\decentralized benchmark\commitment-horizon-study\reference_core_benchmark_pilot\known_visit_10target_300.csv,3,15,16,32.387141026800506,32.387141026800506,03,03,1,0,True,completed
58,known_visit,ACBBA,bernoulli,drop_0.25,19,361,4,10,acbba_h8_bernoulli_025,C:\Users\lottj\Desktop\research\decentralized benchmark\commitment-horizon-study\reference_core_benchmark_pilot\known_visit_10target_300.csv,4,11,3,22.792472082530182,22.792472082530182,00,00,1,0,True,completed
58,known_visit,ACBBA,bernoulli,drop_0.25,19,361,4,10,acbba_h8_bernoulli_025,C:\Users\lottj\Desktop\research\decentralized benchmark\commitment-horizon-study\reference_core_benchmark_pilot\known_visit_10target_300.csv,5,2,17,3.7391948719429697,3.7391948719429697,03,03,2,1,True,completed
58,known_visit,ACBBA,bernoulli,drop_0.25,19,361,4,10,acbba_h8_bernoulli_025,C:\Users\lottj\Desktop\research\decentralized benchmark\commitment-horizon-study\reference_core_benchmark_pilot\known_visit_10target_300.csv,6,15,8,56.41633195830158,56.41633195830158,00,00,1,0,True,completed
58,known_visit,ACBBA,bernoulli,drop_0.25,19,361,4,10,acbba_h8_bernoulli_025,C:\Users\lottj\Desktop\research\decentralized benchmark\commitment-horizon-study\reference_core_benchmark_pilot\known_visit_10target_300.csv,7,16,2,33.6364075491128,33.6364075491128,00,00,2,1,True,completed
58,known_visit,ACBBA,bernoulli,drop_0.25,19,361,4,10,acbba_h8_bernoulli_025,C:\Users\lottj\Desktop\research\decentralized benchmark\commitment-horizon-study\reference_core_benchmark_pilot\known_visit_10target_300.csv,8,18,14,41.22391218641065,41.22391218641065,03,03,1,0,True,completed
58,known_visit,ACBBA,bernoulli,drop_0.25,19,361,4,10,acbba_h8_bernoulli_025,C:\Users\lottj\Desktop\research\decentralized benchmark\commitment-horizon-study\reference_core_benchmark_pilot\known_visit_10target_300.csv,9,12,17,25.05149579995229,25.05149579995229,03,03,1,0,True,completed
58,known_visit,ACBBA,bernoulli,drop_0.25,19,361,4,10,acbba_h8_bernoulli_025,C:\Users\lottj\Desktop\research\decentralized benchmark\commitment-horizon-study\reference_core_benchmark_pilot\known_visit_10target_300.csv,10,8,9,17.175680297481467,17.175680297481467,02,02,1,0,True,completed
59,known_visit,ACBBA,bernoulli,drop_0.25,19,361,4,10,acbba_h8_bernoulli_025,C:\Users\lottj\Desktop\research\decentralized benchmark\commitment-horizon-study\reference_core_benchmark_pilot\known_visit_10target_300.csv,1,5,5,13.51263952260316,13.51263952260316,01,01,1,0,True,completed
59,known_visit,ACBBA,bernoulli,drop_0.25,19,361,4,10,acbba_h8_bernoulli_025,C:\Users\lottj\Desktop\research\decentralized benchmark\commitment-horizon-study\reference_core_benchmark_pilot\known_visit_10target_300.csv,2,8,10,19.603696045470098,19.603696045470098,02,02,1,0,True,completed
59,known_visit,ACBBA,bernoulli,drop_0.25,19,361,4,10,acbba_h8_bernoulli_025,C:\Users\lottj\Desktop\research\decentralized benchmark\commitment-horizon-study\reference_core_benchmark_pilot\known_visit_10target_300.csv,3,7,13,30.996425829927496,30.996425829927496,01,01,1,0,True,completed
59,known_visit,ACBBA,bernoulli,drop_0.25,19,361,4,10,acbba_h8_bernoulli_025,C:\Users\lottj\Desktop\research\decentralized benchmark\commitment-horizon-study\reference_core_benchmark_pilot\known_visit_10target_300.csv,4,0,3,4.327702696108684,4.327702696108684,00,00,1,0,True,completed
59,known_visit,ACBBA,bernoulli,drop_0.25,19,361,4,10,acbba_h8_bernoulli_025,C:\Users\lottj\Desktop\research\decentralized benchmark\commitment-horizon-study\reference_core_benchmark_pilot\known_visit_10target_300.csv,5,12,1,28.974361029345197,28.974361029345197,00,00,1,0,True,completed
59,known_visit,ACBBA,bernoulli,drop_0.25,19,361,4,10,acbba_h8_bernoulli_025,C:\Users\lottj\Desktop\research\decentralized benchmark\commitment-horizon-study\reference_core_benchmark_pilot\known_visit_10target_300.csv,6,11,16,60.680666695317356,60.680666695317356,02,02,1,0,True,completed
59,known_visit,ACBBA,bernoulli,drop_0.25,19,361,4,10,acbba_h8_bernoulli_025,C:\Users\lottj\Desktop\research\decentralized benchmark\commitment-horizon-study\reference_core_benchmark_pilot\known_visit_10target_300.csv,7,14,12,45.060981524928486,45.060981524928486,01,01,2,1,True,completed
59,known_visit,ACBBA,bernoulli,drop_0.25,19,361,4,10,acbba_h8_bernoulli_025,C:\Users\lottj\Desktop\research\decentralized benchmark\commitment-horizon-study\reference_core_benchmark_pilot\known_visit_10target_300.csv,8,13,16,57.62349450579313,57.62349450579313,01,01,1,0,True,completed
59,known_visit,ACBBA,bernoulli,drop_0.25,19,361,4,10,acbba_h8_bernoulli_025,C:\Users\lottj\Desktop\research\decentralized benchmark\commitment-horizon-study\reference_core_benchmark_pilot\known_visit_10target_300.csv,9,3,17,5.513366175529189,5.513366175529189,03,03,1,0,True,completed
59,known_visit,ACBBA,bernoulli,drop_0.25,19,361,4,10,acbba_h8_bernoulli_025,C:\Users\lottj\Desktop\research\decentralized benchmark\commitment-horizon-study\reference_core_benchmark_pilot\known_visit_10target_300.csv,10,3,9,8.722543219489422,8.722543219489422,02,02,2,1,True,completed
60,known_visit,ACBBA,bernoulli,drop_0.25,19,361,4,10,acbba_h8_bernoulli_025,C:\Users\lottj\Desktop\research\decentralized benchmark\commitment-horizon-study\reference_core_benchmark_pilot\known_visit_10target_300.csv,1,13,17,22.172520966845603,22.172520966845603,03,03,1,0,True,completed
60,known_visit,ACBBA,bernoulli,drop_0.25,19,361,4,10,acbba_h8_bernoulli_025,C:\Users\lottj\Desktop\research\decentralized benchmark\commitment-horizon-study\reference_core_benchmark_pilot\known_visit_10target_300.csv,2,7,3,16.118034480767893,16.118034480767893,00,00,2,1,True,completed
60,known_visit,ACBBA,bernoulli,drop_0.25,19,361,4,10,acbba_h8_bernoulli_025,C:\Users\lottj\Desktop\research\decentralized benchmark\commitment-horizon-study\reference_core_benchmark_pilot\known_visit_10target_300.csv,3,11,18,16.920697199968277,16.920697199968277,03,03,1,0,True,completed
60,known_visit,ACBBA,bernoulli,drop_0.25,19,361,4,10,acbba_h8_bernoulli_025,C:\Users\lottj\Desktop\research\decentralized benchmark\commitment-horizon-study\reference_core_benchmark_pilot\known_visit_10target_300.csv,4,17,16,30.8935638273583,30.8935638273583,03,03,1,0,True,completed
60,known_visit,ACBBA,bernoulli,drop_0.25,19,361,4,10,acbba_h8_bernoulli_025,C:\Users\lottj\Desktop\research\decentralized benchmark\commitment-horizon-study\reference_core_benchmark_pilot\known_visit_10target_300.csv,5,1,8,4.345323163318439,4.345323163318439,01,01,2,1,True,completed
60,known_visit,ACBBA,bernoulli,drop_0.25,19,361,4,10,acbba_h8_bernoulli_025,C:\Users\lottj\Desktop\research\decentralized benchmark\commitment-horizon-study\reference_core_benchmark_pilot\known_visit_10target_300.csv,6,9,3,19.40300398116145,19.40300398116145,00,00,1,0,True,completed
60,known_visit,ACBBA,bernoulli,drop_0.25,19,361,4,10,acbba_h8_bernoulli_025,C:\Users\lottj\Desktop\research\decentralized benchmark\commitment-horizon-study\reference_core_benchmark_pilot\known_visit_10target_300.csv,7,10,10,23.426682230946223,23.426682230946223,01,01,1,0,True,completed
60,known_visit,ACBBA,bernoulli,drop_0.25,19,361,4,10,acbba_h8_bernoulli_025,C:\Users\lottj\Desktop\research\decentralized benchmark\commitment-horizon-study\reference_core_benchmark_pilot\known_visit_10target_300.csv,8,0,8,2.2963187954426405,2.2963187954426405,01,01,2,1,True,completed
60,known_visit,ACBBA,bernoulli,drop_0.25,19,361,4,10,acbba_h8_bernoulli_025,C:\Users\lottj\Desktop\research\decentralized benchmark\commitment-horizon-study\reference_core_benchmark_pilot\known_visit_10target_300.csv,9,10,18,15.266194701533422,15.266194701533422,03,03,1,0,True,completed
60,known_visit,ACBBA,bernoulli,drop_0.25,19,361,4,10,acbba_h8_bernoulli_025,C:\Users\lottj\Desktop\research\decentralized benchmark\commitment-horizon-study\reference_core_benchmark_pilot\known_visit_10target_300.csv,10,6,3,14.398787311407913,14.398787311407913,00,00,1,0,True,completed
61,known_visit,ACBBA,bernoulli,drop_0.25,19,361,4,10,acbba_h8_bernoulli_025,C:\Users\lottj\Desktop\research\decentralized benchmark\commitment-horizon-study\reference_core_benchmark_pilot\known_visit_10target_300.csv,1,2,14,5.682694254455449,5.682694254455449,02,02,1,0,True,completed
61,known_visit,ACBBA,bernoulli,drop_0.25,19,361,4,10,acbba_h8_bernoulli_025,C:\Users\lottj\Desktop\research\decentralized benchmark\commitment-horizon-study\reference_core_benchmark_pilot\known_visit_10target_300.csv,2,2,5,11.360282606861558,11.360282606861558,00,00,1,0,True,completed
61,known_visit,ACBBA,bernoulli,drop_0.25,19,361,4,10,acbba_h8_bernoulli_025,C:\Users\lottj\Desktop\research\decentralized benchmark\commitment-horizon-study\reference_core_benchmark_pilot\known_visit_10target_300.csv,3,1,1,2.3270610919446044,2.3270610919446044,00,00,1,0,True,completed
61,known_visit,ACBBA,bernoulli,drop_0.25,19,361,4,10,acbba_h8_bernoulli_025,C:\Users\lottj\Desktop\research\decentralized benchmark\commitment-horizon-study\reference_core_benchmark_pilot\known_visit_10target_300.csv,4,12,10,30.472953551537177,30.472953551537177,01,01,1,0,True,completed
61,known_visit,ACBBA,bernoulli,drop_0.25,19,361,4,10,acbba_h8_bernoulli_025,C:\Users\lottj\Desktop\research\decentralized benchmark\commitment-horizon-study\reference_core_benchmark_pilot\known_visit_10target_300.csv,5,2,12,1.9498597817077805,1.9498597817077805,02,02,1,0,True,completed
61,known_visit,ACBBA,bernoulli,drop_0.25,19,361,4,10,acbba_h8_bernoulli_025,C:\Users\lottj\Desktop\research\decentralized benchmark\commitment-horizon-study\reference_core_benchmark_pilot\known_visit_10target_300.csv,6,2,10,16.75664386501317,16.75664386501317,02,02,1,0,True,completed
61,known_visit,ACBBA,bernoulli,drop_0.25,19,361,4,10,acbba_h8_bernoulli_025,C:\Users\lottj\Desktop\research\decentralized benchmark\commitment-horizon-study\reference_core_benchmark_pilot\known_visit_10target_300.csv,7,3,5,13.103550697717273,13.103550697717273,00,00,1,0,True,completed
61,known_visit,ACBBA,bernoulli,drop_0.25,19,361,4,10,acbba_h8_bernoulli_025,C:\Users\lottj\Desktop\research\decentralized benchmark\commitment-horizon-study\reference_core_benchmark_pilot\known_visit_10target_300.csv,8,8,12,23.098424914121566,23.098424914121566,03,03,1,0,True,completed
61,known_visit,ACBBA,bernoulli,drop_0.25,19,361,4,10,acbba_h8_bernoulli_025,C:\Users\lottj\Desktop\research\decentralized benchmark\commitment-horizon-study\reference_core_benchmark_pilot\known_visit_10target_300.csv,9,13,9,26.716450903391156,26.716450903391156,01,01,1,0,True,completed
61,known_visit,ACBBA,bernoulli,drop_0.25,19,361,4,10,acbba_h8_bernoulli_025,C:\Users\lottj\Desktop\research\decentralized benchmark\commitment-horizon-study\reference_core_benchmark_pilot\known_visit_10target_300.csv,10,3,17,5.493955318779272,5.493955318779272,03,03,1,0,True,completed
62,known_visit,ACBBA,bernoulli,drop_0.25,19,361,4,10,acbba_h8_bernoulli_025,C:\Users\lottj\Desktop\research\decentralized benchmark\commitment-horizon-study\reference_core_benchmark_pilot\known_visit_10target_300.csv,1,1,2,3.9237926084620782,3.9237926084620782,00,00,2,1,True,completed
62,known_visit,ACBBA,bernoulli,drop_0.25,19,361,4,10,acbba_h8_bernoulli_025,C:\Users\lottj\Desktop\research\decentralized benchmark\commitment-horizon-study\reference_core_benchmark_pilot\known_visit_10target_300.csv,2,4,1,11.760991158893066,11.760991158893066,00,00,1,0,True,completed
62,known_visit,ACBBA,bernoulli,drop_0.25,19,361,4,10,acbba_h8_bernoulli_025,C:\Users\lottj\Desktop\research\decentralized benchmark\commitment-horizon-study\reference_core_benchmark_pilot\known_visit_10target_300.csv,3,2,1,7.985611339745107,7.985611339745107,00,00,1,0,True,completed
62,known_visit,ACBBA,bernoulli,drop_0.25,19,361,4,10,acbba_h8_bernoulli_025,C:\Users\lottj\Desktop\research\decentralized benchmark\commitment-horizon-study\reference_core_benchmark_pilot\known_visit_10target_300.csv,4,4,13,7.201947826227084,7.201947826227084,02,02,1,0,True,completed
62,known_visit,ACBBA,bernoulli,drop_0.25,19,361,4,10,acbba_h8_bernoulli_025,C:\Users\lottj\Desktop\research\decentralized benchmark\commitment-horizon-study\reference_core_benchmark_pilot\known_visit_10target_300.csv,5,18,6,61.497416696279345,61.497416696279345,00,00,1,0,True,completed
62,known_visit,ACBBA,bernoulli,drop_0.25,19,361,4,10,acbba_h8_bernoulli_025,C:\Users\lottj\Desktop\research\decentralized benchmark\commitment-horizon-study\reference_core_benchmark_pilot\known_visit_10target_300.csv,6,14,0,43.867199636608945,43.867199636608945,00,00,1,0,True,completed
62,known_visit,ACBBA,bernoulli,drop_0.25,19,361,4,10,acbba_h8_bernoulli_025,C:\Users\lottj\Desktop\research\decentralized benchmark\commitment-horizon-study\reference_core_benchmark_pilot\known_visit_10target_300.csv,7,3,14,10.788944470817754,10.788944470817754,02,02,1,0,True,completed
62,known_visit,ACBBA,bernoulli,drop_0.25,19,361,4,10,acbba_h8_bernoulli_025,C:\Users\lottj\Desktop\research\decentralized benchmark\commitment-horizon-study\reference_core_benchmark_pilot\known_visit_10target_300.csv,8,3,18,3.600871675359014,3.600871675359014,03,03,2,1,True,completed
62,known_visit,ACBBA,bernoulli,drop_0.25,19,361,4,10,acbba_h8_bernoulli_025,C:\Users\lottj\Desktop\research\decentralized benchmark\commitment-horizon-study\reference_core_benchmark_pilot\known_visit_10target_300.csv,9,9,15,23.285161479338115,23.285161479338115,02,02,1,0,True,completed
62,known_visit,ACBBA,bernoulli,drop_0.25,19,361,4,10,acbba_h8_bernoulli_025,C:\Users\lottj\Desktop\research\decentralized benchmark\commitment-horizon-study\reference_core_benchmark_pilot\known_visit_10target_300.csv,10,10,15,25.011291833278975,25.011291833278975,02,02,1,0,True,completed
63,known_visit,ACBBA,bernoulli,drop_0.25,19,361,4,10,acbba_h8_bernoulli_025,C:\Users\lottj\Desktop\research\decentralized benchmark\commitment-horizon-study\reference_core_benchmark_pilot\known_visit_10target_300.csv,1,16,5,49.580993500286866,49.580993500286866,01,01,1,0,True,completed
63,known_visit,ACBBA,bernoulli,drop_0.25,19,361,4,10,acbba_h8_bernoulli_025,C:\Users\lottj\Desktop\research\decentralized benchmark\commitment-horizon-study\reference_core_benchmark_pilot\known_visit_10target_300.csv,2,5,6,17.902000128152725,17.902000128152725,01,01,2,1,True,completed
63,known_visit,ACBBA,bernoulli,drop_0.25,19,361,4,10,acbba_h8_bernoulli_025,C:\Users\lottj\Desktop\research\decentralized benchmark\commitment-horizon-study\reference_core_benchmark_pilot\known_visit_10target_300.csv,3,10,2,33.4452691474545,33.4452691474545,01,01,1,0,True,completed
63,known_visit,ACBBA,bernoulli,drop_0.25,19,361,4,10,acbba_h8_bernoulli_025,C:\Users\lottj\Desktop\research\decentralized benchmark\commitment-horizon-study\reference_core_benchmark_pilot\known_visit_10target_300.csv,4,1,17,2.280256140101858,2.280256140101858,03,03,3,2,True,completed
63,known_visit,ACBBA,bernoulli,drop_0.25,19,361,4,10,acbba_h8_bernoulli_025,C:\Users\lottj\Desktop\research\decentralized benchmark\commitment-horizon-study\reference_core_benchmark_pilot\known_visit_10target_300.csv,5,13,13,88.33336261676129,88.33336261676129,00,00,1,0,True,completed
63,known_visit,ACBBA,bernoulli,drop_0.25,19,361,4,10,acbba_h8_bernoulli_025,C:\Users\lottj\Desktop\research\decentralized benchmark\commitment-horizon-study\reference_core_benchmark_pilot\known_visit_10target_300.csv,6,5,14,48.168927907792785,48.168927907792785,00,00,1,0,True,completed
63,known_visit,ACBBA,bernoulli,drop_0.25,19,361,4,10,acbba_h8_bernoulli_025,C:\Users\lottj\Desktop\research\decentralized benchmark\commitment-horizon-study\reference_core_benchmark_pilot\known_visit_10target_300.csv,7,8,11,37.61262601476621,37.61262601476621,00,00,2,1,True,completed
63,known_visit,ACBBA,bernoulli,drop_0.25,19,361,4,10,acbba_h8_bernoulli_025,C:\Users\lottj\Desktop\research\decentralized benchmark\commitment-horizon-study\reference_core_benchmark_pilot\known_visit_10target_300.csv,8,15,13,92.03099000101632,92.03099000101632,00,00,1,0,True,completed
63,known_visit,ACBBA,bernoulli,drop_0.25,19,361,4,10,acbba_h8_bernoulli_025,C:\Users\lottj\Desktop\research\decentralized benchmark\commitment-horizon-study\reference_core_benchmark_pilot\known_visit_10target_300.csv,9,6,8,28.77814603456044,28.77814603456044,00,00,1,0,True,completed
63,known_visit,ACBBA,bernoulli,drop_0.25,19,361,4,10,acbba_h8_bernoulli_025,C:\Users\lottj\Desktop\research\decentralized benchmark\commitment-horizon-study\reference_core_benchmark_pilot\known_visit_10target_300.csv,10,2,3,7.212074841880502,7.212074841880502,01,01,2,1,True,completed
64,known_visit,ACBBA,bernoulli,drop_0.25,19,361,4,10,acbba_h8_bernoulli_025,C:\Users\lottj\Desktop\research\decentralized benchmark\commitment-horizon-study\reference_core_benchmark_pilot\known_visit_10target_300.csv,1,18,3,39.66503103866786,39.66503103866786,00,00,1,0,True,completed
64,known_visit,ACBBA,bernoulli,drop_0.25,19,361,4,10,acbba_h8_bernoulli_025,C:\Users\lottj\Desktop\research\decentralized benchmark\commitment-horizon-study\reference_core_benchmark_pilot\known_visit_10target_300.csv,2,11,11,19.391687860878996,19.391687860878996,02,02,1,0,True,completed
64,known_visit,ACBBA,bernoulli,drop_0.25,19,361,4,10,acbba_h8_bernoulli_025,C:\Users\lottj\Desktop\research\decentralized benchmark\commitment-horizon-study\reference_core_benchmark_pilot\known_visit_10target_300.csv,3,7,15,15.851549897859519,15.851549897859519,03,03,2,1,True,completed
64,known_visit,ACBBA,bernoulli,drop_0.25,19,361,4,10,acbba_h8_bernoulli_025,C:\Users\lottj\Desktop\research\decentralized benchmark\commitment-horizon-study\reference_core_benchmark_pilot\known_visit_10target_300.csv,4,9,11,16.014485094533907,16.014485094533907,02,02,1,0,True,completed
64,known_visit,ACBBA,bernoulli,drop_0.25,19,361,4,10,acbba_h8_bernoulli_025,C:\Users\lottj\Desktop\research\decentralized benchmark\commitment-horizon-study\reference_core_benchmark_pilot\known_visit_10target_300.csv,5,6,2,12.287599702198918,12.287599702198918,00,00,1,0,True,completed
64,known_visit,ACBBA,bernoulli,drop_0.25,19,361,4,10,acbba_h8_bernoulli_025,C:\Users\lottj\Desktop\research\decentralized benchmark\commitment-horizon-study\reference_core_benchmark_pilot\known_visit_10target_300.csv,6,16,2,34.19908294947569,34.19908294947569,00,00,1,0,True,completed
64,known_visit,ACBBA,bernoulli,drop_0.25,19,361,4,10,acbba_h8_bernoulli_025,C:\Users\lottj\Desktop\research\decentralized benchmark\commitment-horizon-study\reference_core_benchmark_pilot\known_visit_10target_300.csv,7,5,11,9.160728266667508,9.160728266667508,02,02,1,0,True,completed
64,known_visit,ACBBA,bernoulli,drop_0.25,19,361,4,10,acbba_h8_bernoulli_025,C:\Users\lottj\Desktop\research\decentralized benchmark\commitment-horizon-study\reference_core_benchmark_pilot\known_visit_10target_300.csv,8,14,1,28.45405190075718,28.45405190075718,00,00,1,0,True,completed
64,known_visit,ACBBA,bernoulli,drop_0.25,19,361,4,10,acbba_h8_bernoulli_025,C:\Users\lottj\Desktop\research\decentralized benchmark\commitment-horizon-study\reference_core_benchmark_pilot\known_visit_10target_300.csv,9,13,2,24.771255261465022,24.771255261465022,00,00,2,1,True,completed
64,known_visit,ACBBA,bernoulli,drop_0.25,19,361,4,10,acbba_h8_bernoulli_025,C:\Users\lottj\Desktop\research\decentralized benchmark\commitment-horizon-study\reference_core_benchmark_pilot\known_visit_10target_300.csv,10,4,4,8.752840592503887,8.752840592503887,01,01,1,0,True,completed
65,known_visit,ACBBA,bernoulli,drop_0.25,19,361,4,10,acbba_h8_bernoulli_025,C:\Users\lottj\Desktop\research\decentralized benchmark\commitment-horizon-study\reference_core_benchmark_pilot\known_visit_10target_300.csv,1,16,0,64.35591599370466,64.35591599370466,00,00,1,0,True,completed
65,known_visit,ACBBA,bernoulli,drop_0.25,19,361,4,10,acbba_h8_bernoulli_025,C:\Users\lottj\Desktop\research\decentralized benchmark\commitment-horizon-study\reference_core_benchmark_pilot\known_visit_10target_300.csv,2,3,12,3.606240992883037,3.606240992883037,02,02,2,1,True,completed
65,known_visit,ACBBA,bernoulli,drop_0.25,19,361,4,10,acbba_h8_bernoulli_025,C:\Users\lottj\Desktop\research\decentralized benchmark\commitment-horizon-study\reference_core_benchmark_pilot\known_visit_10target_300.csv,3,13,11,37.88191506497234,37.88191506497234,02,02,1,0,True,completed
65,known_visit,ACBBA,bernoulli,drop_0.25,19,361,4,10,acbba_h8_bernoulli_025,C:\Users\lottj\Desktop\research\decentralized benchmark\commitment-horizon-study\reference_core_benchmark_pilot\known_visit_10target_300.csv,4,13,18,20.50408168299955,20.50408168299955,03,03,2,1,True,completed
65,known_visit,ACBBA,bernoulli,drop_0.25,19,361,4,10,acbba_h8_bernoulli_025,C:\Users\lottj\Desktop\research\decentralized benchmark\commitment-horizon-study\reference_core_benchmark_pilot\known_visit_10target_300.csv,5,6,11,10.460560620832595,10.460560620832595,02,02,1,0,True,completed
65,known_visit,ACBBA,bernoulli,drop_0.25,19,361,4,10,acbba_h8_bernoulli_025,C:\Users\lottj\Desktop\research\decentralized benchmark\commitment-horizon-study\reference_core_benchmark_pilot\known_visit_10target_300.csv,6,10,13,21.282660658426597,21.282660658426597,02,02,2,1,True,completed
65,known_visit,ACBBA,bernoulli,drop_0.25,19,361,4,10,acbba_h8_bernoulli_025,C:\Users\lottj\Desktop\research\decentralized benchmark\commitment-horizon-study\reference_core_benchmark_pilot\known_visit_10target_300.csv,7,16,8,47.186461532774075,47.186461532774075,00,00,2,1,True,completed
65,known_visit,ACBBA,bernoulli,drop_0.25,19,361,4,10,acbba_h8_bernoulli_025,C:\Users\lottj\Desktop\research\decentralized benchmark\commitment-horizon-study\reference_core_benchmark_pilot\known_visit_10target_300.csv,8,17,6,52.315021395629614,52.315021395629614,00,00,1,0,True,completed
65,known_visit,ACBBA,bernoulli,drop_0.25,19,361,4,10,acbba_h8_bernoulli_025,C:\Users\lottj\Desktop\research\decentralized benchmark\commitment-horizon-study\reference_core_benchmark_pilot\known_visit_10target_300.csv,9,3,2,7.265982340691367,7.265982340691367,00,00,1,0,True,completed
65,known_visit,ACBBA,bernoulli,drop_0.25,19,361,4,10,acbba_h8_bernoulli_025,C:\Users\lottj\Desktop\research\decentralized benchmark\commitment-horizon-study\reference_core_benchmark_pilot\known_visit_10target_300.csv,10,11,9,30.26374721513786,30.26374721513786,02,02,1,0,True,completed
66,known_visit,ACBBA,bernoulli,drop_0.25,19,361,4,10,acbba_h8_bernoulli_025,C:\Users\lottj\Desktop\research\decentralized benchmark\commitment-horizon-study\reference_core_benchmark_pilot\known_visit_10target_300.csv,1,18,1,88.23611448149283,88.23611448149283,02,02,1,0,True,completed
66,known_visit,ACBBA,bernoulli,drop_0.25,19,361,4,10,acbba_h8_bernoulli_025,C:\Users\lottj\Desktop\research\decentralized benchmark\commitment-horizon-study\reference_core_benchmark_pilot\known_visit_10target_300.csv,2,6,3,14.05904694529511,14.05904694529511,00,00,2,1,True,completed
66,known_visit,ACBBA,bernoulli,drop_0.25,19,361,4,10,acbba_h8_bernoulli_025,C:\Users\lottj\Desktop\research\decentralized benchmark\commitment-horizon-study\reference_core_benchmark_pilot\known_visit_10target_300.csv,3,14,9,35.61563558649242,35.61563558649242,02,02,2,1,True,completed
66,known_visit,ACBBA,bernoulli,drop_0.25,19,361,4,10,acbba_h8_bernoulli_025,C:\Users\lottj\Desktop\research\decentralized benchmark\commitment-horizon-study\reference_core_benchmark_pilot\known_visit_10target_300.csv,4,16,18,25.85551153834505,25.85551153834505,03,03,2,1,True,completed
66,known_visit,ACBBA,bernoulli,drop_0.25,19,361,4,10,acbba_h8_bernoulli_025,C:\Users\lottj\Desktop\research\decentralized benchmark\commitment-horizon-study\reference_core_benchmark_pilot\known_visit_10target_300.csv,5,16,0,78.59505040724954,78.59505040724954,01,01,1,0,True,completed
66,known_visit,ACBBA,bernoulli,drop_0.25,19,361,4,10,acbba_h8_bernoulli_025,C:\Users\lottj\Desktop\research\decentralized benchmark\commitment-horizon-study\reference_core_benchmark_pilot\known_visit_10target_300.csv,6,7,9,16.762999791985457,16.762999791985457,02,02,2,1,True,completed
66,known_visit,ACBBA,bernoulli,drop_0.25,19,361,4,10,acbba_h8_bernoulli_025,C:\Users\lottj\Desktop\research\decentralized benchmark\commitment-horizon-study\reference_core_benchmark_pilot\known_visit_10target_300.csv,7,9,9,26.91276572904799,26.91276572904799,02,02,2,1,True,completed
66,known_visit,ACBBA,bernoulli,drop_0.25,19,361,4,10,acbba_h8_bernoulli_025,C:\Users\lottj\Desktop\research\decentralized benchmark\commitment-horizon-study\reference_core_benchmark_pilot\known_visit_10target_300.csv,8,16,4,58.45420421069403,58.45420421069403,00,00,1,0,True,completed
66,known_visit,ACBBA,bernoulli,drop_0.25,19,361,4,10,acbba_h8_bernoulli_025,C:\Users\lottj\Desktop\research\decentralized benchmark\commitment-horizon-study\reference_core_benchmark_pilot\known_visit_10target_300.csv,9,6,0,8.676260544291262,8.676260544291262,00,00,2,1,True,completed
66,known_visit,ACBBA,bernoulli,drop_0.25,19,361,4,10,acbba_h8_bernoulli_025,C:\Users\lottj\Desktop\research\decentralized benchmark\commitment-horizon-study\reference_core_benchmark_pilot\known_visit_10target_300.csv,10,6,6,8.930189004755015,8.930189004755015,01,01,3,2,True,completed
67,known_visit,ACBBA,bernoulli,drop_0.25,19,361,4,10,acbba_h8_bernoulli_025,C:\Users\lottj\Desktop\research\decentralized benchmark\commitment-horizon-study\reference_core_benchmark_pilot\known_visit_10target_300.csv,1,18,9,56.34888543223012,56.34888543223012,00,00,1,0,True,completed
67,known_visit,ACBBA,bernoulli,drop_0.25,19,361,4,10,acbba_h8_bernoulli_025,C:\Users\lottj\Desktop\research\decentralized benchmark\commitment-horizon-study\reference_core_benchmark_pilot\known_visit_10target_300.csv,2,18,1,38.38340601911959,38.38340601911959,00,00,1,0,True,completed
67,known_visit,ACBBA,bernoulli,drop_0.25,19,361,4,10,acbba_h8_bernoulli_025,C:\Users\lottj\Desktop\research\decentralized benchmark\commitment-horizon-study\reference_core_benchmark_pilot\known_visit_10target_300.csv,3,4,16,11.993398571383903,11.993398571383903,02,02,2,1,True,completed
67,known_visit,ACBBA,bernoulli,drop_0.25,19,361,4,10,acbba_h8_bernoulli_025,C:\Users\lottj\Desktop\research\decentralized benchmark\commitment-horizon-study\reference_core_benchmark_pilot\known_visit_10target_300.csv,4,17,3,32.93586862924441,32.93586862924441,00,00,2,1,True,completed
67,known_visit,ACBBA,bernoulli,drop_0.25,19,361,4,10,acbba_h8_bernoulli_025,C:\Users\lottj\Desktop\research\decentralized benchmark\commitment-horizon-study\reference_core_benchmark_pilot\known_visit_10target_300.csv,5,12,5,52.31539495259198,52.31539495259198,02,02,1,0,True,completed
67,known_visit,ACBBA,bernoulli,drop_0.25,19,361,4,10,acbba_h8_bernoulli_025,C:\Users\lottj\Desktop\research\decentralized benchmark\commitment-horizon-study\reference_core_benchmark_pilot\known_visit_10target_300.csv,6,2,0,1.8670568130695955,1.8670568130695955,00,00,1,0,True,completed
67,known_visit,ACBBA,bernoulli,drop_0.25,19,361,4,10,acbba_h8_bernoulli_025,C:\Users\lottj\Desktop\research\decentralized benchmark\commitment-horizon-study\reference_core_benchmark_pilot\known_visit_10target_300.csv,7,10,5,21.398202955926106,21.398202955926106,01,01,2,1,True,completed
67,known_visit,ACBBA,bernoulli,drop_0.25,19,361,4,10,acbba_h8_bernoulli_025,C:\Users\lottj\Desktop\research\decentralized benchmark\commitment-horizon-study\reference_core_benchmark_pilot\known_visit_10target_300.csv,8,17,17,82.45166586534559,82.45166586534559,03,03,1,0,True,completed
67,known_visit,ACBBA,bernoulli,drop_0.25,19,361,4,10,acbba_h8_bernoulli_025,C:\Users\lottj\Desktop\research\decentralized benchmark\commitment-horizon-study\reference_core_benchmark_pilot\known_visit_10target_300.csv,9,6,18,8.639433482739515,8.639433482739515,03,03,2,1,True,completed
67,known_visit,ACBBA,bernoulli,drop_0.25,19,361,4,10,acbba_h8_bernoulli_025,C:\Users\lottj\Desktop\research\decentralized benchmark\commitment-horizon-study\reference_core_benchmark_pilot\known_visit_10target_300.csv,10,7,3,15.860730619889233,15.860730619889233,00,00,2,1,True,completed
68,known_visit,ACBBA,bernoulli,drop_0.25,19,361,4,10,acbba_h8_bernoulli_025,C:\Users\lottj\Desktop\research\decentralized benchmark\commitment-horizon-study\reference_core_benchmark_pilot\known_visit_10target_300.csv,1,4,0,9.82836068359919,9.82836068359919,00,00,1,0,True,completed
68,known_visit,ACBBA,bernoulli,drop_0.25,19,361,4,10,acbba_h8_bernoulli_025,C:\Users\lottj\Desktop\research\decentralized benchmark\commitment-horizon-study\reference_core_benchmark_pilot\known_visit_10target_300.csv,2,0,8,5.6548672633378825,5.6548672633378825,02,02,1,0,True,completed
68,known_visit,ACBBA,bernoulli,drop_0.25,19,361,4,10,acbba_h8_bernoulli_025,C:\Users\lottj\Desktop\research\decentralized benchmark\commitment-horizon-study\reference_core_benchmark_pilot\known_visit_10target_300.csv,3,0,10,2.117387077122277,2.117387077122277,02,02,1,0,True,completed
68,known_visit,ACBBA,bernoulli,drop_0.25,19,361,4,10,acbba_h8_bernoulli_025,C:\Users\lottj\Desktop\research\decentralized benchmark\commitment-horizon-study\reference_core_benchmark_pilot\known_visit_10target_300.csv,4,15,18,28.49575515477097,28.49575515477097,03,03,1,0,True,completed
68,known_visit,ACBBA,bernoulli,drop_0.25,19,361,4,10,acbba_h8_bernoulli_025,C:\Users\lottj\Desktop\research\decentralized benchmark\commitment-horizon-study\reference_core_benchmark_pilot\known_visit_10target_300.csv,5,13,0,25.47774889176077,25.47774889176077,00,00,1,0,True,completed
68,known_visit,ACBBA,bernoulli,drop_0.25,19,361,4,10,acbba_h8_bernoulli_025,C:\Users\lottj\Desktop\research\decentralized benchmark\commitment-horizon-study\reference_core_benchmark_pilot\known_visit_10target_300.csv,6,8,16,34.40304887239023,34.40304887239023,01,01,1,0,True,completed
68,known_visit,ACBBA,bernoulli,drop_0.25,19,361,4,10,acbba_h8_bernoulli_025,C:\Users\lottj\Desktop\research\decentralized benchmark\commitment-horizon-study\reference_core_benchmark_pilot\known_visit_10target_300.csv,7,7,6,15.380689782044561,15.380689782044561,01,01,1,0,True,completed
68,known_visit,ACBBA,bernoulli,drop_0.25,19,361,4,10,acbba_h8_bernoulli_025,C:\Users\lottj\Desktop\research\decentralized benchmark\commitment-horizon-study\reference_core_benchmark_pilot\known_visit_10target_300.csv,8,16,3,35.86809508049333,35.86809508049333,00,00,1,0,True,completed
68,known_visit,ACBBA,bernoulli,drop_0.25,19,361,4,10,acbba_h8_bernoulli_025,C:\Users\lottj\Desktop\research\decentralized benchmark\commitment-horizon-study\reference_core_benchmark_pilot\known_visit_10target_300.csv,9,1,5,2.9089126558254415,2.9089126558254415,01,01,1,0,True,completed
68,known_visit,ACBBA,bernoulli,drop_0.25,19,361,4,10,acbba_h8_bernoulli_025,C:\Users\lottj\Desktop\research\decentralized benchmark\commitment-horizon-study\reference_core_benchmark_pilot\known_visit_10target_300.csv,10,7,12,25.668304915242143,25.668304915242143,01,01,1,0,True,completed
69,known_visit,ACBBA,bernoulli,drop_0.25,19,361,4,10,acbba_h8_bernoulli_025,C:\Users\lottj\Desktop\research\decentralized benchmark\commitment-horizon-study\reference_core_benchmark_pilot\known_visit_10target_300.csv,1,1,3,5.599455610204869,5.599455610204869,00,00,1,0,True,completed
69,known_visit,ACBBA,bernoulli,drop_0.25,19,361,4,10,acbba_h8_bernoulli_025,C:\Users\lottj\Desktop\research\decentralized benchmark\commitment-horizon-study\reference_core_benchmark_pilot\known_visit_10target_300.csv,2,0,13,0.4802202256481741,0.4802202256481741,02,02,2,1,True,completed
69,known_visit,ACBBA,bernoulli,drop_0.25,19,361,4,10,acbba_h8_bernoulli_025,C:\Users\lottj\Desktop\research\decentralized benchmark\commitment-horizon-study\reference_core_benchmark_pilot\known_visit_10target_300.csv,3,7,9,20.34013424099275,20.34013424099275,01,01,1,0,True,completed
69,known_visit,ACBBA,bernoulli,drop_0.25,19,361,4,10,acbba_h8_bernoulli_025,C:\Users\lottj\Desktop\research\decentralized benchmark\commitment-horizon-study\reference_core_benchmark_pilot\known_visit_10target_300.csv,4,1,7,12.924197401124756,12.924197401124756,02,02,1,0,True,completed
69,known_visit,ACBBA,bernoulli,drop_0.25,19,361,4,10,acbba_h8_bernoulli_025,C:\Users\lottj\Desktop\research\decentralized benchmark\commitment-horizon-study\reference_core_benchmark_pilot\known_visit_10target_300.csv,5,10,3,21.05537906399687,21.05537906399687,00,00,1,0,True,completed
69,known_visit,ACBBA,bernoulli,drop_0.25,19,361,4,10,acbba_h8_bernoulli_025,C:\Users\lottj\Desktop\research\decentralized benchmark\commitment-horizon-study\reference_core_benchmark_pilot\known_visit_10target_300.csv,6,15,0,42.3341756678212,42.3341756678212,00,00,1,0,True,completed
69,known_visit,ACBBA,bernoulli,drop_0.25,19,361,4,10,acbba_h8_bernoulli_025,C:\Users\lottj\Desktop\research\decentralized benchmark\commitment-horizon-study\reference_core_benchmark_pilot\known_visit_10target_300.csv,7,12,5,28.123973437038398,28.123973437038398,00,00,1,0,True,completed
69,known_visit,ACBBA,bernoulli,drop_0.25,19,361,4,10,acbba_h8_bernoulli_025,C:\Users\lottj\Desktop\research\decentralized benchmark\commitment-horizon-study\reference_core_benchmark_pilot\known_visit_10target_300.csv,8,16,9,35.4527164529248,35.4527164529248,01,01,1,0,True,completed
69,known_visit,ACBBA,bernoulli,drop_0.25,19,361,4,10,acbba_h8_bernoulli_025,C:\Users\lottj\Desktop\research\decentralized benchmark\commitment-horizon-study\reference_core_benchmark_pilot\known_visit_10target_300.csv,9,2,9,11.512370397001789,11.512370397001789,01,01,2,1,True,completed
69,known_visit,ACBBA,bernoulli,drop_0.25,19,361,4,10,acbba_h8_bernoulli_025,C:\Users\lottj\Desktop\research\decentralized benchmark\commitment-horizon-study\reference_core_benchmark_pilot\known_visit_10target_300.csv,10,17,12,42.713344562580765,42.713344562580765,01,01,1,0,True,completed
70,known_visit,ACBBA,bernoulli,drop_0.25,19,361,4,10,acbba_h8_bernoulli_025,C:\Users\lottj\Desktop\research\decentralized benchmark\commitment-horizon-study\reference_core_benchmark_pilot\known_visit_10target_300.csv,1,18,7,49.12516613889602,49.12516613889602,00,00,1,0,True,completed
70,known_visit,ACBBA,bernoulli,drop_0.25,19,361,4,10,acbba_h8_bernoulli_025,C:\Users\lottj\Desktop\research\decentralized benchmark\commitment-horizon-study\reference_core_benchmark_pilot\known_visit_10target_300.csv,2,1,8,7.780209377240363,7.780209377240363,02,02,2,1,True,completed
70,known_visit,ACBBA,bernoulli,drop_0.25,19,361,4,10,acbba_h8_bernoulli_025,C:\Users\lottj\Desktop\research\decentralized benchmark\commitment-horizon-study\reference_core_benchmark_pilot\known_visit_10target_300.csv,3,1,15,68.8366443556973,68.8366443556973,01,01,1,0,True,completed
70,known_visit,ACBBA,bernoulli,drop_0.25,19,361,4,10,acbba_h8_bernoulli_025,C:\Users\lottj\Desktop\research\decentralized benchmark\commitment-horizon-study\reference_core_benchmark_pilot\known_visit_10target_300.csv,4,5,17,9.456013368598272,9.456013368598272,03,03,2,1,True,completed
70,known_visit,ACBBA,bernoulli,drop_0.25,19,361,4,10,acbba_h8_bernoulli_025,C:\Users\lottj\Desktop\research\decentralized benchmark\commitment-horizon-study\reference_core_benchmark_pilot\known_visit_10target_300.csv,5,17,8,35.550876229102435,35.550876229102435,02,02,1,0,True,completed
70,known_visit,ACBBA,bernoulli,drop_0.25,19,361,4,10,acbba_h8_bernoulli_025,C:\Users\lottj\Desktop\research\decentralized benchmark\commitment-horizon-study\reference_core_benchmark_pilot\known_visit_10target_300.csv,6,0,5,0.5142295395868265,0.5142295395868265,01,01,1,0,True,completed
70,known_visit,ACBBA,bernoulli,drop_0.25,19,361,4,10,acbba_h8_bernoulli_025,C:\Users\lottj\Desktop\research\decentralized benchmark\commitment-horizon-study\reference_core_benchmark_pilot\known_visit_10target_300.csv,7,2,16,16.777175866897256,16.777175866897256,03,03,1,0,True,completed
70,known_visit,ACBBA,bernoulli,drop_0.25,19,361,4,10,acbba_h8_bernoulli_025,C:\Users\lottj\Desktop\research\decentralized benchmark\commitment-horizon-study\reference_core_benchmark_pilot\known_visit_10target_300.csv,8,4,2,8.886414580110776,8.886414580110776,00,00,2,1,True,completed
70,known_visit,ACBBA,bernoulli,drop_0.25,19,361,4,10,acbba_h8_bernoulli_025,C:\Users\lottj\Desktop\research\decentralized benchmark\commitment-horizon-study\reference_core_benchmark_pilot\known_visit_10target_300.csv,9,15,2,34.750474182820994,34.750474182820994,00,00,1,0,True,completed
70,known_visit,ACBBA,bernoulli,drop_0.25,19,361,4,10,acbba_h8_bernoulli_025,C:\Users\lottj\Desktop\research\decentralized benchmark\commitment-horizon-study\reference_core_benchmark_pilot\known_visit_10target_300.csv,10,10,14,93.60762439189907,93.60762439189907,01,01,1,0,True,completed
71,known_visit,ACBBA,bernoulli,drop_0.25,19,361,4,10,acbba_h8_bernoulli_025,C:\Users\lottj\Desktop\research\decentralized benchmark\commitment-horizon-study\reference_core_benchmark_pilot\known_visit_10target_300.csv,1,15,15,74.45840072013716,74.45840072013716,01,01,1,0,True,completed
71,known_visit,ACBBA,bernoulli,drop_0.25,19,361,4,10,acbba_h8_bernoulli_025,C:\Users\lottj\Desktop\research\decentralized benchmark\commitment-horizon-study\reference_core_benchmark_pilot\known_visit_10target_300.csv,2,7,8,14.026577304605695,14.026577304605695,01,01,2,1,True,completed
71,known_visit,ACBBA,bernoulli,drop_0.25,19,361,4,10,acbba_h8_bernoulli_025,C:\Users\lottj\Desktop\research\decentralized benchmark\commitment-horizon-study\reference_core_benchmark_pilot\known_visit_10target_300.csv,3,5,4,22.342497142723765,22.342497142723765,00,00,2,1,True,completed
71,known_visit,ACBBA,bernoulli,drop_0.25,19,361,4,10,acbba_h8_bernoulli_025,C:\Users\lottj\Desktop\research\decentralized benchmark\commitment-horizon-study\reference_core_benchmark_pilot\known_visit_10target_300.csv,4,4,10,19.179248323701614,19.179248323701614,03,03,2,1,True,completed
71,known_visit,ACBBA,bernoulli,drop_0.25,19,361,4,10,acbba_h8_bernoulli_025,C:\Users\lottj\Desktop\research\decentralized benchmark\commitment-horizon-study\reference_core_benchmark_pilot\known_visit_10target_300.csv,5,0,4,5.567029575157719,5.567029575157719,00,00,2,1,True,completed
71,known_visit,ACBBA,bernoulli,drop_0.25,19,361,4,10,acbba_h8_bernoulli_025,C:\Users\lottj\Desktop\research\decentralized benchmark\commitment-horizon-study\reference_core_benchmark_pilot\known_visit_10target_300.csv,6,8,3,40.90149929345569,40.90149929345569,01,01,1,0,True,completed
71,known_visit,ACBBA,bernoulli,drop_0.25,19,361,4,10,acbba_h8_bernoulli_025,C:\Users\lottj\Desktop\research\decentralized benchmark\commitment-horizon-study\reference_core_benchmark_pilot\known_visit_10target_300.csv,7,2,6,1.8676491026054909,1.8676491026054909,01,01,3,2,True,completed
71,known_visit,ACBBA,bernoulli,drop_0.25,19,361,4,10,acbba_h8_bernoulli_025,C:\Users\lottj\Desktop\research\decentralized benchmark\commitment-horizon-study\reference_core_benchmark_pilot\known_visit_10target_300.csv,8,11,8,58.65579948435719,58.65579948435719,02,02,1,0,True,completed
71,known_visit,ACBBA,bernoulli,drop_0.25,19,361,4,10,acbba_h8_bernoulli_025,C:\Users\lottj\Desktop\research\decentralized benchmark\commitment-horizon-study\reference_core_benchmark_pilot\known_visit_10target_300.csv,9,16,13,79.98092559689263,79.98092559689263,00,00,1,0,True,completed
71,known_visit,ACBBA,bernoulli,drop_0.25,19,361,4,10,acbba_h8_bernoulli_025,C:\Users\lottj\Desktop\research\decentralized benchmark\commitment-horizon-study\reference_core_benchmark_pilot\known_visit_10target_300.csv,10,12,6,53.759862236293294,53.759862236293294,01,01,1,0,True,completed
72,known_visit,ACBBA,bernoulli,drop_0.25,19,361,4,10,acbba_h8_bernoulli_025,C:\Users\lottj\Desktop\research\decentralized benchmark\commitment-horizon-study\reference_core_benchmark_pilot\known_visit_10target_300.csv,1,9,6,18.150617617107923,18.150617617107923,01,01,1,0,True,completed
72,known_visit,ACBBA,bernoulli,drop_0.25,19,361,4,10,acbba_h8_bernoulli_025,C:\Users\lottj\Desktop\research\decentralized benchmark\commitment-horizon-study\reference_core_benchmark_pilot\known_visit_10target_300.csv,2,0,5,0.4786527552517912,0.4786527552517912,01,01,2,1,True,completed
72,known_visit,ACBBA,bernoulli,drop_0.25,19,361,4,10,acbba_h8_bernoulli_025,C:\Users\lottj\Desktop\research\decentralized benchmark\commitment-horizon-study\reference_core_benchmark_pilot\known_visit_10target_300.csv,3,18,7,50.170717479558725,50.170717479558725,00,00,1,0,True,completed
72,known_visit,ACBBA,bernoulli,drop_0.25,19,361,4,10,acbba_h8_bernoulli_025,C:\Users\lottj\Desktop\research\decentralized benchmark\commitment-horizon-study\reference_core_benchmark_pilot\known_visit_10target_300.csv,4,2,10,5.795608998644569,5.795608998644569,02,02,1,0,True,completed
72,known_visit,ACBBA,bernoulli,drop_0.25,19,361,4,10,acbba_h8_bernoulli_025,C:\Users\lottj\Desktop\research\decentralized benchmark\commitment-horizon-study\reference_core_benchmark_pilot\known_visit_10target_300.csv,5,7,11,28.071634957526268,28.071634957526268,03,03,1,0,True,completed
72,known_visit,ACBBA,bernoulli,drop_0.25,19,361,4,10,acbba_h8_bernoulli_025,C:\Users\lottj\Desktop\research\decentralized benchmark\commitment-horizon-study\reference_core_benchmark_pilot\known_visit_10target_300.csv,6,1,18,0.20217762043877274,0.20217762043877274,03,03,1,0,True,completed
72,known_visit,ACBBA,bernoulli,drop_0.25,19,361,4,10,acbba_h8_bernoulli_025,C:\Users\lottj\Desktop\research\decentralized benchmark\commitment-horizon-study\reference_core_benchmark_pilot\known_visit_10target_300.csv,7,5,1,8.925061699406893,8.925061699406893,00,00,1,0,True,completed
72,known_visit,ACBBA,bernoulli,drop_0.25,19,361,4,10,acbba_h8_bernoulli_025,C:\Users\lottj\Desktop\research\decentralized benchmark\commitment-horizon-study\reference_core_benchmark_pilot\known_visit_10target_300.csv,8,11,3,30.826355589728287,30.826355589728287,00,00,1,0,True,completed
72,known_visit,ACBBA,bernoulli,drop_0.25,19,361,4,10,acbba_h8_bernoulli_025,C:\Users\lottj\Desktop\research\decentralized benchmark\commitment-horizon-study\reference_core_benchmark_pilot\known_visit_10target_300.csv,9,6,16,12.165340255451225,12.165340255451225,03,03,2,1,True,completed
72,known_visit,ACBBA,bernoulli,drop_0.25,19,361,4,10,acbba_h8_bernoulli_025,C:\Users\lottj\Desktop\research\decentralized benchmark\commitment-horizon-study\reference_core_benchmark_pilot\known_visit_10target_300.csv,10,11,0,21.49067221754926,21.49067221754926,00,00,1,0,True,completed
73,known_visit,ACBBA,bernoulli,drop_0.25,19,361,4,10,acbba_h8_bernoulli_025,C:\Users\lottj\Desktop\research\decentralized benchmark\commitment-horizon-study\reference_core_benchmark_pilot\known_visit_10target_300.csv,1,13,10,25.912871747795176,25.912871747795176,02,02,2,1,True,completed
73,known_visit,ACBBA,bernoulli,drop_0.25,19,361,4,10,acbba_h8_bernoulli_025,C:\Users\lottj\Desktop\research\decentralized benchmark\commitment-horizon-study\reference_core_benchmark_pilot\known_visit_10target_300.csv,2,2,2,5.984242943078837,5.984242943078837,00,00,2,1,True,completed
73,known_visit,ACBBA,bernoulli,drop_0.25,19,361,4,10,acbba_h8_bernoulli_025,C:\Users\lottj\Desktop\research\decentralized benchmark\commitment-horizon-study\reference_core_benchmark_pilot\known_visit_10target_300.csv,3,0,2,2.257043873418749,2.257043873418749,00,00,1,0,True,completed
73,known_visit,ACBBA,bernoulli,drop_0.25,19,361,4,10,acbba_h8_bernoulli_025,C:\Users\lottj\Desktop\research\decentralized benchmark\commitment-horizon-study\reference_core_benchmark_pilot\known_visit_10target_300.csv,4,11,3,24.65388268913308,24.65388268913308,00,00,1,0,True,completed
73,known_visit,ACBBA,bernoulli,drop_0.25,19,361,4,10,acbba_h8_bernoulli_025,C:\Users\lottj\Desktop\research\decentralized benchmark\commitment-horizon-study\reference_core_benchmark_pilot\known_visit_10target_300.csv,5,8,11,14.557978928768886,14.557978928768886,02,02,3,2,True,completed
73,known_visit,ACBBA,bernoulli,drop_0.25,19,361,4,10,acbba_h8_bernoulli_025,C:\Users\lottj\Desktop\research\decentralized benchmark\commitment-horizon-study\reference_core_benchmark_pilot\known_visit_10target_300.csv,6,3,8,43.85469391109427,43.85469391109427,01,01,1,0,True,completed
73,known_visit,ACBBA,bernoulli,drop_0.25,19,361,4,10,acbba_h8_bernoulli_025,C:\Users\lottj\Desktop\research\decentralized benchmark\commitment-horizon-study\reference_core_benchmark_pilot\known_visit_10target_300.csv,7,18,14,41.52336697317616,41.52336697317616,02,02,1,0,True,completed
73,known_visit,ACBBA,bernoulli,drop_0.25,19,361,4,10,acbba_h8_bernoulli_025,C:\Users\lottj\Desktop\research\decentralized benchmark\commitment-horizon-study\reference_core_benchmark_pilot\known_visit_10target_300.csv,8,6,11,11.122706586530894,11.122706586530894,02,02,2,1,True,completed
73,known_visit,ACBBA,bernoulli,drop_0.25,19,361,4,10,acbba_h8_bernoulli_025,C:\Users\lottj\Desktop\research\decentralized benchmark\commitment-horizon-study\reference_core_benchmark_pilot\known_visit_10target_300.csv,9,16,3,64.16273986472402,64.16273986472402,02,02,1,0,True,completed
73,known_visit,ACBBA,bernoulli,drop_0.25,19,361,4,10,acbba_h8_bernoulli_025,C:\Users\lottj\Desktop\research\decentralized benchmark\commitment-horizon-study\reference_core_benchmark_pilot\known_visit_10target_300.csv,10,1,16,3.728845325737042,3.728845325737042,03,03,1,0,True,completed
74,known_visit,ACBBA,bernoulli,drop_0.25,19,361,4,10,acbba_h8_bernoulli_025,C:\Users\lottj\Desktop\research\decentralized benchmark\commitment-horizon-study\reference_core_benchmark_pilot\known_visit_10target_300.csv,1,9,11,16.34006739668805,16.34006739668805,02,02,1,0,True,completed
74,known_visit,ACBBA,bernoulli,drop_0.25,19,361,4,10,acbba_h8_bernoulli_025,C:\Users\lottj\Desktop\research\decentralized benchmark\commitment-horizon-study\reference_core_benchmark_pilot\known_visit_10target_300.csv,2,2,8,9.900781770102892,9.900781770102892,01,01,1,0,True,completed
74,known_visit,ACBBA,bernoulli,drop_0.25,19,361,4,10,acbba_h8_bernoulli_025,C:\Users\lottj\Desktop\research\decentralized benchmark\commitment-horizon-study\reference_core_benchmark_pilot\known_visit_10target_300.csv,3,6,17,10.80076901573763,10.80076901573763,03,03,1,0,True,completed
74,known_visit,ACBBA,bernoulli,drop_0.25,19,361,4,10,acbba_h8_bernoulli_025,C:\Users\lottj\Desktop\research\decentralized benchmark\commitment-horizon-study\reference_core_benchmark_pilot\known_visit_10target_300.csv,4,12,9,25.160860863307633,25.160860863307633,02,02,1,0,True,completed
74,known_visit,ACBBA,bernoulli,drop_0.25,19,361,4,10,acbba_h8_bernoulli_025,C:\Users\lottj\Desktop\research\decentralized benchmark\commitment-horizon-study\reference_core_benchmark_pilot\known_visit_10target_300.csv,5,6,2,12.719443462326396,12.719443462326396,00,00,1,0,True,completed
74,known_visit,ACBBA,bernoulli,drop_0.25,19,361,4,10,acbba_h8_bernoulli_025,C:\Users\lottj\Desktop\research\decentralized benchmark\commitment-horizon-study\reference_core_benchmark_pilot\known_visit_10target_300.csv,6,15,6,35.62723933473677,35.62723933473677,02,02,1,0,True,completed
74,known_visit,ACBBA,bernoulli,drop_0.25,19,361,4,10,acbba_h8_bernoulli_025,C:\Users\lottj\Desktop\research\decentralized benchmark\commitment-horizon-study\reference_core_benchmark_pilot\known_visit_10target_300.csv,7,2,12,1.7825793979053983,1.7825793979053983,02,02,1,0,True,completed
74,known_visit,ACBBA,bernoulli,drop_0.25,19,361,4,10,acbba_h8_bernoulli_025,C:\Users\lottj\Desktop\research\decentralized benchmark\commitment-horizon-study\reference_core_benchmark_pilot\known_visit_10target_300.csv,8,3,17,5.6908390492333,5.6908390492333,03,03,1,0,True,completed
74,known_visit,ACBBA,bernoulli,drop_0.25,19,361,4,10,acbba_h8_bernoulli_025,C:\Users\lottj\Desktop\research\decentralized benchmark\commitment-horizon-study\reference_core_benchmark_pilot\known_visit_10target_300.csv,9,1,10,15.40500409961669,15.40500409961669,01,01,1,0,True,completed
74,known_visit,ACBBA,bernoulli,drop_0.25,19,361,4,10,acbba_h8_bernoulli_025,C:\Users\lottj\Desktop\research\decentralized benchmark\commitment-horizon-study\reference_core_benchmark_pilot\known_visit_10target_300.csv,10,7,14,17.83529485212895,17.83529485212895,03,03,1,0,True,completed
75,known_visit,ACBBA,bernoulli,drop_0.25,19,361,4,10,acbba_h8_bernoulli_025,C:\Users\lottj\Desktop\research\decentralized benchmark\commitment-horizon-study\reference_core_benchmark_pilot\known_visit_10target_300.csv,1,11,1,19.095360869515552,19.095360869515552,00,00,1,0,True,completed
75,known_visit,ACBBA,bernoulli,drop_0.25,19,361,4,10,acbba_h8_bernoulli_025,C:\Users\lottj\Desktop\research\decentralized benchmark\commitment-horizon-study\reference_core_benchmark_pilot\known_visit_10target_300.csv,2,4,10,12.858169004487104,12.858169004487104,02,02,2,1,True,completed
75,known_visit,ACBBA,bernoulli,drop_0.25,19,361,4,10,acbba_h8_bernoulli_025,C:\Users\lottj\Desktop\research\decentralized benchmark\commitment-horizon-study\reference_core_benchmark_pilot\known_visit_10target_300.csv,3,2,11,4.249325233193274,4.249325233193274,02,02,2,1,True,completed
75,known_visit,ACBBA,bernoulli,drop_0.25,19,361,4,10,acbba_h8_bernoulli_025,C:\Users\lottj\Desktop\research\decentralized benchmark\commitment-horizon-study\reference_core_benchmark_pilot\known_visit_10target_300.csv,4,5,0,6.979495966516734,6.979495966516734,00,00,2,1,True,completed
75,known_visit,ACBBA,bernoulli,drop_0.25,19,361,4,10,acbba_h8_bernoulli_025,C:\Users\lottj\Desktop\research\decentralized benchmark\commitment-horizon-study\reference_core_benchmark_pilot\known_visit_10target_300.csv,5,6,11,33.0604661863987,33.0604661863987,03,03,1,0,True,completed
75,known_visit,ACBBA,bernoulli,drop_0.25,19,361,4,10,acbba_h8_bernoulli_025,C:\Users\lottj\Desktop\research\decentralized benchmark\commitment-horizon-study\reference_core_benchmark_pilot\known_visit_10target_300.csv,6,14,8,36.27461128238221,36.27461128238221,00,00,1,0,True,completed
75,known_visit,ACBBA,bernoulli,drop_0.25,19,361,4,10,acbba_h8_bernoulli_025,C:\Users\lottj\Desktop\research\decentralized benchmark\commitment-horizon-study\reference_core_benchmark_pilot\known_visit_10target_300.csv,7,18,11,48.41088954747748,48.41088954747748,00,00,1,0,True,completed
75,known_visit,ACBBA,bernoulli,drop_0.25,19,361,4,10,acbba_h8_bernoulli_025,C:\Users\lottj\Desktop\research\decentralized benchmark\commitment-horizon-study\reference_core_benchmark_pilot\known_visit_10target_300.csv,8,10,5,43.79981169051172,43.79981169051172,01,01,1,0,True,completed
75,known_visit,ACBBA,bernoulli,drop_0.25,19,361,4,10,acbba_h8_bernoulli_025,C:\Users\lottj\Desktop\research\decentralized benchmark\commitment-horizon-study\reference_core_benchmark_pilot\known_visit_10target_300.csv,9,2,10,9.273872703992259,9.273872703992259,02,02,2,1,True,completed
75,known_visit,ACBBA,bernoulli,drop_0.25,19,361,4,10,acbba_h8_bernoulli_025,C:\Users\lottj\Desktop\research\decentralized benchmark\commitment-horizon-study\reference_core_benchmark_pilot\known_visit_10target_300.csv,10,0,8,2.1135566032849398,2.1135566032849398,01,01,1,0,True,completed
76,known_visit,ACBBA,bernoulli,drop_0.25,19,361,4,10,acbba_h8_bernoulli_025,C:\Users\lottj\Desktop\research\decentralized benchmark\commitment-horizon-study\reference_core_benchmark_pilot\known_visit_10target_300.csv,1,16,12,54.89269914006194,54.89269914006194,02,02,2,1,True,completed
76,known_visit,ACBBA,bernoulli,drop_0.25,19,361,4,10,acbba_h8_bernoulli_025,C:\Users\lottj\Desktop\research\decentralized benchmark\commitment-horizon-study\reference_core_benchmark_pilot\known_visit_10target_300.csv,2,9,2,19.880103680779197,19.880103680779197,00,00,2,1,True,completed
76,known_visit,ACBBA,bernoulli,drop_0.25,19,361,4,10,acbba_h8_bernoulli_025,C:\Users\lottj\Desktop\research\decentralized benchmark\commitment-horizon-study\reference_core_benchmark_pilot\known_visit_10target_300.csv,3,0,5,0.4220264627680691,0.4220264627680691,01,01,1,0,True,completed
76,known_visit,ACBBA,bernoulli,drop_0.25,19,361,4,10,acbba_h8_bernoulli_025,C:\Users\lottj\Desktop\research\decentralized benchmark\commitment-horizon-study\reference_core_benchmark_pilot\known_visit_10target_300.csv,4,18,2,106.567679179526,106.567679179526,03,03,1,0,True,completed
76,known_visit,ACBBA,bernoulli,drop_0.25,19,361,4,10,acbba_h8_bernoulli_025,C:\Users\lottj\Desktop\research\decentralized benchmark\commitment-horizon-study\reference_core_benchmark_pilot\known_visit_10target_300.csv,5,10,7,30.53173228976999,30.53173228976999,00,00,1,0,True,completed
76,known_visit,ACBBA,bernoulli,drop_0.25,19,361,4,10,acbba_h8_bernoulli_025,C:\Users\lottj\Desktop\research\decentralized benchmark\commitment-horizon-study\reference_core_benchmark_pilot\known_visit_10target_300.csv,6,1,3,5.75322728544205,5.75322728544205,01,01,1,0,True,completed
76,known_visit,ACBBA,bernoulli,drop_0.25,19,361,4,10,acbba_h8_bernoulli_025,C:\Users\lottj\Desktop\research\decentralized benchmark\commitment-horizon-study\reference_core_benchmark_pilot\known_visit_10target_300.csv,7,3,15,8.931450971014987,8.931450971014987,02,02,2,1,True,completed
76,known_visit,ACBBA,bernoulli,drop_0.25,19,361,4,10,acbba_h8_bernoulli_025,C:\Users\lottj\Desktop\research\decentralized benchmark\commitment-horizon-study\reference_core_benchmark_pilot\known_visit_10target_300.csv,8,9,16,22.236912567086485,22.236912567086485,03,03,1,0,True,completed
76,known_visit,ACBBA,bernoulli,drop_0.25,19,361,4,10,acbba_h8_bernoulli_025,C:\Users\lottj\Desktop\research\decentralized benchmark\commitment-horizon-study\reference_core_benchmark_pilot\known_visit_10target_300.csv,9,14,18,34.24312214427604,34.24312214427604,03,03,2,1,True,completed
76,known_visit,ACBBA,bernoulli,drop_0.25,19,361,4,10,acbba_h8_bernoulli_025,C:\Users\lottj\Desktop\research\decentralized benchmark\commitment-horizon-study\reference_core_benchmark_pilot\known_visit_10target_300.csv,10,3,4,36.157095558143666,36.157095558143666,01,01,2,1,True,completed
77,known_visit,ACBBA,bernoulli,drop_0.25,19,361,4,10,acbba_h8_bernoulli_025,C:\Users\lottj\Desktop\research\decentralized benchmark\commitment-horizon-study\reference_core_benchmark_pilot\known_visit_10target_300.csv,1,3,12,3.5921908998836147,3.5921908998836147,02,02,1,0,True,completed
77,known_visit,ACBBA,bernoulli,drop_0.25,19,361,4,10,acbba_h8_bernoulli_025,C:\Users\lottj\Desktop\research\decentralized benchmark\commitment-horizon-study\reference_core_benchmark_pilot\known_visit_10target_300.csv,2,16,10,42.9878428609365,42.9878428609365,01,01,1,0,True,completed
77,known_visit,ACBBA,bernoulli,drop_0.25,19,361,4,10,acbba_h8_bernoulli_025,C:\Users\lottj\Desktop\research\decentralized benchmark\commitment-horizon-study\reference_core_benchmark_pilot\known_visit_10target_300.csv,3,0,5,0.5328325247050977,0.5328325247050977,01,01,2,1,True,completed
77,known_visit,ACBBA,bernoulli,drop_0.25,19,361,4,10,acbba_h8_bernoulli_025,C:\Users\lottj\Desktop\research\decentralized benchmark\commitment-horizon-study\reference_core_benchmark_pilot\known_visit_10target_300.csv,4,8,11,21.659583130277444,21.659583130277444,02,02,3,2,True,completed
77,known_visit,ACBBA,bernoulli,drop_0.25,19,361,4,10,acbba_h8_bernoulli_025,C:\Users\lottj\Desktop\research\decentralized benchmark\commitment-horizon-study\reference_core_benchmark_pilot\known_visit_10target_300.csv,5,14,11,33.056675827333045,33.056675827333045,02,02,2,1,True,completed
77,known_visit,ACBBA,bernoulli,drop_0.25,19,361,4,10,acbba_h8_bernoulli_025,C:\Users\lottj\Desktop\research\decentralized benchmark\commitment-horizon-study\reference_core_benchmark_pilot\known_visit_10target_300.csv,6,14,4,45.14090820950706,45.14090820950706,02,02,1,0,True,completed
77,known_visit,ACBBA,bernoulli,drop_0.25,19,361,4,10,acbba_h8_bernoulli_025,C:\Users\lottj\Desktop\research\decentralized benchmark\commitment-horizon-study\reference_core_benchmark_pilot\known_visit_10target_300.csv,7,14,6,41.71789771119918,41.71789771119918,02,02,1,0,True,completed
77,known_visit,ACBBA,bernoulli,drop_0.25,19,361,4,10,acbba_h8_bernoulli_025,C:\Users\lottj\Desktop\research\decentralized benchmark\commitment-horizon-study\reference_core_benchmark_pilot\known_visit_10target_300.csv,8,7,12,17.96529290483631,17.96529290483631,02,02,1,0,True,completed
77,known_visit,ACBBA,bernoulli,drop_0.25,19,361,4,10,acbba_h8_bernoulli_025,C:\Users\lottj\Desktop\research\decentralized benchmark\commitment-horizon-study\reference_core_benchmark_pilot\known_visit_10target_300.csv,9,5,9,16.699236441215707,16.699236441215707,01,01,1,0,True,completed
77,known_visit,ACBBA,bernoulli,drop_0.25,19,361,4,10,acbba_h8_bernoulli_025,C:\Users\lottj\Desktop\research\decentralized benchmark\commitment-horizon-study\reference_core_benchmark_pilot\known_visit_10target_300.csv,10,4,14,9.009555546747393,9.009555546747393,02,02,2,1,True,completed
78,known_visit,ACBBA,bernoulli,drop_0.25,19,361,4,10,acbba_h8_bernoulli_025,C:\Users\lottj\Desktop\research\decentralized benchmark\commitment-horizon-study\reference_core_benchmark_pilot\known_visit_10target_300.csv,1,16,3,53.19101107458017,53.19101107458017,00,00,1,0,True,completed
78,known_visit,ACBBA,bernoulli,drop_0.25,19,361,4,10,acbba_h8_bernoulli_025,C:\Users\lottj\Desktop\research\decentralized benchmark\commitment-horizon-study\reference_core_benchmark_pilot\known_visit_10target_300.csv,2,12,9,35.6834284796056,35.6834284796056,00,00,1,0,True,completed
78,known_visit,ACBBA,bernoulli,drop_0.25,19,361,4,10,acbba_h8_bernoulli_025,C:\Users\lottj\Desktop\research\decentralized benchmark\commitment-horizon-study\reference_core_benchmark_pilot\known_visit_10target_300.csv,3,11,12,45.105155803268495,45.105155803268495,02,02,1,0,True,completed
78,known_visit,ACBBA,bernoulli,drop_0.25,19,361,4,10,acbba_h8_bernoulli_025,C:\Users\lottj\Desktop\research\decentralized benchmark\commitment-horizon-study\reference_core_benchmark_pilot\known_visit_10target_300.csv,4,3,17,5.514246873360212,5.514246873360212,03,03,2,1,True,completed
78,known_visit,ACBBA,bernoulli,drop_0.25,19,361,4,10,acbba_h8_bernoulli_025,C:\Users\lottj\Desktop\research\decentralized benchmark\commitment-horizon-study\reference_core_benchmark_pilot\known_visit_10target_300.csv,5,6,17,11.114996193557007,11.114996193557007,03,03,2,1,True,completed
78,known_visit,ACBBA,bernoulli,drop_0.25,19,361,4,10,acbba_h8_bernoulli_025,C:\Users\lottj\Desktop\research\decentralized benchmark\commitment-horizon-study\reference_core_benchmark_pilot\known_visit_10target_300.csv,6,7,2,14.467956836463497,14.467956836463497,00,00,1,0,True,completed
78,known_visit,ACBBA,bernoulli,drop_0.25,19,361,4,10,acbba_h8_bernoulli_025,C:\Users\lottj\Desktop\research\decentralized benchmark\commitment-horizon-study\reference_core_benchmark_pilot\known_visit_10target_300.csv,7,3,13,16.287143222805284,16.287143222805284,01,01,3,2,True,completed
78,known_visit,ACBBA,bernoulli,drop_0.25,19,361,4,10,acbba_h8_bernoulli_025,C:\Users\lottj\Desktop\research\decentralized benchmark\commitment-horizon-study\reference_core_benchmark_pilot\known_visit_10target_300.csv,8,10,5,24.84821940490881,24.84821940490881,00,00,1,0,True,completed
78,known_visit,ACBBA,bernoulli,drop_0.25,19,361,4,10,acbba_h8_bernoulli_025,C:\Users\lottj\Desktop\research\decentralized benchmark\commitment-horizon-study\reference_core_benchmark_pilot\known_visit_10target_300.csv,9,0,8,2.227984899544117,2.227984899544117,01,01,1,0,True,completed
78,known_visit,ACBBA,bernoulli,drop_0.25,19,361,4,10,acbba_h8_bernoulli_025,C:\Users\lottj\Desktop\research\decentralized benchmark\commitment-horizon-study\reference_core_benchmark_pilot\known_visit_10target_300.csv,10,1,0,0.18372695964302155,0.18372695964302155,00,00,1,0,True,completed
79,known_visit,ACBBA,bernoulli,drop_0.25,19,361,4,10,acbba_h8_bernoulli_025,C:\Users\lottj\Desktop\research\decentralized benchmark\commitment-horizon-study\reference_core_benchmark_pilot\known_visit_10target_300.csv,1,4,12,5.412720941584205,5.412720941584205,02,02,2,1,True,completed
79,known_visit,ACBBA,bernoulli,drop_0.25,19,361,4,10,acbba_h8_bernoulli_025,C:\Users\lottj\Desktop\research\decentralized benchmark\commitment-horizon-study\reference_core_benchmark_pilot\known_visit_10target_300.csv,2,15,16,52.519993782367365,52.519993782367365,03,03,1,0,True,completed
79,known_visit,ACBBA,bernoulli,drop_0.25,19,361,4,10,acbba_h8_bernoulli_025,C:\Users\lottj\Desktop\research\decentralized benchmark\commitment-horizon-study\reference_core_benchmark_pilot\known_visit_10target_300.csv,3,11,12,35.03481269898756,35.03481269898756,03,03,1,0,True,completed
79,known_visit,ACBBA,bernoulli,drop_0.25,19,361,4,10,acbba_h8_bernoulli_025,C:\Users\lottj\Desktop\research\decentralized benchmark\commitment-horizon-study\reference_core_benchmark_pilot\known_visit_10target_300.csv,4,4,0,5.338505218127479,5.338505218127479,00,00,2,1,True,completed
79,known_visit,ACBBA,bernoulli,drop_0.25,19,361,4,10,acbba_h8_bernoulli_025,C:\Users\lottj\Desktop\research\decentralized benchmark\commitment-horizon-study\reference_core_benchmark_pilot\known_visit_10target_300.csv,5,17,5,67.87859447437984,67.87859447437984,02,02,1,0,True,completed
79,known_visit,ACBBA,bernoulli,drop_0.25,19,361,4,10,acbba_h8_bernoulli_025,C:\Users\lottj\Desktop\research\decentralized benchmark\commitment-horizon-study\reference_core_benchmark_pilot\known_visit_10target_300.csv,6,2,8,16.51622769450973,16.51622769450973,02,02,2,1,True,completed
79,known_visit,ACBBA,bernoulli,drop_0.25,19,361,4,10,acbba_h8_bernoulli_025,C:\Users\lottj\Desktop\research\decentralized benchmark\commitment-horizon-study\reference_core_benchmark_pilot\known_visit_10target_300.csv,7,2,3,14.30442033877924,14.30442033877924,00,00,3,2,True,completed
79,known_visit,ACBBA,bernoulli,drop_0.25,19,361,4,10,acbba_h8_bernoulli_025,C:\Users\lottj\Desktop\research\decentralized benchmark\commitment-horizon-study\reference_core_benchmark_pilot\known_visit_10target_300.csv,8,2,17,3.7810418495566975,3.7810418495566975,03,03,2,1,True,completed
79,known_visit,ACBBA,bernoulli,drop_0.25,19,361,4,10,acbba_h8_bernoulli_025,C:\Users\lottj\Desktop\research\decentralized benchmark\commitment-horizon-study\reference_core_benchmark_pilot\known_visit_10target_300.csv,9,4,8,12.835489123088808,12.835489123088808,02,02,1,0,True,completed
79,known_visit,ACBBA,bernoulli,drop_0.25,19,361,4,10,acbba_h8_bernoulli_025,C:\Users\lottj\Desktop\research\decentralized benchmark\commitment-horizon-study\reference_core_benchmark_pilot\known_visit_10target_300.csv,10,16,14,47.1605103209607,47.1605103209607,03,03,1,0,True,completed
80,known_visit,ACBBA,bernoulli,drop_0.25,19,361,4,10,acbba_h8_bernoulli_025,C:\Users\lottj\Desktop\research\decentralized benchmark\commitment-horizon-study\reference_core_benchmark_pilot\known_visit_10target_300.csv,1,10,16,19.543852967439207,19.543852967439207,03,03,1,0,True,completed
80,known_visit,ACBBA,bernoulli,drop_0.25,19,361,4,10,acbba_h8_bernoulli_025,C:\Users\lottj\Desktop\research\decentralized benchmark\commitment-horizon-study\reference_core_benchmark_pilot\known_visit_10target_300.csv,2,4,4,25.548515333191958,25.548515333191958,00,00,1,0,True,completed
80,known_visit,ACBBA,bernoulli,drop_0.25,19,361,4,10,acbba_h8_bernoulli_025,C:\Users\lottj\Desktop\research\decentralized benchmark\commitment-horizon-study\reference_core_benchmark_pilot\known_visit_10target_300.csv,3,10,11,45.955863419964345,45.955863419964345,01,01,1,0,True,completed
80,known_visit,ACBBA,bernoulli,drop_0.25,19,361,4,10,acbba_h8_bernoulli_025,C:\Users\lottj\Desktop\research\decentralized benchmark\commitment-horizon-study\reference_core_benchmark_pilot\known_visit_10target_300.csv,4,16,12,37.594569463958535,37.594569463958535,03,03,1,0,True,completed
80,known_visit,ACBBA,bernoulli,drop_0.25,19,361,4,10,acbba_h8_bernoulli_025,C:\Users\lottj\Desktop\research\decentralized benchmark\commitment-horizon-study\reference_core_benchmark_pilot\known_visit_10target_300.csv,5,10,2,26.675459843978835,26.675459843978835,01,01,3,2,True,completed
80,known_visit,ACBBA,bernoulli,drop_0.25,19,361,4,10,acbba_h8_bernoulli_025,C:\Users\lottj\Desktop\research\decentralized benchmark\commitment-horizon-study\reference_core_benchmark_pilot\known_visit_10target_300.csv,6,9,18,13.886585903530461,13.886585903530461,03,03,1,0,True,completed
80,known_visit,ACBBA,bernoulli,drop_0.25,19,361,4,10,acbba_h8_bernoulli_025,C:\Users\lottj\Desktop\research\decentralized benchmark\commitment-horizon-study\reference_core_benchmark_pilot\known_visit_10target_300.csv,7,10,13,49.58779616126478,49.58779616126478,01,01,1,0,True,completed
80,known_visit,ACBBA,bernoulli,drop_0.25,19,361,4,10,acbba_h8_bernoulli_025,C:\Users\lottj\Desktop\research\decentralized benchmark\commitment-horizon-study\reference_core_benchmark_pilot\known_visit_10target_300.csv,8,6,6,12.758010484722911,12.758010484722911,01,01,3,2,True,completed
80,known_visit,ACBBA,bernoulli,drop_0.25,19,361,4,10,acbba_h8_bernoulli_025,C:\Users\lottj\Desktop\research\decentralized benchmark\commitment-horizon-study\reference_core_benchmark_pilot\known_visit_10target_300.csv,9,15,14,43.23457989719923,43.23457989719923,03,03,1,0,True,completed
80,known_visit,ACBBA,bernoulli,drop_0.25,19,361,4,10,acbba_h8_bernoulli_025,C:\Users\lottj\Desktop\research\decentralized benchmark\commitment-horizon-study\reference_core_benchmark_pilot\known_visit_10target_300.csv,10,0,11,0.4036532217651335,0.4036532217651335,02,02,1,0,True,completed
81,known_visit,ACBBA,bernoulli,drop_0.25,19,361,4,10,acbba_h8_bernoulli_025,C:\Users\lottj\Desktop\research\decentralized benchmark\commitment-horizon-study\reference_core_benchmark_pilot\known_visit_10target_300.csv,1,12,7,53.010955679317014,53.010955679317014,01,01,1,0,True,completed
81,known_visit,ACBBA,bernoulli,drop_0.25,19,361,4,10,acbba_h8_bernoulli_025,C:\Users\lottj\Desktop\research\decentralized benchmark\commitment-horizon-study\reference_core_benchmark_pilot\known_visit_10target_300.csv,2,3,17,5.611739223513482,5.611739223513482,03,03,1,0,True,completed
81,known_visit,ACBBA,bernoulli,drop_0.25,19,361,4,10,acbba_h8_bernoulli_025,C:\Users\lottj\Desktop\research\decentralized benchmark\commitment-horizon-study\reference_core_benchmark_pilot\known_visit_10target_300.csv,3,12,0,37.459352744135735,37.459352744135735,00,00,1,0,True,completed
81,known_visit,ACBBA,bernoulli,drop_0.25,19,361,4,10,acbba_h8_bernoulli_025,C:\Users\lottj\Desktop\research\decentralized benchmark\commitment-horizon-study\reference_core_benchmark_pilot\known_visit_10target_300.csv,4,5,3,20.17713899527933,20.17713899527933,00,00,2,1,True,completed
81,known_visit,ACBBA,bernoulli,drop_0.25,19,361,4,10,acbba_h8_bernoulli_025,C:\Users\lottj\Desktop\research\decentralized benchmark\commitment-horizon-study\reference_core_benchmark_pilot\known_visit_10target_300.csv,5,7,7,44.16625148035203,44.16625148035203,01,01,1,0,True,completed
81,known_visit,ACBBA,bernoulli,drop_0.25,19,361,4,10,acbba_h8_bernoulli_025,C:\Users\lottj\Desktop\research\decentralized benchmark\commitment-horizon-study\reference_core_benchmark_pilot\known_visit_10target_300.csv,6,4,18,9.718630517224536,9.718630517224536,03,03,1,0,True,completed
81,known_visit,ACBBA,bernoulli,drop_0.25,19,361,4,10,acbba_h8_bernoulli_025,C:\Users\lottj\Desktop\research\decentralized benchmark\commitment-horizon-study\reference_core_benchmark_pilot\known_visit_10target_300.csv,7,2,1,10.928804471198397,10.928804471198397,00,00,2,1,True,completed
81,known_visit,ACBBA,bernoulli,drop_0.25,19,361,4,10,acbba_h8_bernoulli_025,C:\Users\lottj\Desktop\research\decentralized benchmark\commitment-horizon-study\reference_core_benchmark_pilot\known_visit_10target_300.csv,8,1,0,0.11846805877043225,0.11846805877043225,00,00,2,1,True,completed
81,known_visit,ACBBA,bernoulli,drop_0.25,19,361,4,10,acbba_h8_bernoulli_025,C:\Users\lottj\Desktop\research\decentralized benchmark\commitment-horizon-study\reference_core_benchmark_pilot\known_visit_10target_300.csv,9,0,7,0.45908573411036646,0.45908573411036646,01,01,2,1,True,completed
81,known_visit,ACBBA,bernoulli,drop_0.25,19,361,4,10,acbba_h8_bernoulli_025,C:\Users\lottj\Desktop\research\decentralized benchmark\commitment-horizon-study\reference_core_benchmark_pilot\known_visit_10target_300.csv,10,15,10,60.348529080328625,60.348529080328625,00,00,1,0,True,completed
82,known_visit,ACBBA,bernoulli,drop_0.25,19,361,4,10,acbba_h8_bernoulli_025,C:\Users\lottj\Desktop\research\decentralized benchmark\commitment-horizon-study\reference_core_benchmark_pilot\known_visit_10target_300.csv,1,6,14,12.243129348253824,12.243129348253824,02,02,1,0,True,completed
82,known_visit,ACBBA,bernoulli,drop_0.25,19,361,4,10,acbba_h8_bernoulli_025,C:\Users\lottj\Desktop\research\decentralized benchmark\commitment-horizon-study\reference_core_benchmark_pilot\known_visit_10target_300.csv,2,15,15,51.18320942722439,51.18320942722439,03,03,1,0,True,completed
82,known_visit,ACBBA,bernoulli,drop_0.25,19,361,4,10,acbba_h8_bernoulli_025,C:\Users\lottj\Desktop\research\decentralized benchmark\commitment-horizon-study\reference_core_benchmark_pilot\known_visit_10target_300.csv,3,14,10,61.7217890816404,61.7217890816404,03,03,1,0,True,completed
82,known_visit,ACBBA,bernoulli,drop_0.25,19,361,4,10,acbba_h8_bernoulli_025,C:\Users\lottj\Desktop\research\decentralized benchmark\commitment-horizon-study\reference_core_benchmark_pilot\known_visit_10target_300.csv,4,2,12,1.7575211713872774,1.7575211713872774,02,02,1,0,True,completed
82,known_visit,ACBBA,bernoulli,drop_0.25,19,361,4,10,acbba_h8_bernoulli_025,C:\Users\lottj\Desktop\research\decentralized benchmark\commitment-horizon-study\reference_core_benchmark_pilot\known_visit_10target_300.csv,5,15,2,27.711179336743516,27.711179336743516,00,00,1,0,True,completed
82,known_visit,ACBBA,bernoulli,drop_0.25,19,361,4,10,acbba_h8_bernoulli_025,C:\Users\lottj\Desktop\research\decentralized benchmark\commitment-horizon-study\reference_core_benchmark_pilot\known_visit_10target_300.csv,6,17,6,38.218254209066494,38.218254209066494,00,00,1,0,True,completed
82,known_visit,ACBBA,bernoulli,drop_0.25,19,361,4,10,acbba_h8_bernoulli_025,C:\Users\lottj\Desktop\research\decentralized benchmark\commitment-horizon-study\reference_core_benchmark_pilot\known_visit_10target_300.csv,7,12,9,49.793332169951114,49.793332169951114,02,02,2,1,True,completed
82,known_visit,ACBBA,bernoulli,drop_0.25,19,361,4,10,acbba_h8_bernoulli_025,C:\Users\lottj\Desktop\research\decentralized benchmark\commitment-horizon-study\reference_core_benchmark_pilot\known_visit_10target_300.csv,8,14,7,66.88455368514148,66.88455368514148,03,03,1,0,True,completed
82,known_visit,ACBBA,bernoulli,drop_0.25,19,361,4,10,acbba_h8_bernoulli_025,C:\Users\lottj\Desktop\research\decentralized benchmark\commitment-horizon-study\reference_core_benchmark_pilot\known_visit_10target_300.csv,9,6,18,8.779010574971931,8.779010574971931,03,03,2,1,True,completed
82,known_visit,ACBBA,bernoulli,drop_0.25,19,361,4,10,acbba_h8_bernoulli_025,C:\Users\lottj\Desktop\research\decentralized benchmark\commitment-horizon-study\reference_core_benchmark_pilot\known_visit_10target_300.csv,10,6,5,10.705292443122705,10.705292443122705,01,01,1,0,True,completed
83,known_visit,ACBBA,bernoulli,drop_0.25,19,361,4,10,acbba_h8_bernoulli_025,C:\Users\lottj\Desktop\research\decentralized benchmark\commitment-horizon-study\reference_core_benchmark_pilot\known_visit_10target_300.csv,1,3,16,7.193950756246479,7.193950756246479,03,03,2,1,True,completed
83,known_visit,ACBBA,bernoulli,drop_0.25,19,361,4,10,acbba_h8_bernoulli_025,C:\Users\lottj\Desktop\research\decentralized benchmark\commitment-horizon-study\reference_core_benchmark_pilot\known_visit_10target_300.csv,2,6,2,16.67669372516835,16.67669372516835,00,00,1,0,True,completed
83,known_visit,ACBBA,bernoulli,drop_0.25,19,361,4,10,acbba_h8_bernoulli_025,C:\Users\lottj\Desktop\research\decentralized benchmark\commitment-horizon-study\reference_core_benchmark_pilot\known_visit_10target_300.csv,3,0,1,0.501705744246441,0.501705744246441,00,00,2,1,True,completed
83,known_visit,ACBBA,bernoulli,drop_0.25,19,361,4,10,acbba_h8_bernoulli_025,C:\Users\lottj\Desktop\research\decentralized benchmark\commitment-horizon-study\reference_core_benchmark_pilot\known_visit_10target_300.csv,4,18,1,39.15278936040616,39.15278936040616,00,00,1,0,True,completed
83,known_visit,ACBBA,bernoulli,drop_0.25,19,361,4,10,acbba_h8_bernoulli_025,C:\Users\lottj\Desktop\research\decentralized benchmark\commitment-horizon-study\reference_core_benchmark_pilot\known_visit_10target_300.csv,5,3,7,5.46091463295866,5.46091463295866,01,01,1,0,True,completed
83,known_visit,ACBBA,bernoulli,drop_0.25,19,361,4,10,acbba_h8_bernoulli_025,C:\Users\lottj\Desktop\research\decentralized benchmark\commitment-horizon-study\reference_core_benchmark_pilot\known_visit_10target_300.csv,6,6,8,16.438945532448,16.438945532448,01,01,1,0,True,completed
83,known_visit,ACBBA,bernoulli,drop_0.25,19,361,4,10,acbba_h8_bernoulli_025,C:\Users\lottj\Desktop\research\decentralized benchmark\commitment-horizon-study\reference_core_benchmark_pilot\known_visit_10target_300.csv,7,10,14,75.09252320200653,75.09252320200653,00,00,1,0,True,completed
83,known_visit,ACBBA,bernoulli,drop_0.25,19,361,4,10,acbba_h8_bernoulli_025,C:\Users\lottj\Desktop\research\decentralized benchmark\commitment-horizon-study\reference_core_benchmark_pilot\known_visit_10target_300.csv,8,5,9,12.671178318729728,12.671178318729728,01,01,1,0,True,completed
83,known_visit,ACBBA,bernoulli,drop_0.25,19,361,4,10,acbba_h8_bernoulli_025,C:\Users\lottj\Desktop\research\decentralized benchmark\commitment-horizon-study\reference_core_benchmark_pilot\known_visit_10target_300.csv,9,4,3,11.157831712516298,11.157831712516298,00,00,2,1,True,completed
83,known_visit,ACBBA,bernoulli,drop_0.25,19,361,4,10,acbba_h8_bernoulli_025,C:\Users\lottj\Desktop\research\decentralized benchmark\commitment-horizon-study\reference_core_benchmark_pilot\known_visit_10target_300.csv,10,8,14,19.737102995075734,19.737102995075734,03,03,1,0,True,completed
84,known_visit,ACBBA,bernoulli,drop_0.25,19,361,4,10,acbba_h8_bernoulli_025,C:\Users\lottj\Desktop\research\decentralized benchmark\commitment-horizon-study\reference_core_benchmark_pilot\known_visit_10target_300.csv,1,15,6,46.338204790406984,46.338204790406984,02,02,1,0,True,completed
84,known_visit,ACBBA,bernoulli,drop_0.25,19,361,4,10,acbba_h8_bernoulli_025,C:\Users\lottj\Desktop\research\decentralized benchmark\commitment-horizon-study\reference_core_benchmark_pilot\known_visit_10target_300.csv,2,8,4,15.620534222844404,15.620534222844404,01,01,1,0,True,completed
84,known_visit,ACBBA,bernoulli,drop_0.25,19,361,4,10,acbba_h8_bernoulli_025,C:\Users\lottj\Desktop\research\decentralized benchmark\commitment-horizon-study\reference_core_benchmark_pilot\known_visit_10target_300.csv,3,16,1,38.82389851045969,38.82389851045969,01,01,1,0,True,completed
84,known_visit,ACBBA,bernoulli,drop_0.25,19,361,4,10,acbba_h8_bernoulli_025,C:\Users\lottj\Desktop\research\decentralized benchmark\commitment-horizon-study\reference_core_benchmark_pilot\known_visit_10target_300.csv,4,5,11,44.653245860531555,44.653245860531555,00,00,1,0,True,completed
84,known_visit,ACBBA,bernoulli,drop_0.25,19,361,4,10,acbba_h8_bernoulli_025,C:\Users\lottj\Desktop\research\decentralized benchmark\commitment-horizon-study\reference_core_benchmark_pilot\known_visit_10target_300.csv,5,17,7,51.70618050231099,51.70618050231099,02,02,1,0,True,completed
84,known_visit,ACBBA,bernoulli,drop_0.25,19,361,4,10,acbba_h8_bernoulli_025,C:\Users\lottj\Desktop\research\decentralized benchmark\commitment-horizon-study\reference_core_benchmark_pilot\known_visit_10target_300.csv,6,13,7,40.89059996789269,40.89059996789269,02,02,1,0,True,completed
84,known_visit,ACBBA,bernoulli,drop_0.25,19,361,4,10,acbba_h8_bernoulli_025,C:\Users\lottj\Desktop\research\decentralized benchmark\commitment-horizon-study\reference_core_benchmark_pilot\known_visit_10target_300.csv,7,3,14,31.91690312600339,31.91690312600339,00,00,1,0,True,completed
84,known_visit,ACBBA,bernoulli,drop_0.25,19,361,4,10,acbba_h8_bernoulli_025,C:\Users\lottj\Desktop\research\decentralized benchmark\commitment-horizon-study\reference_core_benchmark_pilot\known_visit_10target_300.csv,8,12,3,24.562915845612796,24.562915845612796,01,01,1,0,True,completed
84,known_visit,ACBBA,bernoulli,drop_0.25,19,361,4,10,acbba_h8_bernoulli_025,C:\Users\lottj\Desktop\research\decentralized benchmark\commitment-horizon-study\reference_core_benchmark_pilot\known_visit_10target_300.csv,9,11,15,23.3885213265402,23.3885213265402,02,02,1,0,True,completed
84,known_visit,ACBBA,bernoulli,drop_0.25,19,361,4,10,acbba_h8_bernoulli_025,C:\Users\lottj\Desktop\research\decentralized benchmark\commitment-horizon-study\reference_core_benchmark_pilot\known_visit_10target_300.csv,10,4,14,9.050443335273384,9.050443335273384,02,02,3,2,True,completed
85,known_visit,ACBBA,bernoulli,drop_0.25,19,361,4,10,acbba_h8_bernoulli_025,C:\Users\lottj\Desktop\research\decentralized benchmark\commitment-horizon-study\reference_core_benchmark_pilot\known_visit_10target_300.csv,1,1,17,2.354543348025167,2.354543348025167,03,03,1,0,True,completed
85,known_visit,ACBBA,bernoulli,drop_0.25,19,361,4,10,acbba_h8_bernoulli_025,C:\Users\lottj\Desktop\research\decentralized benchmark\commitment-horizon-study\reference_core_benchmark_pilot\known_visit_10target_300.csv,2,13,5,30.009507696480565,30.009507696480565,01,01,1,0,True,completed
85,known_visit,ACBBA,bernoulli,drop_0.25,19,361,4,10,acbba_h8_bernoulli_025,C:\Users\lottj\Desktop\research\decentralized benchmark\commitment-horizon-study\reference_core_benchmark_pilot\known_visit_10target_300.csv,3,9,14,39.788294034660616,39.788294034660616,03,03,1,0,True,completed
85,known_visit,ACBBA,bernoulli,drop_0.25,19,361,4,10,acbba_h8_bernoulli_025,C:\Users\lottj\Desktop\research\decentralized benchmark\commitment-horizon-study\reference_core_benchmark_pilot\known_visit_10target_300.csv,4,16,2,29.400748060966325,29.400748060966325,00,00,2,1,True,completed
85,known_visit,ACBBA,bernoulli,drop_0.25,19,361,4,10,acbba_h8_bernoulli_025,C:\Users\lottj\Desktop\research\decentralized benchmark\commitment-horizon-study\reference_core_benchmark_pilot\known_visit_10target_300.csv,5,3,11,8.195192111414253,8.195192111414253,02,02,1,0,True,completed
85,known_visit,ACBBA,bernoulli,drop_0.25,19,361,4,10,acbba_h8_bernoulli_025,C:\Users\lottj\Desktop\research\decentralized benchmark\commitment-horizon-study\reference_core_benchmark_pilot\known_visit_10target_300.csv,6,4,17,7.700100150431629,7.700100150431629,03,03,1,0,True,completed
85,known_visit,ACBBA,bernoulli,drop_0.25,19,361,4,10,acbba_h8_bernoulli_025,C:\Users\lottj\Desktop\research\decentralized benchmark\commitment-horizon-study\reference_core_benchmark_pilot\known_visit_10target_300.csv,7,15,14,50.18523267597099,50.18523267597099,03,03,1,0,True,completed
85,known_visit,ACBBA,bernoulli,drop_0.25,19,361,4,10,acbba_h8_bernoulli_025,C:\Users\lottj\Desktop\research\decentralized benchmark\commitment-horizon-study\reference_core_benchmark_pilot\known_visit_10target_300.csv,8,18,10,45.98099380424566,45.98099380424566,02,02,1,0,True,completed
85,known_visit,ACBBA,bernoulli,drop_0.25,19,361,4,10,acbba_h8_bernoulli_025,C:\Users\lottj\Desktop\research\decentralized benchmark\commitment-horizon-study\reference_core_benchmark_pilot\known_visit_10target_300.csv,9,11,7,22.88733092327826,22.88733092327826,01,01,2,1,True,completed
85,known_visit,ACBBA,bernoulli,drop_0.25,19,361,4,10,acbba_h8_bernoulli_025,C:\Users\lottj\Desktop\research\decentralized benchmark\commitment-horizon-study\reference_core_benchmark_pilot\known_visit_10target_300.csv,10,18,7,40.63177935580405,40.63177935580405,02,02,1,0,True,completed
86,known_visit,ACBBA,bernoulli,drop_0.25,19,361,4,10,acbba_h8_bernoulli_025,C:\Users\lottj\Desktop\research\decentralized benchmark\commitment-horizon-study\reference_core_benchmark_pilot\known_visit_10target_300.csv,1,1,12,0.19161294577611437,0.19161294577611437,02,02,2,1,True,completed
86,known_visit,ACBBA,bernoulli,drop_0.25,19,361,4,10,acbba_h8_bernoulli_025,C:\Users\lottj\Desktop\research\decentralized benchmark\commitment-horizon-study\reference_core_benchmark_pilot\known_visit_10target_300.csv,2,2,10,9.680878513875825,9.680878513875825,02,02,2,1,True,completed
86,known_visit,ACBBA,bernoulli,drop_0.25,19,361,4,10,acbba_h8_bernoulli_025,C:\Users\lottj\Desktop\research\decentralized benchmark\commitment-horizon-study\reference_core_benchmark_pilot\known_visit_10target_300.csv,3,8,15,51.32881744806974,51.32881744806974,03,03,1,0,True,completed
86,known_visit,ACBBA,bernoulli,drop_0.25,19,361,4,10,acbba_h8_bernoulli_025,C:\Users\lottj\Desktop\research\decentralized benchmark\commitment-horizon-study\reference_core_benchmark_pilot\known_visit_10target_300.csv,4,1,17,72.27382831634804,72.27382831634804,01,01,1,0,True,completed
86,known_visit,ACBBA,bernoulli,drop_0.25,19,361,4,10,acbba_h8_bernoulli_025,C:\Users\lottj\Desktop\research\decentralized benchmark\commitment-horizon-study\reference_core_benchmark_pilot\known_visit_10target_300.csv,5,14,3,42.92487736254734,42.92487736254734,00,00,1,0,True,completed
86,known_visit,ACBBA,bernoulli,drop_0.25,19,361,4,10,acbba_h8_bernoulli_025,C:\Users\lottj\Desktop\research\decentralized benchmark\commitment-horizon-study\reference_core_benchmark_pilot\known_visit_10target_300.csv,6,5,4,21.4917216529417,21.4917216529417,00,00,1,0,True,completed
86,known_visit,ACBBA,bernoulli,drop_0.25,19,361,4,10,acbba_h8_bernoulli_025,C:\Users\lottj\Desktop\research\decentralized benchmark\commitment-horizon-study\reference_core_benchmark_pilot\known_visit_10target_300.csv,7,7,3,15.94547820412584,15.94547820412584,00,00,1,0,True,completed
86,known_visit,ACBBA,bernoulli,drop_0.25,19,361,4,10,acbba_h8_bernoulli_025,C:\Users\lottj\Desktop\research\decentralized benchmark\commitment-horizon-study\reference_core_benchmark_pilot\known_visit_10target_300.csv,8,18,18,28.779698003423086,28.779698003423086,03,03,1,0,True,completed
86,known_visit,ACBBA,bernoulli,drop_0.25,19,361,4,10,acbba_h8_bernoulli_025,C:\Users\lottj\Desktop\research\decentralized benchmark\commitment-horizon-study\reference_core_benchmark_pilot\known_visit_10target_300.csv,9,5,3,12.249002734415418,12.249002734415418,00,00,2,1,True,completed
86,known_visit,ACBBA,bernoulli,drop_0.25,19,361,4,10,acbba_h8_bernoulli_025,C:\Users\lottj\Desktop\research\decentralized benchmark\commitment-horizon-study\reference_core_benchmark_pilot\known_visit_10target_300.csv,10,7,10,22.591836052161405,22.591836052161405,02,02,1,0,True,completed
87,known_visit,ACBBA,bernoulli,drop_0.25,19,361,4,10,acbba_h8_bernoulli_025,C:\Users\lottj\Desktop\research\decentralized benchmark\commitment-horizon-study\reference_core_benchmark_pilot\known_visit_10target_300.csv,1,17,10,90.3642544814459,90.3642544814459,01,01,1,0,True,completed
87,known_visit,ACBBA,bernoulli,drop_0.25,19,361,4,10,acbba_h8_bernoulli_025,C:\Users\lottj\Desktop\research\decentralized benchmark\commitment-horizon-study\reference_core_benchmark_pilot\known_visit_10target_300.csv,2,1,16,3.898486323155048,3.898486323155048,03,03,2,1,True,completed
87,known_visit,ACBBA,bernoulli,drop_0.25,19,361,4,10,acbba_h8_bernoulli_025,C:\Users\lottj\Desktop\research\decentralized benchmark\commitment-horizon-study\reference_core_benchmark_pilot\known_visit_10target_300.csv,3,14,12,68.57422467636455,68.57422467636455,00,00,1,0,True,completed
87,known_visit,ACBBA,bernoulli,drop_0.25,19,361,4,10,acbba_h8_bernoulli_025,C:\Users\lottj\Desktop\research\decentralized benchmark\commitment-horizon-study\reference_core_benchmark_pilot\known_visit_10target_300.csv,4,15,3,40.46000258854332,40.46000258854332,01,01,1,0,True,completed
87,known_visit,ACBBA,bernoulli,drop_0.25,19,361,4,10,acbba_h8_bernoulli_025,C:\Users\lottj\Desktop\research\decentralized benchmark\commitment-horizon-study\reference_core_benchmark_pilot\known_visit_10target_300.csv,5,4,15,25.812731768309234,25.812731768309234,02,02,2,1,True,completed
87,known_visit,ACBBA,bernoulli,drop_0.25,19,361,4,10,acbba_h8_bernoulli_025,C:\Users\lottj\Desktop\research\decentralized benchmark\commitment-horizon-study\reference_core_benchmark_pilot\known_visit_10target_300.csv,6,4,18,13.575471150745326,13.575471150745326,03,03,1,0,True,completed
87,known_visit,ACBBA,bernoulli,drop_0.25,19,361,4,10,acbba_h8_bernoulli_025,C:\Users\lottj\Desktop\research\decentralized benchmark\commitment-horizon-study\reference_core_benchmark_pilot\known_visit_10target_300.csv,7,3,8,21.104366702881688,21.104366702881688,00,00,1,0,True,completed
87,known_visit,ACBBA,bernoulli,drop_0.25,19,361,4,10,acbba_h8_bernoulli_025,C:\Users\lottj\Desktop\research\decentralized benchmark\commitment-horizon-study\reference_core_benchmark_pilot\known_visit_10target_300.csv,8,12,9,24.580215299364863,24.580215299364863,01,01,2,1,True,completed
87,known_visit,ACBBA,bernoulli,drop_0.25,19,361,4,10,acbba_h8_bernoulli_025,C:\Users\lottj\Desktop\research\decentralized benchmark\commitment-horizon-study\reference_core_benchmark_pilot\known_visit_10target_300.csv,9,3,17,9.684854652645527,9.684854652645527,03,03,2,1,True,completed
87,known_visit,ACBBA,bernoulli,drop_0.25,19,361,4,10,acbba_h8_bernoulli_025,C:\Users\lottj\Desktop\research\decentralized benchmark\commitment-horizon-study\reference_core_benchmark_pilot\known_visit_10target_300.csv,10,17,12,74.03586678781978,74.03586678781978,00,00,1,0,True,completed
88,known_visit,ACBBA,bernoulli,drop_0.25,19,361,4,10,acbba_h8_bernoulli_025,C:\Users\lottj\Desktop\research\decentralized benchmark\commitment-horizon-study\reference_core_benchmark_pilot\known_visit_10target_300.csv,1,5,11,26.047115382555944,26.047115382555944,00,00,1,0,True,completed
88,known_visit,ACBBA,bernoulli,drop_0.25,19,361,4,10,acbba_h8_bernoulli_025,C:\Users\lottj\Desktop\research\decentralized benchmark\commitment-horizon-study\reference_core_benchmark_pilot\known_visit_10target_300.csv,2,17,5,113.45467093311588,113.45467093311588,00,00,1,0,True,completed
88,known_visit,ACBBA,bernoulli,drop_0.25,19,361,4,10,acbba_h8_bernoulli_025,C:\Users\lottj\Desktop\research\decentralized benchmark\commitment-horizon-study\reference_core_benchmark_pilot\known_visit_10target_300.csv,3,0,13,0.4706454821668904,0.4706454821668904,02,02,2,1,True,completed
88,known_visit,ACBBA,bernoulli,drop_0.25,19,361,4,10,acbba_h8_bernoulli_025,C:\Users\lottj\Desktop\research\decentralized benchmark\commitment-horizon-study\reference_core_benchmark_pilot\known_visit_10target_300.csv,4,6,13,11.048577781961054,11.048577781961054,02,02,2,1,True,completed
88,known_visit,ACBBA,bernoulli,drop_0.25,19,361,4,10,acbba_h8_bernoulli_025,C:\Users\lottj\Desktop\research\decentralized benchmark\commitment-horizon-study\reference_core_benchmark_pilot\known_visit_10target_300.csv,5,17,18,38.48594897300599,38.48594897300599,02,02,2,1,True,completed
88,known_visit,ACBBA,bernoulli,drop_0.25,19,361,4,10,acbba_h8_bernoulli_025,C:\Users\lottj\Desktop\research\decentralized benchmark\commitment-horizon-study\reference_core_benchmark_pilot\known_visit_10target_300.csv,6,12,13,21.240801002040484,21.240801002040484,02,02,2,1,True,completed
88,known_visit,ACBBA,bernoulli,drop_0.25,19,361,4,10,acbba_h8_bernoulli_025,C:\Users\lottj\Desktop\research\decentralized benchmark\commitment-horizon-study\reference_core_benchmark_pilot\known_visit_10target_300.csv,7,12,8,57.82154350580662,57.82154350580662,01,01,2,1,True,completed
88,known_visit,ACBBA,bernoulli,drop_0.25,19,361,4,10,acbba_h8_bernoulli_025,C:\Users\lottj\Desktop\research\decentralized benchmark\commitment-horizon-study\reference_core_benchmark_pilot\known_visit_10target_300.csv,8,8,13,14.414144105183563,14.414144105183563,02,02,2,1,True,completed
88,known_visit,ACBBA,bernoulli,drop_0.25,19,361,4,10,acbba_h8_bernoulli_025,C:\Users\lottj\Desktop\research\decentralized benchmark\commitment-horizon-study\reference_core_benchmark_pilot\known_visit_10target_300.csv,9,13,17,29.95414512577154,29.95414512577154,02,02,3,2,True,completed
88,known_visit,ACBBA,bernoulli,drop_0.25,19,361,4,10,acbba_h8_bernoulli_025,C:\Users\lottj\Desktop\research\decentralized benchmark\commitment-horizon-study\reference_core_benchmark_pilot\known_visit_10target_300.csv,10,12,1,70.07789249741595,70.07789249741595,01,01,1,0,True,completed
89,known_visit,ACBBA,bernoulli,drop_0.25,19,361,4,10,acbba_h8_bernoulli_025,C:\Users\lottj\Desktop\research\decentralized benchmark\commitment-horizon-study\reference_core_benchmark_pilot\known_visit_10target_300.csv,1,2,12,1.9759395614646038,1.9759395614646038,02,02,1,0,True,completed
89,known_visit,ACBBA,bernoulli,drop_0.25,19,361,4,10,acbba_h8_bernoulli_025,C:\Users\lottj\Desktop\research\decentralized benchmark\commitment-horizon-study\reference_core_benchmark_pilot\known_visit_10target_300.csv,2,3,8,7.022293519780795,7.022293519780795,01,01,1,0,True,completed
89,known_visit,ACBBA,bernoulli,drop_0.25,19,361,4,10,acbba_h8_bernoulli_025,C:\Users\lottj\Desktop\research\decentralized benchmark\commitment-horizon-study\reference_core_benchmark_pilot\known_visit_10target_300.csv,3,17,3,37.51363149422992,37.51363149422992,00,00,1,0,True,completed
89,known_visit,ACBBA,bernoulli,drop_0.25,19,361,4,10,acbba_h8_bernoulli_025,C:\Users\lottj\Desktop\research\decentralized benchmark\commitment-horizon-study\reference_core_benchmark_pilot\known_visit_10target_300.csv,4,9,13,23.253012820306648,23.253012820306648,03,03,2,1,True,completed
89,known_visit,ACBBA,bernoulli,drop_0.25,19,361,4,10,acbba_h8_bernoulli_025,C:\Users\lottj\Desktop\research\decentralized benchmark\commitment-horizon-study\reference_core_benchmark_pilot\known_visit_10target_300.csv,5,8,1,14.487576040834192,14.487576040834192,00,00,1,0,True,completed
89,known_visit,ACBBA,bernoulli,drop_0.25,19,361,4,10,acbba_h8_bernoulli_025,C:\Users\lottj\Desktop\research\decentralized benchmark\commitment-horizon-study\reference_core_benchmark_pilot\known_visit_10target_300.csv,6,17,16,35.94201890317262,35.94201890317262,02,02,2,1,True,completed
89,known_visit,ACBBA,bernoulli,drop_0.25,19,361,4,10,acbba_h8_bernoulli_025,C:\Users\lottj\Desktop\research\decentralized benchmark\commitment-horizon-study\reference_core_benchmark_pilot\known_visit_10target_300.csv,7,16,5,59.31759755487977,59.31759755487977,00,00,1,0,True,completed
89,known_visit,ACBBA,bernoulli,drop_0.25,19,361,4,10,acbba_h8_bernoulli_025,C:\Users\lottj\Desktop\research\decentralized benchmark\commitment-horizon-study\reference_core_benchmark_pilot\known_visit_10target_300.csv,8,14,0,26.87262253931716,26.87262253931716,00,00,1,0,True,completed
89,known_visit,ACBBA,bernoulli,drop_0.25,19,361,4,10,acbba_h8_bernoulli_025,C:\Users\lottj\Desktop\research\decentralized benchmark\commitment-horizon-study\reference_core_benchmark_pilot\known_visit_10target_300.csv,9,12,9,25.49458005848538,25.49458005848538,01,01,1,0,True,completed
89,known_visit,ACBBA,bernoulli,drop_0.25,19,361,4,10,acbba_h8_bernoulli_025,C:\Users\lottj\Desktop\research\decentralized benchmark\commitment-horizon-study\reference_core_benchmark_pilot\known_visit_10target_300.csv,10,16,12,26.846723193551828,26.846723193551828,02,02,2,1,True,completed
90,known_visit,ACBBA,bernoulli,drop_0.25,19,361,4,10,acbba_h8_bernoulli_025,C:\Users\lottj\Desktop\research\decentralized benchmark\commitment-horizon-study\reference_core_benchmark_pilot\known_visit_10target_300.csv,1,12,10,69.30264538010555,69.30264538010555,00,00,1,0,True,completed
90,known_visit,ACBBA,bernoulli,drop_0.25,19,361,4,10,acbba_h8_bernoulli_025,C:\Users\lottj\Desktop\research\decentralized benchmark\commitment-horizon-study\reference_core_benchmark_pilot\known_visit_10target_300.csv,2,6,0,8.81526149112179,8.81526149112179,00,00,1,0,True,completed
90,known_visit,ACBBA,bernoulli,drop_0.25,19,361,4,10,acbba_h8_bernoulli_025,C:\Users\lottj\Desktop\research\decentralized benchmark\commitment-horizon-study\reference_core_benchmark_pilot\known_visit_10target_300.csv,3,6,14,39.738627151912205,39.738627151912205,03,03,2,1,True,completed
90,known_visit,ACBBA,bernoulli,drop_0.25,19,361,4,10,acbba_h8_bernoulli_025,C:\Users\lottj\Desktop\research\decentralized benchmark\commitment-horizon-study\reference_core_benchmark_pilot\known_visit_10target_300.csv,4,16,1,42.36254866505412,42.36254866505412,00,00,1,0,True,completed
90,known_visit,ACBBA,bernoulli,drop_0.25,19,361,4,10,acbba_h8_bernoulli_025,C:\Users\lottj\Desktop\research\decentralized benchmark\commitment-horizon-study\reference_core_benchmark_pilot\known_visit_10target_300.csv,5,13,18,20.290923663689465,20.290923663689465,03,03,1,0,True,completed
90,known_visit,ACBBA,bernoulli,drop_0.25,19,361,4,10,acbba_h8_bernoulli_025,C:\Users\lottj\Desktop\research\decentralized benchmark\commitment-horizon-study\reference_core_benchmark_pilot\known_visit_10target_300.csv,6,4,2,16.082637313766337,16.082637313766337,00,00,2,1,True,completed
90,known_visit,ACBBA,bernoulli,drop_0.25,19,361,4,10,acbba_h8_bernoulli_025,C:\Users\lottj\Desktop\research\decentralized benchmark\commitment-horizon-study\reference_core_benchmark_pilot\known_visit_10target_300.csv,7,4,18,5.168363912537794,5.168363912537794,03,03,2,1,True,completed
90,known_visit,ACBBA,bernoulli,drop_0.25,19,361,4,10,acbba_h8_bernoulli_025,C:\Users\lottj\Desktop\research\decentralized benchmark\commitment-horizon-study\reference_core_benchmark_pilot\known_visit_10target_300.csv,8,14,10,65.6029185997905,65.6029185997905,00,00,1,0,True,completed
90,known_visit,ACBBA,bernoulli,drop_0.25,19,361,4,10,acbba_h8_bernoulli_025,C:\Users\lottj\Desktop\research\decentralized benchmark\commitment-horizon-study\reference_core_benchmark_pilot\known_visit_10target_300.csv,9,4,0,5.467819451015755,5.467819451015755,00,00,2,1,True,completed
90,known_visit,ACBBA,bernoulli,drop_0.25,19,361,4,10,acbba_h8_bernoulli_025,C:\Users\lottj\Desktop\research\decentralized benchmark\commitment-horizon-study\reference_core_benchmark_pilot\known_visit_10target_300.csv,10,15,9,61.89345068030388,61.89345068030388,00,00,1,0,True,completed
91,known_visit,ACBBA,bernoulli,drop_0.25,19,361,4,10,acbba_h8_bernoulli_025,C:\Users\lottj\Desktop\research\decentralized benchmark\commitment-horizon-study\reference_core_benchmark_pilot\known_visit_10target_300.csv,1,3,1,5.57773382798426,5.57773382798426,00,00,1,0,True,completed
91,known_visit,ACBBA,bernoulli,drop_0.25,19,361,4,10,acbba_h8_bernoulli_025,C:\Users\lottj\Desktop\research\decentralized benchmark\commitment-horizon-study\reference_core_benchmark_pilot\known_visit_10target_300.csv,2,3,3,8.91419668576022,8.91419668576022,00,00,3,2,True,completed
91,known_visit,ACBBA,bernoulli,drop_0.25,19,361,4,10,acbba_h8_bernoulli_025,C:\Users\lottj\Desktop\research\decentralized benchmark\commitment-horizon-study\reference_core_benchmark_pilot\known_visit_10target_300.csv,3,16,16,95.37764477460944,95.37764477460944,01,01,1,0,True,completed
91,known_visit,ACBBA,bernoulli,drop_0.25,19,361,4,10,acbba_h8_bernoulli_025,C:\Users\lottj\Desktop\research\decentralized benchmark\commitment-horizon-study\reference_core_benchmark_pilot\known_visit_10target_300.csv,4,2,0,1.8335009245005685,1.8335009245005685,00,00,2,1,True,completed
91,known_visit,ACBBA,bernoulli,drop_0.25,19,361,4,10,acbba_h8_bernoulli_025,C:\Users\lottj\Desktop\research\decentralized benchmark\commitment-horizon-study\reference_core_benchmark_pilot\known_visit_10target_300.csv,5,7,7,19.934055856651714,19.934055856651714,02,02,3,2,True,completed
91,known_visit,ACBBA,bernoulli,drop_0.25,19,361,4,10,acbba_h8_bernoulli_025,C:\Users\lottj\Desktop\research\decentralized benchmark\commitment-horizon-study\reference_core_benchmark_pilot\known_visit_10target_300.csv,6,7,17,12.131689270162118,12.131689270162118,03,03,1,0,True,completed
91,known_visit,ACBBA,bernoulli,drop_0.25,19,361,4,10,acbba_h8_bernoulli_025,C:\Users\lottj\Desktop\research\decentralized benchmark\commitment-horizon-study\reference_core_benchmark_pilot\known_visit_10target_300.csv,7,18,7,41.8793561620876,41.8793561620876,00,00,2,1,True,completed
91,known_visit,ACBBA,bernoulli,drop_0.25,19,361,4,10,acbba_h8_bernoulli_025,C:\Users\lottj\Desktop\research\decentralized benchmark\commitment-horizon-study\reference_core_benchmark_pilot\known_visit_10target_300.csv,8,4,6,5.052589992941378,5.052589992941378,01,01,2,1,True,completed
91,known_visit,ACBBA,bernoulli,drop_0.25,19,361,4,10,acbba_h8_bernoulli_025,C:\Users\lottj\Desktop\research\decentralized benchmark\commitment-horizon-study\reference_core_benchmark_pilot\known_visit_10target_300.csv,9,16,3,52.488027188156614,52.488027188156614,00,00,1,0,True,completed
91,known_visit,ACBBA,bernoulli,drop_0.25,19,361,4,10,acbba_h8_bernoulli_025,C:\Users\lottj\Desktop\research\decentralized benchmark\commitment-horizon-study\reference_core_benchmark_pilot\known_visit_10target_300.csv,10,11,15,84.74097742778015,84.74097742778015,01,01,1,0,True,completed
92,known_visit,ACBBA,bernoulli,drop_0.25,19,361,4,10,acbba_h8_bernoulli_025,C:\Users\lottj\Desktop\research\decentralized benchmark\commitment-horizon-study\reference_core_benchmark_pilot\known_visit_10target_300.csv,1,16,7,47.207061378411275,47.207061378411275,01,01,1,0,True,completed
92,known_visit,ACBBA,bernoulli,drop_0.25,19,361,4,10,acbba_h8_bernoulli_025,C:\Users\lottj\Desktop\research\decentralized benchmark\commitment-horizon-study\reference_core_benchmark_pilot\known_visit_10target_300.csv,2,3,5,9.300618026788824,9.300618026788824,01,01,1,0,True,completed
92,known_visit,ACBBA,bernoulli,drop_0.25,19,361,4,10,acbba_h8_bernoulli_025,C:\Users\lottj\Desktop\research\decentralized benchmark\commitment-horizon-study\reference_core_benchmark_pilot\known_visit_10target_300.csv,3,16,2,38.260749344868216,38.260749344868216,01,01,1,0,True,completed
92,known_visit,ACBBA,bernoulli,drop_0.25,19,361,4,10,acbba_h8_bernoulli_025,C:\Users\lottj\Desktop\research\decentralized benchmark\commitment-horizon-study\reference_core_benchmark_pilot\known_visit_10target_300.csv,4,15,11,59.45472604540857,59.45472604540857,02,02,1,0,True,completed
92,known_visit,ACBBA,bernoulli,drop_0.25,19,361,4,10,acbba_h8_bernoulli_025,C:\Users\lottj\Desktop\research\decentralized benchmark\commitment-horizon-study\reference_core_benchmark_pilot\known_visit_10target_300.csv,5,10,12,55.38689344037681,55.38689344037681,00,00,1,0,True,completed
92,known_visit,ACBBA,bernoulli,drop_0.25,19,361,4,10,acbba_h8_bernoulli_025,C:\Users\lottj\Desktop\research\decentralized benchmark\commitment-horizon-study\reference_core_benchmark_pilot\known_visit_10target_300.csv,6,0,9,25.196916033409746,25.196916033409746,00,00,1,0,True,completed
92,known_visit,ACBBA,bernoulli,drop_0.25,19,361,4,10,acbba_h8_bernoulli_025,C:\Users\lottj\Desktop\research\decentralized benchmark\commitment-horizon-study\reference_core_benchmark_pilot\known_visit_10target_300.csv,7,8,10,19.98708677492661,19.98708677492661,02,02,1,0,True,completed
92,known_visit,ACBBA,bernoulli,drop_0.25,19,361,4,10,acbba_h8_bernoulli_025,C:\Users\lottj\Desktop\research\decentralized benchmark\commitment-horizon-study\reference_core_benchmark_pilot\known_visit_10target_300.csv,8,11,4,26.037830715794456,26.037830715794456,01,01,2,1,True,completed
92,known_visit,ACBBA,bernoulli,drop_0.25,19,361,4,10,acbba_h8_bernoulli_025,C:\Users\lottj\Desktop\research\decentralized benchmark\commitment-horizon-study\reference_core_benchmark_pilot\known_visit_10target_300.csv,9,8,11,21.766053361735302,21.766053361735302,02,02,2,1,True,completed
92,known_visit,ACBBA,bernoulli,drop_0.25,19,361,4,10,acbba_h8_bernoulli_025,C:\Users\lottj\Desktop\research\decentralized benchmark\commitment-horizon-study\reference_core_benchmark_pilot\known_visit_10target_300.csv,10,11,17,20.614847545549967,20.614847545549967,03,03,1,0,True,completed
93,known_visit,ACBBA,bernoulli,drop_0.25,19,361,4,10,acbba_h8_bernoulli_025,C:\Users\lottj\Desktop\research\decentralized benchmark\commitment-horizon-study\reference_core_benchmark_pilot\known_visit_10target_300.csv,1,13,18,31.381109891762662,31.381109891762662,02,02,1,0,True,completed
93,known_visit,ACBBA,bernoulli,drop_0.25,19,361,4,10,acbba_h8_bernoulli_025,C:\Users\lottj\Desktop\research\decentralized benchmark\commitment-horizon-study\reference_core_benchmark_pilot\known_visit_10target_300.csv,2,15,11,46.77455655919738,46.77455655919738,02,02,1,0,True,completed
93,known_visit,ACBBA,bernoulli,drop_0.25,19,361,4,10,acbba_h8_bernoulli_025,C:\Users\lottj\Desktop\research\decentralized benchmark\commitment-horizon-study\reference_core_benchmark_pilot\known_visit_10target_300.csv,3,0,4,5.619341700975241,5.619341700975241,00,00,2,1,True,completed
93,known_visit,ACBBA,bernoulli,drop_0.25,19,361,4,10,acbba_h8_bernoulli_025,C:\Users\lottj\Desktop\research\decentralized benchmark\commitment-horizon-study\reference_core_benchmark_pilot\known_visit_10target_300.csv,4,4,12,5.2495596895331085,5.2495596895331085,02,02,1,0,True,completed
93,known_visit,ACBBA,bernoulli,drop_0.25,19,361,4,10,acbba_h8_bernoulli_025,C:\Users\lottj\Desktop\research\decentralized benchmark\commitment-horizon-study\reference_core_benchmark_pilot\known_visit_10target_300.csv,5,5,14,10.50880578426119,10.50880578426119,02,02,1,0,True,completed
93,known_visit,ACBBA,bernoulli,drop_0.25,19,361,4,10,acbba_h8_bernoulli_025,C:\Users\lottj\Desktop\research\decentralized benchmark\commitment-horizon-study\reference_core_benchmark_pilot\known_visit_10target_300.csv,6,11,8,40.42109810180191,40.42109810180191,00,00,1,0,True,completed
93,known_visit,ACBBA,bernoulli,drop_0.25,19,361,4,10,acbba_h8_bernoulli_025,C:\Users\lottj\Desktop\research\decentralized benchmark\commitment-horizon-study\reference_core_benchmark_pilot\known_visit_10target_300.csv,7,10,3,29.672180386505612,29.672180386505612,00,00,2,1,True,completed
93,known_visit,ACBBA,bernoulli,drop_0.25,19,361,4,10,acbba_h8_bernoulli_025,C:\Users\lottj\Desktop\research\decentralized benchmark\commitment-horizon-study\reference_core_benchmark_pilot\known_visit_10target_300.csv,8,12,5,57.267043438835536,57.267043438835536,01,01,1,0,True,completed
93,known_visit,ACBBA,bernoulli,drop_0.25,19,361,4,10,acbba_h8_bernoulli_025,C:\Users\lottj\Desktop\research\decentralized benchmark\commitment-horizon-study\reference_core_benchmark_pilot\known_visit_10target_300.csv,9,1,5,2.236429575348646,2.236429575348646,01,01,2,1,True,completed
93,known_visit,ACBBA,bernoulli,drop_0.25,19,361,4,10,acbba_h8_bernoulli_025,C:\Users\lottj\Desktop\research\decentralized benchmark\commitment-horizon-study\reference_core_benchmark_pilot\known_visit_10target_300.csv,10,2,12,1.8607726193749574,1.8607726193749574,02,02,2,1,True,completed
94,known_visit,ACBBA,bernoulli,drop_0.25,19,361,4,10,acbba_h8_bernoulli_025,C:\Users\lottj\Desktop\research\decentralized benchmark\commitment-horizon-study\reference_core_benchmark_pilot\known_visit_10target_300.csv,1,9,9,29.74041673793423,29.74041673793423,00,00,1,0,True,completed
94,known_visit,ACBBA,bernoulli,drop_0.25,19,361,4,10,acbba_h8_bernoulli_025,C:\Users\lottj\Desktop\research\decentralized benchmark\commitment-horizon-study\reference_core_benchmark_pilot\known_visit_10target_300.csv,2,11,10,24.726733153684602,24.726733153684602,02,02,3,2,True,completed
94,known_visit,ACBBA,bernoulli,drop_0.25,19,361,4,10,acbba_h8_bernoulli_025,C:\Users\lottj\Desktop\research\decentralized benchmark\commitment-horizon-study\reference_core_benchmark_pilot\known_visit_10target_300.csv,3,11,11,22.94732285930146,22.94732285930146,02,02,2,1,True,completed
94,known_visit,ACBBA,bernoulli,drop_0.25,19,361,4,10,acbba_h8_bernoulli_025,C:\Users\lottj\Desktop\research\decentralized benchmark\commitment-horizon-study\reference_core_benchmark_pilot\known_visit_10target_300.csv,4,7,13,12.367824245592061,12.367824245592061,02,02,2,1,True,completed
94,known_visit,ACBBA,bernoulli,drop_0.25,19,361,4,10,acbba_h8_bernoulli_025,C:\Users\lottj\Desktop\research\decentralized benchmark\commitment-horizon-study\reference_core_benchmark_pilot\known_visit_10target_300.csv,5,18,5,32.97625539585235,32.97625539585235,01,01,1,0,True,completed
94,known_visit,ACBBA,bernoulli,drop_0.25,19,361,4,10,acbba_h8_bernoulli_025,C:\Users\lottj\Desktop\research\decentralized benchmark\commitment-horizon-study\reference_core_benchmark_pilot\known_visit_10target_300.csv,6,6,5,10.824979160510841,10.824979160510841,01,01,1,0,True,completed
94,known_visit,ACBBA,bernoulli,drop_0.25,19,361,4,10,acbba_h8_bernoulli_025,C:\Users\lottj\Desktop\research\decentralized benchmark\commitment-horizon-study\reference_core_benchmark_pilot\known_visit_10target_300.csv,7,17,11,53.17755792852572,53.17755792852572,03,03,1,0,True,completed
94,known_visit,ACBBA,bernoulli,drop_0.25,19,361,4,10,acbba_h8_bernoulli_025,C:\Users\lottj\Desktop\research\decentralized benchmark\commitment-horizon-study\reference_core_benchmark_pilot\known_visit_10target_300.csv,8,10,5,19.415540843140178,19.415540843140178,01,01,2,1,True,completed
94,known_visit,ACBBA,bernoulli,drop_0.25,19,361,4,10,acbba_h8_bernoulli_025,C:\Users\lottj\Desktop\research\decentralized benchmark\commitment-horizon-study\reference_core_benchmark_pilot\known_visit_10target_300.csv,9,18,15,50.08120028455044,50.08120028455044,01,01,1,0,True,completed
94,known_visit,ACBBA,bernoulli,drop_0.25,19,361,4,10,acbba_h8_bernoulli_025,C:\Users\lottj\Desktop\research\decentralized benchmark\commitment-horizon-study\reference_core_benchmark_pilot\known_visit_10target_300.csv,10,7,1,12.452698859370907,12.452698859370907,00,00,2,1,True,completed
95,known_visit,ACBBA,bernoulli,drop_0.25,19,361,4,10,acbba_h8_bernoulli_025,C:\Users\lottj\Desktop\research\decentralized benchmark\commitment-horizon-study\reference_core_benchmark_pilot\known_visit_10target_300.csv,1,10,10,30.378875623695553,30.378875623695553,02,02,2,1,True,completed
95,known_visit,ACBBA,bernoulli,drop_0.25,19,361,4,10,acbba_h8_bernoulli_025,C:\Users\lottj\Desktop\research\decentralized benchmark\commitment-horizon-study\reference_core_benchmark_pilot\known_visit_10target_300.csv,2,18,0,55.23310003489073,55.23310003489073,00,00,1,0,True,completed
95,known_visit,ACBBA,bernoulli,drop_0.25,19,361,4,10,acbba_h8_bernoulli_025,C:\Users\lottj\Desktop\research\decentralized benchmark\commitment-horizon-study\reference_core_benchmark_pilot\known_visit_10target_300.csv,3,7,6,25.534021132404252,25.534021132404252,00,00,1,0,True,completed
95,known_visit,ACBBA,bernoulli,drop_0.25,19,361,4,10,acbba_h8_bernoulli_025,C:\Users\lottj\Desktop\research\decentralized benchmark\commitment-horizon-study\reference_core_benchmark_pilot\known_visit_10target_300.csv,4,4,17,7.285052718720905,7.285052718720905,03,03,1,0,True,completed
95,known_visit,ACBBA,bernoulli,drop_0.25,19,361,4,10,acbba_h8_bernoulli_025,C:\Users\lottj\Desktop\research\decentralized benchmark\commitment-horizon-study\reference_core_benchmark_pilot\known_visit_10target_300.csv,5,6,2,79.55088297716603,79.55088297716603,00,00,1,0,True,completed
95,known_visit,ACBBA,bernoulli,drop_0.25,19,361,4,10,acbba_h8_bernoulli_025,C:\Users\lottj\Desktop\research\decentralized benchmark\commitment-horizon-study\reference_core_benchmark_pilot\known_visit_10target_300.csv,6,1,5,2.120174591587716,2.120174591587716,01,01,2,1,True,completed
95,known_visit,ACBBA,bernoulli,drop_0.25,19,361,4,10,acbba_h8_bernoulli_025,C:\Users\lottj\Desktop\research\decentralized benchmark\commitment-horizon-study\reference_core_benchmark_pilot\known_visit_10target_300.csv,7,17,9,44.291395805277716,44.291395805277716,02,02,1,0,True,completed
95,known_visit,ACBBA,bernoulli,drop_0.25,19,361,4,10,acbba_h8_bernoulli_025,C:\Users\lottj\Desktop\research\decentralized benchmark\commitment-horizon-study\reference_core_benchmark_pilot\known_visit_10target_300.csv,8,11,1,41.20867724395824,41.20867724395824,00,00,1,0,True,completed
95,known_visit,ACBBA,bernoulli,drop_0.25,19,361,4,10,acbba_h8_bernoulli_025,C:\Users\lottj\Desktop\research\decentralized benchmark\commitment-horizon-study\reference_core_benchmark_pilot\known_visit_10target_300.csv,9,6,17,10.951266253100288,10.951266253100288,03,03,1,0,True,completed
95,known_visit,ACBBA,bernoulli,drop_0.25,19,361,4,10,acbba_h8_bernoulli_025,C:\Users\lottj\Desktop\research\decentralized benchmark\commitment-horizon-study\reference_core_benchmark_pilot\known_visit_10target_300.csv,10,8,18,16.23743093892807,16.23743093892807,03,03,1,0,True,completed
96,known_visit,ACBBA,bernoulli,drop_0.25,19,361,4,10,acbba_h8_bernoulli_025,C:\Users\lottj\Desktop\research\decentralized benchmark\commitment-horizon-study\reference_core_benchmark_pilot\known_visit_10target_300.csv,1,13,4,28.060383653414227,28.060383653414227,00,00,1,0,True,completed
96,known_visit,ACBBA,bernoulli,drop_0.25,19,361,4,10,acbba_h8_bernoulli_025,C:\Users\lottj\Desktop\research\decentralized benchmark\commitment-horizon-study\reference_core_benchmark_pilot\known_visit_10target_300.csv,2,7,6,10.380111390879422,10.380111390879422,01,01,2,1,True,completed
96,known_visit,ACBBA,bernoulli,drop_0.25,19,361,4,10,acbba_h8_bernoulli_025,C:\Users\lottj\Desktop\research\decentralized benchmark\commitment-horizon-study\reference_core_benchmark_pilot\known_visit_10target_300.csv,3,11,16,21.84179298395818,21.84179298395818,03,03,1,0,True,completed
96,known_visit,ACBBA,bernoulli,drop_0.25,19,361,4,10,acbba_h8_bernoulli_025,C:\Users\lottj\Desktop\research\decentralized benchmark\commitment-horizon-study\reference_core_benchmark_pilot\known_visit_10target_300.csv,4,2,8,12.567092699709194,12.567092699709194,02,02,1,0,True,completed
96,known_visit,ACBBA,bernoulli,drop_0.25,19,361,4,10,acbba_h8_bernoulli_025,C:\Users\lottj\Desktop\research\decentralized benchmark\commitment-horizon-study\reference_core_benchmark_pilot\known_visit_10target_300.csv,5,12,16,57.27449905728735,57.27449905728735,03,03,1,0,True,completed
96,known_visit,ACBBA,bernoulli,drop_0.25,19,361,4,10,acbba_h8_bernoulli_025,C:\Users\lottj\Desktop\research\decentralized benchmark\commitment-horizon-study\reference_core_benchmark_pilot\known_visit_10target_300.csv,6,7,2,14.105834607386436,14.105834607386436,00,00,2,1,True,completed
96,known_visit,ACBBA,bernoulli,drop_0.25,19,361,4,10,acbba_h8_bernoulli_025,C:\Users\lottj\Desktop\research\decentralized benchmark\commitment-horizon-study\reference_core_benchmark_pilot\known_visit_10target_300.csv,7,18,13,70.78895184469766,70.78895184469766,00,00,1,0,True,completed
96,known_visit,ACBBA,bernoulli,drop_0.25,19,361,4,10,acbba_h8_bernoulli_025,C:\Users\lottj\Desktop\research\decentralized benchmark\commitment-horizon-study\reference_core_benchmark_pilot\known_visit_10target_300.csv,8,14,7,35.007549974775536,35.007549974775536,00,00,1,0,True,completed
96,known_visit,ACBBA,bernoulli,drop_0.25,19,361,4,10,acbba_h8_bernoulli_025,C:\Users\lottj\Desktop\research\decentralized benchmark\commitment-horizon-study\reference_core_benchmark_pilot\known_visit_10target_300.csv,9,11,9,43.71003436557058,43.71003436557058,00,00,1,0,True,completed
96,known_visit,ACBBA,bernoulli,drop_0.25,19,361,4,10,acbba_h8_bernoulli_025,C:\Users\lottj\Desktop\research\decentralized benchmark\commitment-horizon-study\reference_core_benchmark_pilot\known_visit_10target_300.csv,10,3,11,5.487164033943338,5.487164033943338,02,02,1,0,True,completed
97,known_visit,ACBBA,bernoulli,drop_0.25,19,361,4,10,acbba_h8_bernoulli_025,C:\Users\lottj\Desktop\research\decentralized benchmark\commitment-horizon-study\reference_core_benchmark_pilot\known_visit_10target_300.csv,1,9,12,34.469142528371556,34.469142528371556,00,00,1,0,True,completed
97,known_visit,ACBBA,bernoulli,drop_0.25,19,361,4,10,acbba_h8_bernoulli_025,C:\Users\lottj\Desktop\research\decentralized benchmark\commitment-horizon-study\reference_core_benchmark_pilot\known_visit_10target_300.csv,2,9,1,15.749193033026588,15.749193033026588,00,00,1,0,True,completed
97,known_visit,ACBBA,bernoulli,drop_0.25,19,361,4,10,acbba_h8_bernoulli_025,C:\Users\lottj\Desktop\research\decentralized benchmark\commitment-horizon-study\reference_core_benchmark_pilot\known_visit_10target_300.csv,3,3,17,5.638351220580114,5.638351220580114,03,03,2,1,True,completed
97,known_visit,ACBBA,bernoulli,drop_0.25,19,361,4,10,acbba_h8_bernoulli_025,C:\Users\lottj\Desktop\research\decentralized benchmark\commitment-horizon-study\reference_core_benchmark_pilot\known_visit_10target_300.csv,4,18,18,50.375204877293996,50.375204877293996,01,01,1,0,True,completed
97,known_visit,ACBBA,bernoulli,drop_0.25,19,361,4,10,acbba_h8_bernoulli_025,C:\Users\lottj\Desktop\research\decentralized benchmark\commitment-horizon-study\reference_core_benchmark_pilot\known_visit_10target_300.csv,5,1,14,3.908369496045198,3.908369496045198,02,02,3,2,True,completed
97,known_visit,ACBBA,bernoulli,drop_0.25,19,361,4,10,acbba_h8_bernoulli_025,C:\Users\lottj\Desktop\research\decentralized benchmark\commitment-horizon-study\reference_core_benchmark_pilot\known_visit_10target_300.csv,6,2,18,1.895164274102182,1.895164274102182,03,03,2,1,True,completed
97,known_visit,ACBBA,bernoulli,drop_0.25,19,361,4,10,acbba_h8_bernoulli_025,C:\Users\lottj\Desktop\research\decentralized benchmark\commitment-horizon-study\reference_core_benchmark_pilot\known_visit_10target_300.csv,7,12,17,32.76254389940084,32.76254389940084,02,02,2,1,True,completed
97,known_visit,ACBBA,bernoulli,drop_0.25,19,361,4,10,acbba_h8_bernoulli_025,C:\Users\lottj\Desktop\research\decentralized benchmark\commitment-horizon-study\reference_core_benchmark_pilot\known_visit_10target_300.csv,8,17,14,46.909526804005445,46.909526804005445,02,02,1,0,True,completed
97,known_visit,ACBBA,bernoulli,drop_0.25,19,361,4,10,acbba_h8_bernoulli_025,C:\Users\lottj\Desktop\research\decentralized benchmark\commitment-horizon-study\reference_core_benchmark_pilot\known_visit_10target_300.csv,9,13,11,43.63311660149444,43.63311660149444,00,00,1,0,True,completed
97,known_visit,ACBBA,bernoulli,drop_0.25,19,361,4,10,acbba_h8_bernoulli_025,C:\Users\lottj\Desktop\research\decentralized benchmark\commitment-horizon-study\reference_core_benchmark_pilot\known_visit_10target_300.csv,10,15,15,41.420734483356945,41.420734483356945,02,02,1,0,True,completed
98,known_visit,ACBBA,bernoulli,drop_0.25,19,361,4,10,acbba_h8_bernoulli_025,C:\Users\lottj\Desktop\research\decentralized benchmark\commitment-horizon-study\reference_core_benchmark_pilot\known_visit_10target_300.csv,1,7,12,14.847312505170125,14.847312505170125,02,02,2,1,True,completed
98,known_visit,ACBBA,bernoulli,drop_0.25,19,361,4,10,acbba_h8_bernoulli_025,C:\Users\lottj\Desktop\research\decentralized benchmark\commitment-horizon-study\reference_core_benchmark_pilot\known_visit_10target_300.csv,2,6,13,10.757425497157497,10.757425497157497,02,02,1,0,True,completed
98,known_visit,ACBBA,bernoulli,drop_0.25,19,361,4,10,acbba_h8_bernoulli_025,C:\Users\lottj\Desktop\research\decentralized benchmark\commitment-horizon-study\reference_core_benchmark_pilot\known_visit_10target_300.csv,3,18,6,44.6588714983537,44.6588714983537,02,02,1,0,True,completed
98,known_visit,ACBBA,bernoulli,drop_0.25,19,361,4,10,acbba_h8_bernoulli_025,C:\Users\lottj\Desktop\research\decentralized benchmark\commitment-horizon-study\reference_core_benchmark_pilot\known_visit_10target_300.csv,4,18,12,34.05435883162907,34.05435883162907,02,02,1,0,True,completed
98,known_visit,ACBBA,bernoulli,drop_0.25,19,361,4,10,acbba_h8_bernoulli_025,C:\Users\lottj\Desktop\research\decentralized benchmark\commitment-horizon-study\reference_core_benchmark_pilot\known_visit_10target_300.csv,5,16,5,35.93195647954281,35.93195647954281,00,00,1,0,True,completed
98,known_visit,ACBBA,bernoulli,drop_0.25,19,361,4,10,acbba_h8_bernoulli_025,C:\Users\lottj\Desktop\research\decentralized benchmark\commitment-horizon-study\reference_core_benchmark_pilot\known_visit_10target_300.csv,6,3,9,19.16615430912472,19.16615430912472,03,03,1,0,True,completed
98,known_visit,ACBBA,bernoulli,drop_0.25,19,361,4,10,acbba_h8_bernoulli_025,C:\Users\lottj\Desktop\research\decentralized benchmark\commitment-horizon-study\reference_core_benchmark_pilot\known_visit_10target_300.csv,7,5,7,9.20707077909975,9.20707077909975,01,01,2,1,True,completed
98,known_visit,ACBBA,bernoulli,drop_0.25,19,361,4,10,acbba_h8_bernoulli_025,C:\Users\lottj\Desktop\research\decentralized benchmark\commitment-horizon-study\reference_core_benchmark_pilot\known_visit_10target_300.csv,8,3,1,5.693155966374579,5.693155966374579,00,00,2,1,True,completed
98,known_visit,ACBBA,bernoulli,drop_0.25,19,361,4,10,acbba_h8_bernoulli_025,C:\Users\lottj\Desktop\research\decentralized benchmark\commitment-horizon-study\reference_core_benchmark_pilot\known_visit_10target_300.csv,9,4,1,7.658699722507632,7.658699722507632,00,00,2,1,True,completed
98,known_visit,ACBBA,bernoulli,drop_0.25,19,361,4,10,acbba_h8_bernoulli_025,C:\Users\lottj\Desktop\research\decentralized benchmark\commitment-horizon-study\reference_core_benchmark_pilot\known_visit_10target_300.csv,10,8,1,15.475182238725514,15.475182238725514,00,00,1,0,True,completed
99,known_visit,ACBBA,bernoulli,drop_0.25,19,361,4,10,acbba_h8_bernoulli_025,C:\Users\lottj\Desktop\research\decentralized benchmark\commitment-horizon-study\reference_core_benchmark_pilot\known_visit_10target_300.csv,1,8,4,16.302845813828267,16.302845813828267,01,01,1,0,True,completed
99,known_visit,ACBBA,bernoulli,drop_0.25,19,361,4,10,acbba_h8_bernoulli_025,C:\Users\lottj\Desktop\research\decentralized benchmark\commitment-horizon-study\reference_core_benchmark_pilot\known_visit_10target_300.csv,2,10,9,78.80041693057781,78.80041693057781,02,02,1,0,True,completed
99,known_visit,ACBBA,bernoulli,drop_0.25,19,361,4,10,acbba_h8_bernoulli_025,C:\Users\lottj\Desktop\research\decentralized benchmark\commitment-horizon-study\reference_core_benchmark_pilot\known_visit_10target_300.csv,3,2,0,1.8554607715399358,1.8554607715399358,00,00,1,0,True,completed
99,known_visit,ACBBA,bernoulli,drop_0.25,19,361,4,10,acbba_h8_bernoulli_025,C:\Users\lottj\Desktop\research\decentralized benchmark\commitment-horizon-study\reference_core_benchmark_pilot\known_visit_10target_300.csv,4,17,7,51.092476116429566,51.092476116429566,00,00,1,0,True,completed
99,known_visit,ACBBA,bernoulli,drop_0.25,19,361,4,10,acbba_h8_bernoulli_025,C:\Users\lottj\Desktop\research\decentralized benchmark\commitment-horizon-study\reference_core_benchmark_pilot\known_visit_10target_300.csv,5,15,17,26.947982732594088,26.947982732594088,03,03,2,1,True,completed
99,known_visit,ACBBA,bernoulli,drop_0.25,19,361,4,10,acbba_h8_bernoulli_025,C:\Users\lottj\Desktop\research\decentralized benchmark\commitment-horizon-study\reference_core_benchmark_pilot\known_visit_10target_300.csv,6,4,0,5.227650079818822,5.227650079818822,00,00,1,0,True,completed
99,known_visit,ACBBA,bernoulli,drop_0.25,19,361,4,10,acbba_h8_bernoulli_025,C:\Users\lottj\Desktop\research\decentralized benchmark\commitment-horizon-study\reference_core_benchmark_pilot\known_visit_10target_300.csv,7,15,3,38.812485485189946,38.812485485189946,01,01,1,0,True,completed
99,known_visit,ACBBA,bernoulli,drop_0.25,19,361,4,10,acbba_h8_bernoulli_025,C:\Users\lottj\Desktop\research\decentralized benchmark\commitment-horizon-study\reference_core_benchmark_pilot\known_visit_10target_300.csv,8,14,1,35.707703561974206,35.707703561974206,00,00,2,1,True,completed
99,known_visit,ACBBA,bernoulli,drop_0.25,19,361,4,10,acbba_h8_bernoulli_025,C:\Users\lottj\Desktop\research\decentralized benchmark\commitment-horizon-study\reference_core_benchmark_pilot\known_visit_10target_300.csv,9,12,11,20.914522084837895,20.914522084837895,02,02,1,0,True,completed
99,known_visit,ACBBA,bernoulli,drop_0.25,19,361,4,10,acbba_h8_bernoulli_025,C:\Users\lottj\Desktop\research\decentralized benchmark\commitment-horizon-study\reference_core_benchmark_pilot\known_visit_10target_300.csv,10,10,18,16.14464644243581,16.14464644243581,03,03,2,1,True,completed
100,known_visit,ACBBA,bernoulli,drop_0.25,19,361,4,10,acbba_h8_bernoulli_025,C:\Users\lottj\Desktop\research\decentralized benchmark\commitment-horizon-study\reference_core_benchmark_pilot\known_visit_10target_300.csv,1,1,6,0.1069294117125603,0.1069294117125603,01,01,2,1,True,completed
100,known_visit,ACBBA,bernoulli,drop_0.25,19,361,4,10,acbba_h8_bernoulli_025,C:\Users\lottj\Desktop\research\decentralized benchmark\commitment-horizon-study\reference_core_benchmark_pilot\known_visit_10target_300.csv,2,10,16,19.419145495201768,19.419145495201768,03,03,3,2,True,completed
100,known_visit,ACBBA,bernoulli,drop_0.25,19,361,4,10,acbba_h8_bernoulli_025,C:\Users\lottj\Desktop\research\decentralized benchmark\commitment-horizon-study\reference_core_benchmark_pilot\known_visit_10target_300.csv,3,15,10,67.19553217829232,67.19553217829232,03,03,1,0,True,completed
100,known_visit,ACBBA,bernoulli,drop_0.25,19,361,4,10,acbba_h8_bernoulli_025,C:\Users\lottj\Desktop\research\decentralized benchmark\commitment-horizon-study\reference_core_benchmark_pilot\known_visit_10target_300.csv,4,3,15,8.899642287658622,8.899642287658622,02,02,2,1,True,completed
100,known_visit,ACBBA,bernoulli,drop_0.25,19,361,4,10,acbba_h8_bernoulli_025,C:\Users\lottj\Desktop\research\decentralized benchmark\commitment-horizon-study\reference_core_benchmark_pilot\known_visit_10target_300.csv,5,7,12,21.579276706403515,21.579276706403515,02,02,1,0,True,completed
100,known_visit,ACBBA,bernoulli,drop_0.25,19,361,4,10,acbba_h8_bernoulli_025,C:\Users\lottj\Desktop\research\decentralized benchmark\commitment-horizon-study\reference_core_benchmark_pilot\known_visit_10target_300.csv,6,4,5,7.220145767219347,7.220145767219347,01,01,1,0,True,completed
100,known_visit,ACBBA,bernoulli,drop_0.25,19,361,4,10,acbba_h8_bernoulli_025,C:\Users\lottj\Desktop\research\decentralized benchmark\commitment-horizon-study\reference_core_benchmark_pilot\known_visit_10target_300.csv,7,4,9,18.16602724448239,18.16602724448239,01,01,2,1,True,completed
100,known_visit,ACBBA,bernoulli,drop_0.25,19,361,4,10,acbba_h8_bernoulli_025,C:\Users\lottj\Desktop\research\decentralized benchmark\commitment-horizon-study\reference_core_benchmark_pilot\known_visit_10target_300.csv,8,15,2,53.23467147604408,53.23467147604408,01,01,1,0,True,completed
100,known_visit,ACBBA,bernoulli,drop_0.25,19,361,4,10,acbba_h8_bernoulli_025,C:\Users\lottj\Desktop\research\decentralized benchmark\commitment-horizon-study\reference_core_benchmark_pilot\known_visit_10target_300.csv,9,9,16,17.757602067164985,17.757602067164985,03,03,2,1,True,completed
100,known_visit,ACBBA,bernoulli,drop_0.25,19,361,4,10,acbba_h8_bernoulli_025,C:\Users\lottj\Desktop\research\decentralized benchmark\commitment-horizon-study\reference_core_benchmark_pilot\known_visit_10target_300.csv,10,6,2,37.65073637182974,37.65073637182974,01,01,1,0,True,completed
101,known_visit,ACBBA,bernoulli,drop_0.25,19,361,4,10,acbba_h8_bernoulli_025,C:\Users\lottj\Desktop\research\decentralized benchmark\commitment-horizon-study\reference_core_benchmark_pilot\known_visit_10target_300.csv,1,13,8,70.8840179011225,70.8840179011225,00,00,1,0,True,completed
101,known_visit,ACBBA,bernoulli,drop_0.25,19,361,4,10,acbba_h8_bernoulli_025,C:\Users\lottj\Desktop\research\decentralized benchmark\commitment-horizon-study\reference_core_benchmark_pilot\known_visit_10target_300.csv,2,15,8,45.380784202700596,45.380784202700596,00,00,1,0,True,completed
101,known_visit,ACBBA,bernoulli,drop_0.25,19,361,4,10,acbba_h8_bernoulli_025,C:\Users\lottj\Desktop\research\decentralized benchmark\commitment-horizon-study\reference_core_benchmark_pilot\known_visit_10target_300.csv,3,11,14,20.821187351374974,20.821187351374974,02,02,1,0,True,completed
101,known_visit,ACBBA,bernoulli,drop_0.25,19,361,4,10,acbba_h8_bernoulli_025,C:\Users\lottj\Desktop\research\decentralized benchmark\commitment-horizon-study\reference_core_benchmark_pilot\known_visit_10target_300.csv,4,8,12,12.043549023493346,12.043549023493346,02,02,1,0,True,completed
101,known_visit,ACBBA,bernoulli,drop_0.25,19,361,4,10,acbba_h8_bernoulli_025,C:\Users\lottj\Desktop\research\decentralized benchmark\commitment-horizon-study\reference_core_benchmark_pilot\known_visit_10target_300.csv,5,16,8,43.47182070888188,43.47182070888188,00,00,1,0,True,completed
101,known_visit,ACBBA,bernoulli,drop_0.25,19,361,4,10,acbba_h8_bernoulli_025,C:\Users\lottj\Desktop\research\decentralized benchmark\commitment-horizon-study\reference_core_benchmark_pilot\known_visit_10target_300.csv,6,18,6,58.268880395339494,58.268880395339494,00,00,1,0,True,completed
101,known_visit,ACBBA,bernoulli,drop_0.25,19,361,4,10,acbba_h8_bernoulli_025,C:\Users\lottj\Desktop\research\decentralized benchmark\commitment-horizon-study\reference_core_benchmark_pilot\known_visit_10target_300.csv,7,15,0,27.750080930470126,27.750080930470126,00,00,1,0,True,completed
101,known_visit,ACBBA,bernoulli,drop_0.25,19,361,4,10,acbba_h8_bernoulli_025,C:\Users\lottj\Desktop\research\decentralized benchmark\commitment-horizon-study\reference_core_benchmark_pilot\known_visit_10target_300.csv,8,4,14,12.327397032983356,12.327397032983356,03,03,1,0,True,completed
101,known_visit,ACBBA,bernoulli,drop_0.25,19,361,4,10,acbba_h8_bernoulli_025,C:\Users\lottj\Desktop\research\decentralized benchmark\commitment-horizon-study\reference_core_benchmark_pilot\known_visit_10target_300.csv,9,4,1,7.1889050148393485,7.1889050148393485,00,00,2,1,True,completed
101,known_visit,ACBBA,bernoulli,drop_0.25,19,361,4,10,acbba_h8_bernoulli_025,C:\Users\lottj\Desktop\research\decentralized benchmark\commitment-horizon-study\reference_core_benchmark_pilot\known_visit_10target_300.csv,10,3,5,5.580934854004783,5.580934854004783,01,01,1,0,True,completed
102,known_visit,ACBBA,bernoulli,drop_0.25,19,361,4,10,acbba_h8_bernoulli_025,C:\Users\lottj\Desktop\research\decentralized benchmark\commitment-horizon-study\reference_core_benchmark_pilot\known_visit_10target_300.csv,1,0,10,40.73607878803865,40.73607878803865,00,00,1,0,True,completed
102,known_visit,ACBBA,bernoulli,drop_0.25,19,361,4,10,acbba_h8_bernoulli_025,C:\Users\lottj\Desktop\research\decentralized benchmark\commitment-horizon-study\reference_core_benchmark_pilot\known_visit_10target_300.csv,2,4,2,19.71361433444706,19.71361433444706,00,00,1,0,True,completed
102,known_visit,ACBBA,bernoulli,drop_0.25,19,361,4,10,acbba_h8_bernoulli_025,C:\Users\lottj\Desktop\research\decentralized benchmark\commitment-horizon-study\reference_core_benchmark_pilot\known_visit_10target_300.csv,3,13,5,35.10242742131929,35.10242742131929,01,01,1,0,True,completed
102,known_visit,ACBBA,bernoulli,drop_0.25,19,361,4,10,acbba_h8_bernoulli_025,C:\Users\lottj\Desktop\research\decentralized benchmark\commitment-horizon-study\reference_core_benchmark_pilot\known_visit_10target_300.csv,4,5,14,11.373350268963648,11.373350268963648,02,02,1,0,True,completed
102,known_visit,ACBBA,bernoulli,drop_0.25,19,361,4,10,acbba_h8_bernoulli_025,C:\Users\lottj\Desktop\research\decentralized benchmark\commitment-horizon-study\reference_core_benchmark_pilot\known_visit_10target_300.csv,5,8,9,84.44312994148306,84.44312994148306,00,00,1,0,True,completed
102,known_visit,ACBBA,bernoulli,drop_0.25,19,361,4,10,acbba_h8_bernoulli_025,C:\Users\lottj\Desktop\research\decentralized benchmark\commitment-horizon-study\reference_core_benchmark_pilot\known_visit_10target_300.csv,6,2,5,10.922632676558534,10.922632676558534,00,00,1,0,True,completed
102,known_visit,ACBBA,bernoulli,drop_0.25,19,361,4,10,acbba_h8_bernoulli_025,C:\Users\lottj\Desktop\research\decentralized benchmark\commitment-horizon-study\reference_core_benchmark_pilot\known_visit_10target_300.csv,7,9,5,28.0231640354683,28.0231640354683,01,01,1,0,True,completed
102,known_visit,ACBBA,bernoulli,drop_0.25,19,361,4,10,acbba_h8_bernoulli_025,C:\Users\lottj\Desktop\research\decentralized benchmark\commitment-horizon-study\reference_core_benchmark_pilot\known_visit_10target_300.csv,8,16,6,41.99714326235962,41.99714326235962,01,01,1,0,True,completed
102,known_visit,ACBBA,bernoulli,drop_0.25,19,361,4,10,acbba_h8_bernoulli_025,C:\Users\lottj\Desktop\research\decentralized benchmark\commitment-horizon-study\reference_core_benchmark_pilot\known_visit_10target_300.csv,9,6,18,8.657003714831438,8.657003714831438,03,03,2,1,True,completed
102,known_visit,ACBBA,bernoulli,drop_0.25,19,361,4,10,acbba_h8_bernoulli_025,C:\Users\lottj\Desktop\research\decentralized benchmark\commitment-horizon-study\reference_core_benchmark_pilot\known_visit_10target_300.csv,10,4,8,9.131241699503153,9.131241699503153,01,01,1,0,True,completed
103,known_visit,ACBBA,bernoulli,drop_0.25,19,361,4,10,acbba_h8_bernoulli_025,C:\Users\lottj\Desktop\research\decentralized benchmark\commitment-horizon-study\reference_core_benchmark_pilot\known_visit_10target_300.csv,1,9,8,22.00515987459143,22.00515987459143,01,01,2,1,True,completed
103,known_visit,ACBBA,bernoulli,drop_0.25,19,361,4,10,acbba_h8_bernoulli_025,C:\Users\lottj\Desktop\research\decentralized benchmark\commitment-horizon-study\reference_core_benchmark_pilot\known_visit_10target_300.csv,2,1,14,7.639183102385361,7.639183102385361,02,02,2,1,True,completed
103,known_visit,ACBBA,bernoulli,drop_0.25,19,361,4,10,acbba_h8_bernoulli_025,C:\Users\lottj\Desktop\research\decentralized benchmark\commitment-horizon-study\reference_core_benchmark_pilot\known_visit_10target_300.csv,3,8,10,69.9972467268096,69.9972467268096,01,01,1,0,True,completed
103,known_visit,ACBBA,bernoulli,drop_0.25,19,361,4,10,acbba_h8_bernoulli_025,C:\Users\lottj\Desktop\research\decentralized benchmark\commitment-horizon-study\reference_core_benchmark_pilot\known_visit_10target_300.csv,4,18,6,39.95954550737112,39.95954550737112,00,00,1,0,True,completed
103,known_visit,ACBBA,bernoulli,drop_0.25,19,361,4,10,acbba_h8_bernoulli_025,C:\Users\lottj\Desktop\research\decentralized benchmark\commitment-horizon-study\reference_core_benchmark_pilot\known_visit_10target_300.csv,5,2,13,3.918189327569698,3.918189327569698,02,02,1,0,True,completed
103,known_visit,ACBBA,bernoulli,drop_0.25,19,361,4,10,acbba_h8_bernoulli_025,C:\Users\lottj\Desktop\research\decentralized benchmark\commitment-horizon-study\reference_core_benchmark_pilot\known_visit_10target_300.csv,6,7,9,16.247743586247854,16.247743586247854,01,01,1,0,True,completed
103,known_visit,ACBBA,bernoulli,drop_0.25,19,361,4,10,acbba_h8_bernoulli_025,C:\Users\lottj\Desktop\research\decentralized benchmark\commitment-horizon-study\reference_core_benchmark_pilot\known_visit_10target_300.csv,7,10,6,26.431993844460848,26.431993844460848,00,00,1,0,True,completed
103,known_visit,ACBBA,bernoulli,drop_0.25,19,361,4,10,acbba_h8_bernoulli_025,C:\Users\lottj\Desktop\research\decentralized benchmark\commitment-horizon-study\reference_core_benchmark_pilot\known_visit_10target_300.csv,8,4,1,7.328808028537291,7.328808028537291,00,00,2,1,True,completed
103,known_visit,ACBBA,bernoulli,drop_0.25,19,361,4,10,acbba_h8_bernoulli_025,C:\Users\lottj\Desktop\research\decentralized benchmark\commitment-horizon-study\reference_core_benchmark_pilot\known_visit_10target_300.csv,9,6,8,12.559092110529956,12.559092110529956,01,01,2,1,True,completed
103,known_visit,ACBBA,bernoulli,drop_0.25,19,361,4,10,acbba_h8_bernoulli_025,C:\Users\lottj\Desktop\research\decentralized benchmark\commitment-horizon-study\reference_core_benchmark_pilot\known_visit_10target_300.csv,10,0,15,3.924404014011708,3.924404014011708,03,03,2,1,True,completed
104,known_visit,ACBBA,bernoulli,drop_0.25,19,361,4,10,acbba_h8_bernoulli_025,C:\Users\lottj\Desktop\research\decentralized benchmark\commitment-horizon-study\reference_core_benchmark_pilot\known_visit_10target_300.csv,1,0,2,2.038770028056008,2.038770028056008,00,00,1,0,True,completed
104,known_visit,ACBBA,bernoulli,drop_0.25,19,361,4,10,acbba_h8_bernoulli_025,C:\Users\lottj\Desktop\research\decentralized benchmark\commitment-horizon-study\reference_core_benchmark_pilot\known_visit_10target_300.csv,2,5,0,21.370435725387686,21.370435725387686,00,00,1,0,True,completed
104,known_visit,ACBBA,bernoulli,drop_0.25,19,361,4,10,acbba_h8_bernoulli_025,C:\Users\lottj\Desktop\research\decentralized benchmark\commitment-horizon-study\reference_core_benchmark_pilot\known_visit_10target_300.csv,3,10,12,23.860208769768555,23.860208769768555,02,02,1,0,True,completed
104,known_visit,ACBBA,bernoulli,drop_0.25,19,361,4,10,acbba_h8_bernoulli_025,C:\Users\lottj\Desktop\research\decentralized benchmark\commitment-horizon-study\reference_core_benchmark_pilot\known_visit_10target_300.csv,4,9,13,20.241848009770393,20.241848009770393,02,02,1,0,True,completed
104,known_visit,ACBBA,bernoulli,drop_0.25,19,361,4,10,acbba_h8_bernoulli_025,C:\Users\lottj\Desktop\research\decentralized benchmark\commitment-horizon-study\reference_core_benchmark_pilot\known_visit_10target_300.csv,5,17,11,37.51168264521388,37.51168264521388,02,02,1,0,True,completed
104,known_visit,ACBBA,bernoulli,drop_0.25,19,361,4,10,acbba_h8_bernoulli_025,C:\Users\lottj\Desktop\research\decentralized benchmark\commitment-horizon-study\reference_core_benchmark_pilot\known_visit_10target_300.csv,6,6,1,17.710376704716612,17.710376704716612,00,00,2,1,True,completed
104,known_visit,ACBBA,bernoulli,drop_0.25,19,361,4,10,acbba_h8_bernoulli_025,C:\Users\lottj\Desktop\research\decentralized benchmark\commitment-horizon-study\reference_core_benchmark_pilot\known_visit_10target_300.csv,7,4,11,7.270189830948115,7.270189830948115,02,02,1,0,True,completed
104,known_visit,ACBBA,bernoulli,drop_0.25,19,361,4,10,acbba_h8_bernoulli_025,C:\Users\lottj\Desktop\research\decentralized benchmark\commitment-horizon-study\reference_core_benchmark_pilot\known_visit_10target_300.csv,8,8,13,18.154846904413585,18.154846904413585,02,02,1,0,True,completed
104,known_visit,ACBBA,bernoulli,drop_0.25,19,361,4,10,acbba_h8_bernoulli_025,C:\Users\lottj\Desktop\research\decentralized benchmark\commitment-horizon-study\reference_core_benchmark_pilot\known_visit_10target_300.csv,9,18,11,39.126809537220936,39.126809537220936,02,02,1,0,True,completed
104,known_visit,ACBBA,bernoulli,drop_0.25,19,361,4,10,acbba_h8_bernoulli_025,C:\Users\lottj\Desktop\research\decentralized benchmark\commitment-horizon-study\reference_core_benchmark_pilot\known_visit_10target_300.csv,10,4,3,10.795445832662697,10.795445832662697,00,00,1,0,True,completed
105,known_visit,ACBBA,bernoulli,drop_0.25,19,361,4,10,acbba_h8_bernoulli_025,C:\Users\lottj\Desktop\research\decentralized benchmark\commitment-horizon-study\reference_core_benchmark_pilot\known_visit_10target_300.csv,1,6,2,12.827415287066637,12.827415287066637,00,00,1,0,True,completed
105,known_visit,ACBBA,bernoulli,drop_0.25,19,361,4,10,acbba_h8_bernoulli_025,C:\Users\lottj\Desktop\research\decentralized benchmark\commitment-horizon-study\reference_core_benchmark_pilot\known_visit_10target_300.csv,2,4,2,9.34513491803,9.34513491803,00,00,1,0,True,completed
105,known_visit,ACBBA,bernoulli,drop_0.25,19,361,4,10,acbba_h8_bernoulli_025,C:\Users\lottj\Desktop\research\decentralized benchmark\commitment-horizon-study\reference_core_benchmark_pilot\known_visit_10target_300.csv,3,11,6,53.45282594852412,53.45282594852412,02,02,1,0,True,completed
105,known_visit,ACBBA,bernoulli,drop_0.25,19,361,4,10,acbba_h8_bernoulli_025,C:\Users\lottj\Desktop\research\decentralized benchmark\commitment-horizon-study\reference_core_benchmark_pilot\known_visit_10target_300.csv,4,13,2,36.12993526780229,36.12993526780229,01,01,1,0,True,completed
105,known_visit,ACBBA,bernoulli,drop_0.25,19,361,4,10,acbba_h8_bernoulli_025,C:\Users\lottj\Desktop\research\decentralized benchmark\commitment-horizon-study\reference_core_benchmark_pilot\known_visit_10target_300.csv,5,3,4,7.437090714393103,7.437090714393103,01,01,1,0,True,completed
105,known_visit,ACBBA,bernoulli,drop_0.25,19,361,4,10,acbba_h8_bernoulli_025,C:\Users\lottj\Desktop\research\decentralized benchmark\commitment-horizon-study\reference_core_benchmark_pilot\known_visit_10target_300.csv,6,4,11,7.449764991136767,7.449764991136767,02,02,2,1,True,completed
105,known_visit,ACBBA,bernoulli,drop_0.25,19,361,4,10,acbba_h8_bernoulli_025,C:\Users\lottj\Desktop\research\decentralized benchmark\commitment-horizon-study\reference_core_benchmark_pilot\known_visit_10target_300.csv,7,15,5,56.85592829789157,56.85592829789157,03,03,1,0,True,completed
105,known_visit,ACBBA,bernoulli,drop_0.25,19,361,4,10,acbba_h8_bernoulli_025,C:\Users\lottj\Desktop\research\decentralized benchmark\commitment-horizon-study\reference_core_benchmark_pilot\known_visit_10target_300.csv,8,18,11,41.31733243028004,41.31733243028004,03,03,1,0,True,completed
105,known_visit,ACBBA,bernoulli,drop_0.25,19,361,4,10,acbba_h8_bernoulli_025,C:\Users\lottj\Desktop\research\decentralized benchmark\commitment-horizon-study\reference_core_benchmark_pilot\known_visit_10target_300.csv,9,12,16,22.436651389446524,22.436651389446524,03,03,1,0,True,completed
105,known_visit,ACBBA,bernoulli,drop_0.25,19,361,4,10,acbba_h8_bernoulli_025,C:\Users\lottj\Desktop\research\decentralized benchmark\commitment-horizon-study\reference_core_benchmark_pilot\known_visit_10target_300.csv,10,2,2,5.603549390760987,5.603549390760987,00,00,2,1,True,completed
106,known_visit,ACBBA,bernoulli,drop_0.25,19,361,4,10,acbba_h8_bernoulli_025,C:\Users\lottj\Desktop\research\decentralized benchmark\commitment-horizon-study\reference_core_benchmark_pilot\known_visit_10target_300.csv,1,11,11,19.41420784583426,19.41420784583426,02,02,2,1,True,completed
106,known_visit,ACBBA,bernoulli,drop_0.25,19,361,4,10,acbba_h8_bernoulli_025,C:\Users\lottj\Desktop\research\decentralized benchmark\commitment-horizon-study\reference_core_benchmark_pilot\known_visit_10target_300.csv,2,4,15,10.583033035415863,10.583033035415863,03,03,2,1,True,completed
106,known_visit,ACBBA,bernoulli,drop_0.25,19,361,4,10,acbba_h8_bernoulli_025,C:\Users\lottj\Desktop\research\decentralized benchmark\commitment-horizon-study\reference_core_benchmark_pilot\known_visit_10target_300.csv,3,13,10,82.00286492594446,82.00286492594446,00,00,1,0,True,completed
106,known_visit,ACBBA,bernoulli,drop_0.25,19,361,4,10,acbba_h8_bernoulli_025,C:\Users\lottj\Desktop\research\decentralized benchmark\commitment-horizon-study\reference_core_benchmark_pilot\known_visit_10target_300.csv,4,2,1,3.8722455439593677,3.8722455439593677,00,00,2,1,True,completed
106,known_visit,ACBBA,bernoulli,drop_0.25,19,361,4,10,acbba_h8_bernoulli_025,C:\Users\lottj\Desktop\research\decentralized benchmark\commitment-horizon-study\reference_core_benchmark_pilot\known_visit_10target_300.csv,5,17,4,99.57761197010575,99.57761197010575,00,00,1,0,True,completed
106,known_visit,ACBBA,bernoulli,drop_0.25,19,361,4,10,acbba_h8_bernoulli_025,C:\Users\lottj\Desktop\research\decentralized benchmark\commitment-horizon-study\reference_core_benchmark_pilot\known_visit_10target_300.csv,6,15,6,92.54889225468393,92.54889225468393,00,00,1,0,True,completed
106,known_visit,ACBBA,bernoulli,drop_0.25,19,361,4,10,acbba_h8_bernoulli_025,C:\Users\lottj\Desktop\research\decentralized benchmark\commitment-horizon-study\reference_core_benchmark_pilot\known_visit_10target_300.csv,7,6,13,17.766429333590946,17.766429333590946,03,03,1,0,True,completed
106,known_visit,ACBBA,bernoulli,drop_0.25,19,361,4,10,acbba_h8_bernoulli_025,C:\Users\lottj\Desktop\research\decentralized benchmark\commitment-horizon-study\reference_core_benchmark_pilot\known_visit_10target_300.csv,8,18,5,103.5370284100757,103.5370284100757,00,00,1,0,True,completed
106,known_visit,ACBBA,bernoulli,drop_0.25,19,361,4,10,acbba_h8_bernoulli_025,C:\Users\lottj\Desktop\research\decentralized benchmark\commitment-horizon-study\reference_core_benchmark_pilot\known_visit_10target_300.csv,9,9,3,24.072665238941823,24.072665238941823,00,00,2,1,True,completed
106,known_visit,ACBBA,bernoulli,drop_0.25,19,361,4,10,acbba_h8_bernoulli_025,C:\Users\lottj\Desktop\research\decentralized benchmark\commitment-horizon-study\reference_core_benchmark_pilot\known_visit_10target_300.csv,10,11,7,26.187480494362138,26.187480494362138,02,02,1,0,True,completed
107,known_visit,ACBBA,bernoulli,drop_0.25,19,361,4,10,acbba_h8_bernoulli_025,C:\Users\lottj\Desktop\research\decentralized benchmark\commitment-horizon-study\reference_core_benchmark_pilot\known_visit_10target_300.csv,1,11,9,33.04062824557145,33.04062824557145,00,00,1,0,True,completed
107,known_visit,ACBBA,bernoulli,drop_0.25,19,361,4,10,acbba_h8_bernoulli_025,C:\Users\lottj\Desktop\research\decentralized benchmark\commitment-horizon-study\reference_core_benchmark_pilot\known_visit_10target_300.csv,2,13,8,46.2131226868791,46.2131226868791,03,03,2,1,True,completed
107,known_visit,ACBBA,bernoulli,drop_0.25,19,361,4,10,acbba_h8_bernoulli_025,C:\Users\lottj\Desktop\research\decentralized benchmark\commitment-horizon-study\reference_core_benchmark_pilot\known_visit_10target_300.csv,3,15,11,36.94803739345579,36.94803739345579,03,03,1,0,True,completed
107,known_visit,ACBBA,bernoulli,drop_0.25,19,361,4,10,acbba_h8_bernoulli_025,C:\Users\lottj\Desktop\research\decentralized benchmark\commitment-horizon-study\reference_core_benchmark_pilot\known_visit_10target_300.csv,4,17,2,64.12120586157626,64.12120586157626,03,03,1,0,True,completed
107,known_visit,ACBBA,bernoulli,drop_0.25,19,361,4,10,acbba_h8_bernoulli_025,C:\Users\lottj\Desktop\research\decentralized benchmark\commitment-horizon-study\reference_core_benchmark_pilot\known_visit_10target_300.csv,5,3,15,20.004846411495233,20.004846411495233,01,01,1,0,True,completed
107,known_visit,ACBBA,bernoulli,drop_0.25,19,361,4,10,acbba_h8_bernoulli_025,C:\Users\lottj\Desktop\research\decentralized benchmark\commitment-horizon-study\reference_core_benchmark_pilot\known_visit_10target_300.csv,6,15,7,52.007940431694294,52.007940431694294,03,03,1,0,True,completed
107,known_visit,ACBBA,bernoulli,drop_0.25,19,361,4,10,acbba_h8_bernoulli_025,C:\Users\lottj\Desktop\research\decentralized benchmark\commitment-horizon-study\reference_core_benchmark_pilot\known_visit_10target_300.csv,7,11,16,20.912013613001392,20.912013613001392,03,03,2,1,True,completed
107,known_visit,ACBBA,bernoulli,drop_0.25,19,361,4,10,acbba_h8_bernoulli_025,C:\Users\lottj\Desktop\research\decentralized benchmark\commitment-horizon-study\reference_core_benchmark_pilot\known_visit_10target_300.csv,8,14,14,40.96056004791487,40.96056004791487,01,01,1,0,True,completed
107,known_visit,ACBBA,bernoulli,drop_0.25,19,361,4,10,acbba_h8_bernoulli_025,C:\Users\lottj\Desktop\research\decentralized benchmark\commitment-horizon-study\reference_core_benchmark_pilot\known_visit_10target_300.csv,9,9,5,22.62705537878419,22.62705537878419,00,00,1,0,True,completed
107,known_visit,ACBBA,bernoulli,drop_0.25,19,361,4,10,acbba_h8_bernoulli_025,C:\Users\lottj\Desktop\research\decentralized benchmark\commitment-horizon-study\reference_core_benchmark_pilot\known_visit_10target_300.csv,10,1,8,3.958576279794181,3.958576279794181,01,01,2,1,True,completed
108,known_visit,ACBBA,bernoulli,drop_0.25,19,361,4,10,acbba_h8_bernoulli_025,C:\Users\lottj\Desktop\research\decentralized benchmark\commitment-horizon-study\reference_core_benchmark_pilot\known_visit_10target_300.csv,1,1,12,0.16025401613601675,0.16025401613601675,02,02,1,0,True,completed
108,known_visit,ACBBA,bernoulli,drop_0.25,19,361,4,10,acbba_h8_bernoulli_025,C:\Users\lottj\Desktop\research\decentralized benchmark\commitment-horizon-study\reference_core_benchmark_pilot\known_visit_10target_300.csv,2,0,14,5.714708379060618,5.714708379060618,02,02,1,0,True,completed
108,known_visit,ACBBA,bernoulli,drop_0.25,19,361,4,10,acbba_h8_bernoulli_025,C:\Users\lottj\Desktop\research\decentralized benchmark\commitment-horizon-study\reference_core_benchmark_pilot\known_visit_10target_300.csv,3,8,16,16.989134513597826,16.989134513597826,03,03,1,0,True,completed
108,known_visit,ACBBA,bernoulli,drop_0.25,19,361,4,10,acbba_h8_bernoulli_025,C:\Users\lottj\Desktop\research\decentralized benchmark\commitment-horizon-study\reference_core_benchmark_pilot\known_visit_10target_300.csv,4,11,12,29.487630569504976,29.487630569504976,03,03,1,0,True,completed
108,known_visit,ACBBA,bernoulli,drop_0.25,19,361,4,10,acbba_h8_bernoulli_025,C:\Users\lottj\Desktop\research\decentralized benchmark\commitment-horizon-study\reference_core_benchmark_pilot\known_visit_10target_300.csv,5,11,14,25.66978328173797,25.66978328173797,03,03,1,0,True,completed
108,known_visit,ACBBA,bernoulli,drop_0.25,19,361,4,10,acbba_h8_bernoulli_025,C:\Users\lottj\Desktop\research\decentralized benchmark\commitment-horizon-study\reference_core_benchmark_pilot\known_visit_10target_300.csv,6,4,17,8.080565891254489,8.080565891254489,03,03,1,0,True,completed
108,known_visit,ACBBA,bernoulli,drop_0.25,19,361,4,10,acbba_h8_bernoulli_025,C:\Users\lottj\Desktop\research\decentralized benchmark\commitment-horizon-study\reference_core_benchmark_pilot\known_visit_10target_300.csv,7,2,7,4.429543783452222,4.429543783452222,01,01,1,0,True,completed
108,known_visit,ACBBA,bernoulli,drop_0.25,19,361,4,10,acbba_h8_bernoulli_025,C:\Users\lottj\Desktop\research\decentralized benchmark\commitment-horizon-study\reference_core_benchmark_pilot\known_visit_10target_300.csv,8,8,7,21.88680804048877,21.88680804048877,01,01,2,1,True,completed
108,known_visit,ACBBA,bernoulli,drop_0.25,19,361,4,10,acbba_h8_bernoulli_025,C:\Users\lottj\Desktop\research\decentralized benchmark\commitment-horizon-study\reference_core_benchmark_pilot\known_visit_10target_300.csv,9,6,6,27.57891112205621,27.57891112205621,01,01,1,0,True,completed
108,known_visit,ACBBA,bernoulli,drop_0.25,19,361,4,10,acbba_h8_bernoulli_025,C:\Users\lottj\Desktop\research\decentralized benchmark\commitment-horizon-study\reference_core_benchmark_pilot\known_visit_10target_300.csv,10,9,0,13.808767615923758,13.808767615923758,00,00,1,0,True,completed
109,known_visit,ACBBA,bernoulli,drop_0.25,19,361,4,10,acbba_h8_bernoulli_025,C:\Users\lottj\Desktop\research\decentralized benchmark\commitment-horizon-study\reference_core_benchmark_pilot\known_visit_10target_300.csv,1,4,3,10.9302282702076,10.9302282702076,00,00,2,1,True,completed
109,known_visit,ACBBA,bernoulli,drop_0.25,19,361,4,10,acbba_h8_bernoulli_025,C:\Users\lottj\Desktop\research\decentralized benchmark\commitment-horizon-study\reference_core_benchmark_pilot\known_visit_10target_300.csv,2,13,16,45.93171501963258,45.93171501963258,03,03,1,0,True,completed
109,known_visit,ACBBA,bernoulli,drop_0.25,19,361,4,10,acbba_h8_bernoulli_025,C:\Users\lottj\Desktop\research\decentralized benchmark\commitment-horizon-study\reference_core_benchmark_pilot\known_visit_10target_300.csv,3,13,2,47.83518634867384,47.83518634867384,02,02,1,0,True,completed
109,known_visit,ACBBA,bernoulli,drop_0.25,19,361,4,10,acbba_h8_bernoulli_025,C:\Users\lottj\Desktop\research\decentralized benchmark\commitment-horizon-study\reference_core_benchmark_pilot\known_visit_10target_300.csv,4,13,4,28.017227593309645,28.017227593309645,00,00,2,1,True,completed
109,known_visit,ACBBA,bernoulli,drop_0.25,19,361,4,10,acbba_h8_bernoulli_025,C:\Users\lottj\Desktop\research\decentralized benchmark\commitment-horizon-study\reference_core_benchmark_pilot\known_visit_10target_300.csv,5,5,11,15.414013469667557,15.414013469667557,01,01,2,1,True,completed
109,known_visit,ACBBA,bernoulli,drop_0.25,19,361,4,10,acbba_h8_bernoulli_025,C:\Users\lottj\Desktop\research\decentralized benchmark\commitment-horizon-study\reference_core_benchmark_pilot\known_visit_10target_300.csv,6,15,6,38.83664540854676,38.83664540854676,00,00,2,1,True,completed
109,known_visit,ACBBA,bernoulli,drop_0.25,19,361,4,10,acbba_h8_bernoulli_025,C:\Users\lottj\Desktop\research\decentralized benchmark\commitment-horizon-study\reference_core_benchmark_pilot\known_visit_10target_300.csv,7,17,5,80.17787778807474,80.17787778807474,03,03,1,0,True,completed
109,known_visit,ACBBA,bernoulli,drop_0.25,19,361,4,10,acbba_h8_bernoulli_025,C:\Users\lottj\Desktop\research\decentralized benchmark\commitment-horizon-study\reference_core_benchmark_pilot\known_visit_10target_300.csv,8,14,7,42.669280849191416,42.669280849191416,00,00,1,0,True,completed
109,known_visit,ACBBA,bernoulli,drop_0.25,19,361,4,10,acbba_h8_bernoulli_025,C:\Users\lottj\Desktop\research\decentralized benchmark\commitment-horizon-study\reference_core_benchmark_pilot\known_visit_10target_300.csv,9,17,17,55.28859107738008,55.28859107738008,03,03,1,0,True,completed
109,known_visit,ACBBA,bernoulli,drop_0.25,19,361,4,10,acbba_h8_bernoulli_025,C:\Users\lottj\Desktop\research\decentralized benchmark\commitment-horizon-study\reference_core_benchmark_pilot\known_visit_10target_300.csv,10,4,0,5.382292921311787,5.382292921311787,00,00,2,1,True,completed
110,known_visit,ACBBA,bernoulli,drop_0.25,19,361,4,10,acbba_h8_bernoulli_025,C:\Users\lottj\Desktop\research\decentralized benchmark\commitment-horizon-study\reference_core_benchmark_pilot\known_visit_10target_300.csv,1,11,14,31.14560814419922,31.14560814419922,02,02,2,1,True,completed
110,known_visit,ACBBA,bernoulli,drop_0.25,19,361,4,10,acbba_h8_bernoulli_025,C:\Users\lottj\Desktop\research\decentralized benchmark\commitment-horizon-study\reference_core_benchmark_pilot\known_visit_10target_300.csv,2,0,14,2.1947156534750794,2.1947156534750794,02,02,1,0,True,completed
110,known_visit,ACBBA,bernoulli,drop_0.25,19,361,4,10,acbba_h8_bernoulli_025,C:\Users\lottj\Desktop\research\decentralized benchmark\commitment-horizon-study\reference_core_benchmark_pilot\known_visit_10target_300.csv,3,12,11,28.90715875436625,28.90715875436625,01,01,2,1,True,completed
110,known_visit,ACBBA,bernoulli,drop_0.25,19,361,4,10,acbba_h8_bernoulli_025,C:\Users\lottj\Desktop\research\decentralized benchmark\commitment-horizon-study\reference_core_benchmark_pilot\known_visit_10target_300.csv,4,7,1,12.142191551656948,12.142191551656948,00,00,1,0,True,completed
110,known_visit,ACBBA,bernoulli,drop_0.25,19,361,4,10,acbba_h8_bernoulli_025,C:\Users\lottj\Desktop\research\decentralized benchmark\commitment-horizon-study\reference_core_benchmark_pilot\known_visit_10target_300.csv,5,6,3,17.671695596548926,17.671695596548926,00,00,1,0,True,completed
110,known_visit,ACBBA,bernoulli,drop_0.25,19,361,4,10,acbba_h8_bernoulli_025,C:\Users\lottj\Desktop\research\decentralized benchmark\commitment-horizon-study\reference_core_benchmark_pilot\known_visit_10target_300.csv,6,8,10,19.930966185313267,19.930966185313267,01,01,1,0,True,completed
110,known_visit,ACBBA,bernoulli,drop_0.25,19,361,4,10,acbba_h8_bernoulli_025,C:\Users\lottj\Desktop\research\decentralized benchmark\commitment-horizon-study\reference_core_benchmark_pilot\known_visit_10target_300.csv,7,10,17,62.121115626711884,62.121115626711884,03,03,1,0,True,completed
110,known_visit,ACBBA,bernoulli,drop_0.25,19,361,4,10,acbba_h8_bernoulli_025,C:\Users\lottj\Desktop\research\decentralized benchmark\commitment-horizon-study\reference_core_benchmark_pilot\known_visit_10target_300.csv,8,8,7,14.19777462012646,14.19777462012646,01,01,2,1,True,completed
110,known_visit,ACBBA,bernoulli,drop_0.25,19,361,4,10,acbba_h8_bernoulli_025,C:\Users\lottj\Desktop\research\decentralized benchmark\commitment-horizon-study\reference_core_benchmark_pilot\known_visit_10target_300.csv,9,4,3,21.092824685395428,21.092824685395428,00,00,1,0,True,completed
110,known_visit,ACBBA,bernoulli,drop_0.25,19,361,4,10,acbba_h8_bernoulli_025,C:\Users\lottj\Desktop\research\decentralized benchmark\commitment-horizon-study\reference_core_benchmark_pilot\known_visit_10target_300.csv,10,7,15,16.402107684164978,16.402107684164978,03,03,2,1,True,completed
111,known_visit,ACBBA,bernoulli,drop_0.25,19,361,4,10,acbba_h8_bernoulli_025,C:\Users\lottj\Desktop\research\decentralized benchmark\commitment-horizon-study\reference_core_benchmark_pilot\known_visit_10target_300.csv,1,14,9,52.26936235411121,52.26936235411121,03,03,1,0,True,completed
111,known_visit,ACBBA,bernoulli,drop_0.25,19,361,4,10,acbba_h8_bernoulli_025,C:\Users\lottj\Desktop\research\decentralized benchmark\commitment-horizon-study\reference_core_benchmark_pilot\known_visit_10target_300.csv,2,5,6,6.983200790296599,6.983200790296599,01,01,2,1,True,completed
111,known_visit,ACBBA,bernoulli,drop_0.25,19,361,4,10,acbba_h8_bernoulli_025,C:\Users\lottj\Desktop\research\decentralized benchmark\commitment-horizon-study\reference_core_benchmark_pilot\known_visit_10target_300.csv,3,7,18,10.468699295151337,10.468699295151337,03,03,1,0,True,completed
111,known_visit,ACBBA,bernoulli,drop_0.25,19,361,4,10,acbba_h8_bernoulli_025,C:\Users\lottj\Desktop\research\decentralized benchmark\commitment-horizon-study\reference_core_benchmark_pilot\known_visit_10target_300.csv,4,16,14,39.99154620986942,39.99154620986942,03,03,1,0,True,completed
111,known_visit,ACBBA,bernoulli,drop_0.25,19,361,4,10,acbba_h8_bernoulli_025,C:\Users\lottj\Desktop\research\decentralized benchmark\commitment-horizon-study\reference_core_benchmark_pilot\known_visit_10target_300.csv,5,18,17,31.16185007533562,31.16185007533562,03,03,1,0,True,completed
111,known_visit,ACBBA,bernoulli,drop_0.25,19,361,4,10,acbba_h8_bernoulli_025,C:\Users\lottj\Desktop\research\decentralized benchmark\commitment-horizon-study\reference_core_benchmark_pilot\known_visit_10target_300.csv,6,13,7,22.63681965395456,22.63681965395456,01,01,1,0,True,completed
111,known_visit,ACBBA,bernoulli,drop_0.25,19,361,4,10,acbba_h8_bernoulli_025,C:\Users\lottj\Desktop\research\decentralized benchmark\commitment-horizon-study\reference_core_benchmark_pilot\known_visit_10target_300.csv,7,1,6,0.1428369696548847,0.1428369696548847,01,01,1,0,True,completed
111,known_visit,ACBBA,bernoulli,drop_0.25,19,361,4,10,acbba_h8_bernoulli_025,C:\Users\lottj\Desktop\research\decentralized benchmark\commitment-horizon-study\reference_core_benchmark_pilot\known_visit_10target_300.csv,8,10,6,15.483071211975979,15.483071211975979,01,01,2,1,True,completed
111,known_visit,ACBBA,bernoulli,drop_0.25,19,361,4,10,acbba_h8_bernoulli_025,C:\Users\lottj\Desktop\research\decentralized benchmark\commitment-horizon-study\reference_core_benchmark_pilot\known_visit_10target_300.csv,9,15,1,36.6051138150512,36.6051138150512,01,01,1,0,True,completed
111,known_visit,ACBBA,bernoulli,drop_0.25,19,361,4,10,acbba_h8_bernoulli_025,C:\Users\lottj\Desktop\research\decentralized benchmark\commitment-horizon-study\reference_core_benchmark_pilot\known_visit_10target_300.csv,10,2,14,6.124815594810982,6.124815594810982,02,02,1,0,True,completed
112,known_visit,ACBBA,bernoulli,drop_0.25,19,361,4,10,acbba_h8_bernoulli_025,C:\Users\lottj\Desktop\research\decentralized benchmark\commitment-horizon-study\reference_core_benchmark_pilot\known_visit_10target_300.csv,1,7,8,25.92021784664468,25.92021784664468,01,01,1,0,True,completed
112,known_visit,ACBBA,bernoulli,drop_0.25,19,361,4,10,acbba_h8_bernoulli_025,C:\Users\lottj\Desktop\research\decentralized benchmark\commitment-horizon-study\reference_core_benchmark_pilot\known_visit_10target_300.csv,2,7,18,16.416358929612578,16.416358929612578,03,03,1,0,True,completed
112,known_visit,ACBBA,bernoulli,drop_0.25,19,361,4,10,acbba_h8_bernoulli_025,C:\Users\lottj\Desktop\research\decentralized benchmark\commitment-horizon-study\reference_core_benchmark_pilot\known_visit_10target_300.csv,3,17,8,51.401541362718845,51.401541362718845,03,03,1,0,True,completed
112,known_visit,ACBBA,bernoulli,drop_0.25,19,361,4,10,acbba_h8_bernoulli_025,C:\Users\lottj\Desktop\research\decentralized benchmark\commitment-horizon-study\reference_core_benchmark_pilot\known_visit_10target_300.csv,4,7,6,14.827954604789774,14.827954604789774,01,01,1,0,True,completed
112,known_visit,ACBBA,bernoulli,drop_0.25,19,361,4,10,acbba_h8_bernoulli_025,C:\Users\lottj\Desktop\research\decentralized benchmark\commitment-horizon-study\reference_core_benchmark_pilot\known_visit_10target_300.csv,5,3,10,16.932481660598913,16.932481660598913,02,02,2,1,True,completed
112,known_visit,ACBBA,bernoulli,drop_0.25,19,361,4,10,acbba_h8_bernoulli_025,C:\Users\lottj\Desktop\research\decentralized benchmark\commitment-horizon-study\reference_core_benchmark_pilot\known_visit_10target_300.csv,6,1,17,2.4344282495182696,2.4344282495182696,03,03,1,0,True,completed
112,known_visit,ACBBA,bernoulli,drop_0.25,19,361,4,10,acbba_h8_bernoulli_025,C:\Users\lottj\Desktop\research\decentralized benchmark\commitment-horizon-study\reference_core_benchmark_pilot\known_visit_10target_300.csv,7,1,13,2.248367830389271,2.248367830389271,02,02,1,0,True,completed
112,known_visit,ACBBA,bernoulli,drop_0.25,19,361,4,10,acbba_h8_bernoulli_025,C:\Users\lottj\Desktop\research\decentralized benchmark\commitment-horizon-study\reference_core_benchmark_pilot\known_visit_10target_300.csv,8,15,7,43.756313078164595,43.756313078164595,02,02,1,0,True,completed
112,known_visit,ACBBA,bernoulli,drop_0.25,19,361,4,10,acbba_h8_bernoulli_025,C:\Users\lottj\Desktop\research\decentralized benchmark\commitment-horizon-study\reference_core_benchmark_pilot\known_visit_10target_300.csv,9,16,15,37.498672726759025,37.498672726759025,03,03,1,0,True,completed
112,known_visit,ACBBA,bernoulli,drop_0.25,19,361,4,10,acbba_h8_bernoulli_025,C:\Users\lottj\Desktop\research\decentralized benchmark\commitment-horizon-study\reference_core_benchmark_pilot\known_visit_10target_300.csv,10,12,4,26.685813675261116,26.685813675261116,00,00,1,0,True,completed
113,known_visit,ACBBA,bernoulli,drop_0.25,19,361,4,10,acbba_h8_bernoulli_025,C:\Users\lottj\Desktop\research\decentralized benchmark\commitment-horizon-study\reference_core_benchmark_pilot\known_visit_10target_300.csv,1,14,3,40.708804623419965,40.708804623419965,01,01,1,0,True,completed
113,known_visit,ACBBA,bernoulli,drop_0.25,19,361,4,10,acbba_h8_bernoulli_025,C:\Users\lottj\Desktop\research\decentralized benchmark\commitment-horizon-study\reference_core_benchmark_pilot\known_visit_10target_300.csv,2,8,0,11.983888498511835,11.983888498511835,00,00,1,0,True,completed
113,known_visit,ACBBA,bernoulli,drop_0.25,19,361,4,10,acbba_h8_bernoulli_025,C:\Users\lottj\Desktop\research\decentralized benchmark\commitment-horizon-study\reference_core_benchmark_pilot\known_visit_10target_300.csv,3,1,15,5.676820092486922,5.676820092486922,02,02,2,1,True,completed
113,known_visit,ACBBA,bernoulli,drop_0.25,19,361,4,10,acbba_h8_bernoulli_025,C:\Users\lottj\Desktop\research\decentralized benchmark\commitment-horizon-study\reference_core_benchmark_pilot\known_visit_10target_300.csv,4,14,13,39.88555054209434,39.88555054209434,02,02,1,0,True,completed
113,known_visit,ACBBA,bernoulli,drop_0.25,19,361,4,10,acbba_h8_bernoulli_025,C:\Users\lottj\Desktop\research\decentralized benchmark\commitment-horizon-study\reference_core_benchmark_pilot\known_visit_10target_300.csv,5,17,8,54.33800654114099,54.33800654114099,01,01,2,1,True,completed
113,known_visit,ACBBA,bernoulli,drop_0.25,19,361,4,10,acbba_h8_bernoulli_025,C:\Users\lottj\Desktop\research\decentralized benchmark\commitment-horizon-study\reference_core_benchmark_pilot\known_visit_10target_300.csv,6,18,9,61.601350170400295,61.601350170400295,02,02,1,0,True,completed
113,known_visit,ACBBA,bernoulli,drop_0.25,19,361,4,10,acbba_h8_bernoulli_025,C:\Users\lottj\Desktop\research\decentralized benchmark\commitment-horizon-study\reference_core_benchmark_pilot\known_visit_10target_300.csv,7,17,15,48.89712013288328,48.89712013288328,02,02,1,0,True,completed
113,known_visit,ACBBA,bernoulli,drop_0.25,19,361,4,10,acbba_h8_bernoulli_025,C:\Users\lottj\Desktop\research\decentralized benchmark\commitment-horizon-study\reference_core_benchmark_pilot\known_visit_10target_300.csv,8,5,17,13.264435146960704,13.264435146960704,03,03,1,0,True,completed
113,known_visit,ACBBA,bernoulli,drop_0.25,19,361,4,10,acbba_h8_bernoulli_025,C:\Users\lottj\Desktop\research\decentralized benchmark\commitment-horizon-study\reference_core_benchmark_pilot\known_visit_10target_300.csv,9,13,0,20.676607878209875,20.676607878209875,00,00,1,0,True,completed
113,known_visit,ACBBA,bernoulli,drop_0.25,19,361,4,10,acbba_h8_bernoulli_025,C:\Users\lottj\Desktop\research\decentralized benchmark\commitment-horizon-study\reference_core_benchmark_pilot\known_visit_10target_300.csv,10,10,3,33.62825750767427,33.62825750767427,01,01,1,0,True,completed
114,known_visit,ACBBA,bernoulli,drop_0.25,19,361,4,10,acbba_h8_bernoulli_025,C:\Users\lottj\Desktop\research\decentralized benchmark\commitment-horizon-study\reference_core_benchmark_pilot\known_visit_10target_300.csv,1,14,10,49.20108498301166,49.20108498301166,00,00,1,0,True,completed
114,known_visit,ACBBA,bernoulli,drop_0.25,19,361,4,10,acbba_h8_bernoulli_025,C:\Users\lottj\Desktop\research\decentralized benchmark\commitment-horizon-study\reference_core_benchmark_pilot\known_visit_10target_300.csv,2,4,4,9.044053653072435,9.044053653072435,01,01,2,1,True,completed
114,known_visit,ACBBA,bernoulli,drop_0.25,19,361,4,10,acbba_h8_bernoulli_025,C:\Users\lottj\Desktop\research\decentralized benchmark\commitment-horizon-study\reference_core_benchmark_pilot\known_visit_10target_300.csv,3,15,4,36.98348045995142,36.98348045995142,00,00,1,0,True,completed
114,known_visit,ACBBA,bernoulli,drop_0.25,19,361,4,10,acbba_h8_bernoulli_025,C:\Users\lottj\Desktop\research\decentralized benchmark\commitment-horizon-study\reference_core_benchmark_pilot\known_visit_10target_300.csv,4,17,13,41.5758560563925,41.5758560563925,03,03,1,0,True,completed
114,known_visit,ACBBA,bernoulli,drop_0.25,19,361,4,10,acbba_h8_bernoulli_025,C:\Users\lottj\Desktop\research\decentralized benchmark\commitment-horizon-study\reference_core_benchmark_pilot\known_visit_10target_300.csv,5,2,2,5.656093767487469,5.656093767487469,00,00,2,1,True,completed
114,known_visit,ACBBA,bernoulli,drop_0.25,19,361,4,10,acbba_h8_bernoulli_025,C:\Users\lottj\Desktop\research\decentralized benchmark\commitment-horizon-study\reference_core_benchmark_pilot\known_visit_10target_300.csv,6,13,3,31.347096987931906,31.347096987931906,00,00,2,1,True,completed
114,known_visit,ACBBA,bernoulli,drop_0.25,19,361,4,10,acbba_h8_bernoulli_025,C:\Users\lottj\Desktop\research\decentralized benchmark\commitment-horizon-study\reference_core_benchmark_pilot\known_visit_10target_300.csv,7,11,5,37.91532764701168,37.91532764701168,02,02,1,0,True,completed
114,known_visit,ACBBA,bernoulli,drop_0.25,19,361,4,10,acbba_h8_bernoulli_025,C:\Users\lottj\Desktop\research\decentralized benchmark\commitment-horizon-study\reference_core_benchmark_pilot\known_visit_10target_300.csv,8,10,13,21.639726025026434,21.639726025026434,02,02,1,0,True,completed
114,known_visit,ACBBA,bernoulli,drop_0.25,19,361,4,10,acbba_h8_bernoulli_025,C:\Users\lottj\Desktop\research\decentralized benchmark\commitment-horizon-study\reference_core_benchmark_pilot\known_visit_10target_300.csv,9,9,15,19.32593102608919,19.32593102608919,03,03,1,0,True,completed
114,known_visit,ACBBA,bernoulli,drop_0.25,19,361,4,10,acbba_h8_bernoulli_025,C:\Users\lottj\Desktop\research\decentralized benchmark\commitment-horizon-study\reference_core_benchmark_pilot\known_visit_10target_300.csv,10,18,18,52.397961705386614,52.397961705386614,03,03,1,0,True,completed
115,known_visit,ACBBA,bernoulli,drop_0.25,19,361,4,10,acbba_h8_bernoulli_025,C:\Users\lottj\Desktop\research\decentralized benchmark\commitment-horizon-study\reference_core_benchmark_pilot\known_visit_10target_300.csv,1,15,5,44.0798091169448,44.0798091169448,00,00,2,1,True,completed
115,known_visit,ACBBA,bernoulli,drop_0.25,19,361,4,10,acbba_h8_bernoulli_025,C:\Users\lottj\Desktop\research\decentralized benchmark\commitment-horizon-study\reference_core_benchmark_pilot\known_visit_10target_300.csv,2,8,6,12.221739892507308,12.221739892507308,01,01,2,1,True,completed
115,known_visit,ACBBA,bernoulli,drop_0.25,19,361,4,10,acbba_h8_bernoulli_025,C:\Users\lottj\Desktop\research\decentralized benchmark\commitment-horizon-study\reference_core_benchmark_pilot\known_visit_10target_300.csv,3,11,3,33.18832046396337,33.18832046396337,00,00,1,0,True,completed
115,known_visit,ACBBA,bernoulli,drop_0.25,19,361,4,10,acbba_h8_bernoulli_025,C:\Users\lottj\Desktop\research\decentralized benchmark\commitment-horizon-study\reference_core_benchmark_pilot\known_visit_10target_300.csv,4,7,6,10.565817401382745,10.565817401382745,01,01,1,0,True,completed
115,known_visit,ACBBA,bernoulli,drop_0.25,19,361,4,10,acbba_h8_bernoulli_025,C:\Users\lottj\Desktop\research\decentralized benchmark\commitment-horizon-study\reference_core_benchmark_pilot\known_visit_10target_300.csv,5,8,10,19.45786031951622,19.45786031951622,01,01,2,1,True,completed
115,known_visit,ACBBA,bernoulli,drop_0.25,19,361,4,10,acbba_h8_bernoulli_025,C:\Users\lottj\Desktop\research\decentralized benchmark\commitment-horizon-study\reference_core_benchmark_pilot\known_visit_10target_300.csv,6,11,9,41.28876745668878,41.28876745668878,03,03,1,0,True,completed
115,known_visit,ACBBA,bernoulli,drop_0.25,19,361,4,10,acbba_h8_bernoulli_025,C:\Users\lottj\Desktop\research\decentralized benchmark\commitment-horizon-study\reference_core_benchmark_pilot\known_visit_10target_300.csv,7,10,16,76.86519219059133,76.86519219059133,00,00,1,0,True,completed
115,known_visit,ACBBA,bernoulli,drop_0.25,19,361,4,10,acbba_h8_bernoulli_025,C:\Users\lottj\Desktop\research\decentralized benchmark\commitment-horizon-study\reference_core_benchmark_pilot\known_visit_10target_300.csv,8,1,16,3.937658870853565,3.937658870853565,03,03,1,0,True,completed
115,known_visit,ACBBA,bernoulli,drop_0.25,19,361,4,10,acbba_h8_bernoulli_025,C:\Users\lottj\Desktop\research\decentralized benchmark\commitment-horizon-study\reference_core_benchmark_pilot\known_visit_10target_300.csv,9,2,17,7.984730835535,7.984730835535,03,03,1,0,True,completed
115,known_visit,ACBBA,bernoulli,drop_0.25,19,361,4,10,acbba_h8_bernoulli_025,C:\Users\lottj\Desktop\research\decentralized benchmark\commitment-horizon-study\reference_core_benchmark_pilot\known_visit_10target_300.csv,10,11,13,27.577600996980692,27.577600996980692,02,02,3,2,True,completed
116,known_visit,ACBBA,bernoulli,drop_0.25,19,361,4,10,acbba_h8_bernoulli_025,C:\Users\lottj\Desktop\research\decentralized benchmark\commitment-horizon-study\reference_core_benchmark_pilot\known_visit_10target_300.csv,1,18,2,32.6773909950722,32.6773909950722,00,00,1,0,True,completed
116,known_visit,ACBBA,bernoulli,drop_0.25,19,361,4,10,acbba_h8_bernoulli_025,C:\Users\lottj\Desktop\research\decentralized benchmark\commitment-horizon-study\reference_core_benchmark_pilot\known_visit_10target_300.csv,2,14,16,33.518650051557145,33.518650051557145,03,03,1,0,True,completed
116,known_visit,ACBBA,bernoulli,drop_0.25,19,361,4,10,acbba_h8_bernoulli_025,C:\Users\lottj\Desktop\research\decentralized benchmark\commitment-horizon-study\reference_core_benchmark_pilot\known_visit_10target_300.csv,3,14,0,22.303919475882214,22.303919475882214,00,00,1,0,True,completed
116,known_visit,ACBBA,bernoulli,drop_0.25,19,361,4,10,acbba_h8_bernoulli_025,C:\Users\lottj\Desktop\research\decentralized benchmark\commitment-horizon-study\reference_core_benchmark_pilot\known_visit_10target_300.csv,4,6,14,16.060901410361,16.060901410361,03,03,2,1,True,completed
116,known_visit,ACBBA,bernoulli,drop_0.25,19,361,4,10,acbba_h8_bernoulli_025,C:\Users\lottj\Desktop\research\decentralized benchmark\commitment-horizon-study\reference_core_benchmark_pilot\known_visit_10target_300.csv,5,4,16,8.753070966622763,8.753070966622763,03,03,1,0,True,completed
116,known_visit,ACBBA,bernoulli,drop_0.25,19,361,4,10,acbba_h8_bernoulli_025,C:\Users\lottj\Desktop\research\decentralized benchmark\commitment-horizon-study\reference_core_benchmark_pilot\known_visit_10target_300.csv,6,14,9,51.59337517125378,51.59337517125378,00,00,1,0,True,completed
116,known_visit,ACBBA,bernoulli,drop_0.25,19,361,4,10,acbba_h8_bernoulli_025,C:\Users\lottj\Desktop\research\decentralized benchmark\commitment-horizon-study\reference_core_benchmark_pilot\known_visit_10target_300.csv,7,6,13,10.668793231106006,10.668793231106006,02,02,2,1,True,completed
116,known_visit,ACBBA,bernoulli,drop_0.25,19,361,4,10,acbba_h8_bernoulli_025,C:\Users\lottj\Desktop\research\decentralized benchmark\commitment-horizon-study\reference_core_benchmark_pilot\known_visit_10target_300.csv,8,8,12,22.55024193630484,22.55024193630484,01,01,1,0,True,completed
116,known_visit,ACBBA,bernoulli,drop_0.25,19,361,4,10,acbba_h8_bernoulli_025,C:\Users\lottj\Desktop\research\decentralized benchmark\commitment-horizon-study\reference_core_benchmark_pilot\known_visit_10target_300.csv,9,8,8,15.836680939054364,15.836680939054364,01,01,1,0,True,completed
116,known_visit,ACBBA,bernoulli,drop_0.25,19,361,4,10,acbba_h8_bernoulli_025,C:\Users\lottj\Desktop\research\decentralized benchmark\commitment-horizon-study\reference_core_benchmark_pilot\known_visit_10target_300.csv,10,7,0,10.481948338210922,10.481948338210922,00,00,1,0,True,completed
117,known_visit,ACBBA,bernoulli,drop_0.25,19,361,4,10,acbba_h8_bernoulli_025,C:\Users\lottj\Desktop\research\decentralized benchmark\commitment-horizon-study\reference_core_benchmark_pilot\known_visit_10target_300.csv,1,18,5,48.85172326309352,48.85172326309352,00,00,1,0,True,completed
117,known_visit,ACBBA,bernoulli,drop_0.25,19,361,4,10,acbba_h8_bernoulli_025,C:\Users\lottj\Desktop\research\decentralized benchmark\commitment-horizon-study\reference_core_benchmark_pilot\known_visit_10target_300.csv,2,2,15,15.08283716372211,15.08283716372211,02,02,2,1,True,completed
117,known_visit,ACBBA,bernoulli,drop_0.25,19,361,4,10,acbba_h8_bernoulli_025,C:\Users\lottj\Desktop\research\decentralized benchmark\commitment-horizon-study\reference_core_benchmark_pilot\known_visit_10target_300.csv,3,14,17,80.21681385968958,80.21681385968958,02,02,1,0,True,completed
117,known_visit,ACBBA,bernoulli,drop_0.25,19,361,4,10,acbba_h8_bernoulli_025,C:\Users\lottj\Desktop\research\decentralized benchmark\commitment-horizon-study\reference_core_benchmark_pilot\known_visit_10target_300.csv,4,8,4,19.446834679480936,19.446834679480936,00,00,1,0,True,completed
117,known_visit,ACBBA,bernoulli,drop_0.25,19,361,4,10,acbba_h8_bernoulli_025,C:\Users\lottj\Desktop\research\decentralized benchmark\commitment-horizon-study\reference_core_benchmark_pilot\known_visit_10target_300.csv,5,18,17,76.78903062825218,76.78903062825218,00,00,1,0,True,completed
117,known_visit,ACBBA,bernoulli,drop_0.25,19,361,4,10,acbba_h8_bernoulli_025,C:\Users\lottj\Desktop\research\decentralized benchmark\commitment-horizon-study\reference_core_benchmark_pilot\known_visit_10target_300.csv,6,9,13,30.054521303833642,30.054521303833642,01,01,1,0,True,completed
117,known_visit,ACBBA,bernoulli,drop_0.25,19,361,4,10,acbba_h8_bernoulli_025,C:\Users\lottj\Desktop\research\decentralized benchmark\commitment-horizon-study\reference_core_benchmark_pilot\known_visit_10target_300.csv,7,2,13,3.9832355806613813,3.9832355806613813,02,02,1,0,True,completed
117,known_visit,ACBBA,bernoulli,drop_0.25,19,361,4,10,acbba_h8_bernoulli_025,C:\Users\lottj\Desktop\research\decentralized benchmark\commitment-horizon-study\reference_core_benchmark_pilot\known_visit_10target_300.csv,8,16,14,68.00053460065732,68.00053460065732,00,00,1,0,True,completed
117,known_visit,ACBBA,bernoulli,drop_0.25,19,361,4,10,acbba_h8_bernoulli_025,C:\Users\lottj\Desktop\research\decentralized benchmark\commitment-horizon-study\reference_core_benchmark_pilot\known_visit_10target_300.csv,9,10,8,19.291730770001585,19.291730770001585,01,01,2,1,True,completed
117,known_visit,ACBBA,bernoulli,drop_0.25,19,361,4,10,acbba_h8_bernoulli_025,C:\Users\lottj\Desktop\research\decentralized benchmark\commitment-horizon-study\reference_core_benchmark_pilot\known_visit_10target_300.csv,10,3,2,7.227675471018718,7.227675471018718,00,00,1,0,True,completed
118,known_visit,ACBBA,bernoulli,drop_0.25,19,361,4,10,acbba_h8_bernoulli_025,C:\Users\lottj\Desktop\research\decentralized benchmark\commitment-horizon-study\reference_core_benchmark_pilot\known_visit_10target_300.csv,1,1,7,2.199850099314612,2.199850099314612,01,01,1,0,True,completed
118,known_visit,ACBBA,bernoulli,drop_0.25,19,361,4,10,acbba_h8_bernoulli_025,C:\Users\lottj\Desktop\research\decentralized benchmark\commitment-horizon-study\reference_core_benchmark_pilot\known_visit_10target_300.csv,2,14,3,28.06380790840654,28.06380790840654,00,00,1,0,True,completed
118,known_visit,ACBBA,bernoulli,drop_0.25,19,361,4,10,acbba_h8_bernoulli_025,C:\Users\lottj\Desktop\research\decentralized benchmark\commitment-horizon-study\reference_core_benchmark_pilot\known_visit_10target_300.csv,3,8,16,26.628996816539665,26.628996816539665,02,02,1,0,True,completed
118,known_visit,ACBBA,bernoulli,drop_0.25,19,361,4,10,acbba_h8_bernoulli_025,C:\Users\lottj\Desktop\research\decentralized benchmark\commitment-horizon-study\reference_core_benchmark_pilot\known_visit_10target_300.csv,4,17,10,60.95167919304593,60.95167919304593,00,00,1,0,True,completed
118,known_visit,ACBBA,bernoulli,drop_0.25,19,361,4,10,acbba_h8_bernoulli_025,C:\Users\lottj\Desktop\research\decentralized benchmark\commitment-horizon-study\reference_core_benchmark_pilot\known_visit_10target_300.csv,5,3,5,26.192909426197517,26.192909426197517,03,03,2,1,True,completed
118,known_visit,ACBBA,bernoulli,drop_0.25,19,361,4,10,acbba_h8_bernoulli_025,C:\Users\lottj\Desktop\research\decentralized benchmark\commitment-horizon-study\reference_core_benchmark_pilot\known_visit_10target_300.csv,6,12,8,41.027525335006025,41.027525335006025,00,00,1,0,True,completed
118,known_visit,ACBBA,bernoulli,drop_0.25,19,361,4,10,acbba_h8_bernoulli_025,C:\Users\lottj\Desktop\research\decentralized benchmark\commitment-horizon-study\reference_core_benchmark_pilot\known_visit_10target_300.csv,7,18,7,53.49811659287071,53.49811659287071,00,00,1,0,True,completed
118,known_visit,ACBBA,bernoulli,drop_0.25,19,361,4,10,acbba_h8_bernoulli_025,C:\Users\lottj\Desktop\research\decentralized benchmark\commitment-horizon-study\reference_core_benchmark_pilot\known_visit_10target_300.csv,8,8,10,16.304034889555265,16.304034889555265,02,02,2,1,True,completed
118,known_visit,ACBBA,bernoulli,drop_0.25,19,361,4,10,acbba_h8_bernoulli_025,C:\Users\lottj\Desktop\research\decentralized benchmark\commitment-horizon-study\reference_core_benchmark_pilot\known_visit_10target_300.csv,9,12,1,20.938448804686995,20.938448804686995,00,00,2,1,True,completed
118,known_visit,ACBBA,bernoulli,drop_0.25,19,361,4,10,acbba_h8_bernoulli_025,C:\Users\lottj\Desktop\research\decentralized benchmark\commitment-horizon-study\reference_core_benchmark_pilot\known_visit_10target_300.csv,10,12,5,35.56144413305879,35.56144413305879,00,00,1,0,True,completed
119,known_visit,ACBBA,bernoulli,drop_0.25,19,361,4,10,acbba_h8_bernoulli_025,C:\Users\lottj\Desktop\research\decentralized benchmark\commitment-horizon-study\reference_core_benchmark_pilot\known_visit_10target_300.csv,1,1,1,2.2862087947998018,2.2862087947998018,00,00,2,1,True,completed
119,known_visit,ACBBA,bernoulli,drop_0.25,19,361,4,10,acbba_h8_bernoulli_025,C:\Users\lottj\Desktop\research\decentralized benchmark\commitment-horizon-study\reference_core_benchmark_pilot\known_visit_10target_300.csv,2,11,8,21.241519264538507,21.241519264538507,01,01,2,1,True,completed
119,known_visit,ACBBA,bernoulli,drop_0.25,19,361,4,10,acbba_h8_bernoulli_025,C:\Users\lottj\Desktop\research\decentralized benchmark\commitment-horizon-study\reference_core_benchmark_pilot\known_visit_10target_300.csv,3,15,6,74.55179688296585,74.55179688296585,02,02,1,0,True,completed
119,known_visit,ACBBA,bernoulli,drop_0.25,19,361,4,10,acbba_h8_bernoulli_025,C:\Users\lottj\Desktop\research\decentralized benchmark\commitment-horizon-study\reference_core_benchmark_pilot\known_visit_10target_300.csv,4,6,9,24.83223796087463,24.83223796087463,00,00,3,2,True,completed
119,known_visit,ACBBA,bernoulli,drop_0.25,19,361,4,10,acbba_h8_bernoulli_025,C:\Users\lottj\Desktop\research\decentralized benchmark\commitment-horizon-study\reference_core_benchmark_pilot\known_visit_10target_300.csv,5,18,11,88.38313372111921,88.38313372111921,02,02,1,0,True,completed
119,known_visit,ACBBA,bernoulli,drop_0.25,19,361,4,10,acbba_h8_bernoulli_025,C:\Users\lottj\Desktop\research\decentralized benchmark\commitment-horizon-study\reference_core_benchmark_pilot\known_visit_10target_300.csv,6,4,18,5.270184438418864,5.270184438418864,03,03,1,0,True,completed
119,known_visit,ACBBA,bernoulli,drop_0.25,19,361,4,10,acbba_h8_bernoulli_025,C:\Users\lottj\Desktop\research\decentralized benchmark\commitment-horizon-study\reference_core_benchmark_pilot\known_visit_10target_300.csv,7,17,17,30.009392945649978,30.009392945649978,03,03,2,1,True,completed
119,known_visit,ACBBA,bernoulli,drop_0.25,19,361,4,10,acbba_h8_bernoulli_025,C:\Users\lottj\Desktop\research\decentralized benchmark\commitment-horizon-study\reference_core_benchmark_pilot\known_visit_10target_300.csv,8,16,17,28.104975015005206,28.104975015005206,03,03,2,1,True,completed
119,known_visit,ACBBA,bernoulli,drop_0.25,19,361,4,10,acbba_h8_bernoulli_025,C:\Users\lottj\Desktop\research\decentralized benchmark\commitment-horizon-study\reference_core_benchmark_pilot\known_visit_10target_300.csv,9,3,6,14.500592339931629,14.500592339931629,00,00,1,0,True,completed
119,known_visit,ACBBA,bernoulli,drop_0.25,19,361,4,10,acbba_h8_bernoulli_025,C:\Users\lottj\Desktop\research\decentralized benchmark\commitment-horizon-study\reference_core_benchmark_pilot\known_visit_10target_300.csv,10,2,7,3.8365544397344813,3.8365544397344813,01,01,2,1,True,completed
120,known_visit,ACBBA,bernoulli,drop_0.25,19,361,4,10,acbba_h8_bernoulli_025,C:\Users\lottj\Desktop\research\decentralized benchmark\commitment-horizon-study\reference_core_benchmark_pilot\known_visit_10target_300.csv,1,7,9,16.209321814568042,16.209321814568042,02,02,1,0,True,completed
120,known_visit,ACBBA,bernoulli,drop_0.25,19,361,4,10,acbba_h8_bernoulli_025,C:\Users\lottj\Desktop\research\decentralized benchmark\commitment-horizon-study\reference_core_benchmark_pilot\known_visit_10target_300.csv,2,5,18,11.051615942743142,11.051615942743142,03,03,1,0,True,completed
120,known_visit,ACBBA,bernoulli,drop_0.25,19,361,4,10,acbba_h8_bernoulli_025,C:\Users\lottj\Desktop\research\decentralized benchmark\commitment-horizon-study\reference_core_benchmark_pilot\known_visit_10target_300.csv,3,8,4,29.531022801194176,29.531022801194176,00,00,1,0,True,completed
120,known_visit,ACBBA,bernoulli,drop_0.25,19,361,4,10,acbba_h8_bernoulli_025,C:\Users\lottj\Desktop\research\decentralized benchmark\commitment-horizon-study\reference_core_benchmark_pilot\known_visit_10target_300.csv,4,6,8,12.266308184118014,12.266308184118014,01,01,2,1,True,completed
120,known_visit,ACBBA,bernoulli,drop_0.25,19,361,4,10,acbba_h8_bernoulli_025,C:\Users\lottj\Desktop\research\decentralized benchmark\commitment-horizon-study\reference_core_benchmark_pilot\known_visit_10target_300.csv,5,9,0,13.721277867532105,13.721277867532105,00,00,1,0,True,completed
120,known_visit,ACBBA,bernoulli,drop_0.25,19,361,4,10,acbba_h8_bernoulli_025,C:\Users\lottj\Desktop\research\decentralized benchmark\commitment-horizon-study\reference_core_benchmark_pilot\known_visit_10target_300.csv,6,13,9,42.22337711702277,42.22337711702277,03,03,1,0,True,completed
120,known_visit,ACBBA,bernoulli,drop_0.25,19,361,4,10,acbba_h8_bernoulli_025,C:\Users\lottj\Desktop\research\decentralized benchmark\commitment-horizon-study\reference_core_benchmark_pilot\known_visit_10target_300.csv,7,11,15,28.03947147601129,28.03947147601129,03,03,1,0,True,completed
120,known_visit,ACBBA,bernoulli,drop_0.25,19,361,4,10,acbba_h8_bernoulli_025,C:\Users\lottj\Desktop\research\decentralized benchmark\commitment-horizon-study\reference_core_benchmark_pilot\known_visit_10target_300.csv,8,13,14,33.65137204914637,33.65137204914637,03,03,1,0,True,completed
120,known_visit,ACBBA,bernoulli,drop_0.25,19,361,4,10,acbba_h8_bernoulli_025,C:\Users\lottj\Desktop\research\decentralized benchmark\commitment-horizon-study\reference_core_benchmark_pilot\known_visit_10target_300.csv,9,11,1,18.9805291858297,18.9805291858297,00,00,1,0,True,completed
120,known_visit,ACBBA,bernoulli,drop_0.25,19,361,4,10,acbba_h8_bernoulli_025,C:\Users\lottj\Desktop\research\decentralized benchmark\commitment-horizon-study\reference_core_benchmark_pilot\known_visit_10target_300.csv,10,2,17,3.8001986773310263,3.8001986773310263,03,03,2,1,True,completed
121,known_visit,ACBBA,bernoulli,drop_0.25,19,361,4,10,acbba_h8_bernoulli_025,C:\Users\lottj\Desktop\research\decentralized benchmark\commitment-horizon-study\reference_core_benchmark_pilot\known_visit_10target_300.csv,1,2,4,5.578823010366442,5.578823010366442,01,01,1,0,True,completed
121,known_visit,ACBBA,bernoulli,drop_0.25,19,361,4,10,acbba_h8_bernoulli_025,C:\Users\lottj\Desktop\research\decentralized benchmark\commitment-horizon-study\reference_core_benchmark_pilot\known_visit_10target_300.csv,2,11,9,38.63239829882127,38.63239829882127,02,02,1,0,True,completed
121,known_visit,ACBBA,bernoulli,drop_0.25,19,361,4,10,acbba_h8_bernoulli_025,C:\Users\lottj\Desktop\research\decentralized benchmark\commitment-horizon-study\reference_core_benchmark_pilot\known_visit_10target_300.csv,3,12,0,23.49031022478698,23.49031022478698,00,00,1,0,True,completed
121,known_visit,ACBBA,bernoulli,drop_0.25,19,361,4,10,acbba_h8_bernoulli_025,C:\Users\lottj\Desktop\research\decentralized benchmark\commitment-horizon-study\reference_core_benchmark_pilot\known_visit_10target_300.csv,4,7,13,12.667137717537662,12.667137717537662,02,02,2,1,True,completed
121,known_visit,ACBBA,bernoulli,drop_0.25,19,361,4,10,acbba_h8_bernoulli_025,C:\Users\lottj\Desktop\research\decentralized benchmark\commitment-horizon-study\reference_core_benchmark_pilot\known_visit_10target_300.csv,5,1,17,2.2833043821063357,2.2833043821063357,03,03,1,0,True,completed
121,known_visit,ACBBA,bernoulli,drop_0.25,19,361,4,10,acbba_h8_bernoulli_025,C:\Users\lottj\Desktop\research\decentralized benchmark\commitment-horizon-study\reference_core_benchmark_pilot\known_visit_10target_300.csv,6,13,1,27.30814724429198,27.30814724429198,00,00,1,0,True,completed
121,known_visit,ACBBA,bernoulli,drop_0.25,19,361,4,10,acbba_h8_bernoulli_025,C:\Users\lottj\Desktop\research\decentralized benchmark\commitment-horizon-study\reference_core_benchmark_pilot\known_visit_10target_300.csv,7,13,0,25.273128383226453,25.273128383226453,00,00,1,0,True,completed
121,known_visit,ACBBA,bernoulli,drop_0.25,19,361,4,10,acbba_h8_bernoulli_025,C:\Users\lottj\Desktop\research\decentralized benchmark\commitment-horizon-study\reference_core_benchmark_pilot\known_visit_10target_300.csv,8,11,6,39.6652155378267,39.6652155378267,00,00,1,0,True,completed
121,known_visit,ACBBA,bernoulli,drop_0.25,19,361,4,10,acbba_h8_bernoulli_025,C:\Users\lottj\Desktop\research\decentralized benchmark\commitment-horizon-study\reference_core_benchmark_pilot\known_visit_10target_300.csv,9,5,1,9.068386106896824,9.068386106896824,00,00,1,0,True,completed
121,known_visit,ACBBA,bernoulli,drop_0.25,19,361,4,10,acbba_h8_bernoulli_025,C:\Users\lottj\Desktop\research\decentralized benchmark\commitment-horizon-study\reference_core_benchmark_pilot\known_visit_10target_300.csv,10,7,0,14.901365087234716,14.901365087234716,00,00,1,0,True,completed
122,known_visit,ACBBA,bernoulli,drop_0.25,19,361,4,10,acbba_h8_bernoulli_025,C:\Users\lottj\Desktop\research\decentralized benchmark\commitment-horizon-study\reference_core_benchmark_pilot\known_visit_10target_300.csv,1,3,6,14.415785759201784,14.415785759201784,02,02,1,0,True,completed
122,known_visit,ACBBA,bernoulli,drop_0.25,19,361,4,10,acbba_h8_bernoulli_025,C:\Users\lottj\Desktop\research\decentralized benchmark\commitment-horizon-study\reference_core_benchmark_pilot\known_visit_10target_300.csv,2,14,17,23.956687922806534,23.956687922806534,03,03,1,0,True,completed
122,known_visit,ACBBA,bernoulli,drop_0.25,19,361,4,10,acbba_h8_bernoulli_025,C:\Users\lottj\Desktop\research\decentralized benchmark\commitment-horizon-study\reference_core_benchmark_pilot\known_visit_10target_300.csv,3,17,8,50.45960598036176,50.45960598036176,02,02,2,1,True,completed
122,known_visit,ACBBA,bernoulli,drop_0.25,19,361,4,10,acbba_h8_bernoulli_025,C:\Users\lottj\Desktop\research\decentralized benchmark\commitment-horizon-study\reference_core_benchmark_pilot\known_visit_10target_300.csv,4,16,1,27.76936716092039,27.76936716092039,00,00,1,0,True,completed
122,known_visit,ACBBA,bernoulli,drop_0.25,19,361,4,10,acbba_h8_bernoulli_025,C:\Users\lottj\Desktop\research\decentralized benchmark\commitment-horizon-study\reference_core_benchmark_pilot\known_visit_10target_300.csv,5,13,1,22.356004934373683,22.356004934373683,00,00,1,0,True,completed
122,known_visit,ACBBA,bernoulli,drop_0.25,19,361,4,10,acbba_h8_bernoulli_025,C:\Users\lottj\Desktop\research\decentralized benchmark\commitment-horizon-study\reference_core_benchmark_pilot\known_visit_10target_300.csv,6,7,9,26.984217653549265,26.984217653549265,02,02,1,0,True,completed
122,known_visit,ACBBA,bernoulli,drop_0.25,19,361,4,10,acbba_h8_bernoulli_025,C:\Users\lottj\Desktop\research\decentralized benchmark\commitment-horizon-study\reference_core_benchmark_pilot\known_visit_10target_300.csv,7,1,18,0.1639481107553687,0.1639481107553687,03,03,2,1,True,completed
122,known_visit,ACBBA,bernoulli,drop_0.25,19,361,4,10,acbba_h8_bernoulli_025,C:\Users\lottj\Desktop\research\decentralized benchmark\commitment-horizon-study\reference_core_benchmark_pilot\known_visit_10target_300.csv,8,9,11,50.85919829478095,50.85919829478095,01,01,1,0,True,completed
122,known_visit,ACBBA,bernoulli,drop_0.25,19,361,4,10,acbba_h8_bernoulli_025,C:\Users\lottj\Desktop\research\decentralized benchmark\commitment-horizon-study\reference_core_benchmark_pilot\known_visit_10target_300.csv,9,13,3,36.753932156491004,36.753932156491004,00,00,1,0,True,completed
122,known_visit,ACBBA,bernoulli,drop_0.25,19,361,4,10,acbba_h8_bernoulli_025,C:\Users\lottj\Desktop\research\decentralized benchmark\commitment-horizon-study\reference_core_benchmark_pilot\known_visit_10target_300.csv,10,16,5,58.06000527533138,58.06000527533138,02,02,1,0,True,completed
123,known_visit,ACBBA,bernoulli,drop_0.25,19,361,4,10,acbba_h8_bernoulli_025,C:\Users\lottj\Desktop\research\decentralized benchmark\commitment-horizon-study\reference_core_benchmark_pilot\known_visit_10target_300.csv,1,4,12,5.11664991668065,5.11664991668065,02,02,2,1,True,completed
123,known_visit,ACBBA,bernoulli,drop_0.25,19,361,4,10,acbba_h8_bernoulli_025,C:\Users\lottj\Desktop\research\decentralized benchmark\commitment-horizon-study\reference_core_benchmark_pilot\known_visit_10target_300.csv,2,15,11,66.66617705037915,66.66617705037915,00,00,1,0,True,completed
123,known_visit,ACBBA,bernoulli,drop_0.25,19,361,4,10,acbba_h8_bernoulli_025,C:\Users\lottj\Desktop\research\decentralized benchmark\commitment-horizon-study\reference_core_benchmark_pilot\known_visit_10target_300.csv,3,16,3,89.70092381313009,89.70092381313009,00,00,1,0,True,completed
123,known_visit,ACBBA,bernoulli,drop_0.25,19,361,4,10,acbba_h8_bernoulli_025,C:\Users\lottj\Desktop\research\decentralized benchmark\commitment-horizon-study\reference_core_benchmark_pilot\known_visit_10target_300.csv,4,14,9,61.29677205248497,61.29677205248497,00,00,1,0,True,completed
123,known_visit,ACBBA,bernoulli,drop_0.25,19,361,4,10,acbba_h8_bernoulli_025,C:\Users\lottj\Desktop\research\decentralized benchmark\commitment-horizon-study\reference_core_benchmark_pilot\known_visit_10target_300.csv,5,9,8,50.733334125515206,50.733334125515206,00,00,1,0,True,completed
123,known_visit,ACBBA,bernoulli,drop_0.25,19,361,4,10,acbba_h8_bernoulli_025,C:\Users\lottj\Desktop\research\decentralized benchmark\commitment-horizon-study\reference_core_benchmark_pilot\known_visit_10target_300.csv,6,15,4,117.62347583708753,117.62347583708753,03,03,1,0,True,completed
123,known_visit,ACBBA,bernoulli,drop_0.25,19,361,4,10,acbba_h8_bernoulli_025,C:\Users\lottj\Desktop\research\decentralized benchmark\commitment-horizon-study\reference_core_benchmark_pilot\known_visit_10target_300.csv,7,12,17,21.03311800772597,21.03311800772597,03,03,1,0,True,completed
123,known_visit,ACBBA,bernoulli,drop_0.25,19,361,4,10,acbba_h8_bernoulli_025,C:\Users\lottj\Desktop\research\decentralized benchmark\commitment-horizon-study\reference_core_benchmark_pilot\known_visit_10target_300.csv,8,18,8,77.35725297764635,77.35725297764635,00,00,1,0,True,completed
123,known_visit,ACBBA,bernoulli,drop_0.25,19,361,4,10,acbba_h8_bernoulli_025,C:\Users\lottj\Desktop\research\decentralized benchmark\commitment-horizon-study\reference_core_benchmark_pilot\known_visit_10target_300.csv,9,2,11,10.600473752452833,10.600473752452833,01,01,2,1,True,completed
123,known_visit,ACBBA,bernoulli,drop_0.25,19,361,4,10,acbba_h8_bernoulli_025,C:\Users\lottj\Desktop\research\decentralized benchmark\commitment-horizon-study\reference_core_benchmark_pilot\known_visit_10target_300.csv,10,7,10,43.549256731343476,43.549256731343476,00,00,2,1,True,completed
124,known_visit,ACBBA,bernoulli,drop_0.25,19,361,4,10,acbba_h8_bernoulli_025,C:\Users\lottj\Desktop\research\decentralized benchmark\commitment-horizon-study\reference_core_benchmark_pilot\known_visit_10target_300.csv,1,5,0,11.233122587737249,11.233122587737249,00,00,1,0,True,completed
124,known_visit,ACBBA,bernoulli,drop_0.25,19,361,4,10,acbba_h8_bernoulli_025,C:\Users\lottj\Desktop\research\decentralized benchmark\commitment-horizon-study\reference_core_benchmark_pilot\known_visit_10target_300.csv,2,2,11,3.869315208131099,3.869315208131099,02,02,1,0,True,completed
124,known_visit,ACBBA,bernoulli,drop_0.25,19,361,4,10,acbba_h8_bernoulli_025,C:\Users\lottj\Desktop\research\decentralized benchmark\commitment-horizon-study\reference_core_benchmark_pilot\known_visit_10target_300.csv,3,4,7,8.432541122882297,8.432541122882297,01,01,1,0,True,completed
124,known_visit,ACBBA,bernoulli,drop_0.25,19,361,4,10,acbba_h8_bernoulli_025,C:\Users\lottj\Desktop\research\decentralized benchmark\commitment-horizon-study\reference_core_benchmark_pilot\known_visit_10target_300.csv,4,10,14,30.880678375695904,30.880678375695904,02,02,1,0,True,completed
124,known_visit,ACBBA,bernoulli,drop_0.25,19,361,4,10,acbba_h8_bernoulli_025,C:\Users\lottj\Desktop\research\decentralized benchmark\commitment-horizon-study\reference_core_benchmark_pilot\known_visit_10target_300.csv,5,9,14,35.074572525369526,35.074572525369526,02,02,1,0,True,completed
124,known_visit,ACBBA,bernoulli,drop_0.25,19,361,4,10,acbba_h8_bernoulli_025,C:\Users\lottj\Desktop\research\decentralized benchmark\commitment-horizon-study\reference_core_benchmark_pilot\known_visit_10target_300.csv,6,13,18,31.77037727163747,31.77037727163747,03,03,1,0,True,completed
124,known_visit,ACBBA,bernoulli,drop_0.25,19,361,4,10,acbba_h8_bernoulli_025,C:\Users\lottj\Desktop\research\decentralized benchmark\commitment-horizon-study\reference_core_benchmark_pilot\known_visit_10target_300.csv,7,11,12,21.768786517036315,21.768786517036315,02,02,1,0,True,completed
124,known_visit,ACBBA,bernoulli,drop_0.25,19,361,4,10,acbba_h8_bernoulli_025,C:\Users\lottj\Desktop\research\decentralized benchmark\commitment-horizon-study\reference_core_benchmark_pilot\known_visit_10target_300.csv,8,3,1,5.378807592414558,5.378807592414558,00,00,1,0,True,completed
124,known_visit,ACBBA,bernoulli,drop_0.25,19,361,4,10,acbba_h8_bernoulli_025,C:\Users\lottj\Desktop\research\decentralized benchmark\commitment-horizon-study\reference_core_benchmark_pilot\known_visit_10target_300.csv,9,7,15,15.98230152370907,15.98230152370907,03,03,1,0,True,completed
124,known_visit,ACBBA,bernoulli,drop_0.25,19,361,4,10,acbba_h8_bernoulli_025,C:\Users\lottj\Desktop\research\decentralized benchmark\commitment-horizon-study\reference_core_benchmark_pilot\known_visit_10target_300.csv,10,6,3,18.73587454850464,18.73587454850464,00,00,1,0,True,completed
125,known_visit,ACBBA,bernoulli,drop_0.25,19,361,4,10,acbba_h8_bernoulli_025,C:\Users\lottj\Desktop\research\decentralized benchmark\commitment-horizon-study\reference_core_benchmark_pilot\known_visit_10target_300.csv,1,2,11,7.924764179532786,7.924764179532786,02,02,1,0,True,completed
125,known_visit,ACBBA,bernoulli,drop_0.25,19,361,4,10,acbba_h8_bernoulli_025,C:\Users\lottj\Desktop\research\decentralized benchmark\commitment-horizon-study\reference_core_benchmark_pilot\known_visit_10target_300.csv,2,11,10,31.87329543893427,31.87329543893427,01,01,1,0,True,completed
125,known_visit,ACBBA,bernoulli,drop_0.25,19,361,4,10,acbba_h8_bernoulli_025,C:\Users\lottj\Desktop\research\decentralized benchmark\commitment-horizon-study\reference_core_benchmark_pilot\known_visit_10target_300.csv,3,12,4,40.89340347884796,40.89340347884796,00,00,1,0,True,completed
125,known_visit,ACBBA,bernoulli,drop_0.25,19,361,4,10,acbba_h8_bernoulli_025,C:\Users\lottj\Desktop\research\decentralized benchmark\commitment-horizon-study\reference_core_benchmark_pilot\known_visit_10target_300.csv,4,2,0,1.951095324695985,1.951095324695985,00,00,1,0,True,completed
125,known_visit,ACBBA,bernoulli,drop_0.25,19,361,4,10,acbba_h8_bernoulli_025,C:\Users\lottj\Desktop\research\decentralized benchmark\commitment-horizon-study\reference_core_benchmark_pilot\known_visit_10target_300.csv,5,12,13,28.20288658885517,28.20288658885517,03,03,2,1,True,completed
125,known_visit,ACBBA,bernoulli,drop_0.25,19,361,4,10,acbba_h8_bernoulli_025,C:\Users\lottj\Desktop\research\decentralized benchmark\commitment-horizon-study\reference_core_benchmark_pilot\known_visit_10target_300.csv,6,14,3,46.235672902780614,46.235672902780614,00,00,1,0,True,completed
125,known_visit,ACBBA,bernoulli,drop_0.25,19,361,4,10,acbba_h8_bernoulli_025,C:\Users\lottj\Desktop\research\decentralized benchmark\commitment-horizon-study\reference_core_benchmark_pilot\known_visit_10target_300.csv,7,17,16,44.32177128450702,44.32177128450702,02,02,1,0,True,completed
125,known_visit,ACBBA,bernoulli,drop_0.25,19,361,4,10,acbba_h8_bernoulli_025,C:\Users\lottj\Desktop\research\decentralized benchmark\commitment-horizon-study\reference_core_benchmark_pilot\known_visit_10target_300.csv,8,18,17,47.95794598751238,47.95794598751238,02,02,1,0,True,completed
125,known_visit,ACBBA,bernoulli,drop_0.25,19,361,4,10,acbba_h8_bernoulli_025,C:\Users\lottj\Desktop\research\decentralized benchmark\commitment-horizon-study\reference_core_benchmark_pilot\known_visit_10target_300.csv,9,0,14,5.677370646651199,5.677370646651199,03,03,1,0,True,completed
125,known_visit,ACBBA,bernoulli,drop_0.25,19,361,4,10,acbba_h8_bernoulli_025,C:\Users\lottj\Desktop\research\decentralized benchmark\commitment-horizon-study\reference_core_benchmark_pilot\known_visit_10target_300.csv,10,0,4,2.2382147925576446,2.2382147925576446,01,01,2,1,True,completed
126,known_visit,ACBBA,bernoulli,drop_0.25,19,361,4,10,acbba_h8_bernoulli_025,C:\Users\lottj\Desktop\research\decentralized benchmark\commitment-horizon-study\reference_core_benchmark_pilot\known_visit_10target_300.csv,1,3,2,7.484786873834558,7.484786873834558,00,00,2,1,True,completed
126,known_visit,ACBBA,bernoulli,drop_0.25,19,361,4,10,acbba_h8_bernoulli_025,C:\Users\lottj\Desktop\research\decentralized benchmark\commitment-horizon-study\reference_core_benchmark_pilot\known_visit_10target_300.csv,2,18,8,75.62953803284442,75.62953803284442,02,02,1,0,True,completed
126,known_visit,ACBBA,bernoulli,drop_0.25,19,361,4,10,acbba_h8_bernoulli_025,C:\Users\lottj\Desktop\research\decentralized benchmark\commitment-horizon-study\reference_core_benchmark_pilot\known_visit_10target_300.csv,3,9,6,13.523265475084433,13.523265475084433,01,01,2,1,True,completed
126,known_visit,ACBBA,bernoulli,drop_0.25,19,361,4,10,acbba_h8_bernoulli_025,C:\Users\lottj\Desktop\research\decentralized benchmark\commitment-horizon-study\reference_core_benchmark_pilot\known_visit_10target_300.csv,4,15,4,27.48731510405593,27.48731510405593,01,01,1,0,True,completed
126,known_visit,ACBBA,bernoulli,drop_0.25,19,361,4,10,acbba_h8_bernoulli_025,C:\Users\lottj\Desktop\research\decentralized benchmark\commitment-horizon-study\reference_core_benchmark_pilot\known_visit_10target_300.csv,5,14,6,21.98367313525284,21.98367313525284,01,01,2,1,True,completed
126,known_visit,ACBBA,bernoulli,drop_0.25,19,361,4,10,acbba_h8_bernoulli_025,C:\Users\lottj\Desktop\research\decentralized benchmark\commitment-horizon-study\reference_core_benchmark_pilot\known_visit_10target_300.csv,6,12,0,39.78465780815558,39.78465780815558,01,01,2,1,True,completed
126,known_visit,ACBBA,bernoulli,drop_0.25,19,361,4,10,acbba_h8_bernoulli_025,C:\Users\lottj\Desktop\research\decentralized benchmark\commitment-horizon-study\reference_core_benchmark_pilot\known_visit_10target_300.csv,7,11,4,39.103306503485044,39.103306503485044,00,00,2,1,True,completed
126,known_visit,ACBBA,bernoulli,drop_0.25,19,361,4,10,acbba_h8_bernoulli_025,C:\Users\lottj\Desktop\research\decentralized benchmark\commitment-horizon-study\reference_core_benchmark_pilot\known_visit_10target_300.csv,8,12,18,43.99061232134961,43.99061232134961,02,02,1,0,True,completed
126,known_visit,ACBBA,bernoulli,drop_0.25,19,361,4,10,acbba_h8_bernoulli_025,C:\Users\lottj\Desktop\research\decentralized benchmark\commitment-horizon-study\reference_core_benchmark_pilot\known_visit_10target_300.csv,9,5,15,12.689977764907852,12.689977764907852,03,03,2,1,True,completed
126,known_visit,ACBBA,bernoulli,drop_0.25,19,361,4,10,acbba_h8_bernoulli_025,C:\Users\lottj\Desktop\research\decentralized benchmark\commitment-horizon-study\reference_core_benchmark_pilot\known_visit_10target_300.csv,10,11,11,58.31855503876507,58.31855503876507,02,02,1,0,True,completed
127,known_visit,ACBBA,bernoulli,drop_0.25,19,361,4,10,acbba_h8_bernoulli_025,C:\Users\lottj\Desktop\research\decentralized benchmark\commitment-horizon-study\reference_core_benchmark_pilot\known_visit_10target_300.csv,1,5,16,10.905501675301705,10.905501675301705,03,03,1,0,True,completed
127,known_visit,ACBBA,bernoulli,drop_0.25,19,361,4,10,acbba_h8_bernoulli_025,C:\Users\lottj\Desktop\research\decentralized benchmark\commitment-horizon-study\reference_core_benchmark_pilot\known_visit_10target_300.csv,2,16,2,33.01723057865447,33.01723057865447,01,01,1,0,True,completed
127,known_visit,ACBBA,bernoulli,drop_0.25,19,361,4,10,acbba_h8_bernoulli_025,C:\Users\lottj\Desktop\research\decentralized benchmark\commitment-horizon-study\reference_core_benchmark_pilot\known_visit_10target_300.csv,3,16,16,47.2889750229133,47.2889750229133,03,03,1,0,True,completed
127,known_visit,ACBBA,bernoulli,drop_0.25,19,361,4,10,acbba_h8_bernoulli_025,C:\Users\lottj\Desktop\research\decentralized benchmark\commitment-horizon-study\reference_core_benchmark_pilot\known_visit_10target_300.csv,4,1,17,2.124939221747101,2.124939221747101,03,03,2,1,True,completed
127,known_visit,ACBBA,bernoulli,drop_0.25,19,361,4,10,acbba_h8_bernoulli_025,C:\Users\lottj\Desktop\research\decentralized benchmark\commitment-horizon-study\reference_core_benchmark_pilot\known_visit_10target_300.csv,5,9,12,39.00032717046873,39.00032717046873,00,00,1,0,True,completed
127,known_visit,ACBBA,bernoulli,drop_0.25,19,361,4,10,acbba_h8_bernoulli_025,C:\Users\lottj\Desktop\research\decentralized benchmark\commitment-horizon-study\reference_core_benchmark_pilot\known_visit_10target_300.csv,6,1,4,3.8269157888155245,3.8269157888155245,01,01,2,1,True,completed
127,known_visit,ACBBA,bernoulli,drop_0.25,19,361,4,10,acbba_h8_bernoulli_025,C:\Users\lottj\Desktop\research\decentralized benchmark\commitment-horizon-study\reference_core_benchmark_pilot\known_visit_10target_300.csv,7,13,16,24.136066264813582,24.136066264813582,03,03,1,0,True,completed
127,known_visit,ACBBA,bernoulli,drop_0.25,19,361,4,10,acbba_h8_bernoulli_025,C:\Users\lottj\Desktop\research\decentralized benchmark\commitment-horizon-study\reference_core_benchmark_pilot\known_visit_10target_300.csv,8,7,16,14.32923983307808,14.32923983307808,03,03,1,0,True,completed
127,known_visit,ACBBA,bernoulli,drop_0.25,19,361,4,10,acbba_h8_bernoulli_025,C:\Users\lottj\Desktop\research\decentralized benchmark\commitment-horizon-study\reference_core_benchmark_pilot\known_visit_10target_300.csv,9,2,1,4.023051457705197,4.023051457705197,00,00,1,0,True,completed
127,known_visit,ACBBA,bernoulli,drop_0.25,19,361,4,10,acbba_h8_bernoulli_025,C:\Users\lottj\Desktop\research\decentralized benchmark\commitment-horizon-study\reference_core_benchmark_pilot\known_visit_10target_300.csv,10,17,6,42.02669863951494,42.02669863951494,01,01,1,0,True,completed
128,known_visit,ACBBA,bernoulli,drop_0.25,19,361,4,10,acbba_h8_bernoulli_025,C:\Users\lottj\Desktop\research\decentralized benchmark\commitment-horizon-study\reference_core_benchmark_pilot\known_visit_10target_300.csv,1,5,9,13.524284297347396,13.524284297347396,02,02,2,1,True,completed
128,known_visit,ACBBA,bernoulli,drop_0.25,19,361,4,10,acbba_h8_bernoulli_025,C:\Users\lottj\Desktop\research\decentralized benchmark\commitment-horizon-study\reference_core_benchmark_pilot\known_visit_10target_300.csv,2,4,10,9.948021857322832,9.948021857322832,02,02,1,0,True,completed
128,known_visit,ACBBA,bernoulli,drop_0.25,19,361,4,10,acbba_h8_bernoulli_025,C:\Users\lottj\Desktop\research\decentralized benchmark\commitment-horizon-study\reference_core_benchmark_pilot\known_visit_10target_300.csv,3,14,0,30.167491558126795,30.167491558126795,00,00,1,0,True,completed
128,known_visit,ACBBA,bernoulli,drop_0.25,19,361,4,10,acbba_h8_bernoulli_025,C:\Users\lottj\Desktop\research\decentralized benchmark\commitment-horizon-study\reference_core_benchmark_pilot\known_visit_10target_300.csv,4,0,17,0.5047050725494482,0.5047050725494482,03,03,1,0,True,completed
128,known_visit,ACBBA,bernoulli,drop_0.25,19,361,4,10,acbba_h8_bernoulli_025,C:\Users\lottj\Desktop\research\decentralized benchmark\commitment-horizon-study\reference_core_benchmark_pilot\known_visit_10target_300.csv,5,0,1,0.5092001126789185,0.5092001126789185,00,00,1,0,True,completed
128,known_visit,ACBBA,bernoulli,drop_0.25,19,361,4,10,acbba_h8_bernoulli_025,C:\Users\lottj\Desktop\research\decentralized benchmark\commitment-horizon-study\reference_core_benchmark_pilot\known_visit_10target_300.csv,6,10,13,29.0752715367238,29.0752715367238,02,02,2,1,True,completed
128,known_visit,ACBBA,bernoulli,drop_0.25,19,361,4,10,acbba_h8_bernoulli_025,C:\Users\lottj\Desktop\research\decentralized benchmark\commitment-horizon-study\reference_core_benchmark_pilot\known_visit_10target_300.csv,7,8,2,16.29187665783031,16.29187665783031,00,00,2,1,True,completed
128,known_visit,ACBBA,bernoulli,drop_0.25,19,361,4,10,acbba_h8_bernoulli_025,C:\Users\lottj\Desktop\research\decentralized benchmark\commitment-horizon-study\reference_core_benchmark_pilot\known_visit_10target_300.csv,8,14,9,43.37948034064028,43.37948034064028,02,02,1,0,True,completed
128,known_visit,ACBBA,bernoulli,drop_0.25,19,361,4,10,acbba_h8_bernoulli_025,C:\Users\lottj\Desktop\research\decentralized benchmark\commitment-horizon-study\reference_core_benchmark_pilot\known_visit_10target_300.csv,9,18,7,54.06355468292108,54.06355468292108,02,02,1,0,True,completed
128,known_visit,ACBBA,bernoulli,drop_0.25,19,361,4,10,acbba_h8_bernoulli_025,C:\Users\lottj\Desktop\research\decentralized benchmark\commitment-horizon-study\reference_core_benchmark_pilot\known_visit_10target_300.csv,10,5,18,11.309000606767926,11.309000606767926,03,03,1,0,True,completed
129,known_visit,ACBBA,bernoulli,drop_0.25,19,361,4,10,acbba_h8_bernoulli_025,C:\Users\lottj\Desktop\research\decentralized benchmark\commitment-horizon-study\reference_core_benchmark_pilot\known_visit_10target_300.csv,1,2,4,8.729289012943292,8.729289012943292,00,00,1,0,True,completed
129,known_visit,ACBBA,bernoulli,drop_0.25,19,361,4,10,acbba_h8_bernoulli_025,C:\Users\lottj\Desktop\research\decentralized benchmark\commitment-horizon-study\reference_core_benchmark_pilot\known_visit_10target_300.csv,2,9,12,25.48520456543551,25.48520456543551,03,03,1,0,True,completed
129,known_visit,ACBBA,bernoulli,drop_0.25,19,361,4,10,acbba_h8_bernoulli_025,C:\Users\lottj\Desktop\research\decentralized benchmark\commitment-horizon-study\reference_core_benchmark_pilot\known_visit_10target_300.csv,3,8,6,16.344347645112396,16.344347645112396,01,01,1,0,True,completed
129,known_visit,ACBBA,bernoulli,drop_0.25,19,361,4,10,acbba_h8_bernoulli_025,C:\Users\lottj\Desktop\research\decentralized benchmark\commitment-horizon-study\reference_core_benchmark_pilot\known_visit_10target_300.csv,4,15,13,48.55302259315116,48.55302259315116,03,03,1,0,True,completed
129,known_visit,ACBBA,bernoulli,drop_0.25,19,361,4,10,acbba_h8_bernoulli_025,C:\Users\lottj\Desktop\research\decentralized benchmark\commitment-horizon-study\reference_core_benchmark_pilot\known_visit_10target_300.csv,5,13,9,37.71166912324388,37.71166912324388,03,03,1,0,True,completed
129,known_visit,ACBBA,bernoulli,drop_0.25,19,361,4,10,acbba_h8_bernoulli_025,C:\Users\lottj\Desktop\research\decentralized benchmark\commitment-horizon-study\reference_core_benchmark_pilot\known_visit_10target_300.csv,6,8,4,19.688447881778547,19.688447881778547,01,01,1,0,True,completed
129,known_visit,ACBBA,bernoulli,drop_0.25,19,361,4,10,acbba_h8_bernoulli_025,C:\Users\lottj\Desktop\research\decentralized benchmark\commitment-horizon-study\reference_core_benchmark_pilot\known_visit_10target_300.csv,7,0,11,0.4000609740092671,0.4000609740092671,02,02,1,0,True,completed
129,known_visit,ACBBA,bernoulli,drop_0.25,19,361,4,10,acbba_h8_bernoulli_025,C:\Users\lottj\Desktop\research\decentralized benchmark\commitment-horizon-study\reference_core_benchmark_pilot\known_visit_10target_300.csv,8,3,9,9.732552403795763,9.732552403795763,02,02,2,1,True,completed
129,known_visit,ACBBA,bernoulli,drop_0.25,19,361,4,10,acbba_h8_bernoulli_025,C:\Users\lottj\Desktop\research\decentralized benchmark\commitment-horizon-study\reference_core_benchmark_pilot\known_visit_10target_300.csv,9,7,7,12.62824880913248,12.62824880913248,01,01,2,1,True,completed
129,known_visit,ACBBA,bernoulli,drop_0.25,19,361,4,10,acbba_h8_bernoulli_025,C:\Users\lottj\Desktop\research\decentralized benchmark\commitment-horizon-study\reference_core_benchmark_pilot\known_visit_10target_300.csv,10,8,13,21.662705252343873,21.662705252343873,03,03,1,0,True,completed
130,known_visit,ACBBA,bernoulli,drop_0.25,19,361,4,10,acbba_h8_bernoulli_025,C:\Users\lottj\Desktop\research\decentralized benchmark\commitment-horizon-study\reference_core_benchmark_pilot\known_visit_10target_300.csv,1,13,10,28.497547880474862,28.497547880474862,01,01,1,0,True,completed
130,known_visit,ACBBA,bernoulli,drop_0.25,19,361,4,10,acbba_h8_bernoulli_025,C:\Users\lottj\Desktop\research\decentralized benchmark\commitment-horizon-study\reference_core_benchmark_pilot\known_visit_10target_300.csv,2,8,0,11.993190552687102,11.993190552687102,00,00,1,0,True,completed
130,known_visit,ACBBA,bernoulli,drop_0.25,19,361,4,10,acbba_h8_bernoulli_025,C:\Users\lottj\Desktop\research\decentralized benchmark\commitment-horizon-study\reference_core_benchmark_pilot\known_visit_10target_300.csv,3,9,8,17.585760731162445,17.585760731162445,01,01,2,1,True,completed
130,known_visit,ACBBA,bernoulli,drop_0.25,19,361,4,10,acbba_h8_bernoulli_025,C:\Users\lottj\Desktop\research\decentralized benchmark\commitment-horizon-study\reference_core_benchmark_pilot\known_visit_10target_300.csv,4,8,14,15.711684984096168,15.711684984096168,02,02,1,0,True,completed
130,known_visit,ACBBA,bernoulli,drop_0.25,19,361,4,10,acbba_h8_bernoulli_025,C:\Users\lottj\Desktop\research\decentralized benchmark\commitment-horizon-study\reference_core_benchmark_pilot\known_visit_10target_300.csv,5,16,7,51.70052287651504,51.70052287651504,00,00,1,0,True,completed
130,known_visit,ACBBA,bernoulli,drop_0.25,19,361,4,10,acbba_h8_bernoulli_025,C:\Users\lottj\Desktop\research\decentralized benchmark\commitment-horizon-study\reference_core_benchmark_pilot\known_visit_10target_300.csv,6,18,14,37.51066917651647,37.51066917651647,02,02,1,0,True,completed
130,known_visit,ACBBA,bernoulli,drop_0.25,19,361,4,10,acbba_h8_bernoulli_025,C:\Users\lottj\Desktop\research\decentralized benchmark\commitment-horizon-study\reference_core_benchmark_pilot\known_visit_10target_300.csv,7,15,12,36.48190067686764,36.48190067686764,01,01,1,0,True,completed
130,known_visit,ACBBA,bernoulli,drop_0.25,19,361,4,10,acbba_h8_bernoulli_025,C:\Users\lottj\Desktop\research\decentralized benchmark\commitment-horizon-study\reference_core_benchmark_pilot\known_visit_10target_300.csv,8,18,0,33.469480405307294,33.469480405307294,00,00,1,0,True,completed
130,known_visit,ACBBA,bernoulli,drop_0.25,19,361,4,10,acbba_h8_bernoulli_025,C:\Users\lottj\Desktop\research\decentralized benchmark\commitment-horizon-study\reference_core_benchmark_pilot\known_visit_10target_300.csv,9,9,14,17.716480312750328,17.716480312750328,02,02,2,1,True,completed
130,known_visit,ACBBA,bernoulli,drop_0.25,19,361,4,10,acbba_h8_bernoulli_025,C:\Users\lottj\Desktop\research\decentralized benchmark\commitment-horizon-study\reference_core_benchmark_pilot\known_visit_10target_300.csv,10,10,15,21.49186340278354,21.49186340278354,02,02,2,1,True,completed
131,known_visit,ACBBA,bernoulli,drop_0.25,19,361,4,10,acbba_h8_bernoulli_025,C:\Users\lottj\Desktop\research\decentralized benchmark\commitment-horizon-study\reference_core_benchmark_pilot\known_visit_10target_300.csv,1,0,15,3.8789109012978202,3.8789109012978202,02,02,1,0,True,completed
131,known_visit,ACBBA,bernoulli,drop_0.25,19,361,4,10,acbba_h8_bernoulli_025,C:\Users\lottj\Desktop\research\decentralized benchmark\commitment-horizon-study\reference_core_benchmark_pilot\known_visit_10target_300.csv,2,3,7,5.632458706846525,5.632458706846525,01,01,1,0,True,completed
131,known_visit,ACBBA,bernoulli,drop_0.25,19,361,4,10,acbba_h8_bernoulli_025,C:\Users\lottj\Desktop\research\decentralized benchmark\commitment-horizon-study\reference_core_benchmark_pilot\known_visit_10target_300.csv,3,13,18,62.14487168780712,62.14487168780712,02,02,1,0,True,completed
131,known_visit,ACBBA,bernoulli,drop_0.25,19,361,4,10,acbba_h8_bernoulli_025,C:\Users\lottj\Desktop\research\decentralized benchmark\commitment-horizon-study\reference_core_benchmark_pilot\known_visit_10target_300.csv,4,1,1,2.1636179842322854,2.1636179842322854,00,00,1,0,True,completed
131,known_visit,ACBBA,bernoulli,drop_0.25,19,361,4,10,acbba_h8_bernoulli_025,C:\Users\lottj\Desktop\research\decentralized benchmark\commitment-horizon-study\reference_core_benchmark_pilot\known_visit_10target_300.csv,5,8,12,25.111935027883952,25.111935027883952,02,02,2,1,True,completed
131,known_visit,ACBBA,bernoulli,drop_0.25,19,361,4,10,acbba_h8_bernoulli_025,C:\Users\lottj\Desktop\research\decentralized benchmark\commitment-horizon-study\reference_core_benchmark_pilot\known_visit_10target_300.csv,6,14,10,30.402090848431023,30.402090848431023,01,01,1,0,True,completed
131,known_visit,ACBBA,bernoulli,drop_0.25,19,361,4,10,acbba_h8_bernoulli_025,C:\Users\lottj\Desktop\research\decentralized benchmark\commitment-horizon-study\reference_core_benchmark_pilot\known_visit_10target_300.csv,7,5,3,12.713795045251967,12.713795045251967,00,00,1,0,True,completed
131,known_visit,ACBBA,bernoulli,drop_0.25,19,361,4,10,acbba_h8_bernoulli_025,C:\Users\lottj\Desktop\research\decentralized benchmark\commitment-horizon-study\reference_core_benchmark_pilot\known_visit_10target_300.csv,8,18,10,36.94923403086729,36.94923403086729,01,01,1,0,True,completed
131,known_visit,ACBBA,bernoulli,drop_0.25,19,361,4,10,acbba_h8_bernoulli_025,C:\Users\lottj\Desktop\research\decentralized benchmark\commitment-horizon-study\reference_core_benchmark_pilot\known_visit_10target_300.csv,9,8,9,17.683302447497923,17.683302447497923,01,01,2,1,True,completed
131,known_visit,ACBBA,bernoulli,drop_0.25,19,361,4,10,acbba_h8_bernoulli_025,C:\Users\lottj\Desktop\research\decentralized benchmark\commitment-horizon-study\reference_core_benchmark_pilot\known_visit_10target_300.csv,10,9,13,23.19979479738036,23.19979479738036,03,03,2,1,True,completed
132,known_visit,ACBBA,bernoulli,drop_0.25,19,361,4,10,acbba_h8_bernoulli_025,C:\Users\lottj\Desktop\research\decentralized benchmark\commitment-horizon-study\reference_core_benchmark_pilot\known_visit_10target_300.csv,1,8,1,14.307351813357283,14.307351813357283,00,00,2,1,True,completed
132,known_visit,ACBBA,bernoulli,drop_0.25,19,361,4,10,acbba_h8_bernoulli_025,C:\Users\lottj\Desktop\research\decentralized benchmark\commitment-horizon-study\reference_core_benchmark_pilot\known_visit_10target_300.csv,2,11,0,21.628664762759705,21.628664762759705,00,00,2,1,True,completed
132,known_visit,ACBBA,bernoulli,drop_0.25,19,361,4,10,acbba_h8_bernoulli_025,C:\Users\lottj\Desktop\research\decentralized benchmark\commitment-horizon-study\reference_core_benchmark_pilot\known_visit_10target_300.csv,3,8,7,28.57228804198998,28.57228804198998,01,01,2,1,True,completed
132,known_visit,ACBBA,bernoulli,drop_0.25,19,361,4,10,acbba_h8_bernoulli_025,C:\Users\lottj\Desktop\research\decentralized benchmark\commitment-horizon-study\reference_core_benchmark_pilot\known_visit_10target_300.csv,4,18,0,93.52804562490117,93.52804562490117,02,02,1,0,True,completed
132,known_visit,ACBBA,bernoulli,drop_0.25,19,361,4,10,acbba_h8_bernoulli_025,C:\Users\lottj\Desktop\research\decentralized benchmark\commitment-horizon-study\reference_core_benchmark_pilot\known_visit_10target_300.csv,5,18,6,83.52707238300074,83.52707238300074,02,02,1,0,True,completed
132,known_visit,ACBBA,bernoulli,drop_0.25,19,361,4,10,acbba_h8_bernoulli_025,C:\Users\lottj\Desktop\research\decentralized benchmark\commitment-horizon-study\reference_core_benchmark_pilot\known_visit_10target_300.csv,6,10,18,15.380067024145665,15.380067024145665,03,03,2,1,True,completed
132,known_visit,ACBBA,bernoulli,drop_0.25,19,361,4,10,acbba_h8_bernoulli_025,C:\Users\lottj\Desktop\research\decentralized benchmark\commitment-horizon-study\reference_core_benchmark_pilot\known_visit_10target_300.csv,7,15,15,29.152961852681997,29.152961852681997,03,03,1,0,True,completed
132,known_visit,ACBBA,bernoulli,drop_0.25,19,361,4,10,acbba_h8_bernoulli_025,C:\Users\lottj\Desktop\research\decentralized benchmark\commitment-horizon-study\reference_core_benchmark_pilot\known_visit_10target_300.csv,8,17,7,79.36376156071069,79.36376156071069,02,02,1,0,True,completed
132,known_visit,ACBBA,bernoulli,drop_0.25,19,361,4,10,acbba_h8_bernoulli_025,C:\Users\lottj\Desktop\research\decentralized benchmark\commitment-horizon-study\reference_core_benchmark_pilot\known_visit_10target_300.csv,9,13,18,20.550337960839926,20.550337960839926,03,03,1,0,True,completed
132,known_visit,ACBBA,bernoulli,drop_0.25,19,361,4,10,acbba_h8_bernoulli_025,C:\Users\lottj\Desktop\research\decentralized benchmark\commitment-horizon-study\reference_core_benchmark_pilot\known_visit_10target_300.csv,10,12,5,66.83680607216702,66.83680607216702,02,02,1,0,True,completed
133,known_visit,ACBBA,bernoulli,drop_0.25,19,361,4,10,acbba_h8_bernoulli_025,C:\Users\lottj\Desktop\research\decentralized benchmark\commitment-horizon-study\reference_core_benchmark_pilot\known_visit_10target_300.csv,1,7,14,14.452566258065323,14.452566258065323,02,02,2,1,True,completed
133,known_visit,ACBBA,bernoulli,drop_0.25,19,361,4,10,acbba_h8_bernoulli_025,C:\Users\lottj\Desktop\research\decentralized benchmark\commitment-horizon-study\reference_core_benchmark_pilot\known_visit_10target_300.csv,2,1,14,3.8164391705260194,3.8164391705260194,02,02,1,0,True,completed
133,known_visit,ACBBA,bernoulli,drop_0.25,19,361,4,10,acbba_h8_bernoulli_025,C:\Users\lottj\Desktop\research\decentralized benchmark\commitment-horizon-study\reference_core_benchmark_pilot\known_visit_10target_300.csv,3,5,9,23.43694786124514,23.43694786124514,01,01,1,0,True,completed
133,known_visit,ACBBA,bernoulli,drop_0.25,19,361,4,10,acbba_h8_bernoulli_025,C:\Users\lottj\Desktop\research\decentralized benchmark\commitment-horizon-study\reference_core_benchmark_pilot\known_visit_10target_300.csv,4,9,10,24.906847024324502,24.906847024324502,02,02,1,0,True,completed
133,known_visit,ACBBA,bernoulli,drop_0.25,19,361,4,10,acbba_h8_bernoulli_025,C:\Users\lottj\Desktop\research\decentralized benchmark\commitment-horizon-study\reference_core_benchmark_pilot\known_visit_10target_300.csv,5,16,6,38.749167898316266,38.749167898316266,00,00,1,0,True,completed
133,known_visit,ACBBA,bernoulli,drop_0.25,19,361,4,10,acbba_h8_bernoulli_025,C:\Users\lottj\Desktop\research\decentralized benchmark\commitment-horizon-study\reference_core_benchmark_pilot\known_visit_10target_300.csv,6,12,5,29.764138011625022,29.764138011625022,00,00,1,0,True,completed
133,known_visit,ACBBA,bernoulli,drop_0.25,19,361,4,10,acbba_h8_bernoulli_025,C:\Users\lottj\Desktop\research\decentralized benchmark\commitment-horizon-study\reference_core_benchmark_pilot\known_visit_10target_300.csv,7,3,3,9.041031840847742,9.041031840847742,01,01,1,0,True,completed
133,known_visit,ACBBA,bernoulli,drop_0.25,19,361,4,10,acbba_h8_bernoulli_025,C:\Users\lottj\Desktop\research\decentralized benchmark\commitment-horizon-study\reference_core_benchmark_pilot\known_visit_10target_300.csv,8,7,15,16.216338074472084,16.216338074472084,03,03,2,1,True,completed
133,known_visit,ACBBA,bernoulli,drop_0.25,19,361,4,10,acbba_h8_bernoulli_025,C:\Users\lottj\Desktop\research\decentralized benchmark\commitment-horizon-study\reference_core_benchmark_pilot\known_visit_10target_300.csv,9,18,8,45.71480397684588,45.71480397684588,00,00,1,0,True,completed
133,known_visit,ACBBA,bernoulli,drop_0.25,19,361,4,10,acbba_h8_bernoulli_025,C:\Users\lottj\Desktop\research\decentralized benchmark\commitment-horizon-study\reference_core_benchmark_pilot\known_visit_10target_300.csv,10,12,6,31.82435374084208,31.82435374084208,00,00,1,0,True,completed
134,known_visit,ACBBA,bernoulli,drop_0.25,19,361,4,10,acbba_h8_bernoulli_025,C:\Users\lottj\Desktop\research\decentralized benchmark\commitment-horizon-study\reference_core_benchmark_pilot\known_visit_10target_300.csv,1,18,15,38.9371250500296,38.9371250500296,03,03,1,0,True,completed
134,known_visit,ACBBA,bernoulli,drop_0.25,19,361,4,10,acbba_h8_bernoulli_025,C:\Users\lottj\Desktop\research\decentralized benchmark\commitment-horizon-study\reference_core_benchmark_pilot\known_visit_10target_300.csv,2,7,18,10.44837870866339,10.44837870866339,03,03,1,0,True,completed
134,known_visit,ACBBA,bernoulli,drop_0.25,19,361,4,10,acbba_h8_bernoulli_025,C:\Users\lottj\Desktop\research\decentralized benchmark\commitment-horizon-study\reference_core_benchmark_pilot\known_visit_10target_300.csv,3,9,14,24.884673251162923,24.884673251162923,02,02,1,0,True,completed
134,known_visit,ACBBA,bernoulli,drop_0.25,19,361,4,10,acbba_h8_bernoulli_025,C:\Users\lottj\Desktop\research\decentralized benchmark\commitment-horizon-study\reference_core_benchmark_pilot\known_visit_10target_300.csv,4,10,18,15.549384410316582,15.549384410316582,03,03,2,1,True,completed
134,known_visit,ACBBA,bernoulli,drop_0.25,19,361,4,10,acbba_h8_bernoulli_025,C:\Users\lottj\Desktop\research\decentralized benchmark\commitment-horizon-study\reference_core_benchmark_pilot\known_visit_10target_300.csv,5,11,9,33.994966006588896,33.994966006588896,00,00,1,0,True,completed
134,known_visit,ACBBA,bernoulli,drop_0.25,19,361,4,10,acbba_h8_bernoulli_025,C:\Users\lottj\Desktop\research\decentralized benchmark\commitment-horizon-study\reference_core_benchmark_pilot\known_visit_10target_300.csv,6,8,4,20.128934088188593,20.128934088188593,00,00,2,1,True,completed
134,known_visit,ACBBA,bernoulli,drop_0.25,19,361,4,10,acbba_h8_bernoulli_025,C:\Users\lottj\Desktop\research\decentralized benchmark\commitment-horizon-study\reference_core_benchmark_pilot\known_visit_10target_300.csv,7,3,4,18.249110204167312,18.249110204167312,01,01,1,0,True,completed
134,known_visit,ACBBA,bernoulli,drop_0.25,19,361,4,10,acbba_h8_bernoulli_025,C:\Users\lottj\Desktop\research\decentralized benchmark\commitment-horizon-study\reference_core_benchmark_pilot\known_visit_10target_300.csv,8,0,9,3.9278016893571235,3.9278016893571235,01,01,1,0,True,completed
134,known_visit,ACBBA,bernoulli,drop_0.25,19,361,4,10,acbba_h8_bernoulli_025,C:\Users\lottj\Desktop\research\decentralized benchmark\commitment-horizon-study\reference_core_benchmark_pilot\known_visit_10target_300.csv,9,5,0,6.953319546609385,6.953319546609385,00,00,1,0,True,completed
134,known_visit,ACBBA,bernoulli,drop_0.25,19,361,4,10,acbba_h8_bernoulli_025,C:\Users\lottj\Desktop\research\decentralized benchmark\commitment-horizon-study\reference_core_benchmark_pilot\known_visit_10target_300.csv,10,17,15,36.85134082045853,36.85134082045853,03,03,1,0,True,completed
135,known_visit,ACBBA,bernoulli,drop_0.25,19,361,4,10,acbba_h8_bernoulli_025,C:\Users\lottj\Desktop\research\decentralized benchmark\commitment-horizon-study\reference_core_benchmark_pilot\known_visit_10target_300.csv,1,8,1,24.54807183311069,24.54807183311069,00,00,1,0,True,completed
135,known_visit,ACBBA,bernoulli,drop_0.25,19,361,4,10,acbba_h8_bernoulli_025,C:\Users\lottj\Desktop\research\decentralized benchmark\commitment-horizon-study\reference_core_benchmark_pilot\known_visit_10target_300.csv,2,7,15,16.912532907966206,16.912532907966206,03,03,2,1,True,completed
135,known_visit,ACBBA,bernoulli,drop_0.25,19,361,4,10,acbba_h8_bernoulli_025,C:\Users\lottj\Desktop\research\decentralized benchmark\commitment-horizon-study\reference_core_benchmark_pilot\known_visit_10target_300.csv,3,4,4,12.17500876183178,12.17500876183178,00,00,1,0,True,completed
135,known_visit,ACBBA,bernoulli,drop_0.25,19,361,4,10,acbba_h8_bernoulli_025,C:\Users\lottj\Desktop\research\decentralized benchmark\commitment-horizon-study\reference_core_benchmark_pilot\known_visit_10target_300.csv,4,7,9,16.57001762266675,16.57001762266675,01,01,2,1,True,completed
135,known_visit,ACBBA,bernoulli,drop_0.25,19,361,4,10,acbba_h8_bernoulli_025,C:\Users\lottj\Desktop\research\decentralized benchmark\commitment-horizon-study\reference_core_benchmark_pilot\known_visit_10target_300.csv,5,16,9,41.24786334789774,41.24786334789774,02,02,1,0,True,completed
135,known_visit,ACBBA,bernoulli,drop_0.25,19,361,4,10,acbba_h8_bernoulli_025,C:\Users\lottj\Desktop\research\decentralized benchmark\commitment-horizon-study\reference_core_benchmark_pilot\known_visit_10target_300.csv,6,18,7,64.02814075139155,64.02814075139155,01,01,1,0,True,completed
135,known_visit,ACBBA,bernoulli,drop_0.25,19,361,4,10,acbba_h8_bernoulli_025,C:\Users\lottj\Desktop\research\decentralized benchmark\commitment-horizon-study\reference_core_benchmark_pilot\known_visit_10target_300.csv,7,0,17,0.5233167328186896,0.5233167328186896,03,03,1,0,True,completed
135,known_visit,ACBBA,bernoulli,drop_0.25,19,361,4,10,acbba_h8_bernoulli_025,C:\Users\lottj\Desktop\research\decentralized benchmark\commitment-horizon-study\reference_core_benchmark_pilot\known_visit_10target_300.csv,8,0,8,30.91501877807937,30.91501877807937,01,01,1,0,True,completed
135,known_visit,ACBBA,bernoulli,drop_0.25,19,361,4,10,acbba_h8_bernoulli_025,C:\Users\lottj\Desktop\research\decentralized benchmark\commitment-horizon-study\reference_core_benchmark_pilot\known_visit_10target_300.csv,9,15,8,56.77180371735564,56.77180371735564,01,01,1,0,True,completed
135,known_visit,ACBBA,bernoulli,drop_0.25,19,361,4,10,acbba_h8_bernoulli_025,C:\Users\lottj\Desktop\research\decentralized benchmark\commitment-horizon-study\reference_core_benchmark_pilot\known_visit_10target_300.csv,10,9,13,22.017700792241882,22.017700792241882,02,02,2,1,True,completed
136,known_visit,ACBBA,bernoulli,drop_0.25,19,361,4,10,acbba_h8_bernoulli_025,C:\Users\lottj\Desktop\research\decentralized benchmark\commitment-horizon-study\reference_core_benchmark_pilot\known_visit_10target_300.csv,1,18,10,51.41978977827137,51.41978977827137,00,00,1,0,True,completed
136,known_visit,ACBBA,bernoulli,drop_0.25,19,361,4,10,acbba_h8_bernoulli_025,C:\Users\lottj\Desktop\research\decentralized benchmark\commitment-horizon-study\reference_core_benchmark_pilot\known_visit_10target_300.csv,2,6,16,12.286985622768432,12.286985622768432,03,03,2,1,True,completed
136,known_visit,ACBBA,bernoulli,drop_0.25,19,361,4,10,acbba_h8_bernoulli_025,C:\Users\lottj\Desktop\research\decentralized benchmark\commitment-horizon-study\reference_core_benchmark_pilot\known_visit_10target_300.csv,3,13,11,47.42293194051718,47.42293194051718,03,03,1,0,True,completed
136,known_visit,ACBBA,bernoulli,drop_0.25,19,361,4,10,acbba_h8_bernoulli_025,C:\Users\lottj\Desktop\research\decentralized benchmark\commitment-horizon-study\reference_core_benchmark_pilot\known_visit_10target_300.csv,4,12,4,26.496234844757485,26.496234844757485,00,00,1,0,True,completed
136,known_visit,ACBBA,bernoulli,drop_0.25,19,361,4,10,acbba_h8_bernoulli_025,C:\Users\lottj\Desktop\research\decentralized benchmark\commitment-horizon-study\reference_core_benchmark_pilot\known_visit_10target_300.csv,5,1,0,0.1630466489686622,0.1630466489686622,00,00,2,1,True,completed
136,known_visit,ACBBA,bernoulli,drop_0.25,19,361,4,10,acbba_h8_bernoulli_025,C:\Users\lottj\Desktop\research\decentralized benchmark\commitment-horizon-study\reference_core_benchmark_pilot\known_visit_10target_300.csv,6,16,3,35.694666201477496,35.694666201477496,00,00,1,0,True,completed
136,known_visit,ACBBA,bernoulli,drop_0.25,19,361,4,10,acbba_h8_bernoulli_025,C:\Users\lottj\Desktop\research\decentralized benchmark\commitment-horizon-study\reference_core_benchmark_pilot\known_visit_10target_300.csv,7,9,15,19.203142253651745,19.203142253651745,03,03,2,1,True,completed
136,known_visit,ACBBA,bernoulli,drop_0.25,19,361,4,10,acbba_h8_bernoulli_025,C:\Users\lottj\Desktop\research\decentralized benchmark\commitment-horizon-study\reference_core_benchmark_pilot\known_visit_10target_300.csv,8,4,1,7.243645862708475,7.243645862708475,00,00,1,0,True,completed
136,known_visit,ACBBA,bernoulli,drop_0.25,19,361,4,10,acbba_h8_bernoulli_025,C:\Users\lottj\Desktop\research\decentralized benchmark\commitment-horizon-study\reference_core_benchmark_pilot\known_visit_10target_300.csv,9,1,12,0.17417820143814,0.17417820143814,02,02,1,0,True,completed
136,known_visit,ACBBA,bernoulli,drop_0.25,19,361,4,10,acbba_h8_bernoulli_025,C:\Users\lottj\Desktop\research\decentralized benchmark\commitment-horizon-study\reference_core_benchmark_pilot\known_visit_10target_300.csv,10,8,3,17.617060399351686,17.617060399351686,00,00,1,0,True,completed
137,known_visit,ACBBA,bernoulli,drop_0.25,19,361,4,10,acbba_h8_bernoulli_025,C:\Users\lottj\Desktop\research\decentralized benchmark\commitment-horizon-study\reference_core_benchmark_pilot\known_visit_10target_300.csv,1,5,9,34.908935224645646,34.908935224645646,02,02,1,0,True,completed
137,known_visit,ACBBA,bernoulli,drop_0.25,19,361,4,10,acbba_h8_bernoulli_025,C:\Users\lottj\Desktop\research\decentralized benchmark\commitment-horizon-study\reference_core_benchmark_pilot\known_visit_10target_300.csv,2,5,0,6.889914410041172,6.889914410041172,00,00,1,0,True,completed
137,known_visit,ACBBA,bernoulli,drop_0.25,19,361,4,10,acbba_h8_bernoulli_025,C:\Users\lottj\Desktop\research\decentralized benchmark\commitment-horizon-study\reference_core_benchmark_pilot\known_visit_10target_300.csv,3,1,13,2.3816038138240336,2.3816038138240336,02,02,1,0,True,completed
137,known_visit,ACBBA,bernoulli,drop_0.25,19,361,4,10,acbba_h8_bernoulli_025,C:\Users\lottj\Desktop\research\decentralized benchmark\commitment-horizon-study\reference_core_benchmark_pilot\known_visit_10target_300.csv,4,2,18,1.8723570616518153,1.8723570616518153,03,03,1,0,True,completed
137,known_visit,ACBBA,bernoulli,drop_0.25,19,361,4,10,acbba_h8_bernoulli_025,C:\Users\lottj\Desktop\research\decentralized benchmark\commitment-horizon-study\reference_core_benchmark_pilot\known_visit_10target_300.csv,5,1,18,0.1294718115447454,0.1294718115447454,03,03,1,0,True,completed
137,known_visit,ACBBA,bernoulli,drop_0.25,19,361,4,10,acbba_h8_bernoulli_025,C:\Users\lottj\Desktop\research\decentralized benchmark\commitment-horizon-study\reference_core_benchmark_pilot\known_visit_10target_300.csv,6,0,7,0.45253706536296945,0.45253706536296945,01,01,2,1,True,completed
137,known_visit,ACBBA,bernoulli,drop_0.25,19,361,4,10,acbba_h8_bernoulli_025,C:\Users\lottj\Desktop\research\decentralized benchmark\commitment-horizon-study\reference_core_benchmark_pilot\known_visit_10target_300.csv,7,12,16,22.698142958990065,22.698142958990065,03,03,1,0,True,completed
137,known_visit,ACBBA,bernoulli,drop_0.25,19,361,4,10,acbba_h8_bernoulli_025,C:\Users\lottj\Desktop\research\decentralized benchmark\commitment-horizon-study\reference_core_benchmark_pilot\known_visit_10target_300.csv,8,2,5,7.862629513002011,7.862629513002011,01,01,1,0,True,completed
137,known_visit,ACBBA,bernoulli,drop_0.25,19,361,4,10,acbba_h8_bernoulli_025,C:\Users\lottj\Desktop\research\decentralized benchmark\commitment-horizon-study\reference_core_benchmark_pilot\known_visit_10target_300.csv,9,17,1,29.177299051261087,29.177299051261087,00,00,1,0,True,completed
137,known_visit,ACBBA,bernoulli,drop_0.25,19,361,4,10,acbba_h8_bernoulli_025,C:\Users\lottj\Desktop\research\decentralized benchmark\commitment-horizon-study\reference_core_benchmark_pilot\known_visit_10target_300.csv,10,18,14,36.44830848806846,36.44830848806846,03,03,1,0,True,completed
138,known_visit,ACBBA,bernoulli,drop_0.25,19,361,4,10,acbba_h8_bernoulli_025,C:\Users\lottj\Desktop\research\decentralized benchmark\commitment-horizon-study\reference_core_benchmark_pilot\known_visit_10target_300.csv,1,10,11,39.47506708917303,39.47506708917303,01,01,1,0,True,completed
138,known_visit,ACBBA,bernoulli,drop_0.25,19,361,4,10,acbba_h8_bernoulli_025,C:\Users\lottj\Desktop\research\decentralized benchmark\commitment-horizon-study\reference_core_benchmark_pilot\known_visit_10target_300.csv,2,11,7,30.706090354506294,30.706090354506294,01,01,1,0,True,completed
138,known_visit,ACBBA,bernoulli,drop_0.25,19,361,4,10,acbba_h8_bernoulli_025,C:\Users\lottj\Desktop\research\decentralized benchmark\commitment-horizon-study\reference_core_benchmark_pilot\known_visit_10target_300.csv,3,14,4,33.98599142085397,33.98599142085397,00,00,1,0,True,completed
138,known_visit,ACBBA,bernoulli,drop_0.25,19,361,4,10,acbba_h8_bernoulli_025,C:\Users\lottj\Desktop\research\decentralized benchmark\commitment-horizon-study\reference_core_benchmark_pilot\known_visit_10target_300.csv,4,8,14,19.90703093876705,19.90703093876705,03,03,1,0,True,completed
138,known_visit,ACBBA,bernoulli,drop_0.25,19,361,4,10,acbba_h8_bernoulli_025,C:\Users\lottj\Desktop\research\decentralized benchmark\commitment-horizon-study\reference_core_benchmark_pilot\known_visit_10target_300.csv,5,11,4,21.02648687222107,21.02648687222107,01,01,2,1,True,completed
138,known_visit,ACBBA,bernoulli,drop_0.25,19,361,4,10,acbba_h8_bernoulli_025,C:\Users\lottj\Desktop\research\decentralized benchmark\commitment-horizon-study\reference_core_benchmark_pilot\known_visit_10target_300.csv,6,14,1,39.33650271508489,39.33650271508489,00,00,1,0,True,completed
138,known_visit,ACBBA,bernoulli,drop_0.25,19,361,4,10,acbba_h8_bernoulli_025,C:\Users\lottj\Desktop\research\decentralized benchmark\commitment-horizon-study\reference_core_benchmark_pilot\known_visit_10target_300.csv,7,17,17,37.47765532870065,37.47765532870065,02,02,1,0,True,completed
138,known_visit,ACBBA,bernoulli,drop_0.25,19,361,4,10,acbba_h8_bernoulli_025,C:\Users\lottj\Desktop\research\decentralized benchmark\commitment-horizon-study\reference_core_benchmark_pilot\known_visit_10target_300.csv,8,7,17,12.563857485464968,12.563857485464968,03,03,1,0,True,completed
138,known_visit,ACBBA,bernoulli,drop_0.25,19,361,4,10,acbba_h8_bernoulli_025,C:\Users\lottj\Desktop\research\decentralized benchmark\commitment-horizon-study\reference_core_benchmark_pilot\known_visit_10target_300.csv,9,5,4,13.856356519711861,13.856356519711861,00,00,1,0,True,completed
138,known_visit,ACBBA,bernoulli,drop_0.25,19,361,4,10,acbba_h8_bernoulli_025,C:\Users\lottj\Desktop\research\decentralized benchmark\commitment-horizon-study\reference_core_benchmark_pilot\known_visit_10target_300.csv,10,14,15,28.584785804414864,28.584785804414864,02,02,1,0,True,completed
139,known_visit,ACBBA,bernoulli,drop_0.25,19,361,4,10,acbba_h8_bernoulli_025,C:\Users\lottj\Desktop\research\decentralized benchmark\commitment-horizon-study\reference_core_benchmark_pilot\known_visit_10target_300.csv,1,0,3,4.3052601962950465,4.3052601962950465,00,00,1,0,True,completed
139,known_visit,ACBBA,bernoulli,drop_0.25,19,361,4,10,acbba_h8_bernoulli_025,C:\Users\lottj\Desktop\research\decentralized benchmark\commitment-horizon-study\reference_core_benchmark_pilot\known_visit_10target_300.csv,2,14,13,42.67532543154038,42.67532543154038,01,01,2,1,True,completed
139,known_visit,ACBBA,bernoulli,drop_0.25,19,361,4,10,acbba_h8_bernoulli_025,C:\Users\lottj\Desktop\research\decentralized benchmark\commitment-horizon-study\reference_core_benchmark_pilot\known_visit_10target_300.csv,3,3,17,5.6396986526790025,5.6396986526790025,03,03,1,0,True,completed
139,known_visit,ACBBA,bernoulli,drop_0.25,19,361,4,10,acbba_h8_bernoulli_025,C:\Users\lottj\Desktop\research\decentralized benchmark\commitment-horizon-study\reference_core_benchmark_pilot\known_visit_10target_300.csv,4,15,14,67.61561629887359,67.61561629887359,02,02,1,0,True,completed
139,known_visit,ACBBA,bernoulli,drop_0.25,19,361,4,10,acbba_h8_bernoulli_025,C:\Users\lottj\Desktop\research\decentralized benchmark\commitment-horizon-study\reference_core_benchmark_pilot\known_visit_10target_300.csv,5,8,16,16.39202495890674,16.39202495890674,03,03,1,0,True,completed
139,known_visit,ACBBA,bernoulli,drop_0.25,19,361,4,10,acbba_h8_bernoulli_025,C:\Users\lottj\Desktop\research\decentralized benchmark\commitment-horizon-study\reference_core_benchmark_pilot\known_visit_10target_300.csv,6,8,10,26.979579330545008,26.979579330545008,01,01,2,1,True,completed
139,known_visit,ACBBA,bernoulli,drop_0.25,19,361,4,10,acbba_h8_bernoulli_025,C:\Users\lottj\Desktop\research\decentralized benchmark\commitment-horizon-study\reference_core_benchmark_pilot\known_visit_10target_300.csv,7,15,11,66.8111935516273,66.8111935516273,00,00,1,0,True,completed
139,known_visit,ACBBA,bernoulli,drop_0.25,19,361,4,10,acbba_h8_bernoulli_025,C:\Users\lottj\Desktop\research\decentralized benchmark\commitment-horizon-study\reference_core_benchmark_pilot\known_visit_10target_300.csv,8,5,7,16.41328279855537,16.41328279855537,01,01,2,1,True,completed
139,known_visit,ACBBA,bernoulli,drop_0.25,19,361,4,10,acbba_h8_bernoulli_025,C:\Users\lottj\Desktop\research\decentralized benchmark\commitment-horizon-study\reference_core_benchmark_pilot\known_visit_10target_300.csv,9,9,8,29.084723143560755,29.084723143560755,00,00,2,1,True,completed
139,known_visit,ACBBA,bernoulli,drop_0.25,19,361,4,10,acbba_h8_bernoulli_025,C:\Users\lottj\Desktop\research\decentralized benchmark\commitment-horizon-study\reference_core_benchmark_pilot\known_visit_10target_300.csv,10,14,7,57.83314628148852,57.83314628148852,00,00,1,0,True,completed
140,known_visit,ACBBA,bernoulli,drop_0.25,19,361,4,10,acbba_h8_bernoulli_025,C:\Users\lottj\Desktop\research\decentralized benchmark\commitment-horizon-study\reference_core_benchmark_pilot\known_visit_10target_300.csv,1,7,0,10.4569727822019,10.4569727822019,00,00,1,0,True,completed
140,known_visit,ACBBA,bernoulli,drop_0.25,19,361,4,10,acbba_h8_bernoulli_025,C:\Users\lottj\Desktop\research\decentralized benchmark\commitment-horizon-study\reference_core_benchmark_pilot\known_visit_10target_300.csv,2,12,11,35.452224123218286,35.452224123218286,01,01,1,0,True,completed
140,known_visit,ACBBA,bernoulli,drop_0.25,19,361,4,10,acbba_h8_bernoulli_025,C:\Users\lottj\Desktop\research\decentralized benchmark\commitment-horizon-study\reference_core_benchmark_pilot\known_visit_10target_300.csv,3,12,7,28.766049312645453,28.766049312645453,01,01,1,0,True,completed
140,known_visit,ACBBA,bernoulli,drop_0.25,19,361,4,10,acbba_h8_bernoulli_025,C:\Users\lottj\Desktop\research\decentralized benchmark\commitment-horizon-study\reference_core_benchmark_pilot\known_visit_10target_300.csv,4,1,7,2.1525582563471586,2.1525582563471586,01,01,2,1,True,completed
140,known_visit,ACBBA,bernoulli,drop_0.25,19,361,4,10,acbba_h8_bernoulli_025,C:\Users\lottj\Desktop\research\decentralized benchmark\commitment-horizon-study\reference_core_benchmark_pilot\known_visit_10target_300.csv,5,12,14,33.34946736631262,33.34946736631262,03,03,1,0,True,completed
140,known_visit,ACBBA,bernoulli,drop_0.25,19,361,4,10,acbba_h8_bernoulli_025,C:\Users\lottj\Desktop\research\decentralized benchmark\commitment-horizon-study\reference_core_benchmark_pilot\known_visit_10target_300.csv,6,6,14,21.25816217093521,21.25816217093521,02,02,1,0,True,completed
140,known_visit,ACBBA,bernoulli,drop_0.25,19,361,4,10,acbba_h8_bernoulli_025,C:\Users\lottj\Desktop\research\decentralized benchmark\commitment-horizon-study\reference_core_benchmark_pilot\known_visit_10target_300.csv,7,1,15,5.615587482929962,5.615587482929962,02,02,1,0,True,completed
140,known_visit,ACBBA,bernoulli,drop_0.25,19,361,4,10,acbba_h8_bernoulli_025,C:\Users\lottj\Desktop\research\decentralized benchmark\commitment-horizon-study\reference_core_benchmark_pilot\known_visit_10target_300.csv,8,12,8,30.4326030660539,30.4326030660539,01,01,1,0,True,completed
140,known_visit,ACBBA,bernoulli,drop_0.25,19,361,4,10,acbba_h8_bernoulli_025,C:\Users\lottj\Desktop\research\decentralized benchmark\commitment-horizon-study\reference_core_benchmark_pilot\known_visit_10target_300.csv,9,6,9,29.952221796245983,29.952221796245983,02,02,1,0,True,completed
140,known_visit,ACBBA,bernoulli,drop_0.25,19,361,4,10,acbba_h8_bernoulli_025,C:\Users\lottj\Desktop\research\decentralized benchmark\commitment-horizon-study\reference_core_benchmark_pilot\known_visit_10target_300.csv,10,3,5,9.31118578055833,9.31118578055833,01,01,1,0,True,completed
141,known_visit,ACBBA,bernoulli,drop_0.25,19,361,4,10,acbba_h8_bernoulli_025,C:\Users\lottj\Desktop\research\decentralized benchmark\commitment-horizon-study\reference_core_benchmark_pilot\known_visit_10target_300.csv,1,14,11,61.235158484095656,61.235158484095656,00,00,1,0,True,completed
141,known_visit,ACBBA,bernoulli,drop_0.25,19,361,4,10,acbba_h8_bernoulli_025,C:\Users\lottj\Desktop\research\decentralized benchmark\commitment-horizon-study\reference_core_benchmark_pilot\known_visit_10target_300.csv,2,16,3,30.92917712487405,30.92917712487405,01,01,2,1,True,completed
141,known_visit,ACBBA,bernoulli,drop_0.25,19,361,4,10,acbba_h8_bernoulli_025,C:\Users\lottj\Desktop\research\decentralized benchmark\commitment-horizon-study\reference_core_benchmark_pilot\known_visit_10target_300.csv,3,4,0,5.246119224008134,5.246119224008134,00,00,2,1,True,completed
141,known_visit,ACBBA,bernoulli,drop_0.25,19,361,4,10,acbba_h8_bernoulli_025,C:\Users\lottj\Desktop\research\decentralized benchmark\commitment-horizon-study\reference_core_benchmark_pilot\known_visit_10target_300.csv,4,17,13,77.18439085791694,77.18439085791694,00,00,1,0,True,completed
141,known_visit,ACBBA,bernoulli,drop_0.25,19,361,4,10,acbba_h8_bernoulli_025,C:\Users\lottj\Desktop\research\decentralized benchmark\commitment-horizon-study\reference_core_benchmark_pilot\known_visit_10target_300.csv,5,4,4,8.850362722529447,8.850362722529447,01,01,2,1,True,completed
141,known_visit,ACBBA,bernoulli,drop_0.25,19,361,4,10,acbba_h8_bernoulli_025,C:\Users\lottj\Desktop\research\decentralized benchmark\commitment-horizon-study\reference_core_benchmark_pilot\known_visit_10target_300.csv,6,18,17,86.06178626084859,86.06178626084859,00,00,1,0,True,completed
141,known_visit,ACBBA,bernoulli,drop_0.25,19,361,4,10,acbba_h8_bernoulli_025,C:\Users\lottj\Desktop\research\decentralized benchmark\commitment-horizon-study\reference_core_benchmark_pilot\known_visit_10target_300.csv,7,6,15,14.072072332077996,14.072072332077996,03,03,1,0,True,completed
141,known_visit,ACBBA,bernoulli,drop_0.25,19,361,4,10,acbba_h8_bernoulli_025,C:\Users\lottj\Desktop\research\decentralized benchmark\commitment-horizon-study\reference_core_benchmark_pilot\known_visit_10target_300.csv,8,8,10,19.840992085831804,19.840992085831804,02,02,1,0,True,completed
141,known_visit,ACBBA,bernoulli,drop_0.25,19,361,4,10,acbba_h8_bernoulli_025,C:\Users\lottj\Desktop\research\decentralized benchmark\commitment-horizon-study\reference_core_benchmark_pilot\known_visit_10target_300.csv,9,15,9,55.94318364846773,55.94318364846773,00,00,1,0,True,completed
141,known_visit,ACBBA,bernoulli,drop_0.25,19,361,4,10,acbba_h8_bernoulli_025,C:\Users\lottj\Desktop\research\decentralized benchmark\commitment-horizon-study\reference_core_benchmark_pilot\known_visit_10target_300.csv,10,12,12,66.64356036228638,66.64356036228638,00,00,1,0,True,completed
142,known_visit,ACBBA,bernoulli,drop_0.25,19,361,4,10,acbba_h8_bernoulli_025,C:\Users\lottj\Desktop\research\decentralized benchmark\commitment-horizon-study\reference_core_benchmark_pilot\known_visit_10target_300.csv,1,0,1,0.48056606974218974,0.48056606974218974,00,00,2,1,True,completed
142,known_visit,ACBBA,bernoulli,drop_0.25,19,361,4,10,acbba_h8_bernoulli_025,C:\Users\lottj\Desktop\research\decentralized benchmark\commitment-horizon-study\reference_core_benchmark_pilot\known_visit_10target_300.csv,2,5,15,12.439154327661292,12.439154327661292,03,03,2,1,True,completed
142,known_visit,ACBBA,bernoulli,drop_0.25,19,361,4,10,acbba_h8_bernoulli_025,C:\Users\lottj\Desktop\research\decentralized benchmark\commitment-horizon-study\reference_core_benchmark_pilot\known_visit_10target_300.csv,3,3,11,12.574654919525898,12.574654919525898,02,02,1,0,True,completed
142,known_visit,ACBBA,bernoulli,drop_0.25,19,361,4,10,acbba_h8_bernoulli_025,C:\Users\lottj\Desktop\research\decentralized benchmark\commitment-horizon-study\reference_core_benchmark_pilot\known_visit_10target_300.csv,4,5,17,8.910725516910661,8.910725516910661,03,03,1,0,True,completed
142,known_visit,ACBBA,bernoulli,drop_0.25,19,361,4,10,acbba_h8_bernoulli_025,C:\Users\lottj\Desktop\research\decentralized benchmark\commitment-horizon-study\reference_core_benchmark_pilot\known_visit_10target_300.csv,5,13,16,28.097315119454095,28.097315119454095,03,03,1,0,True,completed
142,known_visit,ACBBA,bernoulli,drop_0.25,19,361,4,10,acbba_h8_bernoulli_025,C:\Users\lottj\Desktop\research\decentralized benchmark\commitment-horizon-study\reference_core_benchmark_pilot\known_visit_10target_300.csv,6,4,6,45.46298360922348,45.46298360922348,00,00,1,0,True,completed
142,known_visit,ACBBA,bernoulli,drop_0.25,19,361,4,10,acbba_h8_bernoulli_025,C:\Users\lottj\Desktop\research\decentralized benchmark\commitment-horizon-study\reference_core_benchmark_pilot\known_visit_10target_300.csv,7,9,0,21.75411579174751,21.75411579174751,00,00,1,0,True,completed
142,known_visit,ACBBA,bernoulli,drop_0.25,19,361,4,10,acbba_h8_bernoulli_025,C:\Users\lottj\Desktop\research\decentralized benchmark\commitment-horizon-study\reference_core_benchmark_pilot\known_visit_10target_300.csv,8,16,9,45.80683811492152,45.80683811492152,03,03,1,0,True,completed
142,known_visit,ACBBA,bernoulli,drop_0.25,19,361,4,10,acbba_h8_bernoulli_025,C:\Users\lottj\Desktop\research\decentralized benchmark\commitment-horizon-study\reference_core_benchmark_pilot\known_visit_10target_300.csv,9,7,14,39.96691667996392,39.96691667996392,02,02,1,0,True,completed
142,known_visit,ACBBA,bernoulli,drop_0.25,19,361,4,10,acbba_h8_bernoulli_025,C:\Users\lottj\Desktop\research\decentralized benchmark\commitment-horizon-study\reference_core_benchmark_pilot\known_visit_10target_300.csv,10,6,4,38.344897650768544,38.344897650768544,00,00,1,0,True,completed
143,known_visit,ACBBA,bernoulli,drop_0.25,19,361,4,10,acbba_h8_bernoulli_025,C:\Users\lottj\Desktop\research\decentralized benchmark\commitment-horizon-study\reference_core_benchmark_pilot\known_visit_10target_300.csv,1,10,18,19.952698522063553,19.952698522063553,03,03,1,0,True,completed
143,known_visit,ACBBA,bernoulli,drop_0.25,19,361,4,10,acbba_h8_bernoulli_025,C:\Users\lottj\Desktop\research\decentralized benchmark\commitment-horizon-study\reference_core_benchmark_pilot\known_visit_10target_300.csv,2,5,5,12.74577424845161,12.74577424845161,01,01,1,0,True,completed
143,known_visit,ACBBA,bernoulli,drop_0.25,19,361,4,10,acbba_h8_bernoulli_025,C:\Users\lottj\Desktop\research\decentralized benchmark\commitment-horizon-study\reference_core_benchmark_pilot\known_visit_10target_300.csv,3,3,17,5.882750027679317,5.882750027679317,03,03,2,1,True,completed
143,known_visit,ACBBA,bernoulli,drop_0.25,19,361,4,10,acbba_h8_bernoulli_025,C:\Users\lottj\Desktop\research\decentralized benchmark\commitment-horizon-study\reference_core_benchmark_pilot\known_visit_10target_300.csv,4,12,9,45.82173314371291,45.82173314371291,00,00,1,0,True,completed
143,known_visit,ACBBA,bernoulli,drop_0.25,19,361,4,10,acbba_h8_bernoulli_025,C:\Users\lottj\Desktop\research\decentralized benchmark\commitment-horizon-study\reference_core_benchmark_pilot\known_visit_10target_300.csv,5,1,17,2.21072975232836,2.21072975232836,03,03,1,0,True,completed
143,known_visit,ACBBA,bernoulli,drop_0.25,19,361,4,10,acbba_h8_bernoulli_025,C:\Users\lottj\Desktop\research\decentralized benchmark\commitment-horizon-study\reference_core_benchmark_pilot\known_visit_10target_300.csv,6,10,13,18.023782457272233,18.023782457272233,02,02,1,0,True,completed
143,known_visit,ACBBA,bernoulli,drop_0.25,19,361,4,10,acbba_h8_bernoulli_025,C:\Users\lottj\Desktop\research\decentralized benchmark\commitment-horizon-study\reference_core_benchmark_pilot\known_visit_10target_300.csv,7,10,0,15.872140337655814,15.872140337655814,00,00,1,0,True,completed
143,known_visit,ACBBA,bernoulli,drop_0.25,19,361,4,10,acbba_h8_bernoulli_025,C:\Users\lottj\Desktop\research\decentralized benchmark\commitment-horizon-study\reference_core_benchmark_pilot\known_visit_10target_300.csv,8,15,6,35.25306850450768,35.25306850450768,00,00,1,0,True,completed
143,known_visit,ACBBA,bernoulli,drop_0.25,19,361,4,10,acbba_h8_bernoulli_025,C:\Users\lottj\Desktop\research\decentralized benchmark\commitment-horizon-study\reference_core_benchmark_pilot\known_visit_10target_300.csv,9,10,15,29.414646942569277,29.414646942569277,03,03,1,0,True,completed
143,known_visit,ACBBA,bernoulli,drop_0.25,19,361,4,10,acbba_h8_bernoulli_025,C:\Users\lottj\Desktop\research\decentralized benchmark\commitment-horizon-study\reference_core_benchmark_pilot\known_visit_10target_300.csv,10,11,6,28.2310934365031,28.2310934365031,00,00,1,0,True,completed
144,known_visit,ACBBA,bernoulli,drop_0.25,19,361,4,10,acbba_h8_bernoulli_025,C:\Users\lottj\Desktop\research\decentralized benchmark\commitment-horizon-study\reference_core_benchmark_pilot\known_visit_10target_300.csv,1,9,7,19.447175660745607,19.447175660745607,01,01,2,1,True,completed
144,known_visit,ACBBA,bernoulli,drop_0.25,19,361,4,10,acbba_h8_bernoulli_025,C:\Users\lottj\Desktop\research\decentralized benchmark\commitment-horizon-study\reference_core_benchmark_pilot\known_visit_10target_300.csv,2,0,5,0.5174113689031898,0.5174113689031898,01,01,2,1,True,completed
144,known_visit,ACBBA,bernoulli,drop_0.25,19,361,4,10,acbba_h8_bernoulli_025,C:\Users\lottj\Desktop\research\decentralized benchmark\commitment-horizon-study\reference_core_benchmark_pilot\known_visit_10target_300.csv,3,8,11,24.54824915417984,24.54824915417984,03,03,1,0,True,completed
144,known_visit,ACBBA,bernoulli,drop_0.25,19,361,4,10,acbba_h8_bernoulli_025,C:\Users\lottj\Desktop\research\decentralized benchmark\commitment-horizon-study\reference_core_benchmark_pilot\known_visit_10target_300.csv,4,2,2,5.572214172275411,5.572214172275411,00,00,1,0,True,completed
144,known_visit,ACBBA,bernoulli,drop_0.25,19,361,4,10,acbba_h8_bernoulli_025,C:\Users\lottj\Desktop\research\decentralized benchmark\commitment-horizon-study\reference_core_benchmark_pilot\known_visit_10target_300.csv,5,11,15,37.05287353525619,37.05287353525619,01,01,1,0,True,completed
144,known_visit,ACBBA,bernoulli,drop_0.25,19,361,4,10,acbba_h8_bernoulli_025,C:\Users\lottj\Desktop\research\decentralized benchmark\commitment-horizon-study\reference_core_benchmark_pilot\known_visit_10target_300.csv,6,4,12,5.130790316225434,5.130790316225434,02,02,1,0,True,completed
144,known_visit,ACBBA,bernoulli,drop_0.25,19,361,4,10,acbba_h8_bernoulli_025,C:\Users\lottj\Desktop\research\decentralized benchmark\commitment-horizon-study\reference_core_benchmark_pilot\known_visit_10target_300.csv,7,9,6,17.67783331329162,17.67783331329162,01,01,2,1,True,completed
144,known_visit,ACBBA,bernoulli,drop_0.25,19,361,4,10,acbba_h8_bernoulli_025,C:\Users\lottj\Desktop\research\decentralized benchmark\commitment-horizon-study\reference_core_benchmark_pilot\known_visit_10target_300.csv,8,5,12,6.826749228321146,6.826749228321146,02,02,2,1,True,completed
144,known_visit,ACBBA,bernoulli,drop_0.25,19,361,4,10,acbba_h8_bernoulli_025,C:\Users\lottj\Desktop\research\decentralized benchmark\commitment-horizon-study\reference_core_benchmark_pilot\known_visit_10target_300.csv,9,16,13,49.42884010736867,49.42884010736867,01,01,1,0,True,completed
144,known_visit,ACBBA,bernoulli,drop_0.25,19,361,4,10,acbba_h8_bernoulli_025,C:\Users\lottj\Desktop\research\decentralized benchmark\commitment-horizon-study\reference_core_benchmark_pilot\known_visit_10target_300.csv,10,14,2,41.61582517124971,41.61582517124971,00,00,1,0,True,completed
145,known_visit,ACBBA,bernoulli,drop_0.25,19,361,4,10,acbba_h8_bernoulli_025,C:\Users\lottj\Desktop\research\decentralized benchmark\commitment-horizon-study\reference_core_benchmark_pilot\known_visit_10target_300.csv,1,2,5,3.9800315983437375,3.9800315983437375,01,01,1,0,True,completed
145,known_visit,ACBBA,bernoulli,drop_0.25,19,361,4,10,acbba_h8_bernoulli_025,C:\Users\lottj\Desktop\research\decentralized benchmark\commitment-horizon-study\reference_core_benchmark_pilot\known_visit_10target_300.csv,2,9,4,22.132442831196673,22.132442831196673,00,00,1,0,True,completed
145,known_visit,ACBBA,bernoulli,drop_0.25,19,361,4,10,acbba_h8_bernoulli_025,C:\Users\lottj\Desktop\research\decentralized benchmark\commitment-horizon-study\reference_core_benchmark_pilot\known_visit_10target_300.csv,3,18,11,55.421989985974285,55.421989985974285,00,00,1,0,True,completed
145,known_visit,ACBBA,bernoulli,drop_0.25,19,361,4,10,acbba_h8_bernoulli_025,C:\Users\lottj\Desktop\research\decentralized benchmark\commitment-horizon-study\reference_core_benchmark_pilot\known_visit_10target_300.csv,4,15,1,78.31941416097222,78.31941416097222,00,00,1,0,True,completed
145,known_visit,ACBBA,bernoulli,drop_0.25,19,361,4,10,acbba_h8_bernoulli_025,C:\Users\lottj\Desktop\research\decentralized benchmark\commitment-horizon-study\reference_core_benchmark_pilot\known_visit_10target_300.csv,5,11,11,29.964211544793596,29.964211544793596,03,03,2,1,True,completed
145,known_visit,ACBBA,bernoulli,drop_0.25,19,361,4,10,acbba_h8_bernoulli_025,C:\Users\lottj\Desktop\research\decentralized benchmark\commitment-horizon-study\reference_core_benchmark_pilot\known_visit_10target_300.csv,6,4,17,7.251935011726833,7.251935011726833,03,03,2,1,True,completed
145,known_visit,ACBBA,bernoulli,drop_0.25,19,361,4,10,acbba_h8_bernoulli_025,C:\Users\lottj\Desktop\research\decentralized benchmark\commitment-horizon-study\reference_core_benchmark_pilot\known_visit_10target_300.csv,7,14,10,46.04163727332325,46.04163727332325,00,00,1,0,True,completed
145,known_visit,ACBBA,bernoulli,drop_0.25,19,361,4,10,acbba_h8_bernoulli_025,C:\Users\lottj\Desktop\research\decentralized benchmark\commitment-horizon-study\reference_core_benchmark_pilot\known_visit_10target_300.csv,8,8,7,29.306502800857718,29.306502800857718,00,00,2,1,True,completed
145,known_visit,ACBBA,bernoulli,drop_0.25,19,361,4,10,acbba_h8_bernoulli_025,C:\Users\lottj\Desktop\research\decentralized benchmark\commitment-horizon-study\reference_core_benchmark_pilot\known_visit_10target_300.csv,9,17,6,66.11534542803507,66.11534542803507,00,00,1,0,True,completed
145,known_visit,ACBBA,bernoulli,drop_0.25,19,361,4,10,acbba_h8_bernoulli_025,C:\Users\lottj\Desktop\research\decentralized benchmark\commitment-horizon-study\reference_core_benchmark_pilot\known_visit_10target_300.csv,10,16,11,51.5769575383426,51.5769575383426,00,00,1,0,True,completed
146,known_visit,ACBBA,bernoulli,drop_0.25,19,361,4,10,acbba_h8_bernoulli_025,C:\Users\lottj\Desktop\research\decentralized benchmark\commitment-horizon-study\reference_core_benchmark_pilot\known_visit_10target_300.csv,1,13,9,63.22908344796906,63.22908344796906,00,00,1,0,True,completed
146,known_visit,ACBBA,bernoulli,drop_0.25,19,361,4,10,acbba_h8_bernoulli_025,C:\Users\lottj\Desktop\research\decentralized benchmark\commitment-horizon-study\reference_core_benchmark_pilot\known_visit_10target_300.csv,2,11,16,20.526572610686472,20.526572610686472,03,03,1,0,True,completed
146,known_visit,ACBBA,bernoulli,drop_0.25,19,361,4,10,acbba_h8_bernoulli_025,C:\Users\lottj\Desktop\research\decentralized benchmark\commitment-horizon-study\reference_core_benchmark_pilot\known_visit_10target_300.csv,3,17,8,53.97461048196517,53.97461048196517,00,00,1,0,True,completed
146,known_visit,ACBBA,bernoulli,drop_0.25,19,361,4,10,acbba_h8_bernoulli_025,C:\Users\lottj\Desktop\research\decentralized benchmark\commitment-horizon-study\reference_core_benchmark_pilot\known_visit_10target_300.csv,4,9,2,20.867341922376035,20.867341922376035,01,01,1,0,True,completed
146,known_visit,ACBBA,bernoulli,drop_0.25,19,361,4,10,acbba_h8_bernoulli_025,C:\Users\lottj\Desktop\research\decentralized benchmark\commitment-horizon-study\reference_core_benchmark_pilot\known_visit_10target_300.csv,5,7,8,40.80942012864506,40.80942012864506,02,02,1,0,True,completed
146,known_visit,ACBBA,bernoulli,drop_0.25,19,361,4,10,acbba_h8_bernoulli_025,C:\Users\lottj\Desktop\research\decentralized benchmark\commitment-horizon-study\reference_core_benchmark_pilot\known_visit_10target_300.csv,6,16,0,33.62034321201492,33.62034321201492,00,00,1,0,True,completed
146,known_visit,ACBBA,bernoulli,drop_0.25,19,361,4,10,acbba_h8_bernoulli_025,C:\Users\lottj\Desktop\research\decentralized benchmark\commitment-horizon-study\reference_core_benchmark_pilot\known_visit_10target_300.csv,7,8,13,26.465138552211876,26.465138552211876,02,02,2,1,True,completed
146,known_visit,ACBBA,bernoulli,drop_0.25,19,361,4,10,acbba_h8_bernoulli_025,C:\Users\lottj\Desktop\research\decentralized benchmark\commitment-horizon-study\reference_core_benchmark_pilot\known_visit_10target_300.csv,8,6,0,8.79642139410125,8.79642139410125,00,00,1,0,True,completed
146,known_visit,ACBBA,bernoulli,drop_0.25,19,361,4,10,acbba_h8_bernoulli_025,C:\Users\lottj\Desktop\research\decentralized benchmark\commitment-horizon-study\reference_core_benchmark_pilot\known_visit_10target_300.csv,9,16,6,48.18478022398797,48.18478022398797,00,00,1,0,True,completed
146,known_visit,ACBBA,bernoulli,drop_0.25,19,361,4,10,acbba_h8_bernoulli_025,C:\Users\lottj\Desktop\research\decentralized benchmark\commitment-horizon-study\reference_core_benchmark_pilot\known_visit_10target_300.csv,10,9,5,15.635967005689965,15.635967005689965,01,01,1,0,True,completed
147,known_visit,ACBBA,bernoulli,drop_0.25,19,361,4,10,acbba_h8_bernoulli_025,C:\Users\lottj\Desktop\research\decentralized benchmark\commitment-horizon-study\reference_core_benchmark_pilot\known_visit_10target_300.csv,1,15,10,31.421189084757106,31.421189084757106,01,01,2,1,True,completed
147,known_visit,ACBBA,bernoulli,drop_0.25,19,361,4,10,acbba_h8_bernoulli_025,C:\Users\lottj\Desktop\research\decentralized benchmark\commitment-horizon-study\reference_core_benchmark_pilot\known_visit_10target_300.csv,2,9,10,20.946657722125398,20.946657722125398,01,01,1,0,True,completed
147,known_visit,ACBBA,bernoulli,drop_0.25,19,361,4,10,acbba_h8_bernoulli_025,C:\Users\lottj\Desktop\research\decentralized benchmark\commitment-horizon-study\reference_core_benchmark_pilot\known_visit_10target_300.csv,3,16,11,51.5572589615717,51.5572589615717,03,03,1,0,True,completed
147,known_visit,ACBBA,bernoulli,drop_0.25,19,361,4,10,acbba_h8_bernoulli_025,C:\Users\lottj\Desktop\research\decentralized benchmark\commitment-horizon-study\reference_core_benchmark_pilot\known_visit_10target_300.csv,4,5,17,11.011242670017722,11.011242670017722,03,03,2,1,True,completed
147,known_visit,ACBBA,bernoulli,drop_0.25,19,361,4,10,acbba_h8_bernoulli_025,C:\Users\lottj\Desktop\research\decentralized benchmark\commitment-horizon-study\reference_core_benchmark_pilot\known_visit_10target_300.csv,5,0,17,0.42726808792052484,0.42726808792052484,03,03,2,1,True,completed
147,known_visit,ACBBA,bernoulli,drop_0.25,19,361,4,10,acbba_h8_bernoulli_025,C:\Users\lottj\Desktop\research\decentralized benchmark\commitment-horizon-study\reference_core_benchmark_pilot\known_visit_10target_300.csv,6,6,18,14.642138705684562,14.642138705684562,03,03,1,0,True,completed
147,known_visit,ACBBA,bernoulli,drop_0.25,19,361,4,10,acbba_h8_bernoulli_025,C:\Users\lottj\Desktop\research\decentralized benchmark\commitment-horizon-study\reference_core_benchmark_pilot\known_visit_10target_300.csv,7,11,10,24.81952377326536,24.81952377326536,01,01,1,0,True,completed
147,known_visit,ACBBA,bernoulli,drop_0.25,19,361,4,10,acbba_h8_bernoulli_025,C:\Users\lottj\Desktop\research\decentralized benchmark\commitment-horizon-study\reference_core_benchmark_pilot\known_visit_10target_300.csv,8,18,18,35.33004060834856,35.33004060834856,03,03,1,0,True,completed
147,known_visit,ACBBA,bernoulli,drop_0.25,19,361,4,10,acbba_h8_bernoulli_025,C:\Users\lottj\Desktop\research\decentralized benchmark\commitment-horizon-study\reference_core_benchmark_pilot\known_visit_10target_300.csv,9,1,1,2.0970950503016037,2.0970950503016037,00,00,1,0,True,completed
147,known_visit,ACBBA,bernoulli,drop_0.25,19,361,4,10,acbba_h8_bernoulli_025,C:\Users\lottj\Desktop\research\decentralized benchmark\commitment-horizon-study\reference_core_benchmark_pilot\known_visit_10target_300.csv,10,16,15,44.43487987576563,44.43487987576563,03,03,1,0,True,completed
148,known_visit,ACBBA,bernoulli,drop_0.25,19,361,4,10,acbba_h8_bernoulli_025,C:\Users\lottj\Desktop\research\decentralized benchmark\commitment-horizon-study\reference_core_benchmark_pilot\known_visit_10target_300.csv,1,13,12,31.131498999708143,31.131498999708143,03,03,2,1,True,completed
148,known_visit,ACBBA,bernoulli,drop_0.25,19,361,4,10,acbba_h8_bernoulli_025,C:\Users\lottj\Desktop\research\decentralized benchmark\commitment-horizon-study\reference_core_benchmark_pilot\known_visit_10target_300.csv,2,12,9,35.54227359567879,35.54227359567879,01,01,2,1,True,completed
148,known_visit,ACBBA,bernoulli,drop_0.25,19,361,4,10,acbba_h8_bernoulli_025,C:\Users\lottj\Desktop\research\decentralized benchmark\commitment-horizon-study\reference_core_benchmark_pilot\known_visit_10target_300.csv,3,9,15,19.023638783835167,19.023638783835167,03,03,2,1,True,completed
148,known_visit,ACBBA,bernoulli,drop_0.25,19,361,4,10,acbba_h8_bernoulli_025,C:\Users\lottj\Desktop\research\decentralized benchmark\commitment-horizon-study\reference_core_benchmark_pilot\known_visit_10target_300.csv,4,8,3,17.52457733992297,17.52457733992297,01,01,1,0,True,completed
148,known_visit,ACBBA,bernoulli,drop_0.25,19,361,4,10,acbba_h8_bernoulli_025,C:\Users\lottj\Desktop\research\decentralized benchmark\commitment-horizon-study\reference_core_benchmark_pilot\known_visit_10target_300.csv,5,6,15,13.753114508191521,13.753114508191521,03,03,2,1,True,completed
148,known_visit,ACBBA,bernoulli,drop_0.25,19,361,4,10,acbba_h8_bernoulli_025,C:\Users\lottj\Desktop\research\decentralized benchmark\commitment-horizon-study\reference_core_benchmark_pilot\known_visit_10target_300.csv,6,11,7,30.02158479579207,30.02158479579207,01,01,1,0,True,completed
148,known_visit,ACBBA,bernoulli,drop_0.25,19,361,4,10,acbba_h8_bernoulli_025,C:\Users\lottj\Desktop\research\decentralized benchmark\commitment-horizon-study\reference_core_benchmark_pilot\known_visit_10target_300.csv,7,17,8,57.46417721799077,57.46417721799077,00,00,1,0,True,completed
148,known_visit,ACBBA,bernoulli,drop_0.25,19,361,4,10,acbba_h8_bernoulli_025,C:\Users\lottj\Desktop\research\decentralized benchmark\commitment-horizon-study\reference_core_benchmark_pilot\known_visit_10target_300.csv,8,13,0,20.965605644795627,20.965605644795627,00,00,1,0,True,completed
148,known_visit,ACBBA,bernoulli,drop_0.25,19,361,4,10,acbba_h8_bernoulli_025,C:\Users\lottj\Desktop\research\decentralized benchmark\commitment-horizon-study\reference_core_benchmark_pilot\known_visit_10target_300.csv,9,15,10,55.64903044122329,55.64903044122329,01,01,1,0,True,completed
148,known_visit,ACBBA,bernoulli,drop_0.25,19,361,4,10,acbba_h8_bernoulli_025,C:\Users\lottj\Desktop\research\decentralized benchmark\commitment-horizon-study\reference_core_benchmark_pilot\known_visit_10target_300.csv,10,17,12,50.1730743184249,50.1730743184249,00,00,1,0,True,completed
149,known_visit,ACBBA,bernoulli,drop_0.25,19,361,4,10,acbba_h8_bernoulli_025,C:\Users\lottj\Desktop\research\decentralized benchmark\commitment-horizon-study\reference_core_benchmark_pilot\known_visit_10target_300.csv,1,4,14,8.862994667357887,8.862994667357887,02,02,2,1,True,completed
149,known_visit,ACBBA,bernoulli,drop_0.25,19,361,4,10,acbba_h8_bernoulli_025,C:\Users\lottj\Desktop\research\decentralized benchmark\commitment-horizon-study\reference_core_benchmark_pilot\known_visit_10target_300.csv,2,13,3,27.266612355146414,27.266612355146414,00,00,1,0,True,completed
149,known_visit,ACBBA,bernoulli,drop_0.25,19,361,4,10,acbba_h8_bernoulli_025,C:\Users\lottj\Desktop\research\decentralized benchmark\commitment-horizon-study\reference_core_benchmark_pilot\known_visit_10target_300.csv,3,3,1,5.826562015085705,5.826562015085705,00,00,2,1,True,completed
149,known_visit,ACBBA,bernoulli,drop_0.25,19,361,4,10,acbba_h8_bernoulli_025,C:\Users\lottj\Desktop\research\decentralized benchmark\commitment-horizon-study\reference_core_benchmark_pilot\known_visit_10target_300.csv,4,4,2,9.56394529561005,9.56394529561005,00,00,2,1,True,completed
149,known_visit,ACBBA,bernoulli,drop_0.25,19,361,4,10,acbba_h8_bernoulli_025,C:\Users\lottj\Desktop\research\decentralized benchmark\commitment-horizon-study\reference_core_benchmark_pilot\known_visit_10target_300.csv,5,7,15,15.646606723290104,15.646606723290104,03,03,1,0,True,completed
149,known_visit,ACBBA,bernoulli,drop_0.25,19,361,4,10,acbba_h8_bernoulli_025,C:\Users\lottj\Desktop\research\decentralized benchmark\commitment-horizon-study\reference_core_benchmark_pilot\known_visit_10target_300.csv,6,8,9,46.66501122628952,46.66501122628952,00,00,2,1,True,completed
149,known_visit,ACBBA,bernoulli,drop_0.25,19,361,4,10,acbba_h8_bernoulli_025,C:\Users\lottj\Desktop\research\decentralized benchmark\commitment-horizon-study\reference_core_benchmark_pilot\known_visit_10target_300.csv,7,15,9,67.31668148369465,67.31668148369465,02,02,1,0,True,completed
149,known_visit,ACBBA,bernoulli,drop_0.25,19,361,4,10,acbba_h8_bernoulli_025,C:\Users\lottj\Desktop\research\decentralized benchmark\commitment-horizon-study\reference_core_benchmark_pilot\known_visit_10target_300.csv,8,3,0,3.727797108359001,3.727797108359001,00,00,2,1,True,completed
149,known_visit,ACBBA,bernoulli,drop_0.25,19,361,4,10,acbba_h8_bernoulli_025,C:\Users\lottj\Desktop\research\decentralized benchmark\commitment-horizon-study\reference_core_benchmark_pilot\known_visit_10target_300.csv,9,17,1,53.270839600092,53.270839600092,01,01,1,0,True,completed
149,known_visit,ACBBA,bernoulli,drop_0.25,19,361,4,10,acbba_h8_bernoulli_025,C:\Users\lottj\Desktop\research\decentralized benchmark\commitment-horizon-study\reference_core_benchmark_pilot\known_visit_10target_300.csv,10,3,5,5.624837866597855,5.624837866597855,01,01,1,0,True,completed
150,known_visit,ACBBA,bernoulli,drop_0.25,19,361,4,10,acbba_h8_bernoulli_025,C:\Users\lottj\Desktop\research\decentralized benchmark\commitment-horizon-study\reference_core_benchmark_pilot\known_visit_10target_300.csv,1,0,3,4.454411103746427,4.454411103746427,01,01,2,1,True,completed
150,known_visit,ACBBA,bernoulli,drop_0.25,19,361,4,10,acbba_h8_bernoulli_025,C:\Users\lottj\Desktop\research\decentralized benchmark\commitment-horizon-study\reference_core_benchmark_pilot\known_visit_10target_300.csv,2,5,18,6.871296152591957,6.871296152591957,03,03,2,1,True,completed
150,known_visit,ACBBA,bernoulli,drop_0.25,19,361,4,10,acbba_h8_bernoulli_025,C:\Users\lottj\Desktop\research\decentralized benchmark\commitment-horizon-study\reference_core_benchmark_pilot\known_visit_10target_300.csv,3,13,14,29.16840820137528,29.16840820137528,03,03,1,0,True,completed
150,known_visit,ACBBA,bernoulli,drop_0.25,19,361,4,10,acbba_h8_bernoulli_025,C:\Users\lottj\Desktop\research\decentralized benchmark\commitment-horizon-study\reference_core_benchmark_pilot\known_visit_10target_300.csv,4,16,12,72.7639167676895,72.7639167676895,00,00,1,0,True,completed
150,known_visit,ACBBA,bernoulli,drop_0.25,19,361,4,10,acbba_h8_bernoulli_025,C:\Users\lottj\Desktop\research\decentralized benchmark\commitment-horizon-study\reference_core_benchmark_pilot\known_visit_10target_300.csv,5,4,1,7.486856472566425,7.486856472566425,00,00,2,1,True,completed
150,known_visit,ACBBA,bernoulli,drop_0.25,19,361,4,10,acbba_h8_bernoulli_025,C:\Users\lottj\Desktop\research\decentralized benchmark\commitment-horizon-study\reference_core_benchmark_pilot\known_visit_10target_300.csv,6,11,8,56.84765475419323,56.84765475419323,00,00,2,1,True,completed
150,known_visit,ACBBA,bernoulli,drop_0.25,19,361,4,10,acbba_h8_bernoulli_025,C:\Users\lottj\Desktop\research\decentralized benchmark\commitment-horizon-study\reference_core_benchmark_pilot\known_visit_10target_300.csv,7,13,0,24.992390338372136,24.992390338372136,00,00,1,0,True,completed
150,known_visit,ACBBA,bernoulli,drop_0.25,19,361,4,10,acbba_h8_bernoulli_025,C:\Users\lottj\Desktop\research\decentralized benchmark\commitment-horizon-study\reference_core_benchmark_pilot\known_visit_10target_300.csv,8,13,10,63.96823330794442,63.96823330794442,00,00,1,0,True,completed
150,known_visit,ACBBA,bernoulli,drop_0.25,19,361,4,10,acbba_h8_bernoulli_025,C:\Users\lottj\Desktop\research\decentralized benchmark\commitment-horizon-study\reference_core_benchmark_pilot\known_visit_10target_300.csv,9,8,3,42.74449843945291,42.74449843945291,00,00,2,1,True,completed
150,known_visit,ACBBA,bernoulli,drop_0.25,19,361,4,10,acbba_h8_bernoulli_025,C:\Users\lottj\Desktop\research\decentralized benchmark\commitment-horizon-study\reference_core_benchmark_pilot\known_visit_10target_300.csv,10,5,17,8.818611997380179,8.818611997380179,03,03,1,0,True,completed
151,known_visit,ACBBA,bernoulli,drop_0.25,19,361,4,10,acbba_h8_bernoulli_025,C:\Users\lottj\Desktop\research\decentralized benchmark\commitment-horizon-study\reference_core_benchmark_pilot\known_visit_10target_300.csv,1,9,7,48.630203534241886,48.630203534241886,01,01,1,0,True,completed
151,known_visit,ACBBA,bernoulli,drop_0.25,19,361,4,10,acbba_h8_bernoulli_025,C:\Users\lottj\Desktop\research\decentralized benchmark\commitment-horizon-study\reference_core_benchmark_pilot\known_visit_10target_300.csv,2,1,11,2.0351746138239095,2.0351746138239095,02,02,1,0,True,completed
151,known_visit,ACBBA,bernoulli,drop_0.25,19,361,4,10,acbba_h8_bernoulli_025,C:\Users\lottj\Desktop\research\decentralized benchmark\commitment-horizon-study\reference_core_benchmark_pilot\known_visit_10target_300.csv,3,5,18,6.954318652660839,6.954318652660839,03,03,2,1,True,completed
151,known_visit,ACBBA,bernoulli,drop_0.25,19,361,4,10,acbba_h8_bernoulli_025,C:\Users\lottj\Desktop\research\decentralized benchmark\commitment-horizon-study\reference_core_benchmark_pilot\known_visit_10target_300.csv,4,16,3,74.72436499200745,74.72436499200745,01,01,1,0,True,completed
151,known_visit,ACBBA,bernoulli,drop_0.25,19,361,4,10,acbba_h8_bernoulli_025,C:\Users\lottj\Desktop\research\decentralized benchmark\commitment-horizon-study\reference_core_benchmark_pilot\known_visit_10target_300.csv,5,3,16,24.971315139089374,24.971315139089374,02,02,2,1,True,completed
151,known_visit,ACBBA,bernoulli,drop_0.25,19,361,4,10,acbba_h8_bernoulli_025,C:\Users\lottj\Desktop\research\decentralized benchmark\commitment-horizon-study\reference_core_benchmark_pilot\known_visit_10target_300.csv,6,0,4,5.639142476042075,5.639142476042075,00,00,2,1,True,completed
151,known_visit,ACBBA,bernoulli,drop_0.25,19,361,4,10,acbba_h8_bernoulli_025,C:\Users\lottj\Desktop\research\decentralized benchmark\commitment-horizon-study\reference_core_benchmark_pilot\known_visit_10target_300.csv,7,18,10,51.3293765300498,51.3293765300498,00,00,1,0,True,completed
151,known_visit,ACBBA,bernoulli,drop_0.25,19,361,4,10,acbba_h8_bernoulli_025,C:\Users\lottj\Desktop\research\decentralized benchmark\commitment-horizon-study\reference_core_benchmark_pilot\known_visit_10target_300.csv,8,6,8,22.879303649152014,22.879303649152014,00,00,2,1,True,completed
151,known_visit,ACBBA,bernoulli,drop_0.25,19,361,4,10,acbba_h8_bernoulli_025,C:\Users\lottj\Desktop\research\decentralized benchmark\commitment-horizon-study\reference_core_benchmark_pilot\known_visit_10target_300.csv,9,17,13,72.29262117471191,72.29262117471191,02,02,1,0,True,completed
151,known_visit,ACBBA,bernoulli,drop_0.25,19,361,4,10,acbba_h8_bernoulli_025,C:\Users\lottj\Desktop\research\decentralized benchmark\commitment-horizon-study\reference_core_benchmark_pilot\known_visit_10target_300.csv,10,12,1,64.05621826928379,64.05621826928379,01,01,1,0,True,completed
152,known_visit,ACBBA,bernoulli,drop_0.25,19,361,4,10,acbba_h8_bernoulli_025,C:\Users\lottj\Desktop\research\decentralized benchmark\commitment-horizon-study\reference_core_benchmark_pilot\known_visit_10target_300.csv,1,8,4,21.253814866600454,21.253814866600454,00,00,1,0,True,completed
152,known_visit,ACBBA,bernoulli,drop_0.25,19,361,4,10,acbba_h8_bernoulli_025,C:\Users\lottj\Desktop\research\decentralized benchmark\commitment-horizon-study\reference_core_benchmark_pilot\known_visit_10target_300.csv,2,8,3,19.645816231981673,19.645816231981673,00,00,2,1,True,completed
152,known_visit,ACBBA,bernoulli,drop_0.25,19,361,4,10,acbba_h8_bernoulli_025,C:\Users\lottj\Desktop\research\decentralized benchmark\commitment-horizon-study\reference_core_benchmark_pilot\known_visit_10target_300.csv,3,12,3,100.76525542395893,100.76525542395893,03,03,1,0,True,completed
152,known_visit,ACBBA,bernoulli,drop_0.25,19,361,4,10,acbba_h8_bernoulli_025,C:\Users\lottj\Desktop\research\decentralized benchmark\commitment-horizon-study\reference_core_benchmark_pilot\known_visit_10target_300.csv,4,2,13,3.7145011095804668,3.7145011095804668,02,02,2,1,True,completed
152,known_visit,ACBBA,bernoulli,drop_0.25,19,361,4,10,acbba_h8_bernoulli_025,C:\Users\lottj\Desktop\research\decentralized benchmark\commitment-horizon-study\reference_core_benchmark_pilot\known_visit_10target_300.csv,5,8,17,13.844888551456426,13.844888551456426,03,03,2,1,True,completed
152,known_visit,ACBBA,bernoulli,drop_0.25,19,361,4,10,acbba_h8_bernoulli_025,C:\Users\lottj\Desktop\research\decentralized benchmark\commitment-horizon-study\reference_core_benchmark_pilot\known_visit_10target_300.csv,6,5,1,9.292586836747093,9.292586836747093,00,00,2,1,True,completed
152,known_visit,ACBBA,bernoulli,drop_0.25,19,361,4,10,acbba_h8_bernoulli_025,C:\Users\lottj\Desktop\research\decentralized benchmark\commitment-horizon-study\reference_core_benchmark_pilot\known_visit_10target_300.csv,7,3,14,17.746421352584104,17.746421352584104,01,01,2,1,True,completed
152,known_visit,ACBBA,bernoulli,drop_0.25,19,361,4,10,acbba_h8_bernoulli_025,C:\Users\lottj\Desktop\research\decentralized benchmark\commitment-horizon-study\reference_core_benchmark_pilot\known_visit_10target_300.csv,8,4,1,7.26955205168058,7.26955205168058,00,00,1,0,True,completed
152,known_visit,ACBBA,bernoulli,drop_0.25,19,361,4,10,acbba_h8_bernoulli_025,C:\Users\lottj\Desktop\research\decentralized benchmark\commitment-horizon-study\reference_core_benchmark_pilot\known_visit_10target_300.csv,9,2,15,7.0750133076367065,7.0750133076367065,02,02,1,0,True,completed
152,known_visit,ACBBA,bernoulli,drop_0.25,19,361,4,10,acbba_h8_bernoulli_025,C:\Users\lottj\Desktop\research\decentralized benchmark\commitment-horizon-study\reference_core_benchmark_pilot\known_visit_10target_300.csv,10,15,18,34.53635031119332,34.53635031119332,02,02,2,1,True,completed
153,known_visit,ACBBA,bernoulli,drop_0.25,19,361,4,10,acbba_h8_bernoulli_025,C:\Users\lottj\Desktop\research\decentralized benchmark\commitment-horizon-study\reference_core_benchmark_pilot\known_visit_10target_300.csv,1,3,17,5.440934519423528,5.440934519423528,03,03,1,0,True,completed
153,known_visit,ACBBA,bernoulli,drop_0.25,19,361,4,10,acbba_h8_bernoulli_025,C:\Users\lottj\Desktop\research\decentralized benchmark\commitment-horizon-study\reference_core_benchmark_pilot\known_visit_10target_300.csv,2,10,10,23.100179424840594,23.100179424840594,02,02,2,1,True,completed
153,known_visit,ACBBA,bernoulli,drop_0.25,19,361,4,10,acbba_h8_bernoulli_025,C:\Users\lottj\Desktop\research\decentralized benchmark\commitment-horizon-study\reference_core_benchmark_pilot\known_visit_10target_300.csv,3,17,4,35.36109439186306,35.36109439186306,00,00,1,0,True,completed
153,known_visit,ACBBA,bernoulli,drop_0.25,19,361,4,10,acbba_h8_bernoulli_025,C:\Users\lottj\Desktop\research\decentralized benchmark\commitment-horizon-study\reference_core_benchmark_pilot\known_visit_10target_300.csv,4,7,9,15.852739866368964,15.852739866368964,02,02,2,1,True,completed
153,known_visit,ACBBA,bernoulli,drop_0.25,19,361,4,10,acbba_h8_bernoulli_025,C:\Users\lottj\Desktop\research\decentralized benchmark\commitment-horizon-study\reference_core_benchmark_pilot\known_visit_10target_300.csv,5,17,15,54.51552664089397,54.51552664089397,00,00,1,0,True,completed
153,known_visit,ACBBA,bernoulli,drop_0.25,19,361,4,10,acbba_h8_bernoulli_025,C:\Users\lottj\Desktop\research\decentralized benchmark\commitment-horizon-study\reference_core_benchmark_pilot\known_visit_10target_300.csv,6,5,2,11.205001889838911,11.205001889838911,00,00,1,0,True,completed
153,known_visit,ACBBA,bernoulli,drop_0.25,19,361,4,10,acbba_h8_bernoulli_025,C:\Users\lottj\Desktop\research\decentralized benchmark\commitment-horizon-study\reference_core_benchmark_pilot\known_visit_10target_300.csv,7,4,2,9.234140363288251,9.234140363288251,00,00,1,0,True,completed
153,known_visit,ACBBA,bernoulli,drop_0.25,19,361,4,10,acbba_h8_bernoulli_025,C:\Users\lottj\Desktop\research\decentralized benchmark\commitment-horizon-study\reference_core_benchmark_pilot\known_visit_10target_300.csv,8,4,15,10.773723178195556,10.773723178195556,03,03,1,0,True,completed
153,known_visit,ACBBA,bernoulli,drop_0.25,19,361,4,10,acbba_h8_bernoulli_025,C:\Users\lottj\Desktop\research\decentralized benchmark\commitment-horizon-study\reference_core_benchmark_pilot\known_visit_10target_300.csv,9,14,4,30.103098762222825,30.103098762222825,00,00,1,0,True,completed
153,known_visit,ACBBA,bernoulli,drop_0.25,19,361,4,10,acbba_h8_bernoulli_025,C:\Users\lottj\Desktop\research\decentralized benchmark\commitment-horizon-study\reference_core_benchmark_pilot\known_visit_10target_300.csv,10,4,7,7.3258685231123835,7.3258685231123835,01,01,1,0,True,completed
154,known_visit,ACBBA,bernoulli,drop_0.25,19,361,4,10,acbba_h8_bernoulli_025,C:\Users\lottj\Desktop\research\decentralized benchmark\commitment-horizon-study\reference_core_benchmark_pilot\known_visit_10target_300.csv,1,9,5,23.896063655572316,23.896063655572316,00,00,1,0,True,completed
154,known_visit,ACBBA,bernoulli,drop_0.25,19,361,4,10,acbba_h8_bernoulli_025,C:\Users\lottj\Desktop\research\decentralized benchmark\commitment-horizon-study\reference_core_benchmark_pilot\known_visit_10target_300.csv,2,2,7,4.1770727010083855,4.1770727010083855,01,01,1,0,True,completed
154,known_visit,ACBBA,bernoulli,drop_0.25,19,361,4,10,acbba_h8_bernoulli_025,C:\Users\lottj\Desktop\research\decentralized benchmark\commitment-horizon-study\reference_core_benchmark_pilot\known_visit_10target_300.csv,3,17,8,43.17291800296339,43.17291800296339,00,00,1,0,True,completed
154,known_visit,ACBBA,bernoulli,drop_0.25,19,361,4,10,acbba_h8_bernoulli_025,C:\Users\lottj\Desktop\research\decentralized benchmark\commitment-horizon-study\reference_core_benchmark_pilot\known_visit_10target_300.csv,4,17,6,39.35607429398399,39.35607429398399,00,00,1,0,True,completed
154,known_visit,ACBBA,bernoulli,drop_0.25,19,361,4,10,acbba_h8_bernoulli_025,C:\Users\lottj\Desktop\research\decentralized benchmark\commitment-horizon-study\reference_core_benchmark_pilot\known_visit_10target_300.csv,5,1,7,2.192875429505676,2.192875429505676,01,01,1,0,True,completed
154,known_visit,ACBBA,bernoulli,drop_0.25,19,361,4,10,acbba_h8_bernoulli_025,C:\Users\lottj\Desktop\research\decentralized benchmark\commitment-horizon-study\reference_core_benchmark_pilot\known_visit_10target_300.csv,6,1,14,3.814300248155588,3.814300248155588,02,02,2,1,True,completed
154,known_visit,ACBBA,bernoulli,drop_0.25,19,361,4,10,acbba_h8_bernoulli_025,C:\Users\lottj\Desktop\research\decentralized benchmark\commitment-horizon-study\reference_core_benchmark_pilot\known_visit_10target_300.csv,7,8,12,24.207042020280266,24.207042020280266,03,03,1,0,True,completed
154,known_visit,ACBBA,bernoulli,drop_0.25,19,361,4,10,acbba_h8_bernoulli_025,C:\Users\lottj\Desktop\research\decentralized benchmark\commitment-horizon-study\reference_core_benchmark_pilot\known_visit_10target_300.csv,8,4,4,13.34674429185082,13.34674429185082,00,00,2,1,True,completed
154,known_visit,ACBBA,bernoulli,drop_0.25,19,361,4,10,acbba_h8_bernoulli_025,C:\Users\lottj\Desktop\research\decentralized benchmark\commitment-horizon-study\reference_core_benchmark_pilot\known_visit_10target_300.csv,9,4,12,17.024525190112968,17.024525190112968,03,03,1,0,True,completed
154,known_visit,ACBBA,bernoulli,drop_0.25,19,361,4,10,acbba_h8_bernoulli_025,C:\Users\lottj\Desktop\research\decentralized benchmark\commitment-horizon-study\reference_core_benchmark_pilot\known_visit_10target_300.csv,10,0,15,3.927745559711685,3.927745559711685,03,03,2,1,True,completed
155,known_visit,ACBBA,bernoulli,drop_0.25,19,361,4,10,acbba_h8_bernoulli_025,C:\Users\lottj\Desktop\research\decentralized benchmark\commitment-horizon-study\reference_core_benchmark_pilot\known_visit_10target_300.csv,1,3,4,7.398875248993535,7.398875248993535,01,01,2,1,True,completed
155,known_visit,ACBBA,bernoulli,drop_0.25,19,361,4,10,acbba_h8_bernoulli_025,C:\Users\lottj\Desktop\research\decentralized benchmark\commitment-horizon-study\reference_core_benchmark_pilot\known_visit_10target_300.csv,2,1,1,2.2260575387640187,2.2260575387640187,00,00,2,1,True,completed
155,known_visit,ACBBA,bernoulli,drop_0.25,19,361,4,10,acbba_h8_bernoulli_025,C:\Users\lottj\Desktop\research\decentralized benchmark\commitment-horizon-study\reference_core_benchmark_pilot\known_visit_10target_300.csv,3,3,17,5.702572340676151,5.702572340676151,03,03,2,1,True,completed
155,known_visit,ACBBA,bernoulli,drop_0.25,19,361,4,10,acbba_h8_bernoulli_025,C:\Users\lottj\Desktop\research\decentralized benchmark\commitment-horizon-study\reference_core_benchmark_pilot\known_visit_10target_300.csv,4,17,15,33.779405047707606,33.779405047707606,03,03,1,0,True,completed
155,known_visit,ACBBA,bernoulli,drop_0.25,19,361,4,10,acbba_h8_bernoulli_025,C:\Users\lottj\Desktop\research\decentralized benchmark\commitment-horizon-study\reference_core_benchmark_pilot\known_visit_10target_300.csv,5,15,4,43.181649582010245,43.181649582010245,00,00,1,0,True,completed
155,known_visit,ACBBA,bernoulli,drop_0.25,19,361,4,10,acbba_h8_bernoulli_025,C:\Users\lottj\Desktop\research\decentralized benchmark\commitment-horizon-study\reference_core_benchmark_pilot\known_visit_10target_300.csv,6,8,17,14.375491722623362,14.375491722623362,03,03,1,0,True,completed
155,known_visit,ACBBA,bernoulli,drop_0.25,19,361,4,10,acbba_h8_bernoulli_025,C:\Users\lottj\Desktop\research\decentralized benchmark\commitment-horizon-study\reference_core_benchmark_pilot\known_visit_10target_300.csv,7,18,13,39.22090197834638,39.22090197834638,03,03,1,0,True,completed
155,known_visit,ACBBA,bernoulli,drop_0.25,19,361,4,10,acbba_h8_bernoulli_025,C:\Users\lottj\Desktop\research\decentralized benchmark\commitment-horizon-study\reference_core_benchmark_pilot\known_visit_10target_300.csv,8,18,0,55.59508447302829,55.59508447302829,00,00,1,0,True,completed
155,known_visit,ACBBA,bernoulli,drop_0.25,19,361,4,10,acbba_h8_bernoulli_025,C:\Users\lottj\Desktop\research\decentralized benchmark\commitment-horizon-study\reference_core_benchmark_pilot\known_visit_10target_300.csv,9,11,8,49.85015249030461,49.85015249030461,01,01,1,0,True,completed
155,known_visit,ACBBA,bernoulli,drop_0.25,19,361,4,10,acbba_h8_bernoulli_025,C:\Users\lottj\Desktop\research\decentralized benchmark\commitment-horizon-study\reference_core_benchmark_pilot\known_visit_10target_300.csv,10,18,1,53.60532330105694,53.60532330105694,00,00,1,0,True,completed
156,known_visit,ACBBA,bernoulli,drop_0.25,19,361,4,10,acbba_h8_bernoulli_025,C:\Users\lottj\Desktop\research\decentralized benchmark\commitment-horizon-study\reference_core_benchmark_pilot\known_visit_10target_300.csv,1,4,5,7.052984256387607,7.052984256387607,01,01,1,0,True,completed
156,known_visit,ACBBA,bernoulli,drop_0.25,19,361,4,10,acbba_h8_bernoulli_025,C:\Users\lottj\Desktop\research\decentralized benchmark\commitment-horizon-study\reference_core_benchmark_pilot\known_visit_10target_300.csv,2,11,17,26.263504430240918,26.263504430240918,02,02,1,0,True,completed
156,known_visit,ACBBA,bernoulli,drop_0.25,19,361,4,10,acbba_h8_bernoulli_025,C:\Users\lottj\Desktop\research\decentralized benchmark\commitment-horizon-study\reference_core_benchmark_pilot\known_visit_10target_300.csv,3,8,12,37.32264451591066,37.32264451591066,01,01,1,0,True,completed
156,known_visit,ACBBA,bernoulli,drop_0.25,19,361,4,10,acbba_h8_bernoulli_025,C:\Users\lottj\Desktop\research\decentralized benchmark\commitment-horizon-study\reference_core_benchmark_pilot\known_visit_10target_300.csv,4,11,16,24.653200174438254,24.653200174438254,02,02,1,0,True,completed
156,known_visit,ACBBA,bernoulli,drop_0.25,19,361,4,10,acbba_h8_bernoulli_025,C:\Users\lottj\Desktop\research\decentralized benchmark\commitment-horizon-study\reference_core_benchmark_pilot\known_visit_10target_300.csv,5,10,6,23.31837506197637,23.31837506197637,01,01,1,0,True,completed
156,known_visit,ACBBA,bernoulli,drop_0.25,19,361,4,10,acbba_h8_bernoulli_025,C:\Users\lottj\Desktop\research\decentralized benchmark\commitment-horizon-study\reference_core_benchmark_pilot\known_visit_10target_300.csv,6,9,12,35.63052339824772,35.63052339824772,01,01,1,0,True,completed
156,known_visit,ACBBA,bernoulli,drop_0.25,19,361,4,10,acbba_h8_bernoulli_025,C:\Users\lottj\Desktop\research\decentralized benchmark\commitment-horizon-study\reference_core_benchmark_pilot\known_visit_10target_300.csv,7,4,14,8.889613990463664,8.889613990463664,02,02,2,1,True,completed
156,known_visit,ACBBA,bernoulli,drop_0.25,19,361,4,10,acbba_h8_bernoulli_025,C:\Users\lottj\Desktop\research\decentralized benchmark\commitment-horizon-study\reference_core_benchmark_pilot\known_visit_10target_300.csv,8,6,4,12.447899428455012,12.447899428455012,01,01,1,0,True,completed
156,known_visit,ACBBA,bernoulli,drop_0.25,19,361,4,10,acbba_h8_bernoulli_025,C:\Users\lottj\Desktop\research\decentralized benchmark\commitment-horizon-study\reference_core_benchmark_pilot\known_visit_10target_300.csv,9,1,9,19.31770447399478,19.31770447399478,00,00,1,0,True,completed
156,known_visit,ACBBA,bernoulli,drop_0.25,19,361,4,10,acbba_h8_bernoulli_025,C:\Users\lottj\Desktop\research\decentralized benchmark\commitment-horizon-study\reference_core_benchmark_pilot\known_visit_10target_300.csv,10,15,17,33.48751878601631,33.48751878601631,02,02,1,0,True,completed
157,known_visit,ACBBA,bernoulli,drop_0.25,19,361,4,10,acbba_h8_bernoulli_025,C:\Users\lottj\Desktop\research\decentralized benchmark\commitment-horizon-study\reference_core_benchmark_pilot\known_visit_10target_300.csv,1,13,3,30.60445697633933,30.60445697633933,00,00,1,0,True,completed
157,known_visit,ACBBA,bernoulli,drop_0.25,19,361,4,10,acbba_h8_bernoulli_025,C:\Users\lottj\Desktop\research\decentralized benchmark\commitment-horizon-study\reference_core_benchmark_pilot\known_visit_10target_300.csv,2,18,12,37.10172461378082,37.10172461378082,02,02,1,0,True,completed
157,known_visit,ACBBA,bernoulli,drop_0.25,19,361,4,10,acbba_h8_bernoulli_025,C:\Users\lottj\Desktop\research\decentralized benchmark\commitment-horizon-study\reference_core_benchmark_pilot\known_visit_10target_300.csv,3,2,15,7.533653531072208,7.533653531072208,03,03,1,0,True,completed
157,known_visit,ACBBA,bernoulli,drop_0.25,19,361,4,10,acbba_h8_bernoulli_025,C:\Users\lottj\Desktop\research\decentralized benchmark\commitment-horizon-study\reference_core_benchmark_pilot\known_visit_10target_300.csv,4,11,1,23.279215591625377,23.279215591625377,00,00,1,0,True,completed
157,known_visit,ACBBA,bernoulli,drop_0.25,19,361,4,10,acbba_h8_bernoulli_025,C:\Users\lottj\Desktop\research\decentralized benchmark\commitment-horizon-study\reference_core_benchmark_pilot\known_visit_10target_300.csv,5,15,14,27.97644219929588,27.97644219929588,02,02,1,0,True,completed
157,known_visit,ACBBA,bernoulli,drop_0.25,19,361,4,10,acbba_h8_bernoulli_025,C:\Users\lottj\Desktop\research\decentralized benchmark\commitment-horizon-study\reference_core_benchmark_pilot\known_visit_10target_300.csv,6,5,2,11.001239653308248,11.001239653308248,00,00,1,0,True,completed
157,known_visit,ACBBA,bernoulli,drop_0.25,19,361,4,10,acbba_h8_bernoulli_025,C:\Users\lottj\Desktop\research\decentralized benchmark\commitment-horizon-study\reference_core_benchmark_pilot\known_visit_10target_300.csv,7,2,14,9.145820336968926,9.145820336968926,03,03,2,1,True,completed
157,known_visit,ACBBA,bernoulli,drop_0.25,19,361,4,10,acbba_h8_bernoulli_025,C:\Users\lottj\Desktop\research\decentralized benchmark\commitment-horizon-study\reference_core_benchmark_pilot\known_visit_10target_300.csv,8,6,9,13.961111661237636,13.961111661237636,01,01,1,0,True,completed
157,known_visit,ACBBA,bernoulli,drop_0.25,19,361,4,10,acbba_h8_bernoulli_025,C:\Users\lottj\Desktop\research\decentralized benchmark\commitment-horizon-study\reference_core_benchmark_pilot\known_visit_10target_300.csv,9,2,0,1.8238692222018233,1.8238692222018233,00,00,1,0,True,completed
157,known_visit,ACBBA,bernoulli,drop_0.25,19,361,4,10,acbba_h8_bernoulli_025,C:\Users\lottj\Desktop\research\decentralized benchmark\commitment-horizon-study\reference_core_benchmark_pilot\known_visit_10target_300.csv,10,3,2,7.299225933713407,7.299225933713407,00,00,1,0,True,completed
158,known_visit,ACBBA,bernoulli,drop_0.25,19,361,4,10,acbba_h8_bernoulli_025,C:\Users\lottj\Desktop\research\decentralized benchmark\commitment-horizon-study\reference_core_benchmark_pilot\known_visit_10target_300.csv,1,16,2,54.02765559025757,54.02765559025757,00,00,1,0,True,completed
158,known_visit,ACBBA,bernoulli,drop_0.25,19,361,4,10,acbba_h8_bernoulli_025,C:\Users\lottj\Desktop\research\decentralized benchmark\commitment-horizon-study\reference_core_benchmark_pilot\known_visit_10target_300.csv,2,11,11,30.05830877899151,30.05830877899151,03,03,2,1,True,completed
158,known_visit,ACBBA,bernoulli,drop_0.25,19,361,4,10,acbba_h8_bernoulli_025,C:\Users\lottj\Desktop\research\decentralized benchmark\commitment-horizon-study\reference_core_benchmark_pilot\known_visit_10target_300.csv,3,10,16,19.572957520598646,19.572957520598646,03,03,1,0,True,completed
158,known_visit,ACBBA,bernoulli,drop_0.25,19,361,4,10,acbba_h8_bernoulli_025,C:\Users\lottj\Desktop\research\decentralized benchmark\commitment-horizon-study\reference_core_benchmark_pilot\known_visit_10target_300.csv,4,11,9,33.079995223384735,33.079995223384735,00,00,1,0,True,completed
158,known_visit,ACBBA,bernoulli,drop_0.25,19,361,4,10,acbba_h8_bernoulli_025,C:\Users\lottj\Desktop\research\decentralized benchmark\commitment-horizon-study\reference_core_benchmark_pilot\known_visit_10target_300.csv,5,9,15,19.58666787604156,19.58666787604156,02,02,1,0,True,completed
158,known_visit,ACBBA,bernoulli,drop_0.25,19,361,4,10,acbba_h8_bernoulli_025,C:\Users\lottj\Desktop\research\decentralized benchmark\commitment-horizon-study\reference_core_benchmark_pilot\known_visit_10target_300.csv,6,6,12,8.961385631877167,8.961385631877167,02,02,2,1,True,completed
158,known_visit,ACBBA,bernoulli,drop_0.25,19,361,4,10,acbba_h8_bernoulli_025,C:\Users\lottj\Desktop\research\decentralized benchmark\commitment-horizon-study\reference_core_benchmark_pilot\known_visit_10target_300.csv,7,2,9,7.855944448789438,7.855944448789438,01,01,2,1,True,completed
158,known_visit,ACBBA,bernoulli,drop_0.25,19,361,4,10,acbba_h8_bernoulli_025,C:\Users\lottj\Desktop\research\decentralized benchmark\commitment-horizon-study\reference_core_benchmark_pilot\known_visit_10target_300.csv,8,5,10,14.874764913631639,14.874764913631639,01,01,2,1,True,completed
158,known_visit,ACBBA,bernoulli,drop_0.25,19,361,4,10,acbba_h8_bernoulli_025,C:\Users\lottj\Desktop\research\decentralized benchmark\commitment-horizon-study\reference_core_benchmark_pilot\known_visit_10target_300.csv,9,18,13,44.8337118206662,44.8337118206662,02,02,1,0,True,completed
158,known_visit,ACBBA,bernoulli,drop_0.25,19,361,4,10,acbba_h8_bernoulli_025,C:\Users\lottj\Desktop\research\decentralized benchmark\commitment-horizon-study\reference_core_benchmark_pilot\known_visit_10target_300.csv,10,16,9,41.94060179469489,41.94060179469489,00,00,1,0,True,completed
159,known_visit,ACBBA,bernoulli,drop_0.25,19,361,4,10,acbba_h8_bernoulli_025,C:\Users\lottj\Desktop\research\decentralized benchmark\commitment-horizon-study\reference_core_benchmark_pilot\known_visit_10target_300.csv,1,5,17,8.951183689505154,8.951183689505154,03,03,2,1,True,completed
159,known_visit,ACBBA,bernoulli,drop_0.25,19,361,4,10,acbba_h8_bernoulli_025,C:\Users\lottj\Desktop\research\decentralized benchmark\commitment-horizon-study\reference_core_benchmark_pilot\known_visit_10target_300.csv,2,4,3,12.982700131533319,12.982700131533319,00,00,1,0,True,completed
159,known_visit,ACBBA,bernoulli,drop_0.25,19,361,4,10,acbba_h8_bernoulli_025,C:\Users\lottj\Desktop\research\decentralized benchmark\commitment-horizon-study\reference_core_benchmark_pilot\known_visit_10target_300.csv,3,13,3,39.60042267326305,39.60042267326305,00,00,1,0,True,completed
159,known_visit,ACBBA,bernoulli,drop_0.25,19,361,4,10,acbba_h8_bernoulli_025,C:\Users\lottj\Desktop\research\decentralized benchmark\commitment-horizon-study\reference_core_benchmark_pilot\known_visit_10target_300.csv,4,12,8,28.004648084463515,28.004648084463515,02,02,1,0,True,completed
159,known_visit,ACBBA,bernoulli,drop_0.25,19,361,4,10,acbba_h8_bernoulli_025,C:\Users\lottj\Desktop\research\decentralized benchmark\commitment-horizon-study\reference_core_benchmark_pilot\known_visit_10target_300.csv,5,12,0,32.825650644110844,32.825650644110844,00,00,1,0,True,completed
159,known_visit,ACBBA,bernoulli,drop_0.25,19,361,4,10,acbba_h8_bernoulli_025,C:\Users\lottj\Desktop\research\decentralized benchmark\commitment-horizon-study\reference_core_benchmark_pilot\known_visit_10target_300.csv,6,18,4,50.26416843464196,50.26416843464196,00,00,1,0,True,completed
159,known_visit,ACBBA,bernoulli,drop_0.25,19,361,4,10,acbba_h8_bernoulli_025,C:\Users\lottj\Desktop\research\decentralized benchmark\commitment-horizon-study\reference_core_benchmark_pilot\known_visit_10target_300.csv,7,8,3,20.19606298598388,20.19606298598388,00,00,1,0,True,completed
159,known_visit,ACBBA,bernoulli,drop_0.25,19,361,4,10,acbba_h8_bernoulli_025,C:\Users\lottj\Desktop\research\decentralized benchmark\commitment-horizon-study\reference_core_benchmark_pilot\known_visit_10target_300.csv,8,10,0,28.994873955649158,28.994873955649158,00,00,1,0,True,completed
159,known_visit,ACBBA,bernoulli,drop_0.25,19,361,4,10,acbba_h8_bernoulli_025,C:\Users\lottj\Desktop\research\decentralized benchmark\commitment-horizon-study\reference_core_benchmark_pilot\known_visit_10target_300.csv,9,3,9,8.78726143998812,8.78726143998812,01,01,1,0,True,completed
159,known_visit,ACBBA,bernoulli,drop_0.25,19,361,4,10,acbba_h8_bernoulli_025,C:\Users\lottj\Desktop\research\decentralized benchmark\commitment-horizon-study\reference_core_benchmark_pilot\known_visit_10target_300.csv,10,10,16,48.07716224962435,48.07716224962435,01,01,1,0,True,completed
160,known_visit,ACBBA,bernoulli,drop_0.25,19,361,4,10,acbba_h8_bernoulli_025,C:\Users\lottj\Desktop\research\decentralized benchmark\commitment-horizon-study\reference_core_benchmark_pilot\known_visit_10target_300.csv,1,4,5,7.326906910555478,7.326906910555478,01,01,1,0,True,completed
160,known_visit,ACBBA,bernoulli,drop_0.25,19,361,4,10,acbba_h8_bernoulli_025,C:\Users\lottj\Desktop\research\decentralized benchmark\commitment-horizon-study\reference_core_benchmark_pilot\known_visit_10target_300.csv,2,4,1,7.148996254865188,7.148996254865188,00,00,1,0,True,completed
160,known_visit,ACBBA,bernoulli,drop_0.25,19,361,4,10,acbba_h8_bernoulli_025,C:\Users\lottj\Desktop\research\decentralized benchmark\commitment-horizon-study\reference_core_benchmark_pilot\known_visit_10target_300.csv,3,4,11,7.353660061819714,7.353660061819714,02,02,1,0,True,completed
160,known_visit,ACBBA,bernoulli,drop_0.25,19,361,4,10,acbba_h8_bernoulli_025,C:\Users\lottj\Desktop\research\decentralized benchmark\commitment-horizon-study\reference_core_benchmark_pilot\known_visit_10target_300.csv,4,10,17,25.24790263489923,25.24790263489923,03,03,1,0,True,completed
160,known_visit,ACBBA,bernoulli,drop_0.25,19,361,4,10,acbba_h8_bernoulli_025,C:\Users\lottj\Desktop\research\decentralized benchmark\commitment-horizon-study\reference_core_benchmark_pilot\known_visit_10target_300.csv,5,13,1,22.99619310861632,22.99619310861632,00,00,1,0,True,completed
160,known_visit,ACBBA,bernoulli,drop_0.25,19,361,4,10,acbba_h8_bernoulli_025,C:\Users\lottj\Desktop\research\decentralized benchmark\commitment-horizon-study\reference_core_benchmark_pilot\known_visit_10target_300.csv,6,9,8,26.622697533956593,26.622697533956593,01,01,1,0,True,completed
160,known_visit,ACBBA,bernoulli,drop_0.25,19,361,4,10,acbba_h8_bernoulli_025,C:\Users\lottj\Desktop\research\decentralized benchmark\commitment-horizon-study\reference_core_benchmark_pilot\known_visit_10target_300.csv,7,11,10,23.17398114607677,23.17398114607677,02,02,1,0,True,completed
160,known_visit,ACBBA,bernoulli,drop_0.25,19,361,4,10,acbba_h8_bernoulli_025,C:\Users\lottj\Desktop\research\decentralized benchmark\commitment-horizon-study\reference_core_benchmark_pilot\known_visit_10target_300.csv,8,8,1,14.164909966582952,14.164909966582952,00,00,1,0,True,completed
160,known_visit,ACBBA,bernoulli,drop_0.25,19,361,4,10,acbba_h8_bernoulli_025,C:\Users\lottj\Desktop\research\decentralized benchmark\commitment-horizon-study\reference_core_benchmark_pilot\known_visit_10target_300.csv,9,6,16,12.15320960891716,12.15320960891716,03,03,1,0,True,completed
160,known_visit,ACBBA,bernoulli,drop_0.25,19,361,4,10,acbba_h8_bernoulli_025,C:\Users\lottj\Desktop\research\decentralized benchmark\commitment-horizon-study\reference_core_benchmark_pilot\known_visit_10target_300.csv,10,11,4,32.28159665361741,32.28159665361741,00,00,1,0,True,completed
161,known_visit,ACBBA,bernoulli,drop_0.25,19,361,4,10,acbba_h8_bernoulli_025,C:\Users\lottj\Desktop\research\decentralized benchmark\commitment-horizon-study\reference_core_benchmark_pilot\known_visit_10target_300.csv,1,14,9,42.57191615101262,42.57191615101262,00,00,1,0,True,completed
161,known_visit,ACBBA,bernoulli,drop_0.25,19,361,4,10,acbba_h8_bernoulli_025,C:\Users\lottj\Desktop\research\decentralized benchmark\commitment-horizon-study\reference_core_benchmark_pilot\known_visit_10target_300.csv,2,2,2,5.60054093132595,5.60054093132595,00,00,2,1,True,completed
161,known_visit,ACBBA,bernoulli,drop_0.25,19,361,4,10,acbba_h8_bernoulli_025,C:\Users\lottj\Desktop\research\decentralized benchmark\commitment-horizon-study\reference_core_benchmark_pilot\known_visit_10target_300.csv,3,2,11,4.013971105574781,4.013971105574781,02,02,2,1,True,completed
161,known_visit,ACBBA,bernoulli,drop_0.25,19,361,4,10,acbba_h8_bernoulli_025,C:\Users\lottj\Desktop\research\decentralized benchmark\commitment-horizon-study\reference_core_benchmark_pilot\known_visit_10target_300.csv,4,9,1,19.529333571131772,19.529333571131772,00,00,2,1,True,completed
161,known_visit,ACBBA,bernoulli,drop_0.25,19,361,4,10,acbba_h8_bernoulli_025,C:\Users\lottj\Desktop\research\decentralized benchmark\commitment-horizon-study\reference_core_benchmark_pilot\known_visit_10target_300.csv,5,18,11,41.600790714281786,41.600790714281786,03,03,1,0,True,completed
161,known_visit,ACBBA,bernoulli,drop_0.25,19,361,4,10,acbba_h8_bernoulli_025,C:\Users\lottj\Desktop\research\decentralized benchmark\commitment-horizon-study\reference_core_benchmark_pilot\known_visit_10target_300.csv,6,12,9,38.874074162285964,38.874074162285964,00,00,1,0,True,completed
161,known_visit,ACBBA,bernoulli,drop_0.25,19,361,4,10,acbba_h8_bernoulli_025,C:\Users\lottj\Desktop\research\decentralized benchmark\commitment-horizon-study\reference_core_benchmark_pilot\known_visit_10target_300.csv,7,8,16,15.738524193788821,15.738524193788821,03,03,1,0,True,completed
161,known_visit,ACBBA,bernoulli,drop_0.25,19,361,4,10,acbba_h8_bernoulli_025,C:\Users\lottj\Desktop\research\decentralized benchmark\commitment-horizon-study\reference_core_benchmark_pilot\known_visit_10target_300.csv,8,16,16,29.403862830748004,29.403862830748004,03,03,1,0,True,completed
161,known_visit,ACBBA,bernoulli,drop_0.25,19,361,4,10,acbba_h8_bernoulli_025,C:\Users\lottj\Desktop\research\decentralized benchmark\commitment-horizon-study\reference_core_benchmark_pilot\known_visit_10target_300.csv,9,18,6,50.11897896479181,50.11897896479181,03,03,1,0,True,completed
161,known_visit,ACBBA,bernoulli,drop_0.25,19,361,4,10,acbba_h8_bernoulli_025,C:\Users\lottj\Desktop\research\decentralized benchmark\commitment-horizon-study\reference_core_benchmark_pilot\known_visit_10target_300.csv,10,6,18,8.700391408241993,8.700391408241993,03,03,2,1,True,completed
162,known_visit,ACBBA,bernoulli,drop_0.25,19,361,4,10,acbba_h8_bernoulli_025,C:\Users\lottj\Desktop\research\decentralized benchmark\commitment-horizon-study\reference_core_benchmark_pilot\known_visit_10target_300.csv,1,8,8,39.34544846642179,39.34544846642179,01,01,1,0,True,completed
162,known_visit,ACBBA,bernoulli,drop_0.25,19,361,4,10,acbba_h8_bernoulli_025,C:\Users\lottj\Desktop\research\decentralized benchmark\commitment-horizon-study\reference_core_benchmark_pilot\known_visit_10target_300.csv,2,6,15,14.133251945681792,14.133251945681792,03,03,1,0,True,completed
162,known_visit,ACBBA,bernoulli,drop_0.25,19,361,4,10,acbba_h8_bernoulli_025,C:\Users\lottj\Desktop\research\decentralized benchmark\commitment-horizon-study\reference_core_benchmark_pilot\known_visit_10target_300.csv,3,7,12,21.363841476849785,21.363841476849785,03,03,1,0,True,completed
162,known_visit,ACBBA,bernoulli,drop_0.25,19,361,4,10,acbba_h8_bernoulli_025,C:\Users\lottj\Desktop\research\decentralized benchmark\commitment-horizon-study\reference_core_benchmark_pilot\known_visit_10target_300.csv,4,4,11,7.275335084754512,7.275335084754512,02,02,2,1,True,completed
162,known_visit,ACBBA,bernoulli,drop_0.25,19,361,4,10,acbba_h8_bernoulli_025,C:\Users\lottj\Desktop\research\decentralized benchmark\commitment-horizon-study\reference_core_benchmark_pilot\known_visit_10target_300.csv,5,17,4,39.04029774317229,39.04029774317229,00,00,1,0,True,completed
162,known_visit,ACBBA,bernoulli,drop_0.25,19,361,4,10,acbba_h8_bernoulli_025,C:\Users\lottj\Desktop\research\decentralized benchmark\commitment-horizon-study\reference_core_benchmark_pilot\known_visit_10target_300.csv,6,16,0,29.985909026712225,29.985909026712225,00,00,1,0,True,completed
162,known_visit,ACBBA,bernoulli,drop_0.25,19,361,4,10,acbba_h8_bernoulli_025,C:\Users\lottj\Desktop\research\decentralized benchmark\commitment-horizon-study\reference_core_benchmark_pilot\known_visit_10target_300.csv,7,4,7,11.358125045157777,11.358125045157777,01,01,1,0,True,completed
162,known_visit,ACBBA,bernoulli,drop_0.25,19,361,4,10,acbba_h8_bernoulli_025,C:\Users\lottj\Desktop\research\decentralized benchmark\commitment-horizon-study\reference_core_benchmark_pilot\known_visit_10target_300.csv,8,3,5,5.624970177139397,5.624970177139397,01,01,1,0,True,completed
162,known_visit,ACBBA,bernoulli,drop_0.25,19,361,4,10,acbba_h8_bernoulli_025,C:\Users\lottj\Desktop\research\decentralized benchmark\commitment-horizon-study\reference_core_benchmark_pilot\known_visit_10target_300.csv,9,10,10,38.881436941094385,38.881436941094385,02,02,1,0,True,completed
162,known_visit,ACBBA,bernoulli,drop_0.25,19,361,4,10,acbba_h8_bernoulli_025,C:\Users\lottj\Desktop\research\decentralized benchmark\commitment-horizon-study\reference_core_benchmark_pilot\known_visit_10target_300.csv,10,14,1,24.175247391201925,24.175247391201925,00,00,1,0,True,completed
163,known_visit,ACBBA,bernoulli,drop_0.25,19,361,4,10,acbba_h8_bernoulli_025,C:\Users\lottj\Desktop\research\decentralized benchmark\commitment-horizon-study\reference_core_benchmark_pilot\known_visit_10target_300.csv,1,14,9,27.71567566855371,27.71567566855371,02,02,2,1,True,completed
163,known_visit,ACBBA,bernoulli,drop_0.25,19,361,4,10,acbba_h8_bernoulli_025,C:\Users\lottj\Desktop\research\decentralized benchmark\commitment-horizon-study\reference_core_benchmark_pilot\known_visit_10target_300.csv,2,12,2,26.375165556287733,26.375165556287733,01,01,1,0,True,completed
163,known_visit,ACBBA,bernoulli,drop_0.25,19,361,4,10,acbba_h8_bernoulli_025,C:\Users\lottj\Desktop\research\decentralized benchmark\commitment-horizon-study\reference_core_benchmark_pilot\known_visit_10target_300.csv,3,7,3,15.985823806843356,15.985823806843356,01,01,1,0,True,completed
163,known_visit,ACBBA,bernoulli,drop_0.25,19,361,4,10,acbba_h8_bernoulli_025,C:\Users\lottj\Desktop\research\decentralized benchmark\commitment-horizon-study\reference_core_benchmark_pilot\known_visit_10target_300.csv,4,14,0,21.99284858172216,21.99284858172216,00,00,2,1,True,completed
163,known_visit,ACBBA,bernoulli,drop_0.25,19,361,4,10,acbba_h8_bernoulli_025,C:\Users\lottj\Desktop\research\decentralized benchmark\commitment-horizon-study\reference_core_benchmark_pilot\known_visit_10target_300.csv,5,10,9,20.49449587346543,20.49449587346543,02,02,1,0,True,completed
163,known_visit,ACBBA,bernoulli,drop_0.25,19,361,4,10,acbba_h8_bernoulli_025,C:\Users\lottj\Desktop\research\decentralized benchmark\commitment-horizon-study\reference_core_benchmark_pilot\known_visit_10target_300.csv,6,11,0,16.92922000807005,16.92922000807005,00,00,1,0,True,completed
163,known_visit,ACBBA,bernoulli,drop_0.25,19,361,4,10,acbba_h8_bernoulli_025,C:\Users\lottj\Desktop\research\decentralized benchmark\commitment-horizon-study\reference_core_benchmark_pilot\known_visit_10target_300.csv,7,15,4,42.417453003119824,42.417453003119824,01,01,1,0,True,completed
163,known_visit,ACBBA,bernoulli,drop_0.25,19,361,4,10,acbba_h8_bernoulli_025,C:\Users\lottj\Desktop\research\decentralized benchmark\commitment-horizon-study\reference_core_benchmark_pilot\known_visit_10target_300.csv,8,18,10,36.55642098402609,36.55642098402609,02,02,1,0,True,completed
163,known_visit,ACBBA,bernoulli,drop_0.25,19,361,4,10,acbba_h8_bernoulli_025,C:\Users\lottj\Desktop\research\decentralized benchmark\commitment-horizon-study\reference_core_benchmark_pilot\known_visit_10target_300.csv,9,14,16,29.850576086333703,29.850576086333703,03,03,1,0,True,completed
163,known_visit,ACBBA,bernoulli,drop_0.25,19,361,4,10,acbba_h8_bernoulli_025,C:\Users\lottj\Desktop\research\decentralized benchmark\commitment-horizon-study\reference_core_benchmark_pilot\known_visit_10target_300.csv,10,15,18,24.202582678460644,24.202582678460644,03,03,1,0,True,completed
164,known_visit,ACBBA,bernoulli,drop_0.25,19,361,4,10,acbba_h8_bernoulli_025,C:\Users\lottj\Desktop\research\decentralized benchmark\commitment-horizon-study\reference_core_benchmark_pilot\known_visit_10target_300.csv,1,14,17,73.07237734784682,73.07237734784682,00,00,1,0,True,completed
164,known_visit,ACBBA,bernoulli,drop_0.25,19,361,4,10,acbba_h8_bernoulli_025,C:\Users\lottj\Desktop\research\decentralized benchmark\commitment-horizon-study\reference_core_benchmark_pilot\known_visit_10target_300.csv,2,7,0,10.39749816491587,10.39749816491587,00,00,1,0,True,completed
164,known_visit,ACBBA,bernoulli,drop_0.25,19,361,4,10,acbba_h8_bernoulli_025,C:\Users\lottj\Desktop\research\decentralized benchmark\commitment-horizon-study\reference_core_benchmark_pilot\known_visit_10target_300.csv,3,15,8,51.88278769227571,51.88278769227571,02,02,1,0,True,completed
164,known_visit,ACBBA,bernoulli,drop_0.25,19,361,4,10,acbba_h8_bernoulli_025,C:\Users\lottj\Desktop\research\decentralized benchmark\commitment-horizon-study\reference_core_benchmark_pilot\known_visit_10target_300.csv,4,8,12,54.18229941542373,54.18229941542373,00,00,1,0,True,completed
164,known_visit,ACBBA,bernoulli,drop_0.25,19,361,4,10,acbba_h8_bernoulli_025,C:\Users\lottj\Desktop\research\decentralized benchmark\commitment-horizon-study\reference_core_benchmark_pilot\known_visit_10target_300.csv,5,1,15,5.396112220033058,5.396112220033058,02,02,1,0,True,completed
164,known_visit,ACBBA,bernoulli,drop_0.25,19,361,4,10,acbba_h8_bernoulli_025,C:\Users\lottj\Desktop\research\decentralized benchmark\commitment-horizon-study\reference_core_benchmark_pilot\known_visit_10target_300.csv,6,17,18,80.43024945969297,80.43024945969297,00,00,1,0,True,completed
164,known_visit,ACBBA,bernoulli,drop_0.25,19,361,4,10,acbba_h8_bernoulli_025,C:\Users\lottj\Desktop\research\decentralized benchmark\commitment-horizon-study\reference_core_benchmark_pilot\known_visit_10target_300.csv,7,9,13,57.74785262918154,57.74785262918154,00,00,1,0,True,completed
164,known_visit,ACBBA,bernoulli,drop_0.25,19,361,4,10,acbba_h8_bernoulli_025,C:\Users\lottj\Desktop\research\decentralized benchmark\commitment-horizon-study\reference_core_benchmark_pilot\known_visit_10target_300.csv,8,18,12,39.769630782848076,39.769630782848076,02,02,1,0,True,completed
164,known_visit,ACBBA,bernoulli,drop_0.25,19,361,4,10,acbba_h8_bernoulli_025,C:\Users\lottj\Desktop\research\decentralized benchmark\commitment-horizon-study\reference_core_benchmark_pilot\known_visit_10target_300.csv,9,4,2,12.522300674026685,12.522300674026685,01,01,2,1,True,completed
164,known_visit,ACBBA,bernoulli,drop_0.25,19,361,4,10,acbba_h8_bernoulli_025,C:\Users\lottj\Desktop\research\decentralized benchmark\commitment-horizon-study\reference_core_benchmark_pilot\known_visit_10target_300.csv,10,8,1,14.01274988738871,14.01274988738871,00,00,2,1,True,completed
165,known_visit,ACBBA,bernoulli,drop_0.25,19,361,4,10,acbba_h8_bernoulli_025,C:\Users\lottj\Desktop\research\decentralized benchmark\commitment-horizon-study\reference_core_benchmark_pilot\known_visit_10target_300.csv,1,11,14,24.106872809871586,24.106872809871586,03,03,1,0,True,completed
165,known_visit,ACBBA,bernoulli,drop_0.25,19,361,4,10,acbba_h8_bernoulli_025,C:\Users\lottj\Desktop\research\decentralized benchmark\commitment-horizon-study\reference_core_benchmark_pilot\known_visit_10target_300.csv,2,17,10,46.745462697819804,46.745462697819804,03,03,1,0,True,completed
165,known_visit,ACBBA,bernoulli,drop_0.25,19,361,4,10,acbba_h8_bernoulli_025,C:\Users\lottj\Desktop\research\decentralized benchmark\commitment-horizon-study\reference_core_benchmark_pilot\known_visit_10target_300.csv,3,3,7,5.808181194964375,5.808181194964375,01,01,2,1,True,completed
165,known_visit,ACBBA,bernoulli,drop_0.25,19,361,4,10,acbba_h8_bernoulli_025,C:\Users\lottj\Desktop\research\decentralized benchmark\commitment-horizon-study\reference_core_benchmark_pilot\known_visit_10target_300.csv,4,15,0,31.867977926640712,31.867977926640712,00,00,1,0,True,completed
165,known_visit,ACBBA,bernoulli,drop_0.25,19,361,4,10,acbba_h8_bernoulli_025,C:\Users\lottj\Desktop\research\decentralized benchmark\commitment-horizon-study\reference_core_benchmark_pilot\known_visit_10target_300.csv,5,11,17,18.941933941836236,18.941933941836236,03,03,1,0,True,completed
165,known_visit,ACBBA,bernoulli,drop_0.25,19,361,4,10,acbba_h8_bernoulli_025,C:\Users\lottj\Desktop\research\decentralized benchmark\commitment-horizon-study\reference_core_benchmark_pilot\known_visit_10target_300.csv,6,1,14,21.67620688481535,21.67620688481535,01,01,1,0,True,completed
165,known_visit,ACBBA,bernoulli,drop_0.25,19,361,4,10,acbba_h8_bernoulli_025,C:\Users\lottj\Desktop\research\decentralized benchmark\commitment-horizon-study\reference_core_benchmark_pilot\known_visit_10target_300.csv,7,12,2,22.97720482500563,22.97720482500563,00,00,2,1,True,completed
165,known_visit,ACBBA,bernoulli,drop_0.25,19,361,4,10,acbba_h8_bernoulli_025,C:\Users\lottj\Desktop\research\decentralized benchmark\commitment-horizon-study\reference_core_benchmark_pilot\known_visit_10target_300.csv,8,4,2,9.019320886202527,9.019320886202527,00,00,1,0,True,completed
165,known_visit,ACBBA,bernoulli,drop_0.25,19,361,4,10,acbba_h8_bernoulli_025,C:\Users\lottj\Desktop\research\decentralized benchmark\commitment-horizon-study\reference_core_benchmark_pilot\known_visit_10target_300.csv,9,1,9,5.528491916914863,5.528491916914863,02,02,2,1,True,completed
165,known_visit,ACBBA,bernoulli,drop_0.25,19,361,4,10,acbba_h8_bernoulli_025,C:\Users\lottj\Desktop\research\decentralized benchmark\commitment-horizon-study\reference_core_benchmark_pilot\known_visit_10target_300.csv,10,14,9,39.38977078011648,39.38977078011648,03,03,1,0,True,completed
166,known_visit,ACBBA,bernoulli,drop_0.25,19,361,4,10,acbba_h8_bernoulli_025,C:\Users\lottj\Desktop\research\decentralized benchmark\commitment-horizon-study\reference_core_benchmark_pilot\known_visit_10target_300.csv,1,13,2,89.37554634736283,89.37554634736283,00,00,1,0,True,completed
166,known_visit,ACBBA,bernoulli,drop_0.25,19,361,4,10,acbba_h8_bernoulli_025,C:\Users\lottj\Desktop\research\decentralized benchmark\commitment-horizon-study\reference_core_benchmark_pilot\known_visit_10target_300.csv,2,16,12,36.59802120773727,36.59802120773727,03,03,1,0,True,completed
166,known_visit,ACBBA,bernoulli,drop_0.25,19,361,4,10,acbba_h8_bernoulli_025,C:\Users\lottj\Desktop\research\decentralized benchmark\commitment-horizon-study\reference_core_benchmark_pilot\known_visit_10target_300.csv,3,17,0,71.43411501208551,71.43411501208551,02,02,1,0,True,completed
166,known_visit,ACBBA,bernoulli,drop_0.25,19,361,4,10,acbba_h8_bernoulli_025,C:\Users\lottj\Desktop\research\decentralized benchmark\commitment-horizon-study\reference_core_benchmark_pilot\known_visit_10target_300.csv,4,3,4,15.016839390688666,15.016839390688666,00,00,2,1,True,completed
166,known_visit,ACBBA,bernoulli,drop_0.25,19,361,4,10,acbba_h8_bernoulli_025,C:\Users\lottj\Desktop\research\decentralized benchmark\commitment-horizon-study\reference_core_benchmark_pilot\known_visit_10target_300.csv,5,1,14,3.824366936806823,3.824366936806823,02,02,3,2,True,completed
166,known_visit,ACBBA,bernoulli,drop_0.25,19,361,4,10,acbba_h8_bernoulli_025,C:\Users\lottj\Desktop\research\decentralized benchmark\commitment-horizon-study\reference_core_benchmark_pilot\known_visit_10target_300.csv,6,0,17,0.5089975112420032,0.5089975112420032,03,03,1,0,True,completed
166,known_visit,ACBBA,bernoulli,drop_0.25,19,361,4,10,acbba_h8_bernoulli_025,C:\Users\lottj\Desktop\research\decentralized benchmark\commitment-horizon-study\reference_core_benchmark_pilot\known_visit_10target_300.csv,7,15,7,76.82780009362295,76.82780009362295,00,00,1,0,True,completed
166,known_visit,ACBBA,bernoulli,drop_0.25,19,361,4,10,acbba_h8_bernoulli_025,C:\Users\lottj\Desktop\research\decentralized benchmark\commitment-horizon-study\reference_core_benchmark_pilot\known_visit_10target_300.csv,8,0,1,4.188445415485881,4.188445415485881,00,00,1,0,True,completed
166,known_visit,ACBBA,bernoulli,drop_0.25,19,361,4,10,acbba_h8_bernoulli_025,C:\Users\lottj\Desktop\research\decentralized benchmark\commitment-horizon-study\reference_core_benchmark_pilot\known_visit_10target_300.csv,9,1,0,0.17042017254309347,0.17042017254309347,00,00,2,1,True,completed
166,known_visit,ACBBA,bernoulli,drop_0.25,19,361,4,10,acbba_h8_bernoulli_025,C:\Users\lottj\Desktop\research\decentralized benchmark\commitment-horizon-study\reference_core_benchmark_pilot\known_visit_10target_300.csv,10,4,10,12.998426122625517,12.998426122625517,01,01,2,1,True,completed
167,known_visit,ACBBA,bernoulli,drop_0.25,19,361,4,10,acbba_h8_bernoulli_025,C:\Users\lottj\Desktop\research\decentralized benchmark\commitment-horizon-study\reference_core_benchmark_pilot\known_visit_10target_300.csv,1,3,9,8.952233886198714,8.952233886198714,02,02,1,0,True,completed
167,known_visit,ACBBA,bernoulli,drop_0.25,19,361,4,10,acbba_h8_bernoulli_025,C:\Users\lottj\Desktop\research\decentralized benchmark\commitment-horizon-study\reference_core_benchmark_pilot\known_visit_10target_300.csv,2,5,4,14.800200203987453,14.800200203987453,00,00,2,1,True,completed
167,known_visit,ACBBA,bernoulli,drop_0.25,19,361,4,10,acbba_h8_bernoulli_025,C:\Users\lottj\Desktop\research\decentralized benchmark\commitment-horizon-study\reference_core_benchmark_pilot\known_visit_10target_300.csv,3,17,14,39.58811582182771,39.58811582182771,03,03,1,0,True,completed
167,known_visit,ACBBA,bernoulli,drop_0.25,19,361,4,10,acbba_h8_bernoulli_025,C:\Users\lottj\Desktop\research\decentralized benchmark\commitment-horizon-study\reference_core_benchmark_pilot\known_visit_10target_300.csv,4,18,18,74.04578781334394,74.04578781334394,02,02,1,0,True,completed
167,known_visit,ACBBA,bernoulli,drop_0.25,19,361,4,10,acbba_h8_bernoulli_025,C:\Users\lottj\Desktop\research\decentralized benchmark\commitment-horizon-study\reference_core_benchmark_pilot\known_visit_10target_300.csv,5,0,4,2.213698162935914,2.213698162935914,01,01,1,0,True,completed
167,known_visit,ACBBA,bernoulli,drop_0.25,19,361,4,10,acbba_h8_bernoulli_025,C:\Users\lottj\Desktop\research\decentralized benchmark\commitment-horizon-study\reference_core_benchmark_pilot\known_visit_10target_300.csv,6,7,4,18.424565774540074,18.424565774540074,00,00,2,1,True,completed
167,known_visit,ACBBA,bernoulli,drop_0.25,19,361,4,10,acbba_h8_bernoulli_025,C:\Users\lottj\Desktop\research\decentralized benchmark\commitment-horizon-study\reference_core_benchmark_pilot\known_visit_10target_300.csv,7,14,4,30.299533416978832,30.299533416978832,00,00,2,1,True,completed
167,known_visit,ACBBA,bernoulli,drop_0.25,19,361,4,10,acbba_h8_bernoulli_025,C:\Users\lottj\Desktop\research\decentralized benchmark\commitment-horizon-study\reference_core_benchmark_pilot\known_visit_10target_300.csv,8,6,4,16.75759356761167,16.75759356761167,00,00,2,1,True,completed
167,known_visit,ACBBA,bernoulli,drop_0.25,19,361,4,10,acbba_h8_bernoulli_025,C:\Users\lottj\Desktop\research\decentralized benchmark\commitment-horizon-study\reference_core_benchmark_pilot\known_visit_10target_300.csv,9,7,17,12.927978331880771,12.927978331880771,03,03,1,0,True,completed
167,known_visit,ACBBA,bernoulli,drop_0.25,19,361,4,10,acbba_h8_bernoulli_025,C:\Users\lottj\Desktop\research\decentralized benchmark\commitment-horizon-study\reference_core_benchmark_pilot\known_visit_10target_300.csv,10,10,18,20.171436183352974,20.171436183352974,03,03,2,1,True,completed
168,known_visit,ACBBA,bernoulli,drop_0.25,19,361,4,10,acbba_h8_bernoulli_025,C:\Users\lottj\Desktop\research\decentralized benchmark\commitment-horizon-study\reference_core_benchmark_pilot\known_visit_10target_300.csv,1,12,6,44.41511018623701,44.41511018623701,01,01,2,1,True,completed
168,known_visit,ACBBA,bernoulli,drop_0.25,19,361,4,10,acbba_h8_bernoulli_025,C:\Users\lottj\Desktop\research\decentralized benchmark\commitment-horizon-study\reference_core_benchmark_pilot\known_visit_10target_300.csv,2,18,16,82.84014501252209,82.84014501252209,02,02,1,0,True,completed
168,known_visit,ACBBA,bernoulli,drop_0.25,19,361,4,10,acbba_h8_bernoulli_025,C:\Users\lottj\Desktop\research\decentralized benchmark\commitment-horizon-study\reference_core_benchmark_pilot\known_visit_10target_300.csv,3,18,8,96.3424581208417,96.3424581208417,02,02,1,0,True,completed
168,known_visit,ACBBA,bernoulli,drop_0.25,19,361,4,10,acbba_h8_bernoulli_025,C:\Users\lottj\Desktop\research\decentralized benchmark\commitment-horizon-study\reference_core_benchmark_pilot\known_visit_10target_300.csv,4,13,0,25.29070261592435,25.29070261592435,00,00,2,1,True,completed
168,known_visit,ACBBA,bernoulli,drop_0.25,19,361,4,10,acbba_h8_bernoulli_025,C:\Users\lottj\Desktop\research\decentralized benchmark\commitment-horizon-study\reference_core_benchmark_pilot\known_visit_10target_300.csv,5,3,13,5.626528189214782,5.626528189214782,02,02,1,0,True,completed
168,known_visit,ACBBA,bernoulli,drop_0.25,19,361,4,10,acbba_h8_bernoulli_025,C:\Users\lottj\Desktop\research\decentralized benchmark\commitment-horizon-study\reference_core_benchmark_pilot\known_visit_10target_300.csv,6,0,17,0.5047100652236877,0.5047100652236877,03,03,2,1,True,completed
168,known_visit,ACBBA,bernoulli,drop_0.25,19,361,4,10,acbba_h8_bernoulli_025,C:\Users\lottj\Desktop\research\decentralized benchmark\commitment-horizon-study\reference_core_benchmark_pilot\known_visit_10target_300.csv,7,9,18,63.89274669826344,63.89274669826344,02,02,1,0,True,completed
168,known_visit,ACBBA,bernoulli,drop_0.25,19,361,4,10,acbba_h8_bernoulli_025,C:\Users\lottj\Desktop\research\decentralized benchmark\commitment-horizon-study\reference_core_benchmark_pilot\known_visit_10target_300.csv,8,15,10,78.18174239200778,78.18174239200778,01,01,1,0,True,completed
168,known_visit,ACBBA,bernoulli,drop_0.25,19,361,4,10,acbba_h8_bernoulli_025,C:\Users\lottj\Desktop\research\decentralized benchmark\commitment-horizon-study\reference_core_benchmark_pilot\known_visit_10target_300.csv,9,4,1,7.5582361657368065,7.5582361657368065,00,00,2,1,True,completed
168,known_visit,ACBBA,bernoulli,drop_0.25,19,361,4,10,acbba_h8_bernoulli_025,C:\Users\lottj\Desktop\research\decentralized benchmark\commitment-horizon-study\reference_core_benchmark_pilot\known_visit_10target_300.csv,10,3,6,3.524310171890677,3.524310171890677,01,01,3,2,True,completed
169,known_visit,ACBBA,bernoulli,drop_0.25,19,361,4,10,acbba_h8_bernoulli_025,C:\Users\lottj\Desktop\research\decentralized benchmark\commitment-horizon-study\reference_core_benchmark_pilot\known_visit_10target_300.csv,1,11,6,17.048915088737527,17.048915088737527,01,01,2,1,True,completed
169,known_visit,ACBBA,bernoulli,drop_0.25,19,361,4,10,acbba_h8_bernoulli_025,C:\Users\lottj\Desktop\research\decentralized benchmark\commitment-horizon-study\reference_core_benchmark_pilot\known_visit_10target_300.csv,2,5,17,8.820613262274358,8.820613262274358,03,03,1,0,True,completed
169,known_visit,ACBBA,bernoulli,drop_0.25,19,361,4,10,acbba_h8_bernoulli_025,C:\Users\lottj\Desktop\research\decentralized benchmark\commitment-horizon-study\reference_core_benchmark_pilot\known_visit_10target_300.csv,3,13,7,29.795181803260125,29.795181803260125,01,01,2,1,True,completed
169,known_visit,ACBBA,bernoulli,drop_0.25,19,361,4,10,acbba_h8_bernoulli_025,C:\Users\lottj\Desktop\research\decentralized benchmark\commitment-horizon-study\reference_core_benchmark_pilot\known_visit_10target_300.csv,4,18,8,55.83708341534097,55.83708341534097,02,02,1,0,True,completed
169,known_visit,ACBBA,bernoulli,drop_0.25,19,361,4,10,acbba_h8_bernoulli_025,C:\Users\lottj\Desktop\research\decentralized benchmark\commitment-horizon-study\reference_core_benchmark_pilot\known_visit_10target_300.csv,5,12,4,22.42758270783752,22.42758270783752,01,01,2,1,True,completed
169,known_visit,ACBBA,bernoulli,drop_0.25,19,361,4,10,acbba_h8_bernoulli_025,C:\Users\lottj\Desktop\research\decentralized benchmark\commitment-horizon-study\reference_core_benchmark_pilot\known_visit_10target_300.csv,6,9,6,13.671362094796931,13.671362094796931,01,01,2,1,True,completed
169,known_visit,ACBBA,bernoulli,drop_0.25,19,361,4,10,acbba_h8_bernoulli_025,C:\Users\lottj\Desktop\research\decentralized benchmark\commitment-horizon-study\reference_core_benchmark_pilot\known_visit_10target_300.csv,7,11,9,23.251230207500292,23.251230207500292,02,02,1,0,True,completed
169,known_visit,ACBBA,bernoulli,drop_0.25,19,361,4,10,acbba_h8_bernoulli_025,C:\Users\lottj\Desktop\research\decentralized benchmark\commitment-horizon-study\reference_core_benchmark_pilot\known_visit_10target_300.csv,8,3,6,3.502320628700506,3.502320628700506,01,01,2,1,True,completed
169,known_visit,ACBBA,bernoulli,drop_0.25,19,361,4,10,acbba_h8_bernoulli_025,C:\Users\lottj\Desktop\research\decentralized benchmark\commitment-horizon-study\reference_core_benchmark_pilot\known_visit_10target_300.csv,9,8,4,40.58786520132104,40.58786520132104,00,00,1,0,True,completed
169,known_visit,ACBBA,bernoulli,drop_0.25,19,361,4,10,acbba_h8_bernoulli_025,C:\Users\lottj\Desktop\research\decentralized benchmark\commitment-horizon-study\reference_core_benchmark_pilot\known_visit_10target_300.csv,10,8,11,14.231005918514525,14.231005918514525,02,02,2,1,True,completed
170,known_visit,ACBBA,bernoulli,drop_0.25,19,361,4,10,acbba_h8_bernoulli_025,C:\Users\lottj\Desktop\research\decentralized benchmark\commitment-horizon-study\reference_core_benchmark_pilot\known_visit_10target_300.csv,1,12,12,33.917704809002224,33.917704809002224,02,02,2,1,True,completed
170,known_visit,ACBBA,bernoulli,drop_0.25,19,361,4,10,acbba_h8_bernoulli_025,C:\Users\lottj\Desktop\research\decentralized benchmark\commitment-horizon-study\reference_core_benchmark_pilot\known_visit_10target_300.csv,2,17,9,48.00602040774644,48.00602040774644,00,00,1,0,True,completed
170,known_visit,ACBBA,bernoulli,drop_0.25,19,361,4,10,acbba_h8_bernoulli_025,C:\Users\lottj\Desktop\research\decentralized benchmark\commitment-horizon-study\reference_core_benchmark_pilot\known_visit_10target_300.csv,3,7,15,15.36619706799702,15.36619706799702,03,03,1,0,True,completed
170,known_visit,ACBBA,bernoulli,drop_0.25,19,361,4,10,acbba_h8_bernoulli_025,C:\Users\lottj\Desktop\research\decentralized benchmark\commitment-horizon-study\reference_core_benchmark_pilot\known_visit_10target_300.csv,4,14,3,32.347238510127966,32.347238510127966,00,00,1,0,True,completed
170,known_visit,ACBBA,bernoulli,drop_0.25,19,361,4,10,acbba_h8_bernoulli_025,C:\Users\lottj\Desktop\research\decentralized benchmark\commitment-horizon-study\reference_core_benchmark_pilot\known_visit_10target_300.csv,5,9,10,24.73384436710791,24.73384436710791,02,02,1,0,True,completed
170,known_visit,ACBBA,bernoulli,drop_0.25,19,361,4,10,acbba_h8_bernoulli_025,C:\Users\lottj\Desktop\research\decentralized benchmark\commitment-horizon-study\reference_core_benchmark_pilot\known_visit_10target_300.csv,6,7,0,10.487624674423323,10.487624674423323,00,00,1,0,True,completed
170,known_visit,ACBBA,bernoulli,drop_0.25,19,361,4,10,acbba_h8_bernoulli_025,C:\Users\lottj\Desktop\research\decentralized benchmark\commitment-horizon-study\reference_core_benchmark_pilot\known_visit_10target_300.csv,7,8,4,17.680047525838685,17.680047525838685,01,01,1,0,True,completed
170,known_visit,ACBBA,bernoulli,drop_0.25,19,361,4,10,acbba_h8_bernoulli_025,C:\Users\lottj\Desktop\research\decentralized benchmark\commitment-horizon-study\reference_core_benchmark_pilot\known_visit_10target_300.csv,8,16,15,50.598097073914865,50.598097073914865,02,02,1,0,True,completed
170,known_visit,ACBBA,bernoulli,drop_0.25,19,361,4,10,acbba_h8_bernoulli_025,C:\Users\lottj\Desktop\research\decentralized benchmark\commitment-horizon-study\reference_core_benchmark_pilot\known_visit_10target_300.csv,9,3,0,3.677051484382718,3.677051484382718,00,00,1,0,True,completed
170,known_visit,ACBBA,bernoulli,drop_0.25,19,361,4,10,acbba_h8_bernoulli_025,C:\Users\lottj\Desktop\research\decentralized benchmark\commitment-horizon-study\reference_core_benchmark_pilot\known_visit_10target_300.csv,10,13,18,33.04714347924117,33.04714347924117,03,03,1,0,True,completed
171,known_visit,ACBBA,bernoulli,drop_0.25,19,361,4,10,acbba_h8_bernoulli_025,C:\Users\lottj\Desktop\research\decentralized benchmark\commitment-horizon-study\reference_core_benchmark_pilot\known_visit_10target_300.csv,1,11,10,49.43275836581208,49.43275836581208,00,00,1,0,True,completed
171,known_visit,ACBBA,bernoulli,drop_0.25,19,361,4,10,acbba_h8_bernoulli_025,C:\Users\lottj\Desktop\research\decentralized benchmark\commitment-horizon-study\reference_core_benchmark_pilot\known_visit_10target_300.csv,2,13,4,35.37930382376248,35.37930382376248,00,00,2,1,True,completed
171,known_visit,ACBBA,bernoulli,drop_0.25,19,361,4,10,acbba_h8_bernoulli_025,C:\Users\lottj\Desktop\research\decentralized benchmark\commitment-horizon-study\reference_core_benchmark_pilot\known_visit_10target_300.csv,3,1,4,3.7420651455273415,3.7420651455273415,01,01,3,2,True,completed
171,known_visit,ACBBA,bernoulli,drop_0.25,19,361,4,10,acbba_h8_bernoulli_025,C:\Users\lottj\Desktop\research\decentralized benchmark\commitment-horizon-study\reference_core_benchmark_pilot\known_visit_10target_300.csv,4,10,0,31.236509467224565,31.236509467224565,01,01,1,0,True,completed
171,known_visit,ACBBA,bernoulli,drop_0.25,19,361,4,10,acbba_h8_bernoulli_025,C:\Users\lottj\Desktop\research\decentralized benchmark\commitment-horizon-study\reference_core_benchmark_pilot\known_visit_10target_300.csv,5,13,0,36.66921037883899,36.66921037883899,01,01,1,0,True,completed
171,known_visit,ACBBA,bernoulli,drop_0.25,19,361,4,10,acbba_h8_bernoulli_025,C:\Users\lottj\Desktop\research\decentralized benchmark\commitment-horizon-study\reference_core_benchmark_pilot\known_visit_10target_300.csv,6,15,8,54.018121481146224,54.018121481146224,01,01,1,0,True,completed
171,known_visit,ACBBA,bernoulli,drop_0.25,19,361,4,10,acbba_h8_bernoulli_025,C:\Users\lottj\Desktop\research\decentralized benchmark\commitment-horizon-study\reference_core_benchmark_pilot\known_visit_10target_300.csv,7,17,13,66.24900837023854,66.24900837023854,01,01,1,0,True,completed
171,known_visit,ACBBA,bernoulli,drop_0.25,19,361,4,10,acbba_h8_bernoulli_025,C:\Users\lottj\Desktop\research\decentralized benchmark\commitment-horizon-study\reference_core_benchmark_pilot\known_visit_10target_300.csv,8,2,0,1.8137360103619682,1.8137360103619682,00,00,2,1,True,completed
171,known_visit,ACBBA,bernoulli,drop_0.25,19,361,4,10,acbba_h8_bernoulli_025,C:\Users\lottj\Desktop\research\decentralized benchmark\commitment-horizon-study\reference_core_benchmark_pilot\known_visit_10target_300.csv,9,1,1,5.922798734288301,5.922798734288301,00,00,1,0,True,completed
171,known_visit,ACBBA,bernoulli,drop_0.25,19,361,4,10,acbba_h8_bernoulli_025,C:\Users\lottj\Desktop\research\decentralized benchmark\commitment-horizon-study\reference_core_benchmark_pilot\known_visit_10target_300.csv,10,6,1,22.136032520475492,22.136032520475492,01,01,1,0,True,completed
172,known_visit,ACBBA,bernoulli,drop_0.25,19,361,4,10,acbba_h8_bernoulli_025,C:\Users\lottj\Desktop\research\decentralized benchmark\commitment-horizon-study\reference_core_benchmark_pilot\known_visit_10target_300.csv,1,1,3,5.830161954518753,5.830161954518753,01,01,2,1,True,completed
172,known_visit,ACBBA,bernoulli,drop_0.25,19,361,4,10,acbba_h8_bernoulli_025,C:\Users\lottj\Desktop\research\decentralized benchmark\commitment-horizon-study\reference_core_benchmark_pilot\known_visit_10target_300.csv,2,11,15,26.546741290176104,26.546741290176104,03,03,2,1,True,completed
172,known_visit,ACBBA,bernoulli,drop_0.25,19,361,4,10,acbba_h8_bernoulli_025,C:\Users\lottj\Desktop\research\decentralized benchmark\commitment-horizon-study\reference_core_benchmark_pilot\known_visit_10target_300.csv,3,12,16,22.57857191672159,22.57857191672159,03,03,2,1,True,completed
172,known_visit,ACBBA,bernoulli,drop_0.25,19,361,4,10,acbba_h8_bernoulli_025,C:\Users\lottj\Desktop\research\decentralized benchmark\commitment-horizon-study\reference_core_benchmark_pilot\known_visit_10target_300.csv,4,0,4,2.2106020622130216,2.2106020622130216,01,01,1,0,True,completed
172,known_visit,ACBBA,bernoulli,drop_0.25,19,361,4,10,acbba_h8_bernoulli_025,C:\Users\lottj\Desktop\research\decentralized benchmark\commitment-horizon-study\reference_core_benchmark_pilot\known_visit_10target_300.csv,5,3,4,11.272065347505757,11.272065347505757,01,01,1,0,True,completed
172,known_visit,ACBBA,bernoulli,drop_0.25,19,361,4,10,acbba_h8_bernoulli_025,C:\Users\lottj\Desktop\research\decentralized benchmark\commitment-horizon-study\reference_core_benchmark_pilot\known_visit_10target_300.csv,6,6,18,8.370368876295556,8.370368876295556,03,03,2,1,True,completed
172,known_visit,ACBBA,bernoulli,drop_0.25,19,361,4,10,acbba_h8_bernoulli_025,C:\Users\lottj\Desktop\research\decentralized benchmark\commitment-horizon-study\reference_core_benchmark_pilot\known_visit_10target_300.csv,7,6,10,12.76117611208216,12.76117611208216,02,02,2,1,True,completed
172,known_visit,ACBBA,bernoulli,drop_0.25,19,361,4,10,acbba_h8_bernoulli_025,C:\Users\lottj\Desktop\research\decentralized benchmark\commitment-horizon-study\reference_core_benchmark_pilot\known_visit_10target_300.csv,8,14,0,65.78925998394095,65.78925998394095,03,03,1,0,True,completed
172,known_visit,ACBBA,bernoulli,drop_0.25,19,361,4,10,acbba_h8_bernoulli_025,C:\Users\lottj\Desktop\research\decentralized benchmark\commitment-horizon-study\reference_core_benchmark_pilot\known_visit_10target_300.csv,9,7,11,42.324156315388,42.324156315388,00,00,1,0,True,completed
172,known_visit,ACBBA,bernoulli,drop_0.25,19,361,4,10,acbba_h8_bernoulli_025,C:\Users\lottj\Desktop\research\decentralized benchmark\commitment-horizon-study\reference_core_benchmark_pilot\known_visit_10target_300.csv,10,16,11,42.91491396535427,42.91491396535427,03,03,1,0,True,completed
173,known_visit,ACBBA,bernoulli,drop_0.25,19,361,4,10,acbba_h8_bernoulli_025,C:\Users\lottj\Desktop\research\decentralized benchmark\commitment-horizon-study\reference_core_benchmark_pilot\known_visit_10target_300.csv,1,8,15,27.90237275476719,27.90237275476719,01,01,2,1,True,completed
173,known_visit,ACBBA,bernoulli,drop_0.25,19,361,4,10,acbba_h8_bernoulli_025,C:\Users\lottj\Desktop\research\decentralized benchmark\commitment-horizon-study\reference_core_benchmark_pilot\known_visit_10target_300.csv,2,13,18,20.550695939770243,20.550695939770243,03,03,2,1,True,completed
173,known_visit,ACBBA,bernoulli,drop_0.25,19,361,4,10,acbba_h8_bernoulli_025,C:\Users\lottj\Desktop\research\decentralized benchmark\commitment-horizon-study\reference_core_benchmark_pilot\known_visit_10target_300.csv,3,1,9,5.637931075165406,5.637931075165406,01,01,2,1,True,completed
173,known_visit,ACBBA,bernoulli,drop_0.25,19,361,4,10,acbba_h8_bernoulli_025,C:\Users\lottj\Desktop\research\decentralized benchmark\commitment-horizon-study\reference_core_benchmark_pilot\known_visit_10target_300.csv,4,14,6,33.71086101924037,33.71086101924037,00,00,2,1,True,completed
173,known_visit,ACBBA,bernoulli,drop_0.25,19,361,4,10,acbba_h8_bernoulli_025,C:\Users\lottj\Desktop\research\decentralized benchmark\commitment-horizon-study\reference_core_benchmark_pilot\known_visit_10target_300.csv,5,14,3,28.110409551468987,28.110409551468987,00,00,2,1,True,completed
173,known_visit,ACBBA,bernoulli,drop_0.25,19,361,4,10,acbba_h8_bernoulli_025,C:\Users\lottj\Desktop\research\decentralized benchmark\commitment-horizon-study\reference_core_benchmark_pilot\known_visit_10target_300.csv,6,17,9,62.78402465488898,62.78402465488898,02,02,1,0,True,completed
173,known_visit,ACBBA,bernoulli,drop_0.25,19,361,4,10,acbba_h8_bernoulli_025,C:\Users\lottj\Desktop\research\decentralized benchmark\commitment-horizon-study\reference_core_benchmark_pilot\known_visit_10target_300.csv,7,17,13,51.34162855315276,51.34162855315276,00,00,1,0,True,completed
173,known_visit,ACBBA,bernoulli,drop_0.25,19,361,4,10,acbba_h8_bernoulli_025,C:\Users\lottj\Desktop\research\decentralized benchmark\commitment-horizon-study\reference_core_benchmark_pilot\known_visit_10target_300.csv,8,16,5,53.98070783694404,53.98070783694404,02,02,1,0,True,completed
173,known_visit,ACBBA,bernoulli,drop_0.25,19,361,4,10,acbba_h8_bernoulli_025,C:\Users\lottj\Desktop\research\decentralized benchmark\commitment-horizon-study\reference_core_benchmark_pilot\known_visit_10target_300.csv,9,10,14,33.32136051089939,33.32136051089939,01,01,1,0,True,completed
173,known_visit,ACBBA,bernoulli,drop_0.25,19,361,4,10,acbba_h8_bernoulli_025,C:\Users\lottj\Desktop\research\decentralized benchmark\commitment-horizon-study\reference_core_benchmark_pilot\known_visit_10target_300.csv,10,16,10,44.2779484254199,44.2779484254199,00,00,1,0,True,completed
174,known_visit,ACBBA,bernoulli,drop_0.25,19,361,4,10,acbba_h8_bernoulli_025,C:\Users\lottj\Desktop\research\decentralized benchmark\commitment-horizon-study\reference_core_benchmark_pilot\known_visit_10target_300.csv,1,0,2,2.205670801485239,2.205670801485239,00,00,2,1,True,completed
174,known_visit,ACBBA,bernoulli,drop_0.25,19,361,4,10,acbba_h8_bernoulli_025,C:\Users\lottj\Desktop\research\decentralized benchmark\commitment-horizon-study\reference_core_benchmark_pilot\known_visit_10target_300.csv,2,10,3,29.701309946409275,29.701309946409275,01,01,2,1,True,completed
174,known_visit,ACBBA,bernoulli,drop_0.25,19,361,4,10,acbba_h8_bernoulli_025,C:\Users\lottj\Desktop\research\decentralized benchmark\commitment-horizon-study\reference_core_benchmark_pilot\known_visit_10target_300.csv,3,1,11,2.1707644862044866,2.1707644862044866,02,02,2,1,True,completed
174,known_visit,ACBBA,bernoulli,drop_0.25,19,361,4,10,acbba_h8_bernoulli_025,C:\Users\lottj\Desktop\research\decentralized benchmark\commitment-horizon-study\reference_core_benchmark_pilot\known_visit_10target_300.csv,4,7,15,15.431618525387053,15.431618525387053,03,03,1,0,True,completed
174,known_visit,ACBBA,bernoulli,drop_0.25,19,361,4,10,acbba_h8_bernoulli_025,C:\Users\lottj\Desktop\research\decentralized benchmark\commitment-horizon-study\reference_core_benchmark_pilot\known_visit_10target_300.csv,5,17,17,81.81394250046547,81.81394250046547,00,00,1,0,True,completed
174,known_visit,ACBBA,bernoulli,drop_0.25,19,361,4,10,acbba_h8_bernoulli_025,C:\Users\lottj\Desktop\research\decentralized benchmark\commitment-horizon-study\reference_core_benchmark_pilot\known_visit_10target_300.csv,6,10,9,25.572475515768918,25.572475515768918,02,02,2,1,True,completed
174,known_visit,ACBBA,bernoulli,drop_0.25,19,361,4,10,acbba_h8_bernoulli_025,C:\Users\lottj\Desktop\research\decentralized benchmark\commitment-horizon-study\reference_core_benchmark_pilot\known_visit_10target_300.csv,7,12,2,35.370511929034045,35.370511929034045,01,01,1,0,True,completed
174,known_visit,ACBBA,bernoulli,drop_0.25,19,361,4,10,acbba_h8_bernoulli_025,C:\Users\lottj\Desktop\research\decentralized benchmark\commitment-horizon-study\reference_core_benchmark_pilot\known_visit_10target_300.csv,8,13,11,45.03778296320298,45.03778296320298,02,02,1,0,True,completed
174,known_visit,ACBBA,bernoulli,drop_0.25,19,361,4,10,acbba_h8_bernoulli_025,C:\Users\lottj\Desktop\research\decentralized benchmark\commitment-horizon-study\reference_core_benchmark_pilot\known_visit_10target_300.csv,9,16,11,69.75482832805237,69.75482832805237,00,00,1,0,True,completed
174,known_visit,ACBBA,bernoulli,drop_0.25,19,361,4,10,acbba_h8_bernoulli_025,C:\Users\lottj\Desktop\research\decentralized benchmark\commitment-horizon-study\reference_core_benchmark_pilot\known_visit_10target_300.csv,10,13,6,36.10544501128192,36.10544501128192,02,02,2,1,True,completed
175,known_visit,ACBBA,bernoulli,drop_0.25,19,361,4,10,acbba_h8_bernoulli_025,C:\Users\lottj\Desktop\research\decentralized benchmark\commitment-horizon-study\reference_core_benchmark_pilot\known_visit_10target_300.csv,1,16,12,36.6843454338356,36.6843454338356,03,03,2,1,True,completed
175,known_visit,ACBBA,bernoulli,drop_0.25,19,361,4,10,acbba_h8_bernoulli_025,C:\Users\lottj\Desktop\research\decentralized benchmark\commitment-horizon-study\reference_core_benchmark_pilot\known_visit_10target_300.csv,2,7,10,41.398991955700005,41.398991955700005,02,02,1,0,True,completed
175,known_visit,ACBBA,bernoulli,drop_0.25,19,361,4,10,acbba_h8_bernoulli_025,C:\Users\lottj\Desktop\research\decentralized benchmark\commitment-horizon-study\reference_core_benchmark_pilot\known_visit_10target_300.csv,3,3,6,3.64070763653623,3.64070763653623,01,01,1,0,True,completed
175,known_visit,ACBBA,bernoulli,drop_0.25,19,361,4,10,acbba_h8_bernoulli_025,C:\Users\lottj\Desktop\research\decentralized benchmark\commitment-horizon-study\reference_core_benchmark_pilot\known_visit_10target_300.csv,4,14,10,43.869959331197144,43.869959331197144,03,03,1,0,True,completed
175,known_visit,ACBBA,bernoulli,drop_0.25,19,361,4,10,acbba_h8_bernoulli_025,C:\Users\lottj\Desktop\research\decentralized benchmark\commitment-horizon-study\reference_core_benchmark_pilot\known_visit_10target_300.csv,5,10,6,25.973316407705262,25.973316407705262,00,00,2,1,True,completed
175,known_visit,ACBBA,bernoulli,drop_0.25,19,361,4,10,acbba_h8_bernoulli_025,C:\Users\lottj\Desktop\research\decentralized benchmark\commitment-horizon-study\reference_core_benchmark_pilot\known_visit_10target_300.csv,6,10,17,17.304268350632025,17.304268350632025,03,03,2,1,True,completed
175,known_visit,ACBBA,bernoulli,drop_0.25,19,361,4,10,acbba_h8_bernoulli_025,C:\Users\lottj\Desktop\research\decentralized benchmark\commitment-horizon-study\reference_core_benchmark_pilot\known_visit_10target_300.csv,7,2,13,3.880393201942383,3.880393201942383,02,02,2,1,True,completed
175,known_visit,ACBBA,bernoulli,drop_0.25,19,361,4,10,acbba_h8_bernoulli_025,C:\Users\lottj\Desktop\research\decentralized benchmark\commitment-horizon-study\reference_core_benchmark_pilot\known_visit_10target_300.csv,8,15,10,42.252117034663215,42.252117034663215,03,03,3,2,True,completed
175,known_visit,ACBBA,bernoulli,drop_0.25,19,361,4,10,acbba_h8_bernoulli_025,C:\Users\lottj\Desktop\research\decentralized benchmark\commitment-horizon-study\reference_core_benchmark_pilot\known_visit_10target_300.csv,9,15,15,29.41093720546771,29.41093720546771,03,03,3,2,True,completed
175,known_visit,ACBBA,bernoulli,drop_0.25,19,361,4,10,acbba_h8_bernoulli_025,C:\Users\lottj\Desktop\research\decentralized benchmark\commitment-horizon-study\reference_core_benchmark_pilot\known_visit_10target_300.csv,10,17,1,76.40661513070447,76.40661513070447,01,01,1,0,True,completed
176,known_visit,ACBBA,bernoulli,drop_0.25,19,361,4,10,acbba_h8_bernoulli_025,C:\Users\lottj\Desktop\research\decentralized benchmark\commitment-horizon-study\reference_core_benchmark_pilot\known_visit_10target_300.csv,1,17,6,49.50265866753241,49.50265866753241,01,01,1,0,True,completed
176,known_visit,ACBBA,bernoulli,drop_0.25,19,361,4,10,acbba_h8_bernoulli_025,C:\Users\lottj\Desktop\research\decentralized benchmark\commitment-horizon-study\reference_core_benchmark_pilot\known_visit_10target_300.csv,2,10,7,34.64955088539538,34.64955088539538,00,00,1,0,True,completed
176,known_visit,ACBBA,bernoulli,drop_0.25,19,361,4,10,acbba_h8_bernoulli_025,C:\Users\lottj\Desktop\research\decentralized benchmark\commitment-horizon-study\reference_core_benchmark_pilot\known_visit_10target_300.csv,3,6,14,12.47974241449815,12.47974241449815,02,02,1,0,True,completed
176,known_visit,ACBBA,bernoulli,drop_0.25,19,361,4,10,acbba_h8_bernoulli_025,C:\Users\lottj\Desktop\research\decentralized benchmark\commitment-horizon-study\reference_core_benchmark_pilot\known_visit_10target_300.csv,4,2,10,8.841718041777947,8.841718041777947,01,01,2,1,True,completed
176,known_visit,ACBBA,bernoulli,drop_0.25,19,361,4,10,acbba_h8_bernoulli_025,C:\Users\lottj\Desktop\research\decentralized benchmark\commitment-horizon-study\reference_core_benchmark_pilot\known_visit_10target_300.csv,5,14,14,29.720950982856586,29.720950982856586,03,03,1,0,True,completed
176,known_visit,ACBBA,bernoulli,drop_0.25,19,361,4,10,acbba_h8_bernoulli_025,C:\Users\lottj\Desktop\research\decentralized benchmark\commitment-horizon-study\reference_core_benchmark_pilot\known_visit_10target_300.csv,6,12,0,18.916233062526295,18.916233062526295,00,00,1,0,True,completed
176,known_visit,ACBBA,bernoulli,drop_0.25,19,361,4,10,acbba_h8_bernoulli_025,C:\Users\lottj\Desktop\research\decentralized benchmark\commitment-horizon-study\reference_core_benchmark_pilot\known_visit_10target_300.csv,7,8,16,15.564711191178425,15.564711191178425,03,03,1,0,True,completed
176,known_visit,ACBBA,bernoulli,drop_0.25,19,361,4,10,acbba_h8_bernoulli_025,C:\Users\lottj\Desktop\research\decentralized benchmark\commitment-horizon-study\reference_core_benchmark_pilot\known_visit_10target_300.csv,8,12,16,22.490098832457047,22.490098832457047,03,03,1,0,True,completed
176,known_visit,ACBBA,bernoulli,drop_0.25,19,361,4,10,acbba_h8_bernoulli_025,C:\Users\lottj\Desktop\research\decentralized benchmark\commitment-horizon-study\reference_core_benchmark_pilot\known_visit_10target_300.csv,9,17,12,38.579434401900606,38.579434401900606,03,03,1,0,True,completed
176,known_visit,ACBBA,bernoulli,drop_0.25,19,361,4,10,acbba_h8_bernoulli_025,C:\Users\lottj\Desktop\research\decentralized benchmark\commitment-horizon-study\reference_core_benchmark_pilot\known_visit_10target_300.csv,10,9,6,38.228096943398576,38.228096943398576,00,00,1,0,True,completed
177,known_visit,ACBBA,bernoulli,drop_0.25,19,361,4,10,acbba_h8_bernoulli_025,C:\Users\lottj\Desktop\research\decentralized benchmark\commitment-horizon-study\reference_core_benchmark_pilot\known_visit_10target_300.csv,1,10,7,43.30931796173473,43.30931796173473,02,02,1,0,True,completed
177,known_visit,ACBBA,bernoulli,drop_0.25,19,361,4,10,acbba_h8_bernoulli_025,C:\Users\lottj\Desktop\research\decentralized benchmark\commitment-horizon-study\reference_core_benchmark_pilot\known_visit_10target_300.csv,2,2,1,3.7768923368135074,3.7768923368135074,00,00,2,1,True,completed
177,known_visit,ACBBA,bernoulli,drop_0.25,19,361,4,10,acbba_h8_bernoulli_025,C:\Users\lottj\Desktop\research\decentralized benchmark\commitment-horizon-study\reference_core_benchmark_pilot\known_visit_10target_300.csv,3,11,16,77.21253951483119,77.21253951483119,00,00,1,0,True,completed
177,known_visit,ACBBA,bernoulli,drop_0.25,19,361,4,10,acbba_h8_bernoulli_025,C:\Users\lottj\Desktop\research\decentralized benchmark\commitment-horizon-study\reference_core_benchmark_pilot\known_visit_10target_300.csv,4,14,8,43.88873085193945,43.88873085193945,03,03,1,0,True,completed
177,known_visit,ACBBA,bernoulli,drop_0.25,19,361,4,10,acbba_h8_bernoulli_025,C:\Users\lottj\Desktop\research\decentralized benchmark\commitment-horizon-study\reference_core_benchmark_pilot\known_visit_10target_300.csv,5,12,10,34.57033341801669,34.57033341801669,02,02,1,0,True,completed
177,known_visit,ACBBA,bernoulli,drop_0.25,19,361,4,10,acbba_h8_bernoulli_025,C:\Users\lottj\Desktop\research\decentralized benchmark\commitment-horizon-study\reference_core_benchmark_pilot\known_visit_10target_300.csv,6,0,17,0.4099197620828564,0.4099197620828564,03,03,2,1,True,completed
177,known_visit,ACBBA,bernoulli,drop_0.25,19,361,4,10,acbba_h8_bernoulli_025,C:\Users\lottj\Desktop\research\decentralized benchmark\commitment-horizon-study\reference_core_benchmark_pilot\known_visit_10target_300.csv,7,17,2,34.59522301097457,34.59522301097457,01,01,1,0,True,completed
177,known_visit,ACBBA,bernoulli,drop_0.25,19,361,4,10,acbba_h8_bernoulli_025,C:\Users\lottj\Desktop\research\decentralized benchmark\commitment-horizon-study\reference_core_benchmark_pilot\known_visit_10target_300.csv,8,10,14,23.553242408278503,23.553242408278503,02,02,1,0,True,completed
177,known_visit,ACBBA,bernoulli,drop_0.25,19,361,4,10,acbba_h8_bernoulli_025,C:\Users\lottj\Desktop\research\decentralized benchmark\commitment-horizon-study\reference_core_benchmark_pilot\known_visit_10target_300.csv,9,6,1,10.73338325478209,10.73338325478209,00,00,2,1,True,completed
177,known_visit,ACBBA,bernoulli,drop_0.25,19,361,4,10,acbba_h8_bernoulli_025,C:\Users\lottj\Desktop\research\decentralized benchmark\commitment-horizon-study\reference_core_benchmark_pilot\known_visit_10target_300.csv,10,17,3,32.912890804921936,32.912890804921936,01,01,1,0,True,completed
178,known_visit,ACBBA,bernoulli,drop_0.25,19,361,4,10,acbba_h8_bernoulli_025,C:\Users\lottj\Desktop\research\decentralized benchmark\commitment-horizon-study\reference_core_benchmark_pilot\known_visit_10target_300.csv,1,12,10,35.42056461536815,35.42056461536815,02,02,1,0,True,completed
178,known_visit,ACBBA,bernoulli,drop_0.25,19,361,4,10,acbba_h8_bernoulli_025,C:\Users\lottj\Desktop\research\decentralized benchmark\commitment-horizon-study\reference_core_benchmark_pilot\known_visit_10target_300.csv,2,14,0,22.73727415564862,22.73727415564862,00,00,2,1,True,completed
178,known_visit,ACBBA,bernoulli,drop_0.25,19,361,4,10,acbba_h8_bernoulli_025,C:\Users\lottj\Desktop\research\decentralized benchmark\commitment-horizon-study\reference_core_benchmark_pilot\known_visit_10target_300.csv,3,8,11,14.385091208507633,14.385091208507633,02,02,2,1,True,completed
178,known_visit,ACBBA,bernoulli,drop_0.25,19,361,4,10,acbba_h8_bernoulli_025,C:\Users\lottj\Desktop\research\decentralized benchmark\commitment-horizon-study\reference_core_benchmark_pilot\known_visit_10target_300.csv,4,13,10,37.32091567459048,37.32091567459048,02,02,2,1,True,completed
178,known_visit,ACBBA,bernoulli,drop_0.25,19,361,4,10,acbba_h8_bernoulli_025,C:\Users\lottj\Desktop\research\decentralized benchmark\commitment-horizon-study\reference_core_benchmark_pilot\known_visit_10target_300.csv,5,14,11,74.59279764409962,74.59279764409962,01,01,1,0,True,completed
178,known_visit,ACBBA,bernoulli,drop_0.25,19,361,4,10,acbba_h8_bernoulli_025,C:\Users\lottj\Desktop\research\decentralized benchmark\commitment-horizon-study\reference_core_benchmark_pilot\known_visit_10target_300.csv,6,16,2,29.809330797044858,29.809330797044858,00,00,2,1,True,completed
178,known_visit,ACBBA,bernoulli,drop_0.25,19,361,4,10,acbba_h8_bernoulli_025,C:\Users\lottj\Desktop\research\decentralized benchmark\commitment-horizon-study\reference_core_benchmark_pilot\known_visit_10target_300.csv,7,10,12,20.100856423462414,20.100856423462414,02,02,1,0,True,completed
178,known_visit,ACBBA,bernoulli,drop_0.25,19,361,4,10,acbba_h8_bernoulli_025,C:\Users\lottj\Desktop\research\decentralized benchmark\commitment-horizon-study\reference_core_benchmark_pilot\known_visit_10target_300.csv,8,8,16,15.54224726160706,15.54224726160706,03,03,1,0,True,completed
178,known_visit,ACBBA,bernoulli,drop_0.25,19,361,4,10,acbba_h8_bernoulli_025,C:\Users\lottj\Desktop\research\decentralized benchmark\commitment-horizon-study\reference_core_benchmark_pilot\known_visit_10target_300.csv,9,11,12,22.010001052254232,22.010001052254232,02,02,1,0,True,completed
178,known_visit,ACBBA,bernoulli,drop_0.25,19,361,4,10,acbba_h8_bernoulli_025,C:\Users\lottj\Desktop\research\decentralized benchmark\commitment-horizon-study\reference_core_benchmark_pilot\known_visit_10target_300.csv,10,7,4,14.229237973491578,14.229237973491578,01,01,1,0,True,completed
179,known_visit,ACBBA,bernoulli,drop_0.25,19,361,4,10,acbba_h8_bernoulli_025,C:\Users\lottj\Desktop\research\decentralized benchmark\commitment-horizon-study\reference_core_benchmark_pilot\known_visit_10target_300.csv,1,11,4,46.12069322170259,46.12069322170259,02,02,1,0,True,completed
179,known_visit,ACBBA,bernoulli,drop_0.25,19,361,4,10,acbba_h8_bernoulli_025,C:\Users\lottj\Desktop\research\decentralized benchmark\commitment-horizon-study\reference_core_benchmark_pilot\known_visit_10target_300.csv,2,5,9,16.396424359470522,16.396424359470522,01,01,1,0,True,completed
179,known_visit,ACBBA,bernoulli,drop_0.25,19,361,4,10,acbba_h8_bernoulli_025,C:\Users\lottj\Desktop\research\decentralized benchmark\commitment-horizon-study\reference_core_benchmark_pilot\known_visit_10target_300.csv,3,17,12,38.61901651492818,38.61901651492818,03,03,1,0,True,completed
179,known_visit,ACBBA,bernoulli,drop_0.25,19,361,4,10,acbba_h8_bernoulli_025,C:\Users\lottj\Desktop\research\decentralized benchmark\commitment-horizon-study\reference_core_benchmark_pilot\known_visit_10target_300.csv,4,3,11,5.610686917344853,5.610686917344853,02,02,2,1,True,completed
179,known_visit,ACBBA,bernoulli,drop_0.25,19,361,4,10,acbba_h8_bernoulli_025,C:\Users\lottj\Desktop\research\decentralized benchmark\commitment-horizon-study\reference_core_benchmark_pilot\known_visit_10target_300.csv,5,6,4,37.21473488628584,37.21473488628584,02,02,1,0,True,completed
179,known_visit,ACBBA,bernoulli,drop_0.25,19,361,4,10,acbba_h8_bernoulli_025,C:\Users\lottj\Desktop\research\decentralized benchmark\commitment-horizon-study\reference_core_benchmark_pilot\known_visit_10target_300.csv,6,1,16,3.86631701833369,3.86631701833369,03,03,2,1,True,completed
179,known_visit,ACBBA,bernoulli,drop_0.25,19,361,4,10,acbba_h8_bernoulli_025,C:\Users\lottj\Desktop\research\decentralized benchmark\commitment-horizon-study\reference_core_benchmark_pilot\known_visit_10target_300.csv,7,14,7,56.58437404214077,56.58437404214077,02,02,1,0,True,completed
179,known_visit,ACBBA,bernoulli,drop_0.25,19,361,4,10,acbba_h8_bernoulli_025,C:\Users\lottj\Desktop\research\decentralized benchmark\commitment-horizon-study\reference_core_benchmark_pilot\known_visit_10target_300.csv,8,13,13,29.61766847725579,29.61766847725579,03,03,1,0,True,completed
179,known_visit,ACBBA,bernoulli,drop_0.25,19,361,4,10,acbba_h8_bernoulli_025,C:\Users\lottj\Desktop\research\decentralized benchmark\commitment-horizon-study\reference_core_benchmark_pilot\known_visit_10target_300.csv,9,1,3,5.799819983430469,5.799819983430469,00,00,2,1,True,completed
179,known_visit,ACBBA,bernoulli,drop_0.25,19,361,4,10,acbba_h8_bernoulli_025,C:\Users\lottj\Desktop\research\decentralized benchmark\commitment-horizon-study\reference_core_benchmark_pilot\known_visit_10target_300.csv,10,0,10,5.619577180951108,5.619577180951108,01,01,1,0,True,completed
180,known_visit,ACBBA,bernoulli,drop_0.25,19,361,4,10,acbba_h8_bernoulli_025,C:\Users\lottj\Desktop\research\decentralized benchmark\commitment-horizon-study\reference_core_benchmark_pilot\known_visit_10target_300.csv,1,7,9,37.024894042427015,37.024894042427015,00,00,1,0,True,completed
180,known_visit,ACBBA,bernoulli,drop_0.25,19,361,4,10,acbba_h8_bernoulli_025,C:\Users\lottj\Desktop\research\decentralized benchmark\commitment-horizon-study\reference_core_benchmark_pilot\known_visit_10target_300.csv,2,17,3,96.24965899832186,96.24965899832186,02,02,1,0,True,completed
180,known_visit,ACBBA,bernoulli,drop_0.25,19,361,4,10,acbba_h8_bernoulli_025,C:\Users\lottj\Desktop\research\decentralized benchmark\commitment-horizon-study\reference_core_benchmark_pilot\known_visit_10target_300.csv,3,1,17,2.2187465077709914,2.2187465077709914,03,03,1,0,True,completed
180,known_visit,ACBBA,bernoulli,drop_0.25,19,361,4,10,acbba_h8_bernoulli_025,C:\Users\lottj\Desktop\research\decentralized benchmark\commitment-horizon-study\reference_core_benchmark_pilot\known_visit_10target_300.csv,4,14,9,48.91856015895311,48.91856015895311,00,00,1,0,True,completed
180,known_visit,ACBBA,bernoulli,drop_0.25,19,361,4,10,acbba_h8_bernoulli_025,C:\Users\lottj\Desktop\research\decentralized benchmark\commitment-horizon-study\reference_core_benchmark_pilot\known_visit_10target_300.csv,5,17,12,59.44113119310919,59.44113119310919,00,00,1,0,True,completed
180,known_visit,ACBBA,bernoulli,drop_0.25,19,361,4,10,acbba_h8_bernoulli_025,C:\Users\lottj\Desktop\research\decentralized benchmark\commitment-horizon-study\reference_core_benchmark_pilot\known_visit_10target_300.csv,6,2,17,4.121361643922982,4.121361643922982,03,03,1,0,True,completed
180,known_visit,ACBBA,bernoulli,drop_0.25,19,361,4,10,acbba_h8_bernoulli_025,C:\Users\lottj\Desktop\research\decentralized benchmark\commitment-horizon-study\reference_core_benchmark_pilot\known_visit_10target_300.csv,7,2,14,9.563156499111338,9.563156499111338,03,03,1,0,True,completed
180,known_visit,ACBBA,bernoulli,drop_0.25,19,361,4,10,acbba_h8_bernoulli_025,C:\Users\lottj\Desktop\research\decentralized benchmark\commitment-horizon-study\reference_core_benchmark_pilot\known_visit_10target_300.csv,8,9,1,15.8550309214053,15.8550309214053,00,00,1,0,True,completed
180,known_visit,ACBBA,bernoulli,drop_0.25,19,361,4,10,acbba_h8_bernoulli_025,C:\Users\lottj\Desktop\research\decentralized benchmark\commitment-horizon-study\reference_core_benchmark_pilot\known_visit_10target_300.csv,9,6,5,28.079738101999006,28.079738101999006,00,00,2,1,True,completed
180,known_visit,ACBBA,bernoulli,drop_0.25,19,361,4,10,acbba_h8_bernoulli_025,C:\Users\lottj\Desktop\research\decentralized benchmark\commitment-horizon-study\reference_core_benchmark_pilot\known_visit_10target_300.csv,10,0,7,0.4821046289051568,0.4821046289051568,01,01,3,2,True,completed
181,known_visit,ACBBA,bernoulli,drop_0.25,19,361,4,10,acbba_h8_bernoulli_025,C:\Users\lottj\Desktop\research\decentralized benchmark\commitment-horizon-study\reference_core_benchmark_pilot\known_visit_10target_300.csv,1,15,4,31.714038038704985,31.714038038704985,00,00,1,0,True,completed
181,known_visit,ACBBA,bernoulli,drop_0.25,19,361,4,10,acbba_h8_bernoulli_025,C:\Users\lottj\Desktop\research\decentralized benchmark\commitment-horizon-study\reference_core_benchmark_pilot\known_visit_10target_300.csv,2,16,15,81.10599286489955,81.10599286489955,01,01,1,0,True,completed
181,known_visit,ACBBA,bernoulli,drop_0.25,19,361,4,10,acbba_h8_bernoulli_025,C:\Users\lottj\Desktop\research\decentralized benchmark\commitment-horizon-study\reference_core_benchmark_pilot\known_visit_10target_300.csv,3,16,8,47.35242719177417,47.35242719177417,00,00,1,0,True,completed
181,known_visit,ACBBA,bernoulli,drop_0.25,19,361,4,10,acbba_h8_bernoulli_025,C:\Users\lottj\Desktop\research\decentralized benchmark\commitment-horizon-study\reference_core_benchmark_pilot\known_visit_10target_300.csv,4,1,8,3.8332009898839705,3.8332009898839705,01,01,1,0,True,completed
181,known_visit,ACBBA,bernoulli,drop_0.25,19,361,4,10,acbba_h8_bernoulli_025,C:\Users\lottj\Desktop\research\decentralized benchmark\commitment-horizon-study\reference_core_benchmark_pilot\known_visit_10target_300.csv,5,6,10,41.82760354926977,41.82760354926977,02,02,1,0,True,completed
181,known_visit,ACBBA,bernoulli,drop_0.25,19,361,4,10,acbba_h8_bernoulli_025,C:\Users\lottj\Desktop\research\decentralized benchmark\commitment-horizon-study\reference_core_benchmark_pilot\known_visit_10target_300.csv,6,4,17,11.943367522309343,11.943367522309343,03,03,2,1,True,completed
181,known_visit,ACBBA,bernoulli,drop_0.25,19,361,4,10,acbba_h8_bernoulli_025,C:\Users\lottj\Desktop\research\decentralized benchmark\commitment-horizon-study\reference_core_benchmark_pilot\known_visit_10target_300.csv,7,3,1,5.483551041566797,5.483551041566797,00,00,3,2,True,completed
181,known_visit,ACBBA,bernoulli,drop_0.25,19,361,4,10,acbba_h8_bernoulli_025,C:\Users\lottj\Desktop\research\decentralized benchmark\commitment-horizon-study\reference_core_benchmark_pilot\known_visit_10target_300.csv,8,18,7,42.03461321260597,42.03461321260597,00,00,1,0,True,completed
181,known_visit,ACBBA,bernoulli,drop_0.25,19,361,4,10,acbba_h8_bernoulli_025,C:\Users\lottj\Desktop\research\decentralized benchmark\commitment-horizon-study\reference_core_benchmark_pilot\known_visit_10target_300.csv,9,0,15,4.035402732229192,4.035402732229192,02,02,1,0,True,completed
181,known_visit,ACBBA,bernoulli,drop_0.25,19,361,4,10,acbba_h8_bernoulli_025,C:\Users\lottj\Desktop\research\decentralized benchmark\commitment-horizon-study\reference_core_benchmark_pilot\known_visit_10target_300.csv,10,13,11,94.04858140649968,94.04858140649968,01,01,1,0,True,completed
182,known_visit,ACBBA,bernoulli,drop_0.25,19,361,4,10,acbba_h8_bernoulli_025,C:\Users\lottj\Desktop\research\decentralized benchmark\commitment-horizon-study\reference_core_benchmark_pilot\known_visit_10target_300.csv,1,18,0,41.69669020553186,41.69669020553186,00,00,1,0,True,completed
182,known_visit,ACBBA,bernoulli,drop_0.25,19,361,4,10,acbba_h8_bernoulli_025,C:\Users\lottj\Desktop\research\decentralized benchmark\commitment-horizon-study\reference_core_benchmark_pilot\known_visit_10target_300.csv,2,11,18,17.287328253445285,17.287328253445285,03,03,1,0,True,completed
182,known_visit,ACBBA,bernoulli,drop_0.25,19,361,4,10,acbba_h8_bernoulli_025,C:\Users\lottj\Desktop\research\decentralized benchmark\commitment-horizon-study\reference_core_benchmark_pilot\known_visit_10target_300.csv,3,3,11,5.755940703135406,5.755940703135406,02,02,1,0,True,completed
182,known_visit,ACBBA,bernoulli,drop_0.25,19,361,4,10,acbba_h8_bernoulli_025,C:\Users\lottj\Desktop\research\decentralized benchmark\commitment-horizon-study\reference_core_benchmark_pilot\known_visit_10target_300.csv,4,6,7,21.359558903943515,21.359558903943515,01,01,1,0,True,completed
182,known_visit,ACBBA,bernoulli,drop_0.25,19,361,4,10,acbba_h8_bernoulli_025,C:\Users\lottj\Desktop\research\decentralized benchmark\commitment-horizon-study\reference_core_benchmark_pilot\known_visit_10target_300.csv,5,4,10,9.579283466828729,9.579283466828729,02,02,1,0,True,completed
182,known_visit,ACBBA,bernoulli,drop_0.25,19,361,4,10,acbba_h8_bernoulli_025,C:\Users\lottj\Desktop\research\decentralized benchmark\commitment-horizon-study\reference_core_benchmark_pilot\known_visit_10target_300.csv,6,12,5,42.403384653492814,42.403384653492814,01,01,1,0,True,completed
182,known_visit,ACBBA,bernoulli,drop_0.25,19,361,4,10,acbba_h8_bernoulli_025,C:\Users\lottj\Desktop\research\decentralized benchmark\commitment-horizon-study\reference_core_benchmark_pilot\known_visit_10target_300.csv,7,8,9,18.401587198913774,18.401587198913774,02,02,2,1,True,completed
182,known_visit,ACBBA,bernoulli,drop_0.25,19,361,4,10,acbba_h8_bernoulli_025,C:\Users\lottj\Desktop\research\decentralized benchmark\commitment-horizon-study\reference_core_benchmark_pilot\known_visit_10target_300.csv,8,12,3,25.73332527697371,25.73332527697371,00,00,1,0,True,completed
182,known_visit,ACBBA,bernoulli,drop_0.25,19,361,4,10,acbba_h8_bernoulli_025,C:\Users\lottj\Desktop\research\decentralized benchmark\commitment-horizon-study\reference_core_benchmark_pilot\known_visit_10target_300.csv,9,11,3,23.646196932182416,23.646196932182416,00,00,1,0,True,completed
182,known_visit,ACBBA,bernoulli,drop_0.25,19,361,4,10,acbba_h8_bernoulli_025,C:\Users\lottj\Desktop\research\decentralized benchmark\commitment-horizon-study\reference_core_benchmark_pilot\known_visit_10target_300.csv,10,0,3,3.868866807868599,3.868866807868599,01,01,1,0,True,completed
183,known_visit,ACBBA,bernoulli,drop_0.25,19,361,4,10,acbba_h8_bernoulli_025,C:\Users\lottj\Desktop\research\decentralized benchmark\commitment-horizon-study\reference_core_benchmark_pilot\known_visit_10target_300.csv,1,12,16,23.012234369486666,23.012234369486666,03,03,1,0,True,completed
183,known_visit,ACBBA,bernoulli,drop_0.25,19,361,4,10,acbba_h8_bernoulli_025,C:\Users\lottj\Desktop\research\decentralized benchmark\commitment-horizon-study\reference_core_benchmark_pilot\known_visit_10target_300.csv,2,13,9,36.98421571801248,36.98421571801248,02,02,1,0,True,completed
183,known_visit,ACBBA,bernoulli,drop_0.25,19,361,4,10,acbba_h8_bernoulli_025,C:\Users\lottj\Desktop\research\decentralized benchmark\commitment-horizon-study\reference_core_benchmark_pilot\known_visit_10target_300.csv,3,9,4,17.65711916919703,17.65711916919703,01,01,2,1,True,completed
183,known_visit,ACBBA,bernoulli,drop_0.25,19,361,4,10,acbba_h8_bernoulli_025,C:\Users\lottj\Desktop\research\decentralized benchmark\commitment-horizon-study\reference_core_benchmark_pilot\known_visit_10target_300.csv,4,16,0,40.468383229859704,40.468383229859704,00,00,1,0,True,completed
183,known_visit,ACBBA,bernoulli,drop_0.25,19,361,4,10,acbba_h8_bernoulli_025,C:\Users\lottj\Desktop\research\decentralized benchmark\commitment-horizon-study\reference_core_benchmark_pilot\known_visit_10target_300.csv,5,13,11,33.659809192132144,33.659809192132144,02,02,1,0,True,completed
183,known_visit,ACBBA,bernoulli,drop_0.25,19,361,4,10,acbba_h8_bernoulli_025,C:\Users\lottj\Desktop\research\decentralized benchmark\commitment-horizon-study\reference_core_benchmark_pilot\known_visit_10target_300.csv,6,13,15,26.60146419857033,26.60146419857033,02,02,1,0,True,completed
183,known_visit,ACBBA,bernoulli,drop_0.25,19,361,4,10,acbba_h8_bernoulli_025,C:\Users\lottj\Desktop\research\decentralized benchmark\commitment-horizon-study\reference_core_benchmark_pilot\known_visit_10target_300.csv,7,15,10,42.60319875013795,42.60319875013795,02,02,1,0,True,completed
183,known_visit,ACBBA,bernoulli,drop_0.25,19,361,4,10,acbba_h8_bernoulli_025,C:\Users\lottj\Desktop\research\decentralized benchmark\commitment-horizon-study\reference_core_benchmark_pilot\known_visit_10target_300.csv,8,12,12,19.12390387407778,19.12390387407778,02,02,1,0,True,completed
183,known_visit,ACBBA,bernoulli,drop_0.25,19,361,4,10,acbba_h8_bernoulli_025,C:\Users\lottj\Desktop\research\decentralized benchmark\commitment-horizon-study\reference_core_benchmark_pilot\known_visit_10target_300.csv,9,1,2,3.8807448055356626,3.8807448055356626,00,00,2,1,True,completed
183,known_visit,ACBBA,bernoulli,drop_0.25,19,361,4,10,acbba_h8_bernoulli_025,C:\Users\lottj\Desktop\research\decentralized benchmark\commitment-horizon-study\reference_core_benchmark_pilot\known_visit_10target_300.csv,10,8,17,14.071645063896687,14.071645063896687,03,03,1,0,True,completed
184,known_visit,ACBBA,bernoulli,drop_0.25,19,361,4,10,acbba_h8_bernoulli_025,C:\Users\lottj\Desktop\research\decentralized benchmark\commitment-horizon-study\reference_core_benchmark_pilot\known_visit_10target_300.csv,1,10,18,23.658165318407235,23.658165318407235,03,03,2,1,True,completed
184,known_visit,ACBBA,bernoulli,drop_0.25,19,361,4,10,acbba_h8_bernoulli_025,C:\Users\lottj\Desktop\research\decentralized benchmark\commitment-horizon-study\reference_core_benchmark_pilot\known_visit_10target_300.csv,2,2,2,5.440419179531055,5.440419179531055,00,00,1,0,True,completed
184,known_visit,ACBBA,bernoulli,drop_0.25,19,361,4,10,acbba_h8_bernoulli_025,C:\Users\lottj\Desktop\research\decentralized benchmark\commitment-horizon-study\reference_core_benchmark_pilot\known_visit_10target_300.csv,3,10,11,35.23413120099318,35.23413120099318,00,00,1,0,True,completed
184,known_visit,ACBBA,bernoulli,drop_0.25,19,361,4,10,acbba_h8_bernoulli_025,C:\Users\lottj\Desktop\research\decentralized benchmark\commitment-horizon-study\reference_core_benchmark_pilot\known_visit_10target_300.csv,4,15,14,55.928705181368045,55.928705181368045,01,01,1,0,True,completed
184,known_visit,ACBBA,bernoulli,drop_0.25,19,361,4,10,acbba_h8_bernoulli_025,C:\Users\lottj\Desktop\research\decentralized benchmark\commitment-horizon-study\reference_core_benchmark_pilot\known_visit_10target_300.csv,5,1,15,31.468647906623534,31.468647906623534,02,02,1,0,True,completed
184,known_visit,ACBBA,bernoulli,drop_0.25,19,361,4,10,acbba_h8_bernoulli_025,C:\Users\lottj\Desktop\research\decentralized benchmark\commitment-horizon-study\reference_core_benchmark_pilot\known_visit_10target_300.csv,6,14,3,35.046012052491776,35.046012052491776,01,01,1,0,True,completed
184,known_visit,ACBBA,bernoulli,drop_0.25,19,361,4,10,acbba_h8_bernoulli_025,C:\Users\lottj\Desktop\research\decentralized benchmark\commitment-horizon-study\reference_core_benchmark_pilot\known_visit_10target_300.csv,7,11,4,21.32521872948039,21.32521872948039,01,01,1,0,True,completed
184,known_visit,ACBBA,bernoulli,drop_0.25,19,361,4,10,acbba_h8_bernoulli_025,C:\Users\lottj\Desktop\research\decentralized benchmark\commitment-horizon-study\reference_core_benchmark_pilot\known_visit_10target_300.csv,8,3,4,7.33222508176347,7.33222508176347,01,01,1,0,True,completed
184,known_visit,ACBBA,bernoulli,drop_0.25,19,361,4,10,acbba_h8_bernoulli_025,C:\Users\lottj\Desktop\research\decentralized benchmark\commitment-horizon-study\reference_core_benchmark_pilot\known_visit_10target_300.csv,9,12,5,25.410603607106275,25.410603607106275,01,01,1,0,True,completed
184,known_visit,ACBBA,bernoulli,drop_0.25,19,361,4,10,acbba_h8_bernoulli_025,C:\Users\lottj\Desktop\research\decentralized benchmark\commitment-horizon-study\reference_core_benchmark_pilot\known_visit_10target_300.csv,10,9,4,17.882273086365004,17.882273086365004,01,01,1,0,True,completed
185,known_visit,ACBBA,bernoulli,drop_0.25,19,361,4,10,acbba_h8_bernoulli_025,C:\Users\lottj\Desktop\research\decentralized benchmark\commitment-horizon-study\reference_core_benchmark_pilot\known_visit_10target_300.csv,1,4,6,5.425764240080253,5.425764240080253,01,01,1,0,True,completed
185,known_visit,ACBBA,bernoulli,drop_0.25,19,361,4,10,acbba_h8_bernoulli_025,C:\Users\lottj\Desktop\research\decentralized benchmark\commitment-horizon-study\reference_core_benchmark_pilot\known_visit_10target_300.csv,2,16,0,25.995354444792532,25.995354444792532,00,00,1,0,True,completed
185,known_visit,ACBBA,bernoulli,drop_0.25,19,361,4,10,acbba_h8_bernoulli_025,C:\Users\lottj\Desktop\research\decentralized benchmark\commitment-horizon-study\reference_core_benchmark_pilot\known_visit_10target_300.csv,3,5,14,10.740840578193295,10.740840578193295,02,02,1,0,True,completed
185,known_visit,ACBBA,bernoulli,drop_0.25,19,361,4,10,acbba_h8_bernoulli_025,C:\Users\lottj\Desktop\research\decentralized benchmark\commitment-horizon-study\reference_core_benchmark_pilot\known_visit_10target_300.csv,4,13,3,36.63990640876853,36.63990640876853,00,00,1,0,True,completed
185,known_visit,ACBBA,bernoulli,drop_0.25,19,361,4,10,acbba_h8_bernoulli_025,C:\Users\lottj\Desktop\research\decentralized benchmark\commitment-horizon-study\reference_core_benchmark_pilot\known_visit_10target_300.csv,5,8,13,18.2237617437174,18.2237617437174,02,02,2,1,True,completed
185,known_visit,ACBBA,bernoulli,drop_0.25,19,361,4,10,acbba_h8_bernoulli_025,C:\Users\lottj\Desktop\research\decentralized benchmark\commitment-horizon-study\reference_core_benchmark_pilot\known_visit_10target_300.csv,6,13,9,51.637687281887075,51.637687281887075,03,03,1,0,True,completed
185,known_visit,ACBBA,bernoulli,drop_0.25,19,361,4,10,acbba_h8_bernoulli_025,C:\Users\lottj\Desktop\research\decentralized benchmark\commitment-horizon-study\reference_core_benchmark_pilot\known_visit_10target_300.csv,7,18,16,48.52173517518015,48.52173517518015,02,02,1,0,True,completed
185,known_visit,ACBBA,bernoulli,drop_0.25,19,361,4,10,acbba_h8_bernoulli_025,C:\Users\lottj\Desktop\research\decentralized benchmark\commitment-horizon-study\reference_core_benchmark_pilot\known_visit_10target_300.csv,8,16,7,60.452339865911064,60.452339865911064,03,03,1,0,True,completed
185,known_visit,ACBBA,bernoulli,drop_0.25,19,361,4,10,acbba_h8_bernoulli_025,C:\Users\lottj\Desktop\research\decentralized benchmark\commitment-horizon-study\reference_core_benchmark_pilot\known_visit_10target_300.csv,9,2,9,17.60576880232817,17.60576880232817,03,03,1,0,True,completed
185,known_visit,ACBBA,bernoulli,drop_0.25,19,361,4,10,acbba_h8_bernoulli_025,C:\Users\lottj\Desktop\research\decentralized benchmark\commitment-horizon-study\reference_core_benchmark_pilot\known_visit_10target_300.csv,10,12,18,34.41830709619753,34.41830709619753,02,02,1,0,True,completed
186,known_visit,ACBBA,bernoulli,drop_0.25,19,361,4,10,acbba_h8_bernoulli_025,C:\Users\lottj\Desktop\research\decentralized benchmark\commitment-horizon-study\reference_core_benchmark_pilot\known_visit_10target_300.csv,1,4,3,10.671557878575891,10.671557878575891,00,00,2,1,True,completed
186,known_visit,ACBBA,bernoulli,drop_0.25,19,361,4,10,acbba_h8_bernoulli_025,C:\Users\lottj\Desktop\research\decentralized benchmark\commitment-horizon-study\reference_core_benchmark_pilot\known_visit_10target_300.csv,2,2,11,3.910774663935341,3.910774663935341,02,02,3,2,True,completed
186,known_visit,ACBBA,bernoulli,drop_0.25,19,361,4,10,acbba_h8_bernoulli_025,C:\Users\lottj\Desktop\research\decentralized benchmark\commitment-horizon-study\reference_core_benchmark_pilot\known_visit_10target_300.csv,3,3,7,21.958694414726743,21.958694414726743,01,01,2,1,True,completed
186,known_visit,ACBBA,bernoulli,drop_0.25,19,361,4,10,acbba_h8_bernoulli_025,C:\Users\lottj\Desktop\research\decentralized benchmark\commitment-horizon-study\reference_core_benchmark_pilot\known_visit_10target_300.csv,4,6,4,16.12575593294692,16.12575593294692,00,00,1,0,True,completed
186,known_visit,ACBBA,bernoulli,drop_0.25,19,361,4,10,acbba_h8_bernoulli_025,C:\Users\lottj\Desktop\research\decentralized benchmark\commitment-horizon-study\reference_core_benchmark_pilot\known_visit_10target_300.csv,5,6,9,25.08742457007612,25.08742457007612,00,00,1,0,True,completed
186,known_visit,ACBBA,bernoulli,drop_0.25,19,361,4,10,acbba_h8_bernoulli_025,C:\Users\lottj\Desktop\research\decentralized benchmark\commitment-horizon-study\reference_core_benchmark_pilot\known_visit_10target_300.csv,6,1,17,2.269356137576529,2.269356137576529,03,03,1,0,True,completed
186,known_visit,ACBBA,bernoulli,drop_0.25,19,361,4,10,acbba_h8_bernoulli_025,C:\Users\lottj\Desktop\research\decentralized benchmark\commitment-horizon-study\reference_core_benchmark_pilot\known_visit_10target_300.csv,7,12,13,53.296226376374364,53.296226376374364,00,00,1,0,True,completed
186,known_visit,ACBBA,bernoulli,drop_0.25,19,361,4,10,acbba_h8_bernoulli_025,C:\Users\lottj\Desktop\research\decentralized benchmark\commitment-horizon-study\reference_core_benchmark_pilot\known_visit_10target_300.csv,8,0,9,4.078496464994637,4.078496464994637,01,01,3,2,True,completed
186,known_visit,ACBBA,bernoulli,drop_0.25,19,361,4,10,acbba_h8_bernoulli_025,C:\Users\lottj\Desktop\research\decentralized benchmark\commitment-horizon-study\reference_core_benchmark_pilot\known_visit_10target_300.csv,9,9,14,46.30326766690298,46.30326766690298,00,00,2,1,True,completed
186,known_visit,ACBBA,bernoulli,drop_0.25,19,361,4,10,acbba_h8_bernoulli_025,C:\Users\lottj\Desktop\research\decentralized benchmark\commitment-horizon-study\reference_core_benchmark_pilot\known_visit_10target_300.csv,10,17,18,70.71357488150923,70.71357488150923,00,00,1,0,True,completed
187,known_visit,ACBBA,bernoulli,drop_0.25,19,361,4,10,acbba_h8_bernoulli_025,C:\Users\lottj\Desktop\research\decentralized benchmark\commitment-horizon-study\reference_core_benchmark_pilot\known_visit_10target_300.csv,1,18,3,50.62693091520617,50.62693091520617,01,01,2,1,True,completed
187,known_visit,ACBBA,bernoulli,drop_0.25,19,361,4,10,acbba_h8_bernoulli_025,C:\Users\lottj\Desktop\research\decentralized benchmark\commitment-horizon-study\reference_core_benchmark_pilot\known_visit_10target_300.csv,2,4,10,8.755643754123957,8.755643754123957,02,02,2,1,True,completed
187,known_visit,ACBBA,bernoulli,drop_0.25,19,361,4,10,acbba_h8_bernoulli_025,C:\Users\lottj\Desktop\research\decentralized benchmark\commitment-horizon-study\reference_core_benchmark_pilot\known_visit_10target_300.csv,3,2,15,7.27109675719416,7.27109675719416,03,03,2,1,True,completed
187,known_visit,ACBBA,bernoulli,drop_0.25,19,361,4,10,acbba_h8_bernoulli_025,C:\Users\lottj\Desktop\research\decentralized benchmark\commitment-horizon-study\reference_core_benchmark_pilot\known_visit_10target_300.csv,4,6,8,12.711058502510546,12.711058502510546,01,01,1,0,True,completed
187,known_visit,ACBBA,bernoulli,drop_0.25,19,361,4,10,acbba_h8_bernoulli_025,C:\Users\lottj\Desktop\research\decentralized benchmark\commitment-horizon-study\reference_core_benchmark_pilot\known_visit_10target_300.csv,5,8,6,27.800720472411154,27.800720472411154,01,01,2,1,True,completed
187,known_visit,ACBBA,bernoulli,drop_0.25,19,361,4,10,acbba_h8_bernoulli_025,C:\Users\lottj\Desktop\research\decentralized benchmark\commitment-horizon-study\reference_core_benchmark_pilot\known_visit_10target_300.csv,6,5,10,10.835560931587098,10.835560931587098,02,02,2,1,True,completed
187,known_visit,ACBBA,bernoulli,drop_0.25,19,361,4,10,acbba_h8_bernoulli_025,C:\Users\lottj\Desktop\research\decentralized benchmark\commitment-horizon-study\reference_core_benchmark_pilot\known_visit_10target_300.csv,7,8,9,18.30436192292079,18.30436192292079,01,01,2,1,True,completed
187,known_visit,ACBBA,bernoulli,drop_0.25,19,361,4,10,acbba_h8_bernoulli_025,C:\Users\lottj\Desktop\research\decentralized benchmark\commitment-horizon-study\reference_core_benchmark_pilot\known_visit_10target_300.csv,8,11,10,22.039318711676305,22.039318711676305,02,02,1,0,True,completed
187,known_visit,ACBBA,bernoulli,drop_0.25,19,361,4,10,acbba_h8_bernoulli_025,C:\Users\lottj\Desktop\research\decentralized benchmark\commitment-horizon-study\reference_core_benchmark_pilot\known_visit_10target_300.csv,9,16,12,73.68811964133988,73.68811964133988,01,01,1,0,True,completed
187,known_visit,ACBBA,bernoulli,drop_0.25,19,361,4,10,acbba_h8_bernoulli_025,C:\Users\lottj\Desktop\research\decentralized benchmark\commitment-horizon-study\reference_core_benchmark_pilot\known_visit_10target_300.csv,10,17,13,69.92167965003381,69.92167965003381,01,01,1,0,True,completed
188,known_visit,ACBBA,bernoulli,drop_0.25,19,361,4,10,acbba_h8_bernoulli_025,C:\Users\lottj\Desktop\research\decentralized benchmark\commitment-horizon-study\reference_core_benchmark_pilot\known_visit_10target_300.csv,1,6,8,16.155255771578066,16.155255771578066,02,02,2,1,True,completed
188,known_visit,ACBBA,bernoulli,drop_0.25,19,361,4,10,acbba_h8_bernoulli_025,C:\Users\lottj\Desktop\research\decentralized benchmark\commitment-horizon-study\reference_core_benchmark_pilot\known_visit_10target_300.csv,2,2,11,4.0875733868060085,4.0875733868060085,02,02,2,1,True,completed
188,known_visit,ACBBA,bernoulli,drop_0.25,19,361,4,10,acbba_h8_bernoulli_025,C:\Users\lottj\Desktop\research\decentralized benchmark\commitment-horizon-study\reference_core_benchmark_pilot\known_visit_10target_300.csv,3,1,11,2.1263384053966115,2.1263384053966115,02,02,2,1,True,completed
188,known_visit,ACBBA,bernoulli,drop_0.25,19,361,4,10,acbba_h8_bernoulli_025,C:\Users\lottj\Desktop\research\decentralized benchmark\commitment-horizon-study\reference_core_benchmark_pilot\known_visit_10target_300.csv,4,13,2,55.96509425866891,55.96509425866891,02,02,1,0,True,completed
188,known_visit,ACBBA,bernoulli,drop_0.25,19,361,4,10,acbba_h8_bernoulli_025,C:\Users\lottj\Desktop\research\decentralized benchmark\commitment-horizon-study\reference_core_benchmark_pilot\known_visit_10target_300.csv,5,11,18,21.373576467664616,21.373576467664616,03,03,1,0,True,completed
188,known_visit,ACBBA,bernoulli,drop_0.25,19,361,4,10,acbba_h8_bernoulli_025,C:\Users\lottj\Desktop\research\decentralized benchmark\commitment-horizon-study\reference_core_benchmark_pilot\known_visit_10target_300.csv,6,3,4,10.670632681520916,10.670632681520916,00,00,1,0,True,completed
188,known_visit,ACBBA,bernoulli,drop_0.25,19,361,4,10,acbba_h8_bernoulli_025,C:\Users\lottj\Desktop\research\decentralized benchmark\commitment-horizon-study\reference_core_benchmark_pilot\known_visit_10target_300.csv,7,0,4,2.3059321202099525,2.3059321202099525,01,01,1,0,True,completed
188,known_visit,ACBBA,bernoulli,drop_0.25,19,361,4,10,acbba_h8_bernoulli_025,C:\Users\lottj\Desktop\research\decentralized benchmark\commitment-horizon-study\reference_core_benchmark_pilot\known_visit_10target_300.csv,8,3,0,3.512741318335224,3.512741318335224,00,00,2,1,True,completed
188,known_visit,ACBBA,bernoulli,drop_0.25,19,361,4,10,acbba_h8_bernoulli_025,C:\Users\lottj\Desktop\research\decentralized benchmark\commitment-horizon-study\reference_core_benchmark_pilot\known_visit_10target_300.csv,9,16,15,35.619022733421026,35.619022733421026,03,03,1,0,True,completed
188,known_visit,ACBBA,bernoulli,drop_0.25,19,361,4,10,acbba_h8_bernoulli_025,C:\Users\lottj\Desktop\research\decentralized benchmark\commitment-horizon-study\reference_core_benchmark_pilot\known_visit_10target_300.csv,10,3,16,30.053446982768698,30.053446982768698,01,01,2,1,True,completed
189,known_visit,ACBBA,bernoulli,drop_0.25,19,361,4,10,acbba_h8_bernoulli_025,C:\Users\lottj\Desktop\research\decentralized benchmark\commitment-horizon-study\reference_core_benchmark_pilot\known_visit_10target_300.csv,1,4,17,7.528485717475058,7.528485717475058,03,03,1,0,True,completed
189,known_visit,ACBBA,bernoulli,drop_0.25,19,361,4,10,acbba_h8_bernoulli_025,C:\Users\lottj\Desktop\research\decentralized benchmark\commitment-horizon-study\reference_core_benchmark_pilot\known_visit_10target_300.csv,2,1,14,3.688320129622841,3.688320129622841,02,02,2,1,True,completed
189,known_visit,ACBBA,bernoulli,drop_0.25,19,361,4,10,acbba_h8_bernoulli_025,C:\Users\lottj\Desktop\research\decentralized benchmark\commitment-horizon-study\reference_core_benchmark_pilot\known_visit_10target_300.csv,3,17,2,31.889311545261105,31.889311545261105,00,00,1,0,True,completed
189,known_visit,ACBBA,bernoulli,drop_0.25,19,361,4,10,acbba_h8_bernoulli_025,C:\Users\lottj\Desktop\research\decentralized benchmark\commitment-horizon-study\reference_core_benchmark_pilot\known_visit_10target_300.csv,4,18,18,40.44195614705311,40.44195614705311,02,02,1,0,True,completed
189,known_visit,ACBBA,bernoulli,drop_0.25,19,361,4,10,acbba_h8_bernoulli_025,C:\Users\lottj\Desktop\research\decentralized benchmark\commitment-horizon-study\reference_core_benchmark_pilot\known_visit_10target_300.csv,5,11,17,24.73224288159574,24.73224288159574,03,03,2,1,True,completed
189,known_visit,ACBBA,bernoulli,drop_0.25,19,361,4,10,acbba_h8_bernoulli_025,C:\Users\lottj\Desktop\research\decentralized benchmark\commitment-horizon-study\reference_core_benchmark_pilot\known_visit_10target_300.csv,6,10,5,48.93748528173506,48.93748528173506,00,00,1,0,True,completed
189,known_visit,ACBBA,bernoulli,drop_0.25,19,361,4,10,acbba_h8_bernoulli_025,C:\Users\lottj\Desktop\research\decentralized benchmark\commitment-horizon-study\reference_core_benchmark_pilot\known_visit_10target_300.csv,7,4,16,12.709682805468535,12.709682805468535,02,02,1,0,True,completed
189,known_visit,ACBBA,bernoulli,drop_0.25,19,361,4,10,acbba_h8_bernoulli_025,C:\Users\lottj\Desktop\research\decentralized benchmark\commitment-horizon-study\reference_core_benchmark_pilot\known_visit_10target_300.csv,8,9,17,21.314627743897645,21.314627743897645,03,03,1,0,True,completed
189,known_visit,ACBBA,bernoulli,drop_0.25,19,361,4,10,acbba_h8_bernoulli_025,C:\Users\lottj\Desktop\research\decentralized benchmark\commitment-horizon-study\reference_core_benchmark_pilot\known_visit_10target_300.csv,9,7,16,17.685690851407735,17.685690851407735,02,02,1,0,True,completed
189,known_visit,ACBBA,bernoulli,drop_0.25,19,361,4,10,acbba_h8_bernoulli_025,C:\Users\lottj\Desktop\research\decentralized benchmark\commitment-horizon-study\reference_core_benchmark_pilot\known_visit_10target_300.csv,10,18,13,52.77763587867346,52.77763587867346,01,01,1,0,True,completed
190,known_visit,ACBBA,bernoulli,drop_0.25,19,361,4,10,acbba_h8_bernoulli_025,C:\Users\lottj\Desktop\research\decentralized benchmark\commitment-horizon-study\reference_core_benchmark_pilot\known_visit_10target_300.csv,1,0,3,3.741396907479608,3.741396907479608,01,01,2,1,True,completed
190,known_visit,ACBBA,bernoulli,drop_0.25,19,361,4,10,acbba_h8_bernoulli_025,C:\Users\lottj\Desktop\research\decentralized benchmark\commitment-horizon-study\reference_core_benchmark_pilot\known_visit_10target_300.csv,2,5,7,20.618512937892653,20.618512937892653,01,01,1,0,True,completed
190,known_visit,ACBBA,bernoulli,drop_0.25,19,361,4,10,acbba_h8_bernoulli_025,C:\Users\lottj\Desktop\research\decentralized benchmark\commitment-horizon-study\reference_core_benchmark_pilot\known_visit_10target_300.csv,3,14,18,22.303458705661,22.303458705661,03,03,1,0,True,completed
190,known_visit,ACBBA,bernoulli,drop_0.25,19,361,4,10,acbba_h8_bernoulli_025,C:\Users\lottj\Desktop\research\decentralized benchmark\commitment-horizon-study\reference_core_benchmark_pilot\known_visit_10target_300.csv,4,13,16,27.963563504135806,27.963563504135806,03,03,1,0,True,completed
190,known_visit,ACBBA,bernoulli,drop_0.25,19,361,4,10,acbba_h8_bernoulli_025,C:\Users\lottj\Desktop\research\decentralized benchmark\commitment-horizon-study\reference_core_benchmark_pilot\known_visit_10target_300.csv,5,11,4,52.058241425531655,52.058241425531655,03,03,1,0,True,completed
190,known_visit,ACBBA,bernoulli,drop_0.25,19,361,4,10,acbba_h8_bernoulli_025,C:\Users\lottj\Desktop\research\decentralized benchmark\commitment-horizon-study\reference_core_benchmark_pilot\known_visit_10target_300.csv,6,4,10,27.732068740054967,27.732068740054967,01,01,1,0,True,completed
190,known_visit,ACBBA,bernoulli,drop_0.25,19,361,4,10,acbba_h8_bernoulli_025,C:\Users\lottj\Desktop\research\decentralized benchmark\commitment-horizon-study\reference_core_benchmark_pilot\known_visit_10target_300.csv,7,6,2,12.998336001680702,12.998336001680702,00,00,2,1,True,completed
190,known_visit,ACBBA,bernoulli,drop_0.25,19,361,4,10,acbba_h8_bernoulli_025,C:\Users\lottj\Desktop\research\decentralized benchmark\commitment-horizon-study\reference_core_benchmark_pilot\known_visit_10target_300.csv,8,0,1,0.44425998866162797,0.44425998866162797,00,00,2,1,True,completed
190,known_visit,ACBBA,bernoulli,drop_0.25,19,361,4,10,acbba_h8_bernoulli_025,C:\Users\lottj\Desktop\research\decentralized benchmark\commitment-horizon-study\reference_core_benchmark_pilot\known_visit_10target_300.csv,9,6,0,16.82183460450445,16.82183460450445,00,00,1,0,True,completed
190,known_visit,ACBBA,bernoulli,drop_0.25,19,361,4,10,acbba_h8_bernoulli_025,C:\Users\lottj\Desktop\research\decentralized benchmark\commitment-horizon-study\reference_core_benchmark_pilot\known_visit_10target_300.csv,10,3,3,10.201569380174908,10.201569380174908,01,01,1,0,True,completed
191,known_visit,ACBBA,bernoulli,drop_0.25,19,361,4,10,acbba_h8_bernoulli_025,C:\Users\lottj\Desktop\research\decentralized benchmark\commitment-horizon-study\reference_core_benchmark_pilot\known_visit_10target_300.csv,1,16,9,108.23414447996512,108.23414447996512,03,03,1,0,True,completed
191,known_visit,ACBBA,bernoulli,drop_0.25,19,361,4,10,acbba_h8_bernoulli_025,C:\Users\lottj\Desktop\research\decentralized benchmark\commitment-horizon-study\reference_core_benchmark_pilot\known_visit_10target_300.csv,2,2,13,14.503880097446755,14.503880097446755,01,01,2,1,True,completed
191,known_visit,ACBBA,bernoulli,drop_0.25,19,361,4,10,acbba_h8_bernoulli_025,C:\Users\lottj\Desktop\research\decentralized benchmark\commitment-horizon-study\reference_core_benchmark_pilot\known_visit_10target_300.csv,3,12,8,52.09386993779037,52.09386993779037,01,01,1,0,True,completed
191,known_visit,ACBBA,bernoulli,drop_0.25,19,361,4,10,acbba_h8_bernoulli_025,C:\Users\lottj\Desktop\research\decentralized benchmark\commitment-horizon-study\reference_core_benchmark_pilot\known_visit_10target_300.csv,4,18,2,37.09292387366647,37.09292387366647,00,00,1,0,True,completed
191,known_visit,ACBBA,bernoulli,drop_0.25,19,361,4,10,acbba_h8_bernoulli_025,C:\Users\lottj\Desktop\research\decentralized benchmark\commitment-horizon-study\reference_core_benchmark_pilot\known_visit_10target_300.csv,5,8,18,12.00365176256155,12.00365176256155,03,03,1,0,True,completed
191,known_visit,ACBBA,bernoulli,drop_0.25,19,361,4,10,acbba_h8_bernoulli_025,C:\Users\lottj\Desktop\research\decentralized benchmark\commitment-horizon-study\reference_core_benchmark_pilot\known_visit_10target_300.csv,6,6,12,23.484577241907047,23.484577241907047,01,01,2,1,True,completed
191,known_visit,ACBBA,bernoulli,drop_0.25,19,361,4,10,acbba_h8_bernoulli_025,C:\Users\lottj\Desktop\research\decentralized benchmark\commitment-horizon-study\reference_core_benchmark_pilot\known_visit_10target_300.csv,7,0,10,5.433109454641742,5.433109454641742,01,01,1,0,True,completed
191,known_visit,ACBBA,bernoulli,drop_0.25,19,361,4,10,acbba_h8_bernoulli_025,C:\Users\lottj\Desktop\research\decentralized benchmark\commitment-horizon-study\reference_core_benchmark_pilot\known_visit_10target_300.csv,8,17,15,36.68653203723393,36.68653203723393,03,03,2,1,True,completed
191,known_visit,ACBBA,bernoulli,drop_0.25,19,361,4,10,acbba_h8_bernoulli_025,C:\Users\lottj\Desktop\research\decentralized benchmark\commitment-horizon-study\reference_core_benchmark_pilot\known_visit_10target_300.csv,9,18,18,29.256446721840547,29.256446721840547,03,03,2,1,True,completed
191,known_visit,ACBBA,bernoulli,drop_0.25,19,361,4,10,acbba_h8_bernoulli_025,C:\Users\lottj\Desktop\research\decentralized benchmark\commitment-horizon-study\reference_core_benchmark_pilot\known_visit_10target_300.csv,10,17,6,46.50037055729064,46.50037055729064,00,00,1,0,True,completed
192,known_visit,ACBBA,bernoulli,drop_0.25,19,361,4,10,acbba_h8_bernoulli_025,C:\Users\lottj\Desktop\research\decentralized benchmark\commitment-horizon-study\reference_core_benchmark_pilot\known_visit_10target_300.csv,1,3,18,14.501827957174783,14.501827957174783,02,02,2,1,True,completed
192,known_visit,ACBBA,bernoulli,drop_0.25,19,361,4,10,acbba_h8_bernoulli_025,C:\Users\lottj\Desktop\research\decentralized benchmark\commitment-horizon-study\reference_core_benchmark_pilot\known_visit_10target_300.csv,2,5,13,19.07645925288568,19.07645925288568,01,01,1,0,True,completed
192,known_visit,ACBBA,bernoulli,drop_0.25,19,361,4,10,acbba_h8_bernoulli_025,C:\Users\lottj\Desktop\research\decentralized benchmark\commitment-horizon-study\reference_core_benchmark_pilot\known_visit_10target_300.csv,3,5,6,6.871916871119977,6.871916871119977,01,01,2,1,True,completed
192,known_visit,ACBBA,bernoulli,drop_0.25,19,361,4,10,acbba_h8_bernoulli_025,C:\Users\lottj\Desktop\research\decentralized benchmark\commitment-horizon-study\reference_core_benchmark_pilot\known_visit_10target_300.csv,4,6,4,15.805862839717996,15.805862839717996,00,00,2,1,True,completed
192,known_visit,ACBBA,bernoulli,drop_0.25,19,361,4,10,acbba_h8_bernoulli_025,C:\Users\lottj\Desktop\research\decentralized benchmark\commitment-horizon-study\reference_core_benchmark_pilot\known_visit_10target_300.csv,5,5,15,23.49999098394456,23.49999098394456,02,02,1,0,True,completed
192,known_visit,ACBBA,bernoulli,drop_0.25,19,361,4,10,acbba_h8_bernoulli_025,C:\Users\lottj\Desktop\research\decentralized benchmark\commitment-horizon-study\reference_core_benchmark_pilot\known_visit_10target_300.csv,6,0,15,3.754950541966583,3.754950541966583,02,02,2,1,True,completed
192,known_visit,ACBBA,bernoulli,drop_0.25,19,361,4,10,acbba_h8_bernoulli_025,C:\Users\lottj\Desktop\research\decentralized benchmark\commitment-horizon-study\reference_core_benchmark_pilot\known_visit_10target_300.csv,7,2,2,5.602786520605526,5.602786520605526,00,00,1,0,True,completed
192,known_visit,ACBBA,bernoulli,drop_0.25,19,361,4,10,acbba_h8_bernoulli_025,C:\Users\lottj\Desktop\research\decentralized benchmark\commitment-horizon-study\reference_core_benchmark_pilot\known_visit_10target_300.csv,8,16,13,62.45999409074553,62.45999409074553,00,00,1,0,True,completed
192,known_visit,ACBBA,bernoulli,drop_0.25,19,361,4,10,acbba_h8_bernoulli_025,C:\Users\lottj\Desktop\research\decentralized benchmark\commitment-horizon-study\reference_core_benchmark_pilot\known_visit_10target_300.csv,9,11,4,24.156571332369555,24.156571332369555,00,00,1,0,True,completed
192,known_visit,ACBBA,bernoulli,drop_0.25,19,361,4,10,acbba_h8_bernoulli_025,C:\Users\lottj\Desktop\research\decentralized benchmark\commitment-horizon-study\reference_core_benchmark_pilot\known_visit_10target_300.csv,10,14,0,36.05292293396032,36.05292293396032,00,00,1,0,True,completed
193,known_visit,ACBBA,bernoulli,drop_0.25,19,361,4,10,acbba_h8_bernoulli_025,C:\Users\lottj\Desktop\research\decentralized benchmark\commitment-horizon-study\reference_core_benchmark_pilot\known_visit_10target_300.csv,1,9,17,82.40237664826455,82.40237664826455,00,00,1,0,True,completed
193,known_visit,ACBBA,bernoulli,drop_0.25,19,361,4,10,acbba_h8_bernoulli_025,C:\Users\lottj\Desktop\research\decentralized benchmark\commitment-horizon-study\reference_core_benchmark_pilot\known_visit_10target_300.csv,2,10,4,22.87406261503521,22.87406261503521,00,00,2,1,True,completed
193,known_visit,ACBBA,bernoulli,drop_0.25,19,361,4,10,acbba_h8_bernoulli_025,C:\Users\lottj\Desktop\research\decentralized benchmark\commitment-horizon-study\reference_core_benchmark_pilot\known_visit_10target_300.csv,3,1,14,7.193185383324383,7.193185383324383,03,03,2,1,True,completed
193,known_visit,ACBBA,bernoulli,drop_0.25,19,361,4,10,acbba_h8_bernoulli_025,C:\Users\lottj\Desktop\research\decentralized benchmark\commitment-horizon-study\reference_core_benchmark_pilot\known_visit_10target_300.csv,4,2,11,4.193941080311099,4.193941080311099,02,02,2,1,True,completed
193,known_visit,ACBBA,bernoulli,drop_0.25,19,361,4,10,acbba_h8_bernoulli_025,C:\Users\lottj\Desktop\research\decentralized benchmark\commitment-horizon-study\reference_core_benchmark_pilot\known_visit_10target_300.csv,5,10,16,78.3526646627969,78.3526646627969,00,00,1,0,True,completed
193,known_visit,ACBBA,bernoulli,drop_0.25,19,361,4,10,acbba_h8_bernoulli_025,C:\Users\lottj\Desktop\research\decentralized benchmark\commitment-horizon-study\reference_core_benchmark_pilot\known_visit_10target_300.csv,6,18,17,59.44359130849362,59.44359130849362,00,00,1,0,True,completed
193,known_visit,ACBBA,bernoulli,drop_0.25,19,361,4,10,acbba_h8_bernoulli_025,C:\Users\lottj\Desktop\research\decentralized benchmark\commitment-horizon-study\reference_core_benchmark_pilot\known_visit_10target_300.csv,7,12,5,28.316327674120867,28.316327674120867,00,00,2,1,True,completed
193,known_visit,ACBBA,bernoulli,drop_0.25,19,361,4,10,acbba_h8_bernoulli_025,C:\Users\lottj\Desktop\research\decentralized benchmark\commitment-horizon-study\reference_core_benchmark_pilot\known_visit_10target_300.csv,8,17,11,47.37584714756946,47.37584714756946,00,00,1,0,True,completed
193,known_visit,ACBBA,bernoulli,drop_0.25,19,361,4,10,acbba_h8_bernoulli_025,C:\Users\lottj\Desktop\research\decentralized benchmark\commitment-horizon-study\reference_core_benchmark_pilot\known_visit_10target_300.csv,9,12,18,71.50005947737263,71.50005947737263,00,00,1,0,True,completed
193,known_visit,ACBBA,bernoulli,drop_0.25,19,361,4,10,acbba_h8_bernoulli_025,C:\Users\lottj\Desktop\research\decentralized benchmark\commitment-horizon-study\reference_core_benchmark_pilot\known_visit_10target_300.csv,10,0,11,0.5251834616757015,0.5251834616757015,02,02,2,1,True,completed
194,known_visit,ACBBA,bernoulli,drop_0.25,19,361,4,10,acbba_h8_bernoulli_025,C:\Users\lottj\Desktop\research\decentralized benchmark\commitment-horizon-study\reference_core_benchmark_pilot\known_visit_10target_300.csv,1,4,7,7.199396936189547,7.199396936189547,01,01,2,1,True,completed
194,known_visit,ACBBA,bernoulli,drop_0.25,19,361,4,10,acbba_h8_bernoulli_025,C:\Users\lottj\Desktop\research\decentralized benchmark\commitment-horizon-study\reference_core_benchmark_pilot\known_visit_10target_300.csv,2,11,0,35.838453973359115,35.838453973359115,01,01,1,0,True,completed
194,known_visit,ACBBA,bernoulli,drop_0.25,19,361,4,10,acbba_h8_bernoulli_025,C:\Users\lottj\Desktop\research\decentralized benchmark\commitment-horizon-study\reference_core_benchmark_pilot\known_visit_10target_300.csv,3,18,15,38.711903237921874,38.711903237921874,03,03,1,0,True,completed
194,known_visit,ACBBA,bernoulli,drop_0.25,19,361,4,10,acbba_h8_bernoulli_025,C:\Users\lottj\Desktop\research\decentralized benchmark\commitment-horizon-study\reference_core_benchmark_pilot\known_visit_10target_300.csv,4,12,3,28.69874334024587,28.69874334024587,01,01,1,0,True,completed
194,known_visit,ACBBA,bernoulli,drop_0.25,19,361,4,10,acbba_h8_bernoulli_025,C:\Users\lottj\Desktop\research\decentralized benchmark\commitment-horizon-study\reference_core_benchmark_pilot\known_visit_10target_300.csv,5,10,10,39.87477961305239,39.87477961305239,00,00,2,1,True,completed
194,known_visit,ACBBA,bernoulli,drop_0.25,19,361,4,10,acbba_h8_bernoulli_025,C:\Users\lottj\Desktop\research\decentralized benchmark\commitment-horizon-study\reference_core_benchmark_pilot\known_visit_10target_300.csv,6,12,4,26.933681720553306,26.933681720553306,01,01,1,0,True,completed
194,known_visit,ACBBA,bernoulli,drop_0.25,19,361,4,10,acbba_h8_bernoulli_025,C:\Users\lottj\Desktop\research\decentralized benchmark\commitment-horizon-study\reference_core_benchmark_pilot\known_visit_10target_300.csv,7,18,11,73.73281419988047,73.73281419988047,01,01,1,0,True,completed
194,known_visit,ACBBA,bernoulli,drop_0.25,19,361,4,10,acbba_h8_bernoulli_025,C:\Users\lottj\Desktop\research\decentralized benchmark\commitment-horizon-study\reference_core_benchmark_pilot\known_visit_10target_300.csv,8,7,15,15.716522285363654,15.716522285363654,03,03,2,1,True,completed
194,known_visit,ACBBA,bernoulli,drop_0.25,19,361,4,10,acbba_h8_bernoulli_025,C:\Users\lottj\Desktop\research\decentralized benchmark\commitment-horizon-study\reference_core_benchmark_pilot\known_visit_10target_300.csv,9,9,1,32.77637147983701,32.77637147983701,02,02,1,0,True,completed
194,known_visit,ACBBA,bernoulli,drop_0.25,19,361,4,10,acbba_h8_bernoulli_025,C:\Users\lottj\Desktop\research\decentralized benchmark\commitment-horizon-study\reference_core_benchmark_pilot\known_visit_10target_300.csv,10,4,10,8.83309992975581,8.83309992975581,02,02,2,1,True,completed
195,known_visit,ACBBA,bernoulli,drop_0.25,19,361,4,10,acbba_h8_bernoulli_025,C:\Users\lottj\Desktop\research\decentralized benchmark\commitment-horizon-study\reference_core_benchmark_pilot\known_visit_10target_300.csv,1,7,2,14.80011814936525,14.80011814936525,00,00,1,0,True,completed
195,known_visit,ACBBA,bernoulli,drop_0.25,19,361,4,10,acbba_h8_bernoulli_025,C:\Users\lottj\Desktop\research\decentralized benchmark\commitment-horizon-study\reference_core_benchmark_pilot\known_visit_10target_300.csv,2,9,17,30.958415983953767,30.958415983953767,02,02,1,0,True,completed
195,known_visit,ACBBA,bernoulli,drop_0.25,19,361,4,10,acbba_h8_bernoulli_025,C:\Users\lottj\Desktop\research\decentralized benchmark\commitment-horizon-study\reference_core_benchmark_pilot\known_visit_10target_300.csv,3,0,16,2.192827564933344,2.192827564933344,03,03,1,0,True,completed
195,known_visit,ACBBA,bernoulli,drop_0.25,19,361,4,10,acbba_h8_bernoulli_025,C:\Users\lottj\Desktop\research\decentralized benchmark\commitment-horizon-study\reference_core_benchmark_pilot\known_visit_10target_300.csv,4,0,11,0.4151448320990654,0.4151448320990654,02,02,2,1,True,completed
195,known_visit,ACBBA,bernoulli,drop_0.25,19,361,4,10,acbba_h8_bernoulli_025,C:\Users\lottj\Desktop\research\decentralized benchmark\commitment-horizon-study\reference_core_benchmark_pilot\known_visit_10target_300.csv,5,2,9,17.965378632637776,17.965378632637776,03,03,2,1,True,completed
195,known_visit,ACBBA,bernoulli,drop_0.25,19,361,4,10,acbba_h8_bernoulli_025,C:\Users\lottj\Desktop\research\decentralized benchmark\commitment-horizon-study\reference_core_benchmark_pilot\known_visit_10target_300.csv,6,7,6,14.636963767594947,14.636963767594947,01,01,2,1,True,completed
195,known_visit,ACBBA,bernoulli,drop_0.25,19,361,4,10,acbba_h8_bernoulli_025,C:\Users\lottj\Desktop\research\decentralized benchmark\commitment-horizon-study\reference_core_benchmark_pilot\known_visit_10target_300.csv,7,15,13,48.81122386358157,48.81122386358157,02,02,1,0,True,completed
195,known_visit,ACBBA,bernoulli,drop_0.25,19,361,4,10,acbba_h8_bernoulli_025,C:\Users\lottj\Desktop\research\decentralized benchmark\commitment-horizon-study\reference_core_benchmark_pilot\known_visit_10target_300.csv,8,8,12,51.49225024696013,51.49225024696013,01,01,1,0,True,completed
195,known_visit,ACBBA,bernoulli,drop_0.25,19,361,4,10,acbba_h8_bernoulli_025,C:\Users\lottj\Desktop\research\decentralized benchmark\commitment-horizon-study\reference_core_benchmark_pilot\known_visit_10target_300.csv,9,2,1,4.001987481961519,4.001987481961519,00,00,1,0,True,completed
195,known_visit,ACBBA,bernoulli,drop_0.25,19,361,4,10,acbba_h8_bernoulli_025,C:\Users\lottj\Desktop\research\decentralized benchmark\commitment-horizon-study\reference_core_benchmark_pilot\known_visit_10target_300.csv,10,1,13,6.175724912498829,6.175724912498829,02,02,1,0,True,completed
196,known_visit,ACBBA,bernoulli,drop_0.25,19,361,4,10,acbba_h8_bernoulli_025,C:\Users\lottj\Desktop\research\decentralized benchmark\commitment-horizon-study\reference_core_benchmark_pilot\known_visit_10target_300.csv,1,16,16,72.49275040346353,72.49275040346353,00,00,1,0,True,completed
196,known_visit,ACBBA,bernoulli,drop_0.25,19,361,4,10,acbba_h8_bernoulli_025,C:\Users\lottj\Desktop\research\decentralized benchmark\commitment-horizon-study\reference_core_benchmark_pilot\known_visit_10target_300.csv,2,15,2,27.97909150663196,27.97909150663196,00,00,1,0,True,completed
196,known_visit,ACBBA,bernoulli,drop_0.25,19,361,4,10,acbba_h8_bernoulli_025,C:\Users\lottj\Desktop\research\decentralized benchmark\commitment-horizon-study\reference_core_benchmark_pilot\known_visit_10target_300.csv,3,6,7,10.838862797807286,10.838862797807286,01,01,1,0,True,completed
196,known_visit,ACBBA,bernoulli,drop_0.25,19,361,4,10,acbba_h8_bernoulli_025,C:\Users\lottj\Desktop\research\decentralized benchmark\commitment-horizon-study\reference_core_benchmark_pilot\known_visit_10target_300.csv,4,15,13,54.42240229629811,54.42240229629811,00,00,1,0,True,completed
196,known_visit,ACBBA,bernoulli,drop_0.25,19,361,4,10,acbba_h8_bernoulli_025,C:\Users\lottj\Desktop\research\decentralized benchmark\commitment-horizon-study\reference_core_benchmark_pilot\known_visit_10target_300.csv,5,7,13,23.635526461614468,23.635526461614468,03,03,1,0,True,completed
196,known_visit,ACBBA,bernoulli,drop_0.25,19,361,4,10,acbba_h8_bernoulli_025,C:\Users\lottj\Desktop\research\decentralized benchmark\commitment-horizon-study\reference_core_benchmark_pilot\known_visit_10target_300.csv,6,0,15,3.851739254206121,3.851739254206121,02,02,1,0,True,completed
196,known_visit,ACBBA,bernoulli,drop_0.25,19,361,4,10,acbba_h8_bernoulli_025,C:\Users\lottj\Desktop\research\decentralized benchmark\commitment-horizon-study\reference_core_benchmark_pilot\known_visit_10target_300.csv,7,10,17,84.59495730296995,84.59495730296995,00,00,1,0,True,completed
196,known_visit,ACBBA,bernoulli,drop_0.25,19,361,4,10,acbba_h8_bernoulli_025,C:\Users\lottj\Desktop\research\decentralized benchmark\commitment-horizon-study\reference_core_benchmark_pilot\known_visit_10target_300.csv,8,13,10,45.45218915288249,45.45218915288249,00,00,1,0,True,completed
196,known_visit,ACBBA,bernoulli,drop_0.25,19,361,4,10,acbba_h8_bernoulli_025,C:\Users\lottj\Desktop\research\decentralized benchmark\commitment-horizon-study\reference_core_benchmark_pilot\known_visit_10target_300.csv,9,17,12,59.77026944773669,59.77026944773669,00,00,2,1,True,completed
196,known_visit,ACBBA,bernoulli,drop_0.25,19,361,4,10,acbba_h8_bernoulli_025,C:\Users\lottj\Desktop\research\decentralized benchmark\commitment-horizon-study\reference_core_benchmark_pilot\known_visit_10target_300.csv,10,4,7,7.167803804621606,7.167803804621606,01,01,2,1,True,completed
197,known_visit,ACBBA,bernoulli,drop_0.25,19,361,4,10,acbba_h8_bernoulli_025,C:\Users\lottj\Desktop\research\decentralized benchmark\commitment-horizon-study\reference_core_benchmark_pilot\known_visit_10target_300.csv,1,17,4,53.17188418297426,53.17188418297426,00,00,1,0,True,completed
197,known_visit,ACBBA,bernoulli,drop_0.25,19,361,4,10,acbba_h8_bernoulli_025,C:\Users\lottj\Desktop\research\decentralized benchmark\commitment-horizon-study\reference_core_benchmark_pilot\known_visit_10target_300.csv,2,5,6,6.970612204926773,6.970612204926773,01,01,1,0,True,completed
197,known_visit,ACBBA,bernoulli,drop_0.25,19,361,4,10,acbba_h8_bernoulli_025,C:\Users\lottj\Desktop\research\decentralized benchmark\commitment-horizon-study\reference_core_benchmark_pilot\known_visit_10target_300.csv,3,13,14,28.06689856509212,28.06689856509212,03,03,1,0,True,completed
197,known_visit,ACBBA,bernoulli,drop_0.25,19,361,4,10,acbba_h8_bernoulli_025,C:\Users\lottj\Desktop\research\decentralized benchmark\commitment-horizon-study\reference_core_benchmark_pilot\known_visit_10target_300.csv,4,17,9,67.35305989791034,67.35305989791034,02,02,1,0,True,completed
197,known_visit,ACBBA,bernoulli,drop_0.25,19,361,4,10,acbba_h8_bernoulli_025,C:\Users\lottj\Desktop\research\decentralized benchmark\commitment-horizon-study\reference_core_benchmark_pilot\known_visit_10target_300.csv,5,6,4,12.465236982967443,12.465236982967443,01,01,2,1,True,completed
197,known_visit,ACBBA,bernoulli,drop_0.25,19,361,4,10,acbba_h8_bernoulli_025,C:\Users\lottj\Desktop\research\decentralized benchmark\commitment-horizon-study\reference_core_benchmark_pilot\known_visit_10target_300.csv,6,4,8,12.232369466539433,12.232369466539433,02,02,1,0,True,completed
197,known_visit,ACBBA,bernoulli,drop_0.25,19,361,4,10,acbba_h8_bernoulli_025,C:\Users\lottj\Desktop\research\decentralized benchmark\commitment-horizon-study\reference_core_benchmark_pilot\known_visit_10target_300.csv,7,10,16,19.362149173803726,19.362149173803726,03,03,2,1,True,completed
197,known_visit,ACBBA,bernoulli,drop_0.25,19,361,4,10,acbba_h8_bernoulli_025,C:\Users\lottj\Desktop\research\decentralized benchmark\commitment-horizon-study\reference_core_benchmark_pilot\known_visit_10target_300.csv,8,17,3,54.78131494800361,54.78131494800361,00,00,1,0,True,completed
197,known_visit,ACBBA,bernoulli,drop_0.25,19,361,4,10,acbba_h8_bernoulli_025,C:\Users\lottj\Desktop\research\decentralized benchmark\commitment-horizon-study\reference_core_benchmark_pilot\known_visit_10target_300.csv,9,8,12,25.963171354719798,25.963171354719798,02,02,2,1,True,completed
197,known_visit,ACBBA,bernoulli,drop_0.25,19,361,4,10,acbba_h8_bernoulli_025,C:\Users\lottj\Desktop\research\decentralized benchmark\commitment-horizon-study\reference_core_benchmark_pilot\known_visit_10target_300.csv,10,17,1,58.27066869617566,58.27066869617566,00,00,1,0,True,completed
198,known_visit,ACBBA,bernoulli,drop_0.25,19,361,4,10,acbba_h8_bernoulli_025,C:\Users\lottj\Desktop\research\decentralized benchmark\commitment-horizon-study\reference_core_benchmark_pilot\known_visit_10target_300.csv,1,17,1,87.36856217163341,87.36856217163341,01,01,1,0,True,completed
198,known_visit,ACBBA,bernoulli,drop_0.25,19,361,4,10,acbba_h8_bernoulli_025,C:\Users\lottj\Desktop\research\decentralized benchmark\commitment-horizon-study\reference_core_benchmark_pilot\known_visit_10target_300.csv,2,0,13,0.49238533160579523,0.49238533160579523,02,02,1,0,True,completed
198,known_visit,ACBBA,bernoulli,drop_0.25,19,361,4,10,acbba_h8_bernoulli_025,C:\Users\lottj\Desktop\research\decentralized benchmark\commitment-horizon-study\reference_core_benchmark_pilot\known_visit_10target_300.csv,3,13,10,54.23892452279445,54.23892452279445,01,01,1,0,True,completed
198,known_visit,ACBBA,bernoulli,drop_0.25,19,361,4,10,acbba_h8_bernoulli_025,C:\Users\lottj\Desktop\research\decentralized benchmark\commitment-horizon-study\reference_core_benchmark_pilot\known_visit_10target_300.csv,4,7,15,35.016395925850595,35.016395925850595,01,01,1,0,True,completed
198,known_visit,ACBBA,bernoulli,drop_0.25,19,361,4,10,acbba_h8_bernoulli_025,C:\Users\lottj\Desktop\research\decentralized benchmark\commitment-horizon-study\reference_core_benchmark_pilot\known_visit_10target_300.csv,5,2,11,18.834595144852933,18.834595144852933,01,01,1,0,True,completed
198,known_visit,ACBBA,bernoulli,drop_0.25,19,361,4,10,acbba_h8_bernoulli_025,C:\Users\lottj\Desktop\research\decentralized benchmark\commitment-horizon-study\reference_core_benchmark_pilot\known_visit_10target_300.csv,6,2,15,7.291590392637322,7.291590392637322,03,03,2,1,True,completed
198,known_visit,ACBBA,bernoulli,drop_0.25,19,361,4,10,acbba_h8_bernoulli_025,C:\Users\lottj\Desktop\research\decentralized benchmark\commitment-horizon-study\reference_core_benchmark_pilot\known_visit_10target_300.csv,7,10,2,73.18460336956886,73.18460336956886,01,01,1,0,True,completed
198,known_visit,ACBBA,bernoulli,drop_0.25,19,361,4,10,acbba_h8_bernoulli_025,C:\Users\lottj\Desktop\research\decentralized benchmark\commitment-horizon-study\reference_core_benchmark_pilot\known_visit_10target_300.csv,8,4,7,8.073117831638596,8.073117831638596,01,01,1,0,True,completed
198,known_visit,ACBBA,bernoulli,drop_0.25,19,361,4,10,acbba_h8_bernoulli_025,C:\Users\lottj\Desktop\research\decentralized benchmark\commitment-horizon-study\reference_core_benchmark_pilot\known_visit_10target_300.csv,9,2,13,4.129204011380011,4.129204011380011,02,02,2,1,True,completed
198,known_visit,ACBBA,bernoulli,drop_0.25,19,361,4,10,acbba_h8_bernoulli_025,C:\Users\lottj\Desktop\research\decentralized benchmark\commitment-horizon-study\reference_core_benchmark_pilot\known_visit_10target_300.csv,10,5,6,17.31044469342363,17.31044469342363,00,00,1,0,True,completed
199,known_visit,ACBBA,bernoulli,drop_0.25,19,361,4,10,acbba_h8_bernoulli_025,C:\Users\lottj\Desktop\research\decentralized benchmark\commitment-horizon-study\reference_core_benchmark_pilot\known_visit_10target_300.csv,1,0,3,3.792712725726203,3.792712725726203,00,00,2,1,True,completed
199,known_visit,ACBBA,bernoulli,drop_0.25,19,361,4,10,acbba_h8_bernoulli_025,C:\Users\lottj\Desktop\research\decentralized benchmark\commitment-horizon-study\reference_core_benchmark_pilot\known_visit_10target_300.csv,2,1,8,7.266180387726348,7.266180387726348,02,02,2,1,True,completed
199,known_visit,ACBBA,bernoulli,drop_0.25,19,361,4,10,acbba_h8_bernoulli_025,C:\Users\lottj\Desktop\research\decentralized benchmark\commitment-horizon-study\reference_core_benchmark_pilot\known_visit_10target_300.csv,3,16,3,53.22089461870128,53.22089461870128,03,03,1,0,True,completed
199,known_visit,ACBBA,bernoulli,drop_0.25,19,361,4,10,acbba_h8_bernoulli_025,C:\Users\lottj\Desktop\research\decentralized benchmark\commitment-horizon-study\reference_core_benchmark_pilot\known_visit_10target_300.csv,4,15,9,33.92590215873209,33.92590215873209,02,02,2,1,True,completed
199,known_visit,ACBBA,bernoulli,drop_0.25,19,361,4,10,acbba_h8_bernoulli_025,C:\Users\lottj\Desktop\research\decentralized benchmark\commitment-horizon-study\reference_core_benchmark_pilot\known_visit_10target_300.csv,5,11,2,24.762668020360756,24.762668020360756,00,00,2,1,True,completed
199,known_visit,ACBBA,bernoulli,drop_0.25,19,361,4,10,acbba_h8_bernoulli_025,C:\Users\lottj\Desktop\research\decentralized benchmark\commitment-horizon-study\reference_core_benchmark_pilot\known_visit_10target_300.csv,6,14,3,35.42844252123611,35.42844252123611,00,00,2,1,True,completed
199,known_visit,ACBBA,bernoulli,drop_0.25,19,361,4,10,acbba_h8_bernoulli_025,C:\Users\lottj\Desktop\research\decentralized benchmark\commitment-horizon-study\reference_core_benchmark_pilot\known_visit_10target_300.csv,7,17,17,79.62597965229739,79.62597965229739,01,01,1,0,True,completed
199,known_visit,ACBBA,bernoulli,drop_0.25,19,361,4,10,acbba_h8_bernoulli_025,C:\Users\lottj\Desktop\research\decentralized benchmark\commitment-horizon-study\reference_core_benchmark_pilot\known_visit_10target_300.csv,8,11,1,26.417963207989075,26.417963207989075,00,00,2,1,True,completed
199,known_visit,ACBBA,bernoulli,drop_0.25,19,361,4,10,acbba_h8_bernoulli_025,C:\Users\lottj\Desktop\research\decentralized benchmark\commitment-horizon-study\reference_core_benchmark_pilot\known_visit_10target_300.csv,9,2,18,1.961603621920254,1.961603621920254,03,03,2,1,True,completed
199,known_visit,ACBBA,bernoulli,drop_0.25,19,361,4,10,acbba_h8_bernoulli_025,C:\Users\lottj\Desktop\research\decentralized benchmark\commitment-horizon-study\reference_core_benchmark_pilot\known_visit_10target_300.csv,10,18,15,84.90613392224827,84.90613392224827,01,01,1,0,True,completed
200,known_visit,ACBBA,bernoulli,drop_0.25,19,361,4,10,acbba_h8_bernoulli_025,C:\Users\lottj\Desktop\research\decentralized benchmark\commitment-horizon-study\reference_core_benchmark_pilot\known_visit_10target_300.csv,1,4,15,14.896582486365084,14.896582486365084,02,02,1,0,True,completed
200,known_visit,ACBBA,bernoulli,drop_0.25,19,361,4,10,acbba_h8_bernoulli_025,C:\Users\lottj\Desktop\research\decentralized benchmark\commitment-horizon-study\reference_core_benchmark_pilot\known_visit_10target_300.csv,2,7,5,19.402947288025366,19.402947288025366,00,00,1,0,True,completed
200,known_visit,ACBBA,bernoulli,drop_0.25,19,361,4,10,acbba_h8_bernoulli_025,C:\Users\lottj\Desktop\research\decentralized benchmark\commitment-horizon-study\reference_core_benchmark_pilot\known_visit_10target_300.csv,3,4,0,5.282628151668692,5.282628151668692,00,00,1,0,True,completed
200,known_visit,ACBBA,bernoulli,drop_0.25,19,361,4,10,acbba_h8_bernoulli_025,C:\Users\lottj\Desktop\research\decentralized benchmark\commitment-horizon-study\reference_core_benchmark_pilot\known_visit_10target_300.csv,4,17,0,45.26172529420095,45.26172529420095,00,00,1,0,True,completed
200,known_visit,ACBBA,bernoulli,drop_0.25,19,361,4,10,acbba_h8_bernoulli_025,C:\Users\lottj\Desktop\research\decentralized benchmark\commitment-horizon-study\reference_core_benchmark_pilot\known_visit_10target_300.csv,5,0,11,0.45470434043027597,0.45470434043027597,02,02,2,1,True,completed
200,known_visit,ACBBA,bernoulli,drop_0.25,19,361,4,10,acbba_h8_bernoulli_025,C:\Users\lottj\Desktop\research\decentralized benchmark\commitment-horizon-study\reference_core_benchmark_pilot\known_visit_10target_300.csv,6,3,15,12.985183543281545,12.985183543281545,02,02,1,0,True,completed
200,known_visit,ACBBA,bernoulli,drop_0.25,19,361,4,10,acbba_h8_bernoulli_025,C:\Users\lottj\Desktop\research\decentralized benchmark\commitment-horizon-study\reference_core_benchmark_pilot\known_visit_10target_300.csv,7,7,16,14.154068356929576,14.154068356929576,03,03,2,1,True,completed
200,known_visit,ACBBA,bernoulli,drop_0.25,19,361,4,10,acbba_h8_bernoulli_025,C:\Users\lottj\Desktop\research\decentralized benchmark\commitment-horizon-study\reference_core_benchmark_pilot\known_visit_10target_300.csv,8,7,13,57.21673683330464,57.21673683330464,03,03,1,0,True,completed
200,known_visit,ACBBA,bernoulli,drop_0.25,19,361,4,10,acbba_h8_bernoulli_025,C:\Users\lottj\Desktop\research\decentralized benchmark\commitment-horizon-study\reference_core_benchmark_pilot\known_visit_10target_300.csv,9,15,18,31.351778136470156,31.351778136470156,03,03,1,0,True,completed
200,known_visit,ACBBA,bernoulli,drop_0.25,19,361,4,10,acbba_h8_bernoulli_025,C:\Users\lottj\Desktop\research\decentralized benchmark\commitment-horizon-study\reference_core_benchmark_pilot\known_visit_10target_300.csv,10,17,2,41.97185995847503,41.97185995847503,00,00,1,0,True,completed
201,known_visit,ACBBA,bernoulli,drop_0.25,19,361,4,10,acbba_h8_bernoulli_025,C:\Users\lottj\Desktop\research\decentralized benchmark\commitment-horizon-study\reference_core_benchmark_pilot\known_visit_10target_300.csv,1,17,12,38.66642043054373,38.66642043054373,03,03,1,0,True,completed
201,known_visit,ACBBA,bernoulli,drop_0.25,19,361,4,10,acbba_h8_bernoulli_025,C:\Users\lottj\Desktop\research\decentralized benchmark\commitment-horizon-study\reference_core_benchmark_pilot\known_visit_10target_300.csv,2,4,15,10.53190871350826,10.53190871350826,02,02,2,1,True,completed
201,known_visit,ACBBA,bernoulli,drop_0.25,19,361,4,10,acbba_h8_bernoulli_025,C:\Users\lottj\Desktop\research\decentralized benchmark\commitment-horizon-study\reference_core_benchmark_pilot\known_visit_10target_300.csv,3,8,9,53.45713457077453,53.45713457077453,00,00,1,0,True,completed
201,known_visit,ACBBA,bernoulli,drop_0.25,19,361,4,10,acbba_h8_bernoulli_025,C:\Users\lottj\Desktop\research\decentralized benchmark\commitment-horizon-study\reference_core_benchmark_pilot\known_visit_10target_300.csv,4,6,9,49.793098460621664,49.793098460621664,00,00,1,0,True,completed
201,known_visit,ACBBA,bernoulli,drop_0.25,19,361,4,10,acbba_h8_bernoulli_025,C:\Users\lottj\Desktop\research\decentralized benchmark\commitment-horizon-study\reference_core_benchmark_pilot\known_visit_10target_300.csv,5,12,2,33.9429446697847,33.9429446697847,01,01,1,0,True,completed
201,known_visit,ACBBA,bernoulli,drop_0.25,19,361,4,10,acbba_h8_bernoulli_025,C:\Users\lottj\Desktop\research\decentralized benchmark\commitment-horizon-study\reference_core_benchmark_pilot\known_visit_10target_300.csv,6,13,18,48.508973088536365,48.508973088536365,02,02,1,0,True,completed
201,known_visit,ACBBA,bernoulli,drop_0.25,19,361,4,10,acbba_h8_bernoulli_025,C:\Users\lottj\Desktop\research\decentralized benchmark\commitment-horizon-study\reference_core_benchmark_pilot\known_visit_10target_300.csv,7,3,0,3.667481030732184,3.667481030732184,00,00,2,1,True,completed
201,known_visit,ACBBA,bernoulli,drop_0.25,19,361,4,10,acbba_h8_bernoulli_025,C:\Users\lottj\Desktop\research\decentralized benchmark\commitment-horizon-study\reference_core_benchmark_pilot\known_visit_10target_300.csv,8,11,6,42.88393784890484,42.88393784890484,01,01,1,0,True,completed
201,known_visit,ACBBA,bernoulli,drop_0.25,19,361,4,10,acbba_h8_bernoulli_025,C:\Users\lottj\Desktop\research\decentralized benchmark\commitment-horizon-study\reference_core_benchmark_pilot\known_visit_10target_300.csv,9,4,6,15.892263874345259,15.892263874345259,00,00,1,0,True,completed
201,known_visit,ACBBA,bernoulli,drop_0.25,19,361,4,10,acbba_h8_bernoulli_025,C:\Users\lottj\Desktop\research\decentralized benchmark\commitment-horizon-study\reference_core_benchmark_pilot\known_visit_10target_300.csv,10,10,13,24.842293029799833,24.842293029799833,03,03,2,1,True,completed
202,known_visit,ACBBA,bernoulli,drop_0.25,19,361,4,10,acbba_h8_bernoulli_025,C:\Users\lottj\Desktop\research\decentralized benchmark\commitment-horizon-study\reference_core_benchmark_pilot\known_visit_10target_300.csv,1,9,8,17.735677034744654,17.735677034744654,01,01,2,1,True,completed
202,known_visit,ACBBA,bernoulli,drop_0.25,19,361,4,10,acbba_h8_bernoulli_025,C:\Users\lottj\Desktop\research\decentralized benchmark\commitment-horizon-study\reference_core_benchmark_pilot\known_visit_10target_300.csv,2,9,7,15.94896080420256,15.94896080420256,01,01,2,1,True,completed
202,known_visit,ACBBA,bernoulli,drop_0.25,19,361,4,10,acbba_h8_bernoulli_025,C:\Users\lottj\Desktop\research\decentralized benchmark\commitment-horizon-study\reference_core_benchmark_pilot\known_visit_10target_300.csv,3,3,6,3.740507229360311,3.740507229360311,01,01,2,1,True,completed
202,known_visit,ACBBA,bernoulli,drop_0.25,19,361,4,10,acbba_h8_bernoulli_025,C:\Users\lottj\Desktop\research\decentralized benchmark\commitment-horizon-study\reference_core_benchmark_pilot\known_visit_10target_300.csv,4,5,0,50.56953723422892,50.56953723422892,02,02,1,0,True,completed
202,known_visit,ACBBA,bernoulli,drop_0.25,19,361,4,10,acbba_h8_bernoulli_025,C:\Users\lottj\Desktop\research\decentralized benchmark\commitment-horizon-study\reference_core_benchmark_pilot\known_visit_10target_300.csv,5,9,13,22.111378939039756,22.111378939039756,03,03,1,0,True,completed
202,known_visit,ACBBA,bernoulli,drop_0.25,19,361,4,10,acbba_h8_bernoulli_025,C:\Users\lottj\Desktop\research\decentralized benchmark\commitment-horizon-study\reference_core_benchmark_pilot\known_visit_10target_300.csv,6,12,9,29.48019393945256,29.48019393945256,01,01,1,0,True,completed
202,known_visit,ACBBA,bernoulli,drop_0.25,19,361,4,10,acbba_h8_bernoulli_025,C:\Users\lottj\Desktop\research\decentralized benchmark\commitment-horizon-study\reference_core_benchmark_pilot\known_visit_10target_300.csv,7,16,13,38.05578164523392,38.05578164523392,03,03,1,0,True,completed
202,known_visit,ACBBA,bernoulli,drop_0.25,19,361,4,10,acbba_h8_bernoulli_025,C:\Users\lottj\Desktop\research\decentralized benchmark\commitment-horizon-study\reference_core_benchmark_pilot\known_visit_10target_300.csv,8,5,9,12.850402862100607,12.850402862100607,02,02,1,0,True,completed
202,known_visit,ACBBA,bernoulli,drop_0.25,19,361,4,10,acbba_h8_bernoulli_025,C:\Users\lottj\Desktop\research\decentralized benchmark\commitment-horizon-study\reference_core_benchmark_pilot\known_visit_10target_300.csv,9,9,2,39.755768522055064,39.755768522055064,02,02,1,0,True,completed
202,known_visit,ACBBA,bernoulli,drop_0.25,19,361,4,10,acbba_h8_bernoulli_025,C:\Users\lottj\Desktop\research\decentralized benchmark\commitment-horizon-study\reference_core_benchmark_pilot\known_visit_10target_300.csv,10,2,2,5.472897410858344,5.472897410858344,00,00,1,0,True,completed
203,known_visit,ACBBA,bernoulli,drop_0.25,19,361,4,10,acbba_h8_bernoulli_025,C:\Users\lottj\Desktop\research\decentralized benchmark\commitment-horizon-study\reference_core_benchmark_pilot\known_visit_10target_300.csv,1,6,8,12.631650297226217,12.631650297226217,01,01,1,0,True,completed
203,known_visit,ACBBA,bernoulli,drop_0.25,19,361,4,10,acbba_h8_bernoulli_025,C:\Users\lottj\Desktop\research\decentralized benchmark\commitment-horizon-study\reference_core_benchmark_pilot\known_visit_10target_300.csv,2,11,15,22.362352073990152,22.362352073990152,03,03,1,0,True,completed
203,known_visit,ACBBA,bernoulli,drop_0.25,19,361,4,10,acbba_h8_bernoulli_025,C:\Users\lottj\Desktop\research\decentralized benchmark\commitment-horizon-study\reference_core_benchmark_pilot\known_visit_10target_300.csv,3,9,11,32.82205054109269,32.82205054109269,03,03,1,0,True,completed
203,known_visit,ACBBA,bernoulli,drop_0.25,19,361,4,10,acbba_h8_bernoulli_025,C:\Users\lottj\Desktop\research\decentralized benchmark\commitment-horizon-study\reference_core_benchmark_pilot\known_visit_10target_300.csv,4,3,6,14.42071629169694,14.42071629169694,00,00,1,0,True,completed
203,known_visit,ACBBA,bernoulli,drop_0.25,19,361,4,10,acbba_h8_bernoulli_025,C:\Users\lottj\Desktop\research\decentralized benchmark\commitment-horizon-study\reference_core_benchmark_pilot\known_visit_10target_300.csv,5,0,10,2.134041216143565,2.134041216143565,02,02,1,0,True,completed
203,known_visit,ACBBA,bernoulli,drop_0.25,19,361,4,10,acbba_h8_bernoulli_025,C:\Users\lottj\Desktop\research\decentralized benchmark\commitment-horizon-study\reference_core_benchmark_pilot\known_visit_10target_300.csv,6,7,10,38.20628802343581,38.20628802343581,03,03,1,0,True,completed
203,known_visit,ACBBA,bernoulli,drop_0.25,19,361,4,10,acbba_h8_bernoulli_025,C:\Users\lottj\Desktop\research\decentralized benchmark\commitment-horizon-study\reference_core_benchmark_pilot\known_visit_10target_300.csv,7,18,3,49.19774414955768,49.19774414955768,00,00,1,0,True,completed
203,known_visit,ACBBA,bernoulli,drop_0.25,19,361,4,10,acbba_h8_bernoulli_025,C:\Users\lottj\Desktop\research\decentralized benchmark\commitment-horizon-study\reference_core_benchmark_pilot\known_visit_10target_300.csv,8,6,6,19.625190308407955,19.625190308407955,00,00,2,1,True,completed
203,known_visit,ACBBA,bernoulli,drop_0.25,19,361,4,10,acbba_h8_bernoulli_025,C:\Users\lottj\Desktop\research\decentralized benchmark\commitment-horizon-study\reference_core_benchmark_pilot\known_visit_10target_300.csv,9,16,7,38.73688298175211,38.73688298175211,00,00,1,0,True,completed
203,known_visit,ACBBA,bernoulli,drop_0.25,19,361,4,10,acbba_h8_bernoulli_025,C:\Users\lottj\Desktop\research\decentralized benchmark\commitment-horizon-study\reference_core_benchmark_pilot\known_visit_10target_300.csv,10,8,5,22.31027292190734,22.31027292190734,01,01,2,1,True,completed
204,known_visit,ACBBA,bernoulli,drop_0.25,19,361,4,10,acbba_h8_bernoulli_025,C:\Users\lottj\Desktop\research\decentralized benchmark\commitment-horizon-study\reference_core_benchmark_pilot\known_visit_10target_300.csv,1,2,13,10.695638242491365,10.695638242491365,03,03,1,0,True,completed
204,known_visit,ACBBA,bernoulli,drop_0.25,19,361,4,10,acbba_h8_bernoulli_025,C:\Users\lottj\Desktop\research\decentralized benchmark\commitment-horizon-study\reference_core_benchmark_pilot\known_visit_10target_300.csv,2,17,17,58.870459872176255,58.870459872176255,00,00,1,0,True,completed
204,known_visit,ACBBA,bernoulli,drop_0.25,19,361,4,10,acbba_h8_bernoulli_025,C:\Users\lottj\Desktop\research\decentralized benchmark\commitment-horizon-study\reference_core_benchmark_pilot\known_visit_10target_300.csv,3,14,9,39.15756164142016,39.15756164142016,00,00,2,1,True,completed
204,known_visit,ACBBA,bernoulli,drop_0.25,19,361,4,10,acbba_h8_bernoulli_025,C:\Users\lottj\Desktop\research\decentralized benchmark\commitment-horizon-study\reference_core_benchmark_pilot\known_visit_10target_300.csv,4,13,7,32.07338308137373,32.07338308137373,01,01,2,1,True,completed
204,known_visit,ACBBA,bernoulli,drop_0.25,19,361,4,10,acbba_h8_bernoulli_025,C:\Users\lottj\Desktop\research\decentralized benchmark\commitment-horizon-study\reference_core_benchmark_pilot\known_visit_10target_300.csv,5,8,10,15.827598080815244,15.827598080815244,02,02,2,1,True,completed
204,known_visit,ACBBA,bernoulli,drop_0.25,19,361,4,10,acbba_h8_bernoulli_025,C:\Users\lottj\Desktop\research\decentralized benchmark\commitment-horizon-study\reference_core_benchmark_pilot\known_visit_10target_300.csv,6,12,16,69.60764792536897,69.60764792536897,00,00,1,0,True,completed
204,known_visit,ACBBA,bernoulli,drop_0.25,19,361,4,10,acbba_h8_bernoulli_025,C:\Users\lottj\Desktop\research\decentralized benchmark\commitment-horizon-study\reference_core_benchmark_pilot\known_visit_10target_300.csv,7,10,3,21.068810363270735,21.068810363270735,00,00,3,2,True,completed
204,known_visit,ACBBA,bernoulli,drop_0.25,19,361,4,10,acbba_h8_bernoulli_025,C:\Users\lottj\Desktop\research\decentralized benchmark\commitment-horizon-study\reference_core_benchmark_pilot\known_visit_10target_300.csv,8,5,3,12.057770443123394,12.057770443123394,00,00,1,0,True,completed
204,known_visit,ACBBA,bernoulli,drop_0.25,19,361,4,10,acbba_h8_bernoulli_025,C:\Users\lottj\Desktop\research\decentralized benchmark\commitment-horizon-study\reference_core_benchmark_pilot\known_visit_10target_300.csv,9,17,10,46.39136857464216,46.39136857464216,00,00,2,1,True,completed
204,known_visit,ACBBA,bernoulli,drop_0.25,19,361,4,10,acbba_h8_bernoulli_025,C:\Users\lottj\Desktop\research\decentralized benchmark\commitment-horizon-study\reference_core_benchmark_pilot\known_visit_10target_300.csv,10,12,9,44.48301947753916,44.48301947753916,03,03,1,0,True,completed
205,known_visit,ACBBA,bernoulli,drop_0.25,19,361,4,10,acbba_h8_bernoulli_025,C:\Users\lottj\Desktop\research\decentralized benchmark\commitment-horizon-study\reference_core_benchmark_pilot\known_visit_10target_300.csv,1,12,13,38.8833105007323,38.8833105007323,03,03,1,0,True,completed
205,known_visit,ACBBA,bernoulli,drop_0.25,19,361,4,10,acbba_h8_bernoulli_025,C:\Users\lottj\Desktop\research\decentralized benchmark\commitment-horizon-study\reference_core_benchmark_pilot\known_visit_10target_300.csv,2,16,12,80.79712740415485,80.79712740415485,02,02,1,0,True,completed
205,known_visit,ACBBA,bernoulli,drop_0.25,19,361,4,10,acbba_h8_bernoulli_025,C:\Users\lottj\Desktop\research\decentralized benchmark\commitment-horizon-study\reference_core_benchmark_pilot\known_visit_10target_300.csv,3,5,6,7.197678545951726,7.197678545951726,01,01,2,1,True,completed
205,known_visit,ACBBA,bernoulli,drop_0.25,19,361,4,10,acbba_h8_bernoulli_025,C:\Users\lottj\Desktop\research\decentralized benchmark\commitment-horizon-study\reference_core_benchmark_pilot\known_visit_10target_300.csv,4,15,17,26.554135036047043,26.554135036047043,03,03,1,0,True,completed
205,known_visit,ACBBA,bernoulli,drop_0.25,19,361,4,10,acbba_h8_bernoulli_025,C:\Users\lottj\Desktop\research\decentralized benchmark\commitment-horizon-study\reference_core_benchmark_pilot\known_visit_10target_300.csv,5,3,10,7.203520479464165,7.203520479464165,02,02,1,0,True,completed
205,known_visit,ACBBA,bernoulli,drop_0.25,19,361,4,10,acbba_h8_bernoulli_025,C:\Users\lottj\Desktop\research\decentralized benchmark\commitment-horizon-study\reference_core_benchmark_pilot\known_visit_10target_300.csv,6,3,17,5.62465691640632,5.62465691640632,03,03,2,1,True,completed
205,known_visit,ACBBA,bernoulli,drop_0.25,19,361,4,10,acbba_h8_bernoulli_025,C:\Users\lottj\Desktop\research\decentralized benchmark\commitment-horizon-study\reference_core_benchmark_pilot\known_visit_10target_300.csv,7,14,9,38.66973184901423,38.66973184901423,00,00,1,0,True,completed
205,known_visit,ACBBA,bernoulli,drop_0.25,19,361,4,10,acbba_h8_bernoulli_025,C:\Users\lottj\Desktop\research\decentralized benchmark\commitment-horizon-study\reference_core_benchmark_pilot\known_visit_10target_300.csv,8,14,11,53.26183040384265,53.26183040384265,00,00,1,0,True,completed
205,known_visit,ACBBA,bernoulli,drop_0.25,19,361,4,10,acbba_h8_bernoulli_025,C:\Users\lottj\Desktop\research\decentralized benchmark\commitment-horizon-study\reference_core_benchmark_pilot\known_visit_10target_300.csv,9,11,7,19.456824599333707,19.456824599333707,01,01,2,1,True,completed
205,known_visit,ACBBA,bernoulli,drop_0.25,19,361,4,10,acbba_h8_bernoulli_025,C:\Users\lottj\Desktop\research\decentralized benchmark\commitment-horizon-study\reference_core_benchmark_pilot\known_visit_10target_300.csv,10,17,10,45.907634499590564,45.907634499590564,00,00,1,0,True,completed
206,known_visit,ACBBA,bernoulli,drop_0.25,19,361,4,10,acbba_h8_bernoulli_025,C:\Users\lottj\Desktop\research\decentralized benchmark\commitment-horizon-study\reference_core_benchmark_pilot\known_visit_10target_300.csv,1,13,7,39.05605429765438,39.05605429765438,01,01,2,1,True,completed
206,known_visit,ACBBA,bernoulli,drop_0.25,19,361,4,10,acbba_h8_bernoulli_025,C:\Users\lottj\Desktop\research\decentralized benchmark\commitment-horizon-study\reference_core_benchmark_pilot\known_visit_10target_300.csv,2,16,2,93.1749698710949,93.1749698710949,01,01,1,0,True,completed
206,known_visit,ACBBA,bernoulli,drop_0.25,19,361,4,10,acbba_h8_bernoulli_025,C:\Users\lottj\Desktop\research\decentralized benchmark\commitment-horizon-study\reference_core_benchmark_pilot\known_visit_10target_300.csv,3,1,13,2.202587335798273,2.202587335798273,02,02,2,1,True,completed
206,known_visit,ACBBA,bernoulli,drop_0.25,19,361,4,10,acbba_h8_bernoulli_025,C:\Users\lottj\Desktop\research\decentralized benchmark\commitment-horizon-study\reference_core_benchmark_pilot\known_visit_10target_300.csv,4,18,7,47.81465757119989,47.81465757119989,01,01,2,1,True,completed
206,known_visit,ACBBA,bernoulli,drop_0.25,19,361,4,10,acbba_h8_bernoulli_025,C:\Users\lottj\Desktop\research\decentralized benchmark\commitment-horizon-study\reference_core_benchmark_pilot\known_visit_10target_300.csv,5,5,3,16.323859810911593,16.323859810911593,00,00,2,1,True,completed
206,known_visit,ACBBA,bernoulli,drop_0.25,19,361,4,10,acbba_h8_bernoulli_025,C:\Users\lottj\Desktop\research\decentralized benchmark\commitment-horizon-study\reference_core_benchmark_pilot\known_visit_10target_300.csv,6,3,12,14.372032179049135,14.372032179049135,03,03,2,1,True,completed
206,known_visit,ACBBA,bernoulli,drop_0.25,19,361,4,10,acbba_h8_bernoulli_025,C:\Users\lottj\Desktop\research\decentralized benchmark\commitment-horizon-study\reference_core_benchmark_pilot\known_visit_10target_300.csv,7,3,4,10.991068291671262,10.991068291671262,00,00,1,0,True,completed
206,known_visit,ACBBA,bernoulli,drop_0.25,19,361,4,10,acbba_h8_bernoulli_025,C:\Users\lottj\Desktop\research\decentralized benchmark\commitment-horizon-study\reference_core_benchmark_pilot\known_visit_10target_300.csv,8,7,9,20.134980876971706,20.134980876971706,01,01,2,1,True,completed
206,known_visit,ACBBA,bernoulli,drop_0.25,19,361,4,10,acbba_h8_bernoulli_025,C:\Users\lottj\Desktop\research\decentralized benchmark\commitment-horizon-study\reference_core_benchmark_pilot\known_visit_10target_300.csv,9,12,6,34.02293353031948,34.02293353031948,01,01,1,0,True,completed
206,known_visit,ACBBA,bernoulli,drop_0.25,19,361,4,10,acbba_h8_bernoulli_025,C:\Users\lottj\Desktop\research\decentralized benchmark\commitment-horizon-study\reference_core_benchmark_pilot\known_visit_10target_300.csv,10,1,5,2.099451552952687,2.099451552952687,01,01,2,1,True,completed
207,known_visit,ACBBA,bernoulli,drop_0.25,19,361,4,10,acbba_h8_bernoulli_025,C:\Users\lottj\Desktop\research\decentralized benchmark\commitment-horizon-study\reference_core_benchmark_pilot\known_visit_10target_300.csv,1,4,9,14.968042996176232,14.968042996176232,02,02,2,1,True,completed
207,known_visit,ACBBA,bernoulli,drop_0.25,19,361,4,10,acbba_h8_bernoulli_025,C:\Users\lottj\Desktop\research\decentralized benchmark\commitment-horizon-study\reference_core_benchmark_pilot\known_visit_10target_300.csv,2,11,13,26.383954414410702,26.383954414410702,03,03,2,1,True,completed
207,known_visit,ACBBA,bernoulli,drop_0.25,19,361,4,10,acbba_h8_bernoulli_025,C:\Users\lottj\Desktop\research\decentralized benchmark\commitment-horizon-study\reference_core_benchmark_pilot\known_visit_10target_300.csv,3,5,6,14.693667003113141,14.693667003113141,01,01,1,0,True,completed
207,known_visit,ACBBA,bernoulli,drop_0.25,19,361,4,10,acbba_h8_bernoulli_025,C:\Users\lottj\Desktop\research\decentralized benchmark\commitment-horizon-study\reference_core_benchmark_pilot\known_visit_10target_300.csv,4,0,3,3.899985264587393,3.899985264587393,00,00,1,0,True,completed
207,known_visit,ACBBA,bernoulli,drop_0.25,19,361,4,10,acbba_h8_bernoulli_025,C:\Users\lottj\Desktop\research\decentralized benchmark\commitment-horizon-study\reference_core_benchmark_pilot\known_visit_10target_300.csv,5,10,18,15.737246949448128,15.737246949448128,03,03,2,1,True,completed
207,known_visit,ACBBA,bernoulli,drop_0.25,19,361,4,10,acbba_h8_bernoulli_025,C:\Users\lottj\Desktop\research\decentralized benchmark\commitment-horizon-study\reference_core_benchmark_pilot\known_visit_10target_300.csv,6,8,10,28.36517494386228,28.36517494386228,01,01,2,1,True,completed
207,known_visit,ACBBA,bernoulli,drop_0.25,19,361,4,10,acbba_h8_bernoulli_025,C:\Users\lottj\Desktop\research\decentralized benchmark\commitment-horizon-study\reference_core_benchmark_pilot\known_visit_10target_300.csv,7,11,10,33.47194942173913,33.47194942173913,01,01,3,2,True,completed
207,known_visit,ACBBA,bernoulli,drop_0.25,19,361,4,10,acbba_h8_bernoulli_025,C:\Users\lottj\Desktop\research\decentralized benchmark\commitment-horizon-study\reference_core_benchmark_pilot\known_visit_10target_300.csv,8,12,12,30.061199122888638,30.061199122888638,03,03,2,1,True,completed
207,known_visit,ACBBA,bernoulli,drop_0.25,19,361,4,10,acbba_h8_bernoulli_025,C:\Users\lottj\Desktop\research\decentralized benchmark\commitment-horizon-study\reference_core_benchmark_pilot\known_visit_10target_300.csv,9,18,13,55.50303932154239,55.50303932154239,01,01,1,0,True,completed
207,known_visit,ACBBA,bernoulli,drop_0.25,19,361,4,10,acbba_h8_bernoulli_025,C:\Users\lottj\Desktop\research\decentralized benchmark\commitment-horizon-study\reference_core_benchmark_pilot\known_visit_10target_300.csv,10,11,12,28.156638595977043,28.156638595977043,03,03,2,1,True,completed
208,known_visit,ACBBA,bernoulli,drop_0.25,19,361,4,10,acbba_h8_bernoulli_025,C:\Users\lottj\Desktop\research\decentralized benchmark\commitment-horizon-study\reference_core_benchmark_pilot\known_visit_10target_300.csv,1,7,15,15.928082441250735,15.928082441250735,03,03,2,1,True,completed
208,known_visit,ACBBA,bernoulli,drop_0.25,19,361,4,10,acbba_h8_bernoulli_025,C:\Users\lottj\Desktop\research\decentralized benchmark\commitment-horizon-study\reference_core_benchmark_pilot\known_visit_10target_300.csv,2,15,16,49.060408745150426,49.060408745150426,02,02,2,1,True,completed
208,known_visit,ACBBA,bernoulli,drop_0.25,19,361,4,10,acbba_h8_bernoulli_025,C:\Users\lottj\Desktop\research\decentralized benchmark\commitment-horizon-study\reference_core_benchmark_pilot\known_visit_10target_300.csv,3,18,5,96.44527670264162,96.44527670264162,00,00,1,0,True,completed
208,known_visit,ACBBA,bernoulli,drop_0.25,19,361,4,10,acbba_h8_bernoulli_025,C:\Users\lottj\Desktop\research\decentralized benchmark\commitment-horizon-study\reference_core_benchmark_pilot\known_visit_10target_300.csv,4,7,18,10.57086187508838,10.57086187508838,03,03,2,1,True,completed
208,known_visit,ACBBA,bernoulli,drop_0.25,19,361,4,10,acbba_h8_bernoulli_025,C:\Users\lottj\Desktop\research\decentralized benchmark\commitment-horizon-study\reference_core_benchmark_pilot\known_visit_10target_300.csv,5,16,10,55.132217519639205,55.132217519639205,03,03,2,1,True,completed
208,known_visit,ACBBA,bernoulli,drop_0.25,19,361,4,10,acbba_h8_bernoulli_025,C:\Users\lottj\Desktop\research\decentralized benchmark\commitment-horizon-study\reference_core_benchmark_pilot\known_visit_10target_300.csv,6,13,13,73.54496747667969,73.54496747667969,00,00,2,1,True,completed
208,known_visit,ACBBA,bernoulli,drop_0.25,19,361,4,10,acbba_h8_bernoulli_025,C:\Users\lottj\Desktop\research\decentralized benchmark\commitment-horizon-study\reference_core_benchmark_pilot\known_visit_10target_300.csv,7,9,8,27.303664395930102,27.303664395930102,01,01,3,2,True,completed
208,known_visit,ACBBA,bernoulli,drop_0.25,19,361,4,10,acbba_h8_bernoulli_025,C:\Users\lottj\Desktop\research\decentralized benchmark\commitment-horizon-study\reference_core_benchmark_pilot\known_visit_10target_300.csv,8,5,13,8.988325653851325,8.988325653851325,02,02,3,2,True,completed
208,known_visit,ACBBA,bernoulli,drop_0.25,19,361,4,10,acbba_h8_bernoulli_025,C:\Users\lottj\Desktop\research\decentralized benchmark\commitment-horizon-study\reference_core_benchmark_pilot\known_visit_10target_300.csv,9,7,6,10.326424433880613,10.326424433880613,01,01,1,0,True,completed
208,known_visit,ACBBA,bernoulli,drop_0.25,19,361,4,10,acbba_h8_bernoulli_025,C:\Users\lottj\Desktop\research\decentralized benchmark\commitment-horizon-study\reference_core_benchmark_pilot\known_visit_10target_300.csv,10,11,8,42.864078967975054,42.864078967975054,03,03,1,0,True,completed
209,known_visit,ACBBA,bernoulli,drop_0.25,19,361,4,10,acbba_h8_bernoulli_025,C:\Users\lottj\Desktop\research\decentralized benchmark\commitment-horizon-study\reference_core_benchmark_pilot\known_visit_10target_300.csv,1,2,14,5.536626162730291,5.536626162730291,02,02,2,1,True,completed
209,known_visit,ACBBA,bernoulli,drop_0.25,19,361,4,10,acbba_h8_bernoulli_025,C:\Users\lottj\Desktop\research\decentralized benchmark\commitment-horizon-study\reference_core_benchmark_pilot\known_visit_10target_300.csv,2,12,18,23.149756839293673,23.149756839293673,03,03,1,0,True,completed
209,known_visit,ACBBA,bernoulli,drop_0.25,19,361,4,10,acbba_h8_bernoulli_025,C:\Users\lottj\Desktop\research\decentralized benchmark\commitment-horizon-study\reference_core_benchmark_pilot\known_visit_10target_300.csv,3,1,0,0.11409703386873649,0.11409703386873649,00,00,1,0,True,completed
209,known_visit,ACBBA,bernoulli,drop_0.25,19,361,4,10,acbba_h8_bernoulli_025,C:\Users\lottj\Desktop\research\decentralized benchmark\commitment-horizon-study\reference_core_benchmark_pilot\known_visit_10target_300.csv,4,10,2,44.257493039790305,44.257493039790305,00,00,1,0,True,completed
209,known_visit,ACBBA,bernoulli,drop_0.25,19,361,4,10,acbba_h8_bernoulli_025,C:\Users\lottj\Desktop\research\decentralized benchmark\commitment-horizon-study\reference_core_benchmark_pilot\known_visit_10target_300.csv,5,16,12,72.54219679109384,72.54219679109384,00,00,1,0,True,completed
209,known_visit,ACBBA,bernoulli,drop_0.25,19,361,4,10,acbba_h8_bernoulli_025,C:\Users\lottj\Desktop\research\decentralized benchmark\commitment-horizon-study\reference_core_benchmark_pilot\known_visit_10target_300.csv,6,12,8,58.01350544946476,58.01350544946476,00,00,1,0,True,completed
209,known_visit,ACBBA,bernoulli,drop_0.25,19,361,4,10,acbba_h8_bernoulli_025,C:\Users\lottj\Desktop\research\decentralized benchmark\commitment-horizon-study\reference_core_benchmark_pilot\known_visit_10target_300.csv,7,13,10,63.55287553162937,63.55287553162937,00,00,1,0,True,completed
209,known_visit,ACBBA,bernoulli,drop_0.25,19,361,4,10,acbba_h8_bernoulli_025,C:\Users\lottj\Desktop\research\decentralized benchmark\commitment-horizon-study\reference_core_benchmark_pilot\known_visit_10target_300.csv,8,4,6,5.224519798360417,5.224519798360417,01,01,2,1,True,completed
209,known_visit,ACBBA,bernoulli,drop_0.25,19,361,4,10,acbba_h8_bernoulli_025,C:\Users\lottj\Desktop\research\decentralized benchmark\commitment-horizon-study\reference_core_benchmark_pilot\known_visit_10target_300.csv,9,13,11,65.2602140721235,65.2602140721235,00,00,1,0,True,completed
209,known_visit,ACBBA,bernoulli,drop_0.25,19,361,4,10,acbba_h8_bernoulli_025,C:\Users\lottj\Desktop\research\decentralized benchmark\commitment-horizon-study\reference_core_benchmark_pilot\known_visit_10target_300.csv,10,6,1,35.4273672592059,35.4273672592059,00,00,1,0,True,completed
210,known_visit,ACBBA,bernoulli,drop_0.25,19,361,4,10,acbba_h8_bernoulli_025,C:\Users\lottj\Desktop\research\decentralized benchmark\commitment-horizon-study\reference_core_benchmark_pilot\known_visit_10target_300.csv,1,12,15,28.35796519496448,28.35796519496448,02,02,1,0,True,completed
210,known_visit,ACBBA,bernoulli,drop_0.25,19,361,4,10,acbba_h8_bernoulli_025,C:\Users\lottj\Desktop\research\decentralized benchmark\commitment-horizon-study\reference_core_benchmark_pilot\known_visit_10target_300.csv,2,2,1,3.9952517375644754,3.9952517375644754,00,00,2,1,True,completed
210,known_visit,ACBBA,bernoulli,drop_0.25,19,361,4,10,acbba_h8_bernoulli_025,C:\Users\lottj\Desktop\research\decentralized benchmark\commitment-horizon-study\reference_core_benchmark_pilot\known_visit_10target_300.csv,3,1,11,2.2398380308415877,2.2398380308415877,02,02,2,1,True,completed
210,known_visit,ACBBA,bernoulli,drop_0.25,19,361,4,10,acbba_h8_bernoulli_025,C:\Users\lottj\Desktop\research\decentralized benchmark\commitment-horizon-study\reference_core_benchmark_pilot\known_visit_10target_300.csv,4,10,2,23.210868961827494,23.210868961827494,00,00,1,0,True,completed
210,known_visit,ACBBA,bernoulli,drop_0.25,19,361,4,10,acbba_h8_bernoulli_025,C:\Users\lottj\Desktop\research\decentralized benchmark\commitment-horizon-study\reference_core_benchmark_pilot\known_visit_10target_300.csv,5,3,7,5.661996083157418,5.661996083157418,01,01,2,1,True,completed
210,known_visit,ACBBA,bernoulli,drop_0.25,19,361,4,10,acbba_h8_bernoulli_025,C:\Users\lottj\Desktop\research\decentralized benchmark\commitment-horizon-study\reference_core_benchmark_pilot\known_visit_10target_300.csv,6,8,5,42.543607023868546,42.543607023868546,01,01,1,0,True,completed
210,known_visit,ACBBA,bernoulli,drop_0.25,19,361,4,10,acbba_h8_bernoulli_025,C:\Users\lottj\Desktop\research\decentralized benchmark\commitment-horizon-study\reference_core_benchmark_pilot\known_visit_10target_300.csv,7,17,8,46.5658369653149,46.5658369653149,00,00,1,0,True,completed
210,known_visit,ACBBA,bernoulli,drop_0.25,19,361,4,10,acbba_h8_bernoulli_025,C:\Users\lottj\Desktop\research\decentralized benchmark\commitment-horizon-study\reference_core_benchmark_pilot\known_visit_10target_300.csv,8,16,4,37.23012883882853,37.23012883882853,00,00,1,0,True,completed
210,known_visit,ACBBA,bernoulli,drop_0.25,19,361,4,10,acbba_h8_bernoulli_025,C:\Users\lottj\Desktop\research\decentralized benchmark\commitment-horizon-study\reference_core_benchmark_pilot\known_visit_10target_300.csv,9,1,3,26.893585684309738,26.893585684309738,01,01,1,0,True,completed
210,known_visit,ACBBA,bernoulli,drop_0.25,19,361,4,10,acbba_h8_bernoulli_025,C:\Users\lottj\Desktop\research\decentralized benchmark\commitment-horizon-study\reference_core_benchmark_pilot\known_visit_10target_300.csv,10,17,4,39.31586069200772,39.31586069200772,00,00,1,0,True,completed
211,known_visit,ACBBA,bernoulli,drop_0.25,19,361,4,10,acbba_h8_bernoulli_025,C:\Users\lottj\Desktop\research\decentralized benchmark\commitment-horizon-study\reference_core_benchmark_pilot\known_visit_10target_300.csv,1,17,9,42.85080664473147,42.85080664473147,03,03,1,0,True,completed
211,known_visit,ACBBA,bernoulli,drop_0.25,19,361,4,10,acbba_h8_bernoulli_025,C:\Users\lottj\Desktop\research\decentralized benchmark\commitment-horizon-study\reference_core_benchmark_pilot\known_visit_10target_300.csv,2,15,0,62.282308235248195,62.282308235248195,03,03,1,0,True,completed
211,known_visit,ACBBA,bernoulli,drop_0.25,19,361,4,10,acbba_h8_bernoulli_025,C:\Users\lottj\Desktop\research\decentralized benchmark\commitment-horizon-study\reference_core_benchmark_pilot\known_visit_10target_300.csv,3,7,6,14.691152831696241,14.691152831696241,01,01,2,1,True,completed
211,known_visit,ACBBA,bernoulli,drop_0.25,19,361,4,10,acbba_h8_bernoulli_025,C:\Users\lottj\Desktop\research\decentralized benchmark\commitment-horizon-study\reference_core_benchmark_pilot\known_visit_10target_300.csv,4,4,1,11.145429239891829,11.145429239891829,00,00,1,0,True,completed
211,known_visit,ACBBA,bernoulli,drop_0.25,19,361,4,10,acbba_h8_bernoulli_025,C:\Users\lottj\Desktop\research\decentralized benchmark\commitment-horizon-study\reference_core_benchmark_pilot\known_visit_10target_300.csv,5,5,0,7.066916183435665,7.066916183435665,00,00,1,0,True,completed
211,known_visit,ACBBA,bernoulli,drop_0.25,19,361,4,10,acbba_h8_bernoulli_025,C:\Users\lottj\Desktop\research\decentralized benchmark\commitment-horizon-study\reference_core_benchmark_pilot\known_visit_10target_300.csv,6,7,10,14.720754785094321,14.720754785094321,02,02,2,1,True,completed
211,known_visit,ACBBA,bernoulli,drop_0.25,19,361,4,10,acbba_h8_bernoulli_025,C:\Users\lottj\Desktop\research\decentralized benchmark\commitment-horizon-study\reference_core_benchmark_pilot\known_visit_10target_300.csv,7,10,14,22.35784096574376,22.35784096574376,03,03,2,1,True,completed
211,known_visit,ACBBA,bernoulli,drop_0.25,19,361,4,10,acbba_h8_bernoulli_025,C:\Users\lottj\Desktop\research\decentralized benchmark\commitment-horizon-study\reference_core_benchmark_pilot\known_visit_10target_300.csv,8,3,0,3.5256149461382305,3.5256149461382305,00,00,2,1,True,completed
211,known_visit,ACBBA,bernoulli,drop_0.25,19,361,4,10,acbba_h8_bernoulli_025,C:\Users\lottj\Desktop\research\decentralized benchmark\commitment-horizon-study\reference_core_benchmark_pilot\known_visit_10target_300.csv,9,10,3,33.45049246675436,33.45049246675436,02,02,1,0,True,completed
211,known_visit,ACBBA,bernoulli,drop_0.25,19,361,4,10,acbba_h8_bernoulli_025,C:\Users\lottj\Desktop\research\decentralized benchmark\commitment-horizon-study\reference_core_benchmark_pilot\known_visit_10target_300.csv,10,3,3,16.637608215357044,16.637608215357044,00,00,2,1,True,completed
212,known_visit,ACBBA,bernoulli,drop_0.25,19,361,4,10,acbba_h8_bernoulli_025,C:\Users\lottj\Desktop\research\decentralized benchmark\commitment-horizon-study\reference_core_benchmark_pilot\known_visit_10target_300.csv,1,8,16,16.193065916776856,16.193065916776856,03,03,2,1,True,completed
212,known_visit,ACBBA,bernoulli,drop_0.25,19,361,4,10,acbba_h8_bernoulli_025,C:\Users\lottj\Desktop\research\decentralized benchmark\commitment-horizon-study\reference_core_benchmark_pilot\known_visit_10target_300.csv,2,9,16,17.857333747619123,17.857333747619123,03,03,1,0,True,completed
212,known_visit,ACBBA,bernoulli,drop_0.25,19,361,4,10,acbba_h8_bernoulli_025,C:\Users\lottj\Desktop\research\decentralized benchmark\commitment-horizon-study\reference_core_benchmark_pilot\known_visit_10target_300.csv,3,8,5,14.662337716260064,14.662337716260064,01,01,1,0,True,completed
212,known_visit,ACBBA,bernoulli,drop_0.25,19,361,4,10,acbba_h8_bernoulli_025,C:\Users\lottj\Desktop\research\decentralized benchmark\commitment-horizon-study\reference_core_benchmark_pilot\known_visit_10target_300.csv,4,4,2,8.858852509810522,8.858852509810522,00,00,1,0,True,completed
212,known_visit,ACBBA,bernoulli,drop_0.25,19,361,4,10,acbba_h8_bernoulli_025,C:\Users\lottj\Desktop\research\decentralized benchmark\commitment-horizon-study\reference_core_benchmark_pilot\known_visit_10target_300.csv,5,13,12,45.91357880400673,45.91357880400673,03,03,1,0,True,completed
212,known_visit,ACBBA,bernoulli,drop_0.25,19,361,4,10,acbba_h8_bernoulli_025,C:\Users\lottj\Desktop\research\decentralized benchmark\commitment-horizon-study\reference_core_benchmark_pilot\known_visit_10target_300.csv,6,7,5,12.624763350344006,12.624763350344006,01,01,1,0,True,completed
212,known_visit,ACBBA,bernoulli,drop_0.25,19,361,4,10,acbba_h8_bernoulli_025,C:\Users\lottj\Desktop\research\decentralized benchmark\commitment-horizon-study\reference_core_benchmark_pilot\known_visit_10target_300.csv,7,1,0,0.1963314636532963,0.1963314636532963,00,00,1,0,True,completed
212,known_visit,ACBBA,bernoulli,drop_0.25,19,361,4,10,acbba_h8_bernoulli_025,C:\Users\lottj\Desktop\research\decentralized benchmark\commitment-horizon-study\reference_core_benchmark_pilot\known_visit_10target_300.csv,8,3,14,7.157483525495454,7.157483525495454,02,02,1,0,True,completed
212,known_visit,ACBBA,bernoulli,drop_0.25,19,361,4,10,acbba_h8_bernoulli_025,C:\Users\lottj\Desktop\research\decentralized benchmark\commitment-horizon-study\reference_core_benchmark_pilot\known_visit_10target_300.csv,9,17,16,31.58455365423397,31.58455365423397,03,03,1,0,True,completed
212,known_visit,ACBBA,bernoulli,drop_0.25,19,361,4,10,acbba_h8_bernoulli_025,C:\Users\lottj\Desktop\research\decentralized benchmark\commitment-horizon-study\reference_core_benchmark_pilot\known_visit_10target_300.csv,10,5,11,16.29336318395552,16.29336318395552,02,02,1,0,True,completed
213,known_visit,ACBBA,bernoulli,drop_0.25,19,361,4,10,acbba_h8_bernoulli_025,C:\Users\lottj\Desktop\research\decentralized benchmark\commitment-horizon-study\reference_core_benchmark_pilot\known_visit_10target_300.csv,1,16,1,27.514877122205476,27.514877122205476,00,00,1,0,True,completed
213,known_visit,ACBBA,bernoulli,drop_0.25,19,361,4,10,acbba_h8_bernoulli_025,C:\Users\lottj\Desktop\research\decentralized benchmark\commitment-horizon-study\reference_core_benchmark_pilot\known_visit_10target_300.csv,2,11,14,24.55400964333598,24.55400964333598,03,03,1,0,True,completed
213,known_visit,ACBBA,bernoulli,drop_0.25,19,361,4,10,acbba_h8_bernoulli_025,C:\Users\lottj\Desktop\research\decentralized benchmark\commitment-horizon-study\reference_core_benchmark_pilot\known_visit_10target_300.csv,3,15,4,34.80885692859546,34.80885692859546,00,00,1,0,True,completed
213,known_visit,ACBBA,bernoulli,drop_0.25,19,361,4,10,acbba_h8_bernoulli_025,C:\Users\lottj\Desktop\research\decentralized benchmark\commitment-horizon-study\reference_core_benchmark_pilot\known_visit_10target_300.csv,4,7,6,10.578264321546145,10.578264321546145,01,01,2,1,True,completed
213,known_visit,ACBBA,bernoulli,drop_0.25,19,361,4,10,acbba_h8_bernoulli_025,C:\Users\lottj\Desktop\research\decentralized benchmark\commitment-horizon-study\reference_core_benchmark_pilot\known_visit_10target_300.csv,5,4,6,5.359343023529453,5.359343023529453,01,01,2,1,True,completed
213,known_visit,ACBBA,bernoulli,drop_0.25,19,361,4,10,acbba_h8_bernoulli_025,C:\Users\lottj\Desktop\research\decentralized benchmark\commitment-horizon-study\reference_core_benchmark_pilot\known_visit_10target_300.csv,6,5,11,9.381183341995095,9.381183341995095,02,02,1,0,True,completed
213,known_visit,ACBBA,bernoulli,drop_0.25,19,361,4,10,acbba_h8_bernoulli_025,C:\Users\lottj\Desktop\research\decentralized benchmark\commitment-horizon-study\reference_core_benchmark_pilot\known_visit_10target_300.csv,7,7,10,17.614350169860487,17.614350169860487,01,01,2,1,True,completed
213,known_visit,ACBBA,bernoulli,drop_0.25,19,361,4,10,acbba_h8_bernoulli_025,C:\Users\lottj\Desktop\research\decentralized benchmark\commitment-horizon-study\reference_core_benchmark_pilot\known_visit_10target_300.csv,8,18,12,54.41361999141834,54.41361999141834,00,00,1,0,True,completed
213,known_visit,ACBBA,bernoulli,drop_0.25,19,361,4,10,acbba_h8_bernoulli_025,C:\Users\lottj\Desktop\research\decentralized benchmark\commitment-horizon-study\reference_core_benchmark_pilot\known_visit_10target_300.csv,9,1,0,0.2064662524245238,0.2064662524245238,00,00,1,0,True,completed
213,known_visit,ACBBA,bernoulli,drop_0.25,19,361,4,10,acbba_h8_bernoulli_025,C:\Users\lottj\Desktop\research\decentralized benchmark\commitment-horizon-study\reference_core_benchmark_pilot\known_visit_10target_300.csv,10,16,11,48.928800502782494,48.928800502782494,00,00,1,0,True,completed
214,known_visit,ACBBA,bernoulli,drop_0.25,19,361,4,10,acbba_h8_bernoulli_025,C:\Users\lottj\Desktop\research\decentralized benchmark\commitment-horizon-study\reference_core_benchmark_pilot\known_visit_10target_300.csv,1,13,5,44.551798625452555,44.551798625452555,00,00,2,1,True,completed
214,known_visit,ACBBA,bernoulli,drop_0.25,19,361,4,10,acbba_h8_bernoulli_025,C:\Users\lottj\Desktop\research\decentralized benchmark\commitment-horizon-study\reference_core_benchmark_pilot\known_visit_10target_300.csv,2,7,10,14.660566790540203,14.660566790540203,02,02,2,1,True,completed
214,known_visit,ACBBA,bernoulli,drop_0.25,19,361,4,10,acbba_h8_bernoulli_025,C:\Users\lottj\Desktop\research\decentralized benchmark\commitment-horizon-study\reference_core_benchmark_pilot\known_visit_10target_300.csv,3,3,1,5.589800056941311,5.589800056941311,00,00,1,0,True,completed
214,known_visit,ACBBA,bernoulli,drop_0.25,19,361,4,10,acbba_h8_bernoulli_025,C:\Users\lottj\Desktop\research\decentralized benchmark\commitment-horizon-study\reference_core_benchmark_pilot\known_visit_10target_300.csv,4,14,16,65.70195828763015,65.70195828763015,00,00,1,0,True,completed
214,known_visit,ACBBA,bernoulli,drop_0.25,19,361,4,10,acbba_h8_bernoulli_025,C:\Users\lottj\Desktop\research\decentralized benchmark\commitment-horizon-study\reference_core_benchmark_pilot\known_visit_10target_300.csv,5,6,7,23.419953498822583,23.419953498822583,01,01,1,0,True,completed
214,known_visit,ACBBA,bernoulli,drop_0.25,19,361,4,10,acbba_h8_bernoulli_025,C:\Users\lottj\Desktop\research\decentralized benchmark\commitment-horizon-study\reference_core_benchmark_pilot\known_visit_10target_300.csv,6,15,0,28.454813952965143,28.454813952965143,00,00,1,0,True,completed
214,known_visit,ACBBA,bernoulli,drop_0.25,19,361,4,10,acbba_h8_bernoulli_025,C:\Users\lottj\Desktop\research\decentralized benchmark\commitment-horizon-study\reference_core_benchmark_pilot\known_visit_10target_300.csv,7,16,15,71.24800449097799,71.24800449097799,00,00,1,0,True,completed
214,known_visit,ACBBA,bernoulli,drop_0.25,19,361,4,10,acbba_h8_bernoulli_025,C:\Users\lottj\Desktop\research\decentralized benchmark\commitment-horizon-study\reference_core_benchmark_pilot\known_visit_10target_300.csv,8,8,9,18.325155155253626,18.325155155253626,02,02,1,0,True,completed
214,known_visit,ACBBA,bernoulli,drop_0.25,19,361,4,10,acbba_h8_bernoulli_025,C:\Users\lottj\Desktop\research\decentralized benchmark\commitment-horizon-study\reference_core_benchmark_pilot\known_visit_10target_300.csv,9,0,10,2.2825065775178364,2.2825065775178364,02,02,1,0,True,completed
214,known_visit,ACBBA,bernoulli,drop_0.25,19,361,4,10,acbba_h8_bernoulli_025,C:\Users\lottj\Desktop\research\decentralized benchmark\commitment-horizon-study\reference_core_benchmark_pilot\known_visit_10target_300.csv,10,3,9,9.125226944164508,9.125226944164508,01,01,2,1,True,completed
215,known_visit,ACBBA,bernoulli,drop_0.25,19,361,4,10,acbba_h8_bernoulli_025,C:\Users\lottj\Desktop\research\decentralized benchmark\commitment-horizon-study\reference_core_benchmark_pilot\known_visit_10target_300.csv,1,8,18,26.271709838594834,26.271709838594834,02,02,1,0,True,completed
215,known_visit,ACBBA,bernoulli,drop_0.25,19,361,4,10,acbba_h8_bernoulli_025,C:\Users\lottj\Desktop\research\decentralized benchmark\commitment-horizon-study\reference_core_benchmark_pilot\known_visit_10target_300.csv,2,7,12,25.238241126735364,25.238241126735364,01,01,1,0,True,completed
215,known_visit,ACBBA,bernoulli,drop_0.25,19,361,4,10,acbba_h8_bernoulli_025,C:\Users\lottj\Desktop\research\decentralized benchmark\commitment-horizon-study\reference_core_benchmark_pilot\known_visit_10target_300.csv,3,8,17,14.52436703337365,14.52436703337365,03,03,2,1,True,completed
215,known_visit,ACBBA,bernoulli,drop_0.25,19,361,4,10,acbba_h8_bernoulli_025,C:\Users\lottj\Desktop\research\decentralized benchmark\commitment-horizon-study\reference_core_benchmark_pilot\known_visit_10target_300.csv,4,12,3,24.74824160935651,24.74824160935651,00,00,1,0,True,completed
215,known_visit,ACBBA,bernoulli,drop_0.25,19,361,4,10,acbba_h8_bernoulli_025,C:\Users\lottj\Desktop\research\decentralized benchmark\commitment-horizon-study\reference_core_benchmark_pilot\known_visit_10target_300.csv,5,4,16,15.072997003034553,15.072997003034553,02,02,1,0,True,completed
215,known_visit,ACBBA,bernoulli,drop_0.25,19,361,4,10,acbba_h8_bernoulli_025,C:\Users\lottj\Desktop\research\decentralized benchmark\commitment-horizon-study\reference_core_benchmark_pilot\known_visit_10target_300.csv,6,1,14,3.830766171789772,3.830766171789772,02,02,1,0,True,completed
215,known_visit,ACBBA,bernoulli,drop_0.25,19,361,4,10,acbba_h8_bernoulli_025,C:\Users\lottj\Desktop\research\decentralized benchmark\commitment-horizon-study\reference_core_benchmark_pilot\known_visit_10target_300.csv,7,10,2,19.2595758049359,19.2595758049359,00,00,1,0,True,completed
215,known_visit,ACBBA,bernoulli,drop_0.25,19,361,4,10,acbba_h8_bernoulli_025,C:\Users\lottj\Desktop\research\decentralized benchmark\commitment-horizon-study\reference_core_benchmark_pilot\known_visit_10target_300.csv,8,16,6,41.226396577033015,41.226396577033015,00,00,1,0,True,completed
215,known_visit,ACBBA,bernoulli,drop_0.25,19,361,4,10,acbba_h8_bernoulli_025,C:\Users\lottj\Desktop\research\decentralized benchmark\commitment-horizon-study\reference_core_benchmark_pilot\known_visit_10target_300.csv,9,15,2,32.04147899819215,32.04147899819215,00,00,1,0,True,completed
215,known_visit,ACBBA,bernoulli,drop_0.25,19,361,4,10,acbba_h8_bernoulli_025,C:\Users\lottj\Desktop\research\decentralized benchmark\commitment-horizon-study\reference_core_benchmark_pilot\known_visit_10target_300.csv,10,8,7,14.766101578017839,14.766101578017839,01,01,1,0,True,completed
216,known_visit,ACBBA,bernoulli,drop_0.25,19,361,4,10,acbba_h8_bernoulli_025,C:\Users\lottj\Desktop\research\decentralized benchmark\commitment-horizon-study\reference_core_benchmark_pilot\known_visit_10target_300.csv,1,13,0,31.722581094637327,31.722581094637327,01,01,1,0,True,completed
216,known_visit,ACBBA,bernoulli,drop_0.25,19,361,4,10,acbba_h8_bernoulli_025,C:\Users\lottj\Desktop\research\decentralized benchmark\commitment-horizon-study\reference_core_benchmark_pilot\known_visit_10target_300.csv,2,16,18,25.271950016711763,25.271950016711763,03,03,1,0,True,completed
216,known_visit,ACBBA,bernoulli,drop_0.25,19,361,4,10,acbba_h8_bernoulli_025,C:\Users\lottj\Desktop\research\decentralized benchmark\commitment-horizon-study\reference_core_benchmark_pilot\known_visit_10target_300.csv,3,16,3,42.39773043305722,42.39773043305722,01,01,1,0,True,completed
216,known_visit,ACBBA,bernoulli,drop_0.25,19,361,4,10,acbba_h8_bernoulli_025,C:\Users\lottj\Desktop\research\decentralized benchmark\commitment-horizon-study\reference_core_benchmark_pilot\known_visit_10target_300.csv,4,16,16,35.93752715012928,35.93752715012928,02,02,2,1,True,completed
216,known_visit,ACBBA,bernoulli,drop_0.25,19,361,4,10,acbba_h8_bernoulli_025,C:\Users\lottj\Desktop\research\decentralized benchmark\commitment-horizon-study\reference_core_benchmark_pilot\known_visit_10target_300.csv,5,17,17,29.132681042840655,29.132681042840655,03,03,1,0,True,completed
216,known_visit,ACBBA,bernoulli,drop_0.25,19,361,4,10,acbba_h8_bernoulli_025,C:\Users\lottj\Desktop\research\decentralized benchmark\commitment-horizon-study\reference_core_benchmark_pilot\known_visit_10target_300.csv,6,13,3,26.564458889272927,26.564458889272927,01,01,1,0,True,completed
216,known_visit,ACBBA,bernoulli,drop_0.25,19,361,4,10,acbba_h8_bernoulli_025,C:\Users\lottj\Desktop\research\decentralized benchmark\commitment-horizon-study\reference_core_benchmark_pilot\known_visit_10target_300.csv,7,6,10,25.936581328305447,25.936581328305447,00,00,1,0,True,completed
216,known_visit,ACBBA,bernoulli,drop_0.25,19,361,4,10,acbba_h8_bernoulli_025,C:\Users\lottj\Desktop\research\decentralized benchmark\commitment-horizon-study\reference_core_benchmark_pilot\known_visit_10target_300.csv,8,12,5,20.774177137164717,20.774177137164717,01,01,1,0,True,completed
216,known_visit,ACBBA,bernoulli,drop_0.25,19,361,4,10,acbba_h8_bernoulli_025,C:\Users\lottj\Desktop\research\decentralized benchmark\commitment-horizon-study\reference_core_benchmark_pilot\known_visit_10target_300.csv,9,11,15,22.437234939590788,22.437234939590788,02,02,1,0,True,completed
216,known_visit,ACBBA,bernoulli,drop_0.25,19,361,4,10,acbba_h8_bernoulli_025,C:\Users\lottj\Desktop\research\decentralized benchmark\commitment-horizon-study\reference_core_benchmark_pilot\known_visit_10target_300.csv,10,13,8,41.84296127157619,41.84296127157619,00,00,1,0,True,completed
217,known_visit,ACBBA,bernoulli,drop_0.25,19,361,4,10,acbba_h8_bernoulli_025,C:\Users\lottj\Desktop\research\decentralized benchmark\commitment-horizon-study\reference_core_benchmark_pilot\known_visit_10target_300.csv,1,9,5,15.879335270026433,15.879335270026433,01,01,2,1,True,completed
217,known_visit,ACBBA,bernoulli,drop_0.25,19,361,4,10,acbba_h8_bernoulli_025,C:\Users\lottj\Desktop\research\decentralized benchmark\commitment-horizon-study\reference_core_benchmark_pilot\known_visit_10target_300.csv,2,8,11,22.23686547976542,22.23686547976542,02,02,1,0,True,completed
217,known_visit,ACBBA,bernoulli,drop_0.25,19,361,4,10,acbba_h8_bernoulli_025,C:\Users\lottj\Desktop\research\decentralized benchmark\commitment-horizon-study\reference_core_benchmark_pilot\known_visit_10target_300.csv,3,16,13,62.327587500684196,62.327587500684196,00,00,1,0,True,completed
217,known_visit,ACBBA,bernoulli,drop_0.25,19,361,4,10,acbba_h8_bernoulli_025,C:\Users\lottj\Desktop\research\decentralized benchmark\commitment-horizon-study\reference_core_benchmark_pilot\known_visit_10target_300.csv,4,12,13,41.380686010829166,41.380686010829166,00,00,2,1,True,completed
217,known_visit,ACBBA,bernoulli,drop_0.25,19,361,4,10,acbba_h8_bernoulli_025,C:\Users\lottj\Desktop\research\decentralized benchmark\commitment-horizon-study\reference_core_benchmark_pilot\known_visit_10target_300.csv,5,5,3,12.178844198589806,12.178844198589806,00,00,2,1,True,completed
217,known_visit,ACBBA,bernoulli,drop_0.25,19,361,4,10,acbba_h8_bernoulli_025,C:\Users\lottj\Desktop\research\decentralized benchmark\commitment-horizon-study\reference_core_benchmark_pilot\known_visit_10target_300.csv,6,4,15,21.184677822114594,21.184677822114594,03,03,2,1,True,completed
217,known_visit,ACBBA,bernoulli,drop_0.25,19,361,4,10,acbba_h8_bernoulli_025,C:\Users\lottj\Desktop\research\decentralized benchmark\commitment-horizon-study\reference_core_benchmark_pilot\known_visit_10target_300.csv,7,17,2,53.646406815758525,53.646406815758525,02,02,1,0,True,completed
217,known_visit,ACBBA,bernoulli,drop_0.25,19,361,4,10,acbba_h8_bernoulli_025,C:\Users\lottj\Desktop\research\decentralized benchmark\commitment-horizon-study\reference_core_benchmark_pilot\known_visit_10target_300.csv,8,16,18,69.53820115377646,69.53820115377646,03,03,1,0,True,completed
217,known_visit,ACBBA,bernoulli,drop_0.25,19,361,4,10,acbba_h8_bernoulli_025,C:\Users\lottj\Desktop\research\decentralized benchmark\commitment-horizon-study\reference_core_benchmark_pilot\known_visit_10target_300.csv,9,18,12,72.72130847614741,72.72130847614741,02,02,1,0,True,completed
217,known_visit,ACBBA,bernoulli,drop_0.25,19,361,4,10,acbba_h8_bernoulli_025,C:\Users\lottj\Desktop\research\decentralized benchmark\commitment-horizon-study\reference_core_benchmark_pilot\known_visit_10target_300.csv,10,7,3,22.784414230403236,22.784414230403236,01,01,1,0,True,completed
218,known_visit,ACBBA,bernoulli,drop_0.25,19,361,4,10,acbba_h8_bernoulli_025,C:\Users\lottj\Desktop\research\decentralized benchmark\commitment-horizon-study\reference_core_benchmark_pilot\known_visit_10target_300.csv,1,16,13,42.795669663304054,42.795669663304054,01,01,1,0,True,completed
218,known_visit,ACBBA,bernoulli,drop_0.25,19,361,4,10,acbba_h8_bernoulli_025,C:\Users\lottj\Desktop\research\decentralized benchmark\commitment-horizon-study\reference_core_benchmark_pilot\known_visit_10target_300.csv,2,4,12,5.9029468410219765,5.9029468410219765,02,02,2,1,True,completed
218,known_visit,ACBBA,bernoulli,drop_0.25,19,361,4,10,acbba_h8_bernoulli_025,C:\Users\lottj\Desktop\research\decentralized benchmark\commitment-horizon-study\reference_core_benchmark_pilot\known_visit_10target_300.csv,3,15,12,39.101736941740484,39.101736941740484,01,01,1,0,True,completed
218,known_visit,ACBBA,bernoulli,drop_0.25,19,361,4,10,acbba_h8_bernoulli_025,C:\Users\lottj\Desktop\research\decentralized benchmark\commitment-horizon-study\reference_core_benchmark_pilot\known_visit_10target_300.csv,4,16,4,33.34287035678516,33.34287035678516,00,00,1,0,True,completed
218,known_visit,ACBBA,bernoulli,drop_0.25,19,361,4,10,acbba_h8_bernoulli_025,C:\Users\lottj\Desktop\research\decentralized benchmark\commitment-horizon-study\reference_core_benchmark_pilot\known_visit_10target_300.csv,5,7,12,10.87663244534629,10.87663244534629,02,02,2,1,True,completed
218,known_visit,ACBBA,bernoulli,drop_0.25,19,361,4,10,acbba_h8_bernoulli_025,C:\Users\lottj\Desktop\research\decentralized benchmark\commitment-horizon-study\reference_core_benchmark_pilot\known_visit_10target_300.csv,6,17,14,46.33864617353624,46.33864617353624,01,01,1,0,True,completed
218,known_visit,ACBBA,bernoulli,drop_0.25,19,361,4,10,acbba_h8_bernoulli_025,C:\Users\lottj\Desktop\research\decentralized benchmark\commitment-horizon-study\reference_core_benchmark_pilot\known_visit_10target_300.csv,7,4,9,10.568180062784489,10.568180062784489,01,01,2,1,True,completed
218,known_visit,ACBBA,bernoulli,drop_0.25,19,361,4,10,acbba_h8_bernoulli_025,C:\Users\lottj\Desktop\research\decentralized benchmark\commitment-horizon-study\reference_core_benchmark_pilot\known_visit_10target_300.csv,8,9,3,19.49349993116666,19.49349993116666,00,00,2,1,True,completed
218,known_visit,ACBBA,bernoulli,drop_0.25,19,361,4,10,acbba_h8_bernoulli_025,C:\Users\lottj\Desktop\research\decentralized benchmark\commitment-horizon-study\reference_core_benchmark_pilot\known_visit_10target_300.csv,9,6,11,14.88076335244387,14.88076335244387,02,02,2,1,True,completed
218,known_visit,ACBBA,bernoulli,drop_0.25,19,361,4,10,acbba_h8_bernoulli_025,C:\Users\lottj\Desktop\research\decentralized benchmark\commitment-horizon-study\reference_core_benchmark_pilot\known_visit_10target_300.csv,10,18,6,40.67139088114061,40.67139088114061,00,00,1,0,True,completed
219,known_visit,ACBBA,bernoulli,drop_0.25,19,361,4,10,acbba_h8_bernoulli_025,C:\Users\lottj\Desktop\research\decentralized benchmark\commitment-horizon-study\reference_core_benchmark_pilot\known_visit_10target_300.csv,1,5,10,11.675066606775177,11.675066606775177,02,02,2,1,True,completed
219,known_visit,ACBBA,bernoulli,drop_0.25,19,361,4,10,acbba_h8_bernoulli_025,C:\Users\lottj\Desktop\research\decentralized benchmark\commitment-horizon-study\reference_core_benchmark_pilot\known_visit_10target_300.csv,2,3,2,7.2419929585007505,7.2419929585007505,00,00,1,0,True,completed
219,known_visit,ACBBA,bernoulli,drop_0.25,19,361,4,10,acbba_h8_bernoulli_025,C:\Users\lottj\Desktop\research\decentralized benchmark\commitment-horizon-study\reference_core_benchmark_pilot\known_visit_10target_300.csv,3,7,15,24.06403946843924,24.06403946843924,02,02,1,0,True,completed
219,known_visit,ACBBA,bernoulli,drop_0.25,19,361,4,10,acbba_h8_bernoulli_025,C:\Users\lottj\Desktop\research\decentralized benchmark\commitment-horizon-study\reference_core_benchmark_pilot\known_visit_10target_300.csv,4,14,13,44.672771894532374,44.672771894532374,02,02,1,0,True,completed
219,known_visit,ACBBA,bernoulli,drop_0.25,19,361,4,10,acbba_h8_bernoulli_025,C:\Users\lottj\Desktop\research\decentralized benchmark\commitment-horizon-study\reference_core_benchmark_pilot\known_visit_10target_300.csv,5,2,9,21.106147454663056,21.106147454663056,00,00,2,1,True,completed
219,known_visit,ACBBA,bernoulli,drop_0.25,19,361,4,10,acbba_h8_bernoulli_025,C:\Users\lottj\Desktop\research\decentralized benchmark\commitment-horizon-study\reference_core_benchmark_pilot\known_visit_10target_300.csv,6,7,6,14.708936434622986,14.708936434622986,01,01,1,0,True,completed
219,known_visit,ACBBA,bernoulli,drop_0.25,19,361,4,10,acbba_h8_bernoulli_025,C:\Users\lottj\Desktop\research\decentralized benchmark\commitment-horizon-study\reference_core_benchmark_pilot\known_visit_10target_300.csv,7,7,12,18.888236317025648,18.888236317025648,02,02,1,0,True,completed
219,known_visit,ACBBA,bernoulli,drop_0.25,19,361,4,10,acbba_h8_bernoulli_025,C:\Users\lottj\Desktop\research\decentralized benchmark\commitment-horizon-study\reference_core_benchmark_pilot\known_visit_10target_300.csv,8,15,6,28.774061383016864,28.774061383016864,01,01,1,0,True,completed
219,known_visit,ACBBA,bernoulli,drop_0.25,19,361,4,10,acbba_h8_bernoulli_025,C:\Users\lottj\Desktop\research\decentralized benchmark\commitment-horizon-study\reference_core_benchmark_pilot\known_visit_10target_300.csv,9,10,9,39.657445479307526,39.657445479307526,00,00,1,0,True,completed
219,known_visit,ACBBA,bernoulli,drop_0.25,19,361,4,10,acbba_h8_bernoulli_025,C:\Users\lottj\Desktop\research\decentralized benchmark\commitment-horizon-study\reference_core_benchmark_pilot\known_visit_10target_300.csv,10,2,13,10.39652000227162,10.39652000227162,03,03,1,0,True,completed
220,known_visit,ACBBA,bernoulli,drop_0.25,19,361,4,10,acbba_h8_bernoulli_025,C:\Users\lottj\Desktop\research\decentralized benchmark\commitment-horizon-study\reference_core_benchmark_pilot\known_visit_10target_300.csv,1,3,11,13.40673355753921,13.40673355753921,01,01,2,1,True,completed
220,known_visit,ACBBA,bernoulli,drop_0.25,19,361,4,10,acbba_h8_bernoulli_025,C:\Users\lottj\Desktop\research\decentralized benchmark\commitment-horizon-study\reference_core_benchmark_pilot\known_visit_10target_300.csv,2,13,0,20.66489020177907,20.66489020177907,00,00,2,1,True,completed
220,known_visit,ACBBA,bernoulli,drop_0.25,19,361,4,10,acbba_h8_bernoulli_025,C:\Users\lottj\Desktop\research\decentralized benchmark\commitment-horizon-study\reference_core_benchmark_pilot\known_visit_10target_300.csv,3,3,12,15.088836429770513,15.088836429770513,03,03,2,1,True,completed
220,known_visit,ACBBA,bernoulli,drop_0.25,19,361,4,10,acbba_h8_bernoulli_025,C:\Users\lottj\Desktop\research\decentralized benchmark\commitment-horizon-study\reference_core_benchmark_pilot\known_visit_10target_300.csv,4,4,0,5.444114036400508,5.444114036400508,00,00,2,1,True,completed
220,known_visit,ACBBA,bernoulli,drop_0.25,19,361,4,10,acbba_h8_bernoulli_025,C:\Users\lottj\Desktop\research\decentralized benchmark\commitment-horizon-study\reference_core_benchmark_pilot\known_visit_10target_300.csv,5,0,15,3.905615905544823,3.905615905544823,03,03,1,0,True,completed
220,known_visit,ACBBA,bernoulli,drop_0.25,19,361,4,10,acbba_h8_bernoulli_025,C:\Users\lottj\Desktop\research\decentralized benchmark\commitment-horizon-study\reference_core_benchmark_pilot\known_visit_10target_300.csv,6,0,11,7.968584951113566,7.968584951113566,02,02,2,1,True,completed
220,known_visit,ACBBA,bernoulli,drop_0.25,19,361,4,10,acbba_h8_bernoulli_025,C:\Users\lottj\Desktop\research\decentralized benchmark\commitment-horizon-study\reference_core_benchmark_pilot\known_visit_10target_300.csv,7,2,6,1.9608451711374297,1.9608451711374297,01,01,2,1,True,completed
220,known_visit,ACBBA,bernoulli,drop_0.25,19,361,4,10,acbba_h8_bernoulli_025,C:\Users\lottj\Desktop\research\decentralized benchmark\commitment-horizon-study\reference_core_benchmark_pilot\known_visit_10target_300.csv,8,12,11,70.72925097901943,70.72925097901943,00,00,1,0,True,completed
220,known_visit,ACBBA,bernoulli,drop_0.25,19,361,4,10,acbba_h8_bernoulli_025,C:\Users\lottj\Desktop\research\decentralized benchmark\commitment-horizon-study\reference_core_benchmark_pilot\known_visit_10target_300.csv,9,11,6,35.00797307893868,35.00797307893868,00,00,2,1,True,completed
220,known_visit,ACBBA,bernoulli,drop_0.25,19,361,4,10,acbba_h8_bernoulli_025,C:\Users\lottj\Desktop\research\decentralized benchmark\commitment-horizon-study\reference_core_benchmark_pilot\known_visit_10target_300.csv,10,17,6,49.29234170269725,49.29234170269725,00,00,1,0,True,completed
221,known_visit,ACBBA,bernoulli,drop_0.25,19,361,4,10,acbba_h8_bernoulli_025,C:\Users\lottj\Desktop\research\decentralized benchmark\commitment-horizon-study\reference_core_benchmark_pilot\known_visit_10target_300.csv,1,0,13,0.5388047122108595,0.5388047122108595,02,02,1,0,True,completed
221,known_visit,ACBBA,bernoulli,drop_0.25,19,361,4,10,acbba_h8_bernoulli_025,C:\Users\lottj\Desktop\research\decentralized benchmark\commitment-horizon-study\reference_core_benchmark_pilot\known_visit_10target_300.csv,2,18,12,41.31846027334855,41.31846027334855,01,01,1,0,True,completed
221,known_visit,ACBBA,bernoulli,drop_0.25,19,361,4,10,acbba_h8_bernoulli_025,C:\Users\lottj\Desktop\research\decentralized benchmark\commitment-horizon-study\reference_core_benchmark_pilot\known_visit_10target_300.csv,3,16,3,31.090337517587344,31.090337517587344,00,00,1,0,True,completed
221,known_visit,ACBBA,bernoulli,drop_0.25,19,361,4,10,acbba_h8_bernoulli_025,C:\Users\lottj\Desktop\research\decentralized benchmark\commitment-horizon-study\reference_core_benchmark_pilot\known_visit_10target_300.csv,4,4,6,6.319138532476158,6.319138532476158,01,01,2,1,True,completed
221,known_visit,ACBBA,bernoulli,drop_0.25,19,361,4,10,acbba_h8_bernoulli_025,C:\Users\lottj\Desktop\research\decentralized benchmark\commitment-horizon-study\reference_core_benchmark_pilot\known_visit_10target_300.csv,5,18,11,43.37023684303094,43.37023684303094,01,01,1,0,True,completed
221,known_visit,ACBBA,bernoulli,drop_0.25,19,361,4,10,acbba_h8_bernoulli_025,C:\Users\lottj\Desktop\research\decentralized benchmark\commitment-horizon-study\reference_core_benchmark_pilot\known_visit_10target_300.csv,6,14,7,41.804941666209,41.804941666209,00,00,2,1,True,completed
221,known_visit,ACBBA,bernoulli,drop_0.25,19,361,4,10,acbba_h8_bernoulli_025,C:\Users\lottj\Desktop\research\decentralized benchmark\commitment-horizon-study\reference_core_benchmark_pilot\known_visit_10target_300.csv,7,15,9,52.22944534099981,52.22944534099981,01,01,1,0,True,completed
221,known_visit,ACBBA,bernoulli,drop_0.25,19,361,4,10,acbba_h8_bernoulli_025,C:\Users\lottj\Desktop\research\decentralized benchmark\commitment-horizon-study\reference_core_benchmark_pilot\known_visit_10target_300.csv,8,14,17,33.426657306808075,33.426657306808075,02,02,1,0,True,completed
221,known_visit,ACBBA,bernoulli,drop_0.25,19,361,4,10,acbba_h8_bernoulli_025,C:\Users\lottj\Desktop\research\decentralized benchmark\commitment-horizon-study\reference_core_benchmark_pilot\known_visit_10target_300.csv,9,4,13,7.698225594886066,7.698225594886066,02,02,2,1,True,completed
221,known_visit,ACBBA,bernoulli,drop_0.25,19,361,4,10,acbba_h8_bernoulli_025,C:\Users\lottj\Desktop\research\decentralized benchmark\commitment-horizon-study\reference_core_benchmark_pilot\known_visit_10target_300.csv,10,5,16,11.077077192549426,11.077077192549426,03,03,1,0,True,completed
222,known_visit,ACBBA,bernoulli,drop_0.25,19,361,4,10,acbba_h8_bernoulli_025,C:\Users\lottj\Desktop\research\decentralized benchmark\commitment-horizon-study\reference_core_benchmark_pilot\known_visit_10target_300.csv,1,1,4,7.427294225592212,7.427294225592212,00,00,1,0,True,completed
222,known_visit,ACBBA,bernoulli,drop_0.25,19,361,4,10,acbba_h8_bernoulli_025,C:\Users\lottj\Desktop\research\decentralized benchmark\commitment-horizon-study\reference_core_benchmark_pilot\known_visit_10target_300.csv,2,4,14,9.30552923274754,9.30552923274754,02,02,1,0,True,completed
222,known_visit,ACBBA,bernoulli,drop_0.25,19,361,4,10,acbba_h8_bernoulli_025,C:\Users\lottj\Desktop\research\decentralized benchmark\commitment-horizon-study\reference_core_benchmark_pilot\known_visit_10target_300.csv,3,12,18,23.90634173618339,23.90634173618339,03,03,1,0,True,completed
222,known_visit,ACBBA,bernoulli,drop_0.25,19,361,4,10,acbba_h8_bernoulli_025,C:\Users\lottj\Desktop\research\decentralized benchmark\commitment-horizon-study\reference_core_benchmark_pilot\known_visit_10target_300.csv,4,7,2,25.416337333979865,25.416337333979865,00,00,1,0,True,completed
222,known_visit,ACBBA,bernoulli,drop_0.25,19,361,4,10,acbba_h8_bernoulli_025,C:\Users\lottj\Desktop\research\decentralized benchmark\commitment-horizon-study\reference_core_benchmark_pilot\known_visit_10target_300.csv,5,2,5,11.145507788688201,11.145507788688201,00,00,1,0,True,completed
222,known_visit,ACBBA,bernoulli,drop_0.25,19,361,4,10,acbba_h8_bernoulli_025,C:\Users\lottj\Desktop\research\decentralized benchmark\commitment-horizon-study\reference_core_benchmark_pilot\known_visit_10target_300.csv,6,3,8,7.222157084574368,7.222157084574368,01,01,2,1,True,completed
222,known_visit,ACBBA,bernoulli,drop_0.25,19,361,4,10,acbba_h8_bernoulli_025,C:\Users\lottj\Desktop\research\decentralized benchmark\commitment-horizon-study\reference_core_benchmark_pilot\known_visit_10target_300.csv,7,2,14,5.725558297922188,5.725558297922188,02,02,2,1,True,completed
222,known_visit,ACBBA,bernoulli,drop_0.25,19,361,4,10,acbba_h8_bernoulli_025,C:\Users\lottj\Desktop\research\decentralized benchmark\commitment-horizon-study\reference_core_benchmark_pilot\known_visit_10target_300.csv,8,3,17,5.881601913928794,5.881601913928794,03,03,1,0,True,completed
222,known_visit,ACBBA,bernoulli,drop_0.25,19,361,4,10,acbba_h8_bernoulli_025,C:\Users\lottj\Desktop\research\decentralized benchmark\commitment-horizon-study\reference_core_benchmark_pilot\known_visit_10target_300.csv,9,6,18,13.396255648904656,13.396255648904656,03,03,1,0,True,completed
222,known_visit,ACBBA,bernoulli,drop_0.25,19,361,4,10,acbba_h8_bernoulli_025,C:\Users\lottj\Desktop\research\decentralized benchmark\commitment-horizon-study\reference_core_benchmark_pilot\known_visit_10target_300.csv,10,6,3,21.694764944805666,21.694764944805666,00,00,1,0,True,completed
223,known_visit,ACBBA,bernoulli,drop_0.25,19,361,4,10,acbba_h8_bernoulli_025,C:\Users\lottj\Desktop\research\decentralized benchmark\commitment-horizon-study\reference_core_benchmark_pilot\known_visit_10target_300.csv,1,12,1,28.4362618920929,28.4362618920929,00,00,1,0,True,completed
223,known_visit,ACBBA,bernoulli,drop_0.25,19,361,4,10,acbba_h8_bernoulli_025,C:\Users\lottj\Desktop\research\decentralized benchmark\commitment-horizon-study\reference_core_benchmark_pilot\known_visit_10target_300.csv,2,4,4,9.339442600280059,9.339442600280059,01,01,1,0,True,completed
223,known_visit,ACBBA,bernoulli,drop_0.25,19,361,4,10,acbba_h8_bernoulli_025,C:\Users\lottj\Desktop\research\decentralized benchmark\commitment-horizon-study\reference_core_benchmark_pilot\known_visit_10target_300.csv,3,6,9,75.17209817180455,75.17209817180455,00,00,1,0,True,completed
223,known_visit,ACBBA,bernoulli,drop_0.25,19,361,4,10,acbba_h8_bernoulli_025,C:\Users\lottj\Desktop\research\decentralized benchmark\commitment-horizon-study\reference_core_benchmark_pilot\known_visit_10target_300.csv,4,0,1,0.4833319566277169,0.4833319566277169,00,00,2,1,True,completed
223,known_visit,ACBBA,bernoulli,drop_0.25,19,361,4,10,acbba_h8_bernoulli_025,C:\Users\lottj\Desktop\research\decentralized benchmark\commitment-horizon-study\reference_core_benchmark_pilot\known_visit_10target_300.csv,5,2,9,7.361797873074428,7.361797873074428,02,02,1,0,True,completed
223,known_visit,ACBBA,bernoulli,drop_0.25,19,361,4,10,acbba_h8_bernoulli_025,C:\Users\lottj\Desktop\research\decentralized benchmark\commitment-horizon-study\reference_core_benchmark_pilot\known_visit_10target_300.csv,6,17,16,31.331143423615575,31.331143423615575,03,03,1,0,True,completed
223,known_visit,ACBBA,bernoulli,drop_0.25,19,361,4,10,acbba_h8_bernoulli_025,C:\Users\lottj\Desktop\research\decentralized benchmark\commitment-horizon-study\reference_core_benchmark_pilot\known_visit_10target_300.csv,7,7,4,14.39047930428831,14.39047930428831,01,01,2,1,True,completed
223,known_visit,ACBBA,bernoulli,drop_0.25,19,361,4,10,acbba_h8_bernoulli_025,C:\Users\lottj\Desktop\research\decentralized benchmark\commitment-horizon-study\reference_core_benchmark_pilot\known_visit_10target_300.csv,8,14,12,43.67362599867105,43.67362599867105,03,03,1,0,True,completed
223,known_visit,ACBBA,bernoulli,drop_0.25,19,361,4,10,acbba_h8_bernoulli_025,C:\Users\lottj\Desktop\research\decentralized benchmark\commitment-horizon-study\reference_core_benchmark_pilot\known_visit_10target_300.csv,9,11,10,31.862104895682375,31.862104895682375,01,01,2,1,True,completed
223,known_visit,ACBBA,bernoulli,drop_0.25,19,361,4,10,acbba_h8_bernoulli_025,C:\Users\lottj\Desktop\research\decentralized benchmark\commitment-horizon-study\reference_core_benchmark_pilot\known_visit_10target_300.csv,10,9,18,14.167952507618319,14.167952507618319,03,03,1,0,True,completed
224,known_visit,ACBBA,bernoulli,drop_0.25,19,361,4,10,acbba_h8_bernoulli_025,C:\Users\lottj\Desktop\research\decentralized benchmark\commitment-horizon-study\reference_core_benchmark_pilot\known_visit_10target_300.csv,1,2,5,3.9833584110956677,3.9833584110956677,01,01,2,1,True,completed
224,known_visit,ACBBA,bernoulli,drop_0.25,19,361,4,10,acbba_h8_bernoulli_025,C:\Users\lottj\Desktop\research\decentralized benchmark\commitment-horizon-study\reference_core_benchmark_pilot\known_visit_10target_300.csv,2,3,11,5.673003116460209,5.673003116460209,02,02,1,0,True,completed
224,known_visit,ACBBA,bernoulli,drop_0.25,19,361,4,10,acbba_h8_bernoulli_025,C:\Users\lottj\Desktop\research\decentralized benchmark\commitment-horizon-study\reference_core_benchmark_pilot\known_visit_10target_300.csv,3,10,13,50.54901448759835,50.54901448759835,03,03,1,0,True,completed
224,known_visit,ACBBA,bernoulli,drop_0.25,19,361,4,10,acbba_h8_bernoulli_025,C:\Users\lottj\Desktop\research\decentralized benchmark\commitment-horizon-study\reference_core_benchmark_pilot\known_visit_10target_300.csv,4,4,5,7.602356139892345,7.602356139892345,01,01,1,0,True,completed
224,known_visit,ACBBA,bernoulli,drop_0.25,19,361,4,10,acbba_h8_bernoulli_025,C:\Users\lottj\Desktop\research\decentralized benchmark\commitment-horizon-study\reference_core_benchmark_pilot\known_visit_10target_300.csv,5,10,4,22.855936231593375,22.855936231593375,00,00,1,0,True,completed
224,known_visit,ACBBA,bernoulli,drop_0.25,19,361,4,10,acbba_h8_bernoulli_025,C:\Users\lottj\Desktop\research\decentralized benchmark\commitment-horizon-study\reference_core_benchmark_pilot\known_visit_10target_300.csv,6,12,10,36.68340212132334,36.68340212132334,00,00,1,0,True,completed
224,known_visit,ACBBA,bernoulli,drop_0.25,19,361,4,10,acbba_h8_bernoulli_025,C:\Users\lottj\Desktop\research\decentralized benchmark\commitment-horizon-study\reference_core_benchmark_pilot\known_visit_10target_300.csv,7,6,1,10.48129006119122,10.48129006119122,00,00,2,1,True,completed
224,known_visit,ACBBA,bernoulli,drop_0.25,19,361,4,10,acbba_h8_bernoulli_025,C:\Users\lottj\Desktop\research\decentralized benchmark\commitment-horizon-study\reference_core_benchmark_pilot\known_visit_10target_300.csv,8,4,9,11.402326393747694,11.402326393747694,02,02,1,0,True,completed
224,known_visit,ACBBA,bernoulli,drop_0.25,19,361,4,10,acbba_h8_bernoulli_025,C:\Users\lottj\Desktop\research\decentralized benchmark\commitment-horizon-study\reference_core_benchmark_pilot\known_visit_10target_300.csv,9,11,18,52.11051694958444,52.11051694958444,00,00,1,0,True,completed
224,known_visit,ACBBA,bernoulli,drop_0.25,19,361,4,10,acbba_h8_bernoulli_025,C:\Users\lottj\Desktop\research\decentralized benchmark\commitment-horizon-study\reference_core_benchmark_pilot\known_visit_10target_300.csv,10,3,14,10.474914370983825,10.474914370983825,03,03,1,0,True,completed
225,known_visit,ACBBA,bernoulli,drop_0.25,19,361,4,10,acbba_h8_bernoulli_025,C:\Users\lottj\Desktop\research\decentralized benchmark\commitment-horizon-study\reference_core_benchmark_pilot\known_visit_10target_300.csv,1,2,5,10.48938903203988,10.48938903203988,00,00,2,1,True,completed
225,known_visit,ACBBA,bernoulli,drop_0.25,19,361,4,10,acbba_h8_bernoulli_025,C:\Users\lottj\Desktop\research\decentralized benchmark\commitment-horizon-study\reference_core_benchmark_pilot\known_visit_10target_300.csv,2,17,8,85.3028609006125,85.3028609006125,02,02,1,0,True,completed
225,known_visit,ACBBA,bernoulli,drop_0.25,19,361,4,10,acbba_h8_bernoulli_025,C:\Users\lottj\Desktop\research\decentralized benchmark\commitment-horizon-study\reference_core_benchmark_pilot\known_visit_10target_300.csv,3,18,4,52.285280037331084,52.285280037331084,01,01,1,0,True,completed
225,known_visit,ACBBA,bernoulli,drop_0.25,19,361,4,10,acbba_h8_bernoulli_025,C:\Users\lottj\Desktop\research\decentralized benchmark\commitment-horizon-study\reference_core_benchmark_pilot\known_visit_10target_300.csv,4,2,14,5.3818696962338475,5.3818696962338475,02,02,3,2,True,completed
225,known_visit,ACBBA,bernoulli,drop_0.25,19,361,4,10,acbba_h8_bernoulli_025,C:\Users\lottj\Desktop\research\decentralized benchmark\commitment-horizon-study\reference_core_benchmark_pilot\known_visit_10target_300.csv,5,14,14,41.18269007911907,41.18269007911907,03,03,1,0,True,completed
225,known_visit,ACBBA,bernoulli,drop_0.25,19,361,4,10,acbba_h8_bernoulli_025,C:\Users\lottj\Desktop\research\decentralized benchmark\commitment-horizon-study\reference_core_benchmark_pilot\known_visit_10target_300.csv,6,3,16,11.451745191046088,11.451745191046088,03,03,1,0,True,completed
225,known_visit,ACBBA,bernoulli,drop_0.25,19,361,4,10,acbba_h8_bernoulli_025,C:\Users\lottj\Desktop\research\decentralized benchmark\commitment-horizon-study\reference_core_benchmark_pilot\known_visit_10target_300.csv,7,16,15,46.67186599748581,46.67186599748581,03,03,1,0,True,completed
225,known_visit,ACBBA,bernoulli,drop_0.25,19,361,4,10,acbba_h8_bernoulli_025,C:\Users\lottj\Desktop\research\decentralized benchmark\commitment-horizon-study\reference_core_benchmark_pilot\known_visit_10target_300.csv,8,15,11,76.65090179404272,76.65090179404272,02,02,1,0,True,completed
225,known_visit,ACBBA,bernoulli,drop_0.25,19,361,4,10,acbba_h8_bernoulli_025,C:\Users\lottj\Desktop\research\decentralized benchmark\commitment-horizon-study\reference_core_benchmark_pilot\known_visit_10target_300.csv,9,2,4,8.810546660726294,8.810546660726294,00,00,2,1,True,completed
225,known_visit,ACBBA,bernoulli,drop_0.25,19,361,4,10,acbba_h8_bernoulli_025,C:\Users\lottj\Desktop\research\decentralized benchmark\commitment-horizon-study\reference_core_benchmark_pilot\known_visit_10target_300.csv,10,4,17,7.5343124161121295,7.5343124161121295,03,03,2,1,True,completed
226,known_visit,ACBBA,bernoulli,drop_0.25,19,361,4,10,acbba_h8_bernoulli_025,C:\Users\lottj\Desktop\research\decentralized benchmark\commitment-horizon-study\reference_core_benchmark_pilot\known_visit_10target_300.csv,1,14,18,22.070040628200474,22.070040628200474,03,03,2,1,True,completed
226,known_visit,ACBBA,bernoulli,drop_0.25,19,361,4,10,acbba_h8_bernoulli_025,C:\Users\lottj\Desktop\research\decentralized benchmark\commitment-horizon-study\reference_core_benchmark_pilot\known_visit_10target_300.csv,2,15,16,27.68536963452672,27.68536963452672,03,03,1,0,True,completed
226,known_visit,ACBBA,bernoulli,drop_0.25,19,361,4,10,acbba_h8_bernoulli_025,C:\Users\lottj\Desktop\research\decentralized benchmark\commitment-horizon-study\reference_core_benchmark_pilot\known_visit_10target_300.csv,3,8,13,13.976771990812203,13.976771990812203,02,02,1,0,True,completed
226,known_visit,ACBBA,bernoulli,drop_0.25,19,361,4,10,acbba_h8_bernoulli_025,C:\Users\lottj\Desktop\research\decentralized benchmark\commitment-horizon-study\reference_core_benchmark_pilot\known_visit_10target_300.csv,4,1,18,0.24319403625014033,0.24319403625014033,03,03,2,1,True,completed
226,known_visit,ACBBA,bernoulli,drop_0.25,19,361,4,10,acbba_h8_bernoulli_025,C:\Users\lottj\Desktop\research\decentralized benchmark\commitment-horizon-study\reference_core_benchmark_pilot\known_visit_10target_300.csv,5,10,15,45.96373132209626,45.96373132209626,01,01,1,0,True,completed
226,known_visit,ACBBA,bernoulli,drop_0.25,19,361,4,10,acbba_h8_bernoulli_025,C:\Users\lottj\Desktop\research\decentralized benchmark\commitment-horizon-study\reference_core_benchmark_pilot\known_visit_10target_300.csv,6,15,5,33.174525869977,33.174525869977,00,00,1,0,True,completed
226,known_visit,ACBBA,bernoulli,drop_0.25,19,361,4,10,acbba_h8_bernoulli_025,C:\Users\lottj\Desktop\research\decentralized benchmark\commitment-horizon-study\reference_core_benchmark_pilot\known_visit_10target_300.csv,7,5,16,35.42814728381134,35.42814728381134,01,01,1,0,True,completed
226,known_visit,ACBBA,bernoulli,drop_0.25,19,361,4,10,acbba_h8_bernoulli_025,C:\Users\lottj\Desktop\research\decentralized benchmark\commitment-horizon-study\reference_core_benchmark_pilot\known_visit_10target_300.csv,8,18,11,38.90180971319555,38.90180971319555,02,02,2,1,True,completed
226,known_visit,ACBBA,bernoulli,drop_0.25,19,361,4,10,acbba_h8_bernoulli_025,C:\Users\lottj\Desktop\research\decentralized benchmark\commitment-horizon-study\reference_core_benchmark_pilot\known_visit_10target_300.csv,9,17,0,45.32165414943943,45.32165414943943,00,00,1,0,True,completed
226,known_visit,ACBBA,bernoulli,drop_0.25,19,361,4,10,acbba_h8_bernoulli_025,C:\Users\lottj\Desktop\research\decentralized benchmark\commitment-horizon-study\reference_core_benchmark_pilot\known_visit_10target_300.csv,10,12,6,83.21605921836269,83.21605921836269,02,02,1,0,True,completed
227,known_visit,ACBBA,bernoulli,drop_0.25,19,361,4,10,acbba_h8_bernoulli_025,C:\Users\lottj\Desktop\research\decentralized benchmark\commitment-horizon-study\reference_core_benchmark_pilot\known_visit_10target_300.csv,1,5,13,9.186754975223078,9.186754975223078,02,02,1,0,True,completed
227,known_visit,ACBBA,bernoulli,drop_0.25,19,361,4,10,acbba_h8_bernoulli_025,C:\Users\lottj\Desktop\research\decentralized benchmark\commitment-horizon-study\reference_core_benchmark_pilot\known_visit_10target_300.csv,2,8,16,20.530583154290998,20.530583154290998,03,03,1,0,True,completed
227,known_visit,ACBBA,bernoulli,drop_0.25,19,361,4,10,acbba_h8_bernoulli_025,C:\Users\lottj\Desktop\research\decentralized benchmark\commitment-horizon-study\reference_core_benchmark_pilot\known_visit_10target_300.csv,3,12,8,22.68200844653756,22.68200844653756,01,01,2,1,True,completed
227,known_visit,ACBBA,bernoulli,drop_0.25,19,361,4,10,acbba_h8_bernoulli_025,C:\Users\lottj\Desktop\research\decentralized benchmark\commitment-horizon-study\reference_core_benchmark_pilot\known_visit_10target_300.csv,4,2,15,7.503083668645561,7.503083668645561,03,03,1,0,True,completed
227,known_visit,ACBBA,bernoulli,drop_0.25,19,361,4,10,acbba_h8_bernoulli_025,C:\Users\lottj\Desktop\research\decentralized benchmark\commitment-horizon-study\reference_core_benchmark_pilot\known_visit_10target_300.csv,5,6,5,17.809214816449373,17.809214816449373,00,00,1,0,True,completed
227,known_visit,ACBBA,bernoulli,drop_0.25,19,361,4,10,acbba_h8_bernoulli_025,C:\Users\lottj\Desktop\research\decentralized benchmark\commitment-horizon-study\reference_core_benchmark_pilot\known_visit_10target_300.csv,6,1,0,0.1912238986527381,0.1912238986527381,00,00,1,0,True,completed
227,known_visit,ACBBA,bernoulli,drop_0.25,19,361,4,10,acbba_h8_bernoulli_025,C:\Users\lottj\Desktop\research\decentralized benchmark\commitment-horizon-study\reference_core_benchmark_pilot\known_visit_10target_300.csv,7,4,1,7.279872744764611,7.279872744764611,00,00,1,0,True,completed
227,known_visit,ACBBA,bernoulli,drop_0.25,19,361,4,10,acbba_h8_bernoulli_025,C:\Users\lottj\Desktop\research\decentralized benchmark\commitment-horizon-study\reference_core_benchmark_pilot\known_visit_10target_300.csv,8,13,1,40.617739502277985,40.617739502277985,01,01,1,0,True,completed
227,known_visit,ACBBA,bernoulli,drop_0.25,19,361,4,10,acbba_h8_bernoulli_025,C:\Users\lottj\Desktop\research\decentralized benchmark\commitment-horizon-study\reference_core_benchmark_pilot\known_visit_10target_300.csv,9,12,3,35.045733307639196,35.045733307639196,01,01,1,0,True,completed
227,known_visit,ACBBA,bernoulli,drop_0.25,19,361,4,10,acbba_h8_bernoulli_025,C:\Users\lottj\Desktop\research\decentralized benchmark\commitment-horizon-study\reference_core_benchmark_pilot\known_visit_10target_300.csv,10,12,6,18.928400025166166,18.928400025166166,01,01,1,0,True,completed
228,known_visit,ACBBA,bernoulli,drop_0.25,19,361,4,10,acbba_h8_bernoulli_025,C:\Users\lottj\Desktop\research\decentralized benchmark\commitment-horizon-study\reference_core_benchmark_pilot\known_visit_10target_300.csv,1,1,12,0.12665900854074863,0.12665900854074863,02,02,2,1,True,completed
228,known_visit,ACBBA,bernoulli,drop_0.25,19,361,4,10,acbba_h8_bernoulli_025,C:\Users\lottj\Desktop\research\decentralized benchmark\commitment-horizon-study\reference_core_benchmark_pilot\known_visit_10target_300.csv,2,7,18,10.578793532153806,10.578793532153806,03,03,1,0,True,completed
228,known_visit,ACBBA,bernoulli,drop_0.25,19,361,4,10,acbba_h8_bernoulli_025,C:\Users\lottj\Desktop\research\decentralized benchmark\commitment-horizon-study\reference_core_benchmark_pilot\known_visit_10target_300.csv,3,11,16,57.35700063299227,57.35700063299227,02,02,1,0,True,completed
228,known_visit,ACBBA,bernoulli,drop_0.25,19,361,4,10,acbba_h8_bernoulli_025,C:\Users\lottj\Desktop\research\decentralized benchmark\commitment-horizon-study\reference_core_benchmark_pilot\known_visit_10target_300.csv,4,2,6,2.0219063880918164,2.0219063880918164,01,01,2,1,True,completed
228,known_visit,ACBBA,bernoulli,drop_0.25,19,361,4,10,acbba_h8_bernoulli_025,C:\Users\lottj\Desktop\research\decentralized benchmark\commitment-horizon-study\reference_core_benchmark_pilot\known_visit_10target_300.csv,5,18,17,58.09684258321882,58.09684258321882,00,00,1,0,True,completed
228,known_visit,ACBBA,bernoulli,drop_0.25,19,361,4,10,acbba_h8_bernoulli_025,C:\Users\lottj\Desktop\research\decentralized benchmark\commitment-horizon-study\reference_core_benchmark_pilot\known_visit_10target_300.csv,6,12,18,43.93130909655966,43.93130909655966,01,01,1,0,True,completed
228,known_visit,ACBBA,bernoulli,drop_0.25,19,361,4,10,acbba_h8_bernoulli_025,C:\Users\lottj\Desktop\research\decentralized benchmark\commitment-horizon-study\reference_core_benchmark_pilot\known_visit_10target_300.csv,7,18,2,32.551704981557066,32.551704981557066,00,00,1,0,True,completed
228,known_visit,ACBBA,bernoulli,drop_0.25,19,361,4,10,acbba_h8_bernoulli_025,C:\Users\lottj\Desktop\research\decentralized benchmark\commitment-horizon-study\reference_core_benchmark_pilot\known_visit_10target_300.csv,8,1,14,18.11229976320402,18.11229976320402,01,01,1,0,True,completed
228,known_visit,ACBBA,bernoulli,drop_0.25,19,361,4,10,acbba_h8_bernoulli_025,C:\Users\lottj\Desktop\research\decentralized benchmark\commitment-horizon-study\reference_core_benchmark_pilot\known_visit_10target_300.csv,9,10,11,46.87642016173056,46.87642016173056,02,02,1,0,True,completed
228,known_visit,ACBBA,bernoulli,drop_0.25,19,361,4,10,acbba_h8_bernoulli_025,C:\Users\lottj\Desktop\research\decentralized benchmark\commitment-horizon-study\reference_core_benchmark_pilot\known_visit_10target_300.csv,10,10,17,17.740785059094456,17.740785059094456,03,03,2,1,True,completed
229,known_visit,ACBBA,bernoulli,drop_0.25,19,361,4,10,acbba_h8_bernoulli_025,C:\Users\lottj\Desktop\research\decentralized benchmark\commitment-horizon-study\reference_core_benchmark_pilot\known_visit_10target_300.csv,1,4,17,7.303759820774477,7.303759820774477,03,03,2,1,True,completed
229,known_visit,ACBBA,bernoulli,drop_0.25,19,361,4,10,acbba_h8_bernoulli_025,C:\Users\lottj\Desktop\research\decentralized benchmark\commitment-horizon-study\reference_core_benchmark_pilot\known_visit_10target_300.csv,2,15,7,33.11857386714917,33.11857386714917,01,01,2,1,True,completed
229,known_visit,ACBBA,bernoulli,drop_0.25,19,361,4,10,acbba_h8_bernoulli_025,C:\Users\lottj\Desktop\research\decentralized benchmark\commitment-horizon-study\reference_core_benchmark_pilot\known_visit_10target_300.csv,3,11,18,74.72845808321951,74.72845808321951,03,03,1,0,True,completed
229,known_visit,ACBBA,bernoulli,drop_0.25,19,361,4,10,acbba_h8_bernoulli_025,C:\Users\lottj\Desktop\research\decentralized benchmark\commitment-horizon-study\reference_core_benchmark_pilot\known_visit_10target_300.csv,4,4,9,10.945257629823821,10.945257629823821,01,01,2,1,True,completed
229,known_visit,ACBBA,bernoulli,drop_0.25,19,361,4,10,acbba_h8_bernoulli_025,C:\Users\lottj\Desktop\research\decentralized benchmark\commitment-horizon-study\reference_core_benchmark_pilot\known_visit_10target_300.csv,5,8,13,59.40025592546344,59.40025592546344,01,01,1,0,True,completed
229,known_visit,ACBBA,bernoulli,drop_0.25,19,361,4,10,acbba_h8_bernoulli_025,C:\Users\lottj\Desktop\research\decentralized benchmark\commitment-horizon-study\reference_core_benchmark_pilot\known_visit_10target_300.csv,6,12,18,76.79441247895845,76.79441247895845,03,03,1,0,True,completed
229,known_visit,ACBBA,bernoulli,drop_0.25,19,361,4,10,acbba_h8_bernoulli_025,C:\Users\lottj\Desktop\research\decentralized benchmark\commitment-horizon-study\reference_core_benchmark_pilot\known_visit_10target_300.csv,7,4,5,14.120233965163395,14.120233965163395,00,00,1,0,True,completed
229,known_visit,ACBBA,bernoulli,drop_0.25,19,361,4,10,acbba_h8_bernoulli_025,C:\Users\lottj\Desktop\research\decentralized benchmark\commitment-horizon-study\reference_core_benchmark_pilot\known_visit_10target_300.csv,8,8,4,51.61652340303023,51.61652340303023,00,00,2,1,True,completed
229,known_visit,ACBBA,bernoulli,drop_0.25,19,361,4,10,acbba_h8_bernoulli_025,C:\Users\lottj\Desktop\research\decentralized benchmark\commitment-horizon-study\reference_core_benchmark_pilot\known_visit_10target_300.csv,9,2,10,5.605578073652598,5.605578073652598,02,02,2,1,True,completed
229,known_visit,ACBBA,bernoulli,drop_0.25,19,361,4,10,acbba_h8_bernoulli_025,C:\Users\lottj\Desktop\research\decentralized benchmark\commitment-horizon-study\reference_core_benchmark_pilot\known_visit_10target_300.csv,10,3,15,12.695134047960662,12.695134047960662,03,03,1,0,True,completed
230,known_visit,ACBBA,bernoulli,drop_0.25,19,361,4,10,acbba_h8_bernoulli_025,C:\Users\lottj\Desktop\research\decentralized benchmark\commitment-horizon-study\reference_core_benchmark_pilot\known_visit_10target_300.csv,1,13,9,36.338117662393564,36.338117662393564,03,03,1,0,True,completed
230,known_visit,ACBBA,bernoulli,drop_0.25,19,361,4,10,acbba_h8_bernoulli_025,C:\Users\lottj\Desktop\research\decentralized benchmark\commitment-horizon-study\reference_core_benchmark_pilot\known_visit_10target_300.csv,2,17,11,55.10158516314952,55.10158516314952,03,03,1,0,True,completed
230,known_visit,ACBBA,bernoulli,drop_0.25,19,361,4,10,acbba_h8_bernoulli_025,C:\Users\lottj\Desktop\research\decentralized benchmark\commitment-horizon-study\reference_core_benchmark_pilot\known_visit_10target_300.csv,3,12,10,32.630037979261814,32.630037979261814,03,03,1,0,True,completed
230,known_visit,ACBBA,bernoulli,drop_0.25,19,361,4,10,acbba_h8_bernoulli_025,C:\Users\lottj\Desktop\research\decentralized benchmark\commitment-horizon-study\reference_core_benchmark_pilot\known_visit_10target_300.csv,4,1,18,0.1193586791561251,0.1193586791561251,03,03,1,0,True,completed
230,known_visit,ACBBA,bernoulli,drop_0.25,19,361,4,10,acbba_h8_bernoulli_025,C:\Users\lottj\Desktop\research\decentralized benchmark\commitment-horizon-study\reference_core_benchmark_pilot\known_visit_10target_300.csv,5,12,8,64.41100310092156,64.41100310092156,02,02,1,0,True,completed
230,known_visit,ACBBA,bernoulli,drop_0.25,19,361,4,10,acbba_h8_bernoulli_025,C:\Users\lottj\Desktop\research\decentralized benchmark\commitment-horizon-study\reference_core_benchmark_pilot\known_visit_10target_300.csv,6,14,12,47.66460009226408,47.66460009226408,03,03,1,0,True,completed
230,known_visit,ACBBA,bernoulli,drop_0.25,19,361,4,10,acbba_h8_bernoulli_025,C:\Users\lottj\Desktop\research\decentralized benchmark\commitment-horizon-study\reference_core_benchmark_pilot\known_visit_10target_300.csv,7,16,1,38.38819986746917,38.38819986746917,00,00,1,0,True,completed
230,known_visit,ACBBA,bernoulli,drop_0.25,19,361,4,10,acbba_h8_bernoulli_025,C:\Users\lottj\Desktop\research\decentralized benchmark\commitment-horizon-study\reference_core_benchmark_pilot\known_visit_10target_300.csv,8,0,4,5.658638134772346,5.658638134772346,00,00,2,1,True,completed
230,known_visit,ACBBA,bernoulli,drop_0.25,19,361,4,10,acbba_h8_bernoulli_025,C:\Users\lottj\Desktop\research\decentralized benchmark\commitment-horizon-study\reference_core_benchmark_pilot\known_visit_10target_300.csv,9,18,5,48.927808185612136,48.927808185612136,00,00,1,0,True,completed
230,known_visit,ACBBA,bernoulli,drop_0.25,19,361,4,10,acbba_h8_bernoulli_025,C:\Users\lottj\Desktop\research\decentralized benchmark\commitment-horizon-study\reference_core_benchmark_pilot\known_visit_10target_300.csv,10,2,3,7.9039432152423155,7.9039432152423155,01,01,1,0,True,completed
231,known_visit,ACBBA,bernoulli,drop_0.25,19,361,4,10,acbba_h8_bernoulli_025,C:\Users\lottj\Desktop\research\decentralized benchmark\commitment-horizon-study\reference_core_benchmark_pilot\known_visit_10target_300.csv,1,4,4,16.105140269010835,16.105140269010835,01,01,1,0,True,completed
231,known_visit,ACBBA,bernoulli,drop_0.25,19,361,4,10,acbba_h8_bernoulli_025,C:\Users\lottj\Desktop\research\decentralized benchmark\commitment-horizon-study\reference_core_benchmark_pilot\known_visit_10target_300.csv,2,13,10,38.75558875328385,38.75558875328385,02,02,1,0,True,completed
231,known_visit,ACBBA,bernoulli,drop_0.25,19,361,4,10,acbba_h8_bernoulli_025,C:\Users\lottj\Desktop\research\decentralized benchmark\commitment-horizon-study\reference_core_benchmark_pilot\known_visit_10target_300.csv,3,12,12,26.209253929479903,26.209253929479903,02,02,1,0,True,completed
231,known_visit,ACBBA,bernoulli,drop_0.25,19,361,4,10,acbba_h8_bernoulli_025,C:\Users\lottj\Desktop\research\decentralized benchmark\commitment-horizon-study\reference_core_benchmark_pilot\known_visit_10target_300.csv,4,13,14,31.554055076032164,31.554055076032164,02,02,1,0,True,completed
231,known_visit,ACBBA,bernoulli,drop_0.25,19,361,4,10,acbba_h8_bernoulli_025,C:\Users\lottj\Desktop\research\decentralized benchmark\commitment-horizon-study\reference_core_benchmark_pilot\known_visit_10target_300.csv,5,13,5,47.22976335637338,47.22976335637338,02,02,1,0,True,completed
231,known_visit,ACBBA,bernoulli,drop_0.25,19,361,4,10,acbba_h8_bernoulli_025,C:\Users\lottj\Desktop\research\decentralized benchmark\commitment-horizon-study\reference_core_benchmark_pilot\known_visit_10target_300.csv,6,0,10,2.1380512001497314,2.1380512001497314,02,02,3,2,True,completed
231,known_visit,ACBBA,bernoulli,drop_0.25,19,361,4,10,acbba_h8_bernoulli_025,C:\Users\lottj\Desktop\research\decentralized benchmark\commitment-horizon-study\reference_core_benchmark_pilot\known_visit_10target_300.csv,7,5,1,23.01649166515269,23.01649166515269,01,01,1,0,True,completed
231,known_visit,ACBBA,bernoulli,drop_0.25,19,361,4,10,acbba_h8_bernoulli_025,C:\Users\lottj\Desktop\research\decentralized benchmark\commitment-horizon-study\reference_core_benchmark_pilot\known_visit_10target_300.csv,8,11,0,35.541366919586466,35.541366919586466,01,01,1,0,True,completed
231,known_visit,ACBBA,bernoulli,drop_0.25,19,361,4,10,acbba_h8_bernoulli_025,C:\Users\lottj\Desktop\research\decentralized benchmark\commitment-horizon-study\reference_core_benchmark_pilot\known_visit_10target_300.csv,9,0,11,0.4896819781898142,0.4896819781898142,02,02,3,2,True,completed
231,known_visit,ACBBA,bernoulli,drop_0.25,19,361,4,10,acbba_h8_bernoulli_025,C:\Users\lottj\Desktop\research\decentralized benchmark\commitment-horizon-study\reference_core_benchmark_pilot\known_visit_10target_300.csv,10,12,5,49.30326122279789,49.30326122279789,02,02,1,0,True,completed
232,known_visit,ACBBA,bernoulli,drop_0.25,19,361,4,10,acbba_h8_bernoulli_025,C:\Users\lottj\Desktop\research\decentralized benchmark\commitment-horizon-study\reference_core_benchmark_pilot\known_visit_10target_300.csv,1,7,2,14.48558079735098,14.48558079735098,00,00,1,0,True,completed
232,known_visit,ACBBA,bernoulli,drop_0.25,19,361,4,10,acbba_h8_bernoulli_025,C:\Users\lottj\Desktop\research\decentralized benchmark\commitment-horizon-study\reference_core_benchmark_pilot\known_visit_10target_300.csv,2,4,11,7.680221016547532,7.680221016547532,02,02,2,1,True,completed
232,known_visit,ACBBA,bernoulli,drop_0.25,19,361,4,10,acbba_h8_bernoulli_025,C:\Users\lottj\Desktop\research\decentralized benchmark\commitment-horizon-study\reference_core_benchmark_pilot\known_visit_10target_300.csv,3,17,15,33.37925826986847,33.37925826986847,03,03,2,1,True,completed
232,known_visit,ACBBA,bernoulli,drop_0.25,19,361,4,10,acbba_h8_bernoulli_025,C:\Users\lottj\Desktop\research\decentralized benchmark\commitment-horizon-study\reference_core_benchmark_pilot\known_visit_10target_300.csv,4,9,15,19.56030129032035,19.56030129032035,03,03,2,1,True,completed
232,known_visit,ACBBA,bernoulli,drop_0.25,19,361,4,10,acbba_h8_bernoulli_025,C:\Users\lottj\Desktop\research\decentralized benchmark\commitment-horizon-study\reference_core_benchmark_pilot\known_visit_10target_300.csv,5,3,11,5.697452914663731,5.697452914663731,02,02,3,2,True,completed
232,known_visit,ACBBA,bernoulli,drop_0.25,19,361,4,10,acbba_h8_bernoulli_025,C:\Users\lottj\Desktop\research\decentralized benchmark\commitment-horizon-study\reference_core_benchmark_pilot\known_visit_10target_300.csv,6,13,14,42.486019750674174,42.486019750674174,03,03,2,1,True,completed
232,known_visit,ACBBA,bernoulli,drop_0.25,19,361,4,10,acbba_h8_bernoulli_025,C:\Users\lottj\Desktop\research\decentralized benchmark\commitment-horizon-study\reference_core_benchmark_pilot\known_visit_10target_300.csv,7,13,5,57.993540322081635,57.993540322081635,03,03,1,0,True,completed
232,known_visit,ACBBA,bernoulli,drop_0.25,19,361,4,10,acbba_h8_bernoulli_025,C:\Users\lottj\Desktop\research\decentralized benchmark\commitment-horizon-study\reference_core_benchmark_pilot\known_visit_10target_300.csv,8,4,17,7.206165830417828,7.206165830417828,03,03,2,1,True,completed
232,known_visit,ACBBA,bernoulli,drop_0.25,19,361,4,10,acbba_h8_bernoulli_025,C:\Users\lottj\Desktop\research\decentralized benchmark\commitment-horizon-study\reference_core_benchmark_pilot\known_visit_10target_300.csv,9,3,0,3.7282444969660102,3.7282444969660102,00,00,1,0,True,completed
232,known_visit,ACBBA,bernoulli,drop_0.25,19,361,4,10,acbba_h8_bernoulli_025,C:\Users\lottj\Desktop\research\decentralized benchmark\commitment-horizon-study\reference_core_benchmark_pilot\known_visit_10target_300.csv,10,4,18,5.271532398384021,5.271532398384021,03,03,1,0,True,completed
233,known_visit,ACBBA,bernoulli,drop_0.25,19,361,4,10,acbba_h8_bernoulli_025,C:\Users\lottj\Desktop\research\decentralized benchmark\commitment-horizon-study\reference_core_benchmark_pilot\known_visit_10target_300.csv,1,13,3,26.28795960680902,26.28795960680902,00,00,1,0,True,completed
233,known_visit,ACBBA,bernoulli,drop_0.25,19,361,4,10,acbba_h8_bernoulli_025,C:\Users\lottj\Desktop\research\decentralized benchmark\commitment-horizon-study\reference_core_benchmark_pilot\known_visit_10target_300.csv,2,8,14,25.017460785965937,25.017460785965937,02,02,2,1,True,completed
233,known_visit,ACBBA,bernoulli,drop_0.25,19,361,4,10,acbba_h8_bernoulli_025,C:\Users\lottj\Desktop\research\decentralized benchmark\commitment-horizon-study\reference_core_benchmark_pilot\known_visit_10target_300.csv,3,9,17,15.86394160741731,15.86394160741731,03,03,1,0,True,completed
233,known_visit,ACBBA,bernoulli,drop_0.25,19,361,4,10,acbba_h8_bernoulli_025,C:\Users\lottj\Desktop\research\decentralized benchmark\commitment-horizon-study\reference_core_benchmark_pilot\known_visit_10target_300.csv,4,6,13,10.395692972194079,10.395692972194079,02,02,2,1,True,completed
233,known_visit,ACBBA,bernoulli,drop_0.25,19,361,4,10,acbba_h8_bernoulli_025,C:\Users\lottj\Desktop\research\decentralized benchmark\commitment-horizon-study\reference_core_benchmark_pilot\known_visit_10target_300.csv,5,8,8,51.94458341673375,51.94458341673375,03,03,1,0,True,completed
233,known_visit,ACBBA,bernoulli,drop_0.25,19,361,4,10,acbba_h8_bernoulli_025,C:\Users\lottj\Desktop\research\decentralized benchmark\commitment-horizon-study\reference_core_benchmark_pilot\known_visit_10target_300.csv,6,6,10,20.409074221761617,20.409074221761617,01,01,1,0,True,completed
233,known_visit,ACBBA,bernoulli,drop_0.25,19,361,4,10,acbba_h8_bernoulli_025,C:\Users\lottj\Desktop\research\decentralized benchmark\commitment-horizon-study\reference_core_benchmark_pilot\known_visit_10target_300.csv,7,15,14,60.02468707239338,60.02468707239338,00,00,1,0,True,completed
233,known_visit,ACBBA,bernoulli,drop_0.25,19,361,4,10,acbba_h8_bernoulli_025,C:\Users\lottj\Desktop\research\decentralized benchmark\commitment-horizon-study\reference_core_benchmark_pilot\known_visit_10target_300.csv,8,12,14,26.50300553866391,26.50300553866391,03,03,2,1,True,completed
233,known_visit,ACBBA,bernoulli,drop_0.25,19,361,4,10,acbba_h8_bernoulli_025,C:\Users\lottj\Desktop\research\decentralized benchmark\commitment-horizon-study\reference_core_benchmark_pilot\known_visit_10target_300.csv,9,15,1,33.2750264832879,33.2750264832879,00,00,1,0,True,completed
233,known_visit,ACBBA,bernoulli,drop_0.25,19,361,4,10,acbba_h8_bernoulli_025,C:\Users\lottj\Desktop\research\decentralized benchmark\commitment-horizon-study\reference_core_benchmark_pilot\known_visit_10target_300.csv,10,3,2,7.282570264652099,7.282570264652099,00,00,1,0,True,completed
234,known_visit,ACBBA,bernoulli,drop_0.25,19,361,4,10,acbba_h8_bernoulli_025,C:\Users\lottj\Desktop\research\decentralized benchmark\commitment-horizon-study\reference_core_benchmark_pilot\known_visit_10target_300.csv,1,8,16,16.4724436451916,16.4724436451916,03,03,1,0,True,completed
234,known_visit,ACBBA,bernoulli,drop_0.25,19,361,4,10,acbba_h8_bernoulli_025,C:\Users\lottj\Desktop\research\decentralized benchmark\commitment-horizon-study\reference_core_benchmark_pilot\known_visit_10target_300.csv,2,8,13,24.039419027484335,24.039419027484335,01,01,1,0,True,completed
234,known_visit,ACBBA,bernoulli,drop_0.25,19,361,4,10,acbba_h8_bernoulli_025,C:\Users\lottj\Desktop\research\decentralized benchmark\commitment-horizon-study\reference_core_benchmark_pilot\known_visit_10target_300.csv,3,8,0,12.174364898842708,12.174364898842708,00,00,2,1,True,completed
234,known_visit,ACBBA,bernoulli,drop_0.25,19,361,4,10,acbba_h8_bernoulli_025,C:\Users\lottj\Desktop\research\decentralized benchmark\commitment-horizon-study\reference_core_benchmark_pilot\known_visit_10target_300.csv,4,10,5,36.849441171988694,36.849441171988694,00,00,1,0,True,completed
234,known_visit,ACBBA,bernoulli,drop_0.25,19,361,4,10,acbba_h8_bernoulli_025,C:\Users\lottj\Desktop\research\decentralized benchmark\commitment-horizon-study\reference_core_benchmark_pilot\known_visit_10target_300.csv,5,7,11,18.748159839423582,18.748159839423582,01,01,1,0,True,completed
234,known_visit,ACBBA,bernoulli,drop_0.25,19,361,4,10,acbba_h8_bernoulli_025,C:\Users\lottj\Desktop\research\decentralized benchmark\commitment-horizon-study\reference_core_benchmark_pilot\known_visit_10target_300.csv,6,14,16,26.922408384877937,26.922408384877937,03,03,1,0,True,completed
234,known_visit,ACBBA,bernoulli,drop_0.25,19,361,4,10,acbba_h8_bernoulli_025,C:\Users\lottj\Desktop\research\decentralized benchmark\commitment-horizon-study\reference_core_benchmark_pilot\known_visit_10target_300.csv,7,15,9,40.92808411089381,40.92808411089381,03,03,1,0,True,completed
234,known_visit,ACBBA,bernoulli,drop_0.25,19,361,4,10,acbba_h8_bernoulli_025,C:\Users\lottj\Desktop\research\decentralized benchmark\commitment-horizon-study\reference_core_benchmark_pilot\known_visit_10target_300.csv,8,9,8,35.02975232061735,35.02975232061735,01,01,1,0,True,completed
234,known_visit,ACBBA,bernoulli,drop_0.25,19,361,4,10,acbba_h8_bernoulli_025,C:\Users\lottj\Desktop\research\decentralized benchmark\commitment-horizon-study\reference_core_benchmark_pilot\known_visit_10target_300.csv,9,5,2,24.207247841589254,24.207247841589254,02,02,1,0,True,completed
234,known_visit,ACBBA,bernoulli,drop_0.25,19,361,4,10,acbba_h8_bernoulli_025,C:\Users\lottj\Desktop\research\decentralized benchmark\commitment-horizon-study\reference_core_benchmark_pilot\known_visit_10target_300.csv,10,12,0,18.97732430181834,18.97732430181834,00,00,1,0,True,completed
235,known_visit,ACBBA,bernoulli,drop_0.25,19,361,4,10,acbba_h8_bernoulli_025,C:\Users\lottj\Desktop\research\decentralized benchmark\commitment-horizon-study\reference_core_benchmark_pilot\known_visit_10target_300.csv,1,10,6,27.299102694036897,27.299102694036897,00,00,1,0,True,completed
235,known_visit,ACBBA,bernoulli,drop_0.25,19,361,4,10,acbba_h8_bernoulli_025,C:\Users\lottj\Desktop\research\decentralized benchmark\commitment-horizon-study\reference_core_benchmark_pilot\known_visit_10target_300.csv,2,13,16,46.62637227097713,46.62637227097713,02,02,1,0,True,completed
235,known_visit,ACBBA,bernoulli,drop_0.25,19,361,4,10,acbba_h8_bernoulli_025,C:\Users\lottj\Desktop\research\decentralized benchmark\commitment-horizon-study\reference_core_benchmark_pilot\known_visit_10target_300.csv,3,15,0,34.880256193780454,34.880256193780454,01,01,2,1,True,completed
235,known_visit,ACBBA,bernoulli,drop_0.25,19,361,4,10,acbba_h8_bernoulli_025,C:\Users\lottj\Desktop\research\decentralized benchmark\commitment-horizon-study\reference_core_benchmark_pilot\known_visit_10target_300.csv,4,0,16,2.15150547369995,2.15150547369995,03,03,1,0,True,completed
235,known_visit,ACBBA,bernoulli,drop_0.25,19,361,4,10,acbba_h8_bernoulli_025,C:\Users\lottj\Desktop\research\decentralized benchmark\commitment-horizon-study\reference_core_benchmark_pilot\known_visit_10target_300.csv,5,18,13,62.737507663323676,62.737507663323676,01,01,1,0,True,completed
235,known_visit,ACBBA,bernoulli,drop_0.25,19,361,4,10,acbba_h8_bernoulli_025,C:\Users\lottj\Desktop\research\decentralized benchmark\commitment-horizon-study\reference_core_benchmark_pilot\known_visit_10target_300.csv,6,0,10,2.3402162403015994,2.3402162403015994,02,02,1,0,True,completed
235,known_visit,ACBBA,bernoulli,drop_0.25,19,361,4,10,acbba_h8_bernoulli_025,C:\Users\lottj\Desktop\research\decentralized benchmark\commitment-horizon-study\reference_core_benchmark_pilot\known_visit_10target_300.csv,7,3,4,7.740492698503177,7.740492698503177,01,01,3,2,True,completed
235,known_visit,ACBBA,bernoulli,drop_0.25,19,361,4,10,acbba_h8_bernoulli_025,C:\Users\lottj\Desktop\research\decentralized benchmark\commitment-horizon-study\reference_core_benchmark_pilot\known_visit_10target_300.csv,8,13,12,39.718726298342816,39.718726298342816,02,02,1,0,True,completed
235,known_visit,ACBBA,bernoulli,drop_0.25,19,361,4,10,acbba_h8_bernoulli_025,C:\Users\lottj\Desktop\research\decentralized benchmark\commitment-horizon-study\reference_core_benchmark_pilot\known_visit_10target_300.csv,9,1,7,9.59264008961616,9.59264008961616,02,02,1,0,True,completed
235,known_visit,ACBBA,bernoulli,drop_0.25,19,361,4,10,acbba_h8_bernoulli_025,C:\Users\lottj\Desktop\research\decentralized benchmark\commitment-horizon-study\reference_core_benchmark_pilot\known_visit_10target_300.csv,10,0,3,4.014325567091483,4.014325567091483,00,00,1,0,True,completed
236,known_visit,ACBBA,bernoulli,drop_0.25,19,361,4,10,acbba_h8_bernoulli_025,C:\Users\lottj\Desktop\research\decentralized benchmark\commitment-horizon-study\reference_core_benchmark_pilot\known_visit_10target_300.csv,1,2,16,5.87173559453472,5.87173559453472,03,03,2,1,True,completed
236,known_visit,ACBBA,bernoulli,drop_0.25,19,361,4,10,acbba_h8_bernoulli_025,C:\Users\lottj\Desktop\research\decentralized benchmark\commitment-horizon-study\reference_core_benchmark_pilot\known_visit_10target_300.csv,2,3,12,21.61987885899703,21.61987885899703,02,02,1,0,True,completed
236,known_visit,ACBBA,bernoulli,drop_0.25,19,361,4,10,acbba_h8_bernoulli_025,C:\Users\lottj\Desktop\research\decentralized benchmark\commitment-horizon-study\reference_core_benchmark_pilot\known_visit_10target_300.csv,3,11,7,32.75889324681715,32.75889324681715,01,01,1,0,True,completed
236,known_visit,ACBBA,bernoulli,drop_0.25,19,361,4,10,acbba_h8_bernoulli_025,C:\Users\lottj\Desktop\research\decentralized benchmark\commitment-horizon-study\reference_core_benchmark_pilot\known_visit_10target_300.csv,4,18,5,48.15808987471338,48.15808987471338,01,01,1,0,True,completed
236,known_visit,ACBBA,bernoulli,drop_0.25,19,361,4,10,acbba_h8_bernoulli_025,C:\Users\lottj\Desktop\research\decentralized benchmark\commitment-horizon-study\reference_core_benchmark_pilot\known_visit_10target_300.csv,5,7,10,20.214993084539454,20.214993084539454,01,01,2,1,True,completed
236,known_visit,ACBBA,bernoulli,drop_0.25,19,361,4,10,acbba_h8_bernoulli_025,C:\Users\lottj\Desktop\research\decentralized benchmark\commitment-horizon-study\reference_core_benchmark_pilot\known_visit_10target_300.csv,6,8,10,22.246104396688672,22.246104396688672,01,01,1,0,True,completed
236,known_visit,ACBBA,bernoulli,drop_0.25,19,361,4,10,acbba_h8_bernoulli_025,C:\Users\lottj\Desktop\research\decentralized benchmark\commitment-horizon-study\reference_core_benchmark_pilot\known_visit_10target_300.csv,7,15,13,67.64434872908689,67.64434872908689,01,01,1,0,True,completed
236,known_visit,ACBBA,bernoulli,drop_0.25,19,361,4,10,acbba_h8_bernoulli_025,C:\Users\lottj\Desktop\research\decentralized benchmark\commitment-horizon-study\reference_core_benchmark_pilot\known_visit_10target_300.csv,8,4,9,13.012759515341981,13.012759515341981,01,01,3,2,True,completed
236,known_visit,ACBBA,bernoulli,drop_0.25,19,361,4,10,acbba_h8_bernoulli_025,C:\Users\lottj\Desktop\research\decentralized benchmark\commitment-horizon-study\reference_core_benchmark_pilot\known_visit_10target_300.csv,9,4,6,15.849855393052824,15.849855393052824,00,00,2,1,True,completed
236,known_visit,ACBBA,bernoulli,drop_0.25,19,361,4,10,acbba_h8_bernoulli_025,C:\Users\lottj\Desktop\research\decentralized benchmark\commitment-horizon-study\reference_core_benchmark_pilot\known_visit_10target_300.csv,10,1,16,3.9323300972965876,3.9323300972965876,03,03,2,1,True,completed
237,known_visit,ACBBA,bernoulli,drop_0.25,19,361,4,10,acbba_h8_bernoulli_025,C:\Users\lottj\Desktop\research\decentralized benchmark\commitment-horizon-study\reference_core_benchmark_pilot\known_visit_10target_300.csv,1,4,7,7.190090427799278,7.190090427799278,01,01,2,1,True,completed
237,known_visit,ACBBA,bernoulli,drop_0.25,19,361,4,10,acbba_h8_bernoulli_025,C:\Users\lottj\Desktop\research\decentralized benchmark\commitment-horizon-study\reference_core_benchmark_pilot\known_visit_10target_300.csv,2,8,2,33.66372423811193,33.66372423811193,00,00,1,0,True,completed
237,known_visit,ACBBA,bernoulli,drop_0.25,19,361,4,10,acbba_h8_bernoulli_025,C:\Users\lottj\Desktop\research\decentralized benchmark\commitment-horizon-study\reference_core_benchmark_pilot\known_visit_10target_300.csv,3,4,1,7.533707570743721,7.533707570743721,00,00,1,0,True,completed
237,known_visit,ACBBA,bernoulli,drop_0.25,19,361,4,10,acbba_h8_bernoulli_025,C:\Users\lottj\Desktop\research\decentralized benchmark\commitment-horizon-study\reference_core_benchmark_pilot\known_visit_10target_300.csv,4,4,4,12.643848908540335,12.643848908540335,00,00,1,0,True,completed
237,known_visit,ACBBA,bernoulli,drop_0.25,19,361,4,10,acbba_h8_bernoulli_025,C:\Users\lottj\Desktop\research\decentralized benchmark\commitment-horizon-study\reference_core_benchmark_pilot\known_visit_10target_300.csv,5,11,8,25.25183460062688,25.25183460062688,01,01,1,0,True,completed
237,known_visit,ACBBA,bernoulli,drop_0.25,19,361,4,10,acbba_h8_bernoulli_025,C:\Users\lottj\Desktop\research\decentralized benchmark\commitment-horizon-study\reference_core_benchmark_pilot\known_visit_10target_300.csv,6,0,17,0.5165150130935806,0.5165150130935806,03,03,1,0,True,completed
237,known_visit,ACBBA,bernoulli,drop_0.25,19,361,4,10,acbba_h8_bernoulli_025,C:\Users\lottj\Desktop\research\decentralized benchmark\commitment-horizon-study\reference_core_benchmark_pilot\known_visit_10target_300.csv,7,17,15,35.99266044902332,35.99266044902332,02,02,1,0,True,completed
237,known_visit,ACBBA,bernoulli,drop_0.25,19,361,4,10,acbba_h8_bernoulli_025,C:\Users\lottj\Desktop\research\decentralized benchmark\commitment-horizon-study\reference_core_benchmark_pilot\known_visit_10target_300.csv,8,6,15,16.913717696783767,16.913717696783767,02,02,2,1,True,completed
237,known_visit,ACBBA,bernoulli,drop_0.25,19,361,4,10,acbba_h8_bernoulli_025,C:\Users\lottj\Desktop\research\decentralized benchmark\commitment-horizon-study\reference_core_benchmark_pilot\known_visit_10target_300.csv,9,4,13,7.380182778644104,7.380182778644104,02,02,2,1,True,completed
237,known_visit,ACBBA,bernoulli,drop_0.25,19,361,4,10,acbba_h8_bernoulli_025,C:\Users\lottj\Desktop\research\decentralized benchmark\commitment-horizon-study\reference_core_benchmark_pilot\known_visit_10target_300.csv,10,14,1,45.95376780188182,45.95376780188182,00,00,1,0,True,completed
238,known_visit,ACBBA,bernoulli,drop_0.25,19,361,4,10,acbba_h8_bernoulli_025,C:\Users\lottj\Desktop\research\decentralized benchmark\commitment-horizon-study\reference_core_benchmark_pilot\known_visit_10target_300.csv,1,6,14,24.0008873450442,24.0008873450442,02,02,2,1,True,completed
238,known_visit,ACBBA,bernoulli,drop_0.25,19,361,4,10,acbba_h8_bernoulli_025,C:\Users\lottj\Desktop\research\decentralized benchmark\commitment-horizon-study\reference_core_benchmark_pilot\known_visit_10target_300.csv,2,1,13,2.2419231473413377,2.2419231473413377,02,02,2,1,True,completed
238,known_visit,ACBBA,bernoulli,drop_0.25,19,361,4,10,acbba_h8_bernoulli_025,C:\Users\lottj\Desktop\research\decentralized benchmark\commitment-horizon-study\reference_core_benchmark_pilot\known_visit_10target_300.csv,3,15,11,53.16033286971135,53.16033286971135,02,02,1,0,True,completed
238,known_visit,ACBBA,bernoulli,drop_0.25,19,361,4,10,acbba_h8_bernoulli_025,C:\Users\lottj\Desktop\research\decentralized benchmark\commitment-horizon-study\reference_core_benchmark_pilot\known_visit_10target_300.csv,4,13,8,62.570403219032244,62.570403219032244,01,01,1,0,True,completed
238,known_visit,ACBBA,bernoulli,drop_0.25,19,361,4,10,acbba_h8_bernoulli_025,C:\Users\lottj\Desktop\research\decentralized benchmark\commitment-horizon-study\reference_core_benchmark_pilot\known_visit_10target_300.csv,5,9,10,56.68631496617418,56.68631496617418,03,03,1,0,True,completed
238,known_visit,ACBBA,bernoulli,drop_0.25,19,361,4,10,acbba_h8_bernoulli_025,C:\Users\lottj\Desktop\research\decentralized benchmark\commitment-horizon-study\reference_core_benchmark_pilot\known_visit_10target_300.csv,6,13,0,31.52023845271205,31.52023845271205,00,00,2,1,True,completed
238,known_visit,ACBBA,bernoulli,drop_0.25,19,361,4,10,acbba_h8_bernoulli_025,C:\Users\lottj\Desktop\research\decentralized benchmark\commitment-horizon-study\reference_core_benchmark_pilot\known_visit_10target_300.csv,7,3,3,8.905825197224537,8.905825197224537,00,00,2,1,True,completed
238,known_visit,ACBBA,bernoulli,drop_0.25,19,361,4,10,acbba_h8_bernoulli_025,C:\Users\lottj\Desktop\research\decentralized benchmark\commitment-horizon-study\reference_core_benchmark_pilot\known_visit_10target_300.csv,8,9,16,32.944323336608036,32.944323336608036,02,02,2,1,True,completed
238,known_visit,ACBBA,bernoulli,drop_0.25,19,361,4,10,acbba_h8_bernoulli_025,C:\Users\lottj\Desktop\research\decentralized benchmark\commitment-horizon-study\reference_core_benchmark_pilot\known_visit_10target_300.csv,9,2,18,1.8353091471212175,1.8353091471212175,03,03,1,0,True,completed
238,known_visit,ACBBA,bernoulli,drop_0.25,19,361,4,10,acbba_h8_bernoulli_025,C:\Users\lottj\Desktop\research\decentralized benchmark\commitment-horizon-study\reference_core_benchmark_pilot\known_visit_10target_300.csv,10,12,3,24.502610239631792,24.502610239631792,00,00,1,0,True,completed
239,known_visit,ACBBA,bernoulli,drop_0.25,19,361,4,10,acbba_h8_bernoulli_025,C:\Users\lottj\Desktop\research\decentralized benchmark\commitment-horizon-study\reference_core_benchmark_pilot\known_visit_10target_300.csv,1,16,3,31.444996304040597,31.444996304040597,00,00,1,0,True,completed
239,known_visit,ACBBA,bernoulli,drop_0.25,19,361,4,10,acbba_h8_bernoulli_025,C:\Users\lottj\Desktop\research\decentralized benchmark\commitment-horizon-study\reference_core_benchmark_pilot\known_visit_10target_300.csv,2,16,0,36.96160343377172,36.96160343377172,00,00,1,0,True,completed
239,known_visit,ACBBA,bernoulli,drop_0.25,19,361,4,10,acbba_h8_bernoulli_025,C:\Users\lottj\Desktop\research\decentralized benchmark\commitment-horizon-study\reference_core_benchmark_pilot\known_visit_10target_300.csv,3,4,3,10.415820830266439,10.415820830266439,00,00,1,0,True,completed
239,known_visit,ACBBA,bernoulli,drop_0.25,19,361,4,10,acbba_h8_bernoulli_025,C:\Users\lottj\Desktop\research\decentralized benchmark\commitment-horizon-study\reference_core_benchmark_pilot\known_visit_10target_300.csv,4,13,11,30.592626928490223,30.592626928490223,01,01,2,1,True,completed
239,known_visit,ACBBA,bernoulli,drop_0.25,19,361,4,10,acbba_h8_bernoulli_025,C:\Users\lottj\Desktop\research\decentralized benchmark\commitment-horizon-study\reference_core_benchmark_pilot\known_visit_10target_300.csv,5,14,6,67.25564258667748,67.25564258667748,03,03,1,0,True,completed
239,known_visit,ACBBA,bernoulli,drop_0.25,19,361,4,10,acbba_h8_bernoulli_025,C:\Users\lottj\Desktop\research\decentralized benchmark\commitment-horizon-study\reference_core_benchmark_pilot\known_visit_10target_300.csv,6,17,0,39.06070206668606,39.06070206668606,00,00,1,0,True,completed
239,known_visit,ACBBA,bernoulli,drop_0.25,19,361,4,10,acbba_h8_bernoulli_025,C:\Users\lottj\Desktop\research\decentralized benchmark\commitment-horizon-study\reference_core_benchmark_pilot\known_visit_10target_300.csv,7,2,17,3.8622423778572763,3.8622423778572763,03,03,1,0,True,completed
239,known_visit,ACBBA,bernoulli,drop_0.25,19,361,4,10,acbba_h8_bernoulli_025,C:\Users\lottj\Desktop\research\decentralized benchmark\commitment-horizon-study\reference_core_benchmark_pilot\known_visit_10target_300.csv,8,8,7,14.624259579834831,14.624259579834831,01,01,2,1,True,completed
239,known_visit,ACBBA,bernoulli,drop_0.25,19,361,4,10,acbba_h8_bernoulli_025,C:\Users\lottj\Desktop\research\decentralized benchmark\commitment-horizon-study\reference_core_benchmark_pilot\known_visit_10target_300.csv,9,4,7,7.41340830253048,7.41340830253048,01,01,2,1,True,completed
239,known_visit,ACBBA,bernoulli,drop_0.25,19,361,4,10,acbba_h8_bernoulli_025,C:\Users\lottj\Desktop\research\decentralized benchmark\commitment-horizon-study\reference_core_benchmark_pilot\known_visit_10target_300.csv,10,8,10,20.05463243536897,20.05463243536897,01,01,2,1,True,completed
240,known_visit,ACBBA,bernoulli,drop_0.25,19,361,4,10,acbba_h8_bernoulli_025,C:\Users\lottj\Desktop\research\decentralized benchmark\commitment-horizon-study\reference_core_benchmark_pilot\known_visit_10target_300.csv,1,3,3,9.109353743766457,9.109353743766457,00,00,1,0,True,completed
240,known_visit,ACBBA,bernoulli,drop_0.25,19,361,4,10,acbba_h8_bernoulli_025,C:\Users\lottj\Desktop\research\decentralized benchmark\commitment-horizon-study\reference_core_benchmark_pilot\known_visit_10target_300.csv,2,7,9,16.282828593050347,16.282828593050347,02,02,2,1,True,completed
240,known_visit,ACBBA,bernoulli,drop_0.25,19,361,4,10,acbba_h8_bernoulli_025,C:\Users\lottj\Desktop\research\decentralized benchmark\commitment-horizon-study\reference_core_benchmark_pilot\known_visit_10target_300.csv,3,18,7,49.309492808720535,49.309492808720535,01,01,1,0,True,completed
240,known_visit,ACBBA,bernoulli,drop_0.25,19,361,4,10,acbba_h8_bernoulli_025,C:\Users\lottj\Desktop\research\decentralized benchmark\commitment-horizon-study\reference_core_benchmark_pilot\known_visit_10target_300.csv,4,3,10,7.412294316664093,7.412294316664093,02,02,1,0,True,completed
240,known_visit,ACBBA,bernoulli,drop_0.25,19,361,4,10,acbba_h8_bernoulli_025,C:\Users\lottj\Desktop\research\decentralized benchmark\commitment-horizon-study\reference_core_benchmark_pilot\known_visit_10target_300.csv,5,14,16,26.903239271448136,26.903239271448136,03,03,1,0,True,completed
240,known_visit,ACBBA,bernoulli,drop_0.25,19,361,4,10,acbba_h8_bernoulli_025,C:\Users\lottj\Desktop\research\decentralized benchmark\commitment-horizon-study\reference_core_benchmark_pilot\known_visit_10target_300.csv,6,6,17,11.048518845819379,11.048518845819379,03,03,1,0,True,completed
240,known_visit,ACBBA,bernoulli,drop_0.25,19,361,4,10,acbba_h8_bernoulli_025,C:\Users\lottj\Desktop\research\decentralized benchmark\commitment-horizon-study\reference_core_benchmark_pilot\known_visit_10target_300.csv,7,3,5,5.669501640602677,5.669501640602677,01,01,2,1,True,completed
240,known_visit,ACBBA,bernoulli,drop_0.25,19,361,4,10,acbba_h8_bernoulli_025,C:\Users\lottj\Desktop\research\decentralized benchmark\commitment-horizon-study\reference_core_benchmark_pilot\known_visit_10target_300.csv,8,14,14,30.34330192711578,30.34330192711578,03,03,1,0,True,completed
240,known_visit,ACBBA,bernoulli,drop_0.25,19,361,4,10,acbba_h8_bernoulli_025,C:\Users\lottj\Desktop\research\decentralized benchmark\commitment-horizon-study\reference_core_benchmark_pilot\known_visit_10target_300.csv,9,12,1,28.474193799453214,28.474193799453214,01,01,1,0,True,completed
240,known_visit,ACBBA,bernoulli,drop_0.25,19,361,4,10,acbba_h8_bernoulli_025,C:\Users\lottj\Desktop\research\decentralized benchmark\commitment-horizon-study\reference_core_benchmark_pilot\known_visit_10target_300.csv,10,4,9,11.254672294926024,11.254672294926024,02,02,1,0,True,completed
241,known_visit,ACBBA,bernoulli,drop_0.25,19,361,4,10,acbba_h8_bernoulli_025,C:\Users\lottj\Desktop\research\decentralized benchmark\commitment-horizon-study\reference_core_benchmark_pilot\known_visit_10target_300.csv,1,0,14,2.7884039025871346,2.7884039025871346,02,02,2,1,True,completed
241,known_visit,ACBBA,bernoulli,drop_0.25,19,361,4,10,acbba_h8_bernoulli_025,C:\Users\lottj\Desktop\research\decentralized benchmark\commitment-horizon-study\reference_core_benchmark_pilot\known_visit_10target_300.csv,2,0,15,3.785034265219011,3.785034265219011,03,03,2,1,True,completed
241,known_visit,ACBBA,bernoulli,drop_0.25,19,361,4,10,acbba_h8_bernoulli_025,C:\Users\lottj\Desktop\research\decentralized benchmark\commitment-horizon-study\reference_core_benchmark_pilot\known_visit_10target_300.csv,3,8,0,30.39963460873492,30.39963460873492,01,01,1,0,True,completed
241,known_visit,ACBBA,bernoulli,drop_0.25,19,361,4,10,acbba_h8_bernoulli_025,C:\Users\lottj\Desktop\research\decentralized benchmark\commitment-horizon-study\reference_core_benchmark_pilot\known_visit_10target_300.csv,4,7,4,21.720156874771888,21.720156874771888,01,01,1,0,True,completed
241,known_visit,ACBBA,bernoulli,drop_0.25,19,361,4,10,acbba_h8_bernoulli_025,C:\Users\lottj\Desktop\research\decentralized benchmark\commitment-horizon-study\reference_core_benchmark_pilot\known_visit_10target_300.csv,5,9,13,20.49743232138838,20.49743232138838,02,02,1,0,True,completed
241,known_visit,ACBBA,bernoulli,drop_0.25,19,361,4,10,acbba_h8_bernoulli_025,C:\Users\lottj\Desktop\research\decentralized benchmark\commitment-horizon-study\reference_core_benchmark_pilot\known_visit_10target_300.csv,6,12,0,37.00703572817003,37.00703572817003,01,01,1,0,True,completed
241,known_visit,ACBBA,bernoulli,drop_0.25,19,361,4,10,acbba_h8_bernoulli_025,C:\Users\lottj\Desktop\research\decentralized benchmark\commitment-horizon-study\reference_core_benchmark_pilot\known_visit_10target_300.csv,7,6,17,18.23505889138231,18.23505889138231,03,03,2,1,True,completed
241,known_visit,ACBBA,bernoulli,drop_0.25,19,361,4,10,acbba_h8_bernoulli_025,C:\Users\lottj\Desktop\research\decentralized benchmark\commitment-horizon-study\reference_core_benchmark_pilot\known_visit_10target_300.csv,8,1,7,2.30205579348339,2.30205579348339,01,01,1,0,True,completed
241,known_visit,ACBBA,bernoulli,drop_0.25,19,361,4,10,acbba_h8_bernoulli_025,C:\Users\lottj\Desktop\research\decentralized benchmark\commitment-horizon-study\reference_core_benchmark_pilot\known_visit_10target_300.csv,9,0,9,66.60221115237559,66.60221115237559,00,00,1,0,True,completed
241,known_visit,ACBBA,bernoulli,drop_0.25,19,361,4,10,acbba_h8_bernoulli_025,C:\Users\lottj\Desktop\research\decentralized benchmark\commitment-horizon-study\reference_core_benchmark_pilot\known_visit_10target_300.csv,10,14,3,46.500847418661,46.500847418661,02,02,1,0,True,completed
242,known_visit,ACBBA,bernoulli,drop_0.25,19,361,4,10,acbba_h8_bernoulli_025,C:\Users\lottj\Desktop\research\decentralized benchmark\commitment-horizon-study\reference_core_benchmark_pilot\known_visit_10target_300.csv,1,7,9,16.417451925982164,16.417451925982164,01,01,2,1,True,completed
242,known_visit,ACBBA,bernoulli,drop_0.25,19,361,4,10,acbba_h8_bernoulli_025,C:\Users\lottj\Desktop\research\decentralized benchmark\commitment-horizon-study\reference_core_benchmark_pilot\known_visit_10target_300.csv,2,13,2,24.235804138199104,24.235804138199104,00,00,1,0,True,completed
242,known_visit,ACBBA,bernoulli,drop_0.25,19,361,4,10,acbba_h8_bernoulli_025,C:\Users\lottj\Desktop\research\decentralized benchmark\commitment-horizon-study\reference_core_benchmark_pilot\known_visit_10target_300.csv,3,13,16,40.774731648403346,40.774731648403346,03,03,1,0,True,completed
242,known_visit,ACBBA,bernoulli,drop_0.25,19,361,4,10,acbba_h8_bernoulli_025,C:\Users\lottj\Desktop\research\decentralized benchmark\commitment-horizon-study\reference_core_benchmark_pilot\known_visit_10target_300.csv,4,5,15,16.601894165649693,16.601894165649693,03,03,1,0,True,completed
242,known_visit,ACBBA,bernoulli,drop_0.25,19,361,4,10,acbba_h8_bernoulli_025,C:\Users\lottj\Desktop\research\decentralized benchmark\commitment-horizon-study\reference_core_benchmark_pilot\known_visit_10target_300.csv,5,6,11,10.534819592543245,10.534819592543245,02,02,1,0,True,completed
242,known_visit,ACBBA,bernoulli,drop_0.25,19,361,4,10,acbba_h8_bernoulli_025,C:\Users\lottj\Desktop\research\decentralized benchmark\commitment-horizon-study\reference_core_benchmark_pilot\known_visit_10target_300.csv,6,16,1,31.53110426776212,31.53110426776212,00,00,1,0,True,completed
242,known_visit,ACBBA,bernoulli,drop_0.25,19,361,4,10,acbba_h8_bernoulli_025,C:\Users\lottj\Desktop\research\decentralized benchmark\commitment-horizon-study\reference_core_benchmark_pilot\known_visit_10target_300.csv,7,16,6,44.30045154591248,44.30045154591248,00,00,1,0,True,completed
242,known_visit,ACBBA,bernoulli,drop_0.25,19,361,4,10,acbba_h8_bernoulli_025,C:\Users\lottj\Desktop\research\decentralized benchmark\commitment-horizon-study\reference_core_benchmark_pilot\known_visit_10target_300.csv,8,10,15,31.664902193770743,31.664902193770743,01,01,1,0,True,completed
242,known_visit,ACBBA,bernoulli,drop_0.25,19,361,4,10,acbba_h8_bernoulli_025,C:\Users\lottj\Desktop\research\decentralized benchmark\commitment-horizon-study\reference_core_benchmark_pilot\known_visit_10target_300.csv,9,16,2,29.58735433192391,29.58735433192391,00,00,1,0,True,completed
242,known_visit,ACBBA,bernoulli,drop_0.25,19,361,4,10,acbba_h8_bernoulli_025,C:\Users\lottj\Desktop\research\decentralized benchmark\commitment-horizon-study\reference_core_benchmark_pilot\known_visit_10target_300.csv,10,3,14,10.904821357488796,10.904821357488796,03,03,1,0,True,completed
243,known_visit,ACBBA,bernoulli,drop_0.25,19,361,4,10,acbba_h8_bernoulli_025,C:\Users\lottj\Desktop\research\decentralized benchmark\commitment-horizon-study\reference_core_benchmark_pilot\known_visit_10target_300.csv,1,1,2,3.8978763222268484,3.8978763222268484,00,00,2,1,True,completed
243,known_visit,ACBBA,bernoulli,drop_0.25,19,361,4,10,acbba_h8_bernoulli_025,C:\Users\lottj\Desktop\research\decentralized benchmark\commitment-horizon-study\reference_core_benchmark_pilot\known_visit_10target_300.csv,2,18,15,50.20676265767209,50.20676265767209,02,02,1,0,True,completed
243,known_visit,ACBBA,bernoulli,drop_0.25,19,361,4,10,acbba_h8_bernoulli_025,C:\Users\lottj\Desktop\research\decentralized benchmark\commitment-horizon-study\reference_core_benchmark_pilot\known_visit_10target_300.csv,3,9,3,60.96642076855949,60.96642076855949,01,01,1,0,True,completed
243,known_visit,ACBBA,bernoulli,drop_0.25,19,361,4,10,acbba_h8_bernoulli_025,C:\Users\lottj\Desktop\research\decentralized benchmark\commitment-horizon-study\reference_core_benchmark_pilot\known_visit_10target_300.csv,4,4,13,7.49941968862044,7.49941968862044,02,02,2,1,True,completed
243,known_visit,ACBBA,bernoulli,drop_0.25,19,361,4,10,acbba_h8_bernoulli_025,C:\Users\lottj\Desktop\research\decentralized benchmark\commitment-horizon-study\reference_core_benchmark_pilot\known_visit_10target_300.csv,5,18,0,81.69519424031945,81.69519424031945,01,01,1,0,True,completed
243,known_visit,ACBBA,bernoulli,drop_0.25,19,361,4,10,acbba_h8_bernoulli_025,C:\Users\lottj\Desktop\research\decentralized benchmark\commitment-horizon-study\reference_core_benchmark_pilot\known_visit_10target_300.csv,6,3,14,10.516859202818956,10.516859202818956,03,03,2,1,True,completed
243,known_visit,ACBBA,bernoulli,drop_0.25,19,361,4,10,acbba_h8_bernoulli_025,C:\Users\lottj\Desktop\research\decentralized benchmark\commitment-horizon-study\reference_core_benchmark_pilot\known_visit_10target_300.csv,7,2,6,1.900066091470889,1.900066091470889,01,01,1,0,True,completed
243,known_visit,ACBBA,bernoulli,drop_0.25,19,361,4,10,acbba_h8_bernoulli_025,C:\Users\lottj\Desktop\research\decentralized benchmark\commitment-horizon-study\reference_core_benchmark_pilot\known_visit_10target_300.csv,8,8,9,21.76118382738686,21.76118382738686,02,02,2,1,True,completed
243,known_visit,ACBBA,bernoulli,drop_0.25,19,361,4,10,acbba_h8_bernoulli_025,C:\Users\lottj\Desktop\research\decentralized benchmark\commitment-horizon-study\reference_core_benchmark_pilot\known_visit_10target_300.csv,9,12,2,67.94320908786503,67.94320908786503,01,01,1,0,True,completed
243,known_visit,ACBBA,bernoulli,drop_0.25,19,361,4,10,acbba_h8_bernoulli_025,C:\Users\lottj\Desktop\research\decentralized benchmark\commitment-horizon-study\reference_core_benchmark_pilot\known_visit_10target_300.csv,10,3,15,8.816580029920944,8.816580029920944,03,03,2,1,True,completed
244,known_visit,ACBBA,bernoulli,drop_0.25,19,361,4,10,acbba_h8_bernoulli_025,C:\Users\lottj\Desktop\research\decentralized benchmark\commitment-horizon-study\reference_core_benchmark_pilot\known_visit_10target_300.csv,1,17,5,34.265375990923026,34.265375990923026,01,01,2,1,True,completed
244,known_visit,ACBBA,bernoulli,drop_0.25,19,361,4,10,acbba_h8_bernoulli_025,C:\Users\lottj\Desktop\research\decentralized benchmark\commitment-horizon-study\reference_core_benchmark_pilot\known_visit_10target_300.csv,2,15,4,28.895946466999117,28.895946466999117,01,01,1,0,True,completed
244,known_visit,ACBBA,bernoulli,drop_0.25,19,361,4,10,acbba_h8_bernoulli_025,C:\Users\lottj\Desktop\research\decentralized benchmark\commitment-horizon-study\reference_core_benchmark_pilot\known_visit_10target_300.csv,3,17,18,40.55737304307743,40.55737304307743,03,03,1,0,True,completed
244,known_visit,ACBBA,bernoulli,drop_0.25,19,361,4,10,acbba_h8_bernoulli_025,C:\Users\lottj\Desktop\research\decentralized benchmark\commitment-horizon-study\reference_core_benchmark_pilot\known_visit_10target_300.csv,4,1,18,0.1698675196240617,0.1698675196240617,03,03,1,0,True,completed
244,known_visit,ACBBA,bernoulli,drop_0.25,19,361,4,10,acbba_h8_bernoulli_025,C:\Users\lottj\Desktop\research\decentralized benchmark\commitment-horizon-study\reference_core_benchmark_pilot\known_visit_10target_300.csv,5,5,6,7.479825479457826,7.479825479457826,01,01,2,1,True,completed
244,known_visit,ACBBA,bernoulli,drop_0.25,19,361,4,10,acbba_h8_bernoulli_025,C:\Users\lottj\Desktop\research\decentralized benchmark\commitment-horizon-study\reference_core_benchmark_pilot\known_visit_10target_300.csv,6,16,10,74.42019356214855,74.42019356214855,00,00,1,0,True,completed
244,known_visit,ACBBA,bernoulli,drop_0.25,19,361,4,10,acbba_h8_bernoulli_025,C:\Users\lottj\Desktop\research\decentralized benchmark\commitment-horizon-study\reference_core_benchmark_pilot\known_visit_10target_300.csv,7,9,5,16.353244517867715,16.353244517867715,01,01,2,1,True,completed
244,known_visit,ACBBA,bernoulli,drop_0.25,19,361,4,10,acbba_h8_bernoulli_025,C:\Users\lottj\Desktop\research\decentralized benchmark\commitment-horizon-study\reference_core_benchmark_pilot\known_visit_10target_300.csv,8,10,16,19.02404355189262,19.02404355189262,03,03,1,0,True,completed
244,known_visit,ACBBA,bernoulli,drop_0.25,19,361,4,10,acbba_h8_bernoulli_025,C:\Users\lottj\Desktop\research\decentralized benchmark\commitment-horizon-study\reference_core_benchmark_pilot\known_visit_10target_300.csv,9,17,11,78.11889634195127,78.11889634195127,00,00,1,0,True,completed
244,known_visit,ACBBA,bernoulli,drop_0.25,19,361,4,10,acbba_h8_bernoulli_025,C:\Users\lottj\Desktop\research\decentralized benchmark\commitment-horizon-study\reference_core_benchmark_pilot\known_visit_10target_300.csv,10,9,9,27.102907725811516,27.102907725811516,02,02,2,1,True,completed
245,known_visit,ACBBA,bernoulli,drop_0.25,19,361,4,10,acbba_h8_bernoulli_025,C:\Users\lottj\Desktop\research\decentralized benchmark\commitment-horizon-study\reference_core_benchmark_pilot\known_visit_10target_300.csv,1,5,4,14.18368722208823,14.18368722208823,00,00,1,0,True,completed
245,known_visit,ACBBA,bernoulli,drop_0.25,19,361,4,10,acbba_h8_bernoulli_025,C:\Users\lottj\Desktop\research\decentralized benchmark\commitment-horizon-study\reference_core_benchmark_pilot\known_visit_10target_300.csv,2,6,7,21.325552033009803,21.325552033009803,00,00,2,1,True,completed
245,known_visit,ACBBA,bernoulli,drop_0.25,19,361,4,10,acbba_h8_bernoulli_025,C:\Users\lottj\Desktop\research\decentralized benchmark\commitment-horizon-study\reference_core_benchmark_pilot\known_visit_10target_300.csv,3,9,9,29.196004745953342,29.196004745953342,03,03,1,0,True,completed
245,known_visit,ACBBA,bernoulli,drop_0.25,19,361,4,10,acbba_h8_bernoulli_025,C:\Users\lottj\Desktop\research\decentralized benchmark\commitment-horizon-study\reference_core_benchmark_pilot\known_visit_10target_300.csv,4,17,14,31.14149982732832,31.14149982732832,02,02,1,0,True,completed
245,known_visit,ACBBA,bernoulli,drop_0.25,19,361,4,10,acbba_h8_bernoulli_025,C:\Users\lottj\Desktop\research\decentralized benchmark\commitment-horizon-study\reference_core_benchmark_pilot\known_visit_10target_300.csv,5,8,5,14.19265554634079,14.19265554634079,01,01,1,0,True,completed
245,known_visit,ACBBA,bernoulli,drop_0.25,19,361,4,10,acbba_h8_bernoulli_025,C:\Users\lottj\Desktop\research\decentralized benchmark\commitment-horizon-study\reference_core_benchmark_pilot\known_visit_10target_300.csv,6,16,5,52.17750990066332,52.17750990066332,02,02,1,0,True,completed
245,known_visit,ACBBA,bernoulli,drop_0.25,19,361,4,10,acbba_h8_bernoulli_025,C:\Users\lottj\Desktop\research\decentralized benchmark\commitment-horizon-study\reference_core_benchmark_pilot\known_visit_10target_300.csv,7,13,12,20.65640703952802,20.65640703952802,02,02,1,0,True,completed
245,known_visit,ACBBA,bernoulli,drop_0.25,19,361,4,10,acbba_h8_bernoulli_025,C:\Users\lottj\Desktop\research\decentralized benchmark\commitment-horizon-study\reference_core_benchmark_pilot\known_visit_10target_300.csv,8,10,8,29.918588179471033,29.918588179471033,00,00,1,0,True,completed
245,known_visit,ACBBA,bernoulli,drop_0.25,19,361,4,10,acbba_h8_bernoulli_025,C:\Users\lottj\Desktop\research\decentralized benchmark\commitment-horizon-study\reference_core_benchmark_pilot\known_visit_10target_300.csv,9,9,3,19.747606333756046,19.747606333756046,01,01,1,0,True,completed
245,known_visit,ACBBA,bernoulli,drop_0.25,19,361,4,10,acbba_h8_bernoulli_025,C:\Users\lottj\Desktop\research\decentralized benchmark\commitment-horizon-study\reference_core_benchmark_pilot\known_visit_10target_300.csv,10,10,7,27.989870948865498,27.989870948865498,00,00,2,1,True,completed
246,known_visit,ACBBA,bernoulli,drop_0.25,19,361,4,10,acbba_h8_bernoulli_025,C:\Users\lottj\Desktop\research\decentralized benchmark\commitment-horizon-study\reference_core_benchmark_pilot\known_visit_10target_300.csv,1,5,15,12.528223391175644,12.528223391175644,02,02,2,1,True,completed
246,known_visit,ACBBA,bernoulli,drop_0.25,19,361,4,10,acbba_h8_bernoulli_025,C:\Users\lottj\Desktop\research\decentralized benchmark\commitment-horizon-study\reference_core_benchmark_pilot\known_visit_10target_300.csv,2,2,18,1.8901372224683497,1.8901372224683497,03,03,1,0,True,completed
246,known_visit,ACBBA,bernoulli,drop_0.25,19,361,4,10,acbba_h8_bernoulli_025,C:\Users\lottj\Desktop\research\decentralized benchmark\commitment-horizon-study\reference_core_benchmark_pilot\known_visit_10target_300.csv,3,1,0,0.2478804427675539,0.2478804427675539,00,00,1,0,True,completed
246,known_visit,ACBBA,bernoulli,drop_0.25,19,361,4,10,acbba_h8_bernoulli_025,C:\Users\lottj\Desktop\research\decentralized benchmark\commitment-horizon-study\reference_core_benchmark_pilot\known_visit_10target_300.csv,4,5,2,11.119713513242253,11.119713513242253,00,00,1,0,True,completed
246,known_visit,ACBBA,bernoulli,drop_0.25,19,361,4,10,acbba_h8_bernoulli_025,C:\Users\lottj\Desktop\research\decentralized benchmark\commitment-horizon-study\reference_core_benchmark_pilot\known_visit_10target_300.csv,5,18,17,37.32332831068958,37.32332831068958,03,03,2,1,True,completed
246,known_visit,ACBBA,bernoulli,drop_0.25,19,361,4,10,acbba_h8_bernoulli_025,C:\Users\lottj\Desktop\research\decentralized benchmark\commitment-horizon-study\reference_core_benchmark_pilot\known_visit_10target_300.csv,6,17,8,31.618092055742512,31.618092055742512,01,01,1,0,True,completed
246,known_visit,ACBBA,bernoulli,drop_0.25,19,361,4,10,acbba_h8_bernoulli_025,C:\Users\lottj\Desktop\research\decentralized benchmark\commitment-horizon-study\reference_core_benchmark_pilot\known_visit_10target_300.csv,7,7,8,14.20145395543994,14.20145395543994,01,01,1,0,True,completed
246,known_visit,ACBBA,bernoulli,drop_0.25,19,361,4,10,acbba_h8_bernoulli_025,C:\Users\lottj\Desktop\research\decentralized benchmark\commitment-horizon-study\reference_core_benchmark_pilot\known_visit_10target_300.csv,8,15,8,28.216442016309372,28.216442016309372,01,01,1,0,True,completed
246,known_visit,ACBBA,bernoulli,drop_0.25,19,361,4,10,acbba_h8_bernoulli_025,C:\Users\lottj\Desktop\research\decentralized benchmark\commitment-horizon-study\reference_core_benchmark_pilot\known_visit_10target_300.csv,9,18,0,66.85544487579604,66.85544487579604,03,03,1,0,True,completed
246,known_visit,ACBBA,bernoulli,drop_0.25,19,361,4,10,acbba_h8_bernoulli_025,C:\Users\lottj\Desktop\research\decentralized benchmark\commitment-horizon-study\reference_core_benchmark_pilot\known_visit_10target_300.csv,10,6,2,13.187937648396968,13.187937648396968,00,00,1,0,True,completed
247,known_visit,ACBBA,bernoulli,drop_0.25,19,361,4,10,acbba_h8_bernoulli_025,C:\Users\lottj\Desktop\research\decentralized benchmark\commitment-horizon-study\reference_core_benchmark_pilot\known_visit_10target_300.csv,1,12,16,24.717437341135998,24.717437341135998,03,03,1,0,True,completed
247,known_visit,ACBBA,bernoulli,drop_0.25,19,361,4,10,acbba_h8_bernoulli_025,C:\Users\lottj\Desktop\research\decentralized benchmark\commitment-horizon-study\reference_core_benchmark_pilot\known_visit_10target_300.csv,2,8,0,23.385611346887334,23.385611346887334,00,00,1,0,True,completed
247,known_visit,ACBBA,bernoulli,drop_0.25,19,361,4,10,acbba_h8_bernoulli_025,C:\Users\lottj\Desktop\research\decentralized benchmark\commitment-horizon-study\reference_core_benchmark_pilot\known_visit_10target_300.csv,3,18,7,103.27884291039574,103.27884291039574,03,03,1,0,True,completed
247,known_visit,ACBBA,bernoulli,drop_0.25,19,361,4,10,acbba_h8_bernoulli_025,C:\Users\lottj\Desktop\research\decentralized benchmark\commitment-horizon-study\reference_core_benchmark_pilot\known_visit_10target_300.csv,4,2,3,7.3246811879548535,7.3246811879548535,00,00,2,1,True,completed
247,known_visit,ACBBA,bernoulli,drop_0.25,19,361,4,10,acbba_h8_bernoulli_025,C:\Users\lottj\Desktop\research\decentralized benchmark\commitment-horizon-study\reference_core_benchmark_pilot\known_visit_10target_300.csv,5,10,4,34.06948828724349,34.06948828724349,00,00,1,0,True,completed
247,known_visit,ACBBA,bernoulli,drop_0.25,19,361,4,10,acbba_h8_bernoulli_025,C:\Users\lottj\Desktop\research\decentralized benchmark\commitment-horizon-study\reference_core_benchmark_pilot\known_visit_10target_300.csv,6,9,7,23.540975336440713,23.540975336440713,01,01,2,1,True,completed
247,known_visit,ACBBA,bernoulli,drop_0.25,19,361,4,10,acbba_h8_bernoulli_025,C:\Users\lottj\Desktop\research\decentralized benchmark\commitment-horizon-study\reference_core_benchmark_pilot\known_visit_10target_300.csv,7,9,5,20.03159710214218,20.03159710214218,01,01,2,1,True,completed
247,known_visit,ACBBA,bernoulli,drop_0.25,19,361,4,10,acbba_h8_bernoulli_025,C:\Users\lottj\Desktop\research\decentralized benchmark\commitment-horizon-study\reference_core_benchmark_pilot\known_visit_10target_300.csv,8,18,13,38.75836633935855,38.75836633935855,02,02,1,0,True,completed
247,known_visit,ACBBA,bernoulli,drop_0.25,19,361,4,10,acbba_h8_bernoulli_025,C:\Users\lottj\Desktop\research\decentralized benchmark\commitment-horizon-study\reference_core_benchmark_pilot\known_visit_10target_300.csv,9,1,15,5.531867976573779,5.531867976573779,02,02,2,1,True,completed
247,known_visit,ACBBA,bernoulli,drop_0.25,19,361,4,10,acbba_h8_bernoulli_025,C:\Users\lottj\Desktop\research\decentralized benchmark\commitment-horizon-study\reference_core_benchmark_pilot\known_visit_10target_300.csv,10,8,9,29.06461514082265,29.06461514082265,01,01,1,0,True,completed
248,known_visit,ACBBA,bernoulli,drop_0.25,19,361,4,10,acbba_h8_bernoulli_025,C:\Users\lottj\Desktop\research\decentralized benchmark\commitment-horizon-study\reference_core_benchmark_pilot\known_visit_10target_300.csv,1,4,12,9.951945826101474,9.951945826101474,02,02,2,1,True,completed
248,known_visit,ACBBA,bernoulli,drop_0.25,19,361,4,10,acbba_h8_bernoulli_025,C:\Users\lottj\Desktop\research\decentralized benchmark\commitment-horizon-study\reference_core_benchmark_pilot\known_visit_10target_300.csv,2,8,2,19.817887956751832,19.817887956751832,00,00,1,0,True,completed
248,known_visit,ACBBA,bernoulli,drop_0.25,19,361,4,10,acbba_h8_bernoulli_025,C:\Users\lottj\Desktop\research\decentralized benchmark\commitment-horizon-study\reference_core_benchmark_pilot\known_visit_10target_300.csv,3,5,11,13.926588878091204,13.926588878091204,02,02,1,0,True,completed
248,known_visit,ACBBA,bernoulli,drop_0.25,19,361,4,10,acbba_h8_bernoulli_025,C:\Users\lottj\Desktop\research\decentralized benchmark\commitment-horizon-study\reference_core_benchmark_pilot\known_visit_10target_300.csv,4,13,13,34.04281821824716,34.04281821824716,01,01,1,0,True,completed
248,known_visit,ACBBA,bernoulli,drop_0.25,19,361,4,10,acbba_h8_bernoulli_025,C:\Users\lottj\Desktop\research\decentralized benchmark\commitment-horizon-study\reference_core_benchmark_pilot\known_visit_10target_300.csv,5,9,14,21.141098712821588,21.141098712821588,03,03,1,0,True,completed
248,known_visit,ACBBA,bernoulli,drop_0.25,19,361,4,10,acbba_h8_bernoulli_025,C:\Users\lottj\Desktop\research\decentralized benchmark\commitment-horizon-study\reference_core_benchmark_pilot\known_visit_10target_300.csv,6,2,11,4.018558866115302,4.018558866115302,02,02,2,1,True,completed
248,known_visit,ACBBA,bernoulli,drop_0.25,19,361,4,10,acbba_h8_bernoulli_025,C:\Users\lottj\Desktop\research\decentralized benchmark\commitment-horizon-study\reference_core_benchmark_pilot\known_visit_10target_300.csv,7,6,3,14.393531962530805,14.393531962530805,00,00,1,0,True,completed
248,known_visit,ACBBA,bernoulli,drop_0.25,19,361,4,10,acbba_h8_bernoulli_025,C:\Users\lottj\Desktop\research\decentralized benchmark\commitment-horizon-study\reference_core_benchmark_pilot\known_visit_10target_300.csv,8,4,2,8.934767734941762,8.934767734941762,00,00,1,0,True,completed
248,known_visit,ACBBA,bernoulli,drop_0.25,19,361,4,10,acbba_h8_bernoulli_025,C:\Users\lottj\Desktop\research\decentralized benchmark\commitment-horizon-study\reference_core_benchmark_pilot\known_visit_10target_300.csv,9,2,16,5.4411369713080155,5.4411369713080155,03,03,1,0,True,completed
248,known_visit,ACBBA,bernoulli,drop_0.25,19,361,4,10,acbba_h8_bernoulli_025,C:\Users\lottj\Desktop\research\decentralized benchmark\commitment-horizon-study\reference_core_benchmark_pilot\known_visit_10target_300.csv,10,12,12,30.39399678240721,30.39399678240721,01,01,1,0,True,completed
249,known_visit,ACBBA,bernoulli,drop_0.25,19,361,4,10,acbba_h8_bernoulli_025,C:\Users\lottj\Desktop\research\decentralized benchmark\commitment-horizon-study\reference_core_benchmark_pilot\known_visit_10target_300.csv,1,15,8,38.114282279975754,38.114282279975754,01,01,1,0,True,completed
249,known_visit,ACBBA,bernoulli,drop_0.25,19,361,4,10,acbba_h8_bernoulli_025,C:\Users\lottj\Desktop\research\decentralized benchmark\commitment-horizon-study\reference_core_benchmark_pilot\known_visit_10target_300.csv,2,14,4,75.60993123457038,75.60993123457038,02,02,1,0,True,completed
249,known_visit,ACBBA,bernoulli,drop_0.25,19,361,4,10,acbba_h8_bernoulli_025,C:\Users\lottj\Desktop\research\decentralized benchmark\commitment-horizon-study\reference_core_benchmark_pilot\known_visit_10target_300.csv,3,1,8,7.469148609794265,7.469148609794265,02,02,1,0,True,completed
249,known_visit,ACBBA,bernoulli,drop_0.25,19,361,4,10,acbba_h8_bernoulli_025,C:\Users\lottj\Desktop\research\decentralized benchmark\commitment-horizon-study\reference_core_benchmark_pilot\known_visit_10target_300.csv,4,11,6,17.351156396838984,17.351156396838984,01,01,1,0,True,completed
249,known_visit,ACBBA,bernoulli,drop_0.25,19,361,4,10,acbba_h8_bernoulli_025,C:\Users\lottj\Desktop\research\decentralized benchmark\commitment-horizon-study\reference_core_benchmark_pilot\known_visit_10target_300.csv,5,1,17,2.2061263646569795,2.2061263646569795,03,03,2,1,True,completed
249,known_visit,ACBBA,bernoulli,drop_0.25,19,361,4,10,acbba_h8_bernoulli_025,C:\Users\lottj\Desktop\research\decentralized benchmark\commitment-horizon-study\reference_core_benchmark_pilot\known_visit_10target_300.csv,6,16,11,42.23454106442798,42.23454106442798,03,03,1,0,True,completed
249,known_visit,ACBBA,bernoulli,drop_0.25,19,361,4,10,acbba_h8_bernoulli_025,C:\Users\lottj\Desktop\research\decentralized benchmark\commitment-horizon-study\reference_core_benchmark_pilot\known_visit_10target_300.csv,7,6,18,12.782332314306556,12.782332314306556,03,03,2,1,True,completed
249,known_visit,ACBBA,bernoulli,drop_0.25,19,361,4,10,acbba_h8_bernoulli_025,C:\Users\lottj\Desktop\research\decentralized benchmark\commitment-horizon-study\reference_core_benchmark_pilot\known_visit_10target_300.csv,8,15,7,36.33121487980848,36.33121487980848,01,01,2,1,True,completed
249,known_visit,ACBBA,bernoulli,drop_0.25,19,361,4,10,acbba_h8_bernoulli_025,C:\Users\lottj\Desktop\research\decentralized benchmark\commitment-horizon-study\reference_core_benchmark_pilot\known_visit_10target_300.csv,9,17,0,26.94033578353826,26.94033578353826,00,00,1,0,True,completed
249,known_visit,ACBBA,bernoulli,drop_0.25,19,361,4,10,acbba_h8_bernoulli_025,C:\Users\lottj\Desktop\research\decentralized benchmark\commitment-horizon-study\reference_core_benchmark_pilot\known_visit_10target_300.csv,10,12,0,18.69348235743738,18.69348235743738,00,00,1,0,True,completed
250,known_visit,ACBBA,bernoulli,drop_0.25,19,361,4,10,acbba_h8_bernoulli_025,C:\Users\lottj\Desktop\research\decentralized benchmark\commitment-horizon-study\reference_core_benchmark_pilot\known_visit_10target_300.csv,1,5,0,14.911464380036618,14.911464380036618,00,00,2,1,True,completed
250,known_visit,ACBBA,bernoulli,drop_0.25,19,361,4,10,acbba_h8_bernoulli_025,C:\Users\lottj\Desktop\research\decentralized benchmark\commitment-horizon-study\reference_core_benchmark_pilot\known_visit_10target_300.csv,2,6,17,10.924862090247673,10.924862090247673,03,03,2,1,True,completed
250,known_visit,ACBBA,bernoulli,drop_0.25,19,361,4,10,acbba_h8_bernoulli_025,C:\Users\lottj\Desktop\research\decentralized benchmark\commitment-horizon-study\reference_core_benchmark_pilot\known_visit_10target_300.csv,3,6,7,32.58509778882672,32.58509778882672,00,00,2,1,True,completed
250,known_visit,ACBBA,bernoulli,drop_0.25,19,361,4,10,acbba_h8_bernoulli_025,C:\Users\lottj\Desktop\research\decentralized benchmark\commitment-horizon-study\reference_core_benchmark_pilot\known_visit_10target_300.csv,4,2,2,5.6900173383997785,5.6900173383997785,00,00,2,1,True,completed
250,known_visit,ACBBA,bernoulli,drop_0.25,19,361,4,10,acbba_h8_bernoulli_025,C:\Users\lottj\Desktop\research\decentralized benchmark\commitment-horizon-study\reference_core_benchmark_pilot\known_visit_10target_300.csv,5,18,17,48.02939469309297,48.02939469309297,02,02,1,0,True,completed
250,known_visit,ACBBA,bernoulli,drop_0.25,19,361,4,10,acbba_h8_bernoulli_025,C:\Users\lottj\Desktop\research\decentralized benchmark\commitment-horizon-study\reference_core_benchmark_pilot\known_visit_10target_300.csv,6,10,8,33.55536927739839,33.55536927739839,03,03,2,1,True,completed
250,known_visit,ACBBA,bernoulli,drop_0.25,19,361,4,10,acbba_h8_bernoulli_025,C:\Users\lottj\Desktop\research\decentralized benchmark\commitment-horizon-study\reference_core_benchmark_pilot\known_visit_10target_300.csv,7,12,8,53.788565593545975,53.788565593545975,00,00,1,0,True,completed
250,known_visit,ACBBA,bernoulli,drop_0.25,19,361,4,10,acbba_h8_bernoulli_025,C:\Users\lottj\Desktop\research\decentralized benchmark\commitment-horizon-study\reference_core_benchmark_pilot\known_visit_10target_300.csv,8,17,14,61.30398632080645,61.30398632080645,02,02,1,0,True,completed
250,known_visit,ACBBA,bernoulli,drop_0.25,19,361,4,10,acbba_h8_bernoulli_025,C:\Users\lottj\Desktop\research\decentralized benchmark\commitment-horizon-study\reference_core_benchmark_pilot\known_visit_10target_300.csv,9,14,17,35.14167455176901,35.14167455176901,02,02,1,0,True,completed
250,known_visit,ACBBA,bernoulli,drop_0.25,19,361,4,10,acbba_h8_bernoulli_025,C:\Users\lottj\Desktop\research\decentralized benchmark\commitment-horizon-study\reference_core_benchmark_pilot\known_visit_10target_300.csv,10,16,7,62.97914060700393,62.97914060700393,00,00,1,0,True,completed
251,known_visit,ACBBA,bernoulli,drop_0.25,19,361,4,10,acbba_h8_bernoulli_025,C:\Users\lottj\Desktop\research\decentralized benchmark\commitment-horizon-study\reference_core_benchmark_pilot\known_visit_10target_300.csv,1,6,1,31.429454354405387,31.429454354405387,00,00,1,0,True,completed
251,known_visit,ACBBA,bernoulli,drop_0.25,19,361,4,10,acbba_h8_bernoulli_025,C:\Users\lottj\Desktop\research\decentralized benchmark\commitment-horizon-study\reference_core_benchmark_pilot\known_visit_10target_300.csv,2,15,6,55.71507686038123,55.71507686038123,00,00,1,0,True,completed
251,known_visit,ACBBA,bernoulli,drop_0.25,19,361,4,10,acbba_h8_bernoulli_025,C:\Users\lottj\Desktop\research\decentralized benchmark\commitment-horizon-study\reference_core_benchmark_pilot\known_visit_10target_300.csv,3,16,18,40.92084193065919,40.92084193065919,03,03,1,0,True,completed
251,known_visit,ACBBA,bernoulli,drop_0.25,19,361,4,10,acbba_h8_bernoulli_025,C:\Users\lottj\Desktop\research\decentralized benchmark\commitment-horizon-study\reference_core_benchmark_pilot\known_visit_10target_300.csv,4,1,14,7.645545607932244,7.645545607932244,03,03,1,0,True,completed
251,known_visit,ACBBA,bernoulli,drop_0.25,19,361,4,10,acbba_h8_bernoulli_025,C:\Users\lottj\Desktop\research\decentralized benchmark\commitment-horizon-study\reference_core_benchmark_pilot\known_visit_10target_300.csv,5,15,3,50.68715380243561,50.68715380243561,00,00,1,0,True,completed
251,known_visit,ACBBA,bernoulli,drop_0.25,19,361,4,10,acbba_h8_bernoulli_025,C:\Users\lottj\Desktop\research\decentralized benchmark\commitment-horizon-study\reference_core_benchmark_pilot\known_visit_10target_300.csv,6,1,7,2.1535310680450492,2.1535310680450492,01,01,2,1,True,completed
251,known_visit,ACBBA,bernoulli,drop_0.25,19,361,4,10,acbba_h8_bernoulli_025,C:\Users\lottj\Desktop\research\decentralized benchmark\commitment-horizon-study\reference_core_benchmark_pilot\known_visit_10target_300.csv,7,4,16,16.563704819181204,16.563704819181204,03,03,2,1,True,completed
251,known_visit,ACBBA,bernoulli,drop_0.25,19,361,4,10,acbba_h8_bernoulli_025,C:\Users\lottj\Desktop\research\decentralized benchmark\commitment-horizon-study\reference_core_benchmark_pilot\known_visit_10target_300.csv,8,10,1,38.35251241743922,38.35251241743922,00,00,1,0,True,completed
251,known_visit,ACBBA,bernoulli,drop_0.25,19,361,4,10,acbba_h8_bernoulli_025,C:\Users\lottj\Desktop\research\decentralized benchmark\commitment-horizon-study\reference_core_benchmark_pilot\known_visit_10target_300.csv,9,10,10,19.942382348201914,19.942382348201914,02,02,1,0,True,completed
251,known_visit,ACBBA,bernoulli,drop_0.25,19,361,4,10,acbba_h8_bernoulli_025,C:\Users\lottj\Desktop\research\decentralized benchmark\commitment-horizon-study\reference_core_benchmark_pilot\known_visit_10target_300.csv,10,7,11,13.04211164194098,13.04211164194098,02,02,2,1,True,completed
252,known_visit,ACBBA,bernoulli,drop_0.25,19,361,4,10,acbba_h8_bernoulli_025,C:\Users\lottj\Desktop\research\decentralized benchmark\commitment-horizon-study\reference_core_benchmark_pilot\known_visit_10target_300.csv,1,12,7,21.730595941306515,21.730595941306515,01,01,1,0,True,completed
252,known_visit,ACBBA,bernoulli,drop_0.25,19,361,4,10,acbba_h8_bernoulli_025,C:\Users\lottj\Desktop\research\decentralized benchmark\commitment-horizon-study\reference_core_benchmark_pilot\known_visit_10target_300.csv,2,16,15,54.12081051981758,54.12081051981758,01,01,1,0,True,completed
252,known_visit,ACBBA,bernoulli,drop_0.25,19,361,4,10,acbba_h8_bernoulli_025,C:\Users\lottj\Desktop\research\decentralized benchmark\commitment-horizon-study\reference_core_benchmark_pilot\known_visit_10target_300.csv,3,3,6,3.594439579579704,3.594439579579704,01,01,1,0,True,completed
252,known_visit,ACBBA,bernoulli,drop_0.25,19,361,4,10,acbba_h8_bernoulli_025,C:\Users\lottj\Desktop\research\decentralized benchmark\commitment-horizon-study\reference_core_benchmark_pilot\known_visit_10target_300.csv,4,17,6,32.470228295836286,32.470228295836286,01,01,1,0,True,completed
252,known_visit,ACBBA,bernoulli,drop_0.25,19,361,4,10,acbba_h8_bernoulli_025,C:\Users\lottj\Desktop\research\decentralized benchmark\commitment-horizon-study\reference_core_benchmark_pilot\known_visit_10target_300.csv,5,10,8,29.460470724470724,29.460470724470724,02,02,1,0,True,completed
252,known_visit,ACBBA,bernoulli,drop_0.25,19,361,4,10,acbba_h8_bernoulli_025,C:\Users\lottj\Desktop\research\decentralized benchmark\commitment-horizon-study\reference_core_benchmark_pilot\known_visit_10target_300.csv,6,9,14,21.570079474073236,21.570079474073236,03,03,1,0,True,completed
252,known_visit,ACBBA,bernoulli,drop_0.25,19,361,4,10,acbba_h8_bernoulli_025,C:\Users\lottj\Desktop\research\decentralized benchmark\commitment-horizon-study\reference_core_benchmark_pilot\known_visit_10target_300.csv,7,6,13,10.642513422414426,10.642513422414426,02,02,1,0,True,completed
252,known_visit,ACBBA,bernoulli,drop_0.25,19,361,4,10,acbba_h8_bernoulli_025,C:\Users\lottj\Desktop\research\decentralized benchmark\commitment-horizon-study\reference_core_benchmark_pilot\known_visit_10target_300.csv,8,4,12,5.317671870095278,5.317671870095278,02,02,1,0,True,completed
252,known_visit,ACBBA,bernoulli,drop_0.25,19,361,4,10,acbba_h8_bernoulli_025,C:\Users\lottj\Desktop\research\decentralized benchmark\commitment-horizon-study\reference_core_benchmark_pilot\known_visit_10target_300.csv,9,6,3,14.01441185129088,14.01441185129088,00,00,2,1,True,completed
252,known_visit,ACBBA,bernoulli,drop_0.25,19,361,4,10,acbba_h8_bernoulli_025,C:\Users\lottj\Desktop\research\decentralized benchmark\commitment-horizon-study\reference_core_benchmark_pilot\known_visit_10target_300.csv,10,9,11,27.016333205793106,27.016333205793106,03,03,1,0,True,completed
253,known_visit,ACBBA,bernoulli,drop_0.25,19,361,4,10,acbba_h8_bernoulli_025,C:\Users\lottj\Desktop\research\decentralized benchmark\commitment-horizon-study\reference_core_benchmark_pilot\known_visit_10target_300.csv,1,3,10,16.599031563588387,16.599031563588387,02,02,2,1,True,completed
253,known_visit,ACBBA,bernoulli,drop_0.25,19,361,4,10,acbba_h8_bernoulli_025,C:\Users\lottj\Desktop\research\decentralized benchmark\commitment-horizon-study\reference_core_benchmark_pilot\known_visit_10target_300.csv,2,11,4,35.2531451005013,35.2531451005013,01,01,1,0,True,completed
253,known_visit,ACBBA,bernoulli,drop_0.25,19,361,4,10,acbba_h8_bernoulli_025,C:\Users\lottj\Desktop\research\decentralized benchmark\commitment-horizon-study\reference_core_benchmark_pilot\known_visit_10target_300.csv,3,3,14,7.557716698666707,7.557716698666707,02,02,2,1,True,completed
253,known_visit,ACBBA,bernoulli,drop_0.25,19,361,4,10,acbba_h8_bernoulli_025,C:\Users\lottj\Desktop\research\decentralized benchmark\commitment-horizon-study\reference_core_benchmark_pilot\known_visit_10target_300.csv,4,8,1,45.69129423296834,45.69129423296834,01,01,1,0,True,completed
253,known_visit,ACBBA,bernoulli,drop_0.25,19,361,4,10,acbba_h8_bernoulli_025,C:\Users\lottj\Desktop\research\decentralized benchmark\commitment-horizon-study\reference_core_benchmark_pilot\known_visit_10target_300.csv,5,6,6,23.684577153512787,23.684577153512787,00,00,1,0,True,completed
253,known_visit,ACBBA,bernoulli,drop_0.25,19,361,4,10,acbba_h8_bernoulli_025,C:\Users\lottj\Desktop\research\decentralized benchmark\commitment-horizon-study\reference_core_benchmark_pilot\known_visit_10target_300.csv,6,0,13,0.5173926297526869,0.5173926297526869,02,02,2,1,True,completed
253,known_visit,ACBBA,bernoulli,drop_0.25,19,361,4,10,acbba_h8_bernoulli_025,C:\Users\lottj\Desktop\research\decentralized benchmark\commitment-horizon-study\reference_core_benchmark_pilot\known_visit_10target_300.csv,7,8,10,19.153143148378277,19.153143148378277,01,01,1,0,True,completed
253,known_visit,ACBBA,bernoulli,drop_0.25,19,361,4,10,acbba_h8_bernoulli_025,C:\Users\lottj\Desktop\research\decentralized benchmark\commitment-horizon-study\reference_core_benchmark_pilot\known_visit_10target_300.csv,8,16,0,61.431716320751825,61.431716320751825,01,01,1,0,True,completed
253,known_visit,ACBBA,bernoulli,drop_0.25,19,361,4,10,acbba_h8_bernoulli_025,C:\Users\lottj\Desktop\research\decentralized benchmark\commitment-horizon-study\reference_core_benchmark_pilot\known_visit_10target_300.csv,9,10,6,29.841758242771522,29.841758242771522,01,01,1,0,True,completed
253,known_visit,ACBBA,bernoulli,drop_0.25,19,361,4,10,acbba_h8_bernoulli_025,C:\Users\lottj\Desktop\research\decentralized benchmark\commitment-horizon-study\reference_core_benchmark_pilot\known_visit_10target_300.csv,10,4,2,8.957304685653604,8.957304685653604,00,00,1,0,True,completed
254,known_visit,ACBBA,bernoulli,drop_0.25,19,361,4,10,acbba_h8_bernoulli_025,C:\Users\lottj\Desktop\research\decentralized benchmark\commitment-horizon-study\reference_core_benchmark_pilot\known_visit_10target_300.csv,1,7,8,14.52972422908209,14.52972422908209,01,01,2,1,True,completed
254,known_visit,ACBBA,bernoulli,drop_0.25,19,361,4,10,acbba_h8_bernoulli_025,C:\Users\lottj\Desktop\research\decentralized benchmark\commitment-horizon-study\reference_core_benchmark_pilot\known_visit_10target_300.csv,2,13,2,61.958969864375916,61.958969864375916,02,02,1,0,True,completed
254,known_visit,ACBBA,bernoulli,drop_0.25,19,361,4,10,acbba_h8_bernoulli_025,C:\Users\lottj\Desktop\research\decentralized benchmark\commitment-horizon-study\reference_core_benchmark_pilot\known_visit_10target_300.csv,3,18,4,36.769841423735706,36.769841423735706,00,00,1,0,True,completed
254,known_visit,ACBBA,bernoulli,drop_0.25,19,361,4,10,acbba_h8_bernoulli_025,C:\Users\lottj\Desktop\research\decentralized benchmark\commitment-horizon-study\reference_core_benchmark_pilot\known_visit_10target_300.csv,4,9,3,19.370737774324578,19.370737774324578,00,00,1,0,True,completed
254,known_visit,ACBBA,bernoulli,drop_0.25,19,361,4,10,acbba_h8_bernoulli_025,C:\Users\lottj\Desktop\research\decentralized benchmark\commitment-horizon-study\reference_core_benchmark_pilot\known_visit_10target_300.csv,5,17,11,54.6322683398625,54.6322683398625,00,00,1,0,True,completed
254,known_visit,ACBBA,bernoulli,drop_0.25,19,361,4,10,acbba_h8_bernoulli_025,C:\Users\lottj\Desktop\research\decentralized benchmark\commitment-horizon-study\reference_core_benchmark_pilot\known_visit_10target_300.csv,6,8,0,12.037164826714083,12.037164826714083,00,00,3,2,True,completed
254,known_visit,ACBBA,bernoulli,drop_0.25,19,361,4,10,acbba_h8_bernoulli_025,C:\Users\lottj\Desktop\research\decentralized benchmark\commitment-horizon-study\reference_core_benchmark_pilot\known_visit_10target_300.csv,7,16,9,49.192995774061544,49.192995774061544,00,00,1,0,True,completed
254,known_visit,ACBBA,bernoulli,drop_0.25,19,361,4,10,acbba_h8_bernoulli_025,C:\Users\lottj\Desktop\research\decentralized benchmark\commitment-horizon-study\reference_core_benchmark_pilot\known_visit_10target_300.csv,8,6,14,15.65071938655168,15.65071938655168,03,03,2,1,True,completed
254,known_visit,ACBBA,bernoulli,drop_0.25,19,361,4,10,acbba_h8_bernoulli_025,C:\Users\lottj\Desktop\research\decentralized benchmark\commitment-horizon-study\reference_core_benchmark_pilot\known_visit_10target_300.csv,9,4,11,7.159553403250507,7.159553403250507,02,02,2,1,True,completed
254,known_visit,ACBBA,bernoulli,drop_0.25,19,361,4,10,acbba_h8_bernoulli_025,C:\Users\lottj\Desktop\research\decentralized benchmark\commitment-horizon-study\reference_core_benchmark_pilot\known_visit_10target_300.csv,10,7,3,27.760826039117816,27.760826039117816,02,02,2,1,True,completed
255,known_visit,ACBBA,bernoulli,drop_0.25,19,361,4,10,acbba_h8_bernoulli_025,C:\Users\lottj\Desktop\research\decentralized benchmark\commitment-horizon-study\reference_core_benchmark_pilot\known_visit_10target_300.csv,1,6,14,15.974446018175911,15.974446018175911,03,03,1,0,True,completed
255,known_visit,ACBBA,bernoulli,drop_0.25,19,361,4,10,acbba_h8_bernoulli_025,C:\Users\lottj\Desktop\research\decentralized benchmark\commitment-horizon-study\reference_core_benchmark_pilot\known_visit_10target_300.csv,2,14,6,33.26043280615828,33.26043280615828,00,00,2,1,True,completed
255,known_visit,ACBBA,bernoulli,drop_0.25,19,361,4,10,acbba_h8_bernoulli_025,C:\Users\lottj\Desktop\research\decentralized benchmark\commitment-horizon-study\reference_core_benchmark_pilot\known_visit_10target_300.csv,3,11,13,26.633388419946826,26.633388419946826,03,03,2,1,True,completed
255,known_visit,ACBBA,bernoulli,drop_0.25,19,361,4,10,acbba_h8_bernoulli_025,C:\Users\lottj\Desktop\research\decentralized benchmark\commitment-horizon-study\reference_core_benchmark_pilot\known_visit_10target_300.csv,4,13,7,51.72957616538484,51.72957616538484,01,01,2,1,True,completed
255,known_visit,ACBBA,bernoulli,drop_0.25,19,361,4,10,acbba_h8_bernoulli_025,C:\Users\lottj\Desktop\research\decentralized benchmark\commitment-horizon-study\reference_core_benchmark_pilot\known_visit_10target_300.csv,5,6,7,17.573156821432605,17.573156821432605,02,02,1,0,True,completed
255,known_visit,ACBBA,bernoulli,drop_0.25,19,361,4,10,acbba_h8_bernoulli_025,C:\Users\lottj\Desktop\research\decentralized benchmark\commitment-horizon-study\reference_core_benchmark_pilot\known_visit_10target_300.csv,6,18,10,44.59419664042573,44.59419664042573,03,03,1,0,True,completed
255,known_visit,ACBBA,bernoulli,drop_0.25,19,361,4,10,acbba_h8_bernoulli_025,C:\Users\lottj\Desktop\research\decentralized benchmark\commitment-horizon-study\reference_core_benchmark_pilot\known_visit_10target_300.csv,7,13,11,58.844485733122404,58.844485733122404,01,01,1,0,True,completed
255,known_visit,ACBBA,bernoulli,drop_0.25,19,361,4,10,acbba_h8_bernoulli_025,C:\Users\lottj\Desktop\research\decentralized benchmark\commitment-horizon-study\reference_core_benchmark_pilot\known_visit_10target_300.csv,8,16,12,37.331455217362674,37.331455217362674,03,03,1,0,True,completed
255,known_visit,ACBBA,bernoulli,drop_0.25,19,361,4,10,acbba_h8_bernoulli_025,C:\Users\lottj\Desktop\research\decentralized benchmark\commitment-horizon-study\reference_core_benchmark_pilot\known_visit_10target_300.csv,9,11,1,19.25347810285368,19.25347810285368,00,00,2,1,True,completed
255,known_visit,ACBBA,bernoulli,drop_0.25,19,361,4,10,acbba_h8_bernoulli_025,C:\Users\lottj\Desktop\research\decentralized benchmark\commitment-horizon-study\reference_core_benchmark_pilot\known_visit_10target_300.csv,10,9,4,17.465806189697673,17.465806189697673,01,01,2,1,True,completed
256,known_visit,ACBBA,bernoulli,drop_0.25,19,361,4,10,acbba_h8_bernoulli_025,C:\Users\lottj\Desktop\research\decentralized benchmark\commitment-horizon-study\reference_core_benchmark_pilot\known_visit_10target_300.csv,1,5,14,14.664607548695775,14.664607548695775,02,02,1,0,True,completed
256,known_visit,ACBBA,bernoulli,drop_0.25,19,361,4,10,acbba_h8_bernoulli_025,C:\Users\lottj\Desktop\research\decentralized benchmark\commitment-horizon-study\reference_core_benchmark_pilot\known_visit_10target_300.csv,2,13,9,72.81779966252596,72.81779966252596,00,00,1,0,True,completed
256,known_visit,ACBBA,bernoulli,drop_0.25,19,361,4,10,acbba_h8_bernoulli_025,C:\Users\lottj\Desktop\research\decentralized benchmark\commitment-horizon-study\reference_core_benchmark_pilot\known_visit_10target_300.csv,3,9,5,30.751676729351104,30.751676729351104,01,01,1,0,True,completed
256,known_visit,ACBBA,bernoulli,drop_0.25,19,361,4,10,acbba_h8_bernoulli_025,C:\Users\lottj\Desktop\research\decentralized benchmark\commitment-horizon-study\reference_core_benchmark_pilot\known_visit_10target_300.csv,4,15,6,81.48507429064827,81.48507429064827,00,00,1,0,True,completed
256,known_visit,ACBBA,bernoulli,drop_0.25,19,361,4,10,acbba_h8_bernoulli_025,C:\Users\lottj\Desktop\research\decentralized benchmark\commitment-horizon-study\reference_core_benchmark_pilot\known_visit_10target_300.csv,5,2,4,5.731734795285061,5.731734795285061,01,01,2,1,True,completed
256,known_visit,ACBBA,bernoulli,drop_0.25,19,361,4,10,acbba_h8_bernoulli_025,C:\Users\lottj\Desktop\research\decentralized benchmark\commitment-horizon-study\reference_core_benchmark_pilot\known_visit_10target_300.csv,6,1,6,0.15262159723873375,0.15262159723873375,01,01,3,2,True,completed
256,known_visit,ACBBA,bernoulli,drop_0.25,19,361,4,10,acbba_h8_bernoulli_025,C:\Users\lottj\Desktop\research\decentralized benchmark\commitment-horizon-study\reference_core_benchmark_pilot\known_visit_10target_300.csv,7,4,8,16.255745148504033,16.255745148504033,01,01,1,0,True,completed
256,known_visit,ACBBA,bernoulli,drop_0.25,19,361,4,10,acbba_h8_bernoulli_025,C:\Users\lottj\Desktop\research\decentralized benchmark\commitment-horizon-study\reference_core_benchmark_pilot\known_visit_10target_300.csv,8,18,3,91.71269427889696,91.71269427889696,00,00,1,0,True,completed
256,known_visit,ACBBA,bernoulli,drop_0.25,19,361,4,10,acbba_h8_bernoulli_025,C:\Users\lottj\Desktop\research\decentralized benchmark\commitment-horizon-study\reference_core_benchmark_pilot\known_visit_10target_300.csv,9,1,5,2.120103808578539,2.120103808578539,01,01,2,1,True,completed
256,known_visit,ACBBA,bernoulli,drop_0.25,19,361,4,10,acbba_h8_bernoulli_025,C:\Users\lottj\Desktop\research\decentralized benchmark\commitment-horizon-study\reference_core_benchmark_pilot\known_visit_10target_300.csv,10,0,15,3.8972134647813292,3.8972134647813292,02,02,2,1,True,completed
257,known_visit,ACBBA,bernoulli,drop_0.25,19,361,4,10,acbba_h8_bernoulli_025,C:\Users\lottj\Desktop\research\decentralized benchmark\commitment-horizon-study\reference_core_benchmark_pilot\known_visit_10target_300.csv,1,16,6,39.11475282554172,39.11475282554172,02,02,1,0,True,completed
257,known_visit,ACBBA,bernoulli,drop_0.25,19,361,4,10,acbba_h8_bernoulli_025,C:\Users\lottj\Desktop\research\decentralized benchmark\commitment-horizon-study\reference_core_benchmark_pilot\known_visit_10target_300.csv,2,15,14,32.274662003046295,32.274662003046295,03,03,1,0,True,completed
257,known_visit,ACBBA,bernoulli,drop_0.25,19,361,4,10,acbba_h8_bernoulli_025,C:\Users\lottj\Desktop\research\decentralized benchmark\commitment-horizon-study\reference_core_benchmark_pilot\known_visit_10target_300.csv,3,14,0,52.16150350288351,52.16150350288351,01,01,1,0,True,completed
257,known_visit,ACBBA,bernoulli,drop_0.25,19,361,4,10,acbba_h8_bernoulli_025,C:\Users\lottj\Desktop\research\decentralized benchmark\commitment-horizon-study\reference_core_benchmark_pilot\known_visit_10target_300.csv,4,17,4,39.79975853141071,39.79975853141071,01,01,1,0,True,completed
257,known_visit,ACBBA,bernoulli,drop_0.25,19,361,4,10,acbba_h8_bernoulli_025,C:\Users\lottj\Desktop\research\decentralized benchmark\commitment-horizon-study\reference_core_benchmark_pilot\known_visit_10target_300.csv,5,7,6,10.434033161976155,10.434033161976155,01,01,2,1,True,completed
257,known_visit,ACBBA,bernoulli,drop_0.25,19,361,4,10,acbba_h8_bernoulli_025,C:\Users\lottj\Desktop\research\decentralized benchmark\commitment-horizon-study\reference_core_benchmark_pilot\known_visit_10target_300.csv,6,6,11,10.559240137872061,10.559240137872061,02,02,2,1,True,completed
257,known_visit,ACBBA,bernoulli,drop_0.25,19,361,4,10,acbba_h8_bernoulli_025,C:\Users\lottj\Desktop\research\decentralized benchmark\commitment-horizon-study\reference_core_benchmark_pilot\known_visit_10target_300.csv,7,5,4,16.086648721221543,16.086648721221543,00,00,1,0,True,completed
257,known_visit,ACBBA,bernoulli,drop_0.25,19,361,4,10,acbba_h8_bernoulli_025,C:\Users\lottj\Desktop\research\decentralized benchmark\commitment-horizon-study\reference_core_benchmark_pilot\known_visit_10target_300.csv,8,12,6,29.719945248373097,29.719945248373097,02,02,2,1,True,completed
257,known_visit,ACBBA,bernoulli,drop_0.25,19,361,4,10,acbba_h8_bernoulli_025,C:\Users\lottj\Desktop\research\decentralized benchmark\commitment-horizon-study\reference_core_benchmark_pilot\known_visit_10target_300.csv,9,4,15,10.744718496082058,10.744718496082058,03,03,1,0,True,completed
257,known_visit,ACBBA,bernoulli,drop_0.25,19,361,4,10,acbba_h8_bernoulli_025,C:\Users\lottj\Desktop\research\decentralized benchmark\commitment-horizon-study\reference_core_benchmark_pilot\known_visit_10target_300.csv,10,9,3,19.088872197958253,19.088872197958253,01,01,1,0,True,completed
258,known_visit,ACBBA,bernoulli,drop_0.25,19,361,4,10,acbba_h8_bernoulli_025,C:\Users\lottj\Desktop\research\decentralized benchmark\commitment-horizon-study\reference_core_benchmark_pilot\known_visit_10target_300.csv,1,15,15,97.03794803137487,97.03794803137487,00,00,1,0,True,completed
258,known_visit,ACBBA,bernoulli,drop_0.25,19,361,4,10,acbba_h8_bernoulli_025,C:\Users\lottj\Desktop\research\decentralized benchmark\commitment-horizon-study\reference_core_benchmark_pilot\known_visit_10target_300.csv,2,10,18,83.03596881382795,83.03596881382795,00,00,1,0,True,completed
258,known_visit,ACBBA,bernoulli,drop_0.25,19,361,4,10,acbba_h8_bernoulli_025,C:\Users\lottj\Desktop\research\decentralized benchmark\commitment-horizon-study\reference_core_benchmark_pilot\known_visit_10target_300.csv,3,11,4,21.19534823239076,21.19534823239076,01,01,1,0,True,completed
258,known_visit,ACBBA,bernoulli,drop_0.25,19,361,4,10,acbba_h8_bernoulli_025,C:\Users\lottj\Desktop\research\decentralized benchmark\commitment-horizon-study\reference_core_benchmark_pilot\known_visit_10target_300.csv,4,14,6,30.31612694928872,30.31612694928872,01,01,1,0,True,completed
258,known_visit,ACBBA,bernoulli,drop_0.25,19,361,4,10,acbba_h8_bernoulli_025,C:\Users\lottj\Desktop\research\decentralized benchmark\commitment-horizon-study\reference_core_benchmark_pilot\known_visit_10target_300.csv,5,5,14,10.62031637927864,10.62031637927864,02,02,2,1,True,completed
258,known_visit,ACBBA,bernoulli,drop_0.25,19,361,4,10,acbba_h8_bernoulli_025,C:\Users\lottj\Desktop\research\decentralized benchmark\commitment-horizon-study\reference_core_benchmark_pilot\known_visit_10target_300.csv,6,3,8,21.18141564823027,21.18141564823027,03,03,2,1,True,completed
258,known_visit,ACBBA,bernoulli,drop_0.25,19,361,4,10,acbba_h8_bernoulli_025,C:\Users\lottj\Desktop\research\decentralized benchmark\commitment-horizon-study\reference_core_benchmark_pilot\known_visit_10target_300.csv,7,11,0,17.28000245230981,17.28000245230981,00,00,2,1,True,completed
258,known_visit,ACBBA,bernoulli,drop_0.25,19,361,4,10,acbba_h8_bernoulli_025,C:\Users\lottj\Desktop\research\decentralized benchmark\commitment-horizon-study\reference_core_benchmark_pilot\known_visit_10target_300.csv,8,10,12,23.301382867188796,23.301382867188796,02,02,1,0,True,completed
258,known_visit,ACBBA,bernoulli,drop_0.25,19,361,4,10,acbba_h8_bernoulli_025,C:\Users\lottj\Desktop\research\decentralized benchmark\commitment-horizon-study\reference_core_benchmark_pilot\known_visit_10target_300.csv,9,8,5,14.176068947411897,14.176068947411897,01,01,2,1,True,completed
258,known_visit,ACBBA,bernoulli,drop_0.25,19,361,4,10,acbba_h8_bernoulli_025,C:\Users\lottj\Desktop\research\decentralized benchmark\commitment-horizon-study\reference_core_benchmark_pilot\known_visit_10target_300.csv,10,13,1,22.98339660430448,22.98339660430448,00,00,2,1,True,completed
259,known_visit,ACBBA,bernoulli,drop_0.25,19,361,4,10,acbba_h8_bernoulli_025,C:\Users\lottj\Desktop\research\decentralized benchmark\commitment-horizon-study\reference_core_benchmark_pilot\known_visit_10target_300.csv,1,3,11,22.584222842977272,22.584222842977272,00,00,1,0,True,completed
259,known_visit,ACBBA,bernoulli,drop_0.25,19,361,4,10,acbba_h8_bernoulli_025,C:\Users\lottj\Desktop\research\decentralized benchmark\commitment-horizon-study\reference_core_benchmark_pilot\known_visit_10target_300.csv,2,10,4,58.89343739009953,58.89343739009953,03,03,1,0,True,completed
259,known_visit,ACBBA,bernoulli,drop_0.25,19,361,4,10,acbba_h8_bernoulli_025,C:\Users\lottj\Desktop\research\decentralized benchmark\commitment-horizon-study\reference_core_benchmark_pilot\known_visit_10target_300.csv,3,7,10,31.77707210233518,31.77707210233518,00,00,2,1,True,completed
259,known_visit,ACBBA,bernoulli,drop_0.25,19,361,4,10,acbba_h8_bernoulli_025,C:\Users\lottj\Desktop\research\decentralized benchmark\commitment-horizon-study\reference_core_benchmark_pilot\known_visit_10target_300.csv,4,14,13,36.45467886144717,36.45467886144717,03,03,1,0,True,completed
259,known_visit,ACBBA,bernoulli,drop_0.25,19,361,4,10,acbba_h8_bernoulli_025,C:\Users\lottj\Desktop\research\decentralized benchmark\commitment-horizon-study\reference_core_benchmark_pilot\known_visit_10target_300.csv,5,10,10,23.21231550185006,23.21231550185006,01,01,1,0,True,completed
259,known_visit,ACBBA,bernoulli,drop_0.25,19,361,4,10,acbba_h8_bernoulli_025,C:\Users\lottj\Desktop\research\decentralized benchmark\commitment-horizon-study\reference_core_benchmark_pilot\known_visit_10target_300.csv,6,14,5,50.3833064765203,50.3833064765203,03,03,1,0,True,completed
259,known_visit,ACBBA,bernoulli,drop_0.25,19,361,4,10,acbba_h8_bernoulli_025,C:\Users\lottj\Desktop\research\decentralized benchmark\commitment-horizon-study\reference_core_benchmark_pilot\known_visit_10target_300.csv,7,9,10,35.59481870672869,35.59481870672869,00,00,1,0,True,completed
259,known_visit,ACBBA,bernoulli,drop_0.25,19,361,4,10,acbba_h8_bernoulli_025,C:\Users\lottj\Desktop\research\decentralized benchmark\commitment-horizon-study\reference_core_benchmark_pilot\known_visit_10target_300.csv,8,10,14,23.65490860609784,23.65490860609784,02,02,2,1,True,completed
259,known_visit,ACBBA,bernoulli,drop_0.25,19,361,4,10,acbba_h8_bernoulli_025,C:\Users\lottj\Desktop\research\decentralized benchmark\commitment-horizon-study\reference_core_benchmark_pilot\known_visit_10target_300.csv,9,6,14,12.358886667438856,12.358886667438856,02,02,2,1,True,completed
259,known_visit,ACBBA,bernoulli,drop_0.25,19,361,4,10,acbba_h8_bernoulli_025,C:\Users\lottj\Desktop\research\decentralized benchmark\commitment-horizon-study\reference_core_benchmark_pilot\known_visit_10target_300.csv,10,8,13,18.067134399624745,18.067134399624745,02,02,2,1,True,completed
260,known_visit,ACBBA,bernoulli,drop_0.25,19,361,4,10,acbba_h8_bernoulli_025,C:\Users\lottj\Desktop\research\decentralized benchmark\commitment-horizon-study\reference_core_benchmark_pilot\known_visit_10target_300.csv,1,15,2,31.547235336801286,31.547235336801286,00,00,2,1,True,completed
260,known_visit,ACBBA,bernoulli,drop_0.25,19,361,4,10,acbba_h8_bernoulli_025,C:\Users\lottj\Desktop\research\decentralized benchmark\commitment-horizon-study\reference_core_benchmark_pilot\known_visit_10target_300.csv,2,8,3,17.69239108377882,17.69239108377882,00,00,1,0,True,completed
260,known_visit,ACBBA,bernoulli,drop_0.25,19,361,4,10,acbba_h8_bernoulli_025,C:\Users\lottj\Desktop\research\decentralized benchmark\commitment-horizon-study\reference_core_benchmark_pilot\known_visit_10target_300.csv,3,7,2,13.974408638685286,13.974408638685286,00,00,2,1,True,completed
260,known_visit,ACBBA,bernoulli,drop_0.25,19,361,4,10,acbba_h8_bernoulli_025,C:\Users\lottj\Desktop\research\decentralized benchmark\commitment-horizon-study\reference_core_benchmark_pilot\known_visit_10target_300.csv,4,9,14,17.496547020898237,17.496547020898237,02,02,2,1,True,completed
260,known_visit,ACBBA,bernoulli,drop_0.25,19,361,4,10,acbba_h8_bernoulli_025,C:\Users\lottj\Desktop\research\decentralized benchmark\commitment-horizon-study\reference_core_benchmark_pilot\known_visit_10target_300.csv,5,6,0,8.698360411371338,8.698360411371338,00,00,1,0,True,completed
260,known_visit,ACBBA,bernoulli,drop_0.25,19,361,4,10,acbba_h8_bernoulli_025,C:\Users\lottj\Desktop\research\decentralized benchmark\commitment-horizon-study\reference_core_benchmark_pilot\known_visit_10target_300.csv,6,4,2,12.04969987081371,12.04969987081371,01,01,1,0,True,completed
260,known_visit,ACBBA,bernoulli,drop_0.25,19,361,4,10,acbba_h8_bernoulli_025,C:\Users\lottj\Desktop\research\decentralized benchmark\commitment-horizon-study\reference_core_benchmark_pilot\known_visit_10target_300.csv,7,12,6,47.75005152244273,47.75005152244273,00,00,2,1,True,completed
260,known_visit,ACBBA,bernoulli,drop_0.25,19,361,4,10,acbba_h8_bernoulli_025,C:\Users\lottj\Desktop\research\decentralized benchmark\commitment-horizon-study\reference_core_benchmark_pilot\known_visit_10target_300.csv,8,14,10,78.29707209092885,78.29707209092885,02,02,1,0,True,completed
260,known_visit,ACBBA,bernoulli,drop_0.25,19,361,4,10,acbba_h8_bernoulli_025,C:\Users\lottj\Desktop\research\decentralized benchmark\commitment-horizon-study\reference_core_benchmark_pilot\known_visit_10target_300.csv,9,5,12,7.146297109513315,7.146297109513315,02,02,1,0,True,completed
260,known_visit,ACBBA,bernoulli,drop_0.25,19,361,4,10,acbba_h8_bernoulli_025,C:\Users\lottj\Desktop\research\decentralized benchmark\commitment-horizon-study\reference_core_benchmark_pilot\known_visit_10target_300.csv,10,7,18,12.287297054872917,12.287297054872917,03,03,2,1,True,completed
261,known_visit,ACBBA,bernoulli,drop_0.25,19,361,4,10,acbba_h8_bernoulli_025,C:\Users\lottj\Desktop\research\decentralized benchmark\commitment-horizon-study\reference_core_benchmark_pilot\known_visit_10target_300.csv,1,10,7,40.336841054454695,40.336841054454695,00,00,1,0,True,completed
261,known_visit,ACBBA,bernoulli,drop_0.25,19,361,4,10,acbba_h8_bernoulli_025,C:\Users\lottj\Desktop\research\decentralized benchmark\commitment-horizon-study\reference_core_benchmark_pilot\known_visit_10target_300.csv,2,4,11,21.670266025878885,21.670266025878885,02,02,1,0,True,completed
261,known_visit,ACBBA,bernoulli,drop_0.25,19,361,4,10,acbba_h8_bernoulli_025,C:\Users\lottj\Desktop\research\decentralized benchmark\commitment-horizon-study\reference_core_benchmark_pilot\known_visit_10target_300.csv,3,7,9,31.279573081741553,31.279573081741553,00,00,1,0,True,completed
261,known_visit,ACBBA,bernoulli,drop_0.25,19,361,4,10,acbba_h8_bernoulli_025,C:\Users\lottj\Desktop\research\decentralized benchmark\commitment-horizon-study\reference_core_benchmark_pilot\known_visit_10target_300.csv,4,18,17,31.15340174343773,31.15340174343773,03,03,1,0,True,completed
261,known_visit,ACBBA,bernoulli,drop_0.25,19,361,4,10,acbba_h8_bernoulli_025,C:\Users\lottj\Desktop\research\decentralized benchmark\commitment-horizon-study\reference_core_benchmark_pilot\known_visit_10target_300.csv,5,14,10,50.10991287565689,50.10991287565689,03,03,2,1,True,completed
261,known_visit,ACBBA,bernoulli,drop_0.25,19,361,4,10,acbba_h8_bernoulli_025,C:\Users\lottj\Desktop\research\decentralized benchmark\commitment-horizon-study\reference_core_benchmark_pilot\known_visit_10target_300.csv,6,1,7,9.16092189504244,9.16092189504244,02,02,2,1,True,completed
261,known_visit,ACBBA,bernoulli,drop_0.25,19,361,4,10,acbba_h8_bernoulli_025,C:\Users\lottj\Desktop\research\decentralized benchmark\commitment-horizon-study\reference_core_benchmark_pilot\known_visit_10target_300.csv,7,2,2,5.5376661365435,5.5376661365435,00,00,2,1,True,completed
261,known_visit,ACBBA,bernoulli,drop_0.25,19,361,4,10,acbba_h8_bernoulli_025,C:\Users\lottj\Desktop\research\decentralized benchmark\commitment-horizon-study\reference_core_benchmark_pilot\known_visit_10target_300.csv,8,5,4,10.841476831193486,10.841476831193486,01,01,2,1,True,completed
261,known_visit,ACBBA,bernoulli,drop_0.25,19,361,4,10,acbba_h8_bernoulli_025,C:\Users\lottj\Desktop\research\decentralized benchmark\commitment-horizon-study\reference_core_benchmark_pilot\known_visit_10target_300.csv,9,18,15,34.55545849968895,34.55545849968895,03,03,1,0,True,completed
261,known_visit,ACBBA,bernoulli,drop_0.25,19,361,4,10,acbba_h8_bernoulli_025,C:\Users\lottj\Desktop\research\decentralized benchmark\commitment-horizon-study\reference_core_benchmark_pilot\known_visit_10target_300.csv,10,12,6,56.77644844935001,56.77644844935001,01,01,1,0,True,completed
262,known_visit,ACBBA,bernoulli,drop_0.25,19,361,4,10,acbba_h8_bernoulli_025,C:\Users\lottj\Desktop\research\decentralized benchmark\commitment-horizon-study\reference_core_benchmark_pilot\known_visit_10target_300.csv,1,13,5,22.54293699300532,22.54293699300532,01,01,1,0,True,completed
262,known_visit,ACBBA,bernoulli,drop_0.25,19,361,4,10,acbba_h8_bernoulli_025,C:\Users\lottj\Desktop\research\decentralized benchmark\commitment-horizon-study\reference_core_benchmark_pilot\known_visit_10target_300.csv,2,5,1,8.965903321179482,8.965903321179482,00,00,1,0,True,completed
262,known_visit,ACBBA,bernoulli,drop_0.25,19,361,4,10,acbba_h8_bernoulli_025,C:\Users\lottj\Desktop\research\decentralized benchmark\commitment-horizon-study\reference_core_benchmark_pilot\known_visit_10target_300.csv,3,9,1,16.16236654658963,16.16236654658963,00,00,1,0,True,completed
262,known_visit,ACBBA,bernoulli,drop_0.25,19,361,4,10,acbba_h8_bernoulli_025,C:\Users\lottj\Desktop\research\decentralized benchmark\commitment-horizon-study\reference_core_benchmark_pilot\known_visit_10target_300.csv,4,17,13,36.1614836090641,36.1614836090641,03,03,1,0,True,completed
262,known_visit,ACBBA,bernoulli,drop_0.25,19,361,4,10,acbba_h8_bernoulli_025,C:\Users\lottj\Desktop\research\decentralized benchmark\commitment-horizon-study\reference_core_benchmark_pilot\known_visit_10target_300.csv,5,16,1,27.91967449173186,27.91967449173186,00,00,2,1,True,completed
262,known_visit,ACBBA,bernoulli,drop_0.25,19,361,4,10,acbba_h8_bernoulli_025,C:\Users\lottj\Desktop\research\decentralized benchmark\commitment-horizon-study\reference_core_benchmark_pilot\known_visit_10target_300.csv,6,16,18,25.645702911366907,25.645702911366907,03,03,2,1,True,completed
262,known_visit,ACBBA,bernoulli,drop_0.25,19,361,4,10,acbba_h8_bernoulli_025,C:\Users\lottj\Desktop\research\decentralized benchmark\commitment-horizon-study\reference_core_benchmark_pilot\known_visit_10target_300.csv,7,3,12,3.5652147988500613,3.5652147988500613,02,02,1,0,True,completed
262,known_visit,ACBBA,bernoulli,drop_0.25,19,361,4,10,acbba_h8_bernoulli_025,C:\Users\lottj\Desktop\research\decentralized benchmark\commitment-horizon-study\reference_core_benchmark_pilot\known_visit_10target_300.csv,8,15,6,28.66438638258733,28.66438638258733,01,01,1,0,True,completed
262,known_visit,ACBBA,bernoulli,drop_0.25,19,361,4,10,acbba_h8_bernoulli_025,C:\Users\lottj\Desktop\research\decentralized benchmark\commitment-horizon-study\reference_core_benchmark_pilot\known_visit_10target_300.csv,9,5,12,7.02169843040104,7.02169843040104,02,02,1,0,True,completed
262,known_visit,ACBBA,bernoulli,drop_0.25,19,361,4,10,acbba_h8_bernoulli_025,C:\Users\lottj\Desktop\research\decentralized benchmark\commitment-horizon-study\reference_core_benchmark_pilot\known_visit_10target_300.csv,10,18,17,56.022110884028606,56.022110884028606,02,02,1,0,True,completed
263,known_visit,ACBBA,bernoulli,drop_0.25,19,361,4,10,acbba_h8_bernoulli_025,C:\Users\lottj\Desktop\research\decentralized benchmark\commitment-horizon-study\reference_core_benchmark_pilot\known_visit_10target_300.csv,1,12,3,70.98787795101143,70.98787795101143,02,02,1,0,True,completed
263,known_visit,ACBBA,bernoulli,drop_0.25,19,361,4,10,acbba_h8_bernoulli_025,C:\Users\lottj\Desktop\research\decentralized benchmark\commitment-horizon-study\reference_core_benchmark_pilot\known_visit_10target_300.csv,2,6,16,13.349684825070511,13.349684825070511,03,03,1,0,True,completed
263,known_visit,ACBBA,bernoulli,drop_0.25,19,361,4,10,acbba_h8_bernoulli_025,C:\Users\lottj\Desktop\research\decentralized benchmark\commitment-horizon-study\reference_core_benchmark_pilot\known_visit_10target_300.csv,3,0,17,0.44784870841083624,0.44784870841083624,03,03,2,1,True,completed
263,known_visit,ACBBA,bernoulli,drop_0.25,19,361,4,10,acbba_h8_bernoulli_025,C:\Users\lottj\Desktop\research\decentralized benchmark\commitment-horizon-study\reference_core_benchmark_pilot\known_visit_10target_300.csv,4,16,13,42.54572476161764,42.54572476161764,02,02,1,0,True,completed
263,known_visit,ACBBA,bernoulli,drop_0.25,19,361,4,10,acbba_h8_bernoulli_025,C:\Users\lottj\Desktop\research\decentralized benchmark\commitment-horizon-study\reference_core_benchmark_pilot\known_visit_10target_300.csv,5,17,7,55.05042388634703,55.05042388634703,02,02,1,0,True,completed
263,known_visit,ACBBA,bernoulli,drop_0.25,19,361,4,10,acbba_h8_bernoulli_025,C:\Users\lottj\Desktop\research\decentralized benchmark\commitment-horizon-study\reference_core_benchmark_pilot\known_visit_10target_300.csv,6,7,0,21.556121787970678,21.556121787970678,01,01,1,0,True,completed
263,known_visit,ACBBA,bernoulli,drop_0.25,19,361,4,10,acbba_h8_bernoulli_025,C:\Users\lottj\Desktop\research\decentralized benchmark\commitment-horizon-study\reference_core_benchmark_pilot\known_visit_10target_300.csv,7,5,16,11.416830044053954,11.416830044053954,03,03,2,1,True,completed
263,known_visit,ACBBA,bernoulli,drop_0.25,19,361,4,10,acbba_h8_bernoulli_025,C:\Users\lottj\Desktop\research\decentralized benchmark\commitment-horizon-study\reference_core_benchmark_pilot\known_visit_10target_300.csv,8,0,4,2.1875171184821087,2.1875171184821087,01,01,2,1,True,completed
263,known_visit,ACBBA,bernoulli,drop_0.25,19,361,4,10,acbba_h8_bernoulli_025,C:\Users\lottj\Desktop\research\decentralized benchmark\commitment-horizon-study\reference_core_benchmark_pilot\known_visit_10target_300.csv,9,10,9,42.307686213827814,42.307686213827814,01,01,1,0,True,completed
263,known_visit,ACBBA,bernoulli,drop_0.25,19,361,4,10,acbba_h8_bernoulli_025,C:\Users\lottj\Desktop\research\decentralized benchmark\commitment-horizon-study\reference_core_benchmark_pilot\known_visit_10target_300.csv,10,3,18,42.84082532321171,42.84082532321171,00,00,1,0,True,completed
264,known_visit,ACBBA,bernoulli,drop_0.25,19,361,4,10,acbba_h8_bernoulli_025,C:\Users\lottj\Desktop\research\decentralized benchmark\commitment-horizon-study\reference_core_benchmark_pilot\known_visit_10target_300.csv,1,14,9,38.79341953225519,38.79341953225519,00,00,1,0,True,completed
264,known_visit,ACBBA,bernoulli,drop_0.25,19,361,4,10,acbba_h8_bernoulli_025,C:\Users\lottj\Desktop\research\decentralized benchmark\commitment-horizon-study\reference_core_benchmark_pilot\known_visit_10target_300.csv,2,18,9,45.85497504795904,45.85497504795904,00,00,1,0,True,completed
264,known_visit,ACBBA,bernoulli,drop_0.25,19,361,4,10,acbba_h8_bernoulli_025,C:\Users\lottj\Desktop\research\decentralized benchmark\commitment-horizon-study\reference_core_benchmark_pilot\known_visit_10target_300.csv,3,2,8,5.6205886125762845,5.6205886125762845,01,01,1,0,True,completed
264,known_visit,ACBBA,bernoulli,drop_0.25,19,361,4,10,acbba_h8_bernoulli_025,C:\Users\lottj\Desktop\research\decentralized benchmark\commitment-horizon-study\reference_core_benchmark_pilot\known_visit_10target_300.csv,4,12,13,37.96734839714148,37.96734839714148,02,02,1,0,True,completed
264,known_visit,ACBBA,bernoulli,drop_0.25,19,361,4,10,acbba_h8_bernoulli_025,C:\Users\lottj\Desktop\research\decentralized benchmark\commitment-horizon-study\reference_core_benchmark_pilot\known_visit_10target_300.csv,5,8,17,13.924493178955885,13.924493178955885,03,03,1,0,True,completed
264,known_visit,ACBBA,bernoulli,drop_0.25,19,361,4,10,acbba_h8_bernoulli_025,C:\Users\lottj\Desktop\research\decentralized benchmark\commitment-horizon-study\reference_core_benchmark_pilot\known_visit_10target_300.csv,6,14,18,32.03800942848173,32.03800942848173,03,03,2,1,True,completed
264,known_visit,ACBBA,bernoulli,drop_0.25,19,361,4,10,acbba_h8_bernoulli_025,C:\Users\lottj\Desktop\research\decentralized benchmark\commitment-horizon-study\reference_core_benchmark_pilot\known_visit_10target_300.csv,7,17,6,53.27728575151067,53.27728575151067,00,00,1,0,True,completed
264,known_visit,ACBBA,bernoulli,drop_0.25,19,361,4,10,acbba_h8_bernoulli_025,C:\Users\lottj\Desktop\research\decentralized benchmark\commitment-horizon-study\reference_core_benchmark_pilot\known_visit_10target_300.csv,8,12,3,24.507023476385292,24.507023476385292,00,00,1,0,True,completed
264,known_visit,ACBBA,bernoulli,drop_0.25,19,361,4,10,acbba_h8_bernoulli_025,C:\Users\lottj\Desktop\research\decentralized benchmark\commitment-horizon-study\reference_core_benchmark_pilot\known_visit_10target_300.csv,9,12,0,19.086471240992722,19.086471240992722,00,00,1,0,True,completed
264,known_visit,ACBBA,bernoulli,drop_0.25,19,361,4,10,acbba_h8_bernoulli_025,C:\Users\lottj\Desktop\research\decentralized benchmark\commitment-horizon-study\reference_core_benchmark_pilot\known_visit_10target_300.csv,10,1,13,2.215241372881512,2.215241372881512,02,02,1,0,True,completed
265,known_visit,ACBBA,bernoulli,drop_0.25,19,361,4,10,acbba_h8_bernoulli_025,C:\Users\lottj\Desktop\research\decentralized benchmark\commitment-horizon-study\reference_core_benchmark_pilot\known_visit_10target_300.csv,1,8,5,13.907577495434964,13.907577495434964,01,01,2,1,True,completed
265,known_visit,ACBBA,bernoulli,drop_0.25,19,361,4,10,acbba_h8_bernoulli_025,C:\Users\lottj\Desktop\research\decentralized benchmark\commitment-horizon-study\reference_core_benchmark_pilot\known_visit_10target_300.csv,2,10,16,19.178614155443938,19.178614155443938,03,03,1,0,True,completed
265,known_visit,ACBBA,bernoulli,drop_0.25,19,361,4,10,acbba_h8_bernoulli_025,C:\Users\lottj\Desktop\research\decentralized benchmark\commitment-horizon-study\reference_core_benchmark_pilot\known_visit_10target_300.csv,3,15,10,41.635257835803934,41.635257835803934,01,01,1,0,True,completed
265,known_visit,ACBBA,bernoulli,drop_0.25,19,361,4,10,acbba_h8_bernoulli_025,C:\Users\lottj\Desktop\research\decentralized benchmark\commitment-horizon-study\reference_core_benchmark_pilot\known_visit_10target_300.csv,4,4,9,24.868973096345027,24.868973096345027,00,00,2,1,True,completed
265,known_visit,ACBBA,bernoulli,drop_0.25,19,361,4,10,acbba_h8_bernoulli_025,C:\Users\lottj\Desktop\research\decentralized benchmark\commitment-horizon-study\reference_core_benchmark_pilot\known_visit_10target_300.csv,5,17,12,39.209866122994484,39.209866122994484,03,03,1,0,True,completed
265,known_visit,ACBBA,bernoulli,drop_0.25,19,361,4,10,acbba_h8_bernoulli_025,C:\Users\lottj\Desktop\research\decentralized benchmark\commitment-horizon-study\reference_core_benchmark_pilot\known_visit_10target_300.csv,6,4,8,26.88193082480162,26.88193082480162,00,00,2,1,True,completed
265,known_visit,ACBBA,bernoulli,drop_0.25,19,361,4,10,acbba_h8_bernoulli_025,C:\Users\lottj\Desktop\research\decentralized benchmark\commitment-horizon-study\reference_core_benchmark_pilot\known_visit_10target_300.csv,7,18,11,48.57370969666784,48.57370969666784,01,01,1,0,True,completed
265,known_visit,ACBBA,bernoulli,drop_0.25,19,361,4,10,acbba_h8_bernoulli_025,C:\Users\lottj\Desktop\research\decentralized benchmark\commitment-horizon-study\reference_core_benchmark_pilot\known_visit_10target_300.csv,8,15,3,29.68496920031147,29.68496920031147,01,01,1,0,True,completed
265,known_visit,ACBBA,bernoulli,drop_0.25,19,361,4,10,acbba_h8_bernoulli_025,C:\Users\lottj\Desktop\research\decentralized benchmark\commitment-horizon-study\reference_core_benchmark_pilot\known_visit_10target_300.csv,9,18,12,40.889393181031224,40.889393181031224,03,03,1,0,True,completed
265,known_visit,ACBBA,bernoulli,drop_0.25,19,361,4,10,acbba_h8_bernoulli_025,C:\Users\lottj\Desktop\research\decentralized benchmark\commitment-horizon-study\reference_core_benchmark_pilot\known_visit_10target_300.csv,10,1,8,17.532703454961197,17.532703454961197,00,00,1,0,True,completed
266,known_visit,ACBBA,bernoulli,drop_0.25,19,361,4,10,acbba_h8_bernoulli_025,C:\Users\lottj\Desktop\research\decentralized benchmark\commitment-horizon-study\reference_core_benchmark_pilot\known_visit_10target_300.csv,1,0,9,3.8667180685685056,3.8667180685685056,01,01,2,1,True,completed
266,known_visit,ACBBA,bernoulli,drop_0.25,19,361,4,10,acbba_h8_bernoulli_025,C:\Users\lottj\Desktop\research\decentralized benchmark\commitment-horizon-study\reference_core_benchmark_pilot\known_visit_10target_300.csv,2,9,9,23.849370718383646,23.849370718383646,01,01,2,1,True,completed
266,known_visit,ACBBA,bernoulli,drop_0.25,19,361,4,10,acbba_h8_bernoulli_025,C:\Users\lottj\Desktop\research\decentralized benchmark\commitment-horizon-study\reference_core_benchmark_pilot\known_visit_10target_300.csv,3,6,17,10.62489107605673,10.62489107605673,03,03,1,0,True,completed
266,known_visit,ACBBA,bernoulli,drop_0.25,19,361,4,10,acbba_h8_bernoulli_025,C:\Users\lottj\Desktop\research\decentralized benchmark\commitment-horizon-study\reference_core_benchmark_pilot\known_visit_10target_300.csv,4,7,16,14.320003544775867,14.320003544775867,03,03,1,0,True,completed
266,known_visit,ACBBA,bernoulli,drop_0.25,19,361,4,10,acbba_h8_bernoulli_025,C:\Users\lottj\Desktop\research\decentralized benchmark\commitment-horizon-study\reference_core_benchmark_pilot\known_visit_10target_300.csv,5,6,10,16.461807156457716,16.461807156457716,01,01,1,0,True,completed
266,known_visit,ACBBA,bernoulli,drop_0.25,19,361,4,10,acbba_h8_bernoulli_025,C:\Users\lottj\Desktop\research\decentralized benchmark\commitment-horizon-study\reference_core_benchmark_pilot\known_visit_10target_300.csv,6,14,10,27.41554257492973,27.41554257492973,02,02,1,0,True,completed
266,known_visit,ACBBA,bernoulli,drop_0.25,19,361,4,10,acbba_h8_bernoulli_025,C:\Users\lottj\Desktop\research\decentralized benchmark\commitment-horizon-study\reference_core_benchmark_pilot\known_visit_10target_300.csv,7,14,15,29.50398091077034,29.50398091077034,03,03,2,1,True,completed
266,known_visit,ACBBA,bernoulli,drop_0.25,19,361,4,10,acbba_h8_bernoulli_025,C:\Users\lottj\Desktop\research\decentralized benchmark\commitment-horizon-study\reference_core_benchmark_pilot\known_visit_10target_300.csv,8,17,10,32.39506612758667,32.39506612758667,02,02,2,1,True,completed
266,known_visit,ACBBA,bernoulli,drop_0.25,19,361,4,10,acbba_h8_bernoulli_025,C:\Users\lottj\Desktop\research\decentralized benchmark\commitment-horizon-study\reference_core_benchmark_pilot\known_visit_10target_300.csv,9,18,18,59.54966009313928,59.54966009313928,02,02,1,0,True,completed
266,known_visit,ACBBA,bernoulli,drop_0.25,19,361,4,10,acbba_h8_bernoulli_025,C:\Users\lottj\Desktop\research\decentralized benchmark\commitment-horizon-study\reference_core_benchmark_pilot\known_visit_10target_300.csv,10,12,13,36.65618856272324,36.65618856272324,03,03,1,0,True,completed
267,known_visit,ACBBA,bernoulli,drop_0.25,19,361,4,10,acbba_h8_bernoulli_025,C:\Users\lottj\Desktop\research\decentralized benchmark\commitment-horizon-study\reference_core_benchmark_pilot\known_visit_10target_300.csv,1,2,8,5.611076074487556,5.611076074487556,01,01,2,1,True,completed
267,known_visit,ACBBA,bernoulli,drop_0.25,19,361,4,10,acbba_h8_bernoulli_025,C:\Users\lottj\Desktop\research\decentralized benchmark\commitment-horizon-study\reference_core_benchmark_pilot\known_visit_10target_300.csv,2,7,18,14.66587700145359,14.66587700145359,03,03,1,0,True,completed
267,known_visit,ACBBA,bernoulli,drop_0.25,19,361,4,10,acbba_h8_bernoulli_025,C:\Users\lottj\Desktop\research\decentralized benchmark\commitment-horizon-study\reference_core_benchmark_pilot\known_visit_10target_300.csv,3,7,15,24.178606078409178,24.178606078409178,03,03,1,0,True,completed
267,known_visit,ACBBA,bernoulli,drop_0.25,19,361,4,10,acbba_h8_bernoulli_025,C:\Users\lottj\Desktop\research\decentralized benchmark\commitment-horizon-study\reference_core_benchmark_pilot\known_visit_10target_300.csv,4,8,6,41.94606096465196,41.94606096465196,01,01,1,0,True,completed
267,known_visit,ACBBA,bernoulli,drop_0.25,19,361,4,10,acbba_h8_bernoulli_025,C:\Users\lottj\Desktop\research\decentralized benchmark\commitment-horizon-study\reference_core_benchmark_pilot\known_visit_10target_300.csv,5,2,5,10.404817257255871,10.404817257255871,00,00,2,1,True,completed
267,known_visit,ACBBA,bernoulli,drop_0.25,19,361,4,10,acbba_h8_bernoulli_025,C:\Users\lottj\Desktop\research\decentralized benchmark\commitment-horizon-study\reference_core_benchmark_pilot\known_visit_10target_300.csv,6,13,11,35.873208105954426,35.873208105954426,02,02,1,0,True,completed
267,known_visit,ACBBA,bernoulli,drop_0.25,19,361,4,10,acbba_h8_bernoulli_025,C:\Users\lottj\Desktop\research\decentralized benchmark\commitment-horizon-study\reference_core_benchmark_pilot\known_visit_10target_300.csv,7,16,5,51.384613666425565,51.384613666425565,02,02,1,0,True,completed
267,known_visit,ACBBA,bernoulli,drop_0.25,19,361,4,10,acbba_h8_bernoulli_025,C:\Users\lottj\Desktop\research\decentralized benchmark\commitment-horizon-study\reference_core_benchmark_pilot\known_visit_10target_300.csv,8,4,7,11.279219792439376,11.279219792439376,01,01,1,0,True,completed
267,known_visit,ACBBA,bernoulli,drop_0.25,19,361,4,10,acbba_h8_bernoulli_025,C:\Users\lottj\Desktop\research\decentralized benchmark\commitment-horizon-study\reference_core_benchmark_pilot\known_visit_10target_300.csv,9,0,14,2.1652380574877843,2.1652380574877843,02,02,2,1,True,completed
267,known_visit,ACBBA,bernoulli,drop_0.25,19,361,4,10,acbba_h8_bernoulli_025,C:\Users\lottj\Desktop\research\decentralized benchmark\commitment-horizon-study\reference_core_benchmark_pilot\known_visit_10target_300.csv,10,10,4,34.55844895103166,34.55844895103166,01,01,1,0,True,completed
268,known_visit,ACBBA,bernoulli,drop_0.25,19,361,4,10,acbba_h8_bernoulli_025,C:\Users\lottj\Desktop\research\decentralized benchmark\commitment-horizon-study\reference_core_benchmark_pilot\known_visit_10target_300.csv,1,16,13,59.23993589721063,59.23993589721063,01,01,1,0,True,completed
268,known_visit,ACBBA,bernoulli,drop_0.25,19,361,4,10,acbba_h8_bernoulli_025,C:\Users\lottj\Desktop\research\decentralized benchmark\commitment-horizon-study\reference_core_benchmark_pilot\known_visit_10target_300.csv,2,15,3,59.34846066327228,59.34846066327228,00,00,1,0,True,completed
268,known_visit,ACBBA,bernoulli,drop_0.25,19,361,4,10,acbba_h8_bernoulli_025,C:\Users\lottj\Desktop\research\decentralized benchmark\commitment-horizon-study\reference_core_benchmark_pilot\known_visit_10target_300.csv,3,4,16,9.564977819263131,9.564977819263131,03,03,2,1,True,completed
268,known_visit,ACBBA,bernoulli,drop_0.25,19,361,4,10,acbba_h8_bernoulli_025,C:\Users\lottj\Desktop\research\decentralized benchmark\commitment-horizon-study\reference_core_benchmark_pilot\known_visit_10target_300.csv,4,1,14,3.8796883872053223,3.8796883872053223,02,02,1,0,True,completed
268,known_visit,ACBBA,bernoulli,drop_0.25,19,361,4,10,acbba_h8_bernoulli_025,C:\Users\lottj\Desktop\research\decentralized benchmark\commitment-horizon-study\reference_core_benchmark_pilot\known_visit_10target_300.csv,5,9,14,37.7188416147034,37.7188416147034,03,03,2,1,True,completed
268,known_visit,ACBBA,bernoulli,drop_0.25,19,361,4,10,acbba_h8_bernoulli_025,C:\Users\lottj\Desktop\research\decentralized benchmark\commitment-horizon-study\reference_core_benchmark_pilot\known_visit_10target_300.csv,6,15,13,57.33055090770009,57.33055090770009,01,01,1,0,True,completed
268,known_visit,ACBBA,bernoulli,drop_0.25,19,361,4,10,acbba_h8_bernoulli_025,C:\Users\lottj\Desktop\research\decentralized benchmark\commitment-horizon-study\reference_core_benchmark_pilot\known_visit_10target_300.csv,7,11,17,30.837374854574865,30.837374854574865,02,02,2,1,True,completed
268,known_visit,ACBBA,bernoulli,drop_0.25,19,361,4,10,acbba_h8_bernoulli_025,C:\Users\lottj\Desktop\research\decentralized benchmark\commitment-horizon-study\reference_core_benchmark_pilot\known_visit_10target_300.csv,8,18,12,64.46457994624544,64.46457994624544,01,01,1,0,True,completed
268,known_visit,ACBBA,bernoulli,drop_0.25,19,361,4,10,acbba_h8_bernoulli_025,C:\Users\lottj\Desktop\research\decentralized benchmark\commitment-horizon-study\reference_core_benchmark_pilot\known_visit_10target_300.csv,9,5,9,12.782150149969203,12.782150149969203,01,01,2,1,True,completed
268,known_visit,ACBBA,bernoulli,drop_0.25,19,361,4,10,acbba_h8_bernoulli_025,C:\Users\lottj\Desktop\research\decentralized benchmark\commitment-horizon-study\reference_core_benchmark_pilot\known_visit_10target_300.csv,10,1,7,2.1974222272062067,2.1974222272062067,01,01,2,1,True,completed
269,known_visit,ACBBA,bernoulli,drop_0.25,19,361,4,10,acbba_h8_bernoulli_025,C:\Users\lottj\Desktop\research\decentralized benchmark\commitment-horizon-study\reference_core_benchmark_pilot\known_visit_10target_300.csv,1,14,11,45.644658434949534,45.644658434949534,00,00,2,1,True,completed
269,known_visit,ACBBA,bernoulli,drop_0.25,19,361,4,10,acbba_h8_bernoulli_025,C:\Users\lottj\Desktop\research\decentralized benchmark\commitment-horizon-study\reference_core_benchmark_pilot\known_visit_10target_300.csv,2,4,8,9.454655915274534,9.454655915274534,01,01,1,0,True,completed
269,known_visit,ACBBA,bernoulli,drop_0.25,19,361,4,10,acbba_h8_bernoulli_025,C:\Users\lottj\Desktop\research\decentralized benchmark\commitment-horizon-study\reference_core_benchmark_pilot\known_visit_10target_300.csv,3,8,12,33.17767857261844,33.17767857261844,00,00,1,0,True,completed
269,known_visit,ACBBA,bernoulli,drop_0.25,19,361,4,10,acbba_h8_bernoulli_025,C:\Users\lottj\Desktop\research\decentralized benchmark\commitment-horizon-study\reference_core_benchmark_pilot\known_visit_10target_300.csv,4,13,17,78.25893253709731,78.25893253709731,01,01,1,0,True,completed
269,known_visit,ACBBA,bernoulli,drop_0.25,19,361,4,10,acbba_h8_bernoulli_025,C:\Users\lottj\Desktop\research\decentralized benchmark\commitment-horizon-study\reference_core_benchmark_pilot\known_visit_10target_300.csv,5,6,14,20.069913315226675,20.069913315226675,02,02,2,1,True,completed
269,known_visit,ACBBA,bernoulli,drop_0.25,19,361,4,10,acbba_h8_bernoulli_025,C:\Users\lottj\Desktop\research\decentralized benchmark\commitment-horizon-study\reference_core_benchmark_pilot\known_visit_10target_300.csv,6,8,1,14.390841451141114,14.390841451141114,00,00,1,0,True,completed
269,known_visit,ACBBA,bernoulli,drop_0.25,19,361,4,10,acbba_h8_bernoulli_025,C:\Users\lottj\Desktop\research\decentralized benchmark\commitment-horizon-study\reference_core_benchmark_pilot\known_visit_10target_300.csv,7,5,5,16.48309729625644,16.48309729625644,01,01,2,1,True,completed
269,known_visit,ACBBA,bernoulli,drop_0.25,19,361,4,10,acbba_h8_bernoulli_025,C:\Users\lottj\Desktop\research\decentralized benchmark\commitment-horizon-study\reference_core_benchmark_pilot\known_visit_10target_300.csv,8,0,7,0.5295573502670956,0.5295573502670956,01,01,1,0,True,completed
269,known_visit,ACBBA,bernoulli,drop_0.25,19,361,4,10,acbba_h8_bernoulli_025,C:\Users\lottj\Desktop\research\decentralized benchmark\commitment-horizon-study\reference_core_benchmark_pilot\known_visit_10target_300.csv,9,9,12,35.22190136219216,35.22190136219216,00,00,2,1,True,completed
269,known_visit,ACBBA,bernoulli,drop_0.25,19,361,4,10,acbba_h8_bernoulli_025,C:\Users\lottj\Desktop\research\decentralized benchmark\commitment-horizon-study\reference_core_benchmark_pilot\known_visit_10target_300.csv,10,15,18,60.0249581524771,60.0249581524771,00,00,1,0,True,completed
270,known_visit,ACBBA,bernoulli,drop_0.25,19,361,4,10,acbba_h8_bernoulli_025,C:\Users\lottj\Desktop\research\decentralized benchmark\commitment-horizon-study\reference_core_benchmark_pilot\known_visit_10target_300.csv,1,17,1,34.4054810825801,34.4054810825801,00,00,1,0,True,completed
270,known_visit,ACBBA,bernoulli,drop_0.25,19,361,4,10,acbba_h8_bernoulli_025,C:\Users\lottj\Desktop\research\decentralized benchmark\commitment-horizon-study\reference_core_benchmark_pilot\known_visit_10target_300.csv,2,10,0,15.987758695544809,15.987758695544809,00,00,1,0,True,completed
270,known_visit,ACBBA,bernoulli,drop_0.25,19,361,4,10,acbba_h8_bernoulli_025,C:\Users\lottj\Desktop\research\decentralized benchmark\commitment-horizon-study\reference_core_benchmark_pilot\known_visit_10target_300.csv,3,9,5,18.286127573557426,18.286127573557426,01,01,1,0,True,completed
270,known_visit,ACBBA,bernoulli,drop_0.25,19,361,4,10,acbba_h8_bernoulli_025,C:\Users\lottj\Desktop\research\decentralized benchmark\commitment-horizon-study\reference_core_benchmark_pilot\known_visit_10target_300.csv,4,4,16,9.188043553987175,9.188043553987175,03,03,1,0,True,completed
270,known_visit,ACBBA,bernoulli,drop_0.25,19,361,4,10,acbba_h8_bernoulli_025,C:\Users\lottj\Desktop\research\decentralized benchmark\commitment-horizon-study\reference_core_benchmark_pilot\known_visit_10target_300.csv,5,15,2,28.973300439105554,28.973300439105554,00,00,1,0,True,completed
270,known_visit,ACBBA,bernoulli,drop_0.25,19,361,4,10,acbba_h8_bernoulli_025,C:\Users\lottj\Desktop\research\decentralized benchmark\commitment-horizon-study\reference_core_benchmark_pilot\known_visit_10target_300.csv,6,0,7,7.424888079520103,7.424888079520103,02,02,1,0,True,completed
270,known_visit,ACBBA,bernoulli,drop_0.25,19,361,4,10,acbba_h8_bernoulli_025,C:\Users\lottj\Desktop\research\decentralized benchmark\commitment-horizon-study\reference_core_benchmark_pilot\known_visit_10target_300.csv,7,1,0,0.21255511049700884,0.21255511049700884,00,00,1,0,True,completed
270,known_visit,ACBBA,bernoulli,drop_0.25,19,361,4,10,acbba_h8_bernoulli_025,C:\Users\lottj\Desktop\research\decentralized benchmark\commitment-horizon-study\reference_core_benchmark_pilot\known_visit_10target_300.csv,8,16,5,29.98689581310827,29.98689581310827,01,01,1,0,True,completed
270,known_visit,ACBBA,bernoulli,drop_0.25,19,361,4,10,acbba_h8_bernoulli_025,C:\Users\lottj\Desktop\research\decentralized benchmark\commitment-horizon-study\reference_core_benchmark_pilot\known_visit_10target_300.csv,9,0,5,1.0407186530422547,1.0407186530422547,01,01,1,0,True,completed
270,known_visit,ACBBA,bernoulli,drop_0.25,19,361,4,10,acbba_h8_bernoulli_025,C:\Users\lottj\Desktop\research\decentralized benchmark\commitment-horizon-study\reference_core_benchmark_pilot\known_visit_10target_300.csv,10,15,16,28.357178549003606,28.357178549003606,03,03,1,0,True,completed
271,known_visit,ACBBA,bernoulli,drop_0.25,19,361,4,10,acbba_h8_bernoulli_025,C:\Users\lottj\Desktop\research\decentralized benchmark\commitment-horizon-study\reference_core_benchmark_pilot\known_visit_10target_300.csv,1,13,4,27.64958803076897,27.64958803076897,00,00,1,0,True,completed
271,known_visit,ACBBA,bernoulli,drop_0.25,19,361,4,10,acbba_h8_bernoulli_025,C:\Users\lottj\Desktop\research\decentralized benchmark\commitment-horizon-study\reference_core_benchmark_pilot\known_visit_10target_300.csv,2,18,17,48.95911838226082,48.95911838226082,01,01,1,0,True,completed
271,known_visit,ACBBA,bernoulli,drop_0.25,19,361,4,10,acbba_h8_bernoulli_025,C:\Users\lottj\Desktop\research\decentralized benchmark\commitment-horizon-study\reference_core_benchmark_pilot\known_visit_10target_300.csv,3,15,9,29.986278028947222,29.986278028947222,01,01,1,0,True,completed
271,known_visit,ACBBA,bernoulli,drop_0.25,19,361,4,10,acbba_h8_bernoulli_025,C:\Users\lottj\Desktop\research\decentralized benchmark\commitment-horizon-study\reference_core_benchmark_pilot\known_visit_10target_300.csv,4,11,16,21.47392226869423,21.47392226869423,03,03,1,0,True,completed
271,known_visit,ACBBA,bernoulli,drop_0.25,19,361,4,10,acbba_h8_bernoulli_025,C:\Users\lottj\Desktop\research\decentralized benchmark\commitment-horizon-study\reference_core_benchmark_pilot\known_visit_10target_300.csv,5,6,7,10.81148992413178,10.81148992413178,01,01,3,2,True,completed
271,known_visit,ACBBA,bernoulli,drop_0.25,19,361,4,10,acbba_h8_bernoulli_025,C:\Users\lottj\Desktop\research\decentralized benchmark\commitment-horizon-study\reference_core_benchmark_pilot\known_visit_10target_300.csv,6,5,0,6.842149856926376,6.842149856926376,00,00,1,0,True,completed
271,known_visit,ACBBA,bernoulli,drop_0.25,19,361,4,10,acbba_h8_bernoulli_025,C:\Users\lottj\Desktop\research\decentralized benchmark\commitment-horizon-study\reference_core_benchmark_pilot\known_visit_10target_300.csv,7,7,18,10.371626483251916,10.371626483251916,03,03,1,0,True,completed
271,known_visit,ACBBA,bernoulli,drop_0.25,19,361,4,10,acbba_h8_bernoulli_025,C:\Users\lottj\Desktop\research\decentralized benchmark\commitment-horizon-study\reference_core_benchmark_pilot\known_visit_10target_300.csv,8,16,17,45.57070919750525,45.57070919750525,01,01,1,0,True,completed
271,known_visit,ACBBA,bernoulli,drop_0.25,19,361,4,10,acbba_h8_bernoulli_025,C:\Users\lottj\Desktop\research\decentralized benchmark\commitment-horizon-study\reference_core_benchmark_pilot\known_visit_10target_300.csv,9,9,0,13.659905048198736,13.659905048198736,00,00,2,1,True,completed
271,known_visit,ACBBA,bernoulli,drop_0.25,19,361,4,10,acbba_h8_bernoulli_025,C:\Users\lottj\Desktop\research\decentralized benchmark\commitment-horizon-study\reference_core_benchmark_pilot\known_visit_10target_300.csv,10,11,0,17.114768027739174,17.114768027739174,00,00,2,1,True,completed
272,known_visit,ACBBA,bernoulli,drop_0.25,19,361,4,10,acbba_h8_bernoulli_025,C:\Users\lottj\Desktop\research\decentralized benchmark\commitment-horizon-study\reference_core_benchmark_pilot\known_visit_10target_300.csv,1,10,16,19.315113852229004,19.315113852229004,03,03,1,0,True,completed
272,known_visit,ACBBA,bernoulli,drop_0.25,19,361,4,10,acbba_h8_bernoulli_025,C:\Users\lottj\Desktop\research\decentralized benchmark\commitment-horizon-study\reference_core_benchmark_pilot\known_visit_10target_300.csv,2,10,4,23.12387584358638,23.12387584358638,00,00,1,0,True,completed
272,known_visit,ACBBA,bernoulli,drop_0.25,19,361,4,10,acbba_h8_bernoulli_025,C:\Users\lottj\Desktop\research\decentralized benchmark\commitment-horizon-study\reference_core_benchmark_pilot\known_visit_10target_300.csv,3,8,8,15.917572891023022,15.917572891023022,01,01,1,0,True,completed
272,known_visit,ACBBA,bernoulli,drop_0.25,19,361,4,10,acbba_h8_bernoulli_025,C:\Users\lottj\Desktop\research\decentralized benchmark\commitment-horizon-study\reference_core_benchmark_pilot\known_visit_10target_300.csv,4,8,6,12.203793842284067,12.203793842284067,01,01,1,0,True,completed
272,known_visit,ACBBA,bernoulli,drop_0.25,19,361,4,10,acbba_h8_bernoulli_025,C:\Users\lottj\Desktop\research\decentralized benchmark\commitment-horizon-study\reference_core_benchmark_pilot\known_visit_10target_300.csv,5,13,10,27.901100011743424,27.901100011743424,01,01,1,0,True,completed
272,known_visit,ACBBA,bernoulli,drop_0.25,19,361,4,10,acbba_h8_bernoulli_025,C:\Users\lottj\Desktop\research\decentralized benchmark\commitment-horizon-study\reference_core_benchmark_pilot\known_visit_10target_300.csv,6,11,13,23.351826833074927,23.351826833074927,02,02,1,0,True,completed
272,known_visit,ACBBA,bernoulli,drop_0.25,19,361,4,10,acbba_h8_bernoulli_025,C:\Users\lottj\Desktop\research\decentralized benchmark\commitment-horizon-study\reference_core_benchmark_pilot\known_visit_10target_300.csv,7,16,9,42.16446784033434,42.16446784033434,03,03,1,0,True,completed
272,known_visit,ACBBA,bernoulli,drop_0.25,19,361,4,10,acbba_h8_bernoulli_025,C:\Users\lottj\Desktop\research\decentralized benchmark\commitment-horizon-study\reference_core_benchmark_pilot\known_visit_10target_300.csv,8,12,9,37.22193548794532,37.22193548794532,00,00,1,0,True,completed
272,known_visit,ACBBA,bernoulli,drop_0.25,19,361,4,10,acbba_h8_bernoulli_025,C:\Users\lottj\Desktop\research\decentralized benchmark\commitment-horizon-study\reference_core_benchmark_pilot\known_visit_10target_300.csv,9,7,2,14.216329813510495,14.216329813510495,00,00,1,0,True,completed
272,known_visit,ACBBA,bernoulli,drop_0.25,19,361,4,10,acbba_h8_bernoulli_025,C:\Users\lottj\Desktop\research\decentralized benchmark\commitment-horizon-study\reference_core_benchmark_pilot\known_visit_10target_300.csv,10,16,15,31.713839346317418,31.713839346317418,03,03,1,0,True,completed
273,known_visit,ACBBA,bernoulli,drop_0.25,19,361,4,10,acbba_h8_bernoulli_025,C:\Users\lottj\Desktop\research\decentralized benchmark\commitment-horizon-study\reference_core_benchmark_pilot\known_visit_10target_300.csv,1,14,11,35.34075329345536,35.34075329345536,03,03,1,0,True,completed
273,known_visit,ACBBA,bernoulli,drop_0.25,19,361,4,10,acbba_h8_bernoulli_025,C:\Users\lottj\Desktop\research\decentralized benchmark\commitment-horizon-study\reference_core_benchmark_pilot\known_visit_10target_300.csv,2,3,3,8.958960974875774,8.958960974875774,01,01,1,0,True,completed
273,known_visit,ACBBA,bernoulli,drop_0.25,19,361,4,10,acbba_h8_bernoulli_025,C:\Users\lottj\Desktop\research\decentralized benchmark\commitment-horizon-study\reference_core_benchmark_pilot\known_visit_10target_300.csv,3,13,0,29.007657172206194,29.007657172206194,00,00,1,0,True,completed
273,known_visit,ACBBA,bernoulli,drop_0.25,19,361,4,10,acbba_h8_bernoulli_025,C:\Users\lottj\Desktop\research\decentralized benchmark\commitment-horizon-study\reference_core_benchmark_pilot\known_visit_10target_300.csv,4,13,4,36.07281246912444,36.07281246912444,00,00,1,0,True,completed
273,known_visit,ACBBA,bernoulli,drop_0.25,19,361,4,10,acbba_h8_bernoulli_025,C:\Users\lottj\Desktop\research\decentralized benchmark\commitment-horizon-study\reference_core_benchmark_pilot\known_visit_10target_300.csv,5,8,0,20.028144745558055,20.028144745558055,00,00,2,1,True,completed
273,known_visit,ACBBA,bernoulli,drop_0.25,19,361,4,10,acbba_h8_bernoulli_025,C:\Users\lottj\Desktop\research\decentralized benchmark\commitment-horizon-study\reference_core_benchmark_pilot\known_visit_10target_300.csv,6,3,16,7.386964219720611,7.386964219720611,03,03,1,0,True,completed
273,known_visit,ACBBA,bernoulli,drop_0.25,19,361,4,10,acbba_h8_bernoulli_025,C:\Users\lottj\Desktop\research\decentralized benchmark\commitment-horizon-study\reference_core_benchmark_pilot\known_visit_10target_300.csv,7,9,14,21.37325539045208,21.37325539045208,03,03,1,0,True,completed
273,known_visit,ACBBA,bernoulli,drop_0.25,19,361,4,10,acbba_h8_bernoulli_025,C:\Users\lottj\Desktop\research\decentralized benchmark\commitment-horizon-study\reference_core_benchmark_pilot\known_visit_10target_300.csv,8,8,7,21.130632866334047,21.130632866334047,02,02,1,0,True,completed
273,known_visit,ACBBA,bernoulli,drop_0.25,19,361,4,10,acbba_h8_bernoulli_025,C:\Users\lottj\Desktop\research\decentralized benchmark\commitment-horizon-study\reference_core_benchmark_pilot\known_visit_10target_300.csv,9,11,9,30.0492814064057,30.0492814064057,02,02,1,0,True,completed
273,known_visit,ACBBA,bernoulli,drop_0.25,19,361,4,10,acbba_h8_bernoulli_025,C:\Users\lottj\Desktop\research\decentralized benchmark\commitment-horizon-study\reference_core_benchmark_pilot\known_visit_10target_300.csv,10,12,5,39.77566662133326,39.77566662133326,00,00,1,0,True,completed
274,known_visit,ACBBA,bernoulli,drop_0.25,19,361,4,10,acbba_h8_bernoulli_025,C:\Users\lottj\Desktop\research\decentralized benchmark\commitment-horizon-study\reference_core_benchmark_pilot\known_visit_10target_300.csv,1,8,10,15.293695117235426,15.293695117235426,02,02,1,0,True,completed
274,known_visit,ACBBA,bernoulli,drop_0.25,19,361,4,10,acbba_h8_bernoulli_025,C:\Users\lottj\Desktop\research\decentralized benchmark\commitment-horizon-study\reference_core_benchmark_pilot\known_visit_10target_300.csv,2,6,5,17.79524440590806,17.79524440590806,00,00,1,0,True,completed
274,known_visit,ACBBA,bernoulli,drop_0.25,19,361,4,10,acbba_h8_bernoulli_025,C:\Users\lottj\Desktop\research\decentralized benchmark\commitment-horizon-study\reference_core_benchmark_pilot\known_visit_10target_300.csv,3,13,8,42.53746304766927,42.53746304766927,01,01,1,0,True,completed
274,known_visit,ACBBA,bernoulli,drop_0.25,19,361,4,10,acbba_h8_bernoulli_025,C:\Users\lottj\Desktop\research\decentralized benchmark\commitment-horizon-study\reference_core_benchmark_pilot\known_visit_10target_300.csv,4,0,5,0.4058441561953545,0.4058441561953545,01,01,2,1,True,completed
274,known_visit,ACBBA,bernoulli,drop_0.25,19,361,4,10,acbba_h8_bernoulli_025,C:\Users\lottj\Desktop\research\decentralized benchmark\commitment-horizon-study\reference_core_benchmark_pilot\known_visit_10target_300.csv,5,16,4,29.979573080494383,29.979573080494383,01,01,1,0,True,completed
274,known_visit,ACBBA,bernoulli,drop_0.25,19,361,4,10,acbba_h8_bernoulli_025,C:\Users\lottj\Desktop\research\decentralized benchmark\commitment-horizon-study\reference_core_benchmark_pilot\known_visit_10target_300.csv,6,10,13,56.28078755979468,56.28078755979468,01,01,1,0,True,completed
274,known_visit,ACBBA,bernoulli,drop_0.25,19,361,4,10,acbba_h8_bernoulli_025,C:\Users\lottj\Desktop\research\decentralized benchmark\commitment-horizon-study\reference_core_benchmark_pilot\known_visit_10target_300.csv,7,16,17,32.29670821720048,32.29670821720048,03,03,1,0,True,completed
274,known_visit,ACBBA,bernoulli,drop_0.25,19,361,4,10,acbba_h8_bernoulli_025,C:\Users\lottj\Desktop\research\decentralized benchmark\commitment-horizon-study\reference_core_benchmark_pilot\known_visit_10target_300.csv,8,2,4,5.949135327214964,5.949135327214964,01,01,1,0,True,completed
274,known_visit,ACBBA,bernoulli,drop_0.25,19,361,4,10,acbba_h8_bernoulli_025,C:\Users\lottj\Desktop\research\decentralized benchmark\commitment-horizon-study\reference_core_benchmark_pilot\known_visit_10target_300.csv,9,12,16,22.931123959427754,22.931123959427754,03,03,1,0,True,completed
274,known_visit,ACBBA,bernoulli,drop_0.25,19,361,4,10,acbba_h8_bernoulli_025,C:\Users\lottj\Desktop\research\decentralized benchmark\commitment-horizon-study\reference_core_benchmark_pilot\known_visit_10target_300.csv,10,1,16,3.9476581219973728,3.9476581219973728,03,03,1,0,True,completed
275,known_visit,ACBBA,bernoulli,drop_0.25,19,361,4,10,acbba_h8_bernoulli_025,C:\Users\lottj\Desktop\research\decentralized benchmark\commitment-horizon-study\reference_core_benchmark_pilot\known_visit_10target_300.csv,1,14,13,63.51677197874812,63.51677197874812,00,00,1,0,True,completed
275,known_visit,ACBBA,bernoulli,drop_0.25,19,361,4,10,acbba_h8_bernoulli_025,C:\Users\lottj\Desktop\research\decentralized benchmark\commitment-horizon-study\reference_core_benchmark_pilot\known_visit_10target_300.csv,2,1,11,19.719162919126063,19.719162919126063,01,01,2,1,True,completed
275,known_visit,ACBBA,bernoulli,drop_0.25,19,361,4,10,acbba_h8_bernoulli_025,C:\Users\lottj\Desktop\research\decentralized benchmark\commitment-horizon-study\reference_core_benchmark_pilot\known_visit_10target_300.csv,3,18,15,74.23519252973647,74.23519252973647,00,00,1,0,True,completed
275,known_visit,ACBBA,bernoulli,drop_0.25,19,361,4,10,acbba_h8_bernoulli_025,C:\Users\lottj\Desktop\research\decentralized benchmark\commitment-horizon-study\reference_core_benchmark_pilot\known_visit_10target_300.csv,4,1,17,2.1069393761570585,2.1069393761570585,03,03,2,1,True,completed
275,known_visit,ACBBA,bernoulli,drop_0.25,19,361,4,10,acbba_h8_bernoulli_025,C:\Users\lottj\Desktop\research\decentralized benchmark\commitment-horizon-study\reference_core_benchmark_pilot\known_visit_10target_300.csv,5,4,6,5.364480472854043,5.364480472854043,01,01,1,0,True,completed
275,known_visit,ACBBA,bernoulli,drop_0.25,19,361,4,10,acbba_h8_bernoulli_025,C:\Users\lottj\Desktop\research\decentralized benchmark\commitment-horizon-study\reference_core_benchmark_pilot\known_visit_10target_300.csv,6,2,0,1.8560326340877507,1.8560326340877507,00,00,1,0,True,completed
275,known_visit,ACBBA,bernoulli,drop_0.25,19,361,4,10,acbba_h8_bernoulli_025,C:\Users\lottj\Desktop\research\decentralized benchmark\commitment-horizon-study\reference_core_benchmark_pilot\known_visit_10target_300.csv,7,9,1,15.840909413857787,15.840909413857787,00,00,1,0,True,completed
275,known_visit,ACBBA,bernoulli,drop_0.25,19,361,4,10,acbba_h8_bernoulli_025,C:\Users\lottj\Desktop\research\decentralized benchmark\commitment-horizon-study\reference_core_benchmark_pilot\known_visit_10target_300.csv,8,16,11,56.34738650055033,56.34738650055033,00,00,1,0,True,completed
275,known_visit,ACBBA,bernoulli,drop_0.25,19,361,4,10,acbba_h8_bernoulli_025,C:\Users\lottj\Desktop\research\decentralized benchmark\commitment-horizon-study\reference_core_benchmark_pilot\known_visit_10target_300.csv,9,8,16,16.479087761175645,16.479087761175645,03,03,1,0,True,completed
275,known_visit,ACBBA,bernoulli,drop_0.25,19,361,4,10,acbba_h8_bernoulli_025,C:\Users\lottj\Desktop\research\decentralized benchmark\commitment-horizon-study\reference_core_benchmark_pilot\known_visit_10target_300.csv,10,17,0,31.766091404459335,31.766091404459335,00,00,1,0,True,completed
276,known_visit,ACBBA,bernoulli,drop_0.25,19,361,4,10,acbba_h8_bernoulli_025,C:\Users\lottj\Desktop\research\decentralized benchmark\commitment-horizon-study\reference_core_benchmark_pilot\known_visit_10target_300.csv,1,10,17,42.688742835270155,42.688742835270155,01,01,1,0,True,completed
276,known_visit,ACBBA,bernoulli,drop_0.25,19,361,4,10,acbba_h8_bernoulli_025,C:\Users\lottj\Desktop\research\decentralized benchmark\commitment-horizon-study\reference_core_benchmark_pilot\known_visit_10target_300.csv,2,11,17,44.34759929372879,44.34759929372879,01,01,1,0,True,completed
276,known_visit,ACBBA,bernoulli,drop_0.25,19,361,4,10,acbba_h8_bernoulli_025,C:\Users\lottj\Desktop\research\decentralized benchmark\commitment-horizon-study\reference_core_benchmark_pilot\known_visit_10target_300.csv,3,13,3,26.426282183519923,26.426282183519923,00,00,1,0,True,completed
276,known_visit,ACBBA,bernoulli,drop_0.25,19,361,4,10,acbba_h8_bernoulli_025,C:\Users\lottj\Desktop\research\decentralized benchmark\commitment-horizon-study\reference_core_benchmark_pilot\known_visit_10target_300.csv,4,13,13,44.34501748120935,44.34501748120935,00,00,1,0,True,completed
276,known_visit,ACBBA,bernoulli,drop_0.25,19,361,4,10,acbba_h8_bernoulli_025,C:\Users\lottj\Desktop\research\decentralized benchmark\commitment-horizon-study\reference_core_benchmark_pilot\known_visit_10target_300.csv,5,6,2,12.487298164632053,12.487298164632053,00,00,2,1,True,completed
276,known_visit,ACBBA,bernoulli,drop_0.25,19,361,4,10,acbba_h8_bernoulli_025,C:\Users\lottj\Desktop\research\decentralized benchmark\commitment-horizon-study\reference_core_benchmark_pilot\known_visit_10target_300.csv,6,7,11,23.313028054629914,23.313028054629914,03,03,1,0,True,completed
276,known_visit,ACBBA,bernoulli,drop_0.25,19,361,4,10,acbba_h8_bernoulli_025,C:\Users\lottj\Desktop\research\decentralized benchmark\commitment-horizon-study\reference_core_benchmark_pilot\known_visit_10target_300.csv,7,8,8,39.26728397494537,39.26728397494537,02,02,1,0,True,completed
276,known_visit,ACBBA,bernoulli,drop_0.25,19,361,4,10,acbba_h8_bernoulli_025,C:\Users\lottj\Desktop\research\decentralized benchmark\commitment-horizon-study\reference_core_benchmark_pilot\known_visit_10target_300.csv,8,0,9,3.7863144528966806,3.7863144528966806,01,01,2,1,True,completed
276,known_visit,ACBBA,bernoulli,drop_0.25,19,361,4,10,acbba_h8_bernoulli_025,C:\Users\lottj\Desktop\research\decentralized benchmark\commitment-horizon-study\reference_core_benchmark_pilot\known_visit_10target_300.csv,9,4,17,7.825025201538231,7.825025201538231,03,03,2,1,True,completed
276,known_visit,ACBBA,bernoulli,drop_0.25,19,361,4,10,acbba_h8_bernoulli_025,C:\Users\lottj\Desktop\research\decentralized benchmark\commitment-horizon-study\reference_core_benchmark_pilot\known_visit_10target_300.csv,10,0,17,0.5518046456269101,0.5518046456269101,03,03,2,1,True,completed
277,known_visit,ACBBA,bernoulli,drop_0.25,19,361,4,10,acbba_h8_bernoulli_025,C:\Users\lottj\Desktop\research\decentralized benchmark\commitment-horizon-study\reference_core_benchmark_pilot\known_visit_10target_300.csv,1,15,16,51.98953422063339,51.98953422063339,00,00,1,0,True,completed
277,known_visit,ACBBA,bernoulli,drop_0.25,19,361,4,10,acbba_h8_bernoulli_025,C:\Users\lottj\Desktop\research\decentralized benchmark\commitment-horizon-study\reference_core_benchmark_pilot\known_visit_10target_300.csv,2,2,5,10.667419810052424,10.667419810052424,00,00,1,0,True,completed
277,known_visit,ACBBA,bernoulli,drop_0.25,19,361,4,10,acbba_h8_bernoulli_025,C:\Users\lottj\Desktop\research\decentralized benchmark\commitment-horizon-study\reference_core_benchmark_pilot\known_visit_10target_300.csv,3,13,1,41.099536275560624,41.099536275560624,01,01,1,0,True,completed
277,known_visit,ACBBA,bernoulli,drop_0.25,19,361,4,10,acbba_h8_bernoulli_025,C:\Users\lottj\Desktop\research\decentralized benchmark\commitment-horizon-study\reference_core_benchmark_pilot\known_visit_10target_300.csv,4,4,9,21.196223555656335,21.196223555656335,00,00,3,2,True,completed
277,known_visit,ACBBA,bernoulli,drop_0.25,19,361,4,10,acbba_h8_bernoulli_025,C:\Users\lottj\Desktop\research\decentralized benchmark\commitment-horizon-study\reference_core_benchmark_pilot\known_visit_10target_300.csv,5,14,3,35.63265538185359,35.63265538185359,01,01,1,0,True,completed
277,known_visit,ACBBA,bernoulli,drop_0.25,19,361,4,10,acbba_h8_bernoulli_025,C:\Users\lottj\Desktop\research\decentralized benchmark\commitment-horizon-study\reference_core_benchmark_pilot\known_visit_10target_300.csv,6,11,8,21.503857933430027,21.503857933430027,01,01,2,1,True,completed
277,known_visit,ACBBA,bernoulli,drop_0.25,19,361,4,10,acbba_h8_bernoulli_025,C:\Users\lottj\Desktop\research\decentralized benchmark\commitment-horizon-study\reference_core_benchmark_pilot\known_visit_10target_300.csv,7,16,17,55.74685575796293,55.74685575796293,00,00,1,0,True,completed
277,known_visit,ACBBA,bernoulli,drop_0.25,19,361,4,10,acbba_h8_bernoulli_025,C:\Users\lottj\Desktop\research\decentralized benchmark\commitment-horizon-study\reference_core_benchmark_pilot\known_visit_10target_300.csv,8,9,7,15.981501142876855,15.981501142876855,01,01,2,1,True,completed
277,known_visit,ACBBA,bernoulli,drop_0.25,19,361,4,10,acbba_h8_bernoulli_025,C:\Users\lottj\Desktop\research\decentralized benchmark\commitment-horizon-study\reference_core_benchmark_pilot\known_visit_10target_300.csv,9,4,13,7.563624872093039,7.563624872093039,02,02,2,1,True,completed
277,known_visit,ACBBA,bernoulli,drop_0.25,19,361,4,10,acbba_h8_bernoulli_025,C:\Users\lottj\Desktop\research\decentralized benchmark\commitment-horizon-study\reference_core_benchmark_pilot\known_visit_10target_300.csv,10,2,13,3.7823278500622197,3.7823278500622197,02,02,2,1,True,completed
278,known_visit,ACBBA,bernoulli,drop_0.25,19,361,4,10,acbba_h8_bernoulli_025,C:\Users\lottj\Desktop\research\decentralized benchmark\commitment-horizon-study\reference_core_benchmark_pilot\known_visit_10target_300.csv,1,10,16,18.764130435520503,18.764130435520503,03,03,2,1,True,completed
278,known_visit,ACBBA,bernoulli,drop_0.25,19,361,4,10,acbba_h8_bernoulli_025,C:\Users\lottj\Desktop\research\decentralized benchmark\commitment-horizon-study\reference_core_benchmark_pilot\known_visit_10target_300.csv,2,0,9,3.855784607798081,3.855784607798081,02,02,2,1,True,completed
278,known_visit,ACBBA,bernoulli,drop_0.25,19,361,4,10,acbba_h8_bernoulli_025,C:\Users\lottj\Desktop\research\decentralized benchmark\commitment-horizon-study\reference_core_benchmark_pilot\known_visit_10target_300.csv,3,7,7,23.5325557291307,23.5325557291307,01,01,2,1,True,completed
278,known_visit,ACBBA,bernoulli,drop_0.25,19,361,4,10,acbba_h8_bernoulli_025,C:\Users\lottj\Desktop\research\decentralized benchmark\commitment-horizon-study\reference_core_benchmark_pilot\known_visit_10target_300.csv,4,10,17,17.133831690834455,17.133831690834455,03,03,1,0,True,completed
278,known_visit,ACBBA,bernoulli,drop_0.25,19,361,4,10,acbba_h8_bernoulli_025,C:\Users\lottj\Desktop\research\decentralized benchmark\commitment-horizon-study\reference_core_benchmark_pilot\known_visit_10target_300.csv,5,2,2,5.451819987453568,5.451819987453568,00,00,3,2,True,completed
278,known_visit,ACBBA,bernoulli,drop_0.25,19,361,4,10,acbba_h8_bernoulli_025,C:\Users\lottj\Desktop\research\decentralized benchmark\commitment-horizon-study\reference_core_benchmark_pilot\known_visit_10target_300.csv,6,9,12,27.498193655126908,27.498193655126908,03,03,1,0,True,completed
278,known_visit,ACBBA,bernoulli,drop_0.25,19,361,4,10,acbba_h8_bernoulli_025,C:\Users\lottj\Desktop\research\decentralized benchmark\commitment-horizon-study\reference_core_benchmark_pilot\known_visit_10target_300.csv,7,6,4,16.117265459874893,16.117265459874893,01,01,3,2,True,completed
278,known_visit,ACBBA,bernoulli,drop_0.25,19,361,4,10,acbba_h8_bernoulli_025,C:\Users\lottj\Desktop\research\decentralized benchmark\commitment-horizon-study\reference_core_benchmark_pilot\known_visit_10target_300.csv,8,18,2,63.89499461077297,63.89499461077297,00,00,1,0,True,completed
278,known_visit,ACBBA,bernoulli,drop_0.25,19,361,4,10,acbba_h8_bernoulli_025,C:\Users\lottj\Desktop\research\decentralized benchmark\commitment-horizon-study\reference_core_benchmark_pilot\known_visit_10target_300.csv,9,18,13,83.14566543572344,83.14566543572344,00,00,1,0,True,completed
278,known_visit,ACBBA,bernoulli,drop_0.25,19,361,4,10,acbba_h8_bernoulli_025,C:\Users\lottj\Desktop\research\decentralized benchmark\commitment-horizon-study\reference_core_benchmark_pilot\known_visit_10target_300.csv,10,1,7,2.098635542252315,2.098635542252315,01,01,2,1,True,completed
279,known_visit,ACBBA,bernoulli,drop_0.25,19,361,4,10,acbba_h8_bernoulli_025,C:\Users\lottj\Desktop\research\decentralized benchmark\commitment-horizon-study\reference_core_benchmark_pilot\known_visit_10target_300.csv,1,4,15,14.303611858855527,14.303611858855527,03,03,1,0,True,completed
279,known_visit,ACBBA,bernoulli,drop_0.25,19,361,4,10,acbba_h8_bernoulli_025,C:\Users\lottj\Desktop\research\decentralized benchmark\commitment-horizon-study\reference_core_benchmark_pilot\known_visit_10target_300.csv,2,0,11,0.528738316417482,0.528738316417482,02,02,1,0,True,completed
279,known_visit,ACBBA,bernoulli,drop_0.25,19,361,4,10,acbba_h8_bernoulli_025,C:\Users\lottj\Desktop\research\decentralized benchmark\commitment-horizon-study\reference_core_benchmark_pilot\known_visit_10target_300.csv,3,10,16,63.69571808265026,63.69571808265026,01,01,1,0,True,completed
279,known_visit,ACBBA,bernoulli,drop_0.25,19,361,4,10,acbba_h8_bernoulli_025,C:\Users\lottj\Desktop\research\decentralized benchmark\commitment-horizon-study\reference_core_benchmark_pilot\known_visit_10target_300.csv,4,4,12,10.029189290517285,10.029189290517285,02,02,1,0,True,completed
279,known_visit,ACBBA,bernoulli,drop_0.25,19,361,4,10,acbba_h8_bernoulli_025,C:\Users\lottj\Desktop\research\decentralized benchmark\commitment-horizon-study\reference_core_benchmark_pilot\known_visit_10target_300.csv,5,8,11,19.47336322731287,19.47336322731287,02,02,2,1,True,completed
279,known_visit,ACBBA,bernoulli,drop_0.25,19,361,4,10,acbba_h8_bernoulli_025,C:\Users\lottj\Desktop\research\decentralized benchmark\commitment-horizon-study\reference_core_benchmark_pilot\known_visit_10target_300.csv,6,5,18,6.905858959343962,6.905858959343962,03,03,1,0,True,completed
279,known_visit,ACBBA,bernoulli,drop_0.25,19,361,4,10,acbba_h8_bernoulli_025,C:\Users\lottj\Desktop\research\decentralized benchmark\commitment-horizon-study\reference_core_benchmark_pilot\known_visit_10target_300.csv,7,6,4,15.698573543204287,15.698573543204287,00,00,3,2,True,completed
279,known_visit,ACBBA,bernoulli,drop_0.25,19,361,4,10,acbba_h8_bernoulli_025,C:\Users\lottj\Desktop\research\decentralized benchmark\commitment-horizon-study\reference_core_benchmark_pilot\known_visit_10target_300.csv,8,7,11,17.50958049306933,17.50958049306933,02,02,2,1,True,completed
279,known_visit,ACBBA,bernoulli,drop_0.25,19,361,4,10,acbba_h8_bernoulli_025,C:\Users\lottj\Desktop\research\decentralized benchmark\commitment-horizon-study\reference_core_benchmark_pilot\known_visit_10target_300.csv,9,8,3,21.33941419815276,21.33941419815276,00,00,1,0,True,completed
279,known_visit,ACBBA,bernoulli,drop_0.25,19,361,4,10,acbba_h8_bernoulli_025,C:\Users\lottj\Desktop\research\decentralized benchmark\commitment-horizon-study\reference_core_benchmark_pilot\known_visit_10target_300.csv,10,13,18,72.4584642437401,72.4584642437401,01,01,1,0,True,completed
280,known_visit,ACBBA,bernoulli,drop_0.25,19,361,4,10,acbba_h8_bernoulli_025,C:\Users\lottj\Desktop\research\decentralized benchmark\commitment-horizon-study\reference_core_benchmark_pilot\known_visit_10target_300.csv,1,16,17,27.505488539569463,27.505488539569463,03,03,1,0,True,completed
280,known_visit,ACBBA,bernoulli,drop_0.25,19,361,4,10,acbba_h8_bernoulli_025,C:\Users\lottj\Desktop\research\decentralized benchmark\commitment-horizon-study\reference_core_benchmark_pilot\known_visit_10target_300.csv,2,1,3,5.726868545845012,5.726868545845012,00,00,2,1,True,completed
280,known_visit,ACBBA,bernoulli,drop_0.25,19,361,4,10,acbba_h8_bernoulli_025,C:\Users\lottj\Desktop\research\decentralized benchmark\commitment-horizon-study\reference_core_benchmark_pilot\known_visit_10target_300.csv,3,17,15,32.760198935510594,32.760198935510594,03,03,1,0,True,completed
280,known_visit,ACBBA,bernoulli,drop_0.25,19,361,4,10,acbba_h8_bernoulli_025,C:\Users\lottj\Desktop\research\decentralized benchmark\commitment-horizon-study\reference_core_benchmark_pilot\known_visit_10target_300.csv,4,1,5,9.220312747147474,9.220312747147474,00,00,2,1,True,completed
280,known_visit,ACBBA,bernoulli,drop_0.25,19,361,4,10,acbba_h8_bernoulli_025,C:\Users\lottj\Desktop\research\decentralized benchmark\commitment-horizon-study\reference_core_benchmark_pilot\known_visit_10target_300.csv,5,2,13,13.745917663817119,13.745917663817119,01,01,2,1,True,completed
280,known_visit,ACBBA,bernoulli,drop_0.25,19,361,4,10,acbba_h8_bernoulli_025,C:\Users\lottj\Desktop\research\decentralized benchmark\commitment-horizon-study\reference_core_benchmark_pilot\known_visit_10target_300.csv,6,0,8,16.3709729411213,16.3709729411213,00,00,1,0,True,completed
280,known_visit,ACBBA,bernoulli,drop_0.25,19,361,4,10,acbba_h8_bernoulli_025,C:\Users\lottj\Desktop\research\decentralized benchmark\commitment-horizon-study\reference_core_benchmark_pilot\known_visit_10target_300.csv,7,13,18,20.488204658857043,20.488204658857043,03,03,1,0,True,completed
280,known_visit,ACBBA,bernoulli,drop_0.25,19,361,4,10,acbba_h8_bernoulli_025,C:\Users\lottj\Desktop\research\decentralized benchmark\commitment-horizon-study\reference_core_benchmark_pilot\known_visit_10target_300.csv,8,14,2,40.28315857940588,40.28315857940588,02,02,1,0,True,completed
280,known_visit,ACBBA,bernoulli,drop_0.25,19,361,4,10,acbba_h8_bernoulli_025,C:\Users\lottj\Desktop\research\decentralized benchmark\commitment-horizon-study\reference_core_benchmark_pilot\known_visit_10target_300.csv,9,12,18,18.83226061840655,18.83226061840655,03,03,1,0,True,completed
280,known_visit,ACBBA,bernoulli,drop_0.25,19,361,4,10,acbba_h8_bernoulli_025,C:\Users\lottj\Desktop\research\decentralized benchmark\commitment-horizon-study\reference_core_benchmark_pilot\known_visit_10target_300.csv,10,10,11,17.485696191912012,17.485696191912012,02,02,1,0,True,completed
281,known_visit,ACBBA,bernoulli,drop_0.25,19,361,4,10,acbba_h8_bernoulli_025,C:\Users\lottj\Desktop\research\decentralized benchmark\commitment-horizon-study\reference_core_benchmark_pilot\known_visit_10target_300.csv,1,3,7,5.412301919356667,5.412301919356667,01,01,1,0,True,completed
281,known_visit,ACBBA,bernoulli,drop_0.25,19,361,4,10,acbba_h8_bernoulli_025,C:\Users\lottj\Desktop\research\decentralized benchmark\commitment-horizon-study\reference_core_benchmark_pilot\known_visit_10target_300.csv,2,10,7,17.58607972202979,17.58607972202979,01,01,2,1,True,completed
281,known_visit,ACBBA,bernoulli,drop_0.25,19,361,4,10,acbba_h8_bernoulli_025,C:\Users\lottj\Desktop\research\decentralized benchmark\commitment-horizon-study\reference_core_benchmark_pilot\known_visit_10target_300.csv,3,0,3,21.723802176394674,21.723802176394674,00,00,2,1,True,completed
281,known_visit,ACBBA,bernoulli,drop_0.25,19,361,4,10,acbba_h8_bernoulli_025,C:\Users\lottj\Desktop\research\decentralized benchmark\commitment-horizon-study\reference_core_benchmark_pilot\known_visit_10target_300.csv,4,5,17,9.012975423984503,9.012975423984503,03,03,2,1,True,completed
281,known_visit,ACBBA,bernoulli,drop_0.25,19,361,4,10,acbba_h8_bernoulli_025,C:\Users\lottj\Desktop\research\decentralized benchmark\commitment-horizon-study\reference_core_benchmark_pilot\known_visit_10target_300.csv,5,13,9,26.437148815767223,26.437148815767223,01,01,1,0,True,completed
281,known_visit,ACBBA,bernoulli,drop_0.25,19,361,4,10,acbba_h8_bernoulli_025,C:\Users\lottj\Desktop\research\decentralized benchmark\commitment-horizon-study\reference_core_benchmark_pilot\known_visit_10target_300.csv,6,16,13,80.7045251397349,80.7045251397349,00,00,1,0,True,completed
281,known_visit,ACBBA,bernoulli,drop_0.25,19,361,4,10,acbba_h8_bernoulli_025,C:\Users\lottj\Desktop\research\decentralized benchmark\commitment-horizon-study\reference_core_benchmark_pilot\known_visit_10target_300.csv,7,11,14,70.2114997952724,70.2114997952724,00,00,1,0,True,completed
281,known_visit,ACBBA,bernoulli,drop_0.25,19,361,4,10,acbba_h8_bernoulli_025,C:\Users\lottj\Desktop\research\decentralized benchmark\commitment-horizon-study\reference_core_benchmark_pilot\known_visit_10target_300.csv,8,1,2,17.975185766722,17.975185766722,00,00,1,0,True,completed
281,known_visit,ACBBA,bernoulli,drop_0.25,19,361,4,10,acbba_h8_bernoulli_025,C:\Users\lottj\Desktop\research\decentralized benchmark\commitment-horizon-study\reference_core_benchmark_pilot\known_visit_10target_300.csv,9,5,0,6.8818735238222235,6.8818735238222235,00,00,2,1,True,completed
281,known_visit,ACBBA,bernoulli,drop_0.25,19,361,4,10,acbba_h8_bernoulli_025,C:\Users\lottj\Desktop\research\decentralized benchmark\commitment-horizon-study\reference_core_benchmark_pilot\known_visit_10target_300.csv,10,2,1,14.202545393889885,14.202545393889885,00,00,1,0,True,completed
282,known_visit,ACBBA,bernoulli,drop_0.25,19,361,4,10,acbba_h8_bernoulli_025,C:\Users\lottj\Desktop\research\decentralized benchmark\commitment-horizon-study\reference_core_benchmark_pilot\known_visit_10target_300.csv,1,10,16,37.255992929366755,37.255992929366755,01,01,1,0,True,completed
282,known_visit,ACBBA,bernoulli,drop_0.25,19,361,4,10,acbba_h8_bernoulli_025,C:\Users\lottj\Desktop\research\decentralized benchmark\commitment-horizon-study\reference_core_benchmark_pilot\known_visit_10target_300.csv,2,8,0,12.088907493402603,12.088907493402603,00,00,1,0,True,completed
282,known_visit,ACBBA,bernoulli,drop_0.25,19,361,4,10,acbba_h8_bernoulli_025,C:\Users\lottj\Desktop\research\decentralized benchmark\commitment-horizon-study\reference_core_benchmark_pilot\known_visit_10target_300.csv,3,14,3,27.764694283669908,27.764694283669908,00,00,1,0,True,completed
282,known_visit,ACBBA,bernoulli,drop_0.25,19,361,4,10,acbba_h8_bernoulli_025,C:\Users\lottj\Desktop\research\decentralized benchmark\commitment-horizon-study\reference_core_benchmark_pilot\known_visit_10target_300.csv,4,6,3,41.64970530816837,41.64970530816837,00,00,1,0,True,completed
282,known_visit,ACBBA,bernoulli,drop_0.25,19,361,4,10,acbba_h8_bernoulli_025,C:\Users\lottj\Desktop\research\decentralized benchmark\commitment-horizon-study\reference_core_benchmark_pilot\known_visit_10target_300.csv,5,1,11,2.2531529778837975,2.2531529778837975,02,02,2,1,True,completed
282,known_visit,ACBBA,bernoulli,drop_0.25,19,361,4,10,acbba_h8_bernoulli_025,C:\Users\lottj\Desktop\research\decentralized benchmark\commitment-horizon-study\reference_core_benchmark_pilot\known_visit_10target_300.csv,6,9,10,17.794986592585687,17.794986592585687,02,02,2,1,True,completed
282,known_visit,ACBBA,bernoulli,drop_0.25,19,361,4,10,acbba_h8_bernoulli_025,C:\Users\lottj\Desktop\research\decentralized benchmark\commitment-horizon-study\reference_core_benchmark_pilot\known_visit_10target_300.csv,7,2,13,14.540301371459382,14.540301371459382,03,03,1,0,True,completed
282,known_visit,ACBBA,bernoulli,drop_0.25,19,361,4,10,acbba_h8_bernoulli_025,C:\Users\lottj\Desktop\research\decentralized benchmark\commitment-horizon-study\reference_core_benchmark_pilot\known_visit_10target_300.csv,8,14,0,22.26571062376391,22.26571062376391,00,00,1,0,True,completed
282,known_visit,ACBBA,bernoulli,drop_0.25,19,361,4,10,acbba_h8_bernoulli_025,C:\Users\lottj\Desktop\research\decentralized benchmark\commitment-horizon-study\reference_core_benchmark_pilot\known_visit_10target_300.csv,9,10,8,23.19089972939394,23.19089972939394,02,02,1,0,True,completed
282,known_visit,ACBBA,bernoulli,drop_0.25,19,361,4,10,acbba_h8_bernoulli_025,C:\Users\lottj\Desktop\research\decentralized benchmark\commitment-horizon-study\reference_core_benchmark_pilot\known_visit_10target_300.csv,10,3,17,5.615487775832935,5.615487775832935,03,03,2,1,True,completed
283,known_visit,ACBBA,bernoulli,drop_0.25,19,361,4,10,acbba_h8_bernoulli_025,C:\Users\lottj\Desktop\research\decentralized benchmark\commitment-horizon-study\reference_core_benchmark_pilot\known_visit_10target_300.csv,1,15,3,29.643138167395932,29.643138167395932,00,00,1,0,True,completed
283,known_visit,ACBBA,bernoulli,drop_0.25,19,361,4,10,acbba_h8_bernoulli_025,C:\Users\lottj\Desktop\research\decentralized benchmark\commitment-horizon-study\reference_core_benchmark_pilot\known_visit_10target_300.csv,2,6,2,12.552193218856695,12.552193218856695,00,00,1,0,True,completed
283,known_visit,ACBBA,bernoulli,drop_0.25,19,361,4,10,acbba_h8_bernoulli_025,C:\Users\lottj\Desktop\research\decentralized benchmark\commitment-horizon-study\reference_core_benchmark_pilot\known_visit_10target_300.csv,3,12,10,39.89542233516674,39.89542233516674,03,03,1,0,True,completed
283,known_visit,ACBBA,bernoulli,drop_0.25,19,361,4,10,acbba_h8_bernoulli_025,C:\Users\lottj\Desktop\research\decentralized benchmark\commitment-horizon-study\reference_core_benchmark_pilot\known_visit_10target_300.csv,4,9,17,15.624347487707828,15.624347487707828,03,03,1,0,True,completed
283,known_visit,ACBBA,bernoulli,drop_0.25,19,361,4,10,acbba_h8_bernoulli_025,C:\Users\lottj\Desktop\research\decentralized benchmark\commitment-horizon-study\reference_core_benchmark_pilot\known_visit_10target_300.csv,5,14,15,27.616072452659175,27.616072452659175,03,03,1,0,True,completed
283,known_visit,ACBBA,bernoulli,drop_0.25,19,361,4,10,acbba_h8_bernoulli_025,C:\Users\lottj\Desktop\research\decentralized benchmark\commitment-horizon-study\reference_core_benchmark_pilot\known_visit_10target_300.csv,6,3,6,3.568732270579203,3.568732270579203,01,01,2,1,True,completed
283,known_visit,ACBBA,bernoulli,drop_0.25,19,361,4,10,acbba_h8_bernoulli_025,C:\Users\lottj\Desktop\research\decentralized benchmark\commitment-horizon-study\reference_core_benchmark_pilot\known_visit_10target_300.csv,7,6,1,10.813977887818442,10.813977887818442,00,00,1,0,True,completed
283,known_visit,ACBBA,bernoulli,drop_0.25,19,361,4,10,acbba_h8_bernoulli_025,C:\Users\lottj\Desktop\research\decentralized benchmark\commitment-horizon-study\reference_core_benchmark_pilot\known_visit_10target_300.csv,8,13,5,30.069665443542103,30.069665443542103,01,01,1,0,True,completed
283,known_visit,ACBBA,bernoulli,drop_0.25,19,361,4,10,acbba_h8_bernoulli_025,C:\Users\lottj\Desktop\research\decentralized benchmark\commitment-horizon-study\reference_core_benchmark_pilot\known_visit_10target_300.csv,9,4,11,7.421958508743464,7.421958508743464,02,02,1,0,True,completed
283,known_visit,ACBBA,bernoulli,drop_0.25,19,361,4,10,acbba_h8_bernoulli_025,C:\Users\lottj\Desktop\research\decentralized benchmark\commitment-horizon-study\reference_core_benchmark_pilot\known_visit_10target_300.csv,10,15,0,35.0588687933276,35.0588687933276,00,00,1,0,True,completed
284,known_visit,ACBBA,bernoulli,drop_0.25,19,361,4,10,acbba_h8_bernoulli_025,C:\Users\lottj\Desktop\research\decentralized benchmark\commitment-horizon-study\reference_core_benchmark_pilot\known_visit_10target_300.csv,1,6,1,10.895286326234647,10.895286326234647,00,00,1,0,True,completed
284,known_visit,ACBBA,bernoulli,drop_0.25,19,361,4,10,acbba_h8_bernoulli_025,C:\Users\lottj\Desktop\research\decentralized benchmark\commitment-horizon-study\reference_core_benchmark_pilot\known_visit_10target_300.csv,2,5,16,10.618205213109642,10.618205213109642,03,03,2,1,True,completed
284,known_visit,ACBBA,bernoulli,drop_0.25,19,361,4,10,acbba_h8_bernoulli_025,C:\Users\lottj\Desktop\research\decentralized benchmark\commitment-horizon-study\reference_core_benchmark_pilot\known_visit_10target_300.csv,3,16,10,54.338287928437026,54.338287928437026,02,02,1,0,True,completed
284,known_visit,ACBBA,bernoulli,drop_0.25,19,361,4,10,acbba_h8_bernoulli_025,C:\Users\lottj\Desktop\research\decentralized benchmark\commitment-horizon-study\reference_core_benchmark_pilot\known_visit_10target_300.csv,4,11,3,23.000500102999485,23.000500102999485,00,00,1,0,True,completed
284,known_visit,ACBBA,bernoulli,drop_0.25,19,361,4,10,acbba_h8_bernoulli_025,C:\Users\lottj\Desktop\research\decentralized benchmark\commitment-horizon-study\reference_core_benchmark_pilot\known_visit_10target_300.csv,5,4,15,14.303201646580224,14.303201646580224,03,03,1,0,True,completed
284,known_visit,ACBBA,bernoulli,drop_0.25,19,361,4,10,acbba_h8_bernoulli_025,C:\Users\lottj\Desktop\research\decentralized benchmark\commitment-horizon-study\reference_core_benchmark_pilot\known_visit_10target_300.csv,6,2,8,5.297806173429543,5.297806173429543,01,01,2,1,True,completed
284,known_visit,ACBBA,bernoulli,drop_0.25,19,361,4,10,acbba_h8_bernoulli_025,C:\Users\lottj\Desktop\research\decentralized benchmark\commitment-horizon-study\reference_core_benchmark_pilot\known_visit_10target_300.csv,7,1,11,2.3250550930452913,2.3250550930452913,02,02,3,2,True,completed
284,known_visit,ACBBA,bernoulli,drop_0.25,19,361,4,10,acbba_h8_bernoulli_025,C:\Users\lottj\Desktop\research\decentralized benchmark\commitment-horizon-study\reference_core_benchmark_pilot\known_visit_10target_300.csv,8,0,11,0.4023835191273202,0.4023835191273202,02,02,2,1,True,completed
284,known_visit,ACBBA,bernoulli,drop_0.25,19,361,4,10,acbba_h8_bernoulli_025,C:\Users\lottj\Desktop\research\decentralized benchmark\commitment-horizon-study\reference_core_benchmark_pilot\known_visit_10target_300.csv,9,16,14,47.65744488185963,47.65744488185963,02,02,1,0,True,completed
284,known_visit,ACBBA,bernoulli,drop_0.25,19,361,4,10,acbba_h8_bernoulli_025,C:\Users\lottj\Desktop\research\decentralized benchmark\commitment-horizon-study\reference_core_benchmark_pilot\known_visit_10target_300.csv,10,10,1,17.5793877943143,17.5793877943143,00,00,1,0,True,completed
285,known_visit,ACBBA,bernoulli,drop_0.25,19,361,4,10,acbba_h8_bernoulli_025,C:\Users\lottj\Desktop\research\decentralized benchmark\commitment-horizon-study\reference_core_benchmark_pilot\known_visit_10target_300.csv,1,3,12,13.990486130242854,13.990486130242854,01,01,2,1,True,completed
285,known_visit,ACBBA,bernoulli,drop_0.25,19,361,4,10,acbba_h8_bernoulli_025,C:\Users\lottj\Desktop\research\decentralized benchmark\commitment-horizon-study\reference_core_benchmark_pilot\known_visit_10target_300.csv,2,14,14,68.6408120760969,68.6408120760969,00,00,1,0,True,completed
285,known_visit,ACBBA,bernoulli,drop_0.25,19,361,4,10,acbba_h8_bernoulli_025,C:\Users\lottj\Desktop\research\decentralized benchmark\commitment-horizon-study\reference_core_benchmark_pilot\known_visit_10target_300.csv,3,18,3,42.83471284838949,42.83471284838949,00,00,1,0,True,completed
285,known_visit,ACBBA,bernoulli,drop_0.25,19,361,4,10,acbba_h8_bernoulli_025,C:\Users\lottj\Desktop\research\decentralized benchmark\commitment-horizon-study\reference_core_benchmark_pilot\known_visit_10target_300.csv,4,5,15,25.886836692260037,25.886836692260037,01,01,1,0,True,completed
285,known_visit,ACBBA,bernoulli,drop_0.25,19,361,4,10,acbba_h8_bernoulli_025,C:\Users\lottj\Desktop\research\decentralized benchmark\commitment-horizon-study\reference_core_benchmark_pilot\known_visit_10target_300.csv,5,9,3,19.69760723546178,19.69760723546178,00,00,2,1,True,completed
285,known_visit,ACBBA,bernoulli,drop_0.25,19,361,4,10,acbba_h8_bernoulli_025,C:\Users\lottj\Desktop\research\decentralized benchmark\commitment-horizon-study\reference_core_benchmark_pilot\known_visit_10target_300.csv,6,9,17,38.14327788985818,38.14327788985818,03,03,2,1,True,completed
285,known_visit,ACBBA,bernoulli,drop_0.25,19,361,4,10,acbba_h8_bernoulli_025,C:\Users\lottj\Desktop\research\decentralized benchmark\commitment-horizon-study\reference_core_benchmark_pilot\known_visit_10target_300.csv,7,12,5,28.648035340498563,28.648035340498563,00,00,1,0,True,completed
285,known_visit,ACBBA,bernoulli,drop_0.25,19,361,4,10,acbba_h8_bernoulli_025,C:\Users\lottj\Desktop\research\decentralized benchmark\commitment-horizon-study\reference_core_benchmark_pilot\known_visit_10target_300.csv,8,0,16,2.138460452371606,2.138460452371606,03,03,1,0,True,completed
285,known_visit,ACBBA,bernoulli,drop_0.25,19,361,4,10,acbba_h8_bernoulli_025,C:\Users\lottj\Desktop\research\decentralized benchmark\commitment-horizon-study\reference_core_benchmark_pilot\known_visit_10target_300.csv,9,11,4,25.002260460313938,25.002260460313938,00,00,1,0,True,completed
285,known_visit,ACBBA,bernoulli,drop_0.25,19,361,4,10,acbba_h8_bernoulli_025,C:\Users\lottj\Desktop\research\decentralized benchmark\commitment-horizon-study\reference_core_benchmark_pilot\known_visit_10target_300.csv,10,8,2,15.941948575496545,15.941948575496545,00,00,1,0,True,completed
286,known_visit,ACBBA,bernoulli,drop_0.25,19,361,4,10,acbba_h8_bernoulli_025,C:\Users\lottj\Desktop\research\decentralized benchmark\commitment-horizon-study\reference_core_benchmark_pilot\known_visit_10target_300.csv,1,13,15,29.392684893515355,29.392684893515355,02,02,1,0,True,completed
286,known_visit,ACBBA,bernoulli,drop_0.25,19,361,4,10,acbba_h8_bernoulli_025,C:\Users\lottj\Desktop\research\decentralized benchmark\commitment-horizon-study\reference_core_benchmark_pilot\known_visit_10target_300.csv,2,15,12,67.3986109414386,67.3986109414386,00,00,1,0,True,completed
286,known_visit,ACBBA,bernoulli,drop_0.25,19,361,4,10,acbba_h8_bernoulli_025,C:\Users\lottj\Desktop\research\decentralized benchmark\commitment-horizon-study\reference_core_benchmark_pilot\known_visit_10target_300.csv,3,16,7,45.55309941119787,45.55309941119787,00,00,1,0,True,completed
286,known_visit,ACBBA,bernoulli,drop_0.25,19,361,4,10,acbba_h8_bernoulli_025,C:\Users\lottj\Desktop\research\decentralized benchmark\commitment-horizon-study\reference_core_benchmark_pilot\known_visit_10target_300.csv,4,6,7,20.635246128031845,20.635246128031845,00,00,2,1,True,completed
286,known_visit,ACBBA,bernoulli,drop_0.25,19,361,4,10,acbba_h8_bernoulli_025,C:\Users\lottj\Desktop\research\decentralized benchmark\commitment-horizon-study\reference_core_benchmark_pilot\known_visit_10target_300.csv,5,17,6,49.44308456490684,49.44308456490684,00,00,1,0,True,completed
286,known_visit,ACBBA,bernoulli,drop_0.25,19,361,4,10,acbba_h8_bernoulli_025,C:\Users\lottj\Desktop\research\decentralized benchmark\commitment-horizon-study\reference_core_benchmark_pilot\known_visit_10target_300.csv,6,14,5,38.25807081233388,38.25807081233388,00,00,1,0,True,completed
286,known_visit,ACBBA,bernoulli,drop_0.25,19,361,4,10,acbba_h8_bernoulli_025,C:\Users\lottj\Desktop\research\decentralized benchmark\commitment-horizon-study\reference_core_benchmark_pilot\known_visit_10target_300.csv,7,18,10,58.803746961921156,58.803746961921156,00,00,1,0,True,completed
286,known_visit,ACBBA,bernoulli,drop_0.25,19,361,4,10,acbba_h8_bernoulli_025,C:\Users\lottj\Desktop\research\decentralized benchmark\commitment-horizon-study\reference_core_benchmark_pilot\known_visit_10target_300.csv,8,12,18,30.39191932685886,30.39191932685886,03,03,1,0,True,completed
286,known_visit,ACBBA,bernoulli,drop_0.25,19,361,4,10,acbba_h8_bernoulli_025,C:\Users\lottj\Desktop\research\decentralized benchmark\commitment-horizon-study\reference_core_benchmark_pilot\known_visit_10target_300.csv,9,5,0,6.805714164058603,6.805714164058603,00,00,1,0,True,completed
286,known_visit,ACBBA,bernoulli,drop_0.25,19,361,4,10,acbba_h8_bernoulli_025,C:\Users\lottj\Desktop\research\decentralized benchmark\commitment-horizon-study\reference_core_benchmark_pilot\known_visit_10target_300.csv,10,5,17,16.036438760587142,16.036438760587142,03,03,2,1,True,completed
287,known_visit,ACBBA,bernoulli,drop_0.25,19,361,4,10,acbba_h8_bernoulli_025,C:\Users\lottj\Desktop\research\decentralized benchmark\commitment-horizon-study\reference_core_benchmark_pilot\known_visit_10target_300.csv,1,8,1,14.279041879394425,14.279041879394425,00,00,1,0,True,completed
287,known_visit,ACBBA,bernoulli,drop_0.25,19,361,4,10,acbba_h8_bernoulli_025,C:\Users\lottj\Desktop\research\decentralized benchmark\commitment-horizon-study\reference_core_benchmark_pilot\known_visit_10target_300.csv,2,5,14,10.543568220777322,10.543568220777322,02,02,1,0,True,completed
287,known_visit,ACBBA,bernoulli,drop_0.25,19,361,4,10,acbba_h8_bernoulli_025,C:\Users\lottj\Desktop\research\decentralized benchmark\commitment-horizon-study\reference_core_benchmark_pilot\known_visit_10target_300.csv,3,17,1,29.97808349557989,29.97808349557989,00,00,1,0,True,completed
287,known_visit,ACBBA,bernoulli,drop_0.25,19,361,4,10,acbba_h8_bernoulli_025,C:\Users\lottj\Desktop\research\decentralized benchmark\commitment-horizon-study\reference_core_benchmark_pilot\known_visit_10target_300.csv,4,6,0,8.672955429956398,8.672955429956398,00,00,1,0,True,completed
287,known_visit,ACBBA,bernoulli,drop_0.25,19,361,4,10,acbba_h8_bernoulli_025,C:\Users\lottj\Desktop\research\decentralized benchmark\commitment-horizon-study\reference_core_benchmark_pilot\known_visit_10target_300.csv,5,7,17,12.050238063060247,12.050238063060247,03,03,1,0,True,completed
287,known_visit,ACBBA,bernoulli,drop_0.25,19,361,4,10,acbba_h8_bernoulli_025,C:\Users\lottj\Desktop\research\decentralized benchmark\commitment-horizon-study\reference_core_benchmark_pilot\known_visit_10target_300.csv,6,14,7,53.14308883934405,53.14308883934405,00,00,1,0,True,completed
287,known_visit,ACBBA,bernoulli,drop_0.25,19,361,4,10,acbba_h8_bernoulli_025,C:\Users\lottj\Desktop\research\decentralized benchmark\commitment-horizon-study\reference_core_benchmark_pilot\known_visit_10target_300.csv,7,4,4,8.892072305424037,8.892072305424037,01,01,2,1,True,completed
287,known_visit,ACBBA,bernoulli,drop_0.25,19,361,4,10,acbba_h8_bernoulli_025,C:\Users\lottj\Desktop\research\decentralized benchmark\commitment-horizon-study\reference_core_benchmark_pilot\known_visit_10target_300.csv,8,16,3,35.62806627316204,35.62806627316204,00,00,1,0,True,completed
287,known_visit,ACBBA,bernoulli,drop_0.25,19,361,4,10,acbba_h8_bernoulli_025,C:\Users\lottj\Desktop\research\decentralized benchmark\commitment-horizon-study\reference_core_benchmark_pilot\known_visit_10target_300.csv,9,15,13,65.62602165884606,65.62602165884606,00,00,1,0,True,completed
287,known_visit,ACBBA,bernoulli,drop_0.25,19,361,4,10,acbba_h8_bernoulli_025,C:\Users\lottj\Desktop\research\decentralized benchmark\commitment-horizon-study\reference_core_benchmark_pilot\known_visit_10target_300.csv,10,12,3,42.244506440042464,42.244506440042464,00,00,2,1,True,completed
288,known_visit,ACBBA,bernoulli,drop_0.25,19,361,4,10,acbba_h8_bernoulli_025,C:\Users\lottj\Desktop\research\decentralized benchmark\commitment-horizon-study\reference_core_benchmark_pilot\known_visit_10target_300.csv,1,2,3,14.314100787564259,14.314100787564259,00,00,2,1,True,completed
288,known_visit,ACBBA,bernoulli,drop_0.25,19,361,4,10,acbba_h8_bernoulli_025,C:\Users\lottj\Desktop\research\decentralized benchmark\commitment-horizon-study\reference_core_benchmark_pilot\known_visit_10target_300.csv,2,1,9,6.550494749639284,6.550494749639284,01,01,2,1,True,completed
288,known_visit,ACBBA,bernoulli,drop_0.25,19,361,4,10,acbba_h8_bernoulli_025,C:\Users\lottj\Desktop\research\decentralized benchmark\commitment-horizon-study\reference_core_benchmark_pilot\known_visit_10target_300.csv,3,4,0,5.2881972140225715,5.2881972140225715,00,00,1,0,True,completed
288,known_visit,ACBBA,bernoulli,drop_0.25,19,361,4,10,acbba_h8_bernoulli_025,C:\Users\lottj\Desktop\research\decentralized benchmark\commitment-horizon-study\reference_core_benchmark_pilot\known_visit_10target_300.csv,4,15,8,59.92854197987474,59.92854197987474,00,00,1,0,True,completed
288,known_visit,ACBBA,bernoulli,drop_0.25,19,361,4,10,acbba_h8_bernoulli_025,C:\Users\lottj\Desktop\research\decentralized benchmark\commitment-horizon-study\reference_core_benchmark_pilot\known_visit_10target_300.csv,5,18,3,53.961319679269494,53.961319679269494,01,01,1,0,True,completed
288,known_visit,ACBBA,bernoulli,drop_0.25,19,361,4,10,acbba_h8_bernoulli_025,C:\Users\lottj\Desktop\research\decentralized benchmark\commitment-horizon-study\reference_core_benchmark_pilot\known_visit_10target_300.csv,6,0,9,4.047677664571187,4.047677664571187,01,01,2,1,True,completed
288,known_visit,ACBBA,bernoulli,drop_0.25,19,361,4,10,acbba_h8_bernoulli_025,C:\Users\lottj\Desktop\research\decentralized benchmark\commitment-horizon-study\reference_core_benchmark_pilot\known_visit_10target_300.csv,7,14,15,36.77194478726059,36.77194478726059,03,03,1,0,True,completed
288,known_visit,ACBBA,bernoulli,drop_0.25,19,361,4,10,acbba_h8_bernoulli_025,C:\Users\lottj\Desktop\research\decentralized benchmark\commitment-horizon-study\reference_core_benchmark_pilot\known_visit_10target_300.csv,8,14,1,43.271789478074396,43.271789478074396,01,01,1,0,True,completed
288,known_visit,ACBBA,bernoulli,drop_0.25,19,361,4,10,acbba_h8_bernoulli_025,C:\Users\lottj\Desktop\research\decentralized benchmark\commitment-horizon-study\reference_core_benchmark_pilot\known_visit_10target_300.csv,9,7,2,29.57922776441092,29.57922776441092,01,01,1,0,True,completed
288,known_visit,ACBBA,bernoulli,drop_0.25,19,361,4,10,acbba_h8_bernoulli_025,C:\Users\lottj\Desktop\research\decentralized benchmark\commitment-horizon-study\reference_core_benchmark_pilot\known_visit_10target_300.csv,10,2,10,5.878977277548204,5.878977277548204,02,02,1,0,True,completed
289,known_visit,ACBBA,bernoulli,drop_0.25,19,361,4,10,acbba_h8_bernoulli_025,C:\Users\lottj\Desktop\research\decentralized benchmark\commitment-horizon-study\reference_core_benchmark_pilot\known_visit_10target_300.csv,1,12,5,27.93484768544513,27.93484768544513,00,00,1,0,True,completed
289,known_visit,ACBBA,bernoulli,drop_0.25,19,361,4,10,acbba_h8_bernoulli_025,C:\Users\lottj\Desktop\research\decentralized benchmark\commitment-horizon-study\reference_core_benchmark_pilot\known_visit_10target_300.csv,2,17,6,38.39117701048255,38.39117701048255,00,00,1,0,True,completed
289,known_visit,ACBBA,bernoulli,drop_0.25,19,361,4,10,acbba_h8_bernoulli_025,C:\Users\lottj\Desktop\research\decentralized benchmark\commitment-horizon-study\reference_core_benchmark_pilot\known_visit_10target_300.csv,3,5,12,20.887793358385583,20.887793358385583,02,02,1,0,True,completed
289,known_visit,ACBBA,bernoulli,drop_0.25,19,361,4,10,acbba_h8_bernoulli_025,C:\Users\lottj\Desktop\research\decentralized benchmark\commitment-horizon-study\reference_core_benchmark_pilot\known_visit_10target_300.csv,4,0,9,3.7959706867647918,3.7959706867647918,02,02,1,0,True,completed
289,known_visit,ACBBA,bernoulli,drop_0.25,19,361,4,10,acbba_h8_bernoulli_025,C:\Users\lottj\Desktop\research\decentralized benchmark\commitment-horizon-study\reference_core_benchmark_pilot\known_visit_10target_300.csv,5,11,18,17.09759193032194,17.09759193032194,03,03,1,0,True,completed
289,known_visit,ACBBA,bernoulli,drop_0.25,19,361,4,10,acbba_h8_bernoulli_025,C:\Users\lottj\Desktop\research\decentralized benchmark\commitment-horizon-study\reference_core_benchmark_pilot\known_visit_10target_300.csv,6,4,13,28.58564515333804,28.58564515333804,02,02,1,0,True,completed
289,known_visit,ACBBA,bernoulli,drop_0.25,19,361,4,10,acbba_h8_bernoulli_025,C:\Users\lottj\Desktop\research\decentralized benchmark\commitment-horizon-study\reference_core_benchmark_pilot\known_visit_10target_300.csv,7,15,12,37.64020425553668,37.64020425553668,03,03,1,0,True,completed
289,known_visit,ACBBA,bernoulli,drop_0.25,19,361,4,10,acbba_h8_bernoulli_025,C:\Users\lottj\Desktop\research\decentralized benchmark\commitment-horizon-study\reference_core_benchmark_pilot\known_visit_10target_300.csv,8,11,14,27.1359923509387,27.1359923509387,03,03,1,0,True,completed
289,known_visit,ACBBA,bernoulli,drop_0.25,19,361,4,10,acbba_h8_bernoulli_025,C:\Users\lottj\Desktop\research\decentralized benchmark\commitment-horizon-study\reference_core_benchmark_pilot\known_visit_10target_300.csv,9,6,14,24.922612787570184,24.922612787570184,01,01,2,1,True,completed
289,known_visit,ACBBA,bernoulli,drop_0.25,19,361,4,10,acbba_h8_bernoulli_025,C:\Users\lottj\Desktop\research\decentralized benchmark\commitment-horizon-study\reference_core_benchmark_pilot\known_visit_10target_300.csv,10,6,2,12.310877926240158,12.310877926240158,00,00,1,0,True,completed
290,known_visit,ACBBA,bernoulli,drop_0.25,19,361,4,10,acbba_h8_bernoulli_025,C:\Users\lottj\Desktop\research\decentralized benchmark\commitment-horizon-study\reference_core_benchmark_pilot\known_visit_10target_300.csv,1,4,2,8.984566329708558,8.984566329708558,00,00,1,0,True,completed
290,known_visit,ACBBA,bernoulli,drop_0.25,19,361,4,10,acbba_h8_bernoulli_025,C:\Users\lottj\Desktop\research\decentralized benchmark\commitment-horizon-study\reference_core_benchmark_pilot\known_visit_10target_300.csv,2,11,8,53.3993562609526,53.3993562609526,01,01,2,1,True,completed
290,known_visit,ACBBA,bernoulli,drop_0.25,19,361,4,10,acbba_h8_bernoulli_025,C:\Users\lottj\Desktop\research\decentralized benchmark\commitment-horizon-study\reference_core_benchmark_pilot\known_visit_10target_300.csv,3,17,11,77.32032708722197,77.32032708722197,01,01,1,0,True,completed
290,known_visit,ACBBA,bernoulli,drop_0.25,19,361,4,10,acbba_h8_bernoulli_025,C:\Users\lottj\Desktop\research\decentralized benchmark\commitment-horizon-study\reference_core_benchmark_pilot\known_visit_10target_300.csv,4,8,10,44.60717428875103,44.60717428875103,01,01,1,0,True,completed
290,known_visit,ACBBA,bernoulli,drop_0.25,19,361,4,10,acbba_h8_bernoulli_025,C:\Users\lottj\Desktop\research\decentralized benchmark\commitment-horizon-study\reference_core_benchmark_pilot\known_visit_10target_300.csv,5,18,10,80.92469133367064,80.92469133367064,01,01,1,0,True,completed
290,known_visit,ACBBA,bernoulli,drop_0.25,19,361,4,10,acbba_h8_bernoulli_025,C:\Users\lottj\Desktop\research\decentralized benchmark\commitment-horizon-study\reference_core_benchmark_pilot\known_visit_10target_300.csv,6,14,14,33.98983110506575,33.98983110506575,03,03,1,0,True,completed
290,known_visit,ACBBA,bernoulli,drop_0.25,19,361,4,10,acbba_h8_bernoulli_025,C:\Users\lottj\Desktop\research\decentralized benchmark\commitment-horizon-study\reference_core_benchmark_pilot\known_visit_10target_300.csv,7,1,13,2.116452792235855,2.116452792235855,02,02,2,1,True,completed
290,known_visit,ACBBA,bernoulli,drop_0.25,19,361,4,10,acbba_h8_bernoulli_025,C:\Users\lottj\Desktop\research\decentralized benchmark\commitment-horizon-study\reference_core_benchmark_pilot\known_visit_10target_300.csv,8,0,15,3.7549378018274937,3.7549378018274937,03,03,2,1,True,completed
290,known_visit,ACBBA,bernoulli,drop_0.25,19,361,4,10,acbba_h8_bernoulli_025,C:\Users\lottj\Desktop\research\decentralized benchmark\commitment-horizon-study\reference_core_benchmark_pilot\known_visit_10target_300.csv,9,11,11,62.763300683635336,62.763300683635336,01,01,1,0,True,completed
290,known_visit,ACBBA,bernoulli,drop_0.25,19,361,4,10,acbba_h8_bernoulli_025,C:\Users\lottj\Desktop\research\decentralized benchmark\commitment-horizon-study\reference_core_benchmark_pilot\known_visit_10target_300.csv,10,2,14,5.983389630342451,5.983389630342451,02,02,2,1,True,completed
291,known_visit,ACBBA,bernoulli,drop_0.25,19,361,4,10,acbba_h8_bernoulli_025,C:\Users\lottj\Desktop\research\decentralized benchmark\commitment-horizon-study\reference_core_benchmark_pilot\known_visit_10target_300.csv,1,0,2,2.1699279407849534,2.1699279407849534,00,00,1,0,True,completed
291,known_visit,ACBBA,bernoulli,drop_0.25,19,361,4,10,acbba_h8_bernoulli_025,C:\Users\lottj\Desktop\research\decentralized benchmark\commitment-horizon-study\reference_core_benchmark_pilot\known_visit_10target_300.csv,2,18,5,48.6714003297118,48.6714003297118,00,00,1,0,True,completed
291,known_visit,ACBBA,bernoulli,drop_0.25,19,361,4,10,acbba_h8_bernoulli_025,C:\Users\lottj\Desktop\research\decentralized benchmark\commitment-horizon-study\reference_core_benchmark_pilot\known_visit_10target_300.csv,3,17,3,36.32729043650243,36.32729043650243,00,00,1,0,True,completed
291,known_visit,ACBBA,bernoulli,drop_0.25,19,361,4,10,acbba_h8_bernoulli_025,C:\Users\lottj\Desktop\research\decentralized benchmark\commitment-horizon-study\reference_core_benchmark_pilot\known_visit_10target_300.csv,4,9,17,15.786012648182941,15.786012648182941,03,03,1,0,True,completed
291,known_visit,ACBBA,bernoulli,drop_0.25,19,361,4,10,acbba_h8_bernoulli_025,C:\Users\lottj\Desktop\research\decentralized benchmark\commitment-horizon-study\reference_core_benchmark_pilot\known_visit_10target_300.csv,5,16,10,33.33995186295075,33.33995186295075,01,01,1,0,True,completed
291,known_visit,ACBBA,bernoulli,drop_0.25,19,361,4,10,acbba_h8_bernoulli_025,C:\Users\lottj\Desktop\research\decentralized benchmark\commitment-horizon-study\reference_core_benchmark_pilot\known_visit_10target_300.csv,6,17,13,40.45470437573511,40.45470437573511,01,01,1,0,True,completed
291,known_visit,ACBBA,bernoulli,drop_0.25,19,361,4,10,acbba_h8_bernoulli_025,C:\Users\lottj\Desktop\research\decentralized benchmark\commitment-horizon-study\reference_core_benchmark_pilot\known_visit_10target_300.csv,7,10,8,19.398792526455818,19.398792526455818,01,01,2,1,True,completed
291,known_visit,ACBBA,bernoulli,drop_0.25,19,361,4,10,acbba_h8_bernoulli_025,C:\Users\lottj\Desktop\research\decentralized benchmark\commitment-horizon-study\reference_core_benchmark_pilot\known_visit_10target_300.csv,8,0,4,5.485175608130934,5.485175608130934,00,00,1,0,True,completed
291,known_visit,ACBBA,bernoulli,drop_0.25,19,361,4,10,acbba_h8_bernoulli_025,C:\Users\lottj\Desktop\research\decentralized benchmark\commitment-horizon-study\reference_core_benchmark_pilot\known_visit_10target_300.csv,9,18,1,41.56279097394776,41.56279097394776,00,00,1,0,True,completed
291,known_visit,ACBBA,bernoulli,drop_0.25,19,361,4,10,acbba_h8_bernoulli_025,C:\Users\lottj\Desktop\research\decentralized benchmark\commitment-horizon-study\reference_core_benchmark_pilot\known_visit_10target_300.csv,10,4,4,12.56612028312524,12.56612028312524,00,00,1,0,True,completed
292,known_visit,ACBBA,bernoulli,drop_0.25,19,361,4,10,acbba_h8_bernoulli_025,C:\Users\lottj\Desktop\research\decentralized benchmark\commitment-horizon-study\reference_core_benchmark_pilot\known_visit_10target_300.csv,1,18,0,57.57325949217084,57.57325949217084,00,00,1,0,True,completed
292,known_visit,ACBBA,bernoulli,drop_0.25,19,361,4,10,acbba_h8_bernoulli_025,C:\Users\lottj\Desktop\research\decentralized benchmark\commitment-horizon-study\reference_core_benchmark_pilot\known_visit_10target_300.csv,2,8,10,47.22400191430314,47.22400191430314,02,02,1,0,True,completed
292,known_visit,ACBBA,bernoulli,drop_0.25,19,361,4,10,acbba_h8_bernoulli_025,C:\Users\lottj\Desktop\research\decentralized benchmark\commitment-horizon-study\reference_core_benchmark_pilot\known_visit_10target_300.csv,3,10,17,17.73713156714157,17.73713156714157,03,03,1,0,True,completed
292,known_visit,ACBBA,bernoulli,drop_0.25,19,361,4,10,acbba_h8_bernoulli_025,C:\Users\lottj\Desktop\research\decentralized benchmark\commitment-horizon-study\reference_core_benchmark_pilot\known_visit_10target_300.csv,4,7,15,26.80265492262704,26.80265492262704,01,01,1,0,True,completed
292,known_visit,ACBBA,bernoulli,drop_0.25,19,361,4,10,acbba_h8_bernoulli_025,C:\Users\lottj\Desktop\research\decentralized benchmark\commitment-horizon-study\reference_core_benchmark_pilot\known_visit_10target_300.csv,5,3,3,8.961698414943578,8.961698414943578,00,00,1,0,True,completed
292,known_visit,ACBBA,bernoulli,drop_0.25,19,361,4,10,acbba_h8_bernoulli_025,C:\Users\lottj\Desktop\research\decentralized benchmark\commitment-horizon-study\reference_core_benchmark_pilot\known_visit_10target_300.csv,6,2,18,1.8191484808255503,1.8191484808255503,03,03,2,1,True,completed
292,known_visit,ACBBA,bernoulli,drop_0.25,19,361,4,10,acbba_h8_bernoulli_025,C:\Users\lottj\Desktop\research\decentralized benchmark\commitment-horizon-study\reference_core_benchmark_pilot\known_visit_10target_300.csv,7,16,1,52.15732237480595,52.15732237480595,00,00,1,0,True,completed
292,known_visit,ACBBA,bernoulli,drop_0.25,19,361,4,10,acbba_h8_bernoulli_025,C:\Users\lottj\Desktop\research\decentralized benchmark\commitment-horizon-study\reference_core_benchmark_pilot\known_visit_10target_300.csv,8,5,14,10.564677673069449,10.564677673069449,02,02,1,0,True,completed
292,known_visit,ACBBA,bernoulli,drop_0.25,19,361,4,10,acbba_h8_bernoulli_025,C:\Users\lottj\Desktop\research\decentralized benchmark\commitment-horizon-study\reference_core_benchmark_pilot\known_visit_10target_300.csv,9,6,7,10.890470647337969,10.890470647337969,01,01,1,0,True,completed
292,known_visit,ACBBA,bernoulli,drop_0.25,19,361,4,10,acbba_h8_bernoulli_025,C:\Users\lottj\Desktop\research\decentralized benchmark\commitment-horizon-study\reference_core_benchmark_pilot\known_visit_10target_300.csv,10,4,8,19.399369212679915,19.399369212679915,00,00,1,0,True,completed
293,known_visit,ACBBA,bernoulli,drop_0.25,19,361,4,10,acbba_h8_bernoulli_025,C:\Users\lottj\Desktop\research\decentralized benchmark\commitment-horizon-study\reference_core_benchmark_pilot\known_visit_10target_300.csv,1,11,9,33.05197558151268,33.05197558151268,00,00,1,0,True,completed
293,known_visit,ACBBA,bernoulli,drop_0.25,19,361,4,10,acbba_h8_bernoulli_025,C:\Users\lottj\Desktop\research\decentralized benchmark\commitment-horizon-study\reference_core_benchmark_pilot\known_visit_10target_300.csv,2,2,18,9.657697211188822,9.657697211188822,03,03,2,1,True,completed
293,known_visit,ACBBA,bernoulli,drop_0.25,19,361,4,10,acbba_h8_bernoulli_025,C:\Users\lottj\Desktop\research\decentralized benchmark\commitment-horizon-study\reference_core_benchmark_pilot\known_visit_10target_300.csv,3,0,13,0.4631230144253127,0.4631230144253127,02,02,2,1,True,completed
293,known_visit,ACBBA,bernoulli,drop_0.25,19,361,4,10,acbba_h8_bernoulli_025,C:\Users\lottj\Desktop\research\decentralized benchmark\commitment-horizon-study\reference_core_benchmark_pilot\known_visit_10target_300.csv,4,17,10,54.61669406517274,54.61669406517274,03,03,1,0,True,completed
293,known_visit,ACBBA,bernoulli,drop_0.25,19,361,4,10,acbba_h8_bernoulli_025,C:\Users\lottj\Desktop\research\decentralized benchmark\commitment-horizon-study\reference_core_benchmark_pilot\known_visit_10target_300.csv,5,1,16,4.2924524476889845,4.2924524476889845,03,03,2,1,True,completed
293,known_visit,ACBBA,bernoulli,drop_0.25,19,361,4,10,acbba_h8_bernoulli_025,C:\Users\lottj\Desktop\research\decentralized benchmark\commitment-horizon-study\reference_core_benchmark_pilot\known_visit_10target_300.csv,6,13,8,38.59588234775332,38.59588234775332,00,00,1,0,True,completed
293,known_visit,ACBBA,bernoulli,drop_0.25,19,361,4,10,acbba_h8_bernoulli_025,C:\Users\lottj\Desktop\research\decentralized benchmark\commitment-horizon-study\reference_core_benchmark_pilot\known_visit_10target_300.csv,7,4,18,13.377243038709866,13.377243038709866,03,03,2,1,True,completed
293,known_visit,ACBBA,bernoulli,drop_0.25,19,361,4,10,acbba_h8_bernoulli_025,C:\Users\lottj\Desktop\research\decentralized benchmark\commitment-horizon-study\reference_core_benchmark_pilot\known_visit_10target_300.csv,8,17,16,40.17760832928664,40.17760832928664,03,03,1,0,True,completed
293,known_visit,ACBBA,bernoulli,drop_0.25,19,361,4,10,acbba_h8_bernoulli_025,C:\Users\lottj\Desktop\research\decentralized benchmark\commitment-horizon-study\reference_core_benchmark_pilot\known_visit_10target_300.csv,9,13,12,49.73511528219412,49.73511528219412,00,00,1,0,True,completed
293,known_visit,ACBBA,bernoulli,drop_0.25,19,361,4,10,acbba_h8_bernoulli_025,C:\Users\lottj\Desktop\research\decentralized benchmark\commitment-horizon-study\reference_core_benchmark_pilot\known_visit_10target_300.csv,10,18,13,47.16083042413459,47.16083042413459,03,03,1,0,True,completed
294,known_visit,ACBBA,bernoulli,drop_0.25,19,361,4,10,acbba_h8_bernoulli_025,C:\Users\lottj\Desktop\research\decentralized benchmark\commitment-horizon-study\reference_core_benchmark_pilot\known_visit_10target_300.csv,1,7,9,15.99107926630975,15.99107926630975,01,01,2,1,True,completed
294,known_visit,ACBBA,bernoulli,drop_0.25,19,361,4,10,acbba_h8_bernoulli_025,C:\Users\lottj\Desktop\research\decentralized benchmark\commitment-horizon-study\reference_core_benchmark_pilot\known_visit_10target_300.csv,2,6,6,8.552886860534569,8.552886860534569,01,01,2,1,True,completed
294,known_visit,ACBBA,bernoulli,drop_0.25,19,361,4,10,acbba_h8_bernoulli_025,C:\Users\lottj\Desktop\research\decentralized benchmark\commitment-horizon-study\reference_core_benchmark_pilot\known_visit_10target_300.csv,3,13,13,34.130295166554454,34.130295166554454,01,01,1,0,True,completed
294,known_visit,ACBBA,bernoulli,drop_0.25,19,361,4,10,acbba_h8_bernoulli_025,C:\Users\lottj\Desktop\research\decentralized benchmark\commitment-horizon-study\reference_core_benchmark_pilot\known_visit_10target_300.csv,4,1,1,2.262994250798914,2.262994250798914,00,00,2,1,True,completed
294,known_visit,ACBBA,bernoulli,drop_0.25,19,361,4,10,acbba_h8_bernoulli_025,C:\Users\lottj\Desktop\research\decentralized benchmark\commitment-horizon-study\reference_core_benchmark_pilot\known_visit_10target_300.csv,5,8,10,15.80646713055979,15.80646713055979,02,02,2,1,True,completed
294,known_visit,ACBBA,bernoulli,drop_0.25,19,361,4,10,acbba_h8_bernoulli_025,C:\Users\lottj\Desktop\research\decentralized benchmark\commitment-horizon-study\reference_core_benchmark_pilot\known_visit_10target_300.csv,6,18,9,49.75324634115298,49.75324634115298,01,01,1,0,True,completed
294,known_visit,ACBBA,bernoulli,drop_0.25,19,361,4,10,acbba_h8_bernoulli_025,C:\Users\lottj\Desktop\research\decentralized benchmark\commitment-horizon-study\reference_core_benchmark_pilot\known_visit_10target_300.csv,7,6,9,13.91218541942095,13.91218541942095,01,01,2,1,True,completed
294,known_visit,ACBBA,bernoulli,drop_0.25,19,361,4,10,acbba_h8_bernoulli_025,C:\Users\lottj\Desktop\research\decentralized benchmark\commitment-horizon-study\reference_core_benchmark_pilot\known_visit_10target_300.csv,8,18,13,42.75442264491823,42.75442264491823,01,01,1,0,True,completed
294,known_visit,ACBBA,bernoulli,drop_0.25,19,361,4,10,acbba_h8_bernoulli_025,C:\Users\lottj\Desktop\research\decentralized benchmark\commitment-horizon-study\reference_core_benchmark_pilot\known_visit_10target_300.csv,9,4,0,9.81771854900431,9.81771854900431,00,00,1,0,True,completed
294,known_visit,ACBBA,bernoulli,drop_0.25,19,361,4,10,acbba_h8_bernoulli_025,C:\Users\lottj\Desktop\research\decentralized benchmark\commitment-horizon-study\reference_core_benchmark_pilot\known_visit_10target_300.csv,10,15,6,54.10547802456511,54.10547802456511,00,00,1,0,True,completed
295,known_visit,ACBBA,bernoulli,drop_0.25,19,361,4,10,acbba_h8_bernoulli_025,C:\Users\lottj\Desktop\research\decentralized benchmark\commitment-horizon-study\reference_core_benchmark_pilot\known_visit_10target_300.csv,1,12,15,63.18206092332456,63.18206092332456,03,03,1,0,True,completed
295,known_visit,ACBBA,bernoulli,drop_0.25,19,361,4,10,acbba_h8_bernoulli_025,C:\Users\lottj\Desktop\research\decentralized benchmark\commitment-horizon-study\reference_core_benchmark_pilot\known_visit_10target_300.csv,2,2,2,5.977499536362705,5.977499536362705,00,00,2,1,True,completed
295,known_visit,ACBBA,bernoulli,drop_0.25,19,361,4,10,acbba_h8_bernoulli_025,C:\Users\lottj\Desktop\research\decentralized benchmark\commitment-horizon-study\reference_core_benchmark_pilot\known_visit_10target_300.csv,3,18,12,63.9186929948596,63.9186929948596,00,00,1,0,True,completed
295,known_visit,ACBBA,bernoulli,drop_0.25,19,361,4,10,acbba_h8_bernoulli_025,C:\Users\lottj\Desktop\research\decentralized benchmark\commitment-horizon-study\reference_core_benchmark_pilot\known_visit_10target_300.csv,4,0,3,11.753247278945276,11.753247278945276,00,00,2,1,True,completed
295,known_visit,ACBBA,bernoulli,drop_0.25,19,361,4,10,acbba_h8_bernoulli_025,C:\Users\lottj\Desktop\research\decentralized benchmark\commitment-horizon-study\reference_core_benchmark_pilot\known_visit_10target_300.csv,5,0,10,2.2080844193922724,2.2080844193922724,02,02,2,1,True,completed
295,known_visit,ACBBA,bernoulli,drop_0.25,19,361,4,10,acbba_h8_bernoulli_025,C:\Users\lottj\Desktop\research\decentralized benchmark\commitment-horizon-study\reference_core_benchmark_pilot\known_visit_10target_300.csv,6,15,11,56.73689223236145,56.73689223236145,00,00,1,0,True,completed
295,known_visit,ACBBA,bernoulli,drop_0.25,19,361,4,10,acbba_h8_bernoulli_025,C:\Users\lottj\Desktop\research\decentralized benchmark\commitment-horizon-study\reference_core_benchmark_pilot\known_visit_10target_300.csv,7,15,16,70.24618076155556,70.24618076155556,03,03,1,0,True,completed
295,known_visit,ACBBA,bernoulli,drop_0.25,19,361,4,10,acbba_h8_bernoulli_025,C:\Users\lottj\Desktop\research\decentralized benchmark\commitment-horizon-study\reference_core_benchmark_pilot\known_visit_10target_300.csv,8,12,6,42.79830191134483,42.79830191134483,00,00,1,0,True,completed
295,known_visit,ACBBA,bernoulli,drop_0.25,19,361,4,10,acbba_h8_bernoulli_025,C:\Users\lottj\Desktop\research\decentralized benchmark\commitment-horizon-study\reference_core_benchmark_pilot\known_visit_10target_300.csv,9,16,14,75.58370440908934,75.58370440908934,03,03,1,0,True,completed
295,known_visit,ACBBA,bernoulli,drop_0.25,19,361,4,10,acbba_h8_bernoulli_025,C:\Users\lottj\Desktop\research\decentralized benchmark\commitment-horizon-study\reference_core_benchmark_pilot\known_visit_10target_300.csv,10,13,0,36.960388973481905,36.960388973481905,01,01,2,1,True,completed
296,known_visit,ACBBA,bernoulli,drop_0.25,19,361,4,10,acbba_h8_bernoulli_025,C:\Users\lottj\Desktop\research\decentralized benchmark\commitment-horizon-study\reference_core_benchmark_pilot\known_visit_10target_300.csv,1,2,14,9.137519656231621,9.137519656231621,03,03,1,0,True,completed
296,known_visit,ACBBA,bernoulli,drop_0.25,19,361,4,10,acbba_h8_bernoulli_025,C:\Users\lottj\Desktop\research\decentralized benchmark\commitment-horizon-study\reference_core_benchmark_pilot\known_visit_10target_300.csv,2,15,13,37.91504733389039,37.91504733389039,03,03,1,0,True,completed
296,known_visit,ACBBA,bernoulli,drop_0.25,19,361,4,10,acbba_h8_bernoulli_025,C:\Users\lottj\Desktop\research\decentralized benchmark\commitment-horizon-study\reference_core_benchmark_pilot\known_visit_10target_300.csv,3,1,3,9.074754394809968,9.074754394809968,00,00,1,0,True,completed
296,known_visit,ACBBA,bernoulli,drop_0.25,19,361,4,10,acbba_h8_bernoulli_025,C:\Users\lottj\Desktop\research\decentralized benchmark\commitment-horizon-study\reference_core_benchmark_pilot\known_visit_10target_300.csv,4,2,1,3.8215139015222697,3.8215139015222697,00,00,2,1,True,completed
296,known_visit,ACBBA,bernoulli,drop_0.25,19,361,4,10,acbba_h8_bernoulli_025,C:\Users\lottj\Desktop\research\decentralized benchmark\commitment-horizon-study\reference_core_benchmark_pilot\known_visit_10target_300.csv,5,9,15,23.570498704266477,23.570498704266477,03,03,2,1,True,completed
296,known_visit,ACBBA,bernoulli,drop_0.25,19,361,4,10,acbba_h8_bernoulli_025,C:\Users\lottj\Desktop\research\decentralized benchmark\commitment-horizon-study\reference_core_benchmark_pilot\known_visit_10target_300.csv,6,14,9,35.646635095744315,35.646635095744315,01,01,2,1,True,completed
296,known_visit,ACBBA,bernoulli,drop_0.25,19,361,4,10,acbba_h8_bernoulli_025,C:\Users\lottj\Desktop\research\decentralized benchmark\commitment-horizon-study\reference_core_benchmark_pilot\known_visit_10target_300.csv,7,18,9,42.409189275212846,42.409189275212846,01,01,1,0,True,completed
296,known_visit,ACBBA,bernoulli,drop_0.25,19,361,4,10,acbba_h8_bernoulli_025,C:\Users\lottj\Desktop\research\decentralized benchmark\commitment-horizon-study\reference_core_benchmark_pilot\known_visit_10target_300.csv,8,17,4,66.07442826918694,66.07442826918694,02,02,1,0,True,completed
296,known_visit,ACBBA,bernoulli,drop_0.25,19,361,4,10,acbba_h8_bernoulli_025,C:\Users\lottj\Desktop\research\decentralized benchmark\commitment-horizon-study\reference_core_benchmark_pilot\known_visit_10target_300.csv,9,5,9,12.40454772655051,12.40454772655051,02,02,2,1,True,completed
296,known_visit,ACBBA,bernoulli,drop_0.25,19,361,4,10,acbba_h8_bernoulli_025,C:\Users\lottj\Desktop\research\decentralized benchmark\commitment-horizon-study\reference_core_benchmark_pilot\known_visit_10target_300.csv,10,6,7,10.932130873318721,10.932130873318721,01,01,2,1,True,completed
297,known_visit,ACBBA,bernoulli,drop_0.25,19,361,4,10,acbba_h8_bernoulli_025,C:\Users\lottj\Desktop\research\decentralized benchmark\commitment-horizon-study\reference_core_benchmark_pilot\known_visit_10target_300.csv,1,4,13,7.420229824359559,7.420229824359559,02,02,2,1,True,completed
297,known_visit,ACBBA,bernoulli,drop_0.25,19,361,4,10,acbba_h8_bernoulli_025,C:\Users\lottj\Desktop\research\decentralized benchmark\commitment-horizon-study\reference_core_benchmark_pilot\known_visit_10target_300.csv,2,3,13,5.799122474465116,5.799122474465116,02,02,2,1,True,completed
297,known_visit,ACBBA,bernoulli,drop_0.25,19,361,4,10,acbba_h8_bernoulli_025,C:\Users\lottj\Desktop\research\decentralized benchmark\commitment-horizon-study\reference_core_benchmark_pilot\known_visit_10target_300.csv,3,7,11,16.33699517096558,16.33699517096558,02,02,2,1,True,completed
297,known_visit,ACBBA,bernoulli,drop_0.25,19,361,4,10,acbba_h8_bernoulli_025,C:\Users\lottj\Desktop\research\decentralized benchmark\commitment-horizon-study\reference_core_benchmark_pilot\known_visit_10target_300.csv,4,1,0,0.18482698933118819,0.18482698933118819,00,00,1,0,True,completed
297,known_visit,ACBBA,bernoulli,drop_0.25,19,361,4,10,acbba_h8_bernoulli_025,C:\Users\lottj\Desktop\research\decentralized benchmark\commitment-horizon-study\reference_core_benchmark_pilot\known_visit_10target_300.csv,5,11,17,23.452425686436005,23.452425686436005,03,03,2,1,True,completed
297,known_visit,ACBBA,bernoulli,drop_0.25,19,361,4,10,acbba_h8_bernoulli_025,C:\Users\lottj\Desktop\research\decentralized benchmark\commitment-horizon-study\reference_core_benchmark_pilot\known_visit_10target_300.csv,6,8,6,22.79920602167846,22.79920602167846,00,00,2,1,True,completed
297,known_visit,ACBBA,bernoulli,drop_0.25,19,361,4,10,acbba_h8_bernoulli_025,C:\Users\lottj\Desktop\research\decentralized benchmark\commitment-horizon-study\reference_core_benchmark_pilot\known_visit_10target_300.csv,7,15,17,30.742494839776665,30.742494839776665,03,03,1,0,True,completed
297,known_visit,ACBBA,bernoulli,drop_0.25,19,361,4,10,acbba_h8_bernoulli_025,C:\Users\lottj\Desktop\research\decentralized benchmark\commitment-horizon-study\reference_core_benchmark_pilot\known_visit_10target_300.csv,8,0,13,0.4374628567367205,0.4374628567367205,02,02,1,0,True,completed
297,known_visit,ACBBA,bernoulli,drop_0.25,19,361,4,10,acbba_h8_bernoulli_025,C:\Users\lottj\Desktop\research\decentralized benchmark\commitment-horizon-study\reference_core_benchmark_pilot\known_visit_10target_300.csv,9,7,9,30.247105536705046,30.247105536705046,00,00,1,0,True,completed
297,known_visit,ACBBA,bernoulli,drop_0.25,19,361,4,10,acbba_h8_bernoulli_025,C:\Users\lottj\Desktop\research\decentralized benchmark\commitment-horizon-study\reference_core_benchmark_pilot\known_visit_10target_300.csv,10,11,18,53.42220841638537,53.42220841638537,00,00,1,0,True,completed
298,known_visit,ACBBA,bernoulli,drop_0.25,19,361,4,10,acbba_h8_bernoulli_025,C:\Users\lottj\Desktop\research\decentralized benchmark\commitment-horizon-study\reference_core_benchmark_pilot\known_visit_10target_300.csv,1,7,4,21.669909904332066,21.669909904332066,00,00,2,1,True,completed
298,known_visit,ACBBA,bernoulli,drop_0.25,19,361,4,10,acbba_h8_bernoulli_025,C:\Users\lottj\Desktop\research\decentralized benchmark\commitment-horizon-study\reference_core_benchmark_pilot\known_visit_10target_300.csv,2,4,1,7.095346638556136,7.095346638556136,00,00,3,2,True,completed
298,known_visit,ACBBA,bernoulli,drop_0.25,19,361,4,10,acbba_h8_bernoulli_025,C:\Users\lottj\Desktop\research\decentralized benchmark\commitment-horizon-study\reference_core_benchmark_pilot\known_visit_10target_300.csv,3,1,13,2.156673297174524,2.156673297174524,02,02,1,0,True,completed
298,known_visit,ACBBA,bernoulli,drop_0.25,19,361,4,10,acbba_h8_bernoulli_025,C:\Users\lottj\Desktop\research\decentralized benchmark\commitment-horizon-study\reference_core_benchmark_pilot\known_visit_10target_300.csv,4,6,14,15.757424850791498,15.757424850791498,03,03,2,1,True,completed
298,known_visit,ACBBA,bernoulli,drop_0.25,19,361,4,10,acbba_h8_bernoulli_025,C:\Users\lottj\Desktop\research\decentralized benchmark\commitment-horizon-study\reference_core_benchmark_pilot\known_visit_10target_300.csv,5,17,17,44.05516663514581,44.05516663514581,02,02,1,0,True,completed
298,known_visit,ACBBA,bernoulli,drop_0.25,19,361,4,10,acbba_h8_bernoulli_025,C:\Users\lottj\Desktop\research\decentralized benchmark\commitment-horizon-study\reference_core_benchmark_pilot\known_visit_10target_300.csv,6,9,4,25.407943681497983,25.407943681497983,00,00,1,0,True,completed
298,known_visit,ACBBA,bernoulli,drop_0.25,19,361,4,10,acbba_h8_bernoulli_025,C:\Users\lottj\Desktop\research\decentralized benchmark\commitment-horizon-study\reference_core_benchmark_pilot\known_visit_10target_300.csv,7,9,10,35.92993125487,35.92993125487,00,00,1,0,True,completed
298,known_visit,ACBBA,bernoulli,drop_0.25,19,361,4,10,acbba_h8_bernoulli_025,C:\Users\lottj\Desktop\research\decentralized benchmark\commitment-horizon-study\reference_core_benchmark_pilot\known_visit_10target_300.csv,8,18,18,76.07844727672338,76.07844727672338,00,00,1,0,True,completed
298,known_visit,ACBBA,bernoulli,drop_0.25,19,361,4,10,acbba_h8_bernoulli_025,C:\Users\lottj\Desktop\research\decentralized benchmark\commitment-horizon-study\reference_core_benchmark_pilot\known_visit_10target_300.csv,9,16,7,57.48276940880478,57.48276940880478,01,01,1,0,True,completed
298,known_visit,ACBBA,bernoulli,drop_0.25,19,361,4,10,acbba_h8_bernoulli_025,C:\Users\lottj\Desktop\research\decentralized benchmark\commitment-horizon-study\reference_core_benchmark_pilot\known_visit_10target_300.csv,10,12,18,33.73586870370682,33.73586870370682,02,02,2,1,True,completed
299,known_visit,ACBBA,bernoulli,drop_0.25,19,361,4,10,acbba_h8_bernoulli_025,C:\Users\lottj\Desktop\research\decentralized benchmark\commitment-horizon-study\reference_core_benchmark_pilot\known_visit_10target_300.csv,1,15,15,40.38292684969979,40.38292684969979,03,03,1,0,True,completed
299,known_visit,ACBBA,bernoulli,drop_0.25,19,361,4,10,acbba_h8_bernoulli_025,C:\Users\lottj\Desktop\research\decentralized benchmark\commitment-horizon-study\reference_core_benchmark_pilot\known_visit_10target_300.csv,2,3,13,5.465678410448921,5.465678410448921,02,02,1,0,True,completed
299,known_visit,ACBBA,bernoulli,drop_0.25,19,361,4,10,acbba_h8_bernoulli_025,C:\Users\lottj\Desktop\research\decentralized benchmark\commitment-horizon-study\reference_core_benchmark_pilot\known_visit_10target_300.csv,3,15,5,30.098643232409433,30.098643232409433,01,01,1,0,True,completed
299,known_visit,ACBBA,bernoulli,drop_0.25,19,361,4,10,acbba_h8_bernoulli_025,C:\Users\lottj\Desktop\research\decentralized benchmark\commitment-horizon-study\reference_core_benchmark_pilot\known_visit_10target_300.csv,4,14,0,22.624764459550416,22.624764459550416,00,00,1,0,True,completed
299,known_visit,ACBBA,bernoulli,drop_0.25,19,361,4,10,acbba_h8_bernoulli_025,C:\Users\lottj\Desktop\research\decentralized benchmark\commitment-horizon-study\reference_core_benchmark_pilot\known_visit_10target_300.csv,5,7,12,25.210163371610523,25.210163371610523,02,02,1,0,True,completed
299,known_visit,ACBBA,bernoulli,drop_0.25,19,361,4,10,acbba_h8_bernoulli_025,C:\Users\lottj\Desktop\research\decentralized benchmark\commitment-horizon-study\reference_core_benchmark_pilot\known_visit_10target_300.csv,6,18,16,32.89921530138313,32.89921530138313,03,03,1,0,True,completed
299,known_visit,ACBBA,bernoulli,drop_0.25,19,361,4,10,acbba_h8_bernoulli_025,C:\Users\lottj\Desktop\research\decentralized benchmark\commitment-horizon-study\reference_core_benchmark_pilot\known_visit_10target_300.csv,7,6,16,12.258001156750744,12.258001156750744,03,03,1,0,True,completed
299,known_visit,ACBBA,bernoulli,drop_0.25,19,361,4,10,acbba_h8_bernoulli_025,C:\Users\lottj\Desktop\research\decentralized benchmark\commitment-horizon-study\reference_core_benchmark_pilot\known_visit_10target_300.csv,8,5,18,6.997394896126615,6.997394896126615,03,03,1,0,True,completed
299,known_visit,ACBBA,bernoulli,drop_0.25,19,361,4,10,acbba_h8_bernoulli_025,C:\Users\lottj\Desktop\research\decentralized benchmark\commitment-horizon-study\reference_core_benchmark_pilot\known_visit_10target_300.csv,9,13,4,24.509101145529534,24.509101145529534,01,01,1,0,True,completed
299,known_visit,ACBBA,bernoulli,drop_0.25,19,361,4,10,acbba_h8_bernoulli_025,C:\Users\lottj\Desktop\research\decentralized benchmark\commitment-horizon-study\reference_core_benchmark_pilot\known_visit_10target_300.csv,10,12,16,22.912510667691766,22.912510667691766,03,03,1,0,True,completed
