trial_id,trial_mode,algorithm,comm_model,comm_level,grid_size,grid_cells,robot_count,target_count,condition_id,scenario_file,target_index,target_x,target_y,first_completion_time_s,first_completion_sim_time_s,first_found_by_robot,first_finder_robot_id,total_visits,duplicate_visits,completed,trial_status
0,known_visit,HIPC,ideal,1.0,19,361,4,20,targets_20_hipc_h5_ideal,C:\Users\lottj\Desktop\research\decentralized benchmark\commitment-horizon-study\scenarios\known_visit_g19_t20_n25.csv,1,11,7,34.266359707671086,34.266359707671086,00,00,1,0,True,completed
0,known_visit,HIPC,ideal,1.0,19,361,4,20,targets_20_hipc_h5_ideal,C:\Users\lottj\Desktop\research\decentralized benchmark\commitment-horizon-study\scenarios\known_visit_g19_t20_n25.csv,2,17,15,37.241284355945275,37.241284355945275,03,03,1,0,True,completed
0,known_visit,HIPC,ideal,1.0,19,361,4,20,targets_20_hipc_h5_ideal,C:\Users\lottj\Desktop\research\decentralized benchmark\commitment-horizon-study\scenarios\known_visit_g19_t20_n25.csv,3,14,5,57.723190100291724,57.723190100291724,00,00,1,0,True,completed
0,known_visit,HIPC,ideal,1.0,19,361,4,20,targets_20_hipc_h5_ideal,C:\Users\lottj\Desktop\research\decentralized benchmark\commitment-horizon-study\scenarios\known_visit_g19_t20_n25.csv,4,8,0,12.264482244603643,12.264482244603643,00,00,1,0,True,completed
0,known_visit,HIPC,ideal,1.0,19,361,4,20,targets_20_hipc_h5_ideal,C:\Users\lottj\Desktop\research\decentralized benchmark\commitment-horizon-study\scenarios\known_visit_g19_t20_n25.csv,5,14,15,31.71498529788115,31.71498529788115,03,03,1,0,True,completed
0,known_visit,HIPC,ideal,1.0,19,361,4,20,targets_20_hipc_h5_ideal,C:\Users\lottj\Desktop\research\decentralized benchmark\commitment-horizon-study\scenarios\known_visit_g19_t20_n25.csv,6,7,5,23.328320632389406,23.328320632389406,00,00,1,0,True,completed
0,known_visit,HIPC,ideal,1.0,19,361,4,20,targets_20_hipc_h5_ideal,C:\Users\lottj\Desktop\research\decentralized benchmark\commitment-horizon-study\scenarios\known_visit_g19_t20_n25.csv,7,2,6,1.9672265168233256,1.9672265168233256,01,01,1,0,True,completed
0,known_visit,HIPC,ideal,1.0,19,361,4,20,targets_20_hipc_h5_ideal,C:\Users\lottj\Desktop\research\decentralized benchmark\commitment-horizon-study\scenarios\known_visit_g19_t20_n25.csv,8,3,8,7.326574228080714,7.326574228080714,01,01,1,0,True,completed
0,known_visit,HIPC,ideal,1.0,19,361,4,20,targets_20_hipc_h5_ideal,C:\Users\lottj\Desktop\research\decentralized benchmark\commitment-horizon-study\scenarios\known_visit_g19_t20_n25.csv,9,12,12,27.2246161724836,27.2246161724836,02,02,1,0,True,completed
0,known_visit,HIPC,ideal,1.0,19,361,4,20,targets_20_hipc_h5_ideal,C:\Users\lottj\Desktop\research\decentralized benchmark\commitment-horizon-study\scenarios\known_visit_g19_t20_n25.csv,10,16,5,65.38534809491073,65.38534809491073,00,00,1,0,True,completed
0,known_visit,HIPC,ideal,1.0,19,361,4,20,targets_20_hipc_h5_ideal,C:\Users\lottj\Desktop\research\decentralized benchmark\commitment-horizon-study\scenarios\known_visit_g19_t20_n25.csv,11,10,14,19.81281828304257,19.81281828304257,02,02,1,0,True,completed
0,known_visit,HIPC,ideal,1.0,19,361,4,20,targets_20_hipc_h5_ideal,C:\Users\lottj\Desktop\research\decentralized benchmark\commitment-horizon-study\scenarios\known_visit_g19_t20_n25.csv,12,3,18,3.592137843279563,3.592137843279563,03,03,1,0,True,completed
0,known_visit,HIPC,ideal,1.0,19,361,4,20,targets_20_hipc_h5_ideal,C:\Users\lottj\Desktop\research\decentralized benchmark\commitment-horizon-study\scenarios\known_visit_g19_t20_n25.csv,13,10,12,23.488728420107908,23.488728420107908,02,02,1,0,True,completed
0,known_visit,HIPC,ideal,1.0,19,361,4,20,targets_20_hipc_h5_ideal,C:\Users\lottj\Desktop\research\decentralized benchmark\commitment-horizon-study\scenarios\known_visit_g19_t20_n25.csv,14,5,18,6.866056090093534,6.866056090093534,03,03,1,0,True,completed
0,known_visit,HIPC,ideal,1.0,19,361,4,20,targets_20_hipc_h5_ideal,C:\Users\lottj\Desktop\research\decentralized benchmark\commitment-horizon-study\scenarios\known_visit_g19_t20_n25.csv,15,13,14,27.5955107376496,27.5955107376496,03,03,1,0,True,completed
0,known_visit,HIPC,ideal,1.0,19,361,4,20,targets_20_hipc_h5_ideal,C:\Users\lottj\Desktop\research\decentralized benchmark\commitment-horizon-study\scenarios\known_visit_g19_t20_n25.csv,16,4,11,14.493019458959452,14.493019458959452,01,01,1,0,True,completed
0,known_visit,HIPC,ideal,1.0,19,361,4,20,targets_20_hipc_h5_ideal,C:\Users\lottj\Desktop\research\decentralized benchmark\commitment-horizon-study\scenarios\known_visit_g19_t20_n25.csv,17,12,18,18.806382789913997,18.806382789913997,03,03,1,0,True,completed
0,known_visit,HIPC,ideal,1.0,19,361,4,20,targets_20_hipc_h5_ideal,C:\Users\lottj\Desktop\research\decentralized benchmark\commitment-horizon-study\scenarios\known_visit_g19_t20_n25.csv,18,1,14,3.983621711590803,3.983621711590803,02,02,1,0,True,completed
0,known_visit,HIPC,ideal,1.0,19,361,4,20,targets_20_hipc_h5_ideal,C:\Users\lottj\Desktop\research\decentralized benchmark\commitment-horizon-study\scenarios\known_visit_g19_t20_n25.csv,19,15,10,46.65878268868321,46.65878268868321,00,00,1,0,True,completed
0,known_visit,HIPC,ideal,1.0,19,361,4,20,targets_20_hipc_h5_ideal,C:\Users\lottj\Desktop\research\decentralized benchmark\commitment-horizon-study\scenarios\known_visit_g19_t20_n25.csv,20,11,10,39.611568480688895,39.611568480688895,00,00,1,0,True,completed
1,known_visit,HIPC,ideal,1.0,19,361,4,20,targets_20_hipc_h5_ideal,C:\Users\lottj\Desktop\research\decentralized benchmark\commitment-horizon-study\scenarios\known_visit_g19_t20_n25.csv,1,10,3,26.16130995650982,26.16130995650982,01,01,1,0,True,completed
1,known_visit,HIPC,ideal,1.0,19,361,4,20,targets_20_hipc_h5_ideal,C:\Users\lottj\Desktop\research\decentralized benchmark\commitment-horizon-study\scenarios\known_visit_g19_t20_n25.csv,2,7,11,16.483653943545686,16.483653943545686,02,02,1,0,True,completed
1,known_visit,HIPC,ideal,1.0,19,361,4,20,targets_20_hipc_h5_ideal,C:\Users\lottj\Desktop\research\decentralized benchmark\commitment-horizon-study\scenarios\known_visit_g19_t20_n25.csv,3,0,1,0.4933977747892714,0.4933977747892714,00,00,1,0,True,completed
1,known_visit,HIPC,ideal,1.0,19,361,4,20,targets_20_hipc_h5_ideal,C:\Users\lottj\Desktop\research\decentralized benchmark\commitment-horizon-study\scenarios\known_visit_g19_t20_n25.csv,4,9,4,22.601338066129667,22.601338066129667,01,01,1,0,True,completed
1,known_visit,HIPC,ideal,1.0,19,361,4,20,targets_20_hipc_h5_ideal,C:\Users\lottj\Desktop\research\decentralized benchmark\commitment-horizon-study\scenarios\known_visit_g19_t20_n25.csv,5,0,3,3.845307192436892,3.845307192436892,00,00,1,0,True,completed
1,known_visit,HIPC,ideal,1.0,19,361,4,20,targets_20_hipc_h5_ideal,C:\Users\lottj\Desktop\research\decentralized benchmark\commitment-horizon-study\scenarios\known_visit_g19_t20_n25.csv,6,3,5,9.704543574002635,9.704543574002635,01,01,1,0,True,completed
1,known_visit,HIPC,ideal,1.0,19,361,4,20,targets_20_hipc_h5_ideal,C:\Users\lottj\Desktop\research\decentralized benchmark\commitment-horizon-study\scenarios\known_visit_g19_t20_n25.csv,7,1,17,2.1851066843548157,2.1851066843548157,03,03,1,0,True,completed
1,known_visit,HIPC,ideal,1.0,19,361,4,20,targets_20_hipc_h5_ideal,C:\Users\lottj\Desktop\research\decentralized benchmark\commitment-horizon-study\scenarios\known_visit_g19_t20_n25.csv,8,3,17,5.840661052411276,5.840661052411276,03,03,1,0,True,completed
1,known_visit,HIPC,ideal,1.0,19,361,4,20,targets_20_hipc_h5_ideal,C:\Users\lottj\Desktop\research\decentralized benchmark\commitment-horizon-study\scenarios\known_visit_g19_t20_n25.csv,9,12,8,31.04504830504268,31.04504830504268,02,02,1,0,True,completed
1,known_visit,HIPC,ideal,1.0,19,361,4,20,targets_20_hipc_h5_ideal,C:\Users\lottj\Desktop\research\decentralized benchmark\commitment-horizon-study\scenarios\known_visit_g19_t20_n25.csv,10,15,13,66.73481281950825,66.73481281950825,02,02,1,0,True,completed
1,known_visit,HIPC,ideal,1.0,19,361,4,20,targets_20_hipc_h5_ideal,C:\Users\lottj\Desktop\research\decentralized benchmark\commitment-horizon-study\scenarios\known_visit_g19_t20_n25.csv,11,5,5,13.59557675135947,13.59557675135947,01,01,1,0,True,completed
1,known_visit,HIPC,ideal,1.0,19,361,4,20,targets_20_hipc_h5_ideal,C:\Users\lottj\Desktop\research\decentralized benchmark\commitment-horizon-study\scenarios\known_visit_g19_t20_n25.csv,12,18,7,43.28542548801358,43.28542548801358,02,02,1,0,True,completed
1,known_visit,HIPC,ideal,1.0,19,361,4,20,targets_20_hipc_h5_ideal,C:\Users\lottj\Desktop\research\decentralized benchmark\commitment-horizon-study\scenarios\known_visit_g19_t20_n25.csv,13,2,12,1.7346994778461755,1.7346994778461755,02,02,1,0,True,completed
1,known_visit,HIPC,ideal,1.0,19,361,4,20,targets_20_hipc_h5_ideal,C:\Users\lottj\Desktop\research\decentralized benchmark\commitment-horizon-study\scenarios\known_visit_g19_t20_n25.csv,14,1,3,5.864394139476619,5.864394139476619,00,00,1,0,True,completed
1,known_visit,HIPC,ideal,1.0,19,361,4,20,targets_20_hipc_h5_ideal,C:\Users\lottj\Desktop\research\decentralized benchmark\commitment-horizon-study\scenarios\known_visit_g19_t20_n25.csv,15,8,10,20.5288830371573,20.5288830371573,02,02,1,0,True,completed
1,known_visit,HIPC,ideal,1.0,19,361,4,20,targets_20_hipc_h5_ideal,C:\Users\lottj\Desktop\research\decentralized benchmark\commitment-horizon-study\scenarios\known_visit_g19_t20_n25.csv,16,4,1,14.770712478514028,14.770712478514028,00,00,1,0,True,completed
1,known_visit,HIPC,ideal,1.0,19,361,4,20,targets_20_hipc_h5_ideal,C:\Users\lottj\Desktop\research\decentralized benchmark\commitment-horizon-study\scenarios\known_visit_g19_t20_n25.csv,17,4,10,9.188155816923338,9.188155816923338,02,02,1,0,True,completed
1,known_visit,HIPC,ideal,1.0,19,361,4,20,targets_20_hipc_h5_ideal,C:\Users\lottj\Desktop\research\decentralized benchmark\commitment-horizon-study\scenarios\known_visit_g19_t20_n25.csv,18,16,15,61.119884329694926,61.119884329694926,02,02,1,0,True,completed
1,known_visit,HIPC,ideal,1.0,19,361,4,20,targets_20_hipc_h5_ideal,C:\Users\lottj\Desktop\research\decentralized benchmark\commitment-horizon-study\scenarios\known_visit_g19_t20_n25.csv,19,2,7,3.863636954517402,3.863636954517402,01,01,1,0,True,completed
1,known_visit,HIPC,ideal,1.0,19,361,4,20,targets_20_hipc_h5_ideal,C:\Users\lottj\Desktop\research\decentralized benchmark\commitment-horizon-study\scenarios\known_visit_g19_t20_n25.csv,20,10,2,28.077065855577903,28.077065855577903,01,01,1,0,True,completed
2,known_visit,HIPC,ideal,1.0,19,361,4,20,targets_20_hipc_h5_ideal,C:\Users\lottj\Desktop\research\decentralized benchmark\commitment-horizon-study\scenarios\known_visit_g19_t20_n25.csv,1,8,17,14.728689519909704,14.728689519909704,03,03,1,0,True,completed
2,known_visit,HIPC,ideal,1.0,19,361,4,20,targets_20_hipc_h5_ideal,C:\Users\lottj\Desktop\research\decentralized benchmark\commitment-horizon-study\scenarios\known_visit_g19_t20_n25.csv,2,9,7,26.52924859196766,26.52924859196766,02,02,1,0,True,completed
2,known_visit,HIPC,ideal,1.0,19,361,4,20,targets_20_hipc_h5_ideal,C:\Users\lottj\Desktop\research\decentralized benchmark\commitment-horizon-study\scenarios\known_visit_g19_t20_n25.csv,3,13,2,50.35470143363032,50.35470143363032,00,00,1,0,True,completed
2,known_visit,HIPC,ideal,1.0,19,361,4,20,targets_20_hipc_h5_ideal,C:\Users\lottj\Desktop\research\decentralized benchmark\commitment-horizon-study\scenarios\known_visit_g19_t20_n25.csv,4,17,3,41.221074736444464,41.221074736444464,00,00,1,0,True,completed
2,known_visit,HIPC,ideal,1.0,19,361,4,20,targets_20_hipc_h5_ideal,C:\Users\lottj\Desktop\research\decentralized benchmark\commitment-horizon-study\scenarios\known_visit_g19_t20_n25.csv,5,16,16,30.41708037329094,30.41708037329094,03,03,1,0,True,completed
2,known_visit,HIPC,ideal,1.0,19,361,4,20,targets_20_hipc_h5_ideal,C:\Users\lottj\Desktop\research\decentralized benchmark\commitment-horizon-study\scenarios\known_visit_g19_t20_n25.csv,6,10,9,20.988708795804406,20.988708795804406,02,02,1,0,True,completed
2,known_visit,HIPC,ideal,1.0,19,361,4,20,targets_20_hipc_h5_ideal,C:\Users\lottj\Desktop\research\decentralized benchmark\commitment-horizon-study\scenarios\known_visit_g19_t20_n25.csv,7,9,6,28.492162657348633,28.492162657348633,02,02,1,0,True,completed
2,known_visit,HIPC,ideal,1.0,19,361,4,20,targets_20_hipc_h5_ideal,C:\Users\lottj\Desktop\research\decentralized benchmark\commitment-horizon-study\scenarios\known_visit_g19_t20_n25.csv,8,17,15,34.19727827027378,34.19727827027378,03,03,1,0,True,completed
2,known_visit,HIPC,ideal,1.0,19,361,4,20,targets_20_hipc_h5_ideal,C:\Users\lottj\Desktop\research\decentralized benchmark\commitment-horizon-study\scenarios\known_visit_g19_t20_n25.csv,9,6,12,8.459888712046558,8.459888712046558,02,02,1,0,True,completed
2,known_visit,HIPC,ideal,1.0,19,361,4,20,targets_20_hipc_h5_ideal,C:\Users\lottj\Desktop\research\decentralized benchmark\commitment-horizon-study\scenarios\known_visit_g19_t20_n25.csv,10,17,0,35.96891096309358,35.96891096309358,00,00,1,0,True,completed
2,known_visit,HIPC,ideal,1.0,19,361,4,20,targets_20_hipc_h5_ideal,C:\Users\lottj\Desktop\research\decentralized benchmark\commitment-horizon-study\scenarios\known_visit_g19_t20_n25.csv,11,1,17,2.103474279588808,2.103474279588808,03,03,1,0,True,completed
2,known_visit,HIPC,ideal,1.0,19,361,4,20,targets_20_hipc_h5_ideal,C:\Users\lottj\Desktop\research\decentralized benchmark\commitment-horizon-study\scenarios\known_visit_g19_t20_n25.csv,12,7,10,13.979400430179991,13.979400430179991,02,02,1,0,True,completed
2,known_visit,HIPC,ideal,1.0,19,361,4,20,targets_20_hipc_h5_ideal,C:\Users\lottj\Desktop\research\decentralized benchmark\commitment-horizon-study\scenarios\known_visit_g19_t20_n25.csv,13,13,18,46.83888264565339,46.83888264565339,03,03,1,0,True,completed
2,known_visit,HIPC,ideal,1.0,19,361,4,20,targets_20_hipc_h5_ideal,C:\Users\lottj\Desktop\research\decentralized benchmark\commitment-horizon-study\scenarios\known_visit_g19_t20_n25.csv,14,11,15,80.5316868799106,80.5316868799106,00,00,1,0,True,completed
2,known_visit,HIPC,ideal,1.0,19,361,4,20,targets_20_hipc_h5_ideal,C:\Users\lottj\Desktop\research\decentralized benchmark\commitment-horizon-study\scenarios\known_visit_g19_t20_n25.csv,15,0,1,0.502230212216684,0.502230212216684,00,00,1,0,True,completed
2,known_visit,HIPC,ideal,1.0,19,361,4,20,targets_20_hipc_h5_ideal,C:\Users\lottj\Desktop\research\decentralized benchmark\commitment-horizon-study\scenarios\known_visit_g19_t20_n25.csv,16,3,17,5.829041561432103,5.829041561432103,03,03,1,0,True,completed
2,known_visit,HIPC,ideal,1.0,19,361,4,20,targets_20_hipc_h5_ideal,C:\Users\lottj\Desktop\research\decentralized benchmark\commitment-horizon-study\scenarios\known_visit_g19_t20_n25.csv,17,3,0,11.532315644774366,11.532315644774366,00,00,1,0,True,completed
2,known_visit,HIPC,ideal,1.0,19,361,4,20,targets_20_hipc_h5_ideal,C:\Users\lottj\Desktop\research\decentralized benchmark\commitment-horizon-study\scenarios\known_visit_g19_t20_n25.csv,18,13,13,73.10024060683497,73.10024060683497,00,00,1,0,True,completed
2,known_visit,HIPC,ideal,1.0,19,361,4,20,targets_20_hipc_h5_ideal,C:\Users\lottj\Desktop\research\decentralized benchmark\commitment-horizon-study\scenarios\known_visit_g19_t20_n25.csv,19,15,18,43.350157815648174,43.350157815648174,03,03,1,0,True,completed
2,known_visit,HIPC,ideal,1.0,19,361,4,20,targets_20_hipc_h5_ideal,C:\Users\lottj\Desktop\research\decentralized benchmark\commitment-horizon-study\scenarios\known_visit_g19_t20_n25.csv,20,0,2,2.294231520492084,2.294231520492084,00,00,1,0,True,completed
3,known_visit,HIPC,ideal,1.0,19,361,4,20,targets_20_hipc_h5_ideal,C:\Users\lottj\Desktop\research\decentralized benchmark\commitment-horizon-study\scenarios\known_visit_g19_t20_n25.csv,1,12,12,45.663895667661784,45.663895667661784,01,01,1,0,True,completed
3,known_visit,HIPC,ideal,1.0,19,361,4,20,targets_20_hipc_h5_ideal,C:\Users\lottj\Desktop\research\decentralized benchmark\commitment-horizon-study\scenarios\known_visit_g19_t20_n25.csv,2,17,11,54.9517726321954,54.9517726321954,00,00,1,0,True,completed
3,known_visit,HIPC,ideal,1.0,19,361,4,20,targets_20_hipc_h5_ideal,C:\Users\lottj\Desktop\research\decentralized benchmark\commitment-horizon-study\scenarios\known_visit_g19_t20_n25.csv,3,2,6,1.8586660357326141,1.8586660357326141,01,01,1,0,True,completed
3,known_visit,HIPC,ideal,1.0,19,361,4,20,targets_20_hipc_h5_ideal,C:\Users\lottj\Desktop\research\decentralized benchmark\commitment-horizon-study\scenarios\known_visit_g19_t20_n25.csv,4,9,13,23.42128198372055,23.42128198372055,03,03,1,0,True,completed
3,known_visit,HIPC,ideal,1.0,19,361,4,20,targets_20_hipc_h5_ideal,C:\Users\lottj\Desktop\research\decentralized benchmark\commitment-horizon-study\scenarios\known_visit_g19_t20_n25.csv,5,2,17,4.034770585010974,4.034770585010974,03,03,1,0,True,completed
3,known_visit,HIPC,ideal,1.0,19,361,4,20,targets_20_hipc_h5_ideal,C:\Users\lottj\Desktop\research\decentralized benchmark\commitment-horizon-study\scenarios\known_visit_g19_t20_n25.csv,6,6,11,22.14105018519892,22.14105018519892,01,01,1,0,True,completed
3,known_visit,HIPC,ideal,1.0,19,361,4,20,targets_20_hipc_h5_ideal,C:\Users\lottj\Desktop\research\decentralized benchmark\commitment-horizon-study\scenarios\known_visit_g19_t20_n25.csv,7,17,3,37.02826840632348,37.02826840632348,00,00,1,0,True,completed
3,known_visit,HIPC,ideal,1.0,19,361,4,20,targets_20_hipc_h5_ideal,C:\Users\lottj\Desktop\research\decentralized benchmark\commitment-horizon-study\scenarios\known_visit_g19_t20_n25.csv,8,5,8,14.408550840776867,14.408550840776867,01,01,1,0,True,completed
3,known_visit,HIPC,ideal,1.0,19,361,4,20,targets_20_hipc_h5_ideal,C:\Users\lottj\Desktop\research\decentralized benchmark\commitment-horizon-study\scenarios\known_visit_g19_t20_n25.csv,9,14,10,61.867152452694796,61.867152452694796,00,00,1,0,True,completed
3,known_visit,HIPC,ideal,1.0,19,361,4,20,targets_20_hipc_h5_ideal,C:\Users\lottj\Desktop\research\decentralized benchmark\commitment-horizon-study\scenarios\known_visit_g19_t20_n25.csv,10,16,4,32.934014586124746,32.934014586124746,00,00,1,0,True,completed
3,known_visit,HIPC,ideal,1.0,19,361,4,20,targets_20_hipc_h5_ideal,C:\Users\lottj\Desktop\research\decentralized benchmark\commitment-horizon-study\scenarios\known_visit_g19_t20_n25.csv,11,8,15,17.960466741245543,17.960466741245543,03,03,1,0,True,completed
3,known_visit,HIPC,ideal,1.0,19,361,4,20,targets_20_hipc_h5_ideal,C:\Users\lottj\Desktop\research\decentralized benchmark\commitment-horizon-study\scenarios\known_visit_g19_t20_n25.csv,12,18,8,47.89923898760814,47.89923898760814,00,00,1,0,True,completed
3,known_visit,HIPC,ideal,1.0,19,361,4,20,targets_20_hipc_h5_ideal,C:\Users\lottj\Desktop\research\decentralized benchmark\commitment-horizon-study\scenarios\known_visit_g19_t20_n25.csv,13,9,8,33.132132653661074,33.132132653661074,01,01,1,0,True,completed
3,known_visit,HIPC,ideal,1.0,19,361,4,20,targets_20_hipc_h5_ideal,C:\Users\lottj\Desktop\research\decentralized benchmark\commitment-horizon-study\scenarios\known_visit_g19_t20_n25.csv,14,6,10,20.107819710046474,20.107819710046474,01,01,1,0,True,completed
3,known_visit,HIPC,ideal,1.0,19,361,4,20,targets_20_hipc_h5_ideal,C:\Users\lottj\Desktop\research\decentralized benchmark\commitment-horizon-study\scenarios\known_visit_g19_t20_n25.csv,15,10,16,30.790015027697706,30.790015027697706,03,03,1,0,True,completed
3,known_visit,HIPC,ideal,1.0,19,361,4,20,targets_20_hipc_h5_ideal,C:\Users\lottj\Desktop\research\decentralized benchmark\commitment-horizon-study\scenarios\known_visit_g19_t20_n25.csv,16,10,8,35.128675187793256,35.128675187793256,01,01,1,0,True,completed
3,known_visit,HIPC,ideal,1.0,19,361,4,20,targets_20_hipc_h5_ideal,C:\Users\lottj\Desktop\research\decentralized benchmark\commitment-horizon-study\scenarios\known_visit_g19_t20_n25.csv,17,12,0,18.971302212676672,18.971302212676672,00,00,1,0,True,completed
3,known_visit,HIPC,ideal,1.0,19,361,4,20,targets_20_hipc_h5_ideal,C:\Users\lottj\Desktop\research\decentralized benchmark\commitment-horizon-study\scenarios\known_visit_g19_t20_n25.csv,18,6,6,8.816743204726658,8.816743204726658,01,01,1,0,True,completed
3,known_visit,HIPC,ideal,1.0,19,361,4,20,targets_20_hipc_h5_ideal,C:\Users\lottj\Desktop\research\decentralized benchmark\commitment-horizon-study\scenarios\known_visit_g19_t20_n25.csv,19,1,18,0.22142777643624778,0.22142777643624778,03,03,1,0,True,completed
3,known_visit,HIPC,ideal,1.0,19,361,4,20,targets_20_hipc_h5_ideal,C:\Users\lottj\Desktop\research\decentralized benchmark\commitment-horizon-study\scenarios\known_visit_g19_t20_n25.csv,20,3,12,3.4390864471881337,3.4390864471881337,02,02,1,0,True,completed
4,known_visit,HIPC,ideal,1.0,19,361,4,20,targets_20_hipc_h5_ideal,C:\Users\lottj\Desktop\research\decentralized benchmark\commitment-horizon-study\scenarios\known_visit_g19_t20_n25.csv,1,10,14,60.81367541296028,60.81367541296028,00,00,1,0,True,completed
4,known_visit,HIPC,ideal,1.0,19,361,4,20,targets_20_hipc_h5_ideal,C:\Users\lottj\Desktop\research\decentralized benchmark\commitment-horizon-study\scenarios\known_visit_g19_t20_n25.csv,2,3,1,9.781832428277646,9.781832428277646,00,00,1,0,True,completed
4,known_visit,HIPC,ideal,1.0,19,361,4,20,targets_20_hipc_h5_ideal,C:\Users\lottj\Desktop\research\decentralized benchmark\commitment-horizon-study\scenarios\known_visit_g19_t20_n25.csv,3,12,5,33.20955133778507,33.20955133778507,00,00,1,0,True,completed
4,known_visit,HIPC,ideal,1.0,19,361,4,20,targets_20_hipc_h5_ideal,C:\Users\lottj\Desktop\research\decentralized benchmark\commitment-horizon-study\scenarios\known_visit_g19_t20_n25.csv,4,12,17,25.379585975546817,25.379585975546817,03,03,1,0,True,completed
4,known_visit,HIPC,ideal,1.0,19,361,4,20,targets_20_hipc_h5_ideal,C:\Users\lottj\Desktop\research\decentralized benchmark\commitment-horizon-study\scenarios\known_visit_g19_t20_n25.csv,5,17,8,49.74141297102018,49.74141297102018,03,03,1,0,True,completed
4,known_visit,HIPC,ideal,1.0,19,361,4,20,targets_20_hipc_h5_ideal,C:\Users\lottj\Desktop\research\decentralized benchmark\commitment-horizon-study\scenarios\known_visit_g19_t20_n25.csv,6,8,7,25.617675221692245,25.617675221692245,01,01,1,0,True,completed
4,known_visit,HIPC,ideal,1.0,19,361,4,20,targets_20_hipc_h5_ideal,C:\Users\lottj\Desktop\research\decentralized benchmark\commitment-horizon-study\scenarios\known_visit_g19_t20_n25.csv,7,17,13,40.973414841546386,40.973414841546386,03,03,1,0,True,completed
4,known_visit,HIPC,ideal,1.0,19,361,4,20,targets_20_hipc_h5_ideal,C:\Users\lottj\Desktop\research\decentralized benchmark\commitment-horizon-study\scenarios\known_visit_g19_t20_n25.csv,8,4,6,5.2027196894481165,5.2027196894481165,01,01,1,0,True,completed
4,known_visit,HIPC,ideal,1.0,19,361,4,20,targets_20_hipc_h5_ideal,C:\Users\lottj\Desktop\research\decentralized benchmark\commitment-horizon-study\scenarios\known_visit_g19_t20_n25.csv,9,5,18,11.10507331480344,11.10507331480344,03,03,1,0,True,completed
4,known_visit,HIPC,ideal,1.0,19,361,4,20,targets_20_hipc_h5_ideal,C:\Users\lottj\Desktop\research\decentralized benchmark\commitment-horizon-study\scenarios\known_visit_g19_t20_n25.csv,10,10,10,49.2440081774045,49.2440081774045,00,00,1,0,True,completed
4,known_visit,HIPC,ideal,1.0,19,361,4,20,targets_20_hipc_h5_ideal,C:\Users\lottj\Desktop\research\decentralized benchmark\commitment-horizon-study\scenarios\known_visit_g19_t20_n25.csv,11,2,2,5.740643155233414,5.740643155233414,00,00,1,0,True,completed
4,known_visit,HIPC,ideal,1.0,19,361,4,20,targets_20_hipc_h5_ideal,C:\Users\lottj\Desktop\research\decentralized benchmark\commitment-horizon-study\scenarios\known_visit_g19_t20_n25.csv,12,8,1,18.671548121494183,18.671548121494183,00,00,1,0,True,completed
4,known_visit,HIPC,ideal,1.0,19,361,4,20,targets_20_hipc_h5_ideal,C:\Users\lottj\Desktop\research\decentralized benchmark\commitment-horizon-study\scenarios\known_visit_g19_t20_n25.csv,13,2,13,3.8800735840912046,3.8800735840912046,02,02,1,0,True,completed
4,known_visit,HIPC,ideal,1.0,19,361,4,20,targets_20_hipc_h5_ideal,C:\Users\lottj\Desktop\research\decentralized benchmark\commitment-horizon-study\scenarios\known_visit_g19_t20_n25.csv,14,7,8,21.541958118720363,21.541958118720363,01,01,1,0,True,completed
4,known_visit,HIPC,ideal,1.0,19,361,4,20,targets_20_hipc_h5_ideal,C:\Users\lottj\Desktop\research\decentralized benchmark\commitment-horizon-study\scenarios\known_visit_g19_t20_n25.csv,15,4,17,7.176892572279746,7.176892572279746,03,03,1,0,True,completed
4,known_visit,HIPC,ideal,1.0,19,361,4,20,targets_20_hipc_h5_ideal,C:\Users\lottj\Desktop\research\decentralized benchmark\commitment-horizon-study\scenarios\known_visit_g19_t20_n25.csv,16,2,12,1.9309169210406094,1.9309169210406094,02,02,1,0,True,completed
4,known_visit,HIPC,ideal,1.0,19,361,4,20,targets_20_hipc_h5_ideal,C:\Users\lottj\Desktop\research\decentralized benchmark\commitment-horizon-study\scenarios\known_visit_g19_t20_n25.csv,17,5,4,10.535085194921448,10.535085194921448,01,01,1,0,True,completed
4,known_visit,HIPC,ideal,1.0,19,361,4,20,targets_20_hipc_h5_ideal,C:\Users\lottj\Desktop\research\decentralized benchmark\commitment-horizon-study\scenarios\known_visit_g19_t20_n25.csv,18,11,12,55.00665147012892,55.00665147012892,00,00,1,0,True,completed
4,known_visit,HIPC,ideal,1.0,19,361,4,20,targets_20_hipc_h5_ideal,C:\Users\lottj\Desktop\research\decentralized benchmark\commitment-horizon-study\scenarios\known_visit_g19_t20_n25.csv,19,11,2,26.009952095752677,26.009952095752677,00,00,1,0,True,completed
4,known_visit,HIPC,ideal,1.0,19,361,4,20,targets_20_hipc_h5_ideal,C:\Users\lottj\Desktop\research\decentralized benchmark\commitment-horizon-study\scenarios\known_visit_g19_t20_n25.csv,20,13,9,42.060607103986435,42.060607103986435,00,00,1,0,True,completed
5,known_visit,HIPC,ideal,1.0,19,361,4,20,targets_20_hipc_h5_ideal,C:\Users\lottj\Desktop\research\decentralized benchmark\commitment-horizon-study\scenarios\known_visit_g19_t20_n25.csv,1,11,10,24.524808851081552,24.524808851081552,02,02,1,0,True,completed
5,known_visit,HIPC,ideal,1.0,19,361,4,20,targets_20_hipc_h5_ideal,C:\Users\lottj\Desktop\research\decentralized benchmark\commitment-horizon-study\scenarios\known_visit_g19_t20_n25.csv,2,3,13,15.880655123413822,15.880655123413822,03,03,1,0,True,completed
5,known_visit,HIPC,ideal,1.0,19,361,4,20,targets_20_hipc_h5_ideal,C:\Users\lottj\Desktop\research\decentralized benchmark\commitment-horizon-study\scenarios\known_visit_g19_t20_n25.csv,3,17,2,40.05629160553273,40.05629160553273,00,00,1,0,True,completed
5,known_visit,HIPC,ideal,1.0,19,361,4,20,targets_20_hipc_h5_ideal,C:\Users\lottj\Desktop\research\decentralized benchmark\commitment-horizon-study\scenarios\known_visit_g19_t20_n25.csv,4,10,12,30.25016357159042,30.25016357159042,03,03,1,0,True,completed
5,known_visit,HIPC,ideal,1.0,19,361,4,20,targets_20_hipc_h5_ideal,C:\Users\lottj\Desktop\research\decentralized benchmark\commitment-horizon-study\scenarios\known_visit_g19_t20_n25.csv,5,7,0,14.773410819203338,14.773410819203338,00,00,1,0,True,completed
5,known_visit,HIPC,ideal,1.0,19,361,4,20,targets_20_hipc_h5_ideal,C:\Users\lottj\Desktop\research\decentralized benchmark\commitment-horizon-study\scenarios\known_visit_g19_t20_n25.csv,6,1,9,5.418312681447672,5.418312681447672,02,02,1,0,True,completed
5,known_visit,HIPC,ideal,1.0,19,361,4,20,targets_20_hipc_h5_ideal,C:\Users\lottj\Desktop\research\decentralized benchmark\commitment-horizon-study\scenarios\known_visit_g19_t20_n25.csv,7,9,9,19.28678183737646,19.28678183737646,02,02,1,0,True,completed
5,known_visit,HIPC,ideal,1.0,19,361,4,20,targets_20_hipc_h5_ideal,C:\Users\lottj\Desktop\research\decentralized benchmark\commitment-horizon-study\scenarios\known_visit_g19_t20_n25.csv,8,5,1,8.935239096565864,8.935239096565864,00,00,1,0,True,completed
5,known_visit,HIPC,ideal,1.0,19,361,4,20,targets_20_hipc_h5_ideal,C:\Users\lottj\Desktop\research\decentralized benchmark\commitment-horizon-study\scenarios\known_visit_g19_t20_n25.csv,9,12,13,35.762402448606636,35.762402448606636,03,03,1,0,True,completed
5,known_visit,HIPC,ideal,1.0,19,361,4,20,targets_20_hipc_h5_ideal,C:\Users\lottj\Desktop\research\decentralized benchmark\commitment-horizon-study\scenarios\known_visit_g19_t20_n25.csv,10,16,10,33.0871607160482,33.0871607160482,02,02,1,0,True,completed
5,known_visit,HIPC,ideal,1.0,19,361,4,20,targets_20_hipc_h5_ideal,C:\Users\lottj\Desktop\research\decentralized benchmark\commitment-horizon-study\scenarios\known_visit_g19_t20_n25.csv,11,17,5,43.686800241364026,43.686800241364026,02,02,1,0,True,completed
5,known_visit,HIPC,ideal,1.0,19,361,4,20,targets_20_hipc_h5_ideal,C:\Users\lottj\Desktop\research\decentralized benchmark\commitment-horizon-study\scenarios\known_visit_g19_t20_n25.csv,12,18,6,47.60084495507392,47.60084495507392,02,02,1,0,True,completed
5,known_visit,HIPC,ideal,1.0,19,361,4,20,targets_20_hipc_h5_ideal,C:\Users\lottj\Desktop\research\decentralized benchmark\commitment-horizon-study\scenarios\known_visit_g19_t20_n25.csv,13,11,11,68.1192685024208,68.1192685024208,02,02,1,0,True,completed
5,known_visit,HIPC,ideal,1.0,19,361,4,20,targets_20_hipc_h5_ideal,C:\Users\lottj\Desktop\research\decentralized benchmark\commitment-horizon-study\scenarios\known_visit_g19_t20_n25.csv,14,8,9,17.671117179282497,17.671117179282497,02,02,1,0,True,completed
5,known_visit,HIPC,ideal,1.0,19,361,4,20,targets_20_hipc_h5_ideal,C:\Users\lottj\Desktop\research\decentralized benchmark\commitment-horizon-study\scenarios\known_visit_g19_t20_n25.csv,15,12,2,31.45276152932145,31.45276152932145,00,00,1,0,True,completed
5,known_visit,HIPC,ideal,1.0,19,361,4,20,targets_20_hipc_h5_ideal,C:\Users\lottj\Desktop\research\decentralized benchmark\commitment-horizon-study\scenarios\known_visit_g19_t20_n25.csv,16,8,3,22.25026887331021,22.25026887331021,00,00,1,0,True,completed
5,known_visit,HIPC,ideal,1.0,19,361,4,20,targets_20_hipc_h5_ideal,C:\Users\lottj\Desktop\research\decentralized benchmark\commitment-horizon-study\scenarios\known_visit_g19_t20_n25.csv,17,13,16,42.917428571254746,42.917428571254746,03,03,1,0,True,completed
5,known_visit,HIPC,ideal,1.0,19,361,4,20,targets_20_hipc_h5_ideal,C:\Users\lottj\Desktop\research\decentralized benchmark\commitment-horizon-study\scenarios\known_visit_g19_t20_n25.csv,18,1,12,0.1323600403700354,0.1323600403700354,02,02,1,0,True,completed
5,known_visit,HIPC,ideal,1.0,19,361,4,20,targets_20_hipc_h5_ideal,C:\Users\lottj\Desktop\research\decentralized benchmark\commitment-horizon-study\scenarios\known_visit_g19_t20_n25.csv,19,8,12,26.80044059510219,26.80044059510219,03,03,1,0,True,completed
5,known_visit,HIPC,ideal,1.0,19,361,4,20,targets_20_hipc_h5_ideal,C:\Users\lottj\Desktop\research\decentralized benchmark\commitment-horizon-study\scenarios\known_visit_g19_t20_n25.csv,20,4,5,14.628766841805458,14.628766841805458,01,01,1,0,True,completed
6,known_visit,HIPC,ideal,1.0,19,361,4,20,targets_20_hipc_h5_ideal,C:\Users\lottj\Desktop\research\decentralized benchmark\commitment-horizon-study\scenarios\known_visit_g19_t20_n25.csv,1,2,9,7.225702245118831,7.225702245118831,01,01,1,0,True,completed
6,known_visit,HIPC,ideal,1.0,19,361,4,20,targets_20_hipc_h5_ideal,C:\Users\lottj\Desktop\research\decentralized benchmark\commitment-horizon-study\scenarios\known_visit_g19_t20_n25.csv,2,9,11,16.080282844443914,16.080282844443914,02,02,1,0,True,completed
6,known_visit,HIPC,ideal,1.0,19,361,4,20,targets_20_hipc_h5_ideal,C:\Users\lottj\Desktop\research\decentralized benchmark\commitment-horizon-study\scenarios\known_visit_g19_t20_n25.csv,3,17,12,43.57549728455374,43.57549728455374,01,01,1,0,True,completed
6,known_visit,HIPC,ideal,1.0,19,361,4,20,targets_20_hipc_h5_ideal,C:\Users\lottj\Desktop\research\decentralized benchmark\commitment-horizon-study\scenarios\known_visit_g19_t20_n25.csv,4,16,3,31.305187048551147,31.305187048551147,00,00,1,0,True,completed
6,known_visit,HIPC,ideal,1.0,19,361,4,20,targets_20_hipc_h5_ideal,C:\Users\lottj\Desktop\research\decentralized benchmark\commitment-horizon-study\scenarios\known_visit_g19_t20_n25.csv,5,18,4,51.54876587345582,51.54876587345582,00,00,1,0,True,completed
6,known_visit,HIPC,ideal,1.0,19,361,4,20,targets_20_hipc_h5_ideal,C:\Users\lottj\Desktop\research\decentralized benchmark\commitment-horizon-study\scenarios\known_visit_g19_t20_n25.csv,6,12,18,26.714478380648213,26.714478380648213,03,03,1,0,True,completed
6,known_visit,HIPC,ideal,1.0,19,361,4,20,targets_20_hipc_h5_ideal,C:\Users\lottj\Desktop\research\decentralized benchmark\commitment-horizon-study\scenarios\known_visit_g19_t20_n25.csv,7,11,8,24.918959399313398,24.918959399313398,02,02,1,0,True,completed
6,known_visit,HIPC,ideal,1.0,19,361,4,20,targets_20_hipc_h5_ideal,C:\Users\lottj\Desktop\research\decentralized benchmark\commitment-horizon-study\scenarios\known_visit_g19_t20_n25.csv,8,14,6,38.08054488317879,38.08054488317879,02,02,1,0,True,completed
6,known_visit,HIPC,ideal,1.0,19,361,4,20,targets_20_hipc_h5_ideal,C:\Users\lottj\Desktop\research\decentralized benchmark\commitment-horizon-study\scenarios\known_visit_g19_t20_n25.csv,9,13,10,33.04704884790211,33.04704884790211,01,01,1,0,True,completed
6,known_visit,HIPC,ideal,1.0,19,361,4,20,targets_20_hipc_h5_ideal,C:\Users\lottj\Desktop\research\decentralized benchmark\commitment-horizon-study\scenarios\known_visit_g19_t20_n25.csv,10,4,8,13.11002283040462,13.11002283040462,01,01,1,0,True,completed
6,known_visit,HIPC,ideal,1.0,19,361,4,20,targets_20_hipc_h5_ideal,C:\Users\lottj\Desktop\research\decentralized benchmark\commitment-horizon-study\scenarios\known_visit_g19_t20_n25.csv,11,10,16,19.16913494928473,19.16913494928473,03,03,1,0,True,completed
6,known_visit,HIPC,ideal,1.0,19,361,4,20,targets_20_hipc_h5_ideal,C:\Users\lottj\Desktop\research\decentralized benchmark\commitment-horizon-study\scenarios\known_visit_g19_t20_n25.csv,12,10,18,15.420189439447464,15.420189439447464,03,03,1,0,True,completed
6,known_visit,HIPC,ideal,1.0,19,361,4,20,targets_20_hipc_h5_ideal,C:\Users\lottj\Desktop\research\decentralized benchmark\commitment-horizon-study\scenarios\known_visit_g19_t20_n25.csv,13,12,3,24.237064516679304,24.237064516679304,00,00,1,0,True,completed
6,known_visit,HIPC,ideal,1.0,19,361,4,20,targets_20_hipc_h5_ideal,C:\Users\lottj\Desktop\research\decentralized benchmark\commitment-horizon-study\scenarios\known_visit_g19_t20_n25.csv,14,6,11,10.810861875374185,10.810861875374185,02,02,1,0,True,completed
6,known_visit,HIPC,ideal,1.0,19,361,4,20,targets_20_hipc_h5_ideal,C:\Users\lottj\Desktop\research\decentralized benchmark\commitment-horizon-study\scenarios\known_visit_g19_t20_n25.csv,15,5,0,7.027407762737082,7.027407762737082,00,00,1,0,True,completed
6,known_visit,HIPC,ideal,1.0,19,361,4,20,targets_20_hipc_h5_ideal,C:\Users\lottj\Desktop\research\decentralized benchmark\commitment-horizon-study\scenarios\known_visit_g19_t20_n25.csv,16,2,6,1.8795746105401083,1.8795746105401083,01,01,1,0,True,completed
6,known_visit,HIPC,ideal,1.0,19,361,4,20,targets_20_hipc_h5_ideal,C:\Users\lottj\Desktop\research\decentralized benchmark\commitment-horizon-study\scenarios\known_visit_g19_t20_n25.csv,17,15,1,37.13466678950634,37.13466678950634,00,00,1,0,True,completed
6,known_visit,HIPC,ideal,1.0,19,361,4,20,targets_20_hipc_h5_ideal,C:\Users\lottj\Desktop\research\decentralized benchmark\commitment-horizon-study\scenarios\known_visit_g19_t20_n25.csv,18,13,3,26.21039745160514,26.21039745160514,00,00,1,0,True,completed
6,known_visit,HIPC,ideal,1.0,19,361,4,20,targets_20_hipc_h5_ideal,C:\Users\lottj\Desktop\research\decentralized benchmark\commitment-horizon-study\scenarios\known_visit_g19_t20_n25.csv,19,13,7,34.12939806745719,34.12939806745719,02,02,1,0,True,completed
6,known_visit,HIPC,ideal,1.0,19,361,4,20,targets_20_hipc_h5_ideal,C:\Users\lottj\Desktop\research\decentralized benchmark\commitment-horizon-study\scenarios\known_visit_g19_t20_n25.csv,20,11,6,28.222420559143412,28.222420559143412,02,02,1,0,True,completed
7,known_visit,HIPC,ideal,1.0,19,361,4,20,targets_20_hipc_h5_ideal,C:\Users\lottj\Desktop\research\decentralized benchmark\commitment-horizon-study\scenarios\known_visit_g19_t20_n25.csv,1,4,7,7.320598279876762,7.320598279876762,01,01,1,0,True,completed
7,known_visit,HIPC,ideal,1.0,19,361,4,20,targets_20_hipc_h5_ideal,C:\Users\lottj\Desktop\research\decentralized benchmark\commitment-horizon-study\scenarios\known_visit_g19_t20_n25.csv,2,11,12,68.97729311009012,68.97729311009012,00,00,1,0,True,completed
7,known_visit,HIPC,ideal,1.0,19,361,4,20,targets_20_hipc_h5_ideal,C:\Users\lottj\Desktop\research\decentralized benchmark\commitment-horizon-study\scenarios\known_visit_g19_t20_n25.csv,3,14,18,41.99534130427747,41.99534130427747,02,02,1,0,True,completed
7,known_visit,HIPC,ideal,1.0,19,361,4,20,targets_20_hipc_h5_ideal,C:\Users\lottj\Desktop\research\decentralized benchmark\commitment-horizon-study\scenarios\known_visit_g19_t20_n25.csv,4,4,5,15.26883760428855,15.26883760428855,01,01,1,0,True,completed
7,known_visit,HIPC,ideal,1.0,19,361,4,20,targets_20_hipc_h5_ideal,C:\Users\lottj\Desktop\research\decentralized benchmark\commitment-horizon-study\scenarios\known_visit_g19_t20_n25.csv,5,9,6,29.784107246008514,29.784107246008514,01,01,1,0,True,completed
7,known_visit,HIPC,ideal,1.0,19,361,4,20,targets_20_hipc_h5_ideal,C:\Users\lottj\Desktop\research\decentralized benchmark\commitment-horizon-study\scenarios\known_visit_g19_t20_n25.csv,6,16,18,45.295525210716924,45.295525210716924,02,02,1,0,True,completed
7,known_visit,HIPC,ideal,1.0,19,361,4,20,targets_20_hipc_h5_ideal,C:\Users\lottj\Desktop\research\decentralized benchmark\commitment-horizon-study\scenarios\known_visit_g19_t20_n25.csv,7,4,17,11.590145422905247,11.590145422905247,03,03,1,0,True,completed
7,known_visit,HIPC,ideal,1.0,19,361,4,20,targets_20_hipc_h5_ideal,C:\Users\lottj\Desktop\research\decentralized benchmark\commitment-horizon-study\scenarios\known_visit_g19_t20_n25.csv,8,5,1,9.018704823425825,9.018704823425825,00,00,1,0,True,completed
7,known_visit,HIPC,ideal,1.0,19,361,4,20,targets_20_hipc_h5_ideal,C:\Users\lottj\Desktop\research\decentralized benchmark\commitment-horizon-study\scenarios\known_visit_g19_t20_n25.csv,9,17,17,49.18303653380643,49.18303653380643,02,02,1,0,True,completed
7,known_visit,HIPC,ideal,1.0,19,361,4,20,targets_20_hipc_h5_ideal,C:\Users\lottj\Desktop\research\decentralized benchmark\commitment-horizon-study\scenarios\known_visit_g19_t20_n25.csv,10,17,3,49.34773342228073,49.34773342228073,01,01,1,0,True,completed
7,known_visit,HIPC,ideal,1.0,19,361,4,20,targets_20_hipc_h5_ideal,C:\Users\lottj\Desktop\research\decentralized benchmark\commitment-horizon-study\scenarios\known_visit_g19_t20_n25.csv,11,11,9,56.22318449563312,56.22318449563312,00,00,1,0,True,completed
7,known_visit,HIPC,ideal,1.0,19,361,4,20,targets_20_hipc_h5_ideal,C:\Users\lottj\Desktop\research\decentralized benchmark\commitment-horizon-study\scenarios\known_visit_g19_t20_n25.csv,12,6,2,12.873889502894496,12.873889502894496,00,00,1,0,True,completed
7,known_visit,HIPC,ideal,1.0,19,361,4,20,targets_20_hipc_h5_ideal,C:\Users\lottj\Desktop\research\decentralized benchmark\commitment-horizon-study\scenarios\known_visit_g19_t20_n25.csv,13,3,12,11.819096759603909,11.819096759603909,02,02,1,0,True,completed
7,known_visit,HIPC,ideal,1.0,19,361,4,20,targets_20_hipc_h5_ideal,C:\Users\lottj\Desktop\research\decentralized benchmark\commitment-horizon-study\scenarios\known_visit_g19_t20_n25.csv,14,13,18,40.086627080393384,40.086627080393384,02,02,1,0,True,completed
7,known_visit,HIPC,ideal,1.0,19,361,4,20,targets_20_hipc_h5_ideal,C:\Users\lottj\Desktop\research\decentralized benchmark\commitment-horizon-study\scenarios\known_visit_g19_t20_n25.csv,15,9,16,29.59530979653115,29.59530979653115,02,02,1,0,True,completed
7,known_visit,HIPC,ideal,1.0,19,361,4,20,targets_20_hipc_h5_ideal,C:\Users\lottj\Desktop\research\decentralized benchmark\commitment-horizon-study\scenarios\known_visit_g19_t20_n25.csv,16,14,3,44.02232979161054,44.02232979161054,01,01,1,0,True,completed
7,known_visit,HIPC,ideal,1.0,19,361,4,20,targets_20_hipc_h5_ideal,C:\Users\lottj\Desktop\research\decentralized benchmark\commitment-horizon-study\scenarios\known_visit_g19_t20_n25.csv,17,0,15,33.02946371848194,33.02946371848194,03,03,1,0,True,completed
7,known_visit,HIPC,ideal,1.0,19,361,4,20,targets_20_hipc_h5_ideal,C:\Users\lottj\Desktop\research\decentralized benchmark\commitment-horizon-study\scenarios\known_visit_g19_t20_n25.csv,18,8,14,24.17715707929102,24.17715707929102,02,02,1,0,True,completed
7,known_visit,HIPC,ideal,1.0,19,361,4,20,targets_20_hipc_h5_ideal,C:\Users\lottj\Desktop\research\decentralized benchmark\commitment-horizon-study\scenarios\known_visit_g19_t20_n25.csv,19,18,5,54.54854898731316,54.54854898731316,01,01,1,0,True,completed
7,known_visit,HIPC,ideal,1.0,19,361,4,20,targets_20_hipc_h5_ideal,C:\Users\lottj\Desktop\research\decentralized benchmark\commitment-horizon-study\scenarios\known_visit_g19_t20_n25.csv,20,13,11,63.394873523183826,63.394873523183826,00,00,1,0,True,completed
8,known_visit,HIPC,ideal,1.0,19,361,4,20,targets_20_hipc_h5_ideal,C:\Users\lottj\Desktop\research\decentralized benchmark\commitment-horizon-study\scenarios\known_visit_g19_t20_n25.csv,1,16,2,68.81968586302759,68.81968586302759,03,03,1,0,True,completed
8,known_visit,HIPC,ideal,1.0,19,361,4,20,targets_20_hipc_h5_ideal,C:\Users\lottj\Desktop\research\decentralized benchmark\commitment-horizon-study\scenarios\known_visit_g19_t20_n25.csv,2,8,3,18.184382812642532,18.184382812642532,00,00,1,0,True,completed
8,known_visit,HIPC,ideal,1.0,19,361,4,20,targets_20_hipc_h5_ideal,C:\Users\lottj\Desktop\research\decentralized benchmark\commitment-horizon-study\scenarios\known_visit_g19_t20_n25.csv,3,18,12,44.21793843784653,44.21793843784653,03,03,1,0,True,completed
8,known_visit,HIPC,ideal,1.0,19,361,4,20,targets_20_hipc_h5_ideal,C:\Users\lottj\Desktop\research\decentralized benchmark\commitment-horizon-study\scenarios\known_visit_g19_t20_n25.csv,4,6,1,11.165189893186184,11.165189893186184,00,00,1,0,True,completed
8,known_visit,HIPC,ideal,1.0,19,361,4,20,targets_20_hipc_h5_ideal,C:\Users\lottj\Desktop\research\decentralized benchmark\commitment-horizon-study\scenarios\known_visit_g19_t20_n25.csv,5,17,14,38.6482658954444,38.6482658954444,03,03,1,0,True,completed
8,known_visit,HIPC,ideal,1.0,19,361,4,20,targets_20_hipc_h5_ideal,C:\Users\lottj\Desktop\research\decentralized benchmark\commitment-horizon-study\scenarios\known_visit_g19_t20_n25.csv,6,4,18,5.299539158777195,5.299539158777195,03,03,1,0,True,completed
8,known_visit,HIPC,ideal,1.0,19,361,4,20,targets_20_hipc_h5_ideal,C:\Users\lottj\Desktop\research\decentralized benchmark\commitment-horizon-study\scenarios\known_visit_g19_t20_n25.csv,7,10,17,17.630213719579807,17.630213719579807,03,03,1,0,True,completed
8,known_visit,HIPC,ideal,1.0,19,361,4,20,targets_20_hipc_h5_ideal,C:\Users\lottj\Desktop\research\decentralized benchmark\commitment-horizon-study\scenarios\known_visit_g19_t20_n25.csv,8,4,6,34.50126291687324,34.50126291687324,00,00,1,0,True,completed
8,known_visit,HIPC,ideal,1.0,19,361,4,20,targets_20_hipc_h5_ideal,C:\Users\lottj\Desktop\research\decentralized benchmark\commitment-horizon-study\scenarios\known_visit_g19_t20_n25.csv,9,7,18,10.53854198406023,10.53854198406023,03,03,1,0,True,completed
8,known_visit,HIPC,ideal,1.0,19,361,4,20,targets_20_hipc_h5_ideal,C:\Users\lottj\Desktop\research\decentralized benchmark\commitment-horizon-study\scenarios\known_visit_g19_t20_n25.csv,10,15,9,54.685642621864424,54.685642621864424,03,03,1,0,True,completed
8,known_visit,HIPC,ideal,1.0,19,361,4,20,targets_20_hipc_h5_ideal,C:\Users\lottj\Desktop\research\decentralized benchmark\commitment-horizon-study\scenarios\known_visit_g19_t20_n25.csv,11,4,1,7.5288656784694785,7.5288656784694785,00,00,1,0,True,completed
8,known_visit,HIPC,ideal,1.0,19,361,4,20,targets_20_hipc_h5_ideal,C:\Users\lottj\Desktop\research\decentralized benchmark\commitment-horizon-study\scenarios\known_visit_g19_t20_n25.csv,12,5,18,7.056649411282034,7.056649411282034,03,03,1,0,True,completed
8,known_visit,HIPC,ideal,1.0,19,361,4,20,targets_20_hipc_h5_ideal,C:\Users\lottj\Desktop\research\decentralized benchmark\commitment-horizon-study\scenarios\known_visit_g19_t20_n25.csv,13,12,13,28.249349928114967,28.249349928114967,03,03,1,0,True,completed
8,known_visit,HIPC,ideal,1.0,19,361,4,20,targets_20_hipc_h5_ideal,C:\Users\lottj\Desktop\research\decentralized benchmark\commitment-horizon-study\scenarios\known_visit_g19_t20_n25.csv,14,0,9,3.920855823325158,3.920855823325158,02,02,1,0,True,completed
8,known_visit,HIPC,ideal,1.0,19,361,4,20,targets_20_hipc_h5_ideal,C:\Users\lottj\Desktop\research\decentralized benchmark\commitment-horizon-study\scenarios\known_visit_g19_t20_n25.csv,15,2,7,10.944520562949341,10.944520562949341,02,02,1,0,True,completed
8,known_visit,HIPC,ideal,1.0,19,361,4,20,targets_20_hipc_h5_ideal,C:\Users\lottj\Desktop\research\decentralized benchmark\commitment-horizon-study\scenarios\known_visit_g19_t20_n25.csv,16,0,4,2.250630874969253,2.250630874969253,01,01,1,0,True,completed
8,known_visit,HIPC,ideal,1.0,19,361,4,20,targets_20_hipc_h5_ideal,C:\Users\lottj\Desktop\research\decentralized benchmark\commitment-horizon-study\scenarios\known_visit_g19_t20_n25.csv,17,4,5,36.46227582348365,36.46227582348365,00,00,1,0,True,completed
8,known_visit,HIPC,ideal,1.0,19,361,4,20,targets_20_hipc_h5_ideal,C:\Users\lottj\Desktop\research\decentralized benchmark\commitment-horizon-study\scenarios\known_visit_g19_t20_n25.csv,18,15,3,65.19921714833035,65.19921714833035,03,03,1,0,True,completed
8,known_visit,HIPC,ideal,1.0,19,361,4,20,targets_20_hipc_h5_ideal,C:\Users\lottj\Desktop\research\decentralized benchmark\commitment-horizon-study\scenarios\known_visit_g19_t20_n25.csv,19,6,6,30.933626349267477,30.933626349267477,00,00,1,0,True,completed
8,known_visit,HIPC,ideal,1.0,19,361,4,20,targets_20_hipc_h5_ideal,C:\Users\lottj\Desktop\research\decentralized benchmark\commitment-horizon-study\scenarios\known_visit_g19_t20_n25.csv,20,9,5,23.55414044659017,23.55414044659017,00,00,1,0,True,completed
9,known_visit,HIPC,ideal,1.0,19,361,4,20,targets_20_hipc_h5_ideal,C:\Users\lottj\Desktop\research\decentralized benchmark\commitment-horizon-study\scenarios\known_visit_g19_t20_n25.csv,1,0,3,3.8967791511745777,3.8967791511745777,01,01,1,0,True,completed
9,known_visit,HIPC,ideal,1.0,19,361,4,20,targets_20_hipc_h5_ideal,C:\Users\lottj\Desktop\research\decentralized benchmark\commitment-horizon-study\scenarios\known_visit_g19_t20_n25.csv,2,12,1,20.928692483828492,20.928692483828492,00,00,1,0,True,completed
9,known_visit,HIPC,ideal,1.0,19,361,4,20,targets_20_hipc_h5_ideal,C:\Users\lottj\Desktop\research\decentralized benchmark\commitment-horizon-study\scenarios\known_visit_g19_t20_n25.csv,3,6,13,18.483979601442588,18.483979601442588,03,03,1,0,True,completed
9,known_visit,HIPC,ideal,1.0,19,361,4,20,targets_20_hipc_h5_ideal,C:\Users\lottj\Desktop\research\decentralized benchmark\commitment-horizon-study\scenarios\known_visit_g19_t20_n25.csv,4,4,16,9.603231902777521,9.603231902777521,03,03,1,0,True,completed
9,known_visit,HIPC,ideal,1.0,19,361,4,20,targets_20_hipc_h5_ideal,C:\Users\lottj\Desktop\research\decentralized benchmark\commitment-horizon-study\scenarios\known_visit_g19_t20_n25.csv,5,5,4,14.768731076136136,14.768731076136136,01,01,1,0,True,completed
9,known_visit,HIPC,ideal,1.0,19,361,4,20,targets_20_hipc_h5_ideal,C:\Users\lottj\Desktop\research\decentralized benchmark\commitment-horizon-study\scenarios\known_visit_g19_t20_n25.csv,6,10,1,17.36817440699196,17.36817440699196,00,00,1,0,True,completed
9,known_visit,HIPC,ideal,1.0,19,361,4,20,targets_20_hipc_h5_ideal,C:\Users\lottj\Desktop\research\decentralized benchmark\commitment-horizon-study\scenarios\known_visit_g19_t20_n25.csv,7,2,0,1.7876664882696232,1.7876664882696232,00,00,1,0,True,completed
9,known_visit,HIPC,ideal,1.0,19,361,4,20,targets_20_hipc_h5_ideal,C:\Users\lottj\Desktop\research\decentralized benchmark\commitment-horizon-study\scenarios\known_visit_g19_t20_n25.csv,8,14,17,45.507464625834025,45.507464625834025,03,03,1,0,True,completed
9,known_visit,HIPC,ideal,1.0,19,361,4,20,targets_20_hipc_h5_ideal,C:\Users\lottj\Desktop\research\decentralized benchmark\commitment-horizon-study\scenarios\known_visit_g19_t20_n25.csv,9,12,14,38.34916766359641,38.34916766359641,02,02,1,0,True,completed
9,known_visit,HIPC,ideal,1.0,19,361,4,20,targets_20_hipc_h5_ideal,C:\Users\lottj\Desktop\research\decentralized benchmark\commitment-horizon-study\scenarios\known_visit_g19_t20_n25.csv,10,17,2,31.756563748188498,31.756563748188498,00,00,1,0,True,completed
9,known_visit,HIPC,ideal,1.0,19,361,4,20,targets_20_hipc_h5_ideal,C:\Users\lottj\Desktop\research\decentralized benchmark\commitment-horizon-study\scenarios\known_visit_g19_t20_n25.csv,11,9,15,30.94183851206044,30.94183851206044,02,02,1,0,True,completed
9,known_visit,HIPC,ideal,1.0,19,361,4,20,targets_20_hipc_h5_ideal,C:\Users\lottj\Desktop\research\decentralized benchmark\commitment-horizon-study\scenarios\known_visit_g19_t20_n25.csv,12,8,10,20.200093110376926,20.200093110376926,02,02,1,0,True,completed
9,known_visit,HIPC,ideal,1.0,19,361,4,20,targets_20_hipc_h5_ideal,C:\Users\lottj\Desktop\research\decentralized benchmark\commitment-horizon-study\scenarios\known_visit_g19_t20_n25.csv,13,2,16,5.822210184508876,5.822210184508876,03,03,1,0,True,completed
9,known_visit,HIPC,ideal,1.0,19,361,4,20,targets_20_hipc_h5_ideal,C:\Users\lottj\Desktop\research\decentralized benchmark\commitment-horizon-study\scenarios\known_visit_g19_t20_n25.csv,14,12,12,41.755043502111675,41.755043502111675,02,02,1,0,True,completed
9,known_visit,HIPC,ideal,1.0,19,361,4,20,targets_20_hipc_h5_ideal,C:\Users\lottj\Desktop\research\decentralized benchmark\commitment-horizon-study\scenarios\known_visit_g19_t20_n25.csv,15,7,10,18.253221396152757,18.253221396152757,02,02,1,0,True,completed
9,known_visit,HIPC,ideal,1.0,19,361,4,20,targets_20_hipc_h5_ideal,C:\Users\lottj\Desktop\research\decentralized benchmark\commitment-horizon-study\scenarios\known_visit_g19_t20_n25.csv,16,16,12,48.70215455866066,48.70215455866066,02,02,1,0,True,completed
9,known_visit,HIPC,ideal,1.0,19,361,4,20,targets_20_hipc_h5_ideal,C:\Users\lottj\Desktop\research\decentralized benchmark\commitment-horizon-study\scenarios\known_visit_g19_t20_n25.csv,17,14,2,26.367185544916975,26.367185544916975,00,00,1,0,True,completed
9,known_visit,HIPC,ideal,1.0,19,361,4,20,targets_20_hipc_h5_ideal,C:\Users\lottj\Desktop\research\decentralized benchmark\commitment-horizon-study\scenarios\known_visit_g19_t20_n25.csv,18,4,9,10.843790028466453,10.843790028466453,02,02,1,0,True,completed
9,known_visit,HIPC,ideal,1.0,19,361,4,20,targets_20_hipc_h5_ideal,C:\Users\lottj\Desktop\research\decentralized benchmark\commitment-horizon-study\scenarios\known_visit_g19_t20_n25.csv,19,9,12,25.657578205710372,25.657578205710372,02,02,1,0,True,completed
9,known_visit,HIPC,ideal,1.0,19,361,4,20,targets_20_hipc_h5_ideal,C:\Users\lottj\Desktop\research\decentralized benchmark\commitment-horizon-study\scenarios\known_visit_g19_t20_n25.csv,20,14,7,61.28279071190965,61.28279071190965,02,02,1,0,True,completed
10,known_visit,HIPC,ideal,1.0,19,361,4,20,targets_20_hipc_h5_ideal,C:\Users\lottj\Desktop\research\decentralized benchmark\commitment-horizon-study\scenarios\known_visit_g19_t20_n25.csv,1,4,8,20.366525405025538,20.366525405025538,01,01,1,0,True,completed
10,known_visit,HIPC,ideal,1.0,19,361,4,20,targets_20_hipc_h5_ideal,C:\Users\lottj\Desktop\research\decentralized benchmark\commitment-horizon-study\scenarios\known_visit_g19_t20_n25.csv,2,2,6,1.9185656172249514,1.9185656172249514,01,01,1,0,True,completed
10,known_visit,HIPC,ideal,1.0,19,361,4,20,targets_20_hipc_h5_ideal,C:\Users\lottj\Desktop\research\decentralized benchmark\commitment-horizon-study\scenarios\known_visit_g19_t20_n25.csv,3,12,8,44.87853009499034,44.87853009499034,02,02,1,0,True,completed
10,known_visit,HIPC,ideal,1.0,19,361,4,20,targets_20_hipc_h5_ideal,C:\Users\lottj\Desktop\research\decentralized benchmark\commitment-horizon-study\scenarios\known_visit_g19_t20_n25.csv,4,14,13,28.37679307201881,28.37679307201881,02,02,1,0,True,completed
10,known_visit,HIPC,ideal,1.0,19,361,4,20,targets_20_hipc_h5_ideal,C:\Users\lottj\Desktop\research\decentralized benchmark\commitment-horizon-study\scenarios\known_visit_g19_t20_n25.csv,5,16,9,57.80011589555774,57.80011589555774,02,02,1,0,True,completed
10,known_visit,HIPC,ideal,1.0,19,361,4,20,targets_20_hipc_h5_ideal,C:\Users\lottj\Desktop\research\decentralized benchmark\commitment-horizon-study\scenarios\known_visit_g19_t20_n25.csv,6,18,9,61.41493251392907,61.41493251392907,02,02,1,0,True,completed
10,known_visit,HIPC,ideal,1.0,19,361,4,20,targets_20_hipc_h5_ideal,C:\Users\lottj\Desktop\research\decentralized benchmark\commitment-horizon-study\scenarios\known_visit_g19_t20_n25.csv,7,10,0,15.574789315475428,15.574789315475428,00,00,1,0,True,completed
10,known_visit,HIPC,ideal,1.0,19,361,4,20,targets_20_hipc_h5_ideal,C:\Users\lottj\Desktop\research\decentralized benchmark\commitment-horizon-study\scenarios\known_visit_g19_t20_n25.csv,8,8,13,21.208160141954426,21.208160141954426,03,03,1,0,True,completed
10,known_visit,HIPC,ideal,1.0,19,361,4,20,targets_20_hipc_h5_ideal,C:\Users\lottj\Desktop\research\decentralized benchmark\commitment-horizon-study\scenarios\known_visit_g19_t20_n25.csv,9,2,7,3.9329711992702996,3.9329711992702996,01,01,1,0,True,completed
10,known_visit,HIPC,ideal,1.0,19,361,4,20,targets_20_hipc_h5_ideal,C:\Users\lottj\Desktop\research\decentralized benchmark\commitment-horizon-study\scenarios\known_visit_g19_t20_n25.csv,10,18,4,70.09834842301247,70.09834842301247,02,02,1,0,True,completed
10,known_visit,HIPC,ideal,1.0,19,361,4,20,targets_20_hipc_h5_ideal,C:\Users\lottj\Desktop\research\decentralized benchmark\commitment-horizon-study\scenarios\known_visit_g19_t20_n25.csv,11,1,9,9.296042452607724,9.296042452607724,01,01,1,0,True,completed
10,known_visit,HIPC,ideal,1.0,19,361,4,20,targets_20_hipc_h5_ideal,C:\Users\lottj\Desktop\research\decentralized benchmark\commitment-horizon-study\scenarios\known_visit_g19_t20_n25.csv,12,10,13,24.571950937355,24.571950937355,03,03,1,0,True,completed
10,known_visit,HIPC,ideal,1.0,19,361,4,20,targets_20_hipc_h5_ideal,C:\Users\lottj\Desktop\research\decentralized benchmark\commitment-horizon-study\scenarios\known_visit_g19_t20_n25.csv,13,1,6,0.15208792751119068,0.15208792751119068,01,01,1,0,True,completed
10,known_visit,HIPC,ideal,1.0,19,361,4,20,targets_20_hipc_h5_ideal,C:\Users\lottj\Desktop\research\decentralized benchmark\commitment-horizon-study\scenarios\known_visit_g19_t20_n25.csv,14,12,12,18.840866008409975,18.840866008409975,02,02,1,0,True,completed
10,known_visit,HIPC,ideal,1.0,19,361,4,20,targets_20_hipc_h5_ideal,C:\Users\lottj\Desktop\research\decentralized benchmark\commitment-horizon-study\scenarios\known_visit_g19_t20_n25.csv,15,6,17,10.863313466869633,10.863313466869633,03,03,1,0,True,completed
10,known_visit,HIPC,ideal,1.0,19,361,4,20,targets_20_hipc_h5_ideal,C:\Users\lottj\Desktop\research\decentralized benchmark\commitment-horizon-study\scenarios\known_visit_g19_t20_n25.csv,16,5,6,25.749102010794722,25.749102010794722,01,01,1,0,True,completed
10,known_visit,HIPC,ideal,1.0,19,361,4,20,targets_20_hipc_h5_ideal,C:\Users\lottj\Desktop\research\decentralized benchmark\commitment-horizon-study\scenarios\known_visit_g19_t20_n25.csv,17,13,11,22.602490519901615,22.602490519901615,02,02,1,0,True,completed
10,known_visit,HIPC,ideal,1.0,19,361,4,20,targets_20_hipc_h5_ideal,C:\Users\lottj\Desktop\research\decentralized benchmark\commitment-horizon-study\scenarios\known_visit_g19_t20_n25.csv,18,18,5,68.47300389288547,68.47300389288547,02,02,1,0,True,completed
10,known_visit,HIPC,ideal,1.0,19,361,4,20,targets_20_hipc_h5_ideal,C:\Users\lottj\Desktop\research\decentralized benchmark\commitment-horizon-study\scenarios\known_visit_g19_t20_n25.csv,19,5,0,7.16434533113361,7.16434533113361,00,00,1,0,True,completed
10,known_visit,HIPC,ideal,1.0,19,361,4,20,targets_20_hipc_h5_ideal,C:\Users\lottj\Desktop\research\decentralized benchmark\commitment-horizon-study\scenarios\known_visit_g19_t20_n25.csv,20,10,14,26.479188181401003,26.479188181401003,03,03,1,0,True,completed
11,known_visit,HIPC,ideal,1.0,19,361,4,20,targets_20_hipc_h5_ideal,C:\Users\lottj\Desktop\research\decentralized benchmark\commitment-horizon-study\scenarios\known_visit_g19_t20_n25.csv,1,16,16,57.29875885697167,57.29875885697167,01,01,1,0,True,completed
11,known_visit,HIPC,ideal,1.0,19,361,4,20,targets_20_hipc_h5_ideal,C:\Users\lottj\Desktop\research\decentralized benchmark\commitment-horizon-study\scenarios\known_visit_g19_t20_n25.csv,2,4,17,7.153443497181167,7.153443497181167,03,03,1,0,True,completed
11,known_visit,HIPC,ideal,1.0,19,361,4,20,targets_20_hipc_h5_ideal,C:\Users\lottj\Desktop\research\decentralized benchmark\commitment-horizon-study\scenarios\known_visit_g19_t20_n25.csv,3,8,8,22.86936400619747,22.86936400619747,02,02,1,0,True,completed
11,known_visit,HIPC,ideal,1.0,19,361,4,20,targets_20_hipc_h5_ideal,C:\Users\lottj\Desktop\research\decentralized benchmark\commitment-horizon-study\scenarios\known_visit_g19_t20_n25.csv,4,13,1,25.08239673815332,25.08239673815332,00,00,1,0,True,completed
11,known_visit,HIPC,ideal,1.0,19,361,4,20,targets_20_hipc_h5_ideal,C:\Users\lottj\Desktop\research\decentralized benchmark\commitment-horizon-study\scenarios\known_visit_g19_t20_n25.csv,5,7,6,10.42515261834336,10.42515261834336,01,01,1,0,True,completed
11,known_visit,HIPC,ideal,1.0,19,361,4,20,targets_20_hipc_h5_ideal,C:\Users\lottj\Desktop\research\decentralized benchmark\commitment-horizon-study\scenarios\known_visit_g19_t20_n25.csv,6,13,5,31.902942800226608,31.902942800226608,00,00,1,0,True,completed
11,known_visit,HIPC,ideal,1.0,19,361,4,20,targets_20_hipc_h5_ideal,C:\Users\lottj\Desktop\research\decentralized benchmark\commitment-horizon-study\scenarios\known_visit_g19_t20_n25.csv,7,12,18,39.91671905594537,39.91671905594537,01,01,1,0,True,completed
11,known_visit,HIPC,ideal,1.0,19,361,4,20,targets_20_hipc_h5_ideal,C:\Users\lottj\Desktop\research\decentralized benchmark\commitment-horizon-study\scenarios\known_visit_g19_t20_n25.csv,8,10,6,15.600830406140481,15.600830406140481,01,01,1,0,True,completed
11,known_visit,HIPC,ideal,1.0,19,361,4,20,targets_20_hipc_h5_ideal,C:\Users\lottj\Desktop\research\decentralized benchmark\commitment-horizon-study\scenarios\known_visit_g19_t20_n25.csv,9,15,7,38.85787439656365,38.85787439656365,00,00,1,0,True,completed
11,known_visit,HIPC,ideal,1.0,19,361,4,20,targets_20_hipc_h5_ideal,C:\Users\lottj\Desktop\research\decentralized benchmark\commitment-horizon-study\scenarios\known_visit_g19_t20_n25.csv,10,11,12,27.72792689371761,27.72792689371761,01,01,1,0,True,completed
11,known_visit,HIPC,ideal,1.0,19,361,4,20,targets_20_hipc_h5_ideal,C:\Users\lottj\Desktop\research\decentralized benchmark\commitment-horizon-study\scenarios\known_visit_g19_t20_n25.csv,11,6,7,17.59365890674958,17.59365890674958,02,02,1,0,True,completed
11,known_visit,HIPC,ideal,1.0,19,361,4,20,targets_20_hipc_h5_ideal,C:\Users\lottj\Desktop\research\decentralized benchmark\commitment-horizon-study\scenarios\known_visit_g19_t20_n25.csv,12,18,18,50.12991376593865,50.12991376593865,01,01,1,0,True,completed
11,known_visit,HIPC,ideal,1.0,19,361,4,20,targets_20_hipc_h5_ideal,C:\Users\lottj\Desktop\research\decentralized benchmark\commitment-horizon-study\scenarios\known_visit_g19_t20_n25.csv,13,6,11,31.54135630994201,31.54135630994201,02,02,1,0,True,completed
11,known_visit,HIPC,ideal,1.0,19,361,4,20,targets_20_hipc_h5_ideal,C:\Users\lottj\Desktop\research\decentralized benchmark\commitment-horizon-study\scenarios\known_visit_g19_t20_n25.csv,14,15,8,40.95540425864539,40.95540425864539,00,00,1,0,True,completed
11,known_visit,HIPC,ideal,1.0,19,361,4,20,targets_20_hipc_h5_ideal,C:\Users\lottj\Desktop\research\decentralized benchmark\commitment-horizon-study\scenarios\known_visit_g19_t20_n25.csv,15,15,14,62.67382720415249,62.67382720415249,01,01,1,0,True,completed
11,known_visit,HIPC,ideal,1.0,19,361,4,20,targets_20_hipc_h5_ideal,C:\Users\lottj\Desktop\research\decentralized benchmark\commitment-horizon-study\scenarios\known_visit_g19_t20_n25.csv,16,3,10,7.18146845743015,7.18146845743015,02,02,1,0,True,completed
11,known_visit,HIPC,ideal,1.0,19,361,4,20,targets_20_hipc_h5_ideal,C:\Users\lottj\Desktop\research\decentralized benchmark\commitment-horizon-study\scenarios\known_visit_g19_t20_n25.csv,17,1,12,0.12289163533072878,0.12289163533072878,02,02,1,0,True,completed
11,known_visit,HIPC,ideal,1.0,19,361,4,20,targets_20_hipc_h5_ideal,C:\Users\lottj\Desktop\research\decentralized benchmark\commitment-horizon-study\scenarios\known_visit_g19_t20_n25.csv,18,3,12,3.600868810473868,3.600868810473868,02,02,1,0,True,completed
11,known_visit,HIPC,ideal,1.0,19,361,4,20,targets_20_hipc_h5_ideal,C:\Users\lottj\Desktop\research\decentralized benchmark\commitment-horizon-study\scenarios\known_visit_g19_t20_n25.csv,19,3,8,10.63422738996014,10.63422738996014,02,02,1,0,True,completed
11,known_visit,HIPC,ideal,1.0,19,361,4,20,targets_20_hipc_h5_ideal,C:\Users\lottj\Desktop\research\decentralized benchmark\commitment-horizon-study\scenarios\known_visit_g19_t20_n25.csv,20,7,16,14.354851949199368,14.354851949199368,03,03,1,0,True,completed
12,known_visit,HIPC,ideal,1.0,19,361,4,20,targets_20_hipc_h5_ideal,C:\Users\lottj\Desktop\research\decentralized benchmark\commitment-horizon-study\scenarios\known_visit_g19_t20_n25.csv,1,16,8,33.45160073580422,33.45160073580422,02,02,1,0,True,completed
12,known_visit,HIPC,ideal,1.0,19,361,4,20,targets_20_hipc_h5_ideal,C:\Users\lottj\Desktop\research\decentralized benchmark\commitment-horizon-study\scenarios\known_visit_g19_t20_n25.csv,2,15,17,58.391409786641425,58.391409786641425,02,02,1,0,True,completed
12,known_visit,HIPC,ideal,1.0,19,361,4,20,targets_20_hipc_h5_ideal,C:\Users\lottj\Desktop\research\decentralized benchmark\commitment-horizon-study\scenarios\known_visit_g19_t20_n25.csv,3,10,10,19.49804076469746,19.49804076469746,02,02,1,0,True,completed
12,known_visit,HIPC,ideal,1.0,19,361,4,20,targets_20_hipc_h5_ideal,C:\Users\lottj\Desktop\research\decentralized benchmark\commitment-horizon-study\scenarios\known_visit_g19_t20_n25.csv,4,18,13,45.81557077920268,45.81557077920268,02,02,1,0,True,completed
12,known_visit,HIPC,ideal,1.0,19,361,4,20,targets_20_hipc_h5_ideal,C:\Users\lottj\Desktop\research\decentralized benchmark\commitment-horizon-study\scenarios\known_visit_g19_t20_n25.csv,5,4,16,12.805734656948031,12.805734656948031,03,03,1,0,True,completed
12,known_visit,HIPC,ideal,1.0,19,361,4,20,targets_20_hipc_h5_ideal,C:\Users\lottj\Desktop\research\decentralized benchmark\commitment-horizon-study\scenarios\known_visit_g19_t20_n25.csv,6,5,7,16.823691119641516,16.823691119641516,01,01,1,0,True,completed
12,known_visit,HIPC,ideal,1.0,19,361,4,20,targets_20_hipc_h5_ideal,C:\Users\lottj\Desktop\research\decentralized benchmark\commitment-horizon-study\scenarios\known_visit_g19_t20_n25.csv,7,13,3,26.43048040503787,26.43048040503787,00,00,1,0,True,completed
12,known_visit,HIPC,ideal,1.0,19,361,4,20,targets_20_hipc_h5_ideal,C:\Users\lottj\Desktop\research\decentralized benchmark\commitment-horizon-study\scenarios\known_visit_g19_t20_n25.csv,8,9,3,19.653167693944102,19.653167693944102,00,00,1,0,True,completed
12,known_visit,HIPC,ideal,1.0,19,361,4,20,targets_20_hipc_h5_ideal,C:\Users\lottj\Desktop\research\decentralized benchmark\commitment-horizon-study\scenarios\known_visit_g19_t20_n25.csv,9,3,6,11.103210331433711,11.103210331433711,01,01,1,0,True,completed
12,known_visit,HIPC,ideal,1.0,19,361,4,20,targets_20_hipc_h5_ideal,C:\Users\lottj\Desktop\research\decentralized benchmark\commitment-horizon-study\scenarios\known_visit_g19_t20_n25.csv,10,4,9,22.170962840177918,22.170962840177918,01,01,1,0,True,completed
12,known_visit,HIPC,ideal,1.0,19,361,4,20,targets_20_hipc_h5_ideal,C:\Users\lottj\Desktop\research\decentralized benchmark\commitment-horizon-study\scenarios\known_visit_g19_t20_n25.csv,11,16,15,52.96045981702842,52.96045981702842,02,02,1,0,True,completed
12,known_visit,HIPC,ideal,1.0,19,361,4,20,targets_20_hipc_h5_ideal,C:\Users\lottj\Desktop\research\decentralized benchmark\commitment-horizon-study\scenarios\known_visit_g19_t20_n25.csv,12,1,8,3.855256370638847,3.855256370638847,01,01,1,0,True,completed
12,known_visit,HIPC,ideal,1.0,19,361,4,20,targets_20_hipc_h5_ideal,C:\Users\lottj\Desktop\research\decentralized benchmark\commitment-horizon-study\scenarios\known_visit_g19_t20_n25.csv,13,9,13,38.66703064837545,38.66703064837545,01,01,1,0,True,completed
12,known_visit,HIPC,ideal,1.0,19,361,4,20,targets_20_hipc_h5_ideal,C:\Users\lottj\Desktop\research\decentralized benchmark\commitment-horizon-study\scenarios\known_visit_g19_t20_n25.csv,14,11,3,22.99941827347681,22.99941827347681,00,00,1,0,True,completed
12,known_visit,HIPC,ideal,1.0,19,361,4,20,targets_20_hipc_h5_ideal,C:\Users\lottj\Desktop\research\decentralized benchmark\commitment-horizon-study\scenarios\known_visit_g19_t20_n25.csv,15,1,12,0.2412559939154062,0.2412559939154062,02,02,1,0,True,completed
12,known_visit,HIPC,ideal,1.0,19,361,4,20,targets_20_hipc_h5_ideal,C:\Users\lottj\Desktop\research\decentralized benchmark\commitment-horizon-study\scenarios\known_visit_g19_t20_n25.csv,16,5,18,6.899566276785602,6.899566276785602,03,03,1,0,True,completed
12,known_visit,HIPC,ideal,1.0,19,361,4,20,targets_20_hipc_h5_ideal,C:\Users\lottj\Desktop\research\decentralized benchmark\commitment-horizon-study\scenarios\known_visit_g19_t20_n25.csv,17,15,2,31.87722164019691,31.87722164019691,00,00,1,0,True,completed
12,known_visit,HIPC,ideal,1.0,19,361,4,20,targets_20_hipc_h5_ideal,C:\Users\lottj\Desktop\research\decentralized benchmark\commitment-horizon-study\scenarios\known_visit_g19_t20_n25.csv,18,17,4,39.39523384898925,39.39523384898925,00,00,1,0,True,completed
12,known_visit,HIPC,ideal,1.0,19,361,4,20,targets_20_hipc_h5_ideal,C:\Users\lottj\Desktop\research\decentralized benchmark\commitment-horizon-study\scenarios\known_visit_g19_t20_n25.csv,19,14,18,62.07093547683447,62.07093547683447,02,02,1,0,True,completed
12,known_visit,HIPC,ideal,1.0,19,361,4,20,targets_20_hipc_h5_ideal,C:\Users\lottj\Desktop\research\decentralized benchmark\commitment-horizon-study\scenarios\known_visit_g19_t20_n25.csv,20,8,1,14.19964047609853,14.19964047609853,00,00,1,0,True,completed
13,known_visit,HIPC,ideal,1.0,19,361,4,20,targets_20_hipc_h5_ideal,C:\Users\lottj\Desktop\research\decentralized benchmark\commitment-horizon-study\scenarios\known_visit_g19_t20_n25.csv,1,3,18,3.5908484125659013,3.5908484125659013,03,03,1,0,True,completed
13,known_visit,HIPC,ideal,1.0,19,361,4,20,targets_20_hipc_h5_ideal,C:\Users\lottj\Desktop\research\decentralized benchmark\commitment-horizon-study\scenarios\known_visit_g19_t20_n25.csv,2,3,5,5.544971579846606,5.544971579846606,01,01,1,0,True,completed
13,known_visit,HIPC,ideal,1.0,19,361,4,20,targets_20_hipc_h5_ideal,C:\Users\lottj\Desktop\research\decentralized benchmark\commitment-horizon-study\scenarios\known_visit_g19_t20_n25.csv,3,9,11,23.912923140700233,23.912923140700233,02,02,1,0,True,completed
13,known_visit,HIPC,ideal,1.0,19,361,4,20,targets_20_hipc_h5_ideal,C:\Users\lottj\Desktop\research\decentralized benchmark\commitment-horizon-study\scenarios\known_visit_g19_t20_n25.csv,4,1,0,0.17931396386578716,0.17931396386578716,00,00,1,0,True,completed
13,known_visit,HIPC,ideal,1.0,19,361,4,20,targets_20_hipc_h5_ideal,C:\Users\lottj\Desktop\research\decentralized benchmark\commitment-horizon-study\scenarios\known_visit_g19_t20_n25.csv,5,12,14,26.20308641286344,26.20308641286344,03,03,1,0,True,completed
13,known_visit,HIPC,ideal,1.0,19,361,4,20,targets_20_hipc_h5_ideal,C:\Users\lottj\Desktop\research\decentralized benchmark\commitment-horizon-study\scenarios\known_visit_g19_t20_n25.csv,6,9,18,13.904420740653551,13.904420740653551,03,03,1,0,True,completed
13,known_visit,HIPC,ideal,1.0,19,361,4,20,targets_20_hipc_h5_ideal,C:\Users\lottj\Desktop\research\decentralized benchmark\commitment-horizon-study\scenarios\known_visit_g19_t20_n25.csv,7,16,9,38.89036249796916,38.89036249796916,01,01,1,0,True,completed
13,known_visit,HIPC,ideal,1.0,19,361,4,20,targets_20_hipc_h5_ideal,C:\Users\lottj\Desktop\research\decentralized benchmark\commitment-horizon-study\scenarios\known_visit_g19_t20_n25.csv,8,0,13,0.5342048234851909,0.5342048234851909,02,02,1,0,True,completed
13,known_visit,HIPC,ideal,1.0,19,361,4,20,targets_20_hipc_h5_ideal,C:\Users\lottj\Desktop\research\decentralized benchmark\commitment-horizon-study\scenarios\known_visit_g19_t20_n25.csv,9,11,14,24.278534396374923,24.278534396374923,03,03,1,0,True,completed
13,known_visit,HIPC,ideal,1.0,19,361,4,20,targets_20_hipc_h5_ideal,C:\Users\lottj\Desktop\research\decentralized benchmark\commitment-horizon-study\scenarios\known_visit_g19_t20_n25.csv,10,13,0,28.65776475031919,28.65776475031919,00,00,1,0,True,completed
13,known_visit,HIPC,ideal,1.0,19,361,4,20,targets_20_hipc_h5_ideal,C:\Users\lottj\Desktop\research\decentralized benchmark\commitment-horizon-study\scenarios\known_visit_g19_t20_n25.csv,11,15,0,31.977722565354835,31.977722565354835,00,00,1,0,True,completed
13,known_visit,HIPC,ideal,1.0,19,361,4,20,targets_20_hipc_h5_ideal,C:\Users\lottj\Desktop\research\decentralized benchmark\commitment-horizon-study\scenarios\known_visit_g19_t20_n25.csv,12,12,6,26.683163843999,26.683163843999,01,01,1,0,True,completed
13,known_visit,HIPC,ideal,1.0,19,361,4,20,targets_20_hipc_h5_ideal,C:\Users\lottj\Desktop\research\decentralized benchmark\commitment-horizon-study\scenarios\known_visit_g19_t20_n25.csv,13,10,1,21.66238064572786,21.66238064572786,00,00,1,0,True,completed
13,known_visit,HIPC,ideal,1.0,19,361,4,20,targets_20_hipc_h5_ideal,C:\Users\lottj\Desktop\research\decentralized benchmark\commitment-horizon-study\scenarios\known_visit_g19_t20_n25.csv,14,17,1,37.46251054118408,37.46251054118408,00,00,1,0,True,completed
13,known_visit,HIPC,ideal,1.0,19,361,4,20,targets_20_hipc_h5_ideal,C:\Users\lottj\Desktop\research\decentralized benchmark\commitment-horizon-study\scenarios\known_visit_g19_t20_n25.csv,15,14,17,35.13227324716891,35.13227324716891,03,03,1,0,True,completed
13,known_visit,HIPC,ideal,1.0,19,361,4,20,targets_20_hipc_h5_ideal,C:\Users\lottj\Desktop\research\decentralized benchmark\commitment-horizon-study\scenarios\known_visit_g19_t20_n25.csv,16,11,16,20.970323957032612,20.970323957032612,03,03,1,0,True,completed
13,known_visit,HIPC,ideal,1.0,19,361,4,20,targets_20_hipc_h5_ideal,C:\Users\lottj\Desktop\research\decentralized benchmark\commitment-horizon-study\scenarios\known_visit_g19_t20_n25.csv,17,18,14,51.22826103449827,51.22826103449827,01,01,1,0,True,completed
13,known_visit,HIPC,ideal,1.0,19,361,4,20,targets_20_hipc_h5_ideal,C:\Users\lottj\Desktop\research\decentralized benchmark\commitment-horizon-study\scenarios\known_visit_g19_t20_n25.csv,18,10,11,25.97794612729746,25.97794612729746,02,02,1,0,True,completed
13,known_visit,HIPC,ideal,1.0,19,361,4,20,targets_20_hipc_h5_ideal,C:\Users\lottj\Desktop\research\decentralized benchmark\commitment-horizon-study\scenarios\known_visit_g19_t20_n25.csv,19,6,2,12.50710053584265,12.50710053584265,00,00,1,0,True,completed
13,known_visit,HIPC,ideal,1.0,19,361,4,20,targets_20_hipc_h5_ideal,C:\Users\lottj\Desktop\research\decentralized benchmark\commitment-horizon-study\scenarios\known_visit_g19_t20_n25.csv,20,7,10,18.222663859537843,18.222663859537843,02,02,1,0,True,completed
14,known_visit,HIPC,ideal,1.0,19,361,4,20,targets_20_hipc_h5_ideal,C:\Users\lottj\Desktop\research\decentralized benchmark\commitment-horizon-study\scenarios\known_visit_g19_t20_n25.csv,1,11,12,21.483180710767364,21.483180710767364,02,02,1,0,True,completed
14,known_visit,HIPC,ideal,1.0,19,361,4,20,targets_20_hipc_h5_ideal,C:\Users\lottj\Desktop\research\decentralized benchmark\commitment-horizon-study\scenarios\known_visit_g19_t20_n25.csv,2,18,14,40.93920031392062,40.93920031392062,03,03,1,0,True,completed
14,known_visit,HIPC,ideal,1.0,19,361,4,20,targets_20_hipc_h5_ideal,C:\Users\lottj\Desktop\research\decentralized benchmark\commitment-horizon-study\scenarios\known_visit_g19_t20_n25.csv,3,14,10,34.3433857968916,34.3433857968916,01,01,1,0,True,completed
14,known_visit,HIPC,ideal,1.0,19,361,4,20,targets_20_hipc_h5_ideal,C:\Users\lottj\Desktop\research\decentralized benchmark\commitment-horizon-study\scenarios\known_visit_g19_t20_n25.csv,4,11,4,28.81965749888175,28.81965749888175,00,00,1,0,True,completed
14,known_visit,HIPC,ideal,1.0,19,361,4,20,targets_20_hipc_h5_ideal,C:\Users\lottj\Desktop\research\decentralized benchmark\commitment-horizon-study\scenarios\known_visit_g19_t20_n25.csv,5,5,3,16.144687152342964,16.144687152342964,00,00,1,0,True,completed
14,known_visit,HIPC,ideal,1.0,19,361,4,20,targets_20_hipc_h5_ideal,C:\Users\lottj\Desktop\research\decentralized benchmark\commitment-horizon-study\scenarios\known_visit_g19_t20_n25.csv,6,11,5,30.584576299895073,30.584576299895073,00,00,1,0,True,completed
14,known_visit,HIPC,ideal,1.0,19,361,4,20,targets_20_hipc_h5_ideal,C:\Users\lottj\Desktop\research\decentralized benchmark\commitment-horizon-study\scenarios\known_visit_g19_t20_n25.csv,7,5,9,12.657633981286867,12.657633981286867,01,01,1,0,True,completed
14,known_visit,HIPC,ideal,1.0,19,361,4,20,targets_20_hipc_h5_ideal,C:\Users\lottj\Desktop\research\decentralized benchmark\commitment-horizon-study\scenarios\known_visit_g19_t20_n25.csv,8,11,18,21.23664789247931,21.23664789247931,03,03,1,0,True,completed
14,known_visit,HIPC,ideal,1.0,19,361,4,20,targets_20_hipc_h5_ideal,C:\Users\lottj\Desktop\research\decentralized benchmark\commitment-horizon-study\scenarios\known_visit_g19_t20_n25.csv,9,12,10,31.011077467499145,31.011077467499145,01,01,1,0,True,completed
14,known_visit,HIPC,ideal,1.0,19,361,4,20,targets_20_hipc_h5_ideal,C:\Users\lottj\Desktop\research\decentralized benchmark\commitment-horizon-study\scenarios\known_visit_g19_t20_n25.csv,10,2,9,7.348140915068132,7.348140915068132,01,01,1,0,True,completed
14,known_visit,HIPC,ideal,1.0,19,361,4,20,targets_20_hipc_h5_ideal,C:\Users\lottj\Desktop\research\decentralized benchmark\commitment-horizon-study\scenarios\known_visit_g19_t20_n25.csv,11,18,6,44.79796102782883,44.79796102782883,00,00,1,0,True,completed
14,known_visit,HIPC,ideal,1.0,19,361,4,20,targets_20_hipc_h5_ideal,C:\Users\lottj\Desktop\research\decentralized benchmark\commitment-horizon-study\scenarios\known_visit_g19_t20_n25.csv,12,18,0,55.39570030462262,55.39570030462262,00,00,1,0,True,completed
14,known_visit,HIPC,ideal,1.0,19,361,4,20,targets_20_hipc_h5_ideal,C:\Users\lottj\Desktop\research\decentralized benchmark\commitment-horizon-study\scenarios\known_visit_g19_t20_n25.csv,13,13,6,36.216356817194885,36.216356817194885,00,00,1,0,True,completed
14,known_visit,HIPC,ideal,1.0,19,361,4,20,targets_20_hipc_h5_ideal,C:\Users\lottj\Desktop\research\decentralized benchmark\commitment-horizon-study\scenarios\known_visit_g19_t20_n25.csv,14,7,8,18.284425704856137,18.284425704856137,01,01,1,0,True,completed
14,known_visit,HIPC,ideal,1.0,19,361,4,20,targets_20_hipc_h5_ideal,C:\Users\lottj\Desktop\research\decentralized benchmark\commitment-horizon-study\scenarios\known_visit_g19_t20_n25.csv,15,12,6,34.56752270827236,34.56752270827236,00,00,1,0,True,completed
14,known_visit,HIPC,ideal,1.0,19,361,4,20,targets_20_hipc_h5_ideal,C:\Users\lottj\Desktop\research\decentralized benchmark\commitment-horizon-study\scenarios\known_visit_g19_t20_n25.csv,16,0,13,0.49397453276721903,0.49397453276721903,02,02,1,0,True,completed
14,known_visit,HIPC,ideal,1.0,19,361,4,20,targets_20_hipc_h5_ideal,C:\Users\lottj\Desktop\research\decentralized benchmark\commitment-horizon-study\scenarios\known_visit_g19_t20_n25.csv,17,10,9,25.570152455262445,25.570152455262445,01,01,1,0,True,completed
14,known_visit,HIPC,ideal,1.0,19,361,4,20,targets_20_hipc_h5_ideal,C:\Users\lottj\Desktop\research\decentralized benchmark\commitment-horizon-study\scenarios\known_visit_g19_t20_n25.csv,18,14,17,28.46101287028983,28.46101287028983,03,03,1,0,True,completed
14,known_visit,HIPC,ideal,1.0,19,361,4,20,targets_20_hipc_h5_ideal,C:\Users\lottj\Desktop\research\decentralized benchmark\commitment-horizon-study\scenarios\known_visit_g19_t20_n25.csv,19,16,15,35.479940792092954,35.479940792092954,03,03,1,0,True,completed
14,known_visit,HIPC,ideal,1.0,19,361,4,20,targets_20_hipc_h5_ideal,C:\Users\lottj\Desktop\research\decentralized benchmark\commitment-horizon-study\scenarios\known_visit_g19_t20_n25.csv,20,3,4,10.569777870794274,10.569777870794274,00,00,1,0,True,completed
15,known_visit,HIPC,ideal,1.0,19,361,4,20,targets_20_hipc_h5_ideal,C:\Users\lottj\Desktop\research\decentralized benchmark\commitment-horizon-study\scenarios\known_visit_g19_t20_n25.csv,1,16,11,49.275066552432754,49.275066552432754,00,00,1,0,True,completed
15,known_visit,HIPC,ideal,1.0,19,361,4,20,targets_20_hipc_h5_ideal,C:\Users\lottj\Desktop\research\decentralized benchmark\commitment-horizon-study\scenarios\known_visit_g19_t20_n25.csv,2,7,16,17.575246133337252,17.575246133337252,03,03,1,0,True,completed
15,known_visit,HIPC,ideal,1.0,19,361,4,20,targets_20_hipc_h5_ideal,C:\Users\lottj\Desktop\research\decentralized benchmark\commitment-horizon-study\scenarios\known_visit_g19_t20_n25.csv,3,7,0,10.440084896703997,10.440084896703997,00,00,1,0,True,completed
15,known_visit,HIPC,ideal,1.0,19,361,4,20,targets_20_hipc_h5_ideal,C:\Users\lottj\Desktop\research\decentralized benchmark\commitment-horizon-study\scenarios\known_visit_g19_t20_n25.csv,4,17,18,54.29764489586417,54.29764489586417,02,02,1,0,True,completed
15,known_visit,HIPC,ideal,1.0,19,361,4,20,targets_20_hipc_h5_ideal,C:\Users\lottj\Desktop\research\decentralized benchmark\commitment-horizon-study\scenarios\known_visit_g19_t20_n25.csv,5,14,14,41.34718302228418,41.34718302228418,02,02,1,0,True,completed
15,known_visit,HIPC,ideal,1.0,19,361,4,20,targets_20_hipc_h5_ideal,C:\Users\lottj\Desktop\research\decentralized benchmark\commitment-horizon-study\scenarios\known_visit_g19_t20_n25.csv,6,16,15,47.01485108507654,47.01485108507654,02,02,1,0,True,completed
15,known_visit,HIPC,ideal,1.0,19,361,4,20,targets_20_hipc_h5_ideal,C:\Users\lottj\Desktop\research\decentralized benchmark\commitment-horizon-study\scenarios\known_visit_g19_t20_n25.csv,7,6,7,10.705943029544864,10.705943029544864,01,01,2,1,True,completed
15,known_visit,HIPC,ideal,1.0,19,361,4,20,targets_20_hipc_h5_ideal,C:\Users\lottj\Desktop\research\decentralized benchmark\commitment-horizon-study\scenarios\known_visit_g19_t20_n25.csv,8,10,3,28.45394590647719,28.45394590647719,01,01,1,0,True,completed
15,known_visit,HIPC,ideal,1.0,19,361,4,20,targets_20_hipc_h5_ideal,C:\Users\lottj\Desktop\research\decentralized benchmark\commitment-horizon-study\scenarios\known_visit_g19_t20_n25.csv,9,6,3,17.982270394807728,17.982270394807728,00,00,1,0,True,completed
15,known_visit,HIPC,ideal,1.0,19,361,4,20,targets_20_hipc_h5_ideal,C:\Users\lottj\Desktop\research\decentralized benchmark\commitment-horizon-study\scenarios\known_visit_g19_t20_n25.csv,10,6,11,31.98111054035466,31.98111054035466,00,00,1,0,True,completed
15,known_visit,HIPC,ideal,1.0,19,361,4,20,targets_20_hipc_h5_ideal,C:\Users\lottj\Desktop\research\decentralized benchmark\commitment-horizon-study\scenarios\known_visit_g19_t20_n25.csv,11,15,1,44.45618583153023,44.45618583153023,01,01,1,0,True,completed
15,known_visit,HIPC,ideal,1.0,19,361,4,20,targets_20_hipc_h5_ideal,C:\Users\lottj\Desktop\research\decentralized benchmark\commitment-horizon-study\scenarios\known_visit_g19_t20_n25.csv,12,17,1,48.12036764080894,48.12036764080894,01,01,1,0,True,completed
15,known_visit,HIPC,ideal,1.0,19,361,4,20,targets_20_hipc_h5_ideal,C:\Users\lottj\Desktop\research\decentralized benchmark\commitment-horizon-study\scenarios\known_visit_g19_t20_n25.csv,13,11,0,35.63901062730927,35.63901062730927,01,01,1,0,True,completed
15,known_visit,HIPC,ideal,1.0,19,361,4,20,targets_20_hipc_h5_ideal,C:\Users\lottj\Desktop\research\decentralized benchmark\commitment-horizon-study\scenarios\known_visit_g19_t20_n25.csv,14,1,14,4.021565033885144,4.021565033885144,02,02,1,0,True,completed
15,known_visit,HIPC,ideal,1.0,19,361,4,20,targets_20_hipc_h5_ideal,C:\Users\lottj\Desktop\research\decentralized benchmark\commitment-horizon-study\scenarios\known_visit_g19_t20_n25.csv,15,17,16,50.62279159827547,50.62279159827547,02,02,1,0,True,completed
15,known_visit,HIPC,ideal,1.0,19,361,4,20,targets_20_hipc_h5_ideal,C:\Users\lottj\Desktop\research\decentralized benchmark\commitment-horizon-study\scenarios\known_visit_g19_t20_n25.csv,16,10,16,26.75403470777887,26.75403470777887,02,02,1,0,True,completed
15,known_visit,HIPC,ideal,1.0,19,361,4,20,targets_20_hipc_h5_ideal,C:\Users\lottj\Desktop\research\decentralized benchmark\commitment-horizon-study\scenarios\known_visit_g19_t20_n25.csv,17,18,2,51.78796613247676,51.78796613247676,01,01,1,0,True,completed
15,known_visit,HIPC,ideal,1.0,19,361,4,20,targets_20_hipc_h5_ideal,C:\Users\lottj\Desktop\research\decentralized benchmark\commitment-horizon-study\scenarios\known_visit_g19_t20_n25.csv,18,10,8,19.57455993308603,19.57455993308603,01,01,1,0,True,completed
15,known_visit,HIPC,ideal,1.0,19,361,4,20,targets_20_hipc_h5_ideal,C:\Users\lottj\Desktop\research\decentralized benchmark\commitment-horizon-study\scenarios\known_visit_g19_t20_n25.csv,19,11,14,21.276730920806536,21.276730920806536,02,02,1,0,True,completed
15,known_visit,HIPC,ideal,1.0,19,361,4,20,targets_20_hipc_h5_ideal,C:\Users\lottj\Desktop\research\decentralized benchmark\commitment-horizon-study\scenarios\known_visit_g19_t20_n25.csv,20,18,11,52.802167508605294,52.802167508605294,00,00,1,0,True,completed
16,known_visit,HIPC,ideal,1.0,19,361,4,20,targets_20_hipc_h5_ideal,C:\Users\lottj\Desktop\research\decentralized benchmark\commitment-horizon-study\scenarios\known_visit_g19_t20_n25.csv,1,1,10,3.971291623431441,3.971291623431441,02,02,1,0,True,completed
16,known_visit,HIPC,ideal,1.0,19,361,4,20,targets_20_hipc_h5_ideal,C:\Users\lottj\Desktop\research\decentralized benchmark\commitment-horizon-study\scenarios\known_visit_g19_t20_n25.csv,2,4,18,5.250553895482535,5.250553895482535,03,03,1,0,True,completed
16,known_visit,HIPC,ideal,1.0,19,361,4,20,targets_20_hipc_h5_ideal,C:\Users\lottj\Desktop\research\decentralized benchmark\commitment-horizon-study\scenarios\known_visit_g19_t20_n25.csv,3,13,14,62.00640362306904,62.00640362306904,02,02,1,0,True,completed
16,known_visit,HIPC,ideal,1.0,19,361,4,20,targets_20_hipc_h5_ideal,C:\Users\lottj\Desktop\research\decentralized benchmark\commitment-horizon-study\scenarios\known_visit_g19_t20_n25.csv,4,8,2,15.721924279450603,15.721924279450603,00,00,1,0,True,completed
16,known_visit,HIPC,ideal,1.0,19,361,4,20,targets_20_hipc_h5_ideal,C:\Users\lottj\Desktop\research\decentralized benchmark\commitment-horizon-study\scenarios\known_visit_g19_t20_n25.csv,5,3,4,7.7685850366691716,7.7685850366691716,01,01,1,0,True,completed
16,known_visit,HIPC,ideal,1.0,19,361,4,20,targets_20_hipc_h5_ideal,C:\Users\lottj\Desktop\research\decentralized benchmark\commitment-horizon-study\scenarios\known_visit_g19_t20_n25.csv,6,15,3,34.37912551922099,34.37912551922099,00,00,1,0,True,completed
16,known_visit,HIPC,ideal,1.0,19,361,4,20,targets_20_hipc_h5_ideal,C:\Users\lottj\Desktop\research\decentralized benchmark\commitment-horizon-study\scenarios\known_visit_g19_t20_n25.csv,7,14,8,45.13761053809953,45.13761053809953,02,02,1,0,True,completed
16,known_visit,HIPC,ideal,1.0,19,361,4,20,targets_20_hipc_h5_ideal,C:\Users\lottj\Desktop\research\decentralized benchmark\commitment-horizon-study\scenarios\known_visit_g19_t20_n25.csv,8,6,0,8.852526496565902,8.852526496565902,00,00,1,0,True,completed
16,known_visit,HIPC,ideal,1.0,19,361,4,20,targets_20_hipc_h5_ideal,C:\Users\lottj\Desktop\research\decentralized benchmark\commitment-horizon-study\scenarios\known_visit_g19_t20_n25.csv,9,7,7,19.935020620076266,19.935020620076266,02,02,1,0,True,completed
16,known_visit,HIPC,ideal,1.0,19,361,4,20,targets_20_hipc_h5_ideal,C:\Users\lottj\Desktop\research\decentralized benchmark\commitment-horizon-study\scenarios\known_visit_g19_t20_n25.csv,10,14,3,32.43502377019496,32.43502377019496,00,00,1,0,True,completed
16,known_visit,HIPC,ideal,1.0,19,361,4,20,targets_20_hipc_h5_ideal,C:\Users\lottj\Desktop\research\decentralized benchmark\commitment-horizon-study\scenarios\known_visit_g19_t20_n25.csv,11,14,14,59.920908702589756,59.920908702589756,02,02,1,0,True,completed
16,known_visit,HIPC,ideal,1.0,19,361,4,20,targets_20_hipc_h5_ideal,C:\Users\lottj\Desktop\research\decentralized benchmark\commitment-horizon-study\scenarios\known_visit_g19_t20_n25.csv,12,14,13,57.83810919450908,57.83810919450908,02,02,1,0,True,completed
16,known_visit,HIPC,ideal,1.0,19,361,4,20,targets_20_hipc_h5_ideal,C:\Users\lottj\Desktop\research\decentralized benchmark\commitment-horizon-study\scenarios\known_visit_g19_t20_n25.csv,13,3,9,9.30169161415286,9.30169161415286,02,02,1,0,True,completed
16,known_visit,HIPC,ideal,1.0,19,361,4,20,targets_20_hipc_h5_ideal,C:\Users\lottj\Desktop\research\decentralized benchmark\commitment-horizon-study\scenarios\known_visit_g19_t20_n25.csv,14,5,15,12.372248936426246,12.372248936426246,03,03,1,0,True,completed
16,known_visit,HIPC,ideal,1.0,19,361,4,20,targets_20_hipc_h5_ideal,C:\Users\lottj\Desktop\research\decentralized benchmark\commitment-horizon-study\scenarios\known_visit_g19_t20_n25.csv,15,17,1,41.63427424846237,41.63427424846237,00,00,1,0,True,completed
16,known_visit,HIPC,ideal,1.0,19,361,4,20,targets_20_hipc_h5_ideal,C:\Users\lottj\Desktop\research\decentralized benchmark\commitment-horizon-study\scenarios\known_visit_g19_t20_n25.csv,16,9,11,30.864633015385127,30.864633015385127,02,02,1,0,True,completed
16,known_visit,HIPC,ideal,1.0,19,361,4,20,targets_20_hipc_h5_ideal,C:\Users\lottj\Desktop\research\decentralized benchmark\commitment-horizon-study\scenarios\known_visit_g19_t20_n25.csv,17,12,1,24.841290500241286,24.841290500241286,00,00,1,0,True,completed
16,known_visit,HIPC,ideal,1.0,19,361,4,20,targets_20_hipc_h5_ideal,C:\Users\lottj\Desktop\research\decentralized benchmark\commitment-horizon-study\scenarios\known_visit_g19_t20_n25.csv,18,14,2,30.687654893586135,30.687654893586135,00,00,1,0,True,completed
16,known_visit,HIPC,ideal,1.0,19,361,4,20,targets_20_hipc_h5_ideal,C:\Users\lottj\Desktop\research\decentralized benchmark\commitment-horizon-study\scenarios\known_visit_g19_t20_n25.csv,19,2,5,3.996455387006069,3.996455387006069,01,01,1,0,True,completed
16,known_visit,HIPC,ideal,1.0,19,361,4,20,targets_20_hipc_h5_ideal,C:\Users\lottj\Desktop\research\decentralized benchmark\commitment-horizon-study\scenarios\known_visit_g19_t20_n25.csv,20,2,4,5.757709868182841,5.757709868182841,01,01,1,0,True,completed
17,known_visit,HIPC,ideal,1.0,19,361,4,20,targets_20_hipc_h5_ideal,C:\Users\lottj\Desktop\research\decentralized benchmark\commitment-horizon-study\scenarios\known_visit_g19_t20_n25.csv,1,17,8,47.07475925055956,47.07475925055956,00,00,1,0,True,completed
17,known_visit,HIPC,ideal,1.0,19,361,4,20,targets_20_hipc_h5_ideal,C:\Users\lottj\Desktop\research\decentralized benchmark\commitment-horizon-study\scenarios\known_visit_g19_t20_n25.csv,2,3,17,9.162823664051464,9.162823664051464,03,03,1,0,True,completed
17,known_visit,HIPC,ideal,1.0,19,361,4,20,targets_20_hipc_h5_ideal,C:\Users\lottj\Desktop\research\decentralized benchmark\commitment-horizon-study\scenarios\known_visit_g19_t20_n25.csv,3,13,4,32.93306752847299,32.93306752847299,00,00,1,0,True,completed
17,known_visit,HIPC,ideal,1.0,19,361,4,20,targets_20_hipc_h5_ideal,C:\Users\lottj\Desktop\research\decentralized benchmark\commitment-horizon-study\scenarios\known_visit_g19_t20_n25.csv,4,15,14,36.57444615951929,36.57444615951929,02,02,1,0,True,completed
17,known_visit,HIPC,ideal,1.0,19,361,4,20,targets_20_hipc_h5_ideal,C:\Users\lottj\Desktop\research\decentralized benchmark\commitment-horizon-study\scenarios\known_visit_g19_t20_n25.csv,5,2,14,5.5252884865500995,5.5252884865500995,02,02,1,0,True,completed
17,known_visit,HIPC,ideal,1.0,19,361,4,20,targets_20_hipc_h5_ideal,C:\Users\lottj\Desktop\research\decentralized benchmark\commitment-horizon-study\scenarios\known_visit_g19_t20_n25.csv,6,13,3,31.090714021423665,31.090714021423665,00,00,1,0,True,completed
17,known_visit,HIPC,ideal,1.0,19,361,4,20,targets_20_hipc_h5_ideal,C:\Users\lottj\Desktop\research\decentralized benchmark\commitment-horizon-study\scenarios\known_visit_g19_t20_n25.csv,7,17,6,43.359137406508786,43.359137406508786,00,00,1,0,True,completed
17,known_visit,HIPC,ideal,1.0,19,361,4,20,targets_20_hipc_h5_ideal,C:\Users\lottj\Desktop\research\decentralized benchmark\commitment-horizon-study\scenarios\known_visit_g19_t20_n25.csv,8,13,14,32.740331676782475,32.740331676782475,02,02,1,0,True,completed
17,known_visit,HIPC,ideal,1.0,19,361,4,20,targets_20_hipc_h5_ideal,C:\Users\lottj\Desktop\research\decentralized benchmark\commitment-horizon-study\scenarios\known_visit_g19_t20_n25.csv,9,7,10,21.606682205614177,21.606682205614177,01,01,1,0,True,completed
17,known_visit,HIPC,ideal,1.0,19,361,4,20,targets_20_hipc_h5_ideal,C:\Users\lottj\Desktop\research\decentralized benchmark\commitment-horizon-study\scenarios\known_visit_g19_t20_n25.csv,10,18,0,72.2361020712126,72.2361020712126,03,03,1,0,True,completed
17,known_visit,HIPC,ideal,1.0,19,361,4,20,targets_20_hipc_h5_ideal,C:\Users\lottj\Desktop\research\decentralized benchmark\commitment-horizon-study\scenarios\known_visit_g19_t20_n25.csv,11,14,6,38.25668545984462,38.25668545984462,00,00,1,0,True,completed
17,known_visit,HIPC,ideal,1.0,19,361,4,20,targets_20_hipc_h5_ideal,C:\Users\lottj\Desktop\research\decentralized benchmark\commitment-horizon-study\scenarios\known_visit_g19_t20_n25.csv,12,6,1,15.332176741778467,15.332176741778467,00,00,1,0,True,completed
17,known_visit,HIPC,ideal,1.0,19,361,4,20,targets_20_hipc_h5_ideal,C:\Users\lottj\Desktop\research\decentralized benchmark\commitment-horizon-study\scenarios\known_visit_g19_t20_n25.csv,13,5,0,11.300189162696213,11.300189162696213,00,00,1,0,True,completed
17,known_visit,HIPC,ideal,1.0,19,361,4,20,targets_20_hipc_h5_ideal,C:\Users\lottj\Desktop\research\decentralized benchmark\commitment-horizon-study\scenarios\known_visit_g19_t20_n25.csv,14,9,16,22.019047233531094,22.019047233531094,02,02,1,0,True,completed
17,known_visit,HIPC,ideal,1.0,19,361,4,20,targets_20_hipc_h5_ideal,C:\Users\lottj\Desktop\research\decentralized benchmark\commitment-horizon-study\scenarios\known_visit_g19_t20_n25.csv,15,6,17,18.45008927845777,18.45008927845777,03,03,1,0,True,completed
17,known_visit,HIPC,ideal,1.0,19,361,4,20,targets_20_hipc_h5_ideal,C:\Users\lottj\Desktop\research\decentralized benchmark\commitment-horizon-study\scenarios\known_visit_g19_t20_n25.csv,16,1,5,2.1410804975209814,2.1410804975209814,01,01,1,0,True,completed
17,known_visit,HIPC,ideal,1.0,19,361,4,20,targets_20_hipc_h5_ideal,C:\Users\lottj\Desktop\research\decentralized benchmark\commitment-horizon-study\scenarios\known_visit_g19_t20_n25.csv,17,16,13,40.27376215729952,40.27376215729952,02,02,1,0,True,completed
17,known_visit,HIPC,ideal,1.0,19,361,4,20,targets_20_hipc_h5_ideal,C:\Users\lottj\Desktop\research\decentralized benchmark\commitment-horizon-study\scenarios\known_visit_g19_t20_n25.csv,18,13,18,32.52026951317066,32.52026951317066,03,03,1,0,True,completed
17,known_visit,HIPC,ideal,1.0,19,361,4,20,targets_20_hipc_h5_ideal,C:\Users\lottj\Desktop\research\decentralized benchmark\commitment-horizon-study\scenarios\known_visit_g19_t20_n25.csv,19,2,1,3.872964279963455,3.872964279963455,00,00,1,0,True,completed
17,known_visit,HIPC,ideal,1.0,19,361,4,20,targets_20_hipc_h5_ideal,C:\Users\lottj\Desktop\research\decentralized benchmark\commitment-horizon-study\scenarios\known_visit_g19_t20_n25.csv,20,12,1,25.67829410022051,25.67829410022051,00,00,1,0,True,completed
18,known_visit,HIPC,ideal,1.0,19,361,4,20,targets_20_hipc_h5_ideal,C:\Users\lottj\Desktop\research\decentralized benchmark\commitment-horizon-study\scenarios\known_visit_g19_t20_n25.csv,1,12,13,28.04734427554654,28.04734427554654,03,03,1,0,True,completed
18,known_visit,HIPC,ideal,1.0,19,361,4,20,targets_20_hipc_h5_ideal,C:\Users\lottj\Desktop\research\decentralized benchmark\commitment-horizon-study\scenarios\known_visit_g19_t20_n25.csv,2,4,12,5.259767890882677,5.259767890882677,02,02,1,0,True,completed
18,known_visit,HIPC,ideal,1.0,19,361,4,20,targets_20_hipc_h5_ideal,C:\Users\lottj\Desktop\research\decentralized benchmark\commitment-horizon-study\scenarios\known_visit_g19_t20_n25.csv,3,3,14,10.854553139095946,10.854553139095946,02,02,1,0,True,completed
18,known_visit,HIPC,ideal,1.0,19,361,4,20,targets_20_hipc_h5_ideal,C:\Users\lottj\Desktop\research\decentralized benchmark\commitment-horizon-study\scenarios\known_visit_g19_t20_n25.csv,4,18,2,47.53972600101709,47.53972600101709,00,00,1,0,True,completed
18,known_visit,HIPC,ideal,1.0,19,361,4,20,targets_20_hipc_h5_ideal,C:\Users\lottj\Desktop\research\decentralized benchmark\commitment-horizon-study\scenarios\known_visit_g19_t20_n25.csv,5,3,12,3.6276140696216923,3.6276140696216923,02,02,1,0,True,completed
18,known_visit,HIPC,ideal,1.0,19,361,4,20,targets_20_hipc_h5_ideal,C:\Users\lottj\Desktop\research\decentralized benchmark\commitment-horizon-study\scenarios\known_visit_g19_t20_n25.csv,6,3,0,3.411208271495421,3.411208271495421,00,00,1,0,True,completed
18,known_visit,HIPC,ideal,1.0,19,361,4,20,targets_20_hipc_h5_ideal,C:\Users\lottj\Desktop\research\decentralized benchmark\commitment-horizon-study\scenarios\known_visit_g19_t20_n25.csv,7,9,15,19.134702888452395,19.134702888452395,03,03,1,0,True,completed
18,known_visit,HIPC,ideal,1.0,19,361,4,20,targets_20_hipc_h5_ideal,C:\Users\lottj\Desktop\research\decentralized benchmark\commitment-horizon-study\scenarios\known_visit_g19_t20_n25.csv,8,10,18,54.443741387811116,54.443741387811116,03,03,1,0,True,completed
18,known_visit,HIPC,ideal,1.0,19,361,4,20,targets_20_hipc_h5_ideal,C:\Users\lottj\Desktop\research\decentralized benchmark\commitment-horizon-study\scenarios\known_visit_g19_t20_n25.csv,9,4,7,11.421085812024934,11.421085812024934,01,01,1,0,True,completed
18,known_visit,HIPC,ideal,1.0,19,361,4,20,targets_20_hipc_h5_ideal,C:\Users\lottj\Desktop\research\decentralized benchmark\commitment-horizon-study\scenarios\known_visit_g19_t20_n25.csv,10,12,5,27.865961492415607,27.865961492415607,00,00,1,0,True,completed
18,known_visit,HIPC,ideal,1.0,19,361,4,20,targets_20_hipc_h5_ideal,C:\Users\lottj\Desktop\research\decentralized benchmark\commitment-horizon-study\scenarios\known_visit_g19_t20_n25.csv,11,16,16,40.32146282275877,40.32146282275877,03,03,1,0,True,completed
18,known_visit,HIPC,ideal,1.0,19,361,4,20,targets_20_hipc_h5_ideal,C:\Users\lottj\Desktop\research\decentralized benchmark\commitment-horizon-study\scenarios\known_visit_g19_t20_n25.csv,12,0,5,0.46013711253073974,0.46013711253073974,01,01,1,0,True,completed
18,known_visit,HIPC,ideal,1.0,19,361,4,20,targets_20_hipc_h5_ideal,C:\Users\lottj\Desktop\research\decentralized benchmark\commitment-horizon-study\scenarios\known_visit_g19_t20_n25.csv,13,13,10,33.08854074175177,33.08854074175177,01,01,1,0,True,completed
18,known_visit,HIPC,ideal,1.0,19,361,4,20,targets_20_hipc_h5_ideal,C:\Users\lottj\Desktop\research\decentralized benchmark\commitment-horizon-study\scenarios\known_visit_g19_t20_n25.csv,14,7,5,18.896470767407422,18.896470767407422,00,00,1,0,True,completed
18,known_visit,HIPC,ideal,1.0,19,361,4,20,targets_20_hipc_h5_ideal,C:\Users\lottj\Desktop\research\decentralized benchmark\commitment-horizon-study\scenarios\known_visit_g19_t20_n25.csv,15,15,13,33.27359765164501,33.27359765164501,03,03,1,0,True,completed
18,known_visit,HIPC,ideal,1.0,19,361,4,20,targets_20_hipc_h5_ideal,C:\Users\lottj\Desktop\research\decentralized benchmark\commitment-horizon-study\scenarios\known_visit_g19_t20_n25.csv,16,16,6,36.70730792671881,36.70730792671881,00,00,1,0,True,completed
18,known_visit,HIPC,ideal,1.0,19,361,4,20,targets_20_hipc_h5_ideal,C:\Users\lottj\Desktop\research\decentralized benchmark\commitment-horizon-study\scenarios\known_visit_g19_t20_n25.csv,17,9,9,24.0930758006817,24.0930758006817,01,01,1,0,True,completed
18,known_visit,HIPC,ideal,1.0,19,361,4,20,targets_20_hipc_h5_ideal,C:\Users\lottj\Desktop\research\decentralized benchmark\commitment-horizon-study\scenarios\known_visit_g19_t20_n25.csv,18,11,13,26.26264664262814,26.26264664262814,03,03,1,0,True,completed
18,known_visit,HIPC,ideal,1.0,19,361,4,20,targets_20_hipc_h5_ideal,C:\Users\lottj\Desktop\research\decentralized benchmark\commitment-horizon-study\scenarios\known_visit_g19_t20_n25.csv,19,5,9,16.898096940980164,16.898096940980164,01,01,1,0,True,completed
18,known_visit,HIPC,ideal,1.0,19,361,4,20,targets_20_hipc_h5_ideal,C:\Users\lottj\Desktop\research\decentralized benchmark\commitment-horizon-study\scenarios\known_visit_g19_t20_n25.csv,20,2,7,7.698428954577262,7.698428954577262,01,01,1,0,True,completed
19,known_visit,HIPC,ideal,1.0,19,361,4,20,targets_20_hipc_h5_ideal,C:\Users\lottj\Desktop\research\decentralized benchmark\commitment-horizon-study\scenarios\known_visit_g19_t20_n25.csv,1,6,15,18.878572797375593,18.878572797375593,02,02,1,0,True,completed
19,known_visit,HIPC,ideal,1.0,19,361,4,20,targets_20_hipc_h5_ideal,C:\Users\lottj\Desktop\research\decentralized benchmark\commitment-horizon-study\scenarios\known_visit_g19_t20_n25.csv,2,9,9,49.00612298522537,49.00612298522537,02,02,1,0,True,completed
19,known_visit,HIPC,ideal,1.0,19,361,4,20,targets_20_hipc_h5_ideal,C:\Users\lottj\Desktop\research\decentralized benchmark\commitment-horizon-study\scenarios\known_visit_g19_t20_n25.csv,3,16,2,44.54276090336675,44.54276090336675,00,00,1,0,True,completed
19,known_visit,HIPC,ideal,1.0,19,361,4,20,targets_20_hipc_h5_ideal,C:\Users\lottj\Desktop\research\decentralized benchmark\commitment-horizon-study\scenarios\known_visit_g19_t20_n25.csv,4,9,4,25.10518297583598,25.10518297583598,00,00,1,0,True,completed
19,known_visit,HIPC,ideal,1.0,19,361,4,20,targets_20_hipc_h5_ideal,C:\Users\lottj\Desktop\research\decentralized benchmark\commitment-horizon-study\scenarios\known_visit_g19_t20_n25.csv,5,4,13,7.536664549281255,7.536664549281255,02,02,1,0,True,completed
19,known_visit,HIPC,ideal,1.0,19,361,4,20,targets_20_hipc_h5_ideal,C:\Users\lottj\Desktop\research\decentralized benchmark\commitment-horizon-study\scenarios\known_visit_g19_t20_n25.csv,6,8,13,26.12180220782111,26.12180220782111,02,02,1,0,True,completed
19,known_visit,HIPC,ideal,1.0,19,361,4,20,targets_20_hipc_h5_ideal,C:\Users\lottj\Desktop\research\decentralized benchmark\commitment-horizon-study\scenarios\known_visit_g19_t20_n25.csv,7,4,17,7.76212756317057,7.76212756317057,03,03,1,0,True,completed
19,known_visit,HIPC,ideal,1.0,19,361,4,20,targets_20_hipc_h5_ideal,C:\Users\lottj\Desktop\research\decentralized benchmark\commitment-horizon-study\scenarios\known_visit_g19_t20_n25.csv,8,10,1,17.58725828446596,17.58725828446596,00,00,1,0,True,completed
19,known_visit,HIPC,ideal,1.0,19,361,4,20,targets_20_hipc_h5_ideal,C:\Users\lottj\Desktop\research\decentralized benchmark\commitment-horizon-study\scenarios\known_visit_g19_t20_n25.csv,9,4,16,9.739397748650088,9.739397748650088,03,03,1,0,True,completed
19,known_visit,HIPC,ideal,1.0,19,361,4,20,targets_20_hipc_h5_ideal,C:\Users\lottj\Desktop\research\decentralized benchmark\commitment-horizon-study\scenarios\known_visit_g19_t20_n25.csv,10,5,7,23.339298412956087,23.339298412956087,01,01,1,0,True,completed
19,known_visit,HIPC,ideal,1.0,19,361,4,20,targets_20_hipc_h5_ideal,C:\Users\lottj\Desktop\research\decentralized benchmark\commitment-horizon-study\scenarios\known_visit_g19_t20_n25.csv,11,0,9,3.819842764482018,3.819842764482018,01,01,1,0,True,completed
19,known_visit,HIPC,ideal,1.0,19,361,4,20,targets_20_hipc_h5_ideal,C:\Users\lottj\Desktop\research\decentralized benchmark\commitment-horizon-study\scenarios\known_visit_g19_t20_n25.csv,12,1,11,9.256468145745092,9.256468145745092,01,01,1,0,True,completed
19,known_visit,HIPC,ideal,1.0,19,361,4,20,targets_20_hipc_h5_ideal,C:\Users\lottj\Desktop\research\decentralized benchmark\commitment-horizon-study\scenarios\known_visit_g19_t20_n25.csv,13,0,13,0.4422107229785983,0.4422107229785983,02,02,1,0,True,completed
19,known_visit,HIPC,ideal,1.0,19,361,4,20,targets_20_hipc_h5_ideal,C:\Users\lottj\Desktop\research\decentralized benchmark\commitment-horizon-study\scenarios\known_visit_g19_t20_n25.csv,14,17,13,65.6131964611134,65.6131964611134,00,00,1,0,True,completed
19,known_visit,HIPC,ideal,1.0,19,361,4,20,targets_20_hipc_h5_ideal,C:\Users\lottj\Desktop\research\decentralized benchmark\commitment-horizon-study\scenarios\known_visit_g19_t20_n25.csv,15,5,16,14.917506921400575,14.917506921400575,02,02,1,0,True,completed
19,known_visit,HIPC,ideal,1.0,19,361,4,20,targets_20_hipc_h5_ideal,C:\Users\lottj\Desktop\research\decentralized benchmark\commitment-horizon-study\scenarios\known_visit_g19_t20_n25.csv,16,12,13,32.85515931033913,32.85515931033913,02,02,1,0,True,completed
19,known_visit,HIPC,ideal,1.0,19,361,4,20,targets_20_hipc_h5_ideal,C:\Users\lottj\Desktop\research\decentralized benchmark\commitment-horizon-study\scenarios\known_visit_g19_t20_n25.csv,17,12,8,41.65369377975377,41.65369377975377,02,02,1,0,True,completed
19,known_visit,HIPC,ideal,1.0,19,361,4,20,targets_20_hipc_h5_ideal,C:\Users\lottj\Desktop\research\decentralized benchmark\commitment-horizon-study\scenarios\known_visit_g19_t20_n25.csv,18,9,1,15.530613765116241,15.530613765116241,00,00,1,0,True,completed
19,known_visit,HIPC,ideal,1.0,19,361,4,20,targets_20_hipc_h5_ideal,C:\Users\lottj\Desktop\research\decentralized benchmark\commitment-horizon-study\scenarios\known_visit_g19_t20_n25.csv,19,10,2,19.666142582319463,19.666142582319463,00,00,1,0,True,completed
19,known_visit,HIPC,ideal,1.0,19,361,4,20,targets_20_hipc_h5_ideal,C:\Users\lottj\Desktop\research\decentralized benchmark\commitment-horizon-study\scenarios\known_visit_g19_t20_n25.csv,20,16,3,42.876218527707785,42.876218527707785,00,00,1,0,True,completed
20,known_visit,HIPC,ideal,1.0,19,361,4,20,targets_20_hipc_h5_ideal,C:\Users\lottj\Desktop\research\decentralized benchmark\commitment-horizon-study\scenarios\known_visit_g19_t20_n25.csv,1,1,18,0.12465004190899699,0.12465004190899699,03,03,1,0,True,completed
20,known_visit,HIPC,ideal,1.0,19,361,4,20,targets_20_hipc_h5_ideal,C:\Users\lottj\Desktop\research\decentralized benchmark\commitment-horizon-study\scenarios\known_visit_g19_t20_n25.csv,2,13,1,23.31769459269142,23.31769459269142,00,00,1,0,True,completed
20,known_visit,HIPC,ideal,1.0,19,361,4,20,targets_20_hipc_h5_ideal,C:\Users\lottj\Desktop\research\decentralized benchmark\commitment-horizon-study\scenarios\known_visit_g19_t20_n25.csv,3,6,8,15.460827338734004,15.460827338734004,02,02,2,1,True,completed
20,known_visit,HIPC,ideal,1.0,19,361,4,20,targets_20_hipc_h5_ideal,C:\Users\lottj\Desktop\research\decentralized benchmark\commitment-horizon-study\scenarios\known_visit_g19_t20_n25.csv,4,14,3,39.196514672202994,39.196514672202994,00,00,1,0,True,completed
20,known_visit,HIPC,ideal,1.0,19,361,4,20,targets_20_hipc_h5_ideal,C:\Users\lottj\Desktop\research\decentralized benchmark\commitment-horizon-study\scenarios\known_visit_g19_t20_n25.csv,5,3,15,12.687487366499818,12.687487366499818,03,03,1,0,True,completed
20,known_visit,HIPC,ideal,1.0,19,361,4,20,targets_20_hipc_h5_ideal,C:\Users\lottj\Desktop\research\decentralized benchmark\commitment-horizon-study\scenarios\known_visit_g19_t20_n25.csv,6,1,7,16.776607063352706,16.776607063352706,01,01,1,0,True,completed
20,known_visit,HIPC,ideal,1.0,19,361,4,20,targets_20_hipc_h5_ideal,C:\Users\lottj\Desktop\research\decentralized benchmark\commitment-horizon-study\scenarios\known_visit_g19_t20_n25.csv,7,1,4,3.913333416408214,3.913333416408214,01,01,1,0,True,completed
20,known_visit,HIPC,ideal,1.0,19,361,4,20,targets_20_hipc_h5_ideal,C:\Users\lottj\Desktop\research\decentralized benchmark\commitment-horizon-study\scenarios\known_visit_g19_t20_n25.csv,8,15,13,43.79686279265767,43.79686279265767,02,02,1,0,True,completed
20,known_visit,HIPC,ideal,1.0,19,361,4,20,targets_20_hipc_h5_ideal,C:\Users\lottj\Desktop\research\decentralized benchmark\commitment-horizon-study\scenarios\known_visit_g19_t20_n25.csv,9,7,5,36.87101154449107,36.87101154449107,01,01,1,0,True,completed
20,known_visit,HIPC,ideal,1.0,19,361,4,20,targets_20_hipc_h5_ideal,C:\Users\lottj\Desktop\research\decentralized benchmark\commitment-horizon-study\scenarios\known_visit_g19_t20_n25.csv,10,17,2,32.12581316181993,32.12581316181993,00,00,1,0,True,completed
20,known_visit,HIPC,ideal,1.0,19,361,4,20,targets_20_hipc_h5_ideal,C:\Users\lottj\Desktop\research\decentralized benchmark\commitment-horizon-study\scenarios\known_visit_g19_t20_n25.csv,11,13,9,29.617198863958333,29.617198863958333,02,02,1,0,True,completed
20,known_visit,HIPC,ideal,1.0,19,361,4,20,targets_20_hipc_h5_ideal,C:\Users\lottj\Desktop\research\decentralized benchmark\commitment-horizon-study\scenarios\known_visit_g19_t20_n25.csv,12,12,8,25.9705237126477,25.9705237126477,02,02,1,0,True,completed
20,known_visit,HIPC,ideal,1.0,19,361,4,20,targets_20_hipc_h5_ideal,C:\Users\lottj\Desktop\research\decentralized benchmark\commitment-horizon-study\scenarios\known_visit_g19_t20_n25.csv,13,4,17,7.18200651789858,7.18200651789858,03,03,1,0,True,completed
20,known_visit,HIPC,ideal,1.0,19,361,4,20,targets_20_hipc_h5_ideal,C:\Users\lottj\Desktop\research\decentralized benchmark\commitment-horizon-study\scenarios\known_visit_g19_t20_n25.csv,14,11,16,32.60808153621007,32.60808153621007,03,03,1,0,True,completed
20,known_visit,HIPC,ideal,1.0,19,361,4,20,targets_20_hipc_h5_ideal,C:\Users\lottj\Desktop\research\decentralized benchmark\commitment-horizon-study\scenarios\known_visit_g19_t20_n25.csv,15,4,15,10.761111389973944,10.761111389973944,03,03,1,0,True,completed
20,known_visit,HIPC,ideal,1.0,19,361,4,20,targets_20_hipc_h5_ideal,C:\Users\lottj\Desktop\research\decentralized benchmark\commitment-horizon-study\scenarios\known_visit_g19_t20_n25.csv,16,1,5,2.2542999737414964,2.2542999737414964,01,01,1,0,True,completed
20,known_visit,HIPC,ideal,1.0,19,361,4,20,targets_20_hipc_h5_ideal,C:\Users\lottj\Desktop\research\decentralized benchmark\commitment-horizon-study\scenarios\known_visit_g19_t20_n25.csv,17,13,12,34.854699938015294,34.854699938015294,02,02,1,0,True,completed
20,known_visit,HIPC,ideal,1.0,19,361,4,20,targets_20_hipc_h5_ideal,C:\Users\lottj\Desktop\research\decentralized benchmark\commitment-horizon-study\scenarios\known_visit_g19_t20_n25.csv,18,9,16,28.926983889083214,28.926983889083214,03,03,1,0,True,completed
20,known_visit,HIPC,ideal,1.0,19,361,4,20,targets_20_hipc_h5_ideal,C:\Users\lottj\Desktop\research\decentralized benchmark\commitment-horizon-study\scenarios\known_visit_g19_t20_n25.csv,19,3,4,7.640615019338531,7.640615019338531,01,01,1,0,True,completed
20,known_visit,HIPC,ideal,1.0,19,361,4,20,targets_20_hipc_h5_ideal,C:\Users\lottj\Desktop\research\decentralized benchmark\commitment-horizon-study\scenarios\known_visit_g19_t20_n25.csv,20,14,14,40.18921068301343,40.18921068301343,02,02,1,0,True,completed
21,known_visit,HIPC,ideal,1.0,19,361,4,20,targets_20_hipc_h5_ideal,C:\Users\lottj\Desktop\research\decentralized benchmark\commitment-horizon-study\scenarios\known_visit_g19_t20_n25.csv,1,0,1,0.42507864954731134,0.42507864954731134,00,00,1,0,True,completed
21,known_visit,HIPC,ideal,1.0,19,361,4,20,targets_20_hipc_h5_ideal,C:\Users\lottj\Desktop\research\decentralized benchmark\commitment-horizon-study\scenarios\known_visit_g19_t20_n25.csv,2,0,11,0.6599752343182073,0.6599752343182073,02,02,1,0,True,completed
21,known_visit,HIPC,ideal,1.0,19,361,4,20,targets_20_hipc_h5_ideal,C:\Users\lottj\Desktop\research\decentralized benchmark\commitment-horizon-study\scenarios\known_visit_g19_t20_n25.csv,3,2,4,9.105469042728272,9.105469042728272,00,00,1,0,True,completed
21,known_visit,HIPC,ideal,1.0,19,361,4,20,targets_20_hipc_h5_ideal,C:\Users\lottj\Desktop\research\decentralized benchmark\commitment-horizon-study\scenarios\known_visit_g19_t20_n25.csv,4,18,8,66.78610386113117,66.78610386113117,00,00,1,0,True,completed
21,known_visit,HIPC,ideal,1.0,19,361,4,20,targets_20_hipc_h5_ideal,C:\Users\lottj\Desktop\research\decentralized benchmark\commitment-horizon-study\scenarios\known_visit_g19_t20_n25.csv,5,11,3,44.61802437354576,44.61802437354576,00,00,1,0,True,completed
21,known_visit,HIPC,ideal,1.0,19,361,4,20,targets_20_hipc_h5_ideal,C:\Users\lottj\Desktop\research\decentralized benchmark\commitment-horizon-study\scenarios\known_visit_g19_t20_n25.csv,6,5,9,17.151343571492443,17.151343571492443,01,01,1,0,True,completed
21,known_visit,HIPC,ideal,1.0,19,361,4,20,targets_20_hipc_h5_ideal,C:\Users\lottj\Desktop\research\decentralized benchmark\commitment-horizon-study\scenarios\known_visit_g19_t20_n25.csv,7,0,10,2.3784929509272885,2.3784929509272885,02,02,1,0,True,completed
21,known_visit,HIPC,ideal,1.0,19,361,4,20,targets_20_hipc_h5_ideal,C:\Users\lottj\Desktop\research\decentralized benchmark\commitment-horizon-study\scenarios\known_visit_g19_t20_n25.csv,8,10,8,34.81496411272524,34.81496411272524,01,01,1,0,True,completed
21,known_visit,HIPC,ideal,1.0,19,361,4,20,targets_20_hipc_h5_ideal,C:\Users\lottj\Desktop\research\decentralized benchmark\commitment-horizon-study\scenarios\known_visit_g19_t20_n25.csv,9,0,17,0.4656507492388966,0.4656507492388966,03,03,1,0,True,completed
21,known_visit,HIPC,ideal,1.0,19,361,4,20,targets_20_hipc_h5_ideal,C:\Users\lottj\Desktop\research\decentralized benchmark\commitment-horizon-study\scenarios\known_visit_g19_t20_n25.csv,10,14,4,52.011981911641364,52.011981911641364,00,00,1,0,True,completed
21,known_visit,HIPC,ideal,1.0,19,361,4,20,targets_20_hipc_h5_ideal,C:\Users\lottj\Desktop\research\decentralized benchmark\commitment-horizon-study\scenarios\known_visit_g19_t20_n25.csv,11,5,8,15.351571992575913,15.351571992575913,01,01,1,0,True,completed
21,known_visit,HIPC,ideal,1.0,19,361,4,20,targets_20_hipc_h5_ideal,C:\Users\lottj\Desktop\research\decentralized benchmark\commitment-horizon-study\scenarios\known_visit_g19_t20_n25.csv,12,0,7,0.6898307493450193,0.6898307493450193,01,01,1,0,True,completed
21,known_visit,HIPC,ideal,1.0,19,361,4,20,targets_20_hipc_h5_ideal,C:\Users\lottj\Desktop\research\decentralized benchmark\commitment-horizon-study\scenarios\known_visit_g19_t20_n25.csv,13,0,3,3.7324392558211095,3.7324392558211095,00,00,1,0,True,completed
21,known_visit,HIPC,ideal,1.0,19,361,4,20,targets_20_hipc_h5_ideal,C:\Users\lottj\Desktop\research\decentralized benchmark\commitment-horizon-study\scenarios\known_visit_g19_t20_n25.csv,14,17,7,62.74523966195739,62.74523966195739,00,00,1,0,True,completed
21,known_visit,HIPC,ideal,1.0,19,361,4,20,targets_20_hipc_h5_ideal,C:\Users\lottj\Desktop\research\decentralized benchmark\commitment-horizon-study\scenarios\known_visit_g19_t20_n25.csv,15,1,0,18.16771520485434,18.16771520485434,00,00,1,0,True,completed
21,known_visit,HIPC,ideal,1.0,19,361,4,20,targets_20_hipc_h5_ideal,C:\Users\lottj\Desktop\research\decentralized benchmark\commitment-horizon-study\scenarios\known_visit_g19_t20_n25.csv,16,12,0,37.40786149465912,37.40786149465912,00,00,1,0,True,completed
21,known_visit,HIPC,ideal,1.0,19,361,4,20,targets_20_hipc_h5_ideal,C:\Users\lottj\Desktop\research\decentralized benchmark\commitment-horizon-study\scenarios\known_visit_g19_t20_n25.csv,17,12,18,23.381658850745133,23.381658850745133,03,03,1,0,True,completed
21,known_visit,HIPC,ideal,1.0,19,361,4,20,targets_20_hipc_h5_ideal,C:\Users\lottj\Desktop\research\decentralized benchmark\commitment-horizon-study\scenarios\known_visit_g19_t20_n25.csv,18,6,11,22.416321106897822,22.416321106897822,01,01,1,0,True,completed
21,known_visit,HIPC,ideal,1.0,19,361,4,20,targets_20_hipc_h5_ideal,C:\Users\lottj\Desktop\research\decentralized benchmark\commitment-horizon-study\scenarios\known_visit_g19_t20_n25.csv,19,18,7,64.69901043381213,64.69901043381213,00,00,1,0,True,completed
21,known_visit,HIPC,ideal,1.0,19,361,4,20,targets_20_hipc_h5_ideal,C:\Users\lottj\Desktop\research\decentralized benchmark\commitment-horizon-study\scenarios\known_visit_g19_t20_n25.csv,20,1,6,4.5744807895519335,4.5744807895519335,01,01,1,0,True,completed
22,known_visit,HIPC,ideal,1.0,19,361,4,20,targets_20_hipc_h5_ideal,C:\Users\lottj\Desktop\research\decentralized benchmark\commitment-horizon-study\scenarios\known_visit_g19_t20_n25.csv,1,13,4,36.148363601265224,36.148363601265224,00,00,1,0,True,completed
22,known_visit,HIPC,ideal,1.0,19,361,4,20,targets_20_hipc_h5_ideal,C:\Users\lottj\Desktop\research\decentralized benchmark\commitment-horizon-study\scenarios\known_visit_g19_t20_n25.csv,2,7,6,32.359951723046805,32.359951723046805,02,02,1,0,True,completed
22,known_visit,HIPC,ideal,1.0,19,361,4,20,targets_20_hipc_h5_ideal,C:\Users\lottj\Desktop\research\decentralized benchmark\commitment-horizon-study\scenarios\known_visit_g19_t20_n25.csv,3,5,18,14.897392410318579,14.897392410318579,03,03,1,0,True,completed
22,known_visit,HIPC,ideal,1.0,19,361,4,20,targets_20_hipc_h5_ideal,C:\Users\lottj\Desktop\research\decentralized benchmark\commitment-horizon-study\scenarios\known_visit_g19_t20_n25.csv,4,15,7,52.820517105267164,52.820517105267164,00,00,1,0,True,completed
22,known_visit,HIPC,ideal,1.0,19,361,4,20,targets_20_hipc_h5_ideal,C:\Users\lottj\Desktop\research\decentralized benchmark\commitment-horizon-study\scenarios\known_visit_g19_t20_n25.csv,5,11,4,32.729325368449885,32.729325368449885,00,00,1,0,True,completed
22,known_visit,HIPC,ideal,1.0,19,361,4,20,targets_20_hipc_h5_ideal,C:\Users\lottj\Desktop\research\decentralized benchmark\commitment-horizon-study\scenarios\known_visit_g19_t20_n25.csv,6,5,9,12.430656725446095,12.430656725446095,02,02,1,0,True,completed
22,known_visit,HIPC,ideal,1.0,19,361,4,20,targets_20_hipc_h5_ideal,C:\Users\lottj\Desktop\research\decentralized benchmark\commitment-horizon-study\scenarios\known_visit_g19_t20_n25.csv,7,12,7,43.523878490723,43.523878490723,00,00,1,0,True,completed
22,known_visit,HIPC,ideal,1.0,19,361,4,20,targets_20_hipc_h5_ideal,C:\Users\lottj\Desktop\research\decentralized benchmark\commitment-horizon-study\scenarios\known_visit_g19_t20_n25.csv,8,2,12,1.753406841851636,1.753406841851636,02,02,1,0,True,completed
22,known_visit,HIPC,ideal,1.0,19,361,4,20,targets_20_hipc_h5_ideal,C:\Users\lottj\Desktop\research\decentralized benchmark\commitment-horizon-study\scenarios\known_visit_g19_t20_n25.csv,9,14,13,36.77060199398068,36.77060199398068,01,01,1,0,True,completed
22,known_visit,HIPC,ideal,1.0,19,361,4,20,targets_20_hipc_h5_ideal,C:\Users\lottj\Desktop\research\decentralized benchmark\commitment-horizon-study\scenarios\known_visit_g19_t20_n25.csv,10,2,2,5.860871341829654,5.860871341829654,00,00,1,0,True,completed
22,known_visit,HIPC,ideal,1.0,19,361,4,20,targets_20_hipc_h5_ideal,C:\Users\lottj\Desktop\research\decentralized benchmark\commitment-horizon-study\scenarios\known_visit_g19_t20_n25.csv,11,2,16,5.703665688251114,5.703665688251114,03,03,1,0,True,completed
22,known_visit,HIPC,ideal,1.0,19,361,4,20,targets_20_hipc_h5_ideal,C:\Users\lottj\Desktop\research\decentralized benchmark\commitment-horizon-study\scenarios\known_visit_g19_t20_n25.csv,12,8,10,19.69908580165059,19.69908580165059,02,02,1,0,True,completed
22,known_visit,HIPC,ideal,1.0,19,361,4,20,targets_20_hipc_h5_ideal,C:\Users\lottj\Desktop\research\decentralized benchmark\commitment-horizon-study\scenarios\known_visit_g19_t20_n25.csv,13,16,12,42.657621972565146,42.657621972565146,01,01,1,0,True,completed
22,known_visit,HIPC,ideal,1.0,19,361,4,20,targets_20_hipc_h5_ideal,C:\Users\lottj\Desktop\research\decentralized benchmark\commitment-horizon-study\scenarios\known_visit_g19_t20_n25.csv,14,4,12,5.114402303668158,5.114402303668158,02,02,1,0,True,completed
22,known_visit,HIPC,ideal,1.0,19,361,4,20,targets_20_hipc_h5_ideal,C:\Users\lottj\Desktop\research\decentralized benchmark\commitment-horizon-study\scenarios\known_visit_g19_t20_n25.csv,15,5,1,13.209986291433944,13.209986291433944,00,00,1,0,True,completed
22,known_visit,HIPC,ideal,1.0,19,361,4,20,targets_20_hipc_h5_ideal,C:\Users\lottj\Desktop\research\decentralized benchmark\commitment-horizon-study\scenarios\known_visit_g19_t20_n25.csv,16,8,6,30.70647244406765,30.70647244406765,02,02,1,0,True,completed
22,known_visit,HIPC,ideal,1.0,19,361,4,20,targets_20_hipc_h5_ideal,C:\Users\lottj\Desktop\research\decentralized benchmark\commitment-horizon-study\scenarios\known_visit_g19_t20_n25.csv,17,9,2,25.519296655966375,25.519296655966375,00,00,1,0,True,completed
22,known_visit,HIPC,ideal,1.0,19,361,4,20,targets_20_hipc_h5_ideal,C:\Users\lottj\Desktop\research\decentralized benchmark\commitment-horizon-study\scenarios\known_visit_g19_t20_n25.csv,18,9,0,21.861810583767134,21.861810583767134,00,00,1,0,True,completed
22,known_visit,HIPC,ideal,1.0,19,361,4,20,targets_20_hipc_h5_ideal,C:\Users\lottj\Desktop\research\decentralized benchmark\commitment-horizon-study\scenarios\known_visit_g19_t20_n25.csv,19,0,9,3.820874601411741,3.820874601411741,01,01,1,0,True,completed
22,known_visit,HIPC,ideal,1.0,19,361,4,20,targets_20_hipc_h5_ideal,C:\Users\lottj\Desktop\research\decentralized benchmark\commitment-horizon-study\scenarios\known_visit_g19_t20_n25.csv,20,14,12,34.67882103637139,34.67882103637139,01,01,1,0,True,completed
23,known_visit,HIPC,ideal,1.0,19,361,4,20,targets_20_hipc_h5_ideal,C:\Users\lottj\Desktop\research\decentralized benchmark\commitment-horizon-study\scenarios\known_visit_g19_t20_n25.csv,1,14,4,56.32819560046398,56.32819560046398,02,02,1,0,True,completed
23,known_visit,HIPC,ideal,1.0,19,361,4,20,targets_20_hipc_h5_ideal,C:\Users\lottj\Desktop\research\decentralized benchmark\commitment-horizon-study\scenarios\known_visit_g19_t20_n25.csv,2,4,17,7.100696319764119,7.100696319764119,03,03,1,0,True,completed
23,known_visit,HIPC,ideal,1.0,19,361,4,20,targets_20_hipc_h5_ideal,C:\Users\lottj\Desktop\research\decentralized benchmark\commitment-horizon-study\scenarios\known_visit_g19_t20_n25.csv,3,17,5,49.30410703822219,49.30410703822219,02,02,1,0,True,completed
23,known_visit,HIPC,ideal,1.0,19,361,4,20,targets_20_hipc_h5_ideal,C:\Users\lottj\Desktop\research\decentralized benchmark\commitment-horizon-study\scenarios\known_visit_g19_t20_n25.csv,4,8,9,25.36716631014949,25.36716631014949,02,02,1,0,True,completed
23,known_visit,HIPC,ideal,1.0,19,361,4,20,targets_20_hipc_h5_ideal,C:\Users\lottj\Desktop\research\decentralized benchmark\commitment-horizon-study\scenarios\known_visit_g19_t20_n25.csv,5,7,11,19.977268585203692,19.977268585203692,02,02,1,0,True,completed
23,known_visit,HIPC,ideal,1.0,19,361,4,20,targets_20_hipc_h5_ideal,C:\Users\lottj\Desktop\research\decentralized benchmark\commitment-horizon-study\scenarios\known_visit_g19_t20_n25.csv,6,14,12,35.64161784239911,35.64161784239911,03,03,1,0,True,completed
23,known_visit,HIPC,ideal,1.0,19,361,4,20,targets_20_hipc_h5_ideal,C:\Users\lottj\Desktop\research\decentralized benchmark\commitment-horizon-study\scenarios\known_visit_g19_t20_n25.csv,7,1,1,2.1704219496213333,2.1704219496213333,00,00,1,0,True,completed
23,known_visit,HIPC,ideal,1.0,19,361,4,20,targets_20_hipc_h5_ideal,C:\Users\lottj\Desktop\research\decentralized benchmark\commitment-horizon-study\scenarios\known_visit_g19_t20_n25.csv,8,5,12,14.687919662950897,14.687919662950897,02,02,1,0,True,completed
23,known_visit,HIPC,ideal,1.0,19,361,4,20,targets_20_hipc_h5_ideal,C:\Users\lottj\Desktop\research\decentralized benchmark\commitment-horizon-study\scenarios\known_visit_g19_t20_n25.csv,9,14,2,60.13376292208645,60.13376292208645,02,02,1,0,True,completed
23,known_visit,HIPC,ideal,1.0,19,361,4,20,targets_20_hipc_h5_ideal,C:\Users\lottj\Desktop\research\decentralized benchmark\commitment-horizon-study\scenarios\known_visit_g19_t20_n25.csv,10,14,16,28.54877075413553,28.54877075413553,03,03,1,0,True,completed
23,known_visit,HIPC,ideal,1.0,19,361,4,20,targets_20_hipc_h5_ideal,C:\Users\lottj\Desktop\research\decentralized benchmark\commitment-horizon-study\scenarios\known_visit_g19_t20_n25.csv,11,9,4,25.547366261079794,25.547366261079794,00,00,1,0,True,completed
23,known_visit,HIPC,ideal,1.0,19,361,4,20,targets_20_hipc_h5_ideal,C:\Users\lottj\Desktop\research\decentralized benchmark\commitment-horizon-study\scenarios\known_visit_g19_t20_n25.csv,12,10,9,29.031011296400095,29.031011296400095,02,02,1,0,True,completed
23,known_visit,HIPC,ideal,1.0,19,361,4,20,targets_20_hipc_h5_ideal,C:\Users\lottj\Desktop\research\decentralized benchmark\commitment-horizon-study\scenarios\known_visit_g19_t20_n25.csv,13,0,5,0.5095021945275511,0.5095021945275511,01,01,1,0,True,completed
23,known_visit,HIPC,ideal,1.0,19,361,4,20,targets_20_hipc_h5_ideal,C:\Users\lottj\Desktop\research\decentralized benchmark\commitment-horizon-study\scenarios\known_visit_g19_t20_n25.csv,14,18,16,49.96818900923549,49.96818900923549,03,03,1,0,True,completed
23,known_visit,HIPC,ideal,1.0,19,361,4,20,targets_20_hipc_h5_ideal,C:\Users\lottj\Desktop\research\decentralized benchmark\commitment-horizon-study\scenarios\known_visit_g19_t20_n25.csv,15,6,5,18.21941360225337,18.21941360225337,00,00,1,0,True,completed
23,known_visit,HIPC,ideal,1.0,19,361,4,20,targets_20_hipc_h5_ideal,C:\Users\lottj\Desktop\research\decentralized benchmark\commitment-horizon-study\scenarios\known_visit_g19_t20_n25.csv,16,2,7,7.911134513622664,7.911134513622664,01,01,1,0,True,completed
23,known_visit,HIPC,ideal,1.0,19,361,4,20,targets_20_hipc_h5_ideal,C:\Users\lottj\Desktop\research\decentralized benchmark\commitment-horizon-study\scenarios\known_visit_g19_t20_n25.csv,17,16,0,67.1967502808766,67.1967502808766,02,02,1,0,True,completed
23,known_visit,HIPC,ideal,1.0,19,361,4,20,targets_20_hipc_h5_ideal,C:\Users\lottj\Desktop\research\decentralized benchmark\commitment-horizon-study\scenarios\known_visit_g19_t20_n25.csv,18,1,14,3.7479755080600183,3.7479755080600183,02,02,1,0,True,completed
23,known_visit,HIPC,ideal,1.0,19,361,4,20,targets_20_hipc_h5_ideal,C:\Users\lottj\Desktop\research\decentralized benchmark\commitment-horizon-study\scenarios\known_visit_g19_t20_n25.csv,19,17,6,47.21828988919549,47.21828988919549,02,02,1,0,True,completed
23,known_visit,HIPC,ideal,1.0,19,361,4,20,targets_20_hipc_h5_ideal,C:\Users\lottj\Desktop\research\decentralized benchmark\commitment-horizon-study\scenarios\known_visit_g19_t20_n25.csv,20,13,8,36.39675828694835,36.39675828694835,02,02,1,0,True,completed
24,known_visit,HIPC,ideal,1.0,19,361,4,20,targets_20_hipc_h5_ideal,C:\Users\lottj\Desktop\research\decentralized benchmark\commitment-horizon-study\scenarios\known_visit_g19_t20_n25.csv,1,18,2,61.331596902916324,61.331596902916324,00,00,1,0,True,completed
24,known_visit,HIPC,ideal,1.0,19,361,4,20,targets_20_hipc_h5_ideal,C:\Users\lottj\Desktop\research\decentralized benchmark\commitment-horizon-study\scenarios\known_visit_g19_t20_n25.csv,2,8,7,24.96376523363804,24.96376523363804,00,00,1,0,True,completed
24,known_visit,HIPC,ideal,1.0,19,361,4,20,targets_20_hipc_h5_ideal,C:\Users\lottj\Desktop\research\decentralized benchmark\commitment-horizon-study\scenarios\known_visit_g19_t20_n25.csv,3,4,9,11.607510471615987,11.607510471615987,02,02,1,0,True,completed
24,known_visit,HIPC,ideal,1.0,19,361,4,20,targets_20_hipc_h5_ideal,C:\Users\lottj\Desktop\research\decentralized benchmark\commitment-horizon-study\scenarios\known_visit_g19_t20_n25.csv,4,5,16,11.039378891287802,11.039378891287802,03,03,1,0,True,completed
24,known_visit,HIPC,ideal,1.0,19,361,4,20,targets_20_hipc_h5_ideal,C:\Users\lottj\Desktop\research\decentralized benchmark\commitment-horizon-study\scenarios\known_visit_g19_t20_n25.csv,5,4,12,5.3445806904635145,5.3445806904635145,02,02,1,0,True,completed
24,known_visit,HIPC,ideal,1.0,19,361,4,20,targets_20_hipc_h5_ideal,C:\Users\lottj\Desktop\research\decentralized benchmark\commitment-horizon-study\scenarios\known_visit_g19_t20_n25.csv,6,7,7,23.006184531084198,23.006184531084198,00,00,2,1,True,completed
24,known_visit,HIPC,ideal,1.0,19,361,4,20,targets_20_hipc_h5_ideal,C:\Users\lottj\Desktop\research\decentralized benchmark\commitment-horizon-study\scenarios\known_visit_g19_t20_n25.csv,7,7,18,18.22160794079534,18.22160794079534,03,03,1,0,True,completed
24,known_visit,HIPC,ideal,1.0,19,361,4,20,targets_20_hipc_h5_ideal,C:\Users\lottj\Desktop\research\decentralized benchmark\commitment-horizon-study\scenarios\known_visit_g19_t20_n25.csv,8,16,17,46.55262723190238,46.55262723190238,03,03,1,0,True,completed
24,known_visit,HIPC,ideal,1.0,19,361,4,20,targets_20_hipc_h5_ideal,C:\Users\lottj\Desktop\research\decentralized benchmark\commitment-horizon-study\scenarios\known_visit_g19_t20_n25.csv,9,1,17,2.181592909486915,2.181592909486915,03,03,1,0,True,completed
24,known_visit,HIPC,ideal,1.0,19,361,4,20,targets_20_hipc_h5_ideal,C:\Users\lottj\Desktop\research\decentralized benchmark\commitment-horizon-study\scenarios\known_visit_g19_t20_n25.csv,10,3,8,11.607732692813318,11.607732692813318,01,01,1,0,True,completed
24,known_visit,HIPC,ideal,1.0,19,361,4,20,targets_20_hipc_h5_ideal,C:\Users\lottj\Desktop\research\decentralized benchmark\commitment-horizon-study\scenarios\known_visit_g19_t20_n25.csv,11,10,14,31.08967775671908,31.08967775671908,03,03,1,0,True,completed
24,known_visit,HIPC,ideal,1.0,19,361,4,20,targets_20_hipc_h5_ideal,C:\Users\lottj\Desktop\research\decentralized benchmark\commitment-horizon-study\scenarios\known_visit_g19_t20_n25.csv,12,14,10,40.85688356869353,40.85688356869353,00,00,1,0,True,completed
24,known_visit,HIPC,ideal,1.0,19,361,4,20,targets_20_hipc_h5_ideal,C:\Users\lottj\Desktop\research\decentralized benchmark\commitment-horizon-study\scenarios\known_visit_g19_t20_n25.csv,13,13,9,37.23299418484233,37.23299418484233,00,00,1,0,True,completed
24,known_visit,HIPC,ideal,1.0,19,361,4,20,targets_20_hipc_h5_ideal,C:\Users\lottj\Desktop\research\decentralized benchmark\commitment-horizon-study\scenarios\known_visit_g19_t20_n25.csv,14,5,4,14.325239958206062,14.325239958206062,00,00,1,0,True,completed
24,known_visit,HIPC,ideal,1.0,19,361,4,20,targets_20_hipc_h5_ideal,C:\Users\lottj\Desktop\research\decentralized benchmark\commitment-horizon-study\scenarios\known_visit_g19_t20_n25.csv,15,18,7,52.86484736280604,52.86484736280604,00,00,1,0,True,completed
24,known_visit,HIPC,ideal,1.0,19,361,4,20,targets_20_hipc_h5_ideal,C:\Users\lottj\Desktop\research\decentralized benchmark\commitment-horizon-study\scenarios\known_visit_g19_t20_n25.csv,16,13,0,85.04899580786557,85.04899580786557,00,00,1,0,True,completed
24,known_visit,HIPC,ideal,1.0,19,361,4,20,targets_20_hipc_h5_ideal,C:\Users\lottj\Desktop\research\decentralized benchmark\commitment-horizon-study\scenarios\known_visit_g19_t20_n25.csv,17,14,1,88.81481193103873,88.81481193103873,00,00,1,0,True,completed
24,known_visit,HIPC,ideal,1.0,19,361,4,20,targets_20_hipc_h5_ideal,C:\Users\lottj\Desktop\research\decentralized benchmark\commitment-horizon-study\scenarios\known_visit_g19_t20_n25.csv,18,2,1,3.7647930903338644,3.7647930903338644,00,00,1,0,True,completed
24,known_visit,HIPC,ideal,1.0,19,361,4,20,targets_20_hipc_h5_ideal,C:\Users\lottj\Desktop\research\decentralized benchmark\commitment-horizon-study\scenarios\known_visit_g19_t20_n25.csv,19,12,3,73.91408259456101,73.91408259456101,00,00,1,0,True,completed
24,known_visit,HIPC,ideal,1.0,19,361,4,20,targets_20_hipc_h5_ideal,C:\Users\lottj\Desktop\research\decentralized benchmark\commitment-horizon-study\scenarios\known_visit_g19_t20_n25.csv,20,8,15,25.607215468394976,25.607215468394976,03,03,1,0,True,completed
